hotel_name,price_euros,rating,num_reviews,quality_over_5,quality_type,neighborhood,description
The Oliver Apartamentos Aravaca,1199.0,8.8,909.0,3.0,squares,"Moncloa-Aravaca, Madrid","Superior Studio
Entire studio • 1 bathroom • 1 kitchen • 30m²
2 beds (1 sofa bed, 1 queen)"
Montaber Apartments - La Paz Market,828.0,7.7,320.0,3.0,squares,"Salamanca, Madrid","One-Bedroom Apartment
Entire apartment • 1 bedroom • 1 living room • 1 bathroom • 1 kitchen • 50m²
2 beds (1 sofa bed, 1 queen)
Only 1 left at this price on our site"
Apartamentos EconoStay Plaza de España,715.0,7.3,77.0,3.0,squares,"Madrid City Center, Madrid","Standard Studio
Entire studio • 1 bathroom
2 beds (1 full, 1 sofa bed)
Only 1 left at this price on our site"
Apartamentos EconoStay Barbieri 1,458.0,6.1,88.0,3.0,squares,"Madrid City Center, Madrid","Standard Studio
Entire studio • 1 bathroom • 18m²
1 full bed
Only 2 left at this price on our site"
Apartamentos EconoStay Fuencarral,477.0,6.4,88.0,3.0,squares,"Madrid City Center, Madrid","Standard Studio
Entire studio • 1 bathroom • 1 kitchen • 15m²
1 full bed
Only 3 left at this price on our site"
Erase un Hotel,920.0,8.4,5775.0,3.0,stars,"Tetuan, Madrid","Double or Twin Room
Beds: 1 double or 2 twins
Free cancellation
No prepayment needed – pay at the property
Only 5 rooms left at this price on our site"
TravelStep General Ricardos,511.0,7.6,161.0,3.0,squares,"Carabanchel, Madrid","Studio with Balcony
Entire studio • 1 bathroom • 18m²
Only 7 left at this price on our site"
T-Homes Salamanca,838.0,9.0,852.0,3.0,squares,"Tetuan, Madrid","Standard Apartment
Entire apartment • 1 bedroom • 1 bathroom • 1 kitchen • 25m²
1 full bed
Free cancellation"
Beautiful duplex in the center,848.0,9.0,1.0,,,"Madrid City Center, Madrid","One-Bedroom Apartment
1 queen bed
Free cancellation"
Room Plaza España,871.0,8.6,1818.0,3.0,squares,"Madrid City Center, Madrid","Double Room
1 full bed
Only 5 rooms left at this price on our site"
Live it Madrid Gran Vía,526.0,6.9,698.0,,,"Madrid City Center, Madrid","Standard Double Room with Shared Bathroom
1 full bed"
Gran Versalles,1113.0,8.6,7120.0,4.0,stars,"Chamberi, Madrid","Double or Twin Room
Beds: 1 double or 2 twins
Free cancellation"
4Torres Homes - Sofía,751.0,8.5,58.0,3.0,squares,"Fuencarral-El Pardo, Madrid","One-Bedroom Apartment
Entire apartment • 1 bedroom • 1 living room • 1 bathroom • 1 kitchen • 35m²
2 beds (1 full, 1 sofa bed)
Free cancellation"
Castilla Luz Deco,797.0,8.6,20.0,3.0,squares,"Tetuan, Madrid","Superior One-Bedroom Apartment
Entire apartment • 1 bedroom • 1 living room • 1 bathroom • 1 kitchen • 50m²
3 beds (2 twins, 1 sofa bed)
Only 1 left at this price on our site"
Apartamentos Recoletos,945.0,7.6,7167.0,3.0,stars,"Salamanca, Madrid","Double or Twin Room
Beds: 1 double or 2 twins
Only 3 rooms left at this price on our site"
Apartamentos SmartRenting Justicia,486.0,6.6,75.0,3.0,squares,"Madrid City Center, Madrid","Standard Studio
Entire studio • 1 bathroom • 1 kitchen • 13m²
1 full bed
Only 2 left at this price on our site"
#10OCA6 - Apartamento en Vista Alegre,601.0,6.9,22.0,3.0,squares,"Carabanchel, Madrid","Two-Bedroom Apartment
Entire apartment • 2 bedrooms • 1 living room • 1 bathroom • 50m²
3 beds (1 twin, 1 full, 1 sofa bed)
Free cancellation"
Hostal Don Alfonso,1071.0,8.8,1451.0,2.0,stars,"Madrid City Center, Madrid","Double Room
1 full bed
Free cancellation
No prepayment needed – pay at the property
Only 1 room left at this price on our site"
Hostal Abel Victoriano,732.0,7.8,3175.0,,,"Madrid City Center, Madrid","Double Room with Shared Bathroom
1 full bed
Free cancellation
No prepayment needed – pay at the property
Only 1 room left at this price on our site"
I'M Room Suites Nuevos Ministerios - Bernabeu 'Digital Access',1007.0,9.0,798.0,4.0,stars,"Tetuan, Madrid","Double Room with Private Bathroom
1 full bed
Free cancellation
Only 2 rooms left at this price on our site"
Comfortable studio in Barrio Salamanca - Bejar,843.0,8.6,15.0,,,"Salamanca, Madrid","One-Bedroom Apartment
2 beds (1 full, 1 sofa bed)
Free cancellation"
Estudio RetiroIbiza II,963.0,8.2,18.0,3.0,squares,"Retiro, Madrid","Apartment
Entire apartment • 1 bedroom • 1 bathroom • 1 kitchen • 30m²
1 full bed
Free cancellation"
BHost - Ferraz 74,1157.0,8.2,289.0,3.0,squares,"Moncloa-Aravaca, Madrid","One-Bedroom Apartment
Entire apartment • 1 bedroom • 1 bathroom • 1 kitchen • 40m²
1 full bed
Only 1 left at this price on our site"
Gran Central Suites,1112.0,8.0,3248.0,3.0,squares,"Madrid City Center, Madrid","One-Bedroom Family Apartment
Entire apartment • 1 bedroom • 1 living room • 1 bathroom • 1 kitchen • 28m²
2 beds (1 full, 1 sofa bed)
Free cancellation
Only 5 left at this price on our site"
Plaza Mayor Suites & Apartments,1380.0,8.9,3763.0,3.0,squares,"Madrid City Center, Madrid","Apartment
Entire apartment • 1 bedroom • 1 bathroom • 1 kitchen • 25m²
1 full bed
Free cancellation
Only 2 left at this price on our site"
ATICO CON TERRAZA - cerca a MADRID RIO,795.0,9.3,6.0,3.0,squares,"Usera, Madrid","One-Bedroom Apartment
1 full bed
Free cancellation"
Apartment Tirso Molina,1059.0,9.1,157.0,3.0,squares,"Madrid City Center, Madrid","One-Bedroom Apartment
Entire apartment • 1 bedroom • 1 living room • 1 bathroom • 1 kitchen • 45m²
2 beds (1 full, 1 sofa bed)
Free cancellation
Only 1 left at this price on our site"
Hostal Centro Sol Madrid,847.0,8.8,2041.0,3.0,squares,"Madrid City Center, Madrid","Double or Twin Room
Beds: 1 double or 2 twins
Free cancellation"
Estudio RetiroIbiza I,963.0,7.7,29.0,3.0,squares,"Retiro, Madrid","King Studio with Sofa Bed
Entire studio • 1 bathroom • 1 kitchen • 30m²
1 full bed
Free cancellation"
Elba Madrid Alcalá,1310.0,8.9,8241.0,4.0,stars,"San Blas, Madrid","Superior Double Room
Beds: 1 double or 2 twins
Free cancellation
No prepayment needed – pay at the property
Only 6 rooms left at this price on our site"
Nice studio in Madrid LEY2,656.0,9.2,10.0,,,"Carabanchel, Madrid","One-Bedroom Apartment
1 full bed
Free cancellation"
Alianza Suites,722.0,9.2,830.0,3.0,squares,"Villaverde, Madrid","Studio with Sofa Bed
Entire studio • 1 bathroom • 1 kitchen • 29m²
3 beds (2 twins, 1 sofa bed)
Free cancellation
Only 1 left at this price on our site"
SUITES YOU Zinc,930.0,7.9,526.0,3.0,squares,"Madrid City Center, Madrid","Standard Studio (2 Adults)
Entire studio • 1 bathroom • 1 kitchen • 25m²
2 twin beds
Only 1 left at this price on our site"
Feelathome Ventas Suites,1028.0,8.9,1158.0,3.0,squares,"Salamanca, Madrid","Studio - Ground Floor
Entire studio • 1 bathroom • 1 kitchen • 20m²
1 queen bed
Only 1 left at this price on our site"
Madrid Marriott Auditorium Hotel & Conference Center,1327.0,8.8,5422.0,4.0,stars,"San Blas, Madrid","Premium King Room
1 king bed
Free cancellation
No prepayment needed – pay at the property"
Violeta Suite,862.0,8.9,24.0,3.0,squares,"Latina, Madrid","Two-Bedroom Apartment
Entire apartment • 2 bedrooms • 1 living room • 1 bathroom • 1 kitchen • 95m²
5 beds (4 twins, 1 sofa bed)
Free cancellation"
T-Homes - Cuenca,838.0,9.1,1072.0,3.0,squares,"Tetuan, Madrid","Studio
Entire studio • 1 bathroom • 25m²
1 full bed
Free cancellation"
Ilunion Alcalá Norte,1053.0,8.9,14927.0,4.0,stars,"San Blas, Madrid","Double or Twin Room
Multiple bed types
Free cancellation"
One Shot Fortuny,1437.0,8.2,1475.0,4.0,stars,"Chamberi, Madrid","Standard Double or Twin Room
Beds: 1 double or 2 twins
Free cancellation"
Dobo Homes - PA4,694.0,7.9,121.0,3.0,squares,"Chamartín, Madrid","One-Bedroom Apartment
Entire apartment • 1 bedroom • 1 living room • 1 bathroom
1 full bed
Free cancellation
Only 2 left at this price on our site"
Cuatro Caminos Apartment,915.0,9.3,32.0,3.0,squares,"Tetuan, Madrid","One-Bedroom Apartment
2 beds (1 full, 1 sofa bed)
Free cancellation"
Apartamentos Fuencarral II,1094.0,9.1,635.0,3.0,squares,"Madrid City Center, Madrid","One-Bedroom Apartment
Entire apartment • 1 bedroom • 1 living room • 1 bathroom • 1 kitchen • 35m²
3 beds (1 twin, 1 full, 1 sofa bed)
Free cancellation
Only 1 left at this price on our site"
Hotel Princesa Plaza Madrid,1522.0,8.2,10382.0,4.0,stars,"Madrid City Center, Madrid","Superior Twin Room
2 twin beds
Free cancellation"
Feelathome Waldorf Suites Apartments,1090.0,9.0,1057.0,4.0,squares,"Chamberi, Madrid","One-Bedroom Apartment
Entire apartment • 1 bedroom • 1 living room • 1 bathroom • 1 kitchen • 50m²
1 full bed"
Hotel Santo Domingo,1362.0,7.6,5417.0,4.0,stars,"Madrid City Center, Madrid","Small Double Room
1 full bed
Free cancellation"
Room Gran Vía Apartments,872.0,8.0,719.0,3.0,squares,"Madrid City Center, Madrid","Queen Studio
Entire studio • 1 bathroom • 1 kitchen • 15m²
1 full bed
Only 1 left at this price on our site"
Home Art Apartments Salamanca,1195.0,8.3,1400.0,3.0,squares,"Salamanca, Madrid","Studio Apartment
Entire studio • 1 bathroom • 1 kitchen • 27m²
1 queen bed
Free cancellation
Only 4 left at this price on our site"
Casa Cobo Exclusivo Alojamiento en Madrid,842.0,7.9,84.0,3.0,squares,"Latina, Madrid","Superior Apartment
Entire apartment • 2 bedrooms • 1 living room • 1 bathroom • 1 kitchen • 50m²
5 beds (4 twins, 1 sofa bed)
Free cancellation
Only 1 left at this price on our site"
Apartamentos Adelfas,799.0,7.5,257.0,3.0,squares,"Retiro, Madrid","One-Bedroom Apartment
Entire apartment • 1 bedroom • 1 living room • 1 bathroom • 1 kitchen • 45m²
2 beds (1 full, 1 sofa bed)
Only 1 left at this price on our site"
Hostal Silserranos,1180.0,8.8,3668.0,2.0,stars,"Madrid City Center, Madrid","Family Room
Multiple bed types
Free cancellation
Only 1 room left at this price on our site"
Cozy studio in Tetuan - En 1/7,955.0,8.8,14.0,,,"Tetuan, Madrid","One-Bedroom Apartment
Entire apartment • 1 bedroom • 1 bathroom
1 full bed
Free cancellation"
Catalonia Puerta del Sol,1760.0,8.9,2852.0,4.0,stars,"Madrid City Center, Madrid","Double or Twin Room
Beds: 1 double or 2 twins
Free cancellation
No prepayment needed – pay at the property"
Agora Juan de Austria,1295.0,8.4,3960.0,4.0,stars,"Chamberi, Madrid","Double Room
1 full bed
Free cancellation"
Moncloa room apartments,822.0,8.2,856.0,3.0,squares,"Chamberi, Madrid","Studio Apartment
Entire apartment • 1 bedroom • 1 bathroom • 1 kitchen • 20m²
1 full bed
Only 2 left at this price on our site"
LA CANTUEÑA,390.0,7.7,1130.0,3.0,stars,Madrid,"Double or Twin Room
2 twin beds
Only 2 rooms left at this price on our site"
Espahotel Plaza de España,1069.0,7.8,3649.0,3.0,stars,"Madrid City Center, Madrid","Standard Studio
Entire studio • 1 bathroom • 1 kitchen • 30m²
Beds: 1 double or 2 twins
Free cancellation"
Feelathome Castilla Apartments,1042.0,9.2,427.0,4.0,squares,"Tetuan, Madrid","One-Bedroom Apartment
Entire apartment • 1 bedroom • 1 living room • 1 bathroom • 1 kitchen • 55m²
2 beds (1 sofa bed, 1 queen)
Only 4 left at this price on our site"
Hotel Nido Príncipe Pío,1197.0,7.6,29.0,3.0,stars,"Moncloa-Aravaca, Madrid","Studio Apartment
Entire studio • 1 bathroom • 20m²
1 king bed
Breakfast included"
FR85 Apartment,976.0,8.6,90.0,3.0,squares,"Chamberi, Madrid","One-Bedroom Apartment
Entire apartment • 1 bedroom • 1 living room • 1 bathroom
1 full bed
Free cancellation
Only 1 left at this price on our site"
Catalonia Atocha,1870.0,8.8,6005.0,4.0,stars,"Madrid City Center, Madrid","Twin Room with View
Beds: 1 double or 2 twins
Free cancellation
No prepayment needed – pay at the property"
ITC Mora by Soho Boutique,1311.0,7.8,4658.0,2.0,stars,"Madrid City Center, Madrid","Twin Room
Beds: 1 double or 2 twins
Free cancellation
Only 2 rooms left at this price on our site"
"Hotel Madrid Chamartín, Affiliated by Meliá",1279.0,8.2,7233.0,3.0,stars,"Chamartín, Madrid","Double or Twin Room
Beds: 1 double or 2 twins
Breakfast included
Free cancellation
No prepayment needed – pay at the property"
Apartamentos Apolo,1286.0,8.7,1653.0,3.0,squares,"Madrid City Center, Madrid","Deluxe Studio
Entire studio • 1 bathroom • 16m²
Beds: 1 double or 2 twins
Free cancellation
Only 1 left at this price on our site"
Tribu Malasaña,1271.0,9.0,1194.0,4.0,squares,"Madrid City Center, Madrid","Superior Deluxe Double or Twin Room
Beds: 1 double or 2 twins"
Atico Preciados,1016.0,8.2,75.0,3.0,squares,"Madrid City Center, Madrid","Apartment
Entire apartment • 1 bedroom • 1 living room • 1 bathroom • 1 kitchen • 45m²
1 full bed"
Pensión Numancia,699.0,9.0,756.0,1.0,stars,"Chamberi, Madrid","Double or Twin Room with Shared Bathroom
Beds: 1 double or 2 twins
Only 1 room left at this price on our site"
Hotel Madrid Río,809.0,7.3,8746.0,2.0,stars,"Usera, Madrid","Double Room with Balcony
1 full bed
Free cancellation
Only 1 room left at this price on our site"
1 bedroom 1 bathroom furnished - Justicia - Cozy - MintyStay,916.0,8.3,32.0,3.0,squares,"Madrid City Center, Madrid","Studio Apartment
Entire apartment • 1 bedroom • 1 bathroom • 1 kitchen • 40m²
1 king bed
Free cancellation"
Espahotel Plaza Basílica,1266.0,8.5,1398.0,3.0,stars,"Tetuan, Madrid","Studio (2 Adults)
Entire studio • 1 bathroom • 1 kitchen • 20m²
1 full bed
Free cancellation"
Precioso estudio en Lavapies Salitre,739.0,7.6,10.0,,,"Madrid City Center, Madrid","One-Bedroom Apartment
1 full bed
Free cancellation
Only 1 left at this price on our site"
UMusic Hotel Madrid,2035.0,8.8,3184.0,5.0,stars,"Madrid City Center, Madrid","Deluxe City View
1 queen bed
Free cancellation"
The clock,752.0,8.3,58.0,3.0,squares,"Madrid City Center, Madrid","Studio
Entire studio • 1 bathroom • 30m²
1 full bed"
Aparto-Hotel Rosales,1587.0,8.9,4212.0,3.0,stars,"Moncloa-Aravaca, Madrid","Apartment
Entire apartment • 1 bedroom • 1 living room • 1 bathroom • 1 kitchen • 55m²
3 beds (2 twins, 1 sofa bed)
Free cancellation
Only 1 left at this price on our site"
Hostal Sun Gate,1301.0,9.1,445.0,2.0,stars,"Madrid City Center, Madrid","Double Room
1 full bed
Free cancellation
Only 1 room left at this price on our site"
Dobo Homes - VN17,688.0,8.0,70.0,3.0,squares,"Ciudad Lineal, Madrid","Studio
Entire studio • 1 bathroom • 14m²
1 full bed
Free cancellation
Only 2 left at this price on our site"
Precioso apartamento céntrico en Madrid con posibilidad de Parking,880.0,9.1,50.0,4.0,squares,"Arganzuela, Madrid","One-Bedroom Apartment
1 queen bed
Free cancellation"
Dobo Homes - HOR7,825.0,8.7,255.0,3.0,squares,"Chamartín, Madrid","Studio
Entire studio • 1 bathroom • 1 kitchen • 21m²
1 full bed
Free cancellation
Only 2 left at this price on our site"
Catalonia El Retiro,1163.0,8.9,2960.0,4.0,stars,"Retiro, Madrid","Standard Double or Twin Room
Beds: 1 double or 2 twins"
BYPILLOW Velázquez 45,1448.0,8.6,4362.0,3.0,stars,"Salamanca, Madrid","Double Room
1 full bed
Free cancellation"
JC Rooms Santo Domingo,1056.0,7.9,4166.0,3.0,stars,"Madrid City Center, Madrid","Executive Double or Twin Room
Beds: 1 double or 2 twins
Only 7 rooms left at this price on our site"
Apartamento con terraza y vistas AlcaláRetiro,1306.0,8.1,12.0,3.0,squares,"Salamanca, Madrid","Apartment
Entire apartment • 1 bedroom • 1 bathroom • 1 kitchen • 45m²
2 twin beds
Free cancellation"
Hostal PETITE MAMAN,782.0,7.6,2600.0,3.0,stars,"Madrid City Center, Madrid","Standard Double Room
1 full bed
Only 1 room left at this price on our site"
Hostal Manuela by Gaiarooms,1001.0,7.6,3224.0,2.0,stars,"Madrid City Center, Madrid","Budget Double Room
1 full bed
Free cancellation
Only 1 room left at this price on our site"
Dormirdcine,1230.0,8.7,2620.0,4.0,stars,"Salamanca, Madrid","Double or Twin Room
Beds: 1 double or 2 twins"
Apartosuites Jardines de Sabatini,1373.0,9.1,2431.0,4.0,squares,"Moncloa-Aravaca, Madrid","Double or Twin Studio
Entire studio • 1 bathroom • 1 kitchen • 32m²
Beds: 1 double or 2 twins
Only 2 left at this price on our site"
Exe Moncloa,1355.0,8.3,5326.0,4.0,stars,"Chamberi, Madrid","Double or Twin Room
Beds: 1 double or 2 twins
Only 1 room left at this price on our site"
Olavide en Madrid,1184.0,8.3,436.0,4.0,squares,"Chamberi, Madrid","One-Bedroom Apartment II
Entire apartment • 1 bedroom • 1 living room • 1 bathroom • 1 kitchen • 50m²
2 beds (1 full, 1 sofa bed)
Only 3 left at this price on our site"
Cozy Blue Apartment,1153.0,9.2,107.0,3.0,squares,"Madrid City Center, Madrid","Two-Bedroom Apartment
Entire apartment • 2 bedrooms • 1 living room • 1 bathroom • 50m²
3 beds (1 twin, 1 full, 1 sofa bed)
Only 1 left at this price on our site"
AC Hotel Carlton Madrid by Marriott,1525.0,8.8,1147.0,4.0,stars,"Arganzuela, Madrid","Standard Twin Room
2 twin beds
Free cancellation
No prepayment needed – pay at the property
Only 2 rooms left at this price on our site"
Eco Via Lusitana,812.0,8.2,3825.0,3.0,stars,"Carabanchel, Madrid","Twin Room
2 twin beds"
4C Bravo Murillo,840.0,8.2,5764.0,2.0,stars,"Tetuan, Madrid","Twin Room
2 twin beds
Free cancellation
Only 3 rooms left at this price on our site"
Victor Apartments Plaza España,1169.0,9.1,28.0,4.0,squares,"Madrid City Center, Madrid","One-Bedroom Apartment
Entire apartment • 1 bedroom • 1 bathroom • 1 kitchen • 38m²
1 full bed"
Hostal María Luisa,745.0,8.0,1898.0,2.0,stars,"Madrid City Center, Madrid","Double or Twin Room
Beds: 1 double or 2 twins
Only 3 rooms left at this price on our site"
SUITES YOU Soho,845.0,7.5,1353.0,3.0,squares,"Madrid City Center, Madrid","Double Room
1 full bed
Only 1 room left at this price on our site"
Cozy studio in Tetuan - EN 1/8,970.0,8.4,17.0,,,"Tetuan, Madrid","Studio Apartment
Entire apartment • 1 bedroom • 1 bathroom
1 full bed
Free cancellation"
Agradable estudio 3 Personas / 2 camas en Gran Vía,890.0,7.9,16.0,3.0,squares,"Madrid City Center, Madrid","One-Bedroom Apartment
Entire apartment • 1 bedroom • 1 bathroom • 19m²
2 beds (1 bunk bed, 1 sofa bed)
Free cancellation"
Sercotel Togumar,1311.0,8.4,3094.0,3.0,stars,"Chamartín, Madrid","Standard Apartment
Entire apartment • 1 bedroom • 1 living room • 1 bathroom • 1 kitchen • 25m²
2 twin beds
Free cancellation
Only 1 left at this price on our site"
Chueca Modern Apartment,1400.0,8.9,141.0,3.0,squares,"Madrid City Center, Madrid","One-Bedroom Apartment
Entire apartment • 1 bedroom • 1 living room • 1 bathroom • 1 kitchen • 60m²
2 beds (1 full, 1 sofa bed)
Free cancellation
Only 1 left at this price on our site"
Apartamento céntrico en chueca,733.0,6.9,48.0,3.0,squares,"Madrid City Center, Madrid","One-Bedroom Apartment
Entire apartment • 1 bedroom • 1 living room • 1 bathroom • 1 kitchen • 40m²
2 beds (1 full, 1 sofa bed)
Free cancellation"
AngelitoMAD,994.0,7.2,572.0,3.0,squares,"Moncloa-Aravaca, Madrid","Double Room
1 full bed
Free cancellation
Only 1 room left at this price on our site"
Loft en Centro de Madrid,707.0,7.1,15.0,3.0,squares,"Madrid City Center, Madrid","One-Bedroom Apartment
1 full bed"
HOMEABOUT MADRID RÍO APARTMENT,665.0,6.7,60.0,,,"Latina, Madrid","One-Bedroom Apartment
Entire apartment • 1 bedroom • 1 bathroom
1 full bed
Free cancellation
Only 1 left at this price on our site"
Apartamentos Villablino Arturo Soria,1099.0,7.8,186.0,4.0,squares,"Ciudad Lineal, Madrid","Two-Bedroom Apartment
Entire apartment • 2 bedrooms • 1 living room • 2 bathrooms • 1 kitchen • 80m²
4 beds (2 twins, 1 full, 1 sofa bed)
Only 1 left at this price on our site"
Petit Palace Cliper-Gran Vía,1499.0,8.2,4092.0,3.0,stars,"Madrid City Center, Madrid","Small Double Room (1-2 Adults)
1 full bed
Free cancellation
No prepayment needed – pay at the property
Only 2 rooms left at this price on our site"
Catalonia Gran Vía Madrid,1900.0,8.7,6806.0,4.0,stars,"Madrid City Center, Madrid","Double or Twin Room
Beds: 1 double or 2 twins
Free cancellation
No prepayment needed – pay at the property"
Petit Palace Triball,1562.0,8.7,2993.0,3.0,stars,"Madrid City Center, Madrid","Double or Twin Room
Beds: 1 double or 2 twins
Free cancellation"
Catalonia Goya,1870.0,8.9,2532.0,4.0,stars,"Salamanca, Madrid","Double or Twin Room
Beds: 1 double or 2 twins
Free cancellation
No prepayment needed – pay at the property
Only 5 rooms left at this price on our site"
Vintage Apartment near Puerta del Sol,1300.0,8.5,48.0,3.0,squares,"Madrid City Center, Madrid","One-Bedroom Apartment
Entire apartment • 1 bedroom • 1 living room • 1 bathroom • 1 kitchen • 55m²
2 beds (1 full, 1 sofa bed)
Free cancellation"
Petit Palace Plaza del Carmen,1548.0,8.5,2372.0,4.0,stars,"Madrid City Center, Madrid","Small Double Room
1 full bed
Free cancellation
Only 3 rooms left at this price on our site"
Motel One Madrid-Plaza de España,1373.0,8.8,3295.0,4.0,stars,"Moncloa-Aravaca, Madrid","Standard Twin Room
2 twin beds
Only 1 room left at this price on our site"
Hotel BESTPRICE Alcalá,778.0,9.1,7775.0,1.0,stars,"San Blas, Madrid","Deluxe Double or Twin Room
Multiple bed types
Only 3 rooms left at this price on our site"
Vázquez de Mella Gran Vía,926.0,8.2,2263.0,2.0,stars,"Madrid City Center, Madrid","Double or Twin Room
Beds: 1 double or 2 twins"
Porcel Torre Garden,827.0,8.5,2917.0,3.0,stars,"Ciudad Lineal, Madrid","Double or Twin Room
Beds: 1 double or 2 twins
Only 3 rooms left at this price on our site"
Room Mate Alba,1512.0,9.1,3315.0,4.0,stars,"Madrid City Center, Madrid","Double Room
Multiple bed types"
BYPILLOW Crosstown,1367.0,8.7,3490.0,3.0,stars,"Madrid City Center, Madrid","Double Room
1 queen bed"
Cozy studio (14m2) in Arturo Soria area D3,633.0,7.7,11.0,3.0,squares,"Ciudad Lineal, Madrid","One-Bedroom Apartment
Entire apartment • 1 bedroom • 1 bathroom • 1 kitchen • 14m²
1 sofa bed
Free cancellation
Only 1 left at this price on our site"
Room Canalejas,1381.0,8.4,518.0,3.0,squares,"Madrid City Center, Madrid","Apartment with Terrace
Entire apartment • 1 bedroom • 1 living room • 1 bathroom • 1 kitchen • 50m²
2 beds (1 full, 1 sofa bed)
Only 1 left at this price on our site"
Petit Palace Plaza España,1617.0,8.0,3624.0,4.0,stars,"Madrid City Center, Madrid","Double or Twin Room (1-2 Adults)
Beds: 1 double or 2 twins
Free cancellation"
Hostal La Casa de La Plaza,714.0,7.2,2281.0,1.0,stars,"Madrid City Center, Madrid","Double Room with Shared Bathroom
1 full bed
Free cancellation
Only 1 room left at this price on our site"
Funway Academic Resort,993.0,7.6,2022.0,3.0,squares,"Tetuan, Madrid","Double Room with Terrace
1 full bed
Free cancellation
Only 1 room left at this price on our site"
Exe Plaza,1275.0,8.7,6185.0,4.0,stars,"Tetuan, Madrid","Double or Twin Room
Beds: 1 double or 2 twins"
La Estación de Atocha,973.0,7.6,38.0,3.0,squares,"Arganzuela, Madrid","Apartment
Entire apartment • 1 bedroom • 1 living room • 1 bathroom • 1 kitchen • 60m²
3 beds (1 full, 2 sofa beds)
Free cancellation
Only 1 left at this price on our site"
Hostal Jemasaca-Palma61,768.0,6.9,2528.0,3.0,squares,"Madrid City Center, Madrid","Double Room
1 full bed"
Apartamentos Cava Baja,1424.0,9.1,819.0,4.0,squares,"Madrid City Center, Madrid","Deluxe Apartment
Entire apartment • 1 bedroom • 1 living room • 1 bathroom • 1 kitchen • 38m²
2 beds (1 sofa bed, 1 queen)
Free cancellation
Only 1 left at this price on our site"
Ilunion Atrium,1229.0,8.5,8949.0,4.0,stars,"Ciudad Lineal, Madrid","Double or Twin Room
Multiple bed types
Free cancellation"
Precioso apartamento en el Barrio Salamanca P A D,1099.0,8.2,15.0,3.0,squares,"Salamanca, Madrid","One-Bedroom Apartment
1 full bed
Free cancellation"
Claridge Madrid,1480.0,8.7,3756.0,4.0,stars,"Retiro, Madrid","Double or Twin Room
Beds: 1 double or 2 twins
Free cancellation"
Precioso loft cerca de Retiro LAG2,1070.0,7.5,24.0,3.0,squares,"Retiro, Madrid","One-Bedroom Apartment
Entire apartment • 1 bedroom • 1 living room • 2 bathrooms • 1 kitchen • 60m²
2 beds (1 full, 1 sofa bed)
Free cancellation"
Elegant apartment in Austrias neighborhood CON10,1089.0,10.0,5.0,,,"Madrid City Center, Madrid","One-Bedroom Apartment
1 king bed
Free cancellation"
Hotel Regina,2069.0,9.3,7058.0,4.0,stars,"Madrid City Center, Madrid","Double Room
Breakfast included
Free cancellation"
Hostal Lauria,1219.0,9.2,4278.0,2.0,stars,"Madrid City Center, Madrid","Double Room
1 full bed
Only 2 rooms left at this price on our site"
Apartamentos con encanto en La Latina,1385.0,7.1,1408.0,3.0,squares,"Madrid City Center, Madrid","Family Studio
2 beds (1 full, 1 sofa bed)
Free cancellation
Only 2 rooms left at this price on our site"
Hotel Julia,851.0,8.4,2148.0,2.0,stars,"San Blas, Madrid","Double Room
1 full bed
Only 1 room left at this price on our site"
SabiaNatura - boutiqueMadrid,970.0,7.8,1966.0,,,"Madrid City Center, Madrid","Economy Double Room
1 queen bed
Only 1 room left at this price on our site"
Hostal Adis,1295.0,8.4,2528.0,3.0,squares,"Madrid City Center, Madrid","Interior Double Room
1 full bed
Free cancellation
Only 2 rooms left at this price on our site"
Cozy and modern apartment for 4 in Madrid,826.0,6.5,37.0,3.0,squares,"Arganzuela, Madrid","Apartment
2 beds (1 full, 1 sofa bed)
Free cancellation
Only 1 left at this price on our site"
Hostal Condestable,569.0,7.4,1964.0,2.0,stars,"Madrid City Center, Madrid","Double Room with Shared Bathroom
1 full bed
Only 3 rooms left at this price on our site"
Abada Lofts - Darya Living,1413.0,8.5,43.0,3.0,squares,"Madrid City Center, Madrid","One-Bedroom Apartment
Entire apartment • 1 bedroom • 1 living room • 2 bathrooms • 1 kitchen • 55m²
2 beds (1 full, 1 sofa bed)
Free cancellation
Only 1 left at this price on our site"
Apartamento en Madrid,1174.0,7.9,90.0,3.0,squares,"Madrid City Center, Madrid","Deluxe Studio
Entire studio • 1 bathroom • 1 kitchen • 40m²
2 beds (1 full, 1 sofa bed)
Free cancellation
Only 4 left at this price on our site"
JC Rooms Chueca,1106.0,8.2,3111.0,3.0,stars,"Madrid City Center, Madrid","Deluxe Double or Twin Room
Beds: 1 double or 2 twins"
Riu Plaza España,2183.0,9.0,23487.0,4.0,stars,"Madrid City Center, Madrid","Deluxe Twin
2 twin beds
Breakfast included
Free cancellation
No prepayment needed – pay at the property"
Urban La Latina,1123.0,7.6,58.0,3.0,squares,"Madrid City Center, Madrid","One-Bedroom Apartment
Entire apartment • 1 bedroom • 1 living room • 1 bathroom • 1 kitchen • 40m²
2 beds (1 full, 1 sofa bed)
Free cancellation
Only 1 left at this price on our site"
Hostal El Brezo,755.0,7.7,712.0,3.0,squares,"Moncloa-Aravaca, Madrid","Double Room with City View
1 full bed
Only 1 room left at this price on our site"
Charming Gran Vía V - Largas Estancias,1066.0,7.0,15.0,3.0,squares,"Madrid City Center, Madrid","One-Bedroom Apartment
Entire apartment • 1 bedroom • 1 living room • 1 bathroom • 1 kitchen • 40m²
2 beds (1 full, 1 sofa bed)
Free cancellation"
"Holiday Inn Express - Madrid - Airport, an IHG Hotel",857.0,8.8,5035.0,3.0,stars,"San Blas, Madrid","Standard Queen Room
1 queen bed
Breakfast included"
Dobo Homes - CR33,867.0,8.3,78.0,3.0,squares,"Chamartín, Madrid","One-Bedroom Apartment
Entire apartment • 1 bedroom • 1 living room • 1 bathroom • 25m²
1 full bed
Free cancellation
Only 1 left at this price on our site"
Petit Palace Plaza Mayor,1498.0,8.3,3718.0,4.0,stars,"Madrid City Center, Madrid","Small Double Room
1 full bed
Only 2 rooms left at this price on our site"
Hospedium Hotel Los Condes,1293.0,8.5,4637.0,3.0,stars,"Madrid City Center, Madrid","Double or Twin Room
Beds: 1 double or 2 twins
Free cancellation"
Porcel Ganivet,1154.0,8.8,4345.0,3.0,stars,"Madrid City Center, Madrid","Double or Twin Room
2 twin beds
Only 5 rooms left at this price on our site"
Petit Palace Arturo Soria Alcalá,1199.0,8.7,2396.0,4.0,stars,"Ciudad Lineal, Madrid","Double or Twin Room (1-2 Adults)
Beds: 1 double or 2 twins
Breakfast included"
Estudios Arturo Soria by Rent Me,829.0,7.7,32.0,,,"Ciudad Lineal, Madrid","Studio
Entire studio • 1 bathroom
1 full bed
Only 2 left at this price on our site"
Roisa Hostal Boutique,1081.0,8.0,4333.0,3.0,squares,"Chamartín, Madrid","Economy Double Room
1 full bed
Only 2 rooms left at this price on our site"
Studio located in Puerta de Alcala - 2,1095.0,8.1,8.0,,,"Salamanca, Madrid","One-Bedroom Apartment
1 full bed
Free cancellation"
Hostal Victoria II,898.0,8.1,5302.0,2.0,stars,"Madrid City Center, Madrid","Double Room with Balcony
2 twin beds
Only 2 rooms left at this price on our site"
Hostal Abadia Madrid,1040.0,8.6,7631.0,3.0,stars,"Madrid City Center, Madrid","Double Room
1 full bed"
Madrid Rio Puente Segovia,887.0,8.3,3.0,3.0,squares,"Latina, Madrid","One-Bedroom Apartment
Entire apartment • 1 bedroom • 1 living room • 1 bathroom • 1 kitchen • 25m²
2 beds (1 sofa bed, 1 queen)
Free cancellation"
Hotel Avenida Gran Vía,1378.0,8.1,717.0,3.0,stars,"Madrid City Center, Madrid","Double or Twin Room (1-2 Adults)
Beds: 1 double or 2 twins
Free cancellation
Only 2 rooms left at this price on our site"
Elegant apartment close to Royal Palace - Arriaza,1089.0,8.0,2.0,,,"Moncloa-Aravaca, Madrid","One-Bedroom Apartment
1 full bed
Free cancellation"
Far Home Bernabeu,780.0,8.5,3507.0,,,"Tetuan, Madrid","Double Room with Shared Bathroom
Beds: 1 double or 2 twins
Only 2 rooms left at this price on our site"
"Great design, new & calm apartment in Malasaña",912.0,8.2,5.0,3.0,squares,"Madrid City Center, Madrid","One-Bedroom Apartment
1 full bed
Free cancellation"
Cozy studio in Madrid LEY4,775.0,8.3,3.0,,,"Carabanchel, Madrid","One-Bedroom Apartment
Entire apartment • 1 bedroom • 1 bathroom
1 full bed
Free cancellation"
Avani Alonso Martinez Madrid hotel -previously NH Alonso Martinez,1523.0,8.6,1504.0,4.0,stars,"Chamberi, Madrid","Avani Room
Beds: 1 double or 2 twins"
Salomé,1114.0,8.9,3035.0,,,"Madrid City Center, Madrid","Twin Room
2 twin beds
Free cancellation
No prepayment needed – pay at the property
Only 2 rooms left at this price on our site"
Hostal New Life Madrid,762.0,7.5,614.0,,,"Madrid City Center, Madrid","Double Room with Shared Bathroom
1 full bed
Only 1 room left at this price on our site"
APARTAMENTOS SAN ANDRES,1033.0,7.8,1046.0,3.0,squares,"Madrid City Center, Madrid","One-Bedroom Apartment
Entire apartment • 1 bedroom • 1 living room • 1 bathroom
2 beds (1 full, 1 sofa bed)
Only 1 left at this price on our site"
Oasis ii: lujo a pasos del prado,1183.0,7.7,26.0,3.0,squares,"Madrid City Center, Madrid","One-Bedroom Apartment
Entire apartment • 1 bedroom • 1 living room • 1 bathroom • 1 kitchen • 40m²
2 beds (1 full, 1 sofa bed)"
Modern Cozy - 1Bedroom 1Bathroom - Lavapies,986.0,8.4,9.0,,,"Madrid City Center, Madrid","One-Bedroom Apartment
Entire apartment • 1 bathroom • 1 kitchen • 40m²
Free cancellation"
Oshun Madrid Norte,946.0,7.7,705.0,3.0,squares,"Hortaleza, Madrid","Superior Apartment with Terrace
Entire apartment • 1 bedroom • 1 living room • 1 bathroom • 1 kitchen • 90m²
5 beds (3 twins, 1 full, 1 sofa bed)
Free cancellation
Only 1 left at this price on our site"
Suite Estudio en Bravo Murillo,929.0,7.5,2.0,3.0,squares,"Tetuan, Madrid","One-Bedroom Apartment
2 twin beds
Free cancellation"
Soho Boutique Opera,1558.0,8.3,3209.0,4.0,stars,"Madrid City Center, Madrid","Double or Twin Room
Multiple bed types
Free cancellation
Only 3 rooms left at this price on our site"
Oshun Sanchinarro,730.0,7.7,372.0,3.0,squares,"Hortaleza, Madrid","Suite
Private suite • 1 bedroom • 1 living room • 1 bathroom • 25m²
1 full bed
Only 1 left at this price on our site"
Vincci Soma,1956.0,8.2,6172.0,4.0,stars,"Salamanca, Madrid","Double or Twin Room (1-2 Adults)
Beds: 1 double or 2 twins
Free cancellation"
Apartamento IV AlcaláRetiro Ideal Parejas,1225.0,8.4,19.0,3.0,squares,"Salamanca, Madrid","Apartment
Entire apartment • 1 bedroom • 1 bathroom • 1 kitchen • 35m²
2 twin beds
Free cancellation"
H-A Aparthotel Hotel Quo,1194.0,8.2,2960.0,3.0,squares,"Salamanca, Madrid","One-Bedroom Apartment
Entire apartment • 1 bedroom • 1 living room • 1 bathroom • 1 kitchen • 40m²
1 full bed
Free cancellation
Only 1 left at this price on our site"
Lofts Reformados en el Bernabéu,894.0,7.3,139.0,3.0,squares,"Tetuan, Madrid","Standard Apartment
Entire apartment • 1 bedroom • 1 living room • 1 bathroom • 1 kitchen • 45m²
2 beds (1 full, 1 sofa bed)
Only 1 left at this price on our site"
Urban Chic Apartment at great location in Madrid,748.0,10.0,1.0,3.0,squares,"Chamartín, Madrid","One-Bedroom Apartment
1 full bed
Free cancellation"
Exe Madrid Norte,915.0,8.6,3909.0,4.0,stars,"Hortaleza, Madrid","Double Room
1 queen bed
Only 7 rooms left at this price on our site"
Hostal Santa Ana Colors,1055.0,8.5,2709.0,2.0,stars,"Madrid City Center, Madrid","Standard Double Room
1 full bed
Only 1 room left at this price on our site"
Hotel Mirador de Chamartín,1229.0,8.4,3294.0,4.0,stars,"Ciudad Lineal, Madrid","Deluxe Double Room
Beds: 1 double or 2 twins
Breakfast included
Free cancellation"
Hostal Abaaly,623.0,7.4,1985.0,1.0,stars,"Madrid City Center, Madrid","Exterior Double Room with Balcony and Shared Bathroom
1 full bed
Only 3 rooms left at this price on our site"
7 Islas Hotel,1519.0,8.8,4865.0,4.0,stars,"Madrid City Center, Madrid","Double or Twin Room
2 twin beds
Only 6 rooms left at this price on our site"
ibis budget Madrid Aeropuerto,590.0,7.7,3227.0,1.0,stars,"San Blas, Madrid","Standard Double Room
1 full bed"
San Nicolas,1109.0,8.6,17.0,3.0,squares,"Madrid City Center, Madrid","One-Bedroom Apartment
2 beds (1 full, 1 sofa bed)
Free cancellation"
Grupotel Mayorazgo,1805.0,8.8,7394.0,4.0,stars,"Madrid City Center, Madrid","Double or Twin Room
Beds: 1 double or 2 twins
Free cancellation
Only 2 rooms left at this price on our site"
Estudio en Plaza de España,1078.0,8.6,27.0,3.0,squares,"Moncloa-Aravaca, Madrid","Studio - Split Level
Entire studio • 1 bathroom • 30m²
1 full bed
Free cancellation
Only 2 left at this price on our site"
Habitacion Privada Paseo Del Arte,516.0,8.7,122.0,,,"Arganzuela, Madrid","Standard Twin Room with Shared Bathroom
2 bunk beds
Free cancellation
Only 1 room left at this price on our site"
Hotel Casón del Tormes by HappyCulture,1272.0,8.6,4316.0,3.0,stars,"Madrid City Center, Madrid","Double Room
1 full bed"
Hostal Besaya,1028.0,8.5,2062.0,2.0,stars,"Madrid City Center, Madrid","Twin Room
2 twin beds
Only 1 room left at this price on our site"
Collection Plaza de España,1368.0,7.2,840.0,3.0,squares,"Madrid City Center, Madrid","One-Bedroom Apartment
Entire apartment • 1 bedroom • 1 living room • 1 bathroom • 39m²
2 beds (1 full, 1 sofa bed)
Free cancellation
Only 5 left at this price on our site"
Apartamentos Juan Bravo,1047.0,8.4,7328.0,3.0,squares,"Salamanca, Madrid","Standard Studio
Entire studio • 1 bathroom • 1 kitchen • 20m²
2 twin beds
Free cancellation
Only 5 left at this price on our site"
Hostal Cervelo,1378.0,8.5,2711.0,2.0,stars,"Madrid City Center, Madrid","Double Room with Balcony
1 full bed
Free cancellation
Only 4 rooms left at this price on our site"
Quintana-Alcalá Apartments,667.0,8.5,51.0,3.0,squares,"Ciudad Lineal, Madrid","One-Bedroom Apartment
Entire apartment • 1 bedroom • 1 living room • 1 bathroom • 1 kitchen • 33m²
1 full bed
Only 1 left at this price on our site"
Apartamentos Fuencarral,1131.0,8.9,392.0,3.0,squares,"Madrid City Center, Madrid","One-Bedroom Apartment
Entire apartment • 1 bedroom • 1 bathroom • 1 kitchen • 27m²
1 full bed
Free cancellation
Only 1 left at this price on our site"
Dobo Homes - D14,1220.0,8.0,165.0,3.0,squares,"Madrid City Center, Madrid","Studio
Entire studio • 1 bathroom • 1 kitchen • 21m²
1 full bed
Free cancellation
Only 3 left at this price on our site"
Be Mate Gran Vía Suites,1425.0,8.6,1157.0,3.0,squares,"Madrid City Center, Madrid","Studio Apartment
Entire apartment • 1 bedroom • 1 bathroom • 1 kitchen • 22m²
1 queen bed
Free cancellation
Only 1 left at this price on our site"
Vincci Soho,1913.0,8.7,8253.0,4.0,stars,"Madrid City Center, Madrid","Double or Twin Room
Beds: 1 double or 2 twins
Free cancellation"
Global Home-Ocaña,912.0,9.3,75.0,3.0,squares,"Latina, Madrid","One-Bedroom Apartment
Entire apartment • 1 bedroom • 1 living room • 1 bathroom • 1 kitchen • 30m²
2 beds (1 full, 1 sofa bed)
Free cancellation
Only 6 left at this price on our site"
Gallery Hostel Madrid residencia estudiantes,395.0,8.5,244.0,,,"Carabanchel, Madrid","Double Capsule
1 full bed
Free cancellation"
Miosotis Suites,1070.0,8.6,710.0,4.0,squares,"Tetuan, Madrid","One-Bedroom Apartment
Entire apartment • 1 bedroom • 1 living room • 1 bathroom • 1 kitchen • 45m²
2 beds (1 full, 1 sofa bed)
Only 1 left at this price on our site"
Eurostars Monte Real,1068.0,8.7,2576.0,4.0,stars,"Fuencarral-El Pardo, Madrid","Double Room
Beds: 1 double or 2 twins"
Hotel Sancho,1306.0,8.7,3114.0,3.0,stars,"Arganzuela, Madrid","Double or Twin Room
Beds: 1 double or 2 twins
Free cancellation
Only 4 rooms left at this price on our site"
YOUR COZY NEST PLAZA MAYOR - SOL - RASTRO - WIFI - Almendro,1053.0,7.5,2.0,,,"Madrid City Center, Madrid","One-Bedroom Apartment
1 full bed
Free cancellation"
Ola Living Hostal Tetuan,898.0,8.3,228.0,,,"Moncloa-Aravaca, Madrid","Double Room
1 full bed"
CASA DE HUÉSPEDES ALMIRANTE MADRID,1131.0,9.2,10.0,3.0,squares,"Madrid City Center, Madrid","Standard Studio
Entire studio • 1 bathroom • 30m²
1 full bed
Free cancellation
Only 1 left at this price on our site"
Hostal Abami II,1389.0,8.4,2419.0,2.0,stars,"Madrid City Center, Madrid","Superior Double Room
1 full bed
Free cancellation
Only 1 room left at this price on our site"
Bob W Chueca,1140.0,8.8,1822.0,3.0,squares,"Madrid City Center, Madrid","Apartment
Entire apartment • 1 bedroom • 1 bathroom • 15m²
1 full bed"
Eurostars Madrid Gran Vía,1485.0,8.7,3302.0,4.0,stars,"Madrid City Center, Madrid","Double Room
Beds: 1 double or 2 twins
Only 2 rooms left at this price on our site"
AC Hotel Atocha by Marriott,1638.0,8.7,1386.0,4.0,stars,"Arganzuela, Madrid","Standard King Room
1 king bed"
Suite Kintsugi by Justine Apartments Apartamento turístico en Madrid Río,894.0,9.7,24.0,3.0,squares,"Usera, Madrid","Superior Apartment
Entire apartment • 1 bedroom • 1 living room • 1 bathroom • 1 kitchen • 27m²
1 full bed
Only 1 left at this price on our site"
CH Bueno,1216.0,9.2,1895.0,3.0,squares,"Madrid City Center, Madrid","Triple Room with Private Bathroom
2 beds (1 twin, 1 queen)
Only 1 room left at this price on our site"
Hostal Sonsoles Madrid-Centro,954.0,8.4,2451.0,2.0,stars,"Madrid City Center, Madrid","Twin Room
2 twin beds"
Cruz Apartment,1484.0,7.6,16.0,,,"Madrid City Center, Madrid","Apartment
Entire apartment • 1 bedroom • 1 bathroom • 1 kitchen
1 full bed
Free cancellation
Only 1 left at this price on our site"
"Espíritu Santo, comodidad para 2 en Malasaña",986.0,7.4,73.0,3.0,squares,"Madrid City Center, Madrid","One-Bedroom Apartment
Entire apartment • 1 bedroom • 1 bathroom • 1 kitchen • 30m²
1 full bed
Free cancellation"
Veracruz Puerta del Sol,961.0,8.0,763.0,2.0,stars,"Madrid City Center, Madrid","Double or Twin Room
Beds: 1 double or 2 twins"
Eurostars Central,1395.0,8.4,4931.0,4.0,stars,"Madrid City Center, Madrid","Double or Twin Room
Beds: 1 double or 2 twins"
Santurce Centro Wizink Feria Bernabeu Aeropuerto,780.0,8.7,20.0,3.0,squares,"Ciudad Lineal, Madrid","One-Bedroom Apartment
2 beds (1 full, 1 sofa bed)
Free cancellation"
Blume Cruz Suites,1431.0,9.1,1442.0,4.0,squares,"Madrid City Center, Madrid","Standard Studio
Entire studio • 1 bathroom • 1 kitchen • 28m²
2 twin beds
Only 6 left at this price on our site"
Madrid Rio Apartment,1546.0,8.2,72.0,4.0,squares,"Arganzuela, Madrid","One-Bedroom Apartment
Entire apartment • 1 bedroom • 1 living room • 1 bathroom • 1 kitchen • 50m²
2 beds (1 full, 1 sofa bed)
Free cancellation"
Cituspace Sandoval,1229.0,8.3,154.0,3.0,squares,"Chamberi, Madrid","One-Bedroom Apartment
Entire apartment • 1 bedroom • 1 living room • 1 bathroom • 1 kitchen • 50m²
1 queen bed
Only 2 left at this price on our site"
Cinco Torres Suites,702.0,7.3,210.0,3.0,squares,"Tetuan, Madrid","One-Bedroom Suite
Private suite
1 full bed
Only 2 left at this price on our site"
Hostal Adria Santa Ana,1100.0,8.2,1072.0,3.0,stars,"Madrid City Center, Madrid","Double Room
1 full bed
Only 1 room left at this price on our site"
Ibis Styles Madrid City Las Ventas,1231.0,8.6,3771.0,4.0,stars,"Ciudad Lineal, Madrid","Standard Twin Room
2 twin beds
Only 7 rooms left at this price on our site"
Hostal Sol Square Madrid,1194.0,8.7,1794.0,3.0,stars,"Madrid City Center, Madrid","Double Room
1 full bed
Only 2 rooms left at this price on our site"
Apartamentos Dana Madrid,1323.0,9.1,430.0,3.0,squares,"Madrid City Center, Madrid","Studio
Entire studio • 1 bathroom • 1 kitchen • 35m²
2 beds (1 full, 1 sofa bed)
Only 1 left at this price on our site"
El Chato Madrid,697.0,8.6,97.0,3.0,squares,"Latina, Madrid","Apartment
Entire apartment • 1 bedroom • 1 living room • 1 bathroom • 1 kitchen • 55m²
3 beds (2 twins, 1 sofa bed)
Only 1 left at this price on our site"
Pestana CR7 Gran Vía Madrid,2082.0,8.4,7277.0,4.0,stars,"Madrid City Center, Madrid","Premium Room
2 twin beds
Free cancellation"
Petit Palace Alcalá,2031.0,8.3,2912.0,4.0,stars,"Madrid City Center, Madrid","Small Double Room (1-2 adults)
1 full bed
Breakfast included
Free cancellation
No prepayment needed – pay at the property
Only 5 rooms left at this price on our site"
NH Madrid Chamberí,1434.0,8.5,1341.0,3.0,stars,"Chamberi, Madrid","Standard Double or Twin Room
Beds: 1 double or 2 twins"
NH Madrid Principe de Vergara,1567.0,8.5,2169.0,4.0,stars,"Salamanca, Madrid","Standard Double or Twin Room
Beds: 1 double or 2 twins"
Hostal Adriano,1097.0,8.4,2238.0,2.0,stars,"Madrid City Center, Madrid","Twin Room
2 twin beds
Only 3 rooms left at this price on our site"
CC Opera Suites,1005.0,8.5,1060.0,3.0,squares,"Madrid City Center, Madrid","Economy Double Room
1 full bed
Only 1 room left at this price on our site"
1 bedroom 1 bathrooms furnished - Delicias Atocha - bright - MintyStay,969.0,8.2,6.0,,,"Arganzuela, Madrid","One-Bedroom Apartment
Entire apartment • 1 bathroom • 1 kitchen • 45m²
Free cancellation"
Hola Rooms,985.0,8.5,2512.0,3.0,squares,"Madrid City Center, Madrid","Exterior Double Room
1 full bed
Free cancellation
Only 5 rooms left at this price on our site"
Flat in Barrio de las Letras / Cervantes20,1350.0,8.8,16.0,,,"Madrid City Center, Madrid","One-Bedroom Apartment
2 beds (1 full, 1 sofa bed)
Free cancellation"
Oriente Palace Apartments,2371.0,9.0,3273.0,4.0,squares,"Madrid City Center, Madrid","Double Room with View
Entire studio • 1 bathroom • 20m²
1 full bed
Free cancellation
Only 1 left at this price on our site"
CriteriaHome! nice&easy,543.0,8.9,775.0,3.0,squares,"Villaverde, Madrid","Duplex Apartment
Entire apartment • 1 bedroom • 1 living room • 2 bathrooms • 1 kitchen • 74m²
2 beds (1 sofa bed, 1 queen)
Only 1 left at this price on our site"
Sercotel Madrid Aeropuerto,1273.0,8.5,4819.0,4.0,stars,"Barajas, Madrid","Standard Double Room
1 full bed
Free cancellation"
LOFTS Puerta del SOL,1320.0,8.2,465.0,3.0,squares,"Madrid City Center, Madrid","Deluxe King Studio
Entire studio • 1 bathroom • 1 kitchen • 20m²
2 beds (1 twin, 1 full)
Free cancellation
Only 1 left at this price on our site"
ATICO & TERRAZA a 6 minutos en metro de ATOCHA estacion central,729.0,7.9,38.0,3.0,squares,"Puente de Vallecas, Madrid","Penthouse Apartment
Entire apartment • 1 bedroom • 1 living room • 1 bathroom • 1 kitchen • 50m²
2 beds (1 full, 1 sofa bed)
Free cancellation
Only 1 left at this price on our site"
Hostal Lisboa,1553.0,8.7,2767.0,3.0,stars,"Madrid City Center, Madrid","Quadruple Room
4 twin beds
Free cancellation
Only 1 room left at this price on our site"
limehome Madrid Calle de la Madera - Digital Access,1586.0,8.0,4417.0,3.0,squares,"Madrid City Center, Madrid","Studio S with balcony
Entire studio • 1 bathroom • 22m²
1 full bed
Free cancellation
Only 1 left at this price on our site"
Elegant penthouse in Cuatro Caminos - Pal,1160.0,9.4,5.0,,,"Tetuan, Madrid","One-Bedroom Apartment
2 beds (1 king, 1 sofa bed)
Free cancellation"
Tranquilo apartamento Pacífico/Ciudad de Barcelona,675.0,7.0,16.0,3.0,squares,"Retiro, Madrid","One-Bedroom Apartment
2 beds (1 full, 1 sofa bed)
Free cancellation"
MH Apartments Central Madrid,2224.0,8.9,1745.0,4.0,squares,"Madrid City Center, Madrid","Deluxe studio
3 beds (2 twins, 1 full)
Free cancellation"
Hostal Atocha Almudena Martín,974.0,7.7,2659.0,2.0,stars,"Madrid City Center, Madrid","Double Room
1 full bed"
Fantastic studio in Madrid LEY3,656.0,6.7,3.0,,,"Carabanchel, Madrid","One-Bedroom Apartment
1 full bed
Free cancellation"
MyHouseSpain - Glamour y confort cerca del Retiro,1227.0,9.3,31.0,,,"Retiro, Madrid","One-Bedroom Apartment
2 beds (1 full, 1 sofa bed)
Free cancellation"
NH Collection Madrid Abascal,1672.0,8.8,2680.0,4.0,stars,"Chamberi, Madrid","Superior Double or Twin Room
Beds: 1 double or 2 twins"
Hostal Meyra,1000.0,8.2,1653.0,1.0,stars,"Madrid City Center, Madrid","Deluxe Double with Balcony
1 queen bed
Only 1 room left at this price on our site"
Hostal Castilla II Puerta del Sol,1236.0,8.2,2703.0,2.0,stars,"Madrid City Center, Madrid","Double Room
1 full bed
Free cancellation"
Eurostars Casa de la Lírica,1518.0,8.6,3441.0,4.0,stars,"Madrid City Center, Madrid","Double or Twin Room
Beds: 1 double or 2 twins
Only 4 rooms left at this price on our site"
Chamberí con jardín A by RegalateMadrid,1089.0,8.5,41.0,3.0,squares,"Chamberi, Madrid","One-Bedroom Apartment
Entire apartment • 1 bedroom • 1 living room • 1 bathroom • 1 kitchen • 40m²
2 beds (1 full, 1 sofa bed)
Free cancellation"
Nice house with courtyard in Puerta del Angel - Mauregato,934.0,8.0,1.0,,,"Latina, Madrid","One-Bedroom Apartment
1 queen bed
Free cancellation"
The Westin Madrid Cuzco,2336.0,8.8,61.0,4.0,stars,"Tetuan, Madrid","Deluxe Twin Room with City View
2 twin beds
Free cancellation
No prepayment needed – pay at the property
Only 5 rooms left at this price on our site"
PdV rooms,440.0,7.6,603.0,,,"Madrid City Center, Madrid","Double Room with Shared Bathroom
1 full bed
Only 4 rooms left at this price on our site"
Pierre & Vacances Apartamentos Edificio Eurobuilding 2,1084.0,8.6,2111.0,4.0,squares,"Tetuan, Madrid","One-Bedroom Apartment (2 People)
Entire apartment • 1 bedroom • 1 living room • 1 bathroom • 1 kitchen • 42m²
2 twin beds"
Hotel Serrano,1441.0,8.5,3083.0,4.0,stars,"Salamanca, Madrid","Double or Twin Room
Beds: 1 double or 2 twins
Only 2 rooms left at this price on our site"
Be Mate Trafalgar,1703.0,9.3,78.0,4.0,squares,"Chamberi, Madrid","Studio
Entire studio • 1 bathroom • 1 kitchen • 25m²
1 queen bed
Free cancellation
Only 1 left at this price on our site"
Casual del Teatro Madrid,1405.0,8.3,3517.0,2.0,stars,"Madrid City Center, Madrid","Double Room
1 full bed
Breakfast included"
Apartamentos Madrid Connection - Universidad by Oshun Apartments,802.0,7.7,74.0,3.0,squares,"Tetuan, Madrid","Studio Apartment
Entire apartment • 1 bedroom • 1 bathroom • 1 kitchen • 30m²
1 full bed
Only 1 left at this price on our site"
Gran Via 63 Rooms,1240.0,7.1,3489.0,3.0,stars,"Madrid City Center, Madrid","Double Room with Spa Bath
1 full bed
Free cancellation
Only 1 room left at this price on our site"
Room Mate Mario,1276.0,8.7,3924.0,2.0,stars,"Madrid City Center, Madrid","Double or Twin Room
Beds: 1 double or 2 twins
Only 1 room left at this price on our site"
Vincci Capitol,1974.0,8.7,8206.0,4.0,stars,"Madrid City Center, Madrid","Double Basic
2 twin beds
Free cancellation"
Bright new and wide- 1Bd 1Bth- Delicias,1069.0,7.9,21.0,3.0,squares,"Arganzuela, Madrid","One-Bedroom Apartment
Entire apartment • 1 bedroom • 1 living room • 1 bathroom • 1 kitchen • 65m²
2 beds (1 full, 1 sofa bed)
Free cancellation"
Hostal Charlotte-Gran Vía,1566.0,7.9,1698.0,,,"Madrid City Center, Madrid","Twin Room with Private Bathroom
2 twin beds
Free cancellation
Only 4 rooms left at this price on our site"
Eco Alcalá Suites,1090.0,8.3,708.0,4.0,stars,"San Blas, Madrid","Grand Suite
Private suite
1 king bed
Only 1 left at this price on our site"
Rafaelhoteles Atocha,1297.0,8.2,2709.0,4.0,stars,"Arganzuela, Madrid","Double or Twin Room
1 full bed"
Boutique Urban Madrid Génova,863.0,6.9,4564.0,3.0,squares,"Chamberi, Madrid","Superior Double Room
2 twin beds"
Atractive duplex next to Retiro Park - L4,1366.0,9.0,2.0,,,"Retiro, Madrid","Two-Bedroom Apartment
5 beds (4 twins, 1 sofa bed)
Free cancellation"
NH Madrid Balboa,1549.0,8.6,1939.0,4.0,stars,"Salamanca, Madrid","Standard Double or Twin Room
Beds: 1 double or 2 twins"
Charming Fuencarral Center - Estancias Temporales,1152.0,8.3,15.0,3.0,squares,"Madrid City Center, Madrid","One-Bedroom Apartment
Entire apartment • 1 bedroom • 1 living room • 1 bathroom • 1 kitchen • 44m²
2 beds (1 full, 1 sofa bed)
Free cancellation
Only 1 left at this price on our site"
Exclusive Rooms in the Heart of the City,1086.0,7.2,642.0,3.0,squares,"Chamberi, Madrid","Standard Suite
Private suite
2 twin beds
Only 5 left at this price on our site"
Eurostars Madrid Tower,2240.0,8.8,4934.0,5.0,stars,"Fuencarral-El Pardo, Madrid","Superior Double or Twin Room with City View
1 full bed
Free cancellation
Only 2 rooms left at this price on our site"
Boutique Urban Madrid Serrano,885.0,7.0,6038.0,3.0,squares,"Salamanca, Madrid","Superior Double Room
2 twin beds"
Apartamento Gran Vía Madrid W2 9,1131.0,9.0,68.0,3.0,squares,"Madrid City Center, Madrid","One-Bedroom Apartment
1 full bed
Free cancellation
Only 1 left at this price on our site"
Luxury Apartment in Madrid,1501.0,9.6,5.0,4.0,squares,"Ciudad Lineal, Madrid","Two-Bedroom Apartment
2 queen beds
Free cancellation"
NH Madrid Zurbano,1690.0,8.4,3681.0,4.0,stars,"Chamberi, Madrid","Standard Double or Twin Room
Beds: 1 double or 2 twins"
Soho Boutique Congreso,1767.0,8.6,4709.0,4.0,stars,"Madrid City Center, Madrid","Double or Twin Room
Multiple bed types
Free cancellation"
Hostal Oriente,1307.0,8.5,2756.0,3.0,stars,"Madrid City Center, Madrid","Double or Twin Room with City View
Beds: 1 double or 2 twins
Free cancellation
No prepayment needed – pay at the property
Only 6 rooms left at this price on our site"
New Go Inn,1177.0,8.2,4580.0,3.0,squares,"Madrid City Center, Madrid","Interior Double Room
1 full bed
Only 2 rooms left at this price on our site"
Hostal Edreira,1066.0,8.7,1978.0,2.0,stars,"Madrid City Center, Madrid","Double Room
1 full bed
Only 6 rooms left at this price on our site"
Vincci The Mint,2238.0,9.1,4052.0,4.0,stars,"Madrid City Center, Madrid","Twin Room
2 twin beds
Free cancellation"
The Bridge Huertas,1223.0,7.4,794.0,3.0,squares,"Madrid City Center, Madrid","Double Room
1 full bed
Free cancellation
Only 1 room left at this price on our site"
Exe Suites 33,1364.0,8.7,2522.0,3.0,stars,"Madrid City Center, Madrid","Double or Twin Room
Beds: 1 double or 2 twins
Only 1 room left at this price on our site"
Vincci Vía - 66,1862.0,8.7,6544.0,4.0,stars,"Madrid City Center, Madrid","Standard Double or Twin Room
Beds: 1 double or 2 twins
Free cancellation"
Francisco I Boutique,2353.0,9.0,3816.0,4.0,stars,"Madrid City Center, Madrid","Double or Twin Room
Beds: 1 double or 2 twins
Breakfast included
Free cancellation
Only 3 rooms left at this price on our site"
Hotel Puerta de Toledo,1134.0,8.8,2547.0,3.0,stars,"Arganzuela, Madrid","Superior Double or Twin Room
Beds: 1 double or 2 twins
Only 1 room left at this price on our site"
Alcala en Madrid,915.0,8.5,40.0,3.0,squares,"Ciudad Lineal, Madrid","Studio X
Entire studio • 1 bathroom • 1 kitchen • 31m²
2 beds (1 full, 1 sofa bed)
Only 1 left at this price on our site"
Eurostars Plaza Mayor,1509.0,8.6,2908.0,4.0,stars,"Madrid City Center, Madrid","Double or Twin Room
Multiple bed types
Only 5 rooms left at this price on our site"
"Hotel Madrid Centro, Affiliated by Meliá",1272.0,7.8,3315.0,3.0,stars,"Madrid City Center, Madrid","Standard Room
Beds: 1 double or 2 twins"
Madridcito,1142.0,8.9,694.0,2.0,stars,"Madrid City Center, Madrid","Standard Double Room
1 full bed
Only 1 room left at this price on our site"
Moncloa Apartment,1481.0,8.9,36.0,3.0,squares,"Moncloa-Aravaca, Madrid","One-Bedroom Apartment
Entire apartment • 1 bedroom • 1 living room • 1 bathroom • 1 kitchen • 40m²
2 beds (1 full, 1 sofa bed)
Free cancellation"
1 bedroom 1 bathroom furnished - Recoletos - modern functional - MintyStay,1103.0,7.7,16.0,3.0,squares,"Salamanca, Madrid","Studio Apartment
Entire apartment • 1 bedroom • 1 bathroom • 30m²
1 full bed
Free cancellation"
Apartamento Turistico Cava Alta,1113.0,8.5,42.0,3.0,squares,"Madrid City Center, Madrid","Apartment
Entire apartment • 1 bedroom • 1 bathroom • 1 kitchen • 40m²
1 full bed"
B&B HOTEL Madrid Aeropuerto T1 T2 T3,563.0,8.2,6816.0,3.0,stars,"San Blas, Madrid","Twin Room
2 twin beds
Only 4 rooms left at this price on our site"
Cozy and Bright-1Bedroom 1Bathroom-Las Letras,1165.0,8.0,13.0,4.0,squares,"Madrid City Center, Madrid","One-Bedroom Apartment
Entire apartment • 1 bedroom • 1 living room • 1 bathroom • 1 kitchen • 35m²
1 full bed
Free cancellation"
Hermoso estudio en Legazpi °2,898.0,8.7,9.0,3.0,squares,"Arganzuela, Madrid","One-Bedroom Apartment
2 beds (1 sofa bed, 1 queen)"
Pestana Plaza Mayor Madrid,2267.0,9.0,3363.0,4.0,stars,"Madrid City Center, Madrid","Classic Room
1 queen bed
Free cancellation"
Smartr Madrid Gran Via 47,1196.0,7.3,7954.0,3.0,squares,"Madrid City Center, Madrid","Studio with Sofa Bed
Entire studio • 1 bathroom • 1 kitchen • 15m²
1 sofa bed
Only 7 left at this price on our site"
Hard Rock Hotel Madrid,1597.0,8.8,5519.0,4.0,stars,"Arganzuela, Madrid","Classic King Room
1 king bed"
Emperador,1751.0,8.7,8514.0,4.0,stars,"Madrid City Center, Madrid","Double or Twin Room
Beds: 1 double or 2 twins"
Vincci Centrum,1974.0,8.4,3875.0,4.0,stars,"Madrid City Center, Madrid","Double or Twin Room
Beds: 1 double or 2 twins
Free cancellation"
1 bedroom 1 bathroom furnished - Chamberí - cozy modern- MintyStay,1060.0,7.0,12.0,3.0,squares,"Tetuan, Madrid","One-Bedroom Apartment
Entire apartment • 1 bedroom • 1 bathroom • 45m²
1 full bed
Free cancellation"
Dobo Homes SF6,882.0,9.2,20.0,3.0,squares,"Puente de Vallecas, Madrid","Large Double Room
2 beds (1 full, 1 sofa bed)
Free cancellation
Only 7 rooms left at this price on our site"
Hostal Palacio Madrid,962.0,8.1,1919.0,3.0,squares,"Madrid City Center, Madrid","Standard Queen Room
1 queen bed
Only 2 rooms left at this price on our site"
ICON Wipton,2242.0,8.9,1256.0,4.0,stars,"Salamanca, Madrid","Double or Twin Room (1-2 Adults)
Beds: 1 double or 2 twins"
Apartamentos Las Torres,1602.0,8.7,1191.0,3.0,squares,"Tetuan, Madrid","One-Bedroom Apartment with Terrace
Entire apartment • 1 bedroom • 1 living room • 1 bathroom • 46m²
1 full bed
Free cancellation
Only 1 left at this price on our site"
Flat in Chamberí with direct entrance BG,1007.0,7.0,1.0,,,"Chamberi, Madrid","One-Bedroom Apartment
1 full bed
Free cancellation"
Apartamentos TravelStep La Latina,526.0,6.0,144.0,3.0,squares,"Madrid City Center, Madrid","Apartment with Balcony
Entire apartment • 1 bedroom • 1 living room • 1 bathroom • 21m²
2 beds (1 full, 1 sofa bed)
Only 2 left at this price on our site"
1 bedrooms 1 bathroom furnished - La Latina - modern - MintyStay,1112.0,7.9,15.0,3.0,squares,"Madrid City Center, Madrid","Studio Apartment
Entire apartment • 1 bedroom • 1 living room • 1 bathroom • 1 kitchen • 45m²
2 beds (1 full, 1 sofa bed)
Free cancellation"
La Posada de El Chaflán,612.0,7.3,2809.0,3.0,squares,"Chamartín, Madrid","Double Room
1 full bed
Free cancellation"
El Atelier loft - Plaza Mayor,1239.0,8.4,20.0,3.0,squares,"Madrid City Center, Madrid","Studio Apartment
Entire apartment • 1 bedroom • 1 bathroom • 1 kitchen • 50m²
1 full bed
Free cancellation
Only 1 left at this price on our site"
Petit Palace Chueca,1491.0,8.4,3144.0,3.0,stars,"Madrid City Center, Madrid","Double Standard
1 full bed"
The Madrid EDITION,3324.0,8.8,579.0,5.0,stars,"Madrid City Center, Madrid","Superior King Room
1 king bed
Free cancellation
No prepayment needed – pay at the property
Only 5 rooms left at this price on our site"
Nice apartment at street level 20 min from SOL-Piern,797.0,8.2,4.0,,,"Ciudad Lineal, Madrid","One-Bedroom Apartment
1 king bed
Free cancellation
Only 1 left at this price on our site"
Encantador ático en el centro de Madrid by beBalmy,983.0,7.2,17.0,3.0,squares,"Madrid City Center, Madrid","One-Bedroom Apartment
Entire apartment • 1 bedroom • 1 living room • 1 bathroom • 1 kitchen • 25m²
2 beds (1 full, 1 sofa bed)
Free cancellation"
BE Coliving Madrid Centro,936.0,8.1,39.0,3.0,squares,"Madrid City Center, Madrid","Double Room with Shared Bathroom
1 queen bed
Free cancellation
Only 1 room left at this price on our site"
MyHouseSpain - Acogedor piso con patio en Chamberi,1412.0,8.4,23.0,3.0,squares,"Chamberi, Madrid","Apartment with Shower
3 beds (2 twins, 1 full)
Free cancellation"
Melia Madrid Serrano,2069.0,8.7,2920.0,4.0,stars,"Salamanca, Madrid","Standard Double or Twin Room
Beds: 1 double or 2 twins
Breakfast included
Free cancellation"
Hostal La Rúa-Montera,1392.0,8.8,504.0,,,"Madrid City Center, Madrid","Double Room with Private Bathroom
1 full bed
Only 4 rooms left at this price on our site"
Modern Bright - 1Bedroom 1 Bathroom - La Latina,1433.0,9.0,16.0,3.0,squares,"Madrid City Center, Madrid","One-Bedroom Apartment
Entire apartment • 1 bedroom • 1 bathroom • 1 kitchen • 55m²
1 full bed
Free cancellation"
Compostela Suites,774.0,7.7,5294.0,3.0,stars,"San Blas, Madrid","One-Bedroom Apartment (2 Adults)
Private suite • 1 bedroom • 1 living room • 1 bathroom • 37m²
1 full bed"
Exe Zarzuela Park,859.0,8.5,3159.0,3.0,stars,"Moncloa-Aravaca, Madrid","Double or Twin Room
Beds: 1 double or 2 twins"
Hilton Madrid Airport,1944.0,8.5,2785.0,4.0,stars,"Barajas, Madrid","Twin Room
2 twin beds
Free cancellation
No prepayment needed – pay at the property"
Abalú Design Boutique Hotel Gran Via,1762.0,7.8,1547.0,3.0,stars,"Madrid City Center, Madrid","Double Room
1 full bed
Free cancellation"
Rodas 6,1185.0,9.0,45.0,,,"Madrid City Center, Madrid","One-Bedroom Apartment
2 beds (1 full, 1 queen)
Free cancellation
Only 1 left at this price on our site"
Luze Castellana,1163.0,8.4,3457.0,3.0,stars,"Tetuan, Madrid","Double or Twin Room
Multiple bed types
Free cancellation"
PLAZA DE CASTILLA Apartments,957.0,7.3,108.0,,,"Tetuan, Madrid","Two-Bedroom Apartment
Entire apartment • 2 bedrooms • 1 living room • 2 bathrooms
3 beds (2 fulls, 1 sofa bed)
Free cancellation
Only 1 left at this price on our site"
Apartamentos Day Madrid SAN ANTONIO Centro Gran Via Sol Malasaña,1106.0,7.2,133.0,3.0,squares,"Madrid City Center, Madrid","Apartment
Entire apartment • 1 bedroom • 1 living room • 1 bathroom • 1 kitchen • 45m²
2 beds (1 full, 1 sofa bed)
Free cancellation
Only 3 left at this price on our site"
MintyStay - 1BD Chueca,1259.0,7.7,65.0,4.0,squares,"Madrid City Center, Madrid","One-Bedroom Apartment
Entire apartment • 1 bedroom • 1 living room • 1 bathroom • 1 kitchen • 74m²
2 beds (1 full, 1 sofa bed)
Free cancellation"
Petit Palace Savoy Alfonso XII,1924.0,8.4,2375.0,4.0,stars,"Retiro, Madrid","Small Double Room
1 full bed
Only 7 rooms left at this price on our site"
Apartamentos Matute 11,1134.0,8.4,2222.0,3.0,squares,"Madrid City Center, Madrid","Studio (2 Adults)
Entire studio • 1 bathroom • 1 kitchen • 30m²
Beds: 1 double or 2 twins
Only 3 left at this price on our site"
Petit Palace Arenal,1524.0,8.6,4322.0,3.0,stars,"Madrid City Center, Madrid","Small Double Room
1 full bed
Free cancellation
Only 1 room left at this price on our site"
Hostal Regio,946.0,8.2,2406.0,2.0,stars,"Madrid City Center, Madrid","Double Room
1 full bed
Only 2 rooms left at this price on our site"
Sonder Sofia,1164.0,9.0,113.0,3.0,stars,"Arganzuela, Madrid","Studio Apartment with King Bed
Entire apartment • 1 bedroom • 1 bathroom • 1 kitchen • 25m²
1 king bed
Only 1 left at this price on our site"
Apartamentos Centro Jardines,1219.0,8.3,1495.0,3.0,squares,"Madrid City Center, Madrid","Studio Apartment
Entire apartment • 1 bedroom • 1 bathroom • 25m²
2 twin beds
Only 1 left at this price on our site"
"voco Madrid Retiro, an IHG Hotel",1753.0,8.7,1946.0,4.0,stars,"Retiro, Madrid","Standard Room
Only 6 rooms left at this price on our site"
"Hotel Madrid Gran Via 25, Affiliated by Meliá",1523.0,7.9,6045.0,3.0,stars,"Madrid City Center, Madrid","Double or Twin Room
Beds: 1 double or 2 twins"
Urbano y refrescante estudio en sótano,1066.0,9.4,9.0,,,"Madrid City Center, Madrid","One-Bedroom Apartment
Entire apartment • 1 bedroom • 1 bathroom • 1 kitchen
1 full bed"
Hostal Evoke Madrid,1935.0,9.0,2603.0,3.0,squares,"Madrid City Center, Madrid","Budget Double Room
1 full bed
Free cancellation
Only 2 rooms left at this price on our site"
For You Rentals NEW Design Apartment TEMPORAL Puerta del Sol PRE10C,1658.0,8.4,240.0,3.0,squares,"Madrid City Center, Madrid","Superior Apartment
Entire apartment • 2 bedrooms • 1 living room • 2 bathrooms • 100m²
3 beds (2 fulls, 1 sofa bed)
Only 1 left at this price on our site"
ARTIEM Madrid,1388.0,9.4,1974.0,4.0,stars,"Ciudad Lineal, Madrid","Superior Double or Twin Room
Beds: 1 double or 2 twins
Only 5 rooms left at this price on our site"
Travesia de las Beatas,1128.0,7.4,38.0,,,"Madrid City Center, Madrid","One-Bedroom Apartment
Entire apartment • 1 bathroom • 1 kitchen • 45m²
Free cancellation"
Coqueto ático en Tetuán para 2 personas 3 1,977.0,10.0,3.0,,,"Tetuan, Madrid","One-Bedroom Apartment
1 full bed
Free cancellation"
NH Madrid Ribera del Manzanares,1397.0,8.6,3694.0,4.0,stars,"Arganzuela, Madrid","Standard Double or Twin Room
Multiple bed types"
Apartamentos ALFISA Puerta del Sol,2113.0,9.3,9.0,4.0,squares,"Madrid City Center, Madrid","Deluxe Apartment
Entire apartment • 1 bedroom • 1 living room • 1 bathroom • 1 kitchen • 33m²
2 beds (1 full, 1 sofa bed)
Free cancellation
Only 1 left at this price on our site"
La Casa de Postas,1509.0,6.7,82.0,3.0,squares,"Madrid City Center, Madrid","Studio with Balcony
Entire studio • 1 bathroom • 1 kitchen • 30m²
2 beds (1 full, 1 sofa bed)
Free cancellation
Only 1 left at this price on our site"
Loft II en Madrid,914.0,6.3,12.0,,,"Madrid City Center, Madrid","Two-Bedroom Apartment
2 full beds
Free cancellation"
Apartamento VI AlcaláRetiro Ideal Parejas,1344.0,8.8,18.0,3.0,squares,"Salamanca, Madrid","Apartment
Entire apartment • 1 bedroom • 1 bathroom • 1 kitchen • 35m²
2 twin beds
Free cancellation"
Stunning Penthouse in Tetuan for 4 pax - Coruña,1155.0,9.0,3.0,,,"Tetuan, Madrid","One-Bedroom Apartment
2 beds (1 sofa bed, 1 queen)
Free cancellation"
ChicLavapies Center,1064.0,8.7,16.0,3.0,squares,"Madrid City Center, Madrid","Apartment
Entire apartment • 1 bedroom • 1 living room • 1 bathroom • 1 kitchen • 40m²
2 beds (1 full, 1 sofa bed)"
Ibis Budget Madrid Centro Lavapies,1047.0,8.0,3456.0,1.0,stars,"Madrid City Center, Madrid","Standard Double Room
1 queen bed"
Hostal Fernández Atocha,903.0,7.9,3136.0,,,"Madrid City Center, Madrid","Double Room with Private Bathroom
1 full bed
Free cancellation
Only 1 room left at this price on our site"
Suite N25,497.0,7.8,67.0,3.0,squares,"Puente de Vallecas, Madrid","Premium Quadruple Room
2 beds (1 full, 1 sofa bed)
Only 1 room left at this price on our site"
Room Mate Alicia,1621.0,8.7,2028.0,3.0,stars,"Madrid City Center, Madrid","Exterior Double Room
Beds: 1 double or 2 twins
Only 2 rooms left at this price on our site"
Hostal Abitum Madrid,556.0,7.2,1657.0,2.0,stars,"Tetuan, Madrid","Double Room
1 full bed
Only 1 room left at this price on our site"
Natura LifeStyle Hotel Gran Via,1173.0,7.7,279.0,3.0,stars,"Madrid City Center, Madrid","Double or Twin Room
Beds: 1 double or 2 twins
Free cancellation
Only 1 room left at this price on our site"
"Hotel Indigo Madrid - Princesa, an IHG Hotel",1462.0,8.6,1843.0,3.0,stars,"Moncloa-Aravaca, Madrid","Standard Room
Only 4 rooms left at this price on our site"
Cozy Loft in the Heart of Madrid - La Latina District Latina Toledo VI,1195.0,8.7,13.0,,,"Madrid City Center, Madrid","Studio Apartment
Entire apartment • 1 bathroom • 1 kitchen • 33m²
Only 1 left at this price on our site"
Apartamentos Soho Boutique Hoy No Me Puedo Levantar,1544.0,8.5,1960.0,4.0,squares,"Madrid City Center, Madrid","Suite Deluxe
Private suite • 1 bedroom • 1 living room • 1 bathroom • 30m²
2 beds (1 sofa bed, 1 queen)
Free cancellation
No prepayment needed – pay at the property
Only 6 left at this price on our site"
Mercure Madrid Centro,1696.0,8.4,1933.0,4.0,stars,"Madrid City Center, Madrid","Queen Room
1 queen bed"
NH Madrid Nacional,1827.0,8.6,4047.0,4.0,stars,"Madrid City Center, Madrid","Standard Double or Twin Room
Beds: 1 double or 2 twins"
CC Malasaña,921.0,7.7,1947.0,3.0,stars,"Madrid City Center, Madrid","Economy Double Room with Private Bathroom
1 full bed
Only 2 rooms left at this price on our site"
NH Paseo de la Habana,1514.0,8.1,2384.0,4.0,stars,"Chamartín, Madrid","Standard Double or Twin Room
Beds: 1 double or 2 twins"
Hostal Cuatro Torres,537.0,7.4,13.0,3.0,squares,"Fuencarral-El Pardo, Madrid","Double Room with Private Bathroom
2 twin beds
Free cancellation
Only 1 room left at this price on our site"
Hostal Montaloya,853.0,8.1,2581.0,2.0,stars,"Madrid City Center, Madrid","Double or Twin Room
2 twin beds"
Hostal Main Street Madrid,1235.0,8.9,3193.0,3.0,squares,"Madrid City Center, Madrid","Interior Small Double Room
1 full bed
Only 1 room left at this price on our site"
AC Hotel Los Vascos by Marriott,1391.0,8.7,748.0,3.0,stars,"Moncloa-Aravaca, Madrid","Standard, Guest room, 1 Queen
1 queen bed
Only 7 rooms left at this price on our site"
Cozy apartment in Lavapies - Rods,709.0,6.6,6.0,,,"Madrid City Center, Madrid","One-Bedroom Apartment
1 full bed
Free cancellation"
Madrisol,1253.0,7.3,5019.0,2.0,stars,"Madrid City Center, Madrid","Double or Twin Room
Beds: 1 double or 2 twins
Breakfast included"
Charming Plaza de España II,1052.0,8.6,50.0,3.0,squares,"Moncloa-Aravaca, Madrid","One-Bedroom Apartment
Entire apartment • 1 bedroom • 1 living room • 1 bathroom • 1 kitchen • 40m²
2 beds (1 full, 1 sofa bed)
Only 1 left at this price on our site"
Roisa Centro,1304.0,8.6,1382.0,4.0,squares,"Madrid City Center, Madrid","Studio
Entire studio • 1 bathroom • 1 kitchen • 23m²
1 full bed
Only 2 left at this price on our site"
Dobo Homes - G53,973.0,8.5,20.0,3.0,squares,"Chamberi, Madrid","Double or Twin Room
1 queen bed
Free cancellation
Only 4 rooms left at this price on our site"
Puerto De la Cruz,918.0,9.2,147.0,3.0,squares,"Fuencarral-El Pardo, Madrid","One-Bedroom Apartment
Entire apartment • 1 bedroom • 1 bathroom • 1 kitchen • 45m²
1 queen bed
Free cancellation
Only 1 left at this price on our site"
Hostal MH Fuencarral,1101.0,8.2,3997.0,3.0,squares,"Madrid City Center, Madrid","Small Double Room
Multiple bed types
Only 1 room left at this price on our site"
Suites Barrio de Salamanca,1470.0,8.3,1207.0,4.0,stars,"Salamanca, Madrid","Standard Double Room
Beds: 1 double or 2 twins
Only 4 left at this price on our site"
Reformado decorado céntrico 1 dormitorio,947.0,8.3,53.0,4.0,squares,"Tetuan, Madrid","One-Bedroom Apartment
Entire apartment • 1 bedroom • 1 bathroom • 1 kitchen • 35m²
1 full bed
Free cancellation
Only 1 left at this price on our site"
Hostal Art Madrid,2142.0,8.9,3366.0,3.0,squares,"Madrid City Center, Madrid","Double Interior Room
1 full bed
Free cancellation
Only 3 rooms left at this price on our site"
Aspasios Calle Mayor Apartments,1601.0,9.0,1633.0,4.0,squares,"Madrid City Center, Madrid","Studio
Entire studio • 1 bathroom • 1 kitchen • 45m²
2 beds (1 full, 1 sofa bed)
Only 3 left at this price on our site"
H21 Rooms,476.0,7.3,328.0,,,"Madrid City Center, Madrid","Double Room with Shared Bathroom
1 full bed"
Apartamento acogedor y cómodo en Guindalera GUAD-D,931.0,8.1,13.0,,,"Salamanca, Madrid","One-Bedroom Apartment
1 full bed
Free cancellation"
Modular Rooms,485.0,8.2,1785.0,,,"Madrid City Center, Madrid","Double Module in 4-Module Mixed dormitory Room
Bed in dorm
1 queen bed
Only 3 left at this price on our site"
Charming Tirso de Molina IV,791.0,6.8,13.0,3.0,squares,"Madrid City Center, Madrid","One-Bedroom Apartment
Entire apartment • 1 bedroom • 1 living room • 1 bathroom • 1 kitchen • 27m²
1 full bed"
Hotel Liabeny,1808.0,8.9,9208.0,4.0,stars,"Madrid City Center, Madrid","Economy Double Room
1 full bed
Breakfast included"
"Beautiful apartment in Chueca, center of Madrid",1661.0,9.5,45.0,4.0,squares,"Madrid City Center, Madrid","Two-Bedroom Apartment
2 full beds"
MyHouseSpain - Apartamento en Chueca,1040.0,7.4,49.0,3.0,squares,"Madrid City Center, Madrid","Apartment with Shower
Entire apartment • 1 bedroom • 1 bathroom • 1 kitchen • 35m²
1 full bed
Free cancellation"
Hostal Inn Madrid,1295.0,8.4,2784.0,3.0,squares,"Madrid City Center, Madrid","Double Room
1 full bed
Only 1 room left at this price on our site"
NH Madrid Lagasca,1810.0,8.1,1591.0,4.0,stars,"Salamanca, Madrid","Standard Double or Twin Room
Beds: 1 double or 2 twins"
Pensión Carrera,883.0,7.5,1538.0,2.0,stars,"Madrid City Center, Madrid","Double Room
1 full bed
Only 4 rooms left at this price on our site"
New Best location in central Madrid Loft,1402.0,8.5,15.0,3.0,squares,"Madrid City Center, Madrid","Loft
Entire apartment • 2 bedrooms • 1 bathroom • 1 kitchen • 70m²
2 full beds"
"Hotel Madrid Plaza de España, Affiliated by Meliá",1487.0,8.1,2975.0,4.0,stars,"Madrid City Center, Madrid","Double Standard
1 full bed"
StopinFlat,1306.0,8.3,371.0,3.0,squares,"Madrid City Center, Madrid","Two-Bedroom Apartment - Cruz 11 Atico
Entire apartment • 2 bedrooms • 1 living room • 1 bathroom • 1 kitchen • 70m²
3 beds (2 fulls, 1 sofa bed)
Only 1 left at this price on our site"
AparthotelTribunal,1293.0,8.9,49.0,3.0,squares,"Madrid City Center, Madrid","Double Room
1 full bed
Free cancellation
Only 2 rooms left at this price on our site"
Avenida America en Madrid Capital,1036.0,7.7,499.0,3.0,squares,"Salamanca, Madrid","One-Bedroom Apartment VII
Entire apartment • 1 bedroom • 1 living room • 1 bathroom • 1 kitchen • 60m²
2 beds (1 full, 1 sofa bed)
Only 3 left at this price on our site"
Cozy apartmento in Lavapies-Sal34,963.0,7.3,21.0,,,"Madrid City Center, Madrid","Studio
Entire studio • 1 bathroom
2 beds (1 full, 1 sofa bed)
Free cancellation"
Cozy Loft Near El Rastro with a Touch of Charm - Latina Toledo III,1085.0,6.9,6.0,,,"Madrid City Center, Madrid","Studio Apartment
Entire apartment • 1 bathroom • 1 kitchen • 35m²
Only 1 left at this price on our site"
Wonder Apartments,1515.0,8.1,744.0,4.0,squares,"Madrid City Center, Madrid","Studio
Entire studio • 1 bathroom • 1 kitchen • 40m²
2 beds (1 full, 1 sofa bed)
Free cancellation
Only 1 left at this price on our site"
Sterling,1325.0,8.0,1940.0,3.0,stars,"Madrid City Center, Madrid","Economy Double or Twin Room
2 twin beds
Only 2 rooms left at this price on our site"
Ibis Styles Madrid Prado,1459.0,8.7,2085.0,3.0,stars,"Madrid City Center, Madrid","Standard Queen Room
1 full bed"
Apartment Cardenal Cisneros,1242.0,8.0,15.0,,,"Chamberi, Madrid","Apartment with Terrace
2 beds (1 full, 1 sofa bed)
Free cancellation
Only 1 left at this price on our site"
Axor Barajas,1171.0,8.7,5742.0,4.0,stars,"San Blas, Madrid","Double or Twin Room with free airport shuttle
Beds: 1 double or 2 twins"
Apartamentos Dana Sol,1526.0,9.0,515.0,3.0,squares,"Madrid City Center, Madrid","Studio Apartment
Entire apartment • 1 bedroom • 1 living room • 1 bathroom • 1 kitchen • 32m²
2 beds (1 full, 1 sofa bed)
Only 1 left at this price on our site"
Hostal America,1691.0,8.0,2540.0,2.0,stars,"Madrid City Center, Madrid","Double or Twin Room
Beds: 1 double or 2 twins
Free cancellation
Only 3 rooms left at this price on our site"
1881 Madrid Ventas Hotel,1624.0,8.9,1395.0,4.0,stars,"Ciudad Lineal, Madrid","Double or Twin Room
Beds: 1 double or 2 twins"
Petit Palace Posada del Peine,1631.0,8.6,3708.0,4.0,stars,"Madrid City Center, Madrid","Small Double Room
1 full bed
Breakfast included
Only 3 rooms left at this price on our site"
Apartamentos Cuerda Larga,690.0,9.6,100.0,3.0,squares,Madrid,"One-Bedroom Apartment
Entire apartment • 1 bedroom • 1 living room • 1 bathroom • 1 kitchen • 35m²
2 beds (1 full, 1 sofa bed)
Free cancellation
Only 3 left at this price on our site"
Abba Madrid,1345.0,8.7,2331.0,4.0,stars,"Salamanca, Madrid","Twin Room
2 twin beds
Free cancellation
No prepayment needed – pay at the property"
Apartamentos San Isidro,1156.0,7.9,489.0,3.0,squares,"Madrid City Center, Madrid","Apartment with Terrace
Entire apartment • 1 bedroom • 1 living room • 1 bathroom
2 beds (1 full, 1 sofa bed)
Only 1 left at this price on our site"
Hostal Escala Suites,1133.0,8.1,4844.0,,,"Hortaleza, Madrid","Small Interior Double Room
1 full bed
Only 1 room left at this price on our site"
Céntrico Plaza España - Gran Vía V,1635.0,8.8,22.0,4.0,squares,"Madrid City Center, Madrid","Penthouse Apartment
Entire apartment • 1 bedroom • 1 living room • 1 bathroom • 1 kitchen • 65m²
2 beds (1 full, 1 sofa bed)
Free cancellation"
Apartamento Barajas Mercurio A,629.0,10.0,1.0,3.0,squares,"Barajas, Madrid","One-Bedroom Apartment
1 full bed
Free cancellation"
Beautiful flat in Lavapiés-Embajadores,1028.0,8.4,8.0,3.0,squares,"Madrid City Center, Madrid","One-Bedroom Apartment
2 beds (1 full, 1 sofa bed)
Free cancellation"
MOLINA - LA LATINA,993.0,7.1,254.0,3.0,squares,"Madrid City Center, Madrid","One-Bedroom Apartment
Entire apartment • 1 bedroom • 1 living room • 1 bathroom • 1 kitchen • 45m²
2 beds (1 full, 1 sofa bed)
Free cancellation
Only 1 left at this price on our site"
Regente Hotel,2742.0,8.5,5144.0,3.0,stars,"Madrid City Center, Madrid","Quadruple Room with City View
Beds: 1 double or 2 twins
Free cancellation
Only 2 rooms left at this price on our site"
MAD Apartments by Olala Homes,1192.0,8.3,851.0,3.0,squares,"Puente de Vallecas, Madrid","Studio Apartment
Entire studio • 1 bathroom • 1 kitchen • 30m²
2 beds (1 full, 1 sofa bed)
Only 6 left at this price on our site"
The Social Hub Madrid 4 star,1599.0,8.8,1574.0,4.0,stars,"Moncloa-Aravaca, Madrid","King Room
1 king bed"
OXYGEN HOSTEL Capsula,969.0,7.9,2533.0,,,"Arganzuela, Madrid","Capsule Double Bed - Mixed Dormitory Room
Bed in dorm
1 full bed
Free cancellation
Only 7 beds left at this price on our site"
Hostal Madrid Star,1035.0,8.3,2684.0,1.0,stars,"Madrid City Center, Madrid","Deluxe Double Room with City View
1 king bed
Only 3 rooms left at this price on our site"
Atocha habitaciones,440.0,5.6,304.0,,,"Madrid City Center, Madrid","Double Room with Private External Bathroom
1 full bed
Only 2 rooms left at this price on our site"
Hostal Paquita,580.0,7.8,1070.0,1.0,stars,"Fuencarral-El Pardo, Madrid","Double or Twin Room
Multiple bed types
Only 1 room left at this price on our site"
BLESS Hotel Madrid - The Leading Hotels of the World,4047.0,8.4,998.0,5.0,stars,"Salamanca, Madrid","Superior Room
1 king bed
Free cancellation
Only 3 rooms left at this price on our site"
Simone Apartments,758.0,8.7,160.0,3.0,squares,"Usera, Madrid","Superior Studio
Entire studio • 1 bathroom • 1 kitchen • 34m²
2 beds (1 full, 1 sofa bed)
Only 1 left at this price on our site"
Hostal Ballesta,1150.0,8.3,2611.0,2.0,stars,"Madrid City Center, Madrid","Double or Twin Room with Balcony
Beds: 1 double or 2 twins
Only 2 rooms left at this price on our site"
Hostal Las Fuentes,1076.0,8.2,3654.0,2.0,stars,"Madrid City Center, Madrid","Interior Comfort Double Room
1 full bed
Only 1 room left at this price on our site"
"G4 Apartamento Exclusivo, Madrid",1023.0,8.7,23.0,,,"Ciudad Lineal, Madrid","One-Bedroom Apartment
2 beds (1 full, 1 sofa bed)
Free cancellation"
Nice apartment in Calle Hortaleza 96,1158.0,7.8,7.0,,,"Madrid City Center, Madrid","One-Bedroom Apartment
1 full bed
Free cancellation"
Apartamentos EconoStay Callao,827.0,,,3.0,squares,"Madrid City Center, Madrid","One-Bedroom Apartment
Entire apartment • 1 bedroom • 1 living room • 1 bathroom • 20m²
2 beds (1 full, 1 sofa bed)
Free cancellation"
MyHouseSpain - Fuencarral and Gran Vía,765.0,6.8,347.0,3.0,squares,"Madrid City Center, Madrid","Double Room with Shared Bathroom
1 full bed
Free cancellation
Only 2 rooms left at this price on our site"
Loft I en Madrid,953.0,7.5,8.0,,,"Arganzuela, Madrid","One-Bedroom Apartment
2 beds (1 full, 1 sofa bed)
Free cancellation"
Hostal Rofer,748.0,8.4,1005.0,1.0,stars,"Madrid City Center, Madrid","Double Room
1 full bed
Only 2 rooms left at this price on our site"
Rosewood Villa Magna,6707.0,9.6,265.0,5.0,stars,"Salamanca, Madrid","Premier Double Room
1 king bed
Free cancellation
No prepayment needed – pay at the property"
Radisson RED Madrid,1996.0,8.6,6888.0,4.0,stars,"Madrid City Center, Madrid","Standard Room - High Floor
Beds: 1 double or 2 twins"
AbraCadabra Suites,591.0,7.3,1758.0,,,"Madrid City Center, Madrid","Double with Shared Bathroom with Balcony
1 full bed
Only 1 room left at this price on our site"
Deluxe en plaza mayor,1231.0,8.1,22.0,3.0,squares,"Madrid City Center, Madrid","One-Bedroom Apartment
Entire apartment • 1 bedroom • 1 living room • 1 bathroom • 1 kitchen • 40m²
1 full bed"
Petit Palace Lealtad Plaza,1822.0,8.4,3017.0,4.0,stars,"Retiro, Madrid","Double or Twin Room
Beds: 1 double or 2 twins"
Canillas - Mintystay Apartments,1368.0,8.4,65.0,4.0,squares,"Chamartín, Madrid","One-Bedroom Apartment
Entire apartment • 1 bedroom • 1 living room • 1 bathroom • 1 kitchen • 48m²
2 beds (1 king, 1 sofa bed)
Free cancellation
Only 1 left at this price on our site"
N1 Casa de Madrid - greenpeace line,594.0,5.6,1381.0,,,"Salamanca, Madrid","Double Room with Shared Bathroom
1 king bed
Free cancellation
Only 1 room left at this price on our site"
Petit Palace Tres Cruces,1457.0,8.5,3518.0,3.0,stars,"Madrid City Center, Madrid","Double Room
Beds: 1 double or 2 twins
Free cancellation"
Cozy flat 20 min from Puerta del Sol - Cordon,753.0,8.0,3.0,,,"Ciudad Lineal, Madrid","One-Bedroom Apartment
1 full bed"
Apartamento interior-tranquilo en Chamberí - CISN,966.0,6.3,3.0,3.0,squares,"Chamberi, Madrid","One-Bedroom Apartment
Entire apartment • 1 bedroom • 1 living room • 1 bathroom • 40m²
2 beds (1 full, 1 sofa bed)
Free cancellation"
LUCIENTE,1165.0,8.7,73.0,3.0,squares,"Madrid City Center, Madrid","Standard Apartment
Entire apartment • 2 bedrooms • 1 living room • 2 bathrooms • 1 kitchen • 39m²
2 beds (1 full, 1 sofa bed)
Free cancellation"
Dobo Homes - BQ38,1691.0,9.1,37.0,3.0,squares,"Madrid City Center, Madrid","One-Bedroom Apartment
Entire apartment • 1 bedroom • 1 living room • 1 bathroom • 1 kitchen • 47m²
2 beds (1 sofa bed, 1 queen)
Free cancellation
Only 3 left at this price on our site"
"TÓTEM Madrid, a Small Luxury Hotel of the World",2705.0,9.0,785.0,4.0,stars,"Salamanca, Madrid","Petite Double Room
1 queen bed
Only 3 rooms left at this price on our site"
Central flat in the best location-COMEN-2-DE,1342.0,8.6,5.0,,,"Madrid City Center, Madrid","One-Bedroom Apartment
1 full bed
Free cancellation"
Minty Stay - Hortaleza Studio,1118.0,7.9,53.0,3.0,squares,"Madrid City Center, Madrid","One-Bedroom Apartment
Entire apartment • 1 bedroom • 1 living room • 1 bathroom • 1 kitchen • 35m²
2 beds (1 full, 1 sofa bed)
Free cancellation"
Hotel Fenix Gran Meliá - The Leading Hotels of the World,3330.0,8.9,664.0,5.0,stars,"Salamanca, Madrid","Premium Room
Beds: 1 double or 2 twins
Free cancellation
No prepayment needed – pay at the property"
Casa de huéspedes Mi lla,537.0,6.2,1860.0,,,"Madrid City Center, Madrid","Double Room with Balcony
1 full bed
Only 5 rooms left at this price on our site"
easyHotel Madrid Centro Atocha,811.0,7.9,5371.0,2.0,stars,"Arganzuela, Madrid","Standard Twin Room
2 twin beds"
Apartamento con terraza céntrico moderno Nuevo,947.0,8.8,66.0,3.0,squares,"Tetuan, Madrid","One-Bedroom Apartment
1 full bed
Free cancellation"
Charming Madrid Ferrocarril - Estancias Temporales,932.0,7.5,41.0,3.0,squares,"Arganzuela, Madrid","Two-Bedroom Apartment
Entire apartment • 2 bedrooms • 1 living room • 1 bathroom • 55m²
2 full beds"
"Mayor calle, alójate en el centro histórico de Madrid, junto a plaza Mayor y Mercado de San Miguel, edificio histórico 3er piso sin ascensor",1280.0,8.3,91.0,3.0,squares,"Madrid City Center, Madrid","One-Bedroom Apartment
Entire apartment • 1 bedroom • 1 living room • 1 bathroom • 1 kitchen • 50m²
2 beds (1 full, 1 sofa bed)
Free cancellation"
"InterContinental Madrid, an IHG Hotel",3787.0,8.9,419.0,5.0,stars,"Chamberi, Madrid","Premium Room
Multiple bed types
Breakfast included
Free cancellation
No prepayment needed – pay at the property
Only 6 rooms left at this price on our site"
Exyca Malasaña,955.0,8.0,1.0,3.0,squares,"Madrid City Center, Madrid","One-Bedroom Apartment
Entire apartment • 1 bedroom • 1 living room • 1 bathroom • 1 kitchen • 40m²
1 full bed
Free cancellation"
Estudios Nuevos Madrid Centro,642.0,8.8,120.0,3.0,squares,"Villaverde, Madrid","Queen Room - Disability Access
1 queen bed
Free cancellation
Only 1 room left at this price on our site"
JW Marriott Hotel Madrid,4909.0,8.7,172.0,5.0,stars,"Madrid City Center, Madrid","Deluxe King Room with City View and Balcony
1 king bed
Free cancellation
No prepayment needed – pay at the property
Only 5 rooms left at this price on our site"
Apartamentos Tetuán Sandino,663.0,6.9,21.0,3.0,squares,"Tetuan, Madrid","Apartment - Ground Floor
Entire apartment • 2 bedrooms • 1 living room • 1 bathroom • 1 kitchen • 40m²
2 beds (1 twin, 1 full)
Only 1 left at this price on our site"
Hostal Anton Martin,1434.0,8.5,3217.0,3.0,stars,"Madrid City Center, Madrid","Superior Double Room
1 king bed
Only 1 room left at this price on our site"
Apartment in the center of Madrid-COMENDA-1-I,1333.0,8.3,30.0,,,"Madrid City Center, Madrid","One-Bedroom Apartment
2 beds (1 full, 1 sofa bed)
Free cancellation"
Spacious Luxury 1BR in Centro! S.AN,1599.0,8.7,27.0,3.0,squares,"Madrid City Center, Madrid","One-Bedroom Apartment
Entire apartment • 1 bedroom • 1 living room • 1 bathroom • 60m²
2 beds (1 full, 1 sofa bed)
Free cancellation"
Modern Loft in Madrid Río - Style and Comfort - Manzanares,1274.0,8.0,1.0,,,"Arganzuela, Madrid","One-Bedroom Apartment
3 beds (1 full, 2 sofa beds)
Free cancellation"
Habitación Atocha Mendez,460.0,7.5,29.0,,,"Arganzuela, Madrid","Double Room with Garden View
1 full bed
Only 1 room left at this price on our site"
Apartamento acogedor y cómodo GUAD-C,1072.0,8.7,16.0,,,"Salamanca, Madrid","One-Bedroom Apartment
2 beds (1 full, 1 sofa bed)
Free cancellation"
JM11SI Piso 2 dormitorios WIFI Fibra,953.0,10.0,1.0,3.0,squares,"Chamberi, Madrid","Two-Bedroom Apartment
3 beds (2 fulls, 1 sofa bed)
Free cancellation
No prepayment needed – pay at the property"
Apartamentos Torr en Madrid - Chamartín,834.0,7.5,445.0,3.0,squares,"Chamartín, Madrid","Penthouse Apartment
Entire apartment • 1 bedroom • 1 living room • 1 bathroom • 1 kitchen • 55m²
2 twin beds
Only 1 left at this price on our site"
Suites Viena Plaza de España,1459.0,9.1,1375.0,3.0,stars,"Moncloa-Aravaca, Madrid","Large Double Room
Multiple bed types
Breakfast included
Free cancellation
Only 5 rooms left at this price on our site"
Beautiful studio in Tetuan for 2 pax - Bj A,1027.0,8.3,10.0,,,"Tetuan, Madrid","One-Bedroom Apartment
1 full bed
Free cancellation"
BERNABEU/ C.UNIVERSITARIA APARTMENTS,1220.0,7.1,385.0,3.0,squares,"Tetuan, Madrid","Superior Studio
Entire apartment • 1 bedroom • 1 bathroom • 1 kitchen • 30m²
2 beds (1 full, 1 sofa bed)
Free cancellation
Only 1 left at this price on our site"
"Urban Elegance, New, Stylish, Convenient, and WOW",1064.0,10.0,33.0,3.0,squares,"Chamartín, Madrid","One-Bedroom Apartment
1 full bed
Free cancellation"
Apartamentos Day Madrid SANTO DOMINGO Centro Gran Via Sol Malasaña,2174.0,6.8,86.0,3.0,squares,"Madrid City Center, Madrid","Three-Bedroom Apartment
Entire apartment • 3 bedrooms • 1 living room • 3 bathrooms • 1 kitchen • 105m²
5 beds (3 fulls, 2 sofa beds)
Free cancellation
Only 1 left at this price on our site"
Bonito apartamento en B. Salamanca H34,1113.0,8.0,4.0,3.0,squares,"Salamanca, Madrid","Two-Bedroom Apartment
2 beds (1 twin, 1 full)
Free cancellation"
Mante House - Malasaña Design,1678.0,9.0,777.0,4.0,squares,"Madrid City Center, Madrid","One-Bedroom Apartment
Entire apartment • 1 bedroom • 1 living room • 2 bathrooms • 1 kitchen • 30m²
2 beds (1 full, 1 sofa bed)
Only 2 left at this price on our site"
1 bedrooms 1 bathroom furnished - Salamanca - cozy & equipped - MintyStay,1227.0,6.5,4.0,3.0,squares,"Salamanca, Madrid","Studio Apartment
Entire apartment • 1 bedroom • 1 bathroom • 30m²
1 full bed
Free cancellation"
Home & Private Terrace WIFI + AIRCON,995.0,7.4,33.0,,,"Latina, Madrid","Apartment
Entire apartment • 2 bedrooms • 1 bathroom • 1 kitchen
3 beds (2 twins, 1 full)
Free cancellation"
Apartamento Tosca Deco,841.0,7.3,32.0,3.0,squares,"Chamartín, Madrid","Apartment
Entire apartment • 1 bedroom • 1 living room • 1 bathroom • 1 kitchen • 70m²
2 beds (1 full, 1 sofa bed)
Only 1 left at this price on our site"
Modern apartment-1Bedroom 1Bath-Prosperidad,1202.0,9.5,4.0,3.0,squares,"Chamartín, Madrid","One-Bedroom Apartment
Entire apartment • 1 bedroom • 1 living room • 1 bathroom • 1 kitchen • 40m²
1 full bed
Free cancellation"
Hostal A Nuestra Senora de La Paloma,1092.0,8.4,943.0,3.0,squares,"Madrid City Center, Madrid","Economy Double Room
1 full bed
Free cancellation"
"Microloft en Lavapiés, 15 metros",627.0,6.7,23.0,3.0,squares,"Madrid City Center, Madrid","Studio
Entire studio • 1 bathroom • 15m²
1 full bed"
"Cosy Studio in the Heart of Lavapiés, Madrid - Amparo",725.0,,,,,"Madrid City Center, Madrid","One-Bedroom Apartment
2 twin beds
Free cancellation"
"Apartamentos Torr Zona Caja Mágica, Hospital 12 de Octubre - Con Garaje Gratis",1594.0,7.4,35.0,3.0,squares,"Usera, Madrid","Apartment
Entire apartment • 3 bedrooms • 1 living room • 2 bathrooms • 1 kitchen • 120m²
7 beds (6 twins, 1 sofa bed)
Free cancellation"
Acogedor Dúplex en Salamanca,1287.0,9.0,13.0,3.0,squares,"Salamanca, Madrid","One-Bedroom Apartment
2 beds (1 sofa bed, 1 queen)
Free cancellation
Only 1 left at this price on our site"
Barceló Imagine,1567.0,9.2,3017.0,5.0,stars,"Chamartín, Madrid","Deluxe Double or Twin Room
Beds: 1 double or 2 twins
Only 5 rooms left at this price on our site"
AP Leganitos -No Ascensor-,855.0,6.6,110.0,,,"Madrid City Center, Madrid","Large Double Room
1 full bed
Free cancellation
Only 6 rooms left at this price on our site"
Generator Madrid,1475.0,8.2,11651.0,,,"Madrid City Center, Madrid","Deluxe Twin Room
Multiple bed types
Only 5 rooms left at this price on our site"
Apartamentos Mayor Centro,1210.0,9.0,2778.0,3.0,squares,"Madrid City Center, Madrid","Exterior Twin Studio without Terrace
Entire apartment • 1 bedroom • 1 bathroom • 1 kitchen • 30m²
2 twin beds
Only 1 left at this price on our site"
Lovely 2-bed flat in Tetuan by SharingCo.,1149.0,8.4,38.0,4.0,squares,"Tetuan, Madrid","Two-Bedroom Apartment
Entire apartment • 1 bathroom • 1 kitchen • 70m²
3 beds (2 twins, 1 full)
Free cancellation"
Charming Valverde Malasaña,881.0,8.1,22.0,3.0,squares,"Madrid City Center, Madrid","Studio Apartment
Entire apartment • 1 bathroom • 1 kitchen • 28m²
1 sofa bed"
Minty Stay - Valverde,1334.0,6.9,31.0,3.0,squares,"Madrid City Center, Madrid","One-Bedroom Apartment
Entire apartment • 1 bedroom • 1 living room • 1 kitchen • 30m²
2 beds (1 full, 1 sofa bed)
Free cancellation"
Hostal Oliver,974.0,7.9,2662.0,3.0,squares,"Madrid City Center, Madrid","Double Room with Private Bathroom
1 full bed"
GuestReady - One fantástic city retreat,3334.0,8.8,7.0,4.0,squares,"Tetuan, Madrid","Three-Bedroom Apartment
Entire apartment • 3 bedrooms • 2 bathrooms • 1 kitchen • 160m²
3 beds (1 twin, 1 full, 1 queen)
Free cancellation"
Apartamentos Noviembre,604.0,7.2,42.0,3.0,squares,"San Blas, Madrid","One-Bedroom Deluxe Apartment
Entire apartment • 1 bedroom • 1 bathroom • 1 kitchen • 28m²
1 full bed
Free cancellation
Only 1 left at this price on our site"
Social - Coliving & Coworking - Madrid,890.0,8.2,3067.0,,,"Madrid City Center, Madrid","Budget Double Room
1 full bed
Only 1 room left at this price on our site"
Apartamento en centro de Madrid - artist workshop,804.0,4.5,6.0,,,"Madrid City Center, Madrid","Two-Bedroom Apartment
Entire apartment • 2 bedrooms • 1 living room • 2 bathrooms • 110m²
3 beds (2 fulls, 1 sofa bed)
Free cancellation"
Marina Rooms,980.0,8.3,2335.0,3.0,squares,"Madrid City Center, Madrid","Interior Double Room
1 full bed
Free cancellation
Only 4 rooms left at this price on our site"
Hostal Zamora,1025.0,8.7,1697.0,2.0,stars,"Madrid City Center, Madrid","Twin Room
2 twin beds
Only 1 room left at this price on our site"
Hispano Gran Vía,896.0,8.3,1707.0,2.0,stars,"Madrid City Center, Madrid","Double or Twin Room
Beds: 1 double or 2 twins"
Exclusivo Dúplex en Salamanca,1407.0,9.1,15.0,3.0,squares,"Salamanca, Madrid","One-Bedroom Apartment
2 beds (1 full, 1 sofa bed)
Free cancellation
Only 1 left at this price on our site"
Room Mate Macarena – Gran Vía,1495.0,8.9,6079.0,3.0,stars,"Madrid City Center, Madrid","Standard Double or Twin Room
2 twin beds
Only 2 rooms left at this price on our site"
"Hotel Indigo Madrid - Gran Vía, an IHG Hotel",1773.0,8.6,1593.0,4.0,stars,"Madrid City Center, Madrid","Standard Room
1 queen bed
Only 6 rooms left at this price on our site"
Santa Cruz,2527.0,8.6,125.0,4.0,squares,"Madrid City Center, Madrid","King Studio with Sofa Bed
Entire studio • 1 bathroom • 1 kitchen • 36m²
3 beds (1 full, 2 sofa beds)
Free cancellation
Only 1 left at this price on our site"
Hostal Arenal Madrid,3633.0,8.3,1146.0,3.0,squares,"Madrid City Center, Madrid","Executive Triple Room
3 beds (1 twin, 1 full, 1 sofa bed)
Free cancellation
Only 1 room left at this price on our site"
URBANSEA Atocha 113,1123.0,8.2,3688.0,1.0,stars,"Madrid City Center, Madrid","Double Room
1 full bed
Only 6 rooms left at this price on our site"
Charming Gran Vía Attic,812.0,6.6,24.0,3.0,squares,"Madrid City Center, Madrid","Apartment - Split Level
Entire apartment • 1 bedroom • 1 living room • 1 bathroom • 1 kitchen • 12m²
1 full bed
Only 1 left at this price on our site"
Apartment in the Centre,1356.0,8.5,1256.0,4.0,squares,"Madrid City Center, Madrid","One-Bedroom Apartment
Entire apartment • 1 bedroom • 1 living room • 1 bathroom • 1 kitchen • 52m²
2 beds (1 full, 1 sofa bed)
Free cancellation
Only 1 left at this price on our site"
Dobo Homes - GC21,958.0,8.8,189.0,3.0,squares,"Tetuan, Madrid","One-Bedroom Apartment
Entire apartment • 1 bedroom • 1 bathroom • 1 kitchen • 30m²
1 queen bed
Only 1 left at this price on our site"
Preciosos apartamentos en el centro de Madrid,2600.0,7.5,308.0,3.0,squares,"Madrid City Center, Madrid","Apartment with Balcony
Entire apartment • 2 bedrooms • 1 living room • 1 bathroom • 1 kitchen • 65m²
4 beds (1 full, 2 bunk beds, 1 sofa bed)
Free cancellation
Only 2 left at this price on our site"
Be Casa - Valdebebas,975.0,8.8,1380.0,3.0,squares,"Hortaleza, Madrid","Studio
Entire studio • 1 bathroom • 1 kitchen • 20m²
1 full bed
Free cancellation"
Loft de lujo a pasos del prado,1220.0,8.4,49.0,3.0,squares,"Madrid City Center, Madrid","One-Bedroom Apartment
Entire apartment • 1 bedroom • 1 living room • 1 bathroom • 1 kitchen • 40m²
2 beds (1 full, 1 sofa bed)"
Penthouse + Terrace in Estrecho - En 20,1130.0,7.5,11.0,,,"Tetuan, Madrid","One-Bedroom Apartment
Entire apartment • 1 bedroom • 1 living room • 1 bathroom
2 beds (1 full, 1 sofa bed)
Free cancellation"
CH CRUZ MADRiD,3745.0,7.9,107.0,3.0,squares,"Madrid City Center, Madrid","Triple Room with Balcony
2 beds (1 twin, 1 full)
Free cancellation
Only 5 rooms left at this price on our site"
Autentic Boutique Moncloa,924.0,7.8,231.0,,,"Chamberi, Madrid","Queen Room
1 full bed
Only 3 rooms left at this price on our site"
Cozy Duplex in Malasaña - Ac10,1066.0,8.3,10.0,,,"Madrid City Center, Madrid","One-Bedroom Apartment
2 beds (1 full, 1 sofa bed)
Free cancellation"
ICON Embassy,2301.0,8.7,1546.0,4.0,stars,"Salamanca, Madrid","Double or Twin Room (1-2 Adults)
Beds: 1 double or 2 twins
Breakfast included"
Apartamento Principe de Vergara,1219.0,8.3,12.0,3.0,squares,"Chamartín, Madrid","One-Bedroom Apartment
2 beds (1 full, 1 sofa bed)
Free cancellation"
Gran Via I Santa Ana,955.0,7.2,42.0,3.0,squares,"Madrid City Center, Madrid","One-Bedroom Apartment
2 beds (1 full, 1 sofa bed)
Only 1 left at this price on our site"
Charming Puerta de Toledo III,1162.0,7.7,38.0,3.0,squares,"Arganzuela, Madrid","One-Bedroom Apartment
Entire apartment • 1 bedroom • 1 living room • 1 bathroom • 1 kitchen • 53m²
2 beds (1 full, 1 sofa bed)"
Madrid Live Coworking - SELF SERVICE -,636.0,7.6,407.0,3.0,squares,"Latina, Madrid","Double Room
1 full bed"
Beautiful studio in Prosperidad SAL,829.0,6.8,4.0,,,"Chamartín, Madrid","One-Bedroom Apartment
1 full bed
Free cancellation"
"Bright duplex- 1Bd 1,5 Bth - Sol",1662.0,9.4,25.0,4.0,squares,"Madrid City Center, Madrid","One-Bedroom Apartment
Entire apartment • 1 bedroom • 1 living room • 2 bathrooms • 1 kitchen • 60m²
2 beds (1 full, 1 sofa bed)
Free cancellation"
"S4 Apartamento nuevo, Madrid",939.0,9.3,33.0,,,"Tetuan, Madrid","One-Bedroom Apartment
2 beds (1 full, 1 sofa bed)
Free cancellation"
Hostal La Zona,1193.0,8.8,1021.0,3.0,squares,"Madrid City Center, Madrid","Large Double Room
1 queen bed
Only 3 rooms left at this price on our site"
CH Barco,931.0,8.4,288.0,1.0,stars,"Madrid City Center, Madrid","Interior Double Room
1 full bed
Free cancellation
Only 4 rooms left at this price on our site"
Charming Ribera del Manzanares Madrid,1008.0,7.9,44.0,3.0,squares,"Arganzuela, Madrid","One-Bedroom Apartment
Entire apartment • 1 bedroom • 1 living room • 1 bathroom • 1 kitchen • 35m²
2 beds (1 full, 1 sofa bed)
Only 1 left at this price on our site"
Estudio con vistas AlcaláRetiro,1325.0,8.2,12.0,3.0,squares,"Salamanca, Madrid","Queen Studio
Entire studio • 1 bathroom • 1 kitchen • 30m²
2 twin beds
Free cancellation"
Apartamento amarillo en Atocha,942.0,7.7,13.0,,,"Madrid City Center, Madrid","One-Bedroom Apartment
1 full bed
Free cancellation
Only 1 left at this price on our site"
Calatrava - Darya Living,1244.0,8.8,210.0,4.0,squares,"Madrid City Center, Madrid","Deluxe Studio
Entire studio • 1 bathroom • 1 kitchen • 47m²
2 beds (1 full, 1 sofa bed)
Free cancellation
Only 1 left at this price on our site"
Hostal 4C Cuatro Caminos,1080.0,8.3,2075.0,3.0,stars,"Tetuan, Madrid","Double Room
1 full bed
Free cancellation"
Novotel Madrid City Las Ventas,1497.0,8.6,3178.0,4.0,stars,"Ciudad Lineal, Madrid","Superior Twin Room
2 twin beds
Only 7 rooms left at this price on our site"
1 bedroom 1 bathroom furnished - Salamanca - Modern WTerrace - MintyStay,1765.0,9.4,96.0,,,"Salamanca, Madrid","One-Bedroom Apartment
Entire apartment • 1 bedroom • 1 living room • 1 bathroom • 1 kitchen • 80m²
2 beds (1 sofa bed, 1 queen)
Free cancellation"
Apartamento cercano a Madrid Rio céntrico Nuevo,947.0,8.3,84.0,3.0,squares,"Latina, Madrid","One-Bedroom Apartment
Entire apartment • 1 bedroom • 1 bathroom • 1 kitchen • 45m²
1 full bed
Free cancellation"
Plaza España III calle Leganitos 2BR 2BH,2094.0,8.6,24.0,4.0,squares,"Madrid City Center, Madrid","Two-Bedroom Apartment
Entire apartment • 2 bedrooms • 2 bathrooms • 1 kitchen • 63m²
2 full beds
Free cancellation"
SVF76 - Loft MALASAÑA,1043.0,8.6,86.0,3.0,squares,"Madrid City Center, Madrid","One-Bedroom Apartment
Entire apartment • 1 bedroom • 1 bathroom • 1 kitchen • 30m²
1 full bed"
limehome Madrid La Bolsa,1308.0,8.9,1053.0,3.0,squares,"Madrid City Center, Madrid","Studio Apartment
Entire chalet • 1 bedroom • 1 bathroom • 33m²
1 full bed
Only 1 left at this price on our site"
Singular apartamento en Delicias by beBalmy,1107.0,7.6,47.0,3.0,squares,"Arganzuela, Madrid","One-Bedroom Apartment
Entire apartment • 1 bedroom • 1 bathroom • 1 kitchen • 55m²
2 full beds
Free cancellation"
Líbere Madrid Palacio Real,1204.0,7.8,1076.0,3.0,stars,"Madrid City Center, Madrid","Studio
Entire studio • 1 bathroom • 1 kitchen • 28m²
1 full bed"
Bravo en Madrid,1113.0,7.9,548.0,3.0,squares,"Salamanca, Madrid","One-Bedroom Apartment X
Entire apartment • 1 bedroom • 1 living room • 1 bathroom • 1 kitchen • 45m²
2 beds (1 full, 1 sofa bed)
Only 1 left at this price on our site"
Apartamento St Barbara-Madrid,1167.0,7.4,54.0,3.0,squares,"Madrid City Center, Madrid","Apartment - Ground Floor
2 beds (1 full, 1 sofa bed)
Free cancellation
Only 1 left at this price on our site"
Letoh Letoh Gran Vía,1402.0,8.8,8593.0,,,"Madrid City Center, Madrid","Standard Double Room
1 full bed"
Amplio apto a 300m de Retiro,1257.0,7.7,15.0,,,"Retiro, Madrid","One-Bedroom Apartment
2 beds (1 full, 1 sofa bed)
Free cancellation"
Axor Feria,1052.0,8.4,7389.0,4.0,stars,"San Blas, Madrid","Double Room with free airport shuttle
Beds: 1 double or 2 twins"
Ibis Budget Madrid Vallecas,578.0,7.7,3448.0,1.0,stars,"Villa de Vallecas, Madrid","Standard Twin Room
2 twin beds"
Bright and cozy- 1D 1B- Plaza Castilla,871.0,7.0,5.0,,,"Tetuan, Madrid","One-Bedroom Apartment
Entire apartment • 1 bathroom • 1 kitchen • 70m²
Free cancellation"
Urban Inn Madrid,393.0,7.3,138.0,,,"Madrid City Center, Madrid","Habitación compartida cápsula doble
1 full bed"
Aspasios Atocha Apartments,1550.0,8.8,1022.0,4.0,squares,"Madrid City Center, Madrid","One-Bedroom Apartment
Entire apartment • 1 bedroom • 1 living room • 1 bathroom • 1 kitchen • 40m²
2 beds (1 full, 1 sofa bed)
Only 1 left at this price on our site"
Centric- 1Bd 1Bth furnished - Chueca,1391.0,7.6,10.0,,,"Madrid City Center, Madrid","One-Bedroom Apartment
Entire apartment • 1 bathroom • 1 kitchen • 65m²
Free cancellation"
min hostel capsules,292.0,6.7,749.0,,,"Ciudad Lineal, Madrid","Double Room
1 full bed
Free cancellation
Only 5 rooms left at this price on our site"
JQC Rooms,1023.0,7.4,3229.0,3.0,squares,"Madrid City Center, Madrid","Twin Room with Private Bathroom
2 twin beds
Only 3 rooms left at this price on our site"
Modern Downtown studio walking to Atocha,855.0,10.0,2.0,3.0,squares,"Arganzuela, Madrid","One-Bedroom Apartment
3 twin beds
Free cancellation"
Canopy by Hilton Madrid Castellana,1857.0,8.7,2720.0,4.0,stars,"Tetuan, Madrid","Queen Room - Mobility Access
1 queen bed"
Dobo Homes - EG13,929.0,8.7,223.0,3.0,squares,"Puente de Vallecas, Madrid","Studio Apartment
Entire apartment • 1 bedroom • 1 living room • 1 bathroom • 1 kitchen • 31m²
1 full bed
Free cancellation
Only 4 left at this price on our site"
BYPILLOW The Citadel,1275.0,8.5,1480.0,1.0,stars,"Madrid City Center, Madrid","Double
1 full bed
Only 3 rooms left at this price on our site"
Dobo Homes - PF3,932.0,8.8,6.0,3.0,squares,"Arganzuela, Madrid","Double or Twin Room
1 queen bed
Free cancellation
Only 2 rooms left at this price on our site"
Exyca Malasaña,982.0,7.9,10.0,3.0,squares,"Madrid City Center, Madrid","One-Bedroom Apartment
Entire apartment • 1 bedroom • 1 living room • 1 bathroom • 1 kitchen • 40m²
2 beds (1 full, 1 sofa bed)
Free cancellation"
Residencia Universitaria Erasmo,596.0,8.4,710.0,,,"Fuencarral-El Pardo, Madrid","Comfort Studio
Entire studio • 1 bathroom • 30m²
3 beds (2 twins, 1 sofa bed)
Breakfast included
Only 1 left at this price on our site"
Charming Vibrant Madrid,1180.0,8.6,43.0,3.0,squares,"Madrid City Center, Madrid","One-Bedroom Apartment
Entire apartment • 1 bedroom • 1 living room • 1 bathroom • 23m²
2 beds (1 full, 1 sofa bed)"
Puerto Alto Apartments by Olala Homes,1299.0,8.5,193.0,4.0,squares,"Puente de Vallecas, Madrid","Studio Apartment
Entire apartment • 1 bedroom • 1 bathroom • 1 kitchen • 36m²
1 full bed
Only 2 left at this price on our site"
Apartamento Andrés Tamayo AV AMERICA,888.0,7.9,122.0,3.0,squares,"Salamanca, Madrid","Studio with Balcony
Entire studio • 1 bathroom
1 full bed
Only 4 left at this price on our site"
Art Seven Hostel Capsules,560.0,7.8,5209.0,,,"Madrid City Center, Madrid","Double Capsule Bed in Mixed Dormitory
Bed in dorm
1 full bed
Only 1 bed left at this price on our site"
Modern and cozy-1Bedroom 1Bathroom-Azca,1192.0,7.4,9.0,3.0,squares,"Tetuan, Madrid","One-Bedroom Apartment
Entire apartment • 1 bedroom • 1 living room • 1 bathroom • 1 kitchen • 40m²
1 full bed
Free cancellation"
Ilunion Suites Madrid,1244.0,8.5,7767.0,4.0,stars,"Chamartín, Madrid","Standard Double or Twin Room
Beds: 1 double or 2 twins
Free cancellation"
Ikonik Gran Vía,1983.0,8.8,1488.0,4.0,stars,"Madrid City Center, Madrid","Double Room with Terrace
1 queen bed
Only 2 rooms left at this price on our site"
Acogedor apartamento en Atocha by beBalmy,1041.0,8.1,17.0,3.0,squares,"Arganzuela, Madrid","One-Bedroom Apartment
Entire apartment • 1 bedroom • 1 living room • 1 bathroom • 1 kitchen • 40m²
1 full bed
Free cancellation"
Apto Centro Aeropuerto Feria Wizink,749.0,7.0,3.0,3.0,squares,"Ciudad Lineal, Madrid","One-Bedroom Apartment
2 beds (1 full, 1 sofa bed)
Free cancellation"
Hostal Miami,773.0,7.3,1984.0,2.0,stars,"Madrid City Center, Madrid","Double Room with Shared Bathroom - Non Smoking
1 full bed
Only 3 rooms left at this price on our site"
Hyatt Centric Gran Via Madrid,2558.0,8.9,2695.0,5.0,stars,"Madrid City Center, Madrid","King Room
1 king bed"
Suite Shibari by Justine Apartments Sobria Elegante y Pecaminosa Apartamento turístico en Madrid Río,894.0,9.2,23.0,3.0,squares,"Usera, Madrid","Loft
Entire apartment • 1 bedroom • 1 living room • 1 bathroom • 1 kitchen • 30m²
1 full bed"
Stylish triplex-2Bedrooms 2Bathrooms-Ventas,1304.0,9.0,7.0,4.0,squares,"Ciudad Lineal, Madrid","Two-Bedroom Apartment
Entire apartment • 2 bedrooms • 1 living room • 2 bathrooms • 90m²
4 beds (2 twins, 1 full, 1 sofa bed)
Free cancellation"
LAUREL-MintyStay Apartments,1442.0,9.0,92.0,3.0,squares,"Arganzuela, Madrid","One-Bedroom Apartment
Entire apartment • 1 bedroom • 1 living room • 1 bathroom • 1 kitchen • 40m²
2 beds (1 full, 1 sofa bed)
Free cancellation
Only 1 left at this price on our site"
Authentic apartment in Madrid-COMENDA-1-DE,1333.0,8.2,13.0,,,"Madrid City Center, Madrid","One-Bedroom Apartment
2 beds (1 full, 1 sofa bed)
Free cancellation"
Exterior flat in the Golden Mile in Madrid - 3,1089.0,6.2,5.0,3.0,squares,"Salamanca, Madrid","One-Bedroom Apartment
1 full bed
Free cancellation"
INTIMATE AND ARTISTIC FLAT WIFI PUERTA DEL SOL,1092.0,6.4,44.0,,,"Madrid City Center, Madrid","Apartment
Entire apartment • 1 bedroom • 1 bathroom • 1 kitchen
1 full bed
Free cancellation"
Petit Palace Preciados,1342.0,8.2,3096.0,3.0,stars,"Madrid City Center, Madrid","Double or Twin Room
Beds: 1 double or 2 twins"
"Estudio cerca de Metropolitano, Aeropuerto y IFEMA",829.0,9.0,1.0,3.0,squares,"San Blas, Madrid","Deluxe Studio
Entire studio • 1 bathroom • 1 kitchen • 30m²
1 full bed
Free cancellation"
"Hortaleza 4, preciso estudio en Chueca junto a la Gran Vía de Madrid",1271.0,8.9,34.0,3.0,squares,"Madrid City Center, Madrid","One-Bedroom Apartment
Entire apartment • 1 bedroom • 1 bathroom • 1 kitchen • 45m²
1 full bed"
Siete Monos,1738.0,8.8,199.0,3.0,squares,"Madrid City Center, Madrid","Superior Apartment
Entire apartment • 1 bedroom • 1 living room • 1 bathroom • 1 kitchen • 50m²
2 beds (1 full, 1 sofa bed)
Free cancellation
Only 1 left at this price on our site"
NH Collection Madrid Colón,2132.0,8.7,1175.0,4.0,stars,"Salamanca, Madrid","Superior Double or Twin Room
Beds: 1 double or 2 twins"
Centrally located in Madrid 3I,877.0,,,,,"Madrid City Center, Madrid","One-Bedroom Apartment
1 full bed
Free cancellation"
Good Stay Rooms,1045.0,6.9,1339.0,3.0,squares,"Madrid City Center, Madrid","Superior Double Room
1 full bed
Only 6 rooms left at this price on our site"
Barceló Torre de Madrid,1951.0,8.9,2822.0,5.0,stars,"Moncloa-Aravaca, Madrid","Deluxe Room with City View
Multiple bed types
Only 5 rooms left at this price on our site"
Amplio en el corazón d Malasaña,1663.0,8.1,26.0,3.0,squares,"Madrid City Center, Madrid","Two-Bedroom Apartment
Entire apartment • 2 bedrooms • 2 bathrooms • 1 kitchen • 95m²
3 beds (2 twins, 1 full)
Free cancellation"
Aravaca Village Hotel,1083.0,8.4,1005.0,4.0,stars,"Moncloa-Aravaca, Madrid","Double or Twin Room
Beds: 1 double or 2 twins
Free cancellation"
Hostal Rober,992.0,8.2,1485.0,2.0,stars,"Madrid City Center, Madrid","Double or Twin Room
Beds: 1 double or 2 twins
Only 7 rooms left at this price on our site"
Cool Apartments by Olala Homes,1149.0,8.5,488.0,3.0,squares,"Puente de Vallecas, Madrid","Penthouse Apartment
Entire apartment • 1 bedroom • 1 living room • 1 bathroom • 1 kitchen • 30m²
2 beds (1 full, 1 sofa bed)
Only 6 left at this price on our site"
Centro Aeropuerto Wizink Feria Bernabeu,829.0,8.5,30.0,3.0,squares,"Ciudad Lineal, Madrid","One-Bedroom Apartment
2 beds (1 full, 1 sofa bed)
Free cancellation"
Eric Vökel Boutique Apartments - Atocha Suites,1593.0,8.9,1160.0,4.0,squares,"Arganzuela, Madrid","One-Bedroom Apartment
Entire apartment • 1 bedroom • 1 living room • 1 bathroom • 1 kitchen • 40m²
2 beds (1 full, 1 sofa bed)
Only 2 left at this price on our site"
"G2 Apartamento Exclusivo, Madrid",1023.0,8.7,25.0,,,"Ciudad Lineal, Madrid","One-Bedroom Apartment
2 beds (1 full, 1 sofa bed)
Free cancellation"
MyHouseSpain - Luxury flat next to Gran Vía,1876.0,7.2,42.0,3.0,squares,"Madrid City Center, Madrid","Apartment with Shower
Entire apartment • 2 bedrooms • 2 bathrooms • 1 kitchen • 50m²
3 beds (1 twin, 2 fulls)
Free cancellation"
Far Home Atocha,932.0,8.6,2980.0,,,"Madrid City Center, Madrid","Double Room with Shared Bathroom
1 twin bed
Only 3 rooms left at this price on our site"
MyHouseSpain - Fantástico piso frente al Wizink,1137.0,7.8,18.0,,,"Salamanca, Madrid","One-Bedroom Apartment
2 beds (1 full, 1 sofa bed)
Free cancellation"
Ever House Atocha,1755.0,8.7,63.0,4.0,squares,"Arganzuela, Madrid","Superior Apartment
Entire apartment • 2 bedrooms • 1 living room • 2 bathrooms • 1 kitchen • 100m²
4 beds (2 twins, 1 sofa bed, 1 queen)
Only 1 left at this price on our site"
Petit Palace Puerta del Sol,1634.0,8.7,3192.0,3.0,stars,"Madrid City Center, Madrid","Double or Twin Room (1-2 Adults)
Beds: 1 double or 2 twins
Free cancellation"
Nice apartment Plaza Toros - Las Ventas,891.0,8.0,1.0,,,"Ciudad Lineal, Madrid","One-Bedroom Apartment
2 beds (1 full, 1 sofa bed)
Free cancellation"
Aeropuerto Madrid Wanda,795.0,8.6,11.0,3.0,squares,"San Blas, Madrid","One-Bedroom Apartment
2 beds (1 full, 1 sofa bed)
Free cancellation"
Ekilibrio Hotel & Apart-Suites,1050.0,8.2,2230.0,4.0,stars,"Usera, Madrid","Standard Double Suite
Private suite • 1 bedroom • 1 living room • 1 bathroom • 30m²
1 full bed
Free cancellation"
Dobo Homes - SB20,1306.0,8.6,286.0,3.0,squares,"Madrid City Center, Madrid","Studio
Entire studio • 1 bathroom • 19m²
1 full bed
Free cancellation
Only 1 left at this price on our site"
Apartamentos Castilla Luz Business,1229.0,8.7,19.0,3.0,squares,"Tetuan, Madrid","Superior Apartment
Entire apartment • 1 bedroom • 1 bathroom • 1 kitchen • 60m²
1 queen bed
Only 1 left at this price on our site"
AC Hotel Recoletos by Marriott,2300.0,8.6,197.0,4.0,stars,"Salamanca, Madrid","Standard room, Guest room, 1 King
1 king bed
Only 7 rooms left at this price on our site"
MyHouseSpain - Nuevo apartamento junto al Bernabéu,1182.0,8.3,48.0,3.0,squares,"Tetuan, Madrid","Apartment with Shower
Entire apartment • 1 bedroom • 1 bathroom • 50m²
1 full bed
Free cancellation"
Studios Cielo Madrid,1047.0,8.7,1823.0,3.0,squares,"Carabanchel, Madrid","Standard Studio
Entire studio • 1 bathroom • 1 kitchen • 25m²
2 beds (1 full, 1 sofa bed)"
INNSIDE by Meliá Madrid Gran Vía,1982.0,8.9,2342.0,4.0,stars,"Madrid City Center, Madrid","The INNSIDE Room
Beds: 1 double or 2 twins"
Apartamentos Cuatro Caminos,1395.0,8.5,64.0,3.0,squares,"Tetuan, Madrid","Penthouse Apartment
Entire apartment • 2 bedrooms • 1 living room • 2 bathrooms • 1 kitchen • 80m²
3 beds (2 twins, 1 queen)
Free cancellation
Only 1 left at this price on our site"
Woohoo Rooms Boutique Luna,1381.0,9.4,575.0,3.0,squares,"Madrid City Center, Madrid","Junior Suite
Private suite
1 king bed
Only 2 left at this price on our site"
Apartamentos SmartRenting Tribunal,557.0,5.9,359.0,3.0,squares,"Madrid City Center, Madrid","Studio with Balcony
Entire studio • 1 bathroom • 18m²
1 full bed
Only 2 left at this price on our site"
Apartamento Casa de Campo,1026.0,9.4,100.0,4.0,squares,"Latina, Madrid","Two-Bedroom Apartment
Entire apartment • 2 bedrooms • 1 living room • 1 bathroom • 1 kitchen • 65m²
4 beds (2 twins, 1 full, 1 sofa bed)"
Cozy apartment-1Bedroom 1Bathroom-Lavapiés,1028.0,7.6,11.0,3.0,squares,"Madrid City Center, Madrid","Studio Apartment
Entire apartment • 1 bedroom • 1 bathroom • 1 kitchen • 35m²
1 full bed
Free cancellation"
Charming Madrid Río II,876.0,8.2,33.0,3.0,squares,"Usera, Madrid","Two-Bedroom Apartment
3 beds (2 twins, 1 full)"
Bob W Arte,1458.0,9.2,1932.0,3.0,squares,"Arganzuela, Madrid","Studio
Entire studio • 1 bathroom • 1 kitchen • 26m²
1 queen bed"
Hostal Rías Bajas,1311.0,8.3,2696.0,2.0,stars,"Madrid City Center, Madrid","Exterior Double Room
1 full bed
Only 5 rooms left at this price on our site"
Charming Central Madrid Loft,1048.0,7.9,6.0,,,"Madrid City Center, Madrid","One-Bedroom Apartment
3 beds (1 full, 2 sofa beds)
Free cancellation"
For You Rentals Tu espacio en el corazón de la Ciudad Temporal CAD4,679.0,7.5,2.0,3.0,squares,"Moncloa-Aravaca, Madrid","Studio
Entire studio • 1 bathroom • 15m²
1 full bed
Free cancellation"
Apartamento en el centro de Madrid II,1006.0,8.3,24.0,3.0,squares,"Madrid City Center, Madrid","One-Bedroom Apartment
2 beds (1 full, 1 sofa bed)"
B&B HOTEL Madrid Centro Puerta del Sol,1300.0,9.0,5229.0,3.0,stars,"Madrid City Center, Madrid","Double Standard Deluxe
1 queen bed
Only 1 room left at this price on our site"
GuestReady - Confy Retreat in Madrid,1150.0,8.5,19.0,3.0,squares,"Arganzuela, Madrid","One-Bedroom Apartment
Entire apartment • 1 bedroom • 1 living room • 1 bathroom • 1 kitchen • 45m²
2 beds (1 full, 1 sofa bed)
Free cancellation"
CH Velarde,1035.0,7.6,1179.0,1.0,stars,"Madrid City Center, Madrid","Standard Double Room
1 full bed"
NH Madrid Las Tablas,1250.0,8.4,1798.0,4.0,stars,"Fuencarral-El Pardo, Madrid","Standard Double or Twin Room
Beds: 1 double or 2 twins"
2 bedrooms 1 bathroom furnished - Delicias - bright - MintyStay,1227.0,8.1,27.0,3.0,squares,"Arganzuela, Madrid","Two-Bedroom Apartment
Entire apartment • 2 bedrooms • 1 bathroom • 50m²
3 beds (2 twins, 1 full)
Free cancellation
Only 1 left at this price on our site"
limehome Madrid Calle de Don Ramón de la Cruz,1717.0,8.6,847.0,4.0,squares,"Salamanca, Madrid","One-Bedroom Apartment L
Entire apartment • 1 bedroom • 1 living room • 1 bathroom • 34m²
2 beds (1 full, 1 sofa bed)
Only 3 left at this price on our site"
Hostal El Pilar,984.0,8.1,4599.0,2.0,stars,"Madrid City Center, Madrid","Double or Twin Room
Beds: 1 double or 2 twins"
Piso con piscina y garaje en zona Plenilunio,650.0,10.0,8.0,,,"San Blas, Madrid","One-Bedroom Apartment
1 full bed
Free cancellation"
Cozy & centric- 1Bd 1Bth- Salamanca,992.0,5.8,7.0,,,"Salamanca, Madrid","Studio Apartment
Entire apartment • 1 bathroom • 1 kitchen • 40m²
Free cancellation"
AYZ Villegas - Auto check-in property,720.0,7.1,3398.0,,,"Hortaleza, Madrid","Standard Double Room with Shared Bathroom
1 full bed
Only 6 rooms left at this price on our site"
Acogedor apartamento - 1D 1B - Sol,1262.0,8.0,20.0,3.0,squares,"Madrid City Center, Madrid","One-Bedroom Apartment
Entire apartment • 1 bedroom • 1 living room • 1 bathroom • 1 kitchen • 40m²
2 beds (1 full, 1 sofa bed)
Free cancellation"
Oshun Plaza Castilla,791.0,7.5,93.0,3.0,squares,"Tetuan, Madrid","Standard Studio
Entire studio • 1 bathroom • 1 kitchen • 25m²
2 beds (1 full, 1 sofa bed)
Only 1 left at this price on our site"
AC Hotel Madrid Feria by Marriott,2030.0,8.6,1369.0,4.0,stars,"Hortaleza, Madrid","King Room
1 king bed
Only 5 rooms left at this price on our site"
Bastardo Hostel,1399.0,8.6,5019.0,,,"Madrid City Center, Madrid","Superior Double Room
1 full bed
Only 6 rooms left at this price on our site"
Cozy apartment in the heart of Madrid.M31,918.0,6.5,10.0,,,"Madrid City Center, Madrid","One-Bedroom Apartment
Entire apartment • 1 bedroom • 1 living room • 1 bathroom
2 beds (1 full, 1 sofa bed)
Free cancellation"
Spacious flat puerta del sol,1903.0,8.0,64.0,,,"Madrid City Center, Madrid","Apartment
4 beds (1 full, 2 bunk beds, 1 sofa bed)
Free cancellation"
Precioso piso en zona centro - Alcalá1,1342.0,9.4,5.0,,,"Salamanca, Madrid","Two-Bedroom Apartment
3 beds (1 twin, 1 full, 1 sofa bed)
Free cancellation"
Hostal Tokio,931.0,7.8,1488.0,1.0,stars,"Madrid City Center, Madrid","Double or Twin Room
Beds: 1 double or 2 twins"
Homeclub Apartment at Plaza Colon,1930.0,9.0,5.0,4.0,squares,"Madrid City Center, Madrid","One-Bedroom Apartment
Entire apartment • 1 bedroom • 1 bathroom • 1 kitchen • 60m²
1 full bed
Free cancellation"
DWO Yuste Alcalá,918.0,8.9,1878.0,3.0,stars,"San Blas, Madrid","Double Room
1 full bed
Only 4 rooms left at this price on our site"
Charming La Latina Vibes,1306.0,8.8,5.0,3.0,squares,"Madrid City Center, Madrid","One-Bedroom Apartment
2 beds (1 full, 1 sofa bed)
Free cancellation"
Eric Vökel Boutique Apartments - Madrid Suites,2200.0,8.9,1636.0,4.0,squares,"Madrid City Center, Madrid","Two-Bedroom Apartment
Entire apartment • 2 bedrooms • 1 living room • 1 bathroom • 1 kitchen • 60m²
4 beds (2 twins, 1 sofa bed, 1 queen)
Only 2 left at this price on our site"
Estudio con Terraza IbizaRetiro I,1066.0,8.0,2.0,,,"Retiro, Madrid","King Studio
Entire studio • 1 bathroom • 1 kitchen • 25m²
1 queen bed
Free cancellation
Only 1 left at this price on our site"
Hotel Villa de Barajas,833.0,8.2,4346.0,3.0,stars,"Barajas, Madrid","Double or Twin Room
Beds: 1 double or 2 twins
Free cancellation"
Studio Suite Tribunal,1017.0,,,,,"Madrid City Center, Madrid","One-Bedroom Apartment
1 full bed
Free cancellation"
Precioso apartamento a pie de calle - Retiro- Dr Laguna,1055.0,6.0,8.0,,,"Retiro, Madrid","One-Bedroom Apartment
2 beds (1 full, 1 sofa bed)
Free cancellation
Only 1 left at this price on our site"
Hostal Gran Via 44,1496.0,7.9,2159.0,2.0,stars,"Madrid City Center, Madrid","Double Room with Private Bathroom
1 full bed
Only 6 rooms left at this price on our site"
MyHouseSpain - Fantastico piso en Calle Fuencarral,1206.0,7.3,32.0,,,"Chamberi, Madrid","Two-Bedroom Apartment
Entire apartment • 2 bedrooms • 1 living room • 1 bathroom • 1 kitchen
3 beds (1 twin, 1 full, 1 sofa bed)
Free cancellation
Only 1 left at this price on our site"
Apartamento Altimiras 'Las Ventas',1040.0,8.8,39.0,3.0,squares,"Salamanca, Madrid","Two-Bedroom Apartment
3 beds (2 fulls, 1 sofa bed)"
AP Hotel Madrid Airport,674.0,7.1,3054.0,3.0,stars,"Barajas, Madrid","Twin Room
2 twin beds
Only 6 rooms left at this price on our site"
Uma Suites Atocha,1175.0,8.6,1367.0,3.0,squares,"Madrid City Center, Madrid","Double Room
1 queen bed
Only 1 room left at this price on our site"
Lucero madrid,814.0,10.0,1.0,,,"Villaverde, Madrid","Two-Bedroom Apartment
3 beds (1 twin, 1 full, 1 sofa bed)
Free cancellation"
Iriarte en Madrid,1024.0,7.7,203.0,3.0,squares,"Salamanca, Madrid","Studio Apartment
Entire apartment • 1 bedroom • 1 living room • 1 bathroom • 1 kitchen • 25m²
2 beds (1 full, 1 sofa bed)
Only 1 left at this price on our site"
Mediodia Chica apartamento tipo loft en La Latina,1011.0,8.2,34.0,3.0,squares,"Madrid City Center, Madrid","One-Bedroom Apartment
Entire apartment • 1 bedroom • 1 bathroom • 1 kitchen • 45m²
1 full bed"
Hostal Los Arcos,695.0,6.4,1817.0,1.0,stars,"Madrid City Center, Madrid","Double or Twin Room
Beds: 1 double or 2 twins
Free cancellation
Only 7 rooms left at this price on our site"
Apartment IFEMA-Airport,1075.0,8.5,94.0,3.0,squares,"Hortaleza, Madrid","Apartment
Entire apartment • 1 bedroom • 1 living room • 1 bathroom • 1 kitchen • 50m²
2 beds (1 full, 1 sofa bed)
Free cancellation
Only 1 left at this price on our site"
Chueca - Apartamento tranquilo para 4 personas-P35,1207.0,6.9,40.0,3.0,squares,"Madrid City Center, Madrid","One-Bedroom Apartment
Entire apartment • 1 bedroom • 1 living room • 1 bathroom • 70m²
2 beds (1 full, 1 sofa bed)
Free cancellation
Only 1 left at this price on our site"
Minty Stay- 1BD,1232.0,8.3,13.0,3.0,squares,"Tetuan, Madrid","Apartment
Entire apartment • 1 bedroom • 1 living room • 1 bathroom • 40m²
2 beds (1 full, 1 sofa bed)
Free cancellation"
Charming Madrid Villaverde,794.0,8.7,97.0,3.0,squares,"Villaverde, Madrid","One-Bedroom Apartment
Entire apartment • 1 bedroom • 1 living room • 1 bathroom • 25m²
3 beds (1 twin, 1 full, 1 sofa bed)
Only 1 left at this price on our site"
MyHouseSpain - Piso con parking y terraza en Madrid,1177.0,8.8,9.0,,,"Tetuan, Madrid","One-Bedroom Apartment
Entire apartment • 1 bedroom • 1 bathroom • 1 kitchen
1 full bed
Free cancellation"
Rooms Chima,445.0,7.3,56.0,3.0,squares,"Hortaleza, Madrid","Deluxe Room
1 full bed
Free cancellation
Only 1 room left at this price on our site"
Estupenda casa compartida de arquitecto!,876.0,8.8,14.0,3.0,squares,"Hortaleza, Madrid","One-Bedroom House
Entire vacation home • 1 bedroom • 1 bathroom • 25m²
2 beds (1 twin, 1 full)
Free cancellation"
The Social Hub Madrid,1322.0,8.8,3639.0,,,"Moncloa-Aravaca, Madrid","Standard King Room
1 king bed"
Puerta del Sol,1938.0,8.4,116.0,4.0,squares,"Madrid City Center, Madrid","Deluxe Apartment
Entire apartment • 2 bedrooms • 1 living room • 1 bathroom • 1 kitchen • 98m²
4 beds (1 full, 3 sofa beds)
Only 1 left at this price on our site"
JB64 Apartment,1612.0,9.0,16.0,3.0,squares,"Salamanca, Madrid","Apartment
Entire apartment • 2 bedrooms • 1 living room • 2 bathrooms • 45m²
2 beds (1 twin, 1 queen)
Free cancellation
Only 1 left at this price on our site"
Hostal Palacios Fuencarral,987.0,7.5,2641.0,1.0,stars,"Madrid City Center, Madrid","Double Room
1 full bed"
Cozy apartment - 1Bedroom 1Bath -Cuatro Caminos,1153.0,7.7,6.0,3.0,squares,"Tetuan, Madrid","One-Bedroom Apartment
Entire apartment • 1 bedroom • 1 living room • 1 bathroom • 1 kitchen • 45m²
2 beds (1 full, 1 sofa bed)
Free cancellation
Only 1 left at this price on our site"
Hostal Victoria III,879.0,8.2,1510.0,2.0,stars,"Madrid City Center, Madrid","Double Room with Balcony
2 twin beds
Only 1 room left at this price on our site"
MALASAÑA DREAMING A/C - WIFI,1363.0,8.9,28.0,3.0,squares,"Madrid City Center, Madrid","Apartment
Entire apartment • 1 bedroom • 1 living room • 1 bathroom • 1 kitchen • 70m²
2 beds (1 full, 1 sofa bed)
Free cancellation"
Home42,823.0,7.1,547.0,3.0,squares,"Fuencarral-El Pardo, Madrid","Double Room
1 full bed
Free cancellation
Only 2 rooms left at this price on our site"
CH TANEZ CAROLINA a,848.0,8.7,543.0,,,"Ciudad Lineal, Madrid","Deluxe Queen Room
1 full bed
Free cancellation
Only 4 rooms left at this price on our site"
Catalonia Plaza España Hotel & Spa,1620.0,,,4.0,stars,"Madrid City Center, Madrid","Double Room
1 full bed
Free cancellation
No prepayment needed – pay at the property"
"Flat in the Barrio de Las Delicias, Madrid",1169.0,8.8,11.0,,,"Arganzuela, Madrid","One-Bedroom Apartment
2 beds (1 full, 1 sofa bed)
Free cancellation"
Stunning apartment in Gran Via for 4 people. S3,1402.0,7.1,15.0,,,"Madrid City Center, Madrid","Two-Bedroom Apartment
2 king beds
Free cancellation
Only 1 left at this price on our site"
"Radisson Blu Hotel, Madrid Prado",2398.0,8.8,2124.0,4.0,stars,"Madrid City Center, Madrid","Standard Room
Beds: 1 double or 2 twins
Only 3 rooms left at this price on our site"
La casita de Valvanera,850.0,7.7,62.0,3.0,squares,"Carabanchel, Madrid","One-Bedroom Apartment
2 beds (1 full, 1 sofa bed)
Free cancellation
Only 1 left at this price on our site"
"The Principal Madrid, Small Luxury Hotels",2424.0,8.7,721.0,5.0,stars,"Madrid City Center, Madrid","Standard Double or Twin Room
Beds: 1 double or 2 twins
Only 2 rooms left at this price on our site"
CasaGoa,524.0,8.4,113.0,,,"Carabanchel, Madrid","Standard Double Room
1 full bed
Only 1 room left at this price on our site"
Dolphin Rentals Pinar del Rey,905.0,9.0,202.0,3.0,squares,"Hortaleza, Madrid","Family Studio
Entire studio • 1 bathroom • 1 kitchen • 28m²
2 beds (1 full, 1 sofa bed)
Only 1 left at this price on our site"
Woohoo Rooms Chueca,1535.0,9.2,1374.0,2.0,stars,"Madrid City Center, Madrid","Junior Suite with Balcony
Private suite
1 king bed
Only 1 left at this price on our site"
Apartamento tipo Loft,1086.0,9.0,50.0,3.0,squares,"Hortaleza, Madrid","One-Bedroom Apartment
3 beds (1 full, 2 sofa beds)
Free cancellation"
Salamanca V calle Alcántara 3BR 3BH,2984.0,8.7,35.0,4.0,squares,"Salamanca, Madrid","Three-Bedroom Apartment
Entire apartment • 3 bedrooms • 3 bathrooms • 1 kitchen • 88m²
3 full beds
Free cancellation"
"G3 Apartamento Exclusivo, Madrid",1023.0,8.5,12.0,,,"Ciudad Lineal, Madrid","One-Bedroom Apartment
2 beds (1 full, 1 sofa bed)
Free cancellation"
2 bedrooms 1 bathroom furnished - Lavapies - modern - MintyStay,1541.0,7.7,31.0,3.0,squares,"Madrid City Center, Madrid","Two-Bedroom Apartment
Entire apartment • 2 bedrooms • 1 bathroom • 55m²
2 full beds
Free cancellation"
Smartr Atocha Reina Sofia,1701.0,8.3,1764.0,4.0,squares,"Arganzuela, Madrid","Studio
Entire studio • 1 bathroom • 1 kitchen • 45m²
2 beds (1 full, 1 sofa bed)"
Confortable alojamiento Madrid,865.0,10.0,5.0,3.0,squares,"Ciudad Lineal, Madrid","One-Bedroom Apartment
2 beds (1 full, 1 sofa bed)
Free cancellation"
Hotel Miau,2122.0,8.6,2533.0,3.0,stars,"Madrid City Center, Madrid","Twin Room
Beds: 1 double or 2 twins
Only 3 rooms left at this price on our site"
Acogedor apartamento en Recoletos,1344.0,9.7,3.0,3.0,squares,"Salamanca, Madrid","One-Bedroom Apartment
Entire apartment • 1 bedroom • 1 bathroom • 1 kitchen • 30m²
1 full bed"
Hostal Rincón de Sol,1242.0,7.7,968.0,3.0,squares,"Madrid City Center, Madrid","Twin Room with City View
2 twin beds
Only 2 rooms left at this price on our site"
Encantador Piso Zamora,1031.0,7.7,79.0,3.0,squares,"Tetuan, Madrid","One-Bedroom Apartment
Entire apartment • 1 bedroom • 1 living room • 1 bathroom • 1 kitchen • 45m²
2 beds (1 full, 1 sofa bed)
Free cancellation"
Villa rooms,440.0,7.0,689.0,,,"Madrid City Center, Madrid","Double Room with Shared Bathroom
1 full bed"
Dobo Homes - RM21,1648.0,7.7,3.0,4.0,squares,"Retiro, Madrid","One-Bedroom Apartment
Entire apartment • 1 bedroom • 1 living room • 1 bathroom • 1 kitchen • 82m²
1 queen bed
Free cancellation
Only 1 left at this price on our site"
Centrally located flat in Madrid M80.8,643.0,4.8,6.0,,,"Madrid City Center, Madrid","Studio Apartment
Entire apartment • 1 bedroom • 1 bathroom
1 full bed
Free cancellation
Only 1 left at this price on our site"
Victoria Apartments,1031.0,6.4,113.0,3.0,squares,"Madrid City Center, Madrid","Studio
Entire studio • 1 bathroom • 1 kitchen • 28m²
1 twin bed
Free cancellation
Only 1 left at this price on our site"
apartamentos en madrid rio reformados,845.0,8.2,75.0,3.0,squares,"Usera, Madrid","Standard Apartment
Entire apartment • 1 bedroom • 1 living room • 1 bathroom • 1 kitchen • 50m²
2 beds (1 full, 1 sofa bed)
Only 1 left at this price on our site"
Encantador Alojamiento junto al corazón de Madrid Río,1322.0,7.7,541.0,3.0,squares,"Latina, Madrid","Double Room
2 beds (1 full, 1 sofa bed)
Only 6 left at this price on our site"
VP Metropolitano,1323.0,8.9,2782.0,4.0,stars,"Tetuan, Madrid","Standard Twin Room
2 twin beds"
MiniEstudios Plaza de España,821.0,8.3,259.0,3.0,squares,"Moncloa-Aravaca, Madrid","Studio Apartment
Entire apartment • 1 bedroom • 1 bathroom • 1 kitchen • 18m²
1 sofa bed"
Tranquilo apartamento 5 pers. Madrid Río Mendoza,1272.0,8.5,86.0,,,"Carabanchel, Madrid","Three-Bedroom Apartment
Entire apartment • 3 bedrooms • 1 living room • 1 bathroom
4 beds (1 twin, 1 full, 1 sofa bed, 1 queen)
Free cancellation
Only 1 left at this price on our site"
Cozy and Modern-2Bedrooms 1Bathroom-Delicias,1453.0,8.5,8.0,3.0,squares,"Arganzuela, Madrid","Two-Bedroom Apartment
Entire apartment • 2 bedrooms • 1 living room • 1 bathroom • 1 kitchen • 55m²
2 full beds
Free cancellation"
Encantador apartamento en Castilla by beBalmy,1385.0,8.8,14.0,4.0,squares,"Tetuan, Madrid","Two-Bedroom Apartment
Entire apartment • 2 bedrooms • 1 bathroom • 1 kitchen • 64m²
3 beds (2 twins, 1 full)
Free cancellation"
"Hotel Urban, a Small Luxury Hotel of the World",2493.0,9.1,1043.0,5.0,stars,"Madrid City Center, Madrid","Superior Double or Twin Room (1-2 Adults)
Beds: 1 double or 2 twins"
Novotel Campo De Las Naciones,2365.0,8.5,5763.0,4.0,stars,"Barajas, Madrid","Superior Queen Room with Sofa
2 beds (1 sofa bed, 1 queen)"
Slow Suites Luchana,1253.0,8.5,1924.0,4.0,squares,"Chamberi, Madrid","One-Bedroom Apartment - Interior
Entire apartment • 1 bedroom • 1 living room • 1 bathroom • 1 kitchen • 40m²
3 beds (2 twins, 1 sofa bed)
Only 2 left at this price on our site"
Victoria 4 Puerta del Sol,1816.0,7.9,1371.0,3.0,stars,"Madrid City Center, Madrid","Double or Twin Room
Beds: 1 double or 2 twins
Only 3 rooms left at this price on our site"
Far Home Gran Vía,1411.0,8.2,2185.0,,,"Madrid City Center, Madrid","Superior Double Room
1 full bed
Only 2 rooms left at this price on our site"
Apartamentos Principe 7,1595.0,8.6,3436.0,3.0,squares,"Madrid City Center, Madrid","Deluxe Double Studio
Entire studio • 1 bathroom • 1 kitchen • 25m²
2 beds (1 full, 1 sofa bed)
Free cancellation
Only 1 left at this price on our site"
Rooms Aguacate,465.0,6.3,73.0,3.0,squares,"Carabanchel, Madrid","Deluxe Room
1 full bed
Free cancellation
Only 1 room left at this price on our site"
Madrid Rastro Studio Modern Apartment by La Latina,1352.0,8.0,1.0,,,"Madrid City Center, Madrid","One-Bedroom Apartment
2 beds (1 full, 1 sofa bed)
Free cancellation"
The First One Madrid Preciados,2326.0,8.5,2011.0,4.0,stars,"Madrid City Center, Madrid","Deluxe Room
1 king bed
Breakfast included"
Hostal La Bañezana,927.0,7.6,1021.0,3.0,squares,"Madrid City Center, Madrid","Double or Twin Room
Beds: 1 double or 2 twins
Only 6 rooms left at this price on our site"
Luxe apartments Madrid Rio by RentitUP,1098.0,7.6,5.0,,,"Arganzuela, Madrid","One-Bedroom Apartment
2 beds (1 full, 1 sofa bed)
Free cancellation"
Travelodge Torrelaguna,958.0,7.9,3057.0,3.0,stars,"Ciudad Lineal, Madrid","Double Room
1 full bed"
Charming Eurobuilding Skyline Madrid,1187.0,7.4,24.0,3.0,squares,"Tetuan, Madrid","Deluxe Apartment
Entire apartment • 1 bedroom • 1 living room • 1 bathroom • 1 kitchen • 60m²
1 queen bed"
Studio en el centro de Madrid,1164.0,8.4,9.0,3.0,squares,"Madrid City Center, Madrid","One-Bedroom Apartment
Entire apartment • 1 bedroom • 1 living room • 1 bathroom • 1 kitchen • 22m²
2 beds (1 full, 1 sofa bed)
Free cancellation"
Universidad en Madrid,1058.0,7.8,195.0,3.0,squares,"Tetuan, Madrid","One-Bedroom Apartment IV
Entire apartment • 1 bedroom • 1 living room • 1 bathroom • 1 kitchen • 40m²
2 beds (1 full, 1 sofa bed)
Only 2 left at this price on our site"
Style Suites by Olala Homes,1167.0,8.1,263.0,3.0,squares,"Puente de Vallecas, Madrid","Double Room
1 full bed
Only 4 rooms left at this price on our site"
Inmejorable Ubicación en Madrid,1588.0,7.2,442.0,3.0,squares,"Salamanca, Madrid","One-Bedroom Apartment
Entire apartment • 1 bedroom • 2 living rooms • 1 bathroom • 1 kitchen • 35m²
3 beds (1 twin, 1 sofa bed, 1 queen)
Free cancellation
Only 1 left at this price on our site"
TaCH Madrid Airport,1174.0,8.7,8562.0,4.0,stars,"Barajas, Madrid","Family Room (2 Adults + 1 Child)
2 beds (1 twin, 1 full)"
Madrid Private Rooms - Ferrer,675.0,8.5,52.0,,,"Madrid City Center, Madrid","Double Room with Shared Bathroom
1 full bed
Only 1 room left at this price on our site"
Toc Hostel Madrid,2109.0,8.8,3855.0,,,"Madrid City Center, Madrid","Double Room
1 full bed
Only 2 rooms left at this price on our site"
CC Atocha,940.0,7.9,4006.0,3.0,stars,"Arganzuela, Madrid","Economy Double Room
1 full bed"
OLBLANC Plaza de España by Batuecas,984.0,8.7,3491.0,3.0,squares,"Moncloa-Aravaca, Madrid","Economy Double Room
1 full bed
Free cancellation
Only 1 room left at this price on our site"
NH Collection Madrid Palacio de Tepa,2492.0,8.6,1244.0,5.0,stars,"Madrid City Center, Madrid","Deluxe Double or Twin Room
Multiple bed types
Breakfast included
Only 5 rooms left at this price on our site"
GuestReady - Lindo Estudio cerca Puerta de Toledo,1488.0,8.6,7.0,3.0,squares,"Madrid City Center, Madrid","One-Bedroom Apartment
Entire apartment • 2 bedrooms • 1 bathroom • 1 kitchen • 32m²
2 beds (1 full, 1 queen)
Free cancellation"
Habitación paloma,451.0,9.0,19.0,,,"Puente de Vallecas, Madrid","Double Room with Shared Bathroom
1 full bed
Free cancellation
Only 1 room left at this price on our site"
casa julian-inn,451.0,8.1,982.0,,,"San Blas, Madrid","Double Room with Private Bathroom
1 full bed
Only 6 rooms left at this price on our site"
Dobo Homes - FS18,1402.0,8.4,63.0,3.0,squares,"Salamanca, Madrid","Two-Bedroom Apartment
Entire apartment • 2 bedrooms • 1 bathroom • 45m²
2 full beds
Free cancellation"
La Maja (3),1227.0,8.7,13.0,,,"Madrid City Center, Madrid","One-Bedroom Apartment
1 full bed
Free cancellation
Only 1 left at this price on our site"
Hyatt Regency Hesperia Madrid,2174.0,8.9,783.0,5.0,stars,"Chamberi, Madrid","Premium King Room
1 king bed"
Hostal Alfaro,1474.0,8.3,3343.0,,,"Madrid City Center, Madrid","Double Room
1 full bed
Only 6 rooms left at this price on our site"
Stylish apartment- 1 Bedroom 1 Bathroom -Chueca,1251.0,8.7,21.0,,,"Madrid City Center, Madrid","One-Bedroom Apartment
Entire apartment • 1 bathroom • 1 kitchen • 60m²
Free cancellation"
Intimate Studio in the heart of Madrid,1286.0,,,3.0,squares,"Madrid City Center, Madrid","One-Bedroom Apartment
1 full bed
Free cancellation"
Moderno loft en Ronda de Segovia-1,1326.0,8.0,17.0,,,"Madrid City Center, Madrid","One-Bedroom Apartment
Entire apartment • 1 bedroom • 1 bathroom • 1 kitchen
1 full bed
Free cancellation"
"Tesoro calle, precioso estudio super equipado para dos en Malasaña",971.0,7.6,38.0,3.0,squares,"Madrid City Center, Madrid","One-Bedroom Apartment
Entire apartment • 1 bedroom • 1 living room • 1 bathroom • 1 kitchen • 30m²
2 sofa beds"
Puerta del Sol VI,1184.0,8.1,41.0,3.0,squares,"Madrid City Center, Madrid","Studio Apartment
1 full bed
Only 1 left at this price on our site"
Exyca Plaza Castilla,848.0,7.4,52.0,3.0,squares,"Chamartín, Madrid","One-Bedroom Apartment
Entire apartment • 1 bedroom • 1 living room • 1 bathroom • 1 kitchen • 40m²
2 beds (1 full, 1 sofa bed)
Free cancellation"
2 bedrooms 1 bathroom furnished - Lavapies - Modern Cozy - MintyStay,1634.0,8.4,15.0,3.0,squares,"Madrid City Center, Madrid","Two-Bedroom Apartment
Entire apartment • 2 bedrooms • 1 bathroom • 1 kitchen • 65m²
2 full beds
Free cancellation"
Exyca Cuzco,916.0,6.7,16.0,3.0,squares,"Tetuan, Madrid","One-Bedroom Apartment
Entire apartment • 1 bedroom • 1 living room • 1 bathroom • 1 kitchen • 50m²
2 beds (1 full, 1 sofa bed)
Free cancellation"
Madrid Aeropuerto Metropolitano AR,787.0,9.1,9.0,3.0,squares,"San Blas, Madrid","One-Bedroom Apartment
2 beds (1 full, 1 sofa bed)
Free cancellation"
Feelathome Goya Apartments,2086.0,9.0,1028.0,4.0,squares,"Salamanca, Madrid","Two-Bedroom Apartment
Entire apartment • 2 bedrooms • 1 living room • 1 bathroom • 1 kitchen • 70m²
3 beds (1 sofa bed, 2 queens)"
Stunning Studio in Plaza Mayor,1277.0,8.5,2.0,3.0,squares,"Madrid City Center, Madrid","One-Bedroom Apartment
1 full bed
Free cancellation"
Estudio con Terraza IbizaRetiro II,1029.0,6.1,6.0,,,"Retiro, Madrid","King Studio
Entire studio • 1 bathroom • 1 kitchen • 30m²
1 full bed
Free cancellation
Only 1 left at this price on our site"
Charming Madrid Chamberí II,1571.0,10.0,1.0,4.0,squares,"Chamberi, Madrid","Two-Bedroom Apartment
Entire apartment • 2 bedrooms • 1 living room • 2 bathrooms • 1 kitchen • 80m²
4 beds (3 twins, 1 full)
Free cancellation"
60 Balconies Art,1633.0,8.7,1131.0,4.0,squares,"Madrid City Center, Madrid","Studio
Entire studio • 1 bathroom • 1 kitchen • 33m²
2 beds (1 sofa bed, 1 queen)
Only 2 left at this price on our site"
Bright with views -2Bd 1Bth- Bernabeu,1657.0,8.9,7.0,4.0,squares,"Tetuan, Madrid","Two-Bedroom Apartment
Entire apartment • 2 bedrooms • 1 bathroom • 1 kitchen • 75m²
2 full beds
Free cancellation"
HOSPEDAJE LA PAZ,518.0,8.0,1094.0,,,"Fuencarral-El Pardo, Madrid","Standard Twin Room with Shared Bathroom
2 twin beds
Only 3 rooms left at this price on our site"
Vitium Urban Suites,1140.0,8.1,1061.0,3.0,stars,"Madrid City Center, Madrid","Superior Double Room with City View
1 full bed
Only 3 rooms left at this price on our site"
HOMEABOUT IMPERIAL APARTMENT,1022.0,7.9,346.0,3.0,squares,"Arganzuela, Madrid","One-Bedroom Apartment
Entire apartment • 1 bedroom • 1 living room • 1 bathroom • 1 kitchen • 45m²
2 beds (1 full, 1 sofa bed)
Only 3 left at this price on our site"
Ever House - ALCALA DIVA 2 ROOFTOP,1504.0,8.4,66.0,4.0,squares,"Ciudad Lineal, Madrid","Two-Bedroom Apartment
Entire apartment • 2 bedrooms • 1 living room • 1 bathroom • 1 kitchen • 60m²
4 beds (2 twins, 1 full, 1 sofa bed)"
Acogedor apartamento en calle Alcalá by beBalmy,1487.0,8.4,18.0,4.0,squares,"Ciudad Lineal, Madrid","Two-Bedroom Apartment
Entire apartment • 2 bedrooms • 1 living room • 2 bathrooms • 1 kitchen • 61m²
3 beds (1 twin, 1 full, 1 sofa bed)
Free cancellation"
Hostal Mendoza,1506.0,7.9,1875.0,1.0,stars,"Madrid City Center, Madrid","Twin Room
2 twin beds
Only 1 room left at this price on our site"
Céntrico ático en Madrid by beBalmy,1525.0,7.8,18.0,3.0,squares,"Madrid City Center, Madrid","One-Bedroom Apartment
Entire apartment • 1 bedroom • 1 living room • 1 bathroom • 1 kitchen • 42m²
2 beds (1 full, 1 sofa bed)
Free cancellation"
Quatro Puerta del Sol,1433.0,8.5,2970.0,4.0,stars,"Madrid City Center, Madrid","Double or Twin Room
Beds: 1 double or 2 twins"
FUENCARRAL,1272.0,8.4,55.0,3.0,squares,"Madrid City Center, Madrid","Apartment with Terrace
Entire apartment • 1 bedroom • 1 living room • 1 bathroom
2 beds (1 full, 1 sofa bed)
Only 1 left at this price on our site"
Feelathome San Marcos Apartments,1366.0,8.9,718.0,4.0,squares,"Madrid City Center, Madrid","One-Bedroom Apartment Interior
Entire apartment • 1 bedroom • 1 bathroom • 1 kitchen • 40m²
1 queen bed
Only 3 left at this price on our site"
Hermoso ático en el centro de Madrid,1291.0,8.7,3.0,3.0,squares,"Madrid City Center, Madrid","Apartment with Terrace
Entire apartment • 1 bedroom • 1 living room • 1 bathroom • 1 kitchen • 55m²
2 beds (1 twin, 1 sofa bed)
Free cancellation"
Castilla en Madrid,815.0,8.1,59.0,3.0,squares,"Tetuan, Madrid","Standard Studio
Entire studio • 1 bathroom • 1 kitchen • 25m²
2 beds (1 full, 1 sofa bed)
Only 2 left at this price on our site"
Luxe Apartment Madrid North,1223.0,7.7,67.0,3.0,squares,"Tetuan, Madrid","Two-Bedroom Apartment
3 beds (2 fulls, 1 sofa bed)
Free cancellation"
MyHouseSpain - Acogedor estudio en Madrid,1127.0,,,,,"Madrid City Center, Madrid","One-Bedroom Apartment
2 beds (1 full, 1 sofa bed)
Free cancellation"
ART Coliving Madrid Centro,1041.0,8.2,197.0,,,"Madrid City Center, Madrid","Standard Double or Twin Room with Balcony
Multiple bed types
Free cancellation
Only 3 rooms left at this price on our site"
Melia Barajas,1509.0,8.5,6977.0,4.0,stars,"Barajas, Madrid","Meliá Room
Beds: 1 double or 2 twins
Only 1 room left at this price on our site"
Coqueto Apartamento en Delicias,1576.0,9.0,49.0,3.0,squares,"Arganzuela, Madrid","One-Bedroom Apartment
2 beds (1 full, 1 sofa bed)
Free cancellation"
Acogedoras Habitaciónes en Madrid,386.0,8.4,268.0,,,"Carabanchel, Madrid","Standard Double Room with Shared Bathroom
1 full bed
Only 1 room left at this price on our site"
"Hotel Madrid Alameda Aeropuerto, Affiliated by Meliá",1251.0,8.3,8731.0,4.0,stars,"Barajas, Madrid","Classic Room
Beds: 1 double or 2 twins"
Estudios 8,1460.0,7.8,7.0,3.0,squares,"Madrid City Center, Madrid","One-Bedroom Apartment
Entire apartment • 1 bedroom • 1 living room • 1 bathroom • 1 kitchen • 50m²
2 beds (1 full, 1 sofa bed)
Free cancellation
Only 1 left at this price on our site"
Melia Castilla,2322.0,9.1,2023.0,4.0,stars,"Tetuan, Madrid","Family Triple Room
Multiple bed types
Only 4 rooms left at this price on our site"
CHUECA Apartamentos Noxi,965.0,7.7,991.0,3.0,squares,"Madrid City Center, Madrid","Estudio para 2
Entire apartment • 1 bedroom • 1 bathroom • 1 kitchen • 17m²
1 full bed
Only 1 left at this price on our site"
Luxury Apartment in Puerta del Sol Madrid,2419.0,7.8,5.0,,,"Madrid City Center, Madrid","Three-Bedroom Apartment
4 beds (1 twin, 1 full, 1 bunk bed, 1 sofa bed)
Free cancellation"
Agradable apartamento Arturo Soria D1,1135.0,7.9,32.0,3.0,squares,"Ciudad Lineal, Madrid","One-Bedroom Apartment
2 beds (1 full, 1 sofa bed)
Free cancellation
Only 1 left at this price on our site"
Apartamento Residencial Norte,866.0,9.3,3.0,3.0,squares,"Moncloa-Aravaca, Madrid","One-Bedroom Apartment
Entire apartment • 1 bedroom • 1 bathroom • 1 kitchen • 30m²
1 queen bed"
"Calm and bright apartment, center La Latina D.ALB",2044.0,8.1,19.0,,,"Madrid City Center, Madrid","Two-Bedroom Apartment
2 queen beds
Free cancellation"
"Apartamento Plaza España, Madrid",1151.0,7.0,6.0,3.0,squares,"Moncloa-Aravaca, Madrid","Two-Bedroom Apartment
Entire apartment • 2 bedrooms • 1 bathroom • 60m²
2 beds (1 twin, 1 full)"
Heima Salamanca District MillaDeOro,4753.0,9.5,21.0,4.0,squares,"Salamanca, Madrid","Deluxe Apartment
Entire apartment • 3 bedrooms • 1 living room • 1 bathroom • 1 kitchen • 120m²
5 beds (2 twins, 2 bunk beds, 1 queen)"
Picturesque corner in Madrid - Guzman,835.0,5.0,3.0,,,"Chamberi, Madrid","One-Bedroom Apartment
1 full bed
Free cancellation"
White Urban Vibes,1406.0,9.0,1.0,4.0,squares,"Madrid City Center, Madrid","Two-Bedroom Apartment
Entire apartment • 2 bedrooms • 1 bathroom • 1 kitchen • 90m²
3 beds (1 twin, 1 full, 1 sofa bed)"
"S7 Apartamento nuevo, Madrid",1010.0,8.3,33.0,,,"Tetuan, Madrid","One-Bedroom Apartment
2 beds (1 full, 1 sofa bed)
Free cancellation"
Beautiful apartament in Lavapies for 3 pax - 011,938.0,7.7,3.0,,,"Madrid City Center, Madrid","One-Bedroom Apartment
2 beds (1 full, 1 sofa bed)
Free cancellation"
4 Bears Studios,1378.0,9.2,421.0,,,"Madrid City Center, Madrid","Studio
Entire studio • 1 bathroom • 1 kitchen
1 queen bed
Free cancellation
Only 2 left at this price on our site"
Madrid,785.0,7.7,41.0,,,"Madrid City Center, Madrid","Double Room with Shared Bathroom
1 full bed
Free cancellation
Only 1 room left at this price on our site"
Elegant 1 Bedroom Apartment in the heart of Centro,1297.0,8.0,27.0,3.0,squares,"Madrid City Center, Madrid","Apartment
Entire apartment • 1 bedroom • 1 bathroom • 1 kitchen • 44m²
2 beds (1 full, 1 sofa bed)"
Acogedor y luminoso ZONA BERNABEU,782.0,9.3,3.0,,,"Chamartín, Madrid","One-Bedroom Apartment
2 beds (1 full, 1 sofa bed)
Free cancellation"
Colectia Gran Via,1051.0,,,3.0,squares,"Madrid City Center, Madrid","Double Room
1 queen bed"
"Deyanira Suite, Aeropuerto, IFEMA",718.0,7.8,395.0,3.0,squares,"San Blas, Madrid","One-Bedroom Apartment
Entire apartment • 1 bedroom • 1 living room • 1 bathroom • 1 kitchen • 55m²
2 beds (1 twin, 1 full)
Free cancellation
Only 1 left at this price on our site"
GOYA DELUXE,1522.0,8.7,37.0,4.0,squares,"Retiro, Madrid","Apartment
Entire apartment • 1 bedroom • 1 bathroom • 1 kitchen • 37m²
1 full bed
Only 1 left at this price on our site"
"Apartamento amplio, luminoso y confortable CC",842.0,8.9,34.0,3.0,squares,"San Blas, Madrid","One-Bedroom Apartment
2 beds (1 full, 1 sofa bed)
Free cancellation
Only 1 left at this price on our site"
Cuidadosamente decorado apartamento junto al metro,947.0,8.4,78.0,3.0,squares,"Puente de Vallecas, Madrid","One-Bedroom Apartment
1 full bed"
ººMZ Atocha Station Studio ºº,1119.0,7.9,58.0,,,"Arganzuela, Madrid","Apartment
Entire apartment • 1 bedroom • 1 bathroom • 1 kitchen
3 twin beds"
Apartamento 1,565.0,5.8,5.0,,,"Carabanchel, Madrid","One-Bedroom Apartment
3 beds (2 twins, 1 full)
Free cancellation"
Apartamentos Day Madrid CHUECA Centro Gran Via Sol Malasaña,867.0,6.5,109.0,3.0,squares,"Madrid City Center, Madrid","Deluxe Room
1 full bed
Free cancellation
Only 3 rooms left at this price on our site"
L&H La Latina Selection,1475.0,8.8,2810.0,3.0,squares,"Madrid City Center, Madrid","Superior Double Room
1 full bed
Free cancellation"
Apartamento Cuatro Torres,848.0,7.5,126.0,3.0,squares,"Fuencarral-El Pardo, Madrid","Apartment - Ground Floor
Entire apartment • 1 bedroom • 1 bathroom • 1 kitchen • 45m²
2 full beds
Free cancellation
Only 1 left at this price on our site"
Beautiful and cosy flat La Latina-Rastro-IZQ,1078.0,7.6,8.0,,,"Madrid City Center, Madrid","One-Bedroom Apartment
1 full bed
Free cancellation"
El Pasaje de Montesa,1448.0,9.0,1.0,3.0,squares,"Salamanca, Madrid","Apartment
Entire apartment • 2 bedrooms • 1 living room • 1 bathroom • 1 kitchen • 50m²
3 beds (1 twin, 1 full, 1 sofa bed)
Free cancellation"
limehome Madrid Calle de Juan Hurtado de Mendoza,1331.0,8.9,124.0,3.0,squares,"Chamartín, Madrid","Studio
Entire studio • 1 bathroom • 1 kitchen • 24m²
1 full bed"
Boutique Apartments in the Heart of Madrid,1972.0,7.5,869.0,3.0,squares,"Madrid City Center, Madrid","Deluxe Apartment
Entire apartment • 1 bedroom • 1 living room • 1 bathroom • 1 kitchen • 45m²
2 beds (1 full, 1 sofa bed)"
Clement Barajas,1211.0,8.7,8314.0,4.0,stars,"Barajas, Madrid","Double or Twin Room
Beds: 1 double or 2 twins"
Hostal Villamañez,684.0,7.6,800.0,3.0,squares,"Madrid City Center, Madrid","Double Room with Private Bathroom
1 full bed
Only 1 room left at this price on our site"
Design apartment near city center,1573.0,8.6,46.0,3.0,squares,"Puente de Vallecas, Madrid","Two-Bedroom Apartment
2 full beds
Free cancellation"
BRIGHT FLAT Parking/Wanda Metropolitano/Airport,1484.0,7.5,32.0,3.0,squares,"San Blas, Madrid","Three-Bedroom Apartment
4 beds (2 twins, 2 fulls)
Free cancellation
Only 1 left at this price on our site"
Precioso estudio situado en la zona de Las Ventas Barbadillo Der,696.0,6.3,28.0,,,"Ciudad Lineal, Madrid","One-Bedroom Apartment
2 beds (1 full, 1 sofa bed)
Free cancellation
Only 1 left at this price on our site"
"Hotel Montera Madrid, Curio Collection By Hilton",2824.0,8.9,473.0,5.0,stars,"Madrid City Center, Madrid","King Cobalto Room
1 king bed"
"Classy Studio close to Retiro Park, Madrid",1198.0,9.2,5.0,3.0,squares,"Puente de Vallecas, Madrid","One-Bedroom Apartment
2 beds (1 full, 1 sofa bed)
Free cancellation"
Posada del León de Oro Boutique Hotel,1694.0,9.0,1944.0,4.0,stars,"Madrid City Center, Madrid","Double Room
1 full bed
Free cancellation
Only 3 rooms left at this price on our site"
"Cozy Penthouse, 20 min to downtown, Alcalá Norte",1363.0,9.0,20.0,3.0,squares,"San Blas, Madrid","One-Bedroom Apartment
1 full bed
Free cancellation"
Modern apartment-2Bedrooms 2Baths-Bernabéu,1917.0,9.5,11.0,4.0,squares,"Tetuan, Madrid","Two-Bedroom Apartment
Entire apartment • 2 bedrooms • 1 living room • 2 bathrooms • 1 kitchen • 70m²
4 beds (2 twins, 1 full, 1 sofa bed)
Free cancellation"
LA MADRILEÑA,1341.0,8.7,3.0,,,"Arganzuela, Madrid","Apartment
Entire apartment • 1 bedroom • 1 living room • 1 bathroom
1 full bed
Free cancellation
Only 1 left at this price on our site"
apartamento reformado en metro IBIZA,1345.0,7.5,46.0,3.0,squares,"Retiro, Madrid","One-Bedroom Deluxe Apartment
Entire apartment • 1 bedroom • 1 living room • 1 bathroom • 1 kitchen • 40m²
2 beds (1 full, 1 sofa bed)
Only 1 left at this price on our site"
dPLACE To Be - Exclusive Apartments in Historic Center,1135.0,8.1,222.0,3.0,squares,"Madrid City Center, Madrid","One-Bedroom Standard Apartment
Entire apartment • 1 bedroom • 1 living room • 1 bathroom • 1 kitchen • 48m²
2 beds (1 full, 1 sofa bed)
Only 1 left at this price on our site"
"Círculo Gran Vía, Autograph Collection (Adults Only)",2752.0,9.0,78.0,4.0,stars,"Madrid City Center, Madrid","King Room
1 king bed
Only 5 rooms left at this price on our site"
Hostal Josefina-Gran Vía,1160.0,7.5,3474.0,3.0,stars,"Madrid City Center, Madrid","Double Room with Private Bathroom
1 full bed
Free cancellation
Only 3 rooms left at this price on our site"
Tribeca Suit,933.0,,,,,Madrid,"One-Bedroom Apartment
1 full bed
Free cancellation"
Beautiful apartment with pool and padel - Belfast,912.0,9.3,8.0,,,"San Blas, Madrid","One-Bedroom Apartment
2 beds (1 full, 1 sofa bed)
Free cancellation"
Hostal Goyal Pizarro,818.0,8.0,1871.0,3.0,stars,"Madrid City Center, Madrid","Small Double Room
1 full bed
Only 2 rooms left at this price on our site"
Apartamento de Lujo - A 10 minutos del centro,1809.0,9.6,9.0,4.0,squares,"Arganzuela, Madrid","One-Bedroom Apartment
Entire apartment • 1 bedroom • 1 living room • 1 bathroom • 1 kitchen • 75m²
2 beds (1 full, 1 sofa bed)"
Bowie House - Madrid River-A-SALVAD,1034.0,8.9,11.0,,,"Usera, Madrid","One-Bedroom Apartment
1 full bed
Free cancellation"
Apartamentos Carlos,2150.0,8.4,46.0,4.0,squares,"Salamanca, Madrid","Apartment with Terrace
Entire apartment • 4 bedrooms • 1 living room • 2 bathrooms • 1 kitchen • 160m²
5 beds (4 twins, 1 queen)
Only 1 left at this price on our site"
Apartamentos Madrid XXXIII,2124.0,9.6,321.0,4.0,squares,"Madrid City Center, Madrid","Deluxe Apartment
Entire apartment • 3 bedrooms • 1 living room • 2 bathrooms • 1 kitchen • 150m²
7 beds (2 twins, 1 full, 2 bunk beds, 2 sofa beds)
Only 1 left at this price on our site"
Palacio Premium Stay,2898.0,9.2,40.0,4.0,squares,"Madrid City Center, Madrid","Two-Bedroom Apartment
Entire apartment • 2 bedrooms • 1 living room • 2 bathrooms • 1 kitchen • 75m²
4 beds (2 twins, 1 full, 1 sofa bed)"
Duplex in B. Salamaca - Wizink Center 6 Pax H126,1763.0,8.0,17.0,,,"Salamanca, Madrid","Two-Bedroom Apartment
3 beds (1 sofa bed, 2 queens)
Free cancellation"
Exyca Metropolitano,858.0,7.8,31.0,3.0,squares,"San Blas, Madrid","One-Bedroom Apartment
Entire apartment • 1 bedroom • 1 living room • 1 bathroom • 1 kitchen • 40m²
2 beds (1 full, 1 sofa bed)
Free cancellation"
VR LATINA APARTMENTS,1330.0,8.8,133.0,3.0,squares,"Madrid City Center, Madrid","Studio
Entire studio • 1 bathroom • 1 kitchen • 27m²
3 beds (2 twins, 1 sofa bed)
Free cancellation
Only 1 left at this price on our site"
Hostal Castilla I Atocha,1090.0,7.8,1104.0,2.0,stars,"Madrid City Center, Madrid","Twin Room
2 twin beds
Free cancellation
Only 2 rooms left at this price on our site"
Acogedor estudio en Gran Via,966.0,9.5,54.0,,,"Madrid City Center, Madrid","One-Bedroom Apartment
1 full bed
Free cancellation"
"URSO Hotel & Spa, a Small Luxury Hotel of the World",2812.0,9.0,583.0,5.0,stars,"Madrid City Center, Madrid","Double or Twin Room
Multiple bed types"
HUERTAS FLAT,1292.0,8.2,80.0,3.0,squares,"Madrid City Center, Madrid","One-Bedroom Apartment
Entire apartment • 1 bedroom • 1 living room • 1 bathroom • 1 kitchen • 65m²
2 beds (1 full, 1 sofa bed)
Only 1 left at this price on our site"
Charming flat in Madrid-Rio,1054.0,8.5,22.0,,,"Usera, Madrid","One-Bedroom Apartment
Entire apartment • 1 bedroom • 1 living room • 2 bathrooms
3 beds (1 twin, 1 full, 1 sofa bed)"
Piso cerca al Centro de Madrid SAN LUCIANO,945.0,7.6,5.0,3.0,squares,"Villaverde, Madrid","Three-Bedroom Apartment
4 beds (2 twins, 2 fulls)
Free cancellation"
Modern Apartment I in Madrid,1249.0,6.6,5.0,4.0,squares,"Madrid City Center, Madrid","Two-Bedroom Apartment
2 full beds
Free cancellation"
L Casa Cafe Madrid El plantio Calle segundo anca 11 madrid 28023,482.0,7.9,394.0,,,"Moncloa-Aravaca, Madrid","Double Room
2 beds (1 full, 1 bunk bed)
Free cancellation
Only 1 room left at this price on our site"
Hotel Cortezo,2000.0,8.3,7288.0,3.0,stars,"Madrid City Center, Madrid","Double or Twin Room
Beds: 1 double or 2 twins
Free cancellation
No prepayment needed – pay at the property
Only 4 rooms left at this price on our site"
Charming Madrid La Elipa - 3 dormitorios,1342.0,8.6,40.0,4.0,squares,"Ciudad Lineal, Madrid","Three-Bedroom Apartment
Entire apartment • 3 bedrooms • 1 living room • 2 bathrooms • 1 kitchen • 95m²
4 beds (2 twins, 2 fulls)"
Hostal JQ Madrid 1,904.0,7.6,1361.0,3.0,squares,"Madrid City Center, Madrid","Double Room
1 full bed
Only 5 rooms left at this price on our site"
Rooms Pontones,609.0,8.4,11.0,,,"Arganzuela, Madrid","Standard Double Room with Shared Bathroom
1 full bed
Only 3 rooms left at this price on our site"
Aloft Madrid Gran Via,2147.0,8.6,195.0,4.0,stars,"Madrid City Center, Madrid","Aloft Queen Room
1 queen bed"
theRoomcentroII,1221.0,7.2,36.0,3.0,squares,"Madrid City Center, Madrid","One-Bedroom Apartment
Entire apartment • 1 bedroom • 1 living room • 1 bathroom • 1 kitchen • 60m²
1 full bed
Only 1 left at this price on our site"
Pullman Madrid Airport & Feria,2522.0,8.2,2224.0,4.0,stars,"Barajas, Madrid","Executive Queen Room with Sofa
1 queen bed"
Las Letras D,842.0,7.2,256.0,3.0,squares,"Madrid City Center, Madrid","One-Bedroom Apartment
3 beds (2 twins, 1 full)"
Minty Stay - Espoz y Mina,1537.0,8.2,13.0,,,"Madrid City Center, Madrid","One-Bedroom Apartment
Entire apartment • 1 bedroom • 1 bathroom • 1 kitchen
2 beds (1 sofa bed, 1 queen)
Free cancellation
Only 1 left at this price on our site"
Charming Fuencarral,1084.0,7.1,29.0,3.0,squares,"Madrid City Center, Madrid","Penthouse Apartment
Entire apartment • 1 bedroom • 1 living room • 1 bathroom • 1 kitchen • 60m²
2 beds (1 full, 1 sofa bed)
Only 1 left at this price on our site"
Plaza Ii De Mayo,1492.0,8.0,27.0,3.0,squares,"Madrid City Center, Madrid","Apartment
3 beds (1 twin, 1 full, 1 sofa bed)
Only 1 left at this price on our site"
Echegaray en Madrid,1317.0,7.7,390.0,3.0,squares,"Madrid City Center, Madrid","One-Bedroom Standard Apartment
Entire apartment • 1 bedroom • 1 living room • 1 bathroom • 1 kitchen • 55m²
2 beds (1 full, 1 sofa bed)
Only 2 left at this price on our site"
Slow Suites Chueca,1572.0,8.5,954.0,4.0,squares,"Madrid City Center, Madrid","Duplex One bedroom Apartment
Entire apartment • 1 bedroom • 1 living room • 1 bathroom • 1 kitchen • 45m²
2 beds (1 full, 1 sofa bed)
Only 2 left at this price on our site"
Ever House - Atocha2 Superb Location,2366.0,9.2,25.0,4.0,squares,"Madrid City Center, Madrid","One-Bedroom Apartment
2 beds (1 full, 1 sofa bed)
Only 1 left at this price on our site"
Salamanca hermoso amplio con mucha luz,803.0,10.0,1.0,3.0,squares,"Salamanca, Madrid","One-Bedroom Apartment
Entire apartment • 1 bedroom • 1 living room • 1 bathroom • 1 kitchen • 50m²
2 beds (1 full, 1 sofa bed)
Free cancellation"
Modern Bright -1Bedroom 1Bath -Cuatro Caminos,1085.0,8.0,2.0,3.0,squares,"Tetuan, Madrid","One-Bedroom Apartment
Entire apartment • 1 bedroom • 1 living room • 1 bathroom • 1 kitchen • 50m²
1 full bed
Free cancellation"
Exe Convention Plaza Madrid,976.0,8.1,1631.0,4.0,stars,"Fuencarral-El Pardo, Madrid","Double Room
Beds: 1 double or 2 twins"
Nice and quiet flat in Madrid,874.0,,,,,"Ciudad Lineal, Madrid","One-Bedroom Apartment
2 beds (1 full, 1 sofa bed)
Free cancellation"
"Hospes Puerta de Alcalá, a Member of Design Hotels",2960.0,8.7,1073.0,5.0,stars,"Salamanca, Madrid","Deluxe Double or Twin Room
1 king bed"
Hermoso estudio en Legazpi °1,993.0,8.8,4.0,3.0,squares,"Arganzuela, Madrid","Studio Apartment
Entire apartment • 1 bedroom • 1 living room • 1 bathroom • 1 kitchen • 35m²
2 beds (1 sofa bed, 1 queen)"
"Hotel Palacio del Retiro, Autograph Collection",2939.0,9.0,60.0,5.0,stars,"Retiro, Madrid","Deluxe King
1 king bed
Only 5 rooms left at this price on our site"
Oasis en Costa del Silencio BY DEIHU EXPERIENCE,567.0,,,3.0,squares,"Moncloa-Aravaca, Madrid","Apartment with City View
Entire apartment • 1 bedroom • 1 bathroom • 1 kitchen • 50m²
1 full bed"
Céntrico apartamento entre Sol Ópera y Pza Mayor,1527.0,8.7,85.0,3.0,squares,"Madrid City Center, Madrid","Apartment
Entire apartment • 1 bedroom • 1 living room • 1 bathroom • 1 kitchen • 40m²
3 beds (2 twins, 1 sofa bed)
Free cancellation"
Apartamentos Duque Ventas,1574.0,9.5,57.0,4.0,squares,"Salamanca, Madrid","Two-Bedroom Apartment
Entire apartment • 2 bedrooms • 1 living room • 1 bathroom • 1 kitchen • 75m²
3 beds (2 twins, 1 full)
Free cancellation
Only 1 left at this price on our site"
Modern- 2Bd 2Bth - Ópera,2031.0,8.3,9.0,3.0,squares,"Madrid City Center, Madrid","Two-Bedroom Apartment
Entire apartment • 2 bedrooms • 2 bathrooms • 1 kitchen • 65m²
2 full beds
Free cancellation
Only 1 left at this price on our site"
Madrid Space,574.0,,,,,"Puente de Vallecas, Madrid","One-Bedroom Apartment
1 full bed
Free cancellation"
"New flat , modern , wifi, 10min sol, 5 Reina Sofia",1299.0,8.2,15.0,,,"Madrid City Center, Madrid","One-Bedroom Apartment
Entire apartment • 1 bedroom • 1 living room • 1 bathroom • 1 kitchen • 25m²
2 beds (1 bunk bed, 1 sofa bed)
Free cancellation"
Casa Almagro by The Pavilions Hotels & Resorts,2970.0,9.0,878.0,4.0,stars,"Chamberi, Madrid","Standard Double or Twin Room
3 beds (2 twins, 1 queen)
Only 5 rooms left at this price on our site"
El Pasaje,1744.0,7.8,542.0,3.0,squares,"Madrid City Center, Madrid","Double or Twin Room
Multiple bed types
Only 4 rooms left at this price on our site"
Ever House - ALCALA CIELO 1 ROOFTOP,1413.0,7.7,74.0,3.0,squares,"Ciudad Lineal, Madrid","One-Bedroom Apartment
Entire apartment • 1 bedroom • 1 living room • 1 bathroom • 1 kitchen • 45m²
2 beds (1 king, 1 sofa bed)"
2 bedrooms 2 bathrooms furnished - Malasaña - Bright Stylish - MintyStay,1730.0,7.7,48.0,3.0,squares,"Madrid City Center, Madrid","Two-Bedroom Apartment
Entire apartment • 2 bedrooms • 2 bathrooms • 1 kitchen • 70m²
2 full beds
Free cancellation"
Apartamentos Day Madrid CALLAO Centro Gran Via Sol Malasaña,827.0,7.0,52.0,3.0,squares,"Madrid City Center, Madrid","Apartment with Balcony
Entire studio • 1 bathroom • 1 kitchen • 23m²
1 full bed
Free cancellation
Only 1 left at this price on our site"
Palacio Real Ópera La latina,1023.0,8.0,14.0,3.0,squares,"Madrid City Center, Madrid","King Studio with Sofa Bed
Entire studio • 1 bathroom • 1 kitchen • 30m²
2 beds (1 full, 1 sofa bed)
Free cancellation"
Posada del Dragón Boutique Hotel,1694.0,8.4,2527.0,4.0,stars,"Madrid City Center, Madrid","Double Room
1 full bed
Free cancellation"
Apartamento de Diseño en Caleido,915.0,9.6,23.0,,,"Tetuan, Madrid","One-Bedroom Apartment
Entire apartment • 1 bedroom • 1 living room • 1 bathroom • 1 kitchen • 60m²
2 beds (1 full, 1 sofa bed)
Only 2 left at this price on our site"
Ever House - CHUECA-GRAN VIA,4716.0,9.1,41.0,4.0,squares,"Madrid City Center, Madrid","Three-Bedroom Apartment
Entire apartment • 3 bedrooms • 1 living room • 3 bathrooms • 1 kitchen • 160m²
5 beds (2 twins, 1 full, 1 king, 1 sofa bed)
Only 1 left at this price on our site"
NODIS MADRID POZUELO,1012.0,7.8,253.0,1.0,stars,Madrid,"Double Room with Terrace
2 twin beds
Free cancellation"
Smartr Madrid Las Ventas,2067.0,8.5,445.0,3.0,squares,"Ciudad Lineal, Madrid","Studio
Entire studio • 1 bathroom • 1 kitchen • 27m²
1 full bed
Only 4 left at this price on our site"
Hostal Artistic B&B,2174.0,9.1,971.0,3.0,squares,"Madrid City Center, Madrid","Economy Double or Twin Room
Beds: 1 double or 2 twins
Only 3 rooms left at this price on our site"
2060 The Newton Hostel,1137.0,8.6,5301.0,,,"Madrid City Center, Madrid","Triple Room with Private Bathroom
Multiple bed types"
Gran apartamento de diseño @plazasanmiguel *lujo*,2477.0,8.2,8.0,4.0,squares,"Madrid City Center, Madrid","Two-Bedroom Apartment
Entire apartment • 2 bedrooms • 1 living room • 1 bathroom • 1 kitchen • 100m²
2 queen beds"
Espoz habitaciones,440.0,7.3,999.0,,,"Madrid City Center, Madrid","Standard Double Room with Shared Bathroom
1 full bed
Only 6 rooms left at this price on our site"
Rooms Rayo,519.0,6.4,51.0,3.0,squares,"Puente de Vallecas, Madrid","Deluxe Room
1 full bed
Free cancellation
Only 1 room left at this price on our site"
"The Westin Palace, Madrid",4633.0,8.1,886.0,5.0,stars,"Madrid City Center, Madrid","Premium Guest room with 1 King Bed, Street View
1 king bed
Only 5 rooms left at this price on our site"
Charming Studio in Barrio Salamanca Perfect Madrid Getaway Villanueva III,1289.0,7.7,18.0,3.0,squares,"Salamanca, Madrid","One-Bedroom Apartment
Entire apartment • 1 bedroom • 1 bathroom • 1 kitchen • 30m²
1 full bed"
Palacio de los Duques Gran Meliá - The Leading Hotels of the World,3184.0,9.1,1341.0,5.0,stars,"Madrid City Center, Madrid","Classic Double Room
1 queen bed
Only 7 rooms left at this price on our site"
Cosy interior-studio in Chamberi-TRAF,1198.0,6.7,3.0,3.0,squares,"Chamberi, Madrid","One-Bedroom Apartment
2 beds (1 full, 1 sofa bed)
Free cancellation"
Fantastic flat with terrace Arturo Soria D2,1544.0,7.9,32.0,3.0,squares,"Ciudad Lineal, Madrid","Two-Bedroom Apartment
4 beds (2 twins, 1 full, 1 sofa bed)
Free cancellation
Only 1 left at this price on our site"
Loft Imperial,2177.0,8.2,113.0,3.0,squares,"Arganzuela, Madrid","Loft
Entire apartment • 1 bedroom • 1 living room • 1 bathroom • 1 kitchen • 40m²
2 beds (1 sofa bed, 1 queen)
Only 3 left at this price on our site"
HelloSky Air Rooms Madrid,1683.0,7.7,1948.0,4.0,stars,"Barajas, Madrid","Standard Double Room
1 full bed
Only 3 rooms left at this price on our site"
Apartamento Independiente IFEMA - Aeropuerto Barajas,1129.0,10.0,3.0,3.0,squares,"Hortaleza, Madrid","One-Bedroom Apartment
Entire apartment • 1 bedroom • 1 living room • 1 bathroom • 1 kitchen • 41m²
2 beds (1 full, 1 sofa bed)
Free cancellation"
Bright apartment-1Bedroom 1Bath-Salamanca,1152.0,4.7,3.0,,,"Salamanca, Madrid","One-Bedroom Apartment
Entire apartment • 1 bedroom • 1 living room • 1 bathroom • 1 kitchen • 50m²
2 beds (1 full, 1 sofa bed)
Free cancellation"
"Apartamento completo, Chamartín",1359.0,8.5,136.0,3.0,squares,"Chamartín, Madrid","One-Bedroom Apartment
Entire apartment • 1 bedroom • 1 living room • 1 bathroom • 1 kitchen • 55m²
5 beds (1 twin, 1 full, 3 sofa beds)
Only 1 left at this price on our site"
Renovado dúplex en El Pilar by beBalmy,1065.0,7.7,6.0,3.0,squares,"Fuencarral-El Pardo, Madrid","One-Bedroom Apartment
Entire apartment • 1 bedroom • 1 living room • 2 bathrooms • 1 kitchen • 45m²
3 beds (2 twins, 1 sofa bed)
Free cancellation
Only 1 left at this price on our site"
Little Cozy loft Madrid free street parking WIFI Barbadillo Bis,814.0,6.7,32.0,,,"Ciudad Lineal, Madrid","One-Bedroom Apartment
1 full bed
Free cancellation
Only 1 left at this price on our site"
Hostal Casa Boutique,1197.0,7.1,590.0,,,"Madrid City Center, Madrid","Double Room
1 queen bed
Only 1 room left at this price on our site"
DoubleTree by Hilton Madrid-Prado,2801.0,8.8,302.0,4.0,stars,"Madrid City Center, Madrid","King Room
1 king bed
Only 3 rooms left at this price on our site"
MyHouseSpain - Moderno piso I en Chueca,1138.0,7.1,47.0,3.0,squares,"Madrid City Center, Madrid","Apartment with Shower
Entire apartment • 1 bedroom • 1 bathroom • 30m²
1 full bed
Free cancellation"
Petit Hostel Palacio Real,1840.0,8.4,3269.0,,,"Moncloa-Aravaca, Madrid","Quadruple Room with Private Bathroom
4 bunk beds
Only 1 room left at this price on our site"
Charming Madrid Delicias III,787.0,6.9,15.0,3.0,squares,"Arganzuela, Madrid","Two-Bedroom Apartment
Entire apartment • 2 bedrooms • 1 living room • 1 bathroom • 35m²
2 beds (1 twin, 1 full)"
Hostal Vara Madrid,767.0,7.4,994.0,3.0,squares,"Arganzuela, Madrid","Double Room with Private Bathroom
1 full bed
Only 7 rooms left at this price on our site"
PlazaMayorSuites,1629.0,9.4,473.0,3.0,squares,"Madrid City Center, Madrid","Studio Apartment II
Entire studio • 1 bathroom • 1 kitchen • 25m²
1 full bed
Free cancellation
Only 1 left at this price on our site"
Hermoso Piso con Ac y Wi-Fi,1755.0,9.4,7.0,,,"Chamberi, Madrid","Three-Bedroom Apartment
3 beds (1 twin, 2 fulls)
Free cancellation"
Tranquil loft in Bernabéu,1150.0,,,,,"Chamartín, Madrid","Two-Bedroom Apartment
2 beds (1 full, 1 sofa bed)
Free cancellation"
Hostal Las Vegas,871.0,5.9,1344.0,1.0,stars,"Tetuan, Madrid","Double Room
1 full bed"
Hostal Emilio Barajas,548.0,6.8,2302.0,2.0,stars,"Barajas, Madrid","Double or Twin Room
Beds: 1 double or 2 twins
Free cancellation
Only 1 room left at this price on our site"
60 Balconies Iconic,2254.0,9.0,1374.0,4.0,squares,"Madrid City Center, Madrid","Deluxe Apartment
Entire apartment • 1 bedroom • 1 bathroom • 1 kitchen • 32m²
2 beds (1 full, 1 sofa bed)"
Cándido Apartamento en el Corazón de La Latina,1967.0,9.4,11.0,,,"Madrid City Center, Madrid","Two-Bedroom Apartment
2 full beds
Free cancellation
Only 1 left at this price on our site"
Sonder Malasaña,2058.0,9.0,849.0,4.0,squares,"Madrid City Center, Madrid","One-Bedroom Apartment
Entire apartment • 1 bedroom • 1 living room • 1 bathroom • 1 kitchen • 47m²
2 beds (1 king, 1 sofa bed)
Only 1 left at this price on our site"
Only YOU Boutique Hotel Madrid,3242.0,9.3,2411.0,4.0,stars,"Madrid City Center, Madrid","Superior Room
1 queen bed"
Exyca Tetuán,1198.0,6.6,57.0,3.0,squares,"Tetuan, Madrid","Two-Bedroom Apartment
Entire apartment • 2 bedrooms • 1 living room • 1 bathroom • 1 kitchen • 70m²
3 beds (1 full, 1 sofa bed, 1 queen)
Free cancellation"
"S6 Apartamento nuevo, Madrid",1105.0,8.7,34.0,,,"Tetuan, Madrid","One-Bedroom Apartment
2 beds (1 full, 1 sofa bed)
Free cancellation"
Exclusivo Piso en el centro - 1,1720.0,9.0,1.0,3.0,squares,"Madrid City Center, Madrid","One-Bedroom Apartment
2 beds (1 sofa bed, 1 queen)
Free cancellation"
La Bohéme de Chueca - S-Marcos,1808.0,9.5,2.0,,,"Madrid City Center, Madrid","Two-Bedroom Apartment
3 beds (2 twins, 1 full)
Free cancellation"
Cálido apartamento con PISCINA y garaje,617.0,9.3,3.0,3.0,squares,"Villa de Vallecas, Madrid","One-Bedroom Apartment
2 beds (1 full, 1 sofa bed)
Free cancellation"
Cozy Ground-Floor Apartment for 2 in Chamberí Perfect Spot Quevedo IV,1240.0,9.3,9.0,3.0,squares,"Chamberi, Madrid","One-Bedroom Apartment
Entire apartment • 1 bedroom • 1 bathroom • 32m²
1 full bed
Only 1 left at this price on our site"
Tranquilo apartamento en Principe Pío/Pza de España FLOR,1665.0,6.4,20.0,3.0,squares,"Moncloa-Aravaca, Madrid","Three-Bedroom Apartment
Entire apartment • 3 bedrooms • 2 bathrooms • 1 kitchen • 90m²
4 beds (2 twins, 2 fulls)
Free cancellation
Only 1 left at this price on our site"
Terraza & confort en ubicación inmejorable!,1261.0,6.6,6.0,,,"Salamanca, Madrid","One-Bedroom Apartment
2 beds (1 sofa bed, 1 queen)
Free cancellation"
"El Autor Hotel, Madrid, Autograph Collection",3157.0,10.0,1.0,5.0,stars,"Madrid City Center, Madrid","Deluxe King Room
1 king bed
Only 5 rooms left at this price on our site"
AmazINN Places Blasco de Garay 102,1067.0,7.8,105.0,3.0,squares,"Chamberi, Madrid","Deluxe Queen Room with Two Queen Beds
2 full beds
Only 1 room left at this price on our site"
AYZ Javier Cabrini - Auto check-in property,379.0,6.2,3634.0,,,"Hortaleza, Madrid","Standard Double Room with Shared Bathroom
1 full bed
Only 3 rooms left at this price on our site"
