hotel_name,neighborhood,url
Hostal Orleans,"Ciutat Vella, Barcelona",https://www.booking.com/hotel/es/hostal-orleans.es.html?label=gen173nr-1FCAEoggI46AdIClgEaEaIAQGYAQq4ARnIAQ_YAQHoAQH4AQKIAgGoAgO4ArL50rwGwAIB0gIkOGZlNzdlZTAtYjM2Ni00NjEwLWJjZDItYjc2NTUzNTkyZGM32AIF4AIB&sid=5ad11202ea9cc1c07c5ed8caaaf11387&aid=304142&ucfs=1&arphpl=1&checkin=2026-02-01&checkout=2026-02-08&dest_id=-372490&dest_type=city&group_adults=2&req_adults=2&no_rooms=1&group_children=0&req_children=0&hpos=1&hapos=1&sr_order=popularity&srpvid=01ee4d642e4b01c6&srepoch=1737802875&all_sr_blocks=38790504_388371337_0_0_0&highlighted_blocks=38790504_388371337_0_0_0&matching_block_id=38790504_388371337_0_0_0&sr_pri_blocks=38790504_388371337_0_0_0__56078&from=searchresults
Hostal Portugal,"Ciutat Vella, Barcelona",https://www.booking.com/hotel/es/pension-portugal.es.html?label=gen173nr-1FCAEoggI46AdIClgEaEaIAQGYAQq4ARnIAQ_YAQHoAQH4AQKIAgGoAgO4ArL50rwGwAIB0gIkOGZlNzdlZTAtYjM2Ni00NjEwLWJjZDItYjc2NTUzNTkyZGM32AIF4AIB&sid=5ad11202ea9cc1c07c5ed8caaaf11387&aid=304142&ucfs=1&arphpl=1&checkin=2026-02-01&checkout=2026-02-08&dest_id=-372490&dest_type=city&group_adults=2&req_adults=2&no_rooms=1&group_children=0&req_children=0&hpos=3&hapos=3&sr_order=popularity&srpvid=01ee4d642e4b01c6&srepoch=1737802875&all_sr_blocks=27524203_88206095_0_0_0_466935&highlighted_blocks=27524203_88206095_0_0_0_466935&matching_block_id=27524203_88206095_0_0_0_466935&sr_pri_blocks=27524203_88206095_0_0_0_466935_59297&from=searchresults
C211 Barcelona Apartments,"Sarrià-Sant Gervasi, Barcelona",https://www.booking.com/hotel/es/c211-casanova.es.html?label=gen173nr-1FCAEoggI46AdIClgEaEaIAQGYAQq4ARnIAQ_YAQHoAQH4AQKIAgGoAgO4ArL50rwGwAIB0gIkOGZlNzdlZTAtYjM2Ni00NjEwLWJjZDItYjc2NTUzNTkyZGM32AIF4AIB&sid=5ad11202ea9cc1c07c5ed8caaaf11387&aid=304142&ucfs=1&arphpl=1&checkin=2026-02-01&checkout=2026-02-08&dest_id=-372490&dest_type=city&group_adults=2&req_adults=2&no_rooms=1&group_children=0&req_children=0&hpos=4&hapos=4&sr_order=popularity&srpvid=01ee4d642e4b01c6&srepoch=1737802875&all_sr_blocks=50543403_402995429_4_0_0&highlighted_blocks=50543403_402995429_4_0_0&matching_block_id=50543403_402995429_4_0_0&sr_pri_blocks=50543403_402995429_4_0_0__129532&from=searchresults
Royal Ramblas,"Ciutat Vella, Barcelona",https://www.booking.com/hotel/es/royal.es.html?label=gen173nr-1FCAEoggI46AdIClgEaEaIAQGYAQq4ARnIAQ_YAQHoAQH4AQKIAgGoAgO4ArL50rwGwAIB0gIkOGZlNzdlZTAtYjM2Ni00NjEwLWJjZDItYjc2NTUzNTkyZGM32AIF4AIB&sid=5ad11202ea9cc1c07c5ed8caaaf11387&aid=304142&ucfs=1&arphpl=1&checkin=2026-02-01&checkout=2026-02-08&dest_id=-372490&dest_type=city&group_adults=2&req_adults=2&no_rooms=1&group_children=0&req_children=0&hpos=5&hapos=5&sr_order=popularity&srpvid=01ee4d642e4b01c6&srepoch=1737802875&all_sr_blocks=9022832_359649684_4_2_0&highlighted_blocks=9022832_359649684_4_2_0&matching_block_id=9022832_359649684_4_2_0&sr_pri_blocks=9022832_359649684_4_2_0__708078&from_sustainable_property_sr=1&from=searchresults
El Palauet Royal Suites,"Gracia, Barcelona",https://www.booking.com/hotel/es/el-palauet-living-barcelona.es.html?label=gen173nr-1FCAEoggI46AdIClgEaEaIAQGYAQq4ARnIAQ_YAQHoAQH4AQKIAgGoAgO4ArL50rwGwAIB0gIkOGZlNzdlZTAtYjM2Ni00NjEwLWJjZDItYjc2NTUzNTkyZGM32AIF4AIB&sid=5ad11202ea9cc1c07c5ed8caaaf11387&aid=304142&ucfs=1&arphpl=1&checkin=2026-02-01&checkout=2026-02-08&dest_id=-372490&dest_type=city&group_adults=2&req_adults=2&no_rooms=1&group_children=0&req_children=0&hpos=6&hapos=6&sr_order=popularity&srpvid=01ee4d642e4b01c6&srepoch=1737802875&all_sr_blocks=35290306_404371710_2_2_0_264474&highlighted_blocks=35290306_404371710_2_2_0_264474&matching_block_id=35290306_404371710_2_2_0_264474&sr_pri_blocks=35290306_404371710_2_2_0_264474_7011550&from=searchresults
Rooms in spacious apartment in City Center,"Eixample, Barcelona",https://www.booking.com/hotel/es/rooms-in-spacious-apartment-in-city-center.es.html?label=gen173nr-1FCAEoggI46AdIClgEaEaIAQGYAQq4ARnIAQ_YAQHoAQH4AQKIAgGoAgO4ArL50rwGwAIB0gIkOGZlNzdlZTAtYjM2Ni00NjEwLWJjZDItYjc2NTUzNTkyZGM32AIF4AIB&sid=5ad11202ea9cc1c07c5ed8caaaf11387&aid=304142&ucfs=1&arphpl=1&checkin=2026-02-01&checkout=2026-02-08&dest_id=-372490&dest_type=city&group_adults=2&req_adults=2&no_rooms=1&group_children=0&req_children=0&hpos=7&hapos=7&sr_order=popularity&srpvid=01ee4d642e4b01c6&srepoch=1737802875&all_sr_blocks=1322427201_404911126_2_0_0&highlighted_blocks=1322427201_404911126_2_0_0&matching_block_id=1322427201_404911126_2_0_0&sr_pri_blocks=1322427201_404911126_2_0_0__45735&from=searchresults
Hotel Casa Gardenia,"Ciutat Vella, Barcelona",https://www.booking.com/hotel/es/casa-gardenia-barcelona.es.html?label=gen173nr-1FCAEoggI46AdIClgEaEaIAQGYAQq4ARnIAQ_YAQHoAQH4AQKIAgGoAgO4ArL50rwGwAIB0gIkOGZlNzdlZTAtYjM2Ni00NjEwLWJjZDItYjc2NTUzNTkyZGM32AIF4AIB&sid=5ad11202ea9cc1c07c5ed8caaaf11387&aid=304142&ucfs=1&arphpl=1&checkin=2026-02-01&checkout=2026-02-08&dest_id=-372490&dest_type=city&group_adults=2&req_adults=2&no_rooms=1&group_children=0&req_children=0&hpos=8&hapos=8&sr_order=popularity&srpvid=01ee4d642e4b01c6&srepoch=1737802875&all_sr_blocks=1096878408_382578833_2_2_0&highlighted_blocks=1096878408_382578833_2_2_0&matching_block_id=1096878408_382578833_2_2_0&sr_pri_blocks=1096878408_382578833_2_2_0__64400&from=searchresults
Apartment carrer d'Olesa,"Sant Andreu, Barcelona",https://www.booking.com/hotel/es/apartment-carrer-d-39-olesa.es.html?label=gen173nr-1FCAEoggI46AdIClgEaEaIAQGYAQq4ARnIAQ_YAQHoAQH4AQKIAgGoAgO4ArL50rwGwAIB0gIkOGZlNzdlZTAtYjM2Ni00NjEwLWJjZDItYjc2NTUzNTkyZGM32AIF4AIB&sid=5ad11202ea9cc1c07c5ed8caaaf11387&aid=304142&ucfs=1&arphpl=1&checkin=2026-02-01&checkout=2026-02-08&dest_id=-372490&dest_type=city&group_adults=2&req_adults=2&no_rooms=1&group_children=0&req_children=0&hpos=9&hapos=9&sr_order=popularity&srpvid=01ee4d642e4b01c6&srepoch=1737802875&all_sr_blocks=117649201_270356999_2_0_0_742798&highlighted_blocks=117649201_270356999_2_0_0_742798&matching_block_id=117649201_270356999_2_0_0_742798&sr_pri_blocks=117649201_270356999_2_0_0_742798_130855&from=searchresults
Urban Flats Vallirana,"Sarrià-Sant Gervasi, Barcelona",https://www.booking.com/hotel/es/lucasland-vallirana.es.html?label=gen173nr-1FCAEoggI46AdIClgEaEaIAQGYAQq4ARnIAQ_YAQHoAQH4AQKIAgGoAgO4ArL50rwGwAIB0gIkOGZlNzdlZTAtYjM2Ni00NjEwLWJjZDItYjc2NTUzNTkyZGM32AIF4AIB&sid=5ad11202ea9cc1c07c5ed8caaaf11387&aid=304142&ucfs=1&arphpl=1&checkin=2026-02-01&checkout=2026-02-08&dest_id=-372490&dest_type=city&group_adults=2&req_adults=2&no_rooms=1&group_children=0&req_children=0&hpos=10&hapos=10&sr_order=popularity&srpvid=01ee4d642e4b01c6&srepoch=1737802875&all_sr_blocks=992974003_372285280_2_0_0&highlighted_blocks=992974003_372285280_2_0_0&matching_block_id=992974003_372285280_2_0_0&sr_pri_blocks=992974003_372285280_2_0_0__105192&from=searchresults
Montaber Apartments - Sagrada Familia,"Eixample, Barcelona",https://www.booking.com/hotel/es/joana-grey.es.html?label=gen173nr-1FCAEoggI46AdIClgEaEaIAQGYAQq4ARnIAQ_YAQHoAQH4AQKIAgGoAgO4ArL50rwGwAIB0gIkOGZlNzdlZTAtYjM2Ni00NjEwLWJjZDItYjc2NTUzNTkyZGM32AIF4AIB&sid=5ad11202ea9cc1c07c5ed8caaaf11387&aid=304142&ucfs=1&arphpl=1&checkin=2026-02-01&checkout=2026-02-08&dest_id=-372490&dest_type=city&group_adults=2&req_adults=2&no_rooms=1&group_children=0&req_children=0&hpos=11&hapos=11&sr_order=popularity&srpvid=01ee4d642e4b01c6&srepoch=1737802875&all_sr_blocks=182808307_326834990_4_0_0&highlighted_blocks=182808307_326834990_4_0_0&matching_block_id=182808307_326834990_4_0_0&sr_pri_blocks=182808307_326834990_4_0_0__107451&from=searchresults
Pensión 45,"Ciutat Vella, Barcelona",https://www.booking.com/hotel/es/pension-45.es.html?label=gen173nr-1FCAEoggI46AdIClgEaEaIAQGYAQq4ARnIAQ_YAQHoAQH4AQKIAgGoAgO4ArL50rwGwAIB0gIkOGZlNzdlZTAtYjM2Ni00NjEwLWJjZDItYjc2NTUzNTkyZGM32AIF4AIB&sid=5ad11202ea9cc1c07c5ed8caaaf11387&aid=304142&ucfs=1&arphpl=1&checkin=2026-02-01&checkout=2026-02-08&dest_id=-372490&dest_type=city&group_adults=2&req_adults=2&no_rooms=1&group_children=0&req_children=0&hpos=12&hapos=12&sr_order=popularity&srpvid=01ee4d642e4b01c6&srepoch=1737802875&all_sr_blocks=1240802_190208126_0_0_0&highlighted_blocks=1240802_190208126_0_0_0&matching_block_id=1240802_190208126_0_0_0&sr_pri_blocks=1240802_190208126_0_0_0__46900&from=searchresults
Ola Living Calabria,"Eixample, Barcelona",https://www.booking.com/hotel/es/ola-living-calabria.es.html?label=gen173nr-1FCAEoggI46AdIClgEaEaIAQGYAQq4ARnIAQ_YAQHoAQH4AQKIAgGoAgO4ArL50rwGwAIB0gIkOGZlNzdlZTAtYjM2Ni00NjEwLWJjZDItYjc2NTUzNTkyZGM32AIF4AIB&sid=5ad11202ea9cc1c07c5ed8caaaf11387&aid=304142&ucfs=1&arphpl=1&checkin=2026-02-01&checkout=2026-02-08&dest_id=-372490&dest_type=city&group_adults=2&req_adults=2&no_rooms=1&group_children=0&req_children=0&hpos=13&hapos=13&sr_order=popularity&srpvid=01ee4d642e4b01c6&srepoch=1737802875&all_sr_blocks=528424401_397268836_2_0_0&highlighted_blocks=528424401_397268836_2_0_0&matching_block_id=528424401_397268836_2_0_0&sr_pri_blocks=528424401_397268836_2_0_0__117937&from=searchresults
"Chambre avec accès privé, terrasse, piscine","Gracia, Barcelona",https://www.booking.com/hotel/es/chambre-avec-acces-prive-terrasse-piscine-spa.es.html?label=gen173nr-1FCAEoggI46AdIClgEaEaIAQGYAQq4ARnIAQ_YAQHoAQH4AQKIAgGoAgO4ArL50rwGwAIB0gIkOGZlNzdlZTAtYjM2Ni00NjEwLWJjZDItYjc2NTUzNTkyZGM32AIF4AIB&sid=5ad11202ea9cc1c07c5ed8caaaf11387&aid=304142&ucfs=1&arphpl=1&checkin=2026-02-01&checkout=2026-02-08&dest_id=-372490&dest_type=city&group_adults=2&req_adults=2&no_rooms=1&group_children=0&req_children=0&hpos=14&hapos=14&sr_order=popularity&srpvid=01ee4d642e4b01c6&srepoch=1737802875&all_sr_blocks=1263425701_398988865_2_0_0&highlighted_blocks=1263425701_398988865_2_0_0&matching_block_id=1263425701_398988865_2_0_0&sr_pri_blocks=1263425701_398988865_2_0_0__78715&from=searchresults
Apartamentos Tarradellas Sants Estació,"Eixample, Barcelona",https://www.booking.com/hotel/es/amplio-y-bien-situado-para-10-personas.es.html?label=gen173nr-1FCAEoggI46AdIClgEaEaIAQGYAQq4ARnIAQ_YAQHoAQH4AQKIAgGoAgO4ArL50rwGwAIB0gIkOGZlNzdlZTAtYjM2Ni00NjEwLWJjZDItYjc2NTUzNTkyZGM32AIF4AIB&sid=5ad11202ea9cc1c07c5ed8caaaf11387&aid=304142&ucfs=1&arphpl=1&checkin=2026-02-01&checkout=2026-02-08&dest_id=-372490&dest_type=city&group_adults=2&req_adults=2&no_rooms=1&group_children=0&req_children=0&hpos=15&hapos=15&sr_order=popularity&srpvid=01ee4d642e4b01c6&srepoch=1737802875&all_sr_blocks=77877104_364123442_0_0_0&highlighted_blocks=77877104_364123442_0_0_0&matching_block_id=77877104_364123442_0_0_0&sr_pri_blocks=77877104_364123442_0_0_0__325132&from=searchresults
Moreryadom,"Eixample, Barcelona",https://www.booking.com/hotel/es/moreryadom-net.es.html?label=gen173nr-1FCAEoggI46AdIClgEaEaIAQGYAQq4ARnIAQ_YAQHoAQH4AQKIAgGoAgO4ArL50rwGwAIB0gIkOGZlNzdlZTAtYjM2Ni00NjEwLWJjZDItYjc2NTUzNTkyZGM32AIF4AIB&sid=5ad11202ea9cc1c07c5ed8caaaf11387&aid=304142&ucfs=1&arphpl=1&checkin=2026-02-01&checkout=2026-02-08&dest_id=-372490&dest_type=city&group_adults=2&req_adults=2&no_rooms=1&group_children=0&req_children=0&hpos=16&hapos=16&sr_order=popularity&srpvid=01ee4d642e4b01c6&srepoch=1737802875&all_sr_blocks=78963904_343427776_6_0_0&highlighted_blocks=78963904_343427776_6_0_0&matching_block_id=78963904_343427776_6_0_0&sr_pri_blocks=78963904_343427776_6_0_0__231945&from=searchresults
Click&Flat Luxury Tetuan,"Eixample, Barcelona",https://www.booking.com/hotel/es/click-amp-flat-eixample-derecho-apartments.es.html?label=gen173nr-1FCAEoggI46AdIClgEaEaIAQGYAQq4ARnIAQ_YAQHoAQH4AQKIAgGoAgO4ArL50rwGwAIB0gIkOGZlNzdlZTAtYjM2Ni00NjEwLWJjZDItYjc2NTUzNTkyZGM32AIF4AIB&sid=5ad11202ea9cc1c07c5ed8caaaf11387&aid=304142&ucfs=1&arphpl=1&checkin=2026-02-01&checkout=2026-02-08&dest_id=-372490&dest_type=city&group_adults=2&req_adults=2&no_rooms=1&group_children=0&req_children=0&hpos=17&hapos=17&sr_order=popularity&srpvid=01ee4d642e4b01c6&srepoch=1737802875&all_sr_blocks=73020501_330271338_3_0_0&highlighted_blocks=73020501_330271338_3_0_0&matching_block_id=73020501_330271338_3_0_0&sr_pri_blocks=73020501_330271338_3_0_0__125283&from=searchresults
Passeig de Gracia Studio Loft,"Eixample, Barcelona",https://www.booking.com/hotel/es/passeig-de-gracia-studio-loft.es.html?label=gen173nr-1FCAEoggI46AdIClgEaEaIAQGYAQq4ARnIAQ_YAQHoAQH4AQKIAgGoAgO4ArL50rwGwAIB0gIkOGZlNzdlZTAtYjM2Ni00NjEwLWJjZDItYjc2NTUzNTkyZGM32AIF4AIB&sid=5ad11202ea9cc1c07c5ed8caaaf11387&aid=304142&ucfs=1&arphpl=1&checkin=2026-02-01&checkout=2026-02-08&dest_id=-372490&dest_type=city&group_adults=2&req_adults=2&no_rooms=1&group_children=0&req_children=0&hpos=18&hapos=18&sr_order=popularity&srpvid=01ee4d642e4b01c6&srepoch=1737802875&all_sr_blocks=224787501_285295188_0_0_0&highlighted_blocks=224787501_285295188_0_0_0&matching_block_id=224787501_285295188_0_0_0&sr_pri_blocks=224787501_285295188_0_0_0__153364&from=searchresults
Housalia Sagrada Familia Views,"Eixample, Barcelona",https://www.booking.com/hotel/es/lodging-apartments-gaudi-views.es.html?label=gen173nr-1FCAEoggI46AdIClgEaEaIAQGYAQq4ARnIAQ_YAQHoAQH4AQKIAgGoAgO4ArL50rwGwAIB0gIkOGZlNzdlZTAtYjM2Ni00NjEwLWJjZDItYjc2NTUzNTkyZGM32AIF4AIB&sid=5ad11202ea9cc1c07c5ed8caaaf11387&aid=304142&ucfs=1&arphpl=1&checkin=2026-02-01&checkout=2026-02-08&dest_id=-372490&dest_type=city&group_adults=2&req_adults=2&no_rooms=1&group_children=0&req_children=0&hpos=19&hapos=19&sr_order=popularity&srpvid=01ee4d642e4b01c6&srepoch=1737802875&all_sr_blocks=641218602_367260833_0_0_0&highlighted_blocks=641218602_367260833_0_0_0&matching_block_id=641218602_367260833_0_0_0&sr_pri_blocks=641218602_367260833_0_0_0__172621&from=searchresults
LetsGo Diagonal Avenue Apartment,"Sarrià-Sant Gervasi, Barcelona",https://www.booking.com/hotel/es/diagonal-avenue-apartment.es.html?label=gen173nr-1FCAEoggI46AdIClgEaEaIAQGYAQq4ARnIAQ_YAQHoAQH4AQKIAgGoAgO4ArL50rwGwAIB0gIkOGZlNzdlZTAtYjM2Ni00NjEwLWJjZDItYjc2NTUzNTkyZGM32AIF4AIB&sid=5ad11202ea9cc1c07c5ed8caaaf11387&aid=304142&ucfs=1&arphpl=1&checkin=2026-02-01&checkout=2026-02-08&dest_id=-372490&dest_type=city&group_adults=2&req_adults=2&no_rooms=1&group_children=0&req_children=0&hpos=20&hapos=20&sr_order=popularity&srpvid=01ee4d642e4b01c6&srepoch=1737802875&all_sr_blocks=103219501_358240194_5_0_0&highlighted_blocks=103219501_358240194_5_0_0&matching_block_id=103219501_358240194_5_0_0&sr_pri_blocks=103219501_358240194_5_0_0__209732&from=searchresults
Free Hostels Barcelona,"Eixample, Barcelona",https://www.booking.com/hotel/es/free-hostels.es.html?label=gen173nr-1FCAEoggI46AdIClgEaEaIAQGYAQq4ARnIAQ_YAQHoAQH4AQKIAgGoAgO4ArL50rwGwAIB0gIkOGZlNzdlZTAtYjM2Ni00NjEwLWJjZDItYjc2NTUzNTkyZGM32AIF4AIB&sid=5ad11202ea9cc1c07c5ed8caaaf11387&aid=304142&ucfs=1&arphpl=1&checkin=2026-02-01&checkout=2026-02-08&dest_id=-372490&dest_type=city&group_adults=2&req_adults=2&no_rooms=1&group_children=0&req_children=0&hpos=21&hapos=21&sr_order=popularity&srpvid=01ee4d642e4b01c6&srepoch=1737802875&all_sr_blocks=91372217_379828003_2_0_0&highlighted_blocks=91372217_379828003_2_0_0&matching_block_id=91372217_379828003_2_0_0&sr_pri_blocks=91372217_379828003_2_0_0__77700&from=searchresults
Spacious room in central area A,"Eixample, Barcelona",https://www.booking.com/hotel/es/spacious-room-in-central-area-a.es.html?label=gen173nr-1FCAEoggI46AdIClgEaEaIAQGYAQq4ARnIAQ_YAQHoAQH4AQKIAgGoAgO4ArL50rwGwAIB0gIkOGZlNzdlZTAtYjM2Ni00NjEwLWJjZDItYjc2NTUzNTkyZGM32AIF4AIB&sid=5ad11202ea9cc1c07c5ed8caaaf11387&aid=304142&ucfs=1&arphpl=1&checkin=2026-02-01&checkout=2026-02-08&dest_id=-372490&dest_type=city&group_adults=2&req_adults=2&no_rooms=1&group_children=0&req_children=0&hpos=22&hapos=22&sr_order=popularity&srpvid=01ee4d642e4b01c6&srepoch=1737802875&all_sr_blocks=1298073401_404326798_0_0_0&highlighted_blocks=1298073401_404326798_0_0_0&matching_block_id=1298073401_404326798_0_0_0&sr_pri_blocks=1298073401_404326798_0_0_0__66189&from=searchresults
Luxury Patio,"Sant Martí, Barcelona",https://www.booking.com/hotel/es/luxury-patio.es.html?label=gen173nr-1FCAEoggI46AdIClgEaEaIAQGYAQq4ARnIAQ_YAQHoAQH4AQKIAgGoAgO4ArL50rwGwAIB0gIkOGZlNzdlZTAtYjM2Ni00NjEwLWJjZDItYjc2NTUzNTkyZGM32AIF4AIB&sid=5ad11202ea9cc1c07c5ed8caaaf11387&aid=304142&ucfs=1&arphpl=1&checkin=2026-02-01&checkout=2026-02-08&dest_id=-372490&dest_type=city&group_adults=2&req_adults=2&no_rooms=1&group_children=0&req_children=0&hpos=23&hapos=23&sr_order=popularity&srpvid=01ee4d642e4b01c6&srepoch=1737802875&all_sr_blocks=1317540201_404482976_2_0_0&highlighted_blocks=1317540201_404482976_2_0_0&matching_block_id=1317540201_404482976_2_0_0&sr_pri_blocks=1317540201_404482976_2_0_0__62386&from=searchresults
Hesperia Barcelona Barri Gòtic,"Ciutat Vella, Barcelona",https://www.booking.com/hotel/es/hesperiametropol.es.html?label=gen173nr-1FCAEoggI46AdIClgEaEaIAQGYAQq4ARnIAQ_YAQHoAQH4AQKIAgGoAgO4ArL50rwGwAIB0gIkOGZlNzdlZTAtYjM2Ni00NjEwLWJjZDItYjc2NTUzNTkyZGM32AIF4AIB&sid=5ad11202ea9cc1c07c5ed8caaaf11387&aid=304142&ucfs=1&arphpl=1&checkin=2026-02-01&checkout=2026-02-08&dest_id=-372490&dest_type=city&group_adults=2&req_adults=2&no_rooms=1&group_children=0&req_children=0&hpos=24&hapos=24&sr_order=popularity&srpvid=01ee4d642e4b01c6&srepoch=1737802875&all_sr_blocks=9181915_93709440_0_2_0_301712&highlighted_blocks=9181915_93709440_0_2_0_301712&matching_block_id=9181915_93709440_0_2_0_301712&sr_pri_blocks=9181915_93709440_0_2_0_301712_588119&from_sustainable_property_sr=1&from=searchresults
TSA La Rosa,"Gracia, Barcelona",https://www.booking.com/hotel/es/no-11-the-streets-apartments.es.html?label=gen173nr-1FCAEoggI46AdIClgEaEaIAQGYAQq4ARnIAQ_YAQHoAQH4AQKIAgGoAgO4ArL50rwGwAIB0gIkOGZlNzdlZTAtYjM2Ni00NjEwLWJjZDItYjc2NTUzNTkyZGM32AIF4AIB&sid=5ad11202ea9cc1c07c5ed8caaaf11387&aid=304142&ucfs=1&arphpl=1&checkin=2026-02-01&checkout=2026-02-08&dest_id=-372490&dest_type=city&group_adults=2&req_adults=2&no_rooms=1&group_children=0&req_children=0&hpos=25&hapos=25&sr_order=popularity&srpvid=01ee4d642e4b01c6&srepoch=1737802875&all_sr_blocks=396952303_123115794_2_0_0&highlighted_blocks=396952303_123115794_2_0_0&matching_block_id=396952303_123115794_2_0_0&sr_pri_blocks=396952303_123115794_2_0_0__6624632&from=searchresults
Private rooms,"Nou Barris, Barcelona",https://www.booking.com/hotel/es/private-rooms-barcelona.es.html?label=gen173nr-1FCAEoggI46AdIClgEaEaIAQGYAQq4ARnIAQ_YAQHoAQH4AQKIAgGoAgO4ArL50rwGwAIB0gIkOGZlNzdlZTAtYjM2Ni00NjEwLWJjZDItYjc2NTUzNTkyZGM32AIF4AIB&sid=5ad11202ea9cc1c07c5ed8caaaf11387&aid=304142&ucfs=1&arphpl=1&checkin=2026-02-01&checkout=2026-02-08&dest_id=-372490&dest_type=city&group_adults=2&req_adults=2&no_rooms=1&group_children=0&req_children=0&hpos=1&hapos=26&sr_order=popularity&srpvid=01ee4d642e4b01c6&srepoch=1737802832&all_sr_blocks=1233931107_395358728_2_0_0&highlighted_blocks=1233931107_395358728_2_0_0&matching_block_id=1233931107_395358728_2_0_0&sr_pri_blocks=1233931107_395358728_2_0_0__42700&from=searchresults
Apartments Sata Olimpic Village Area,"Sant Martí, Barcelona",https://www.booking.com/hotel/es/apartments-olimpic-village.es.html?label=gen173nr-1FCAEoggI46AdIClgEaEaIAQGYAQq4ARnIAQ_YAQHoAQH4AQKIAgGoAgO4ArL50rwGwAIB0gIkOGZlNzdlZTAtYjM2Ni00NjEwLWJjZDItYjc2NTUzNTkyZGM32AIF4AIB&sid=5ad11202ea9cc1c07c5ed8caaaf11387&aid=304142&ucfs=1&arphpl=1&checkin=2026-02-01&checkout=2026-02-08&dest_id=-372490&dest_type=city&group_adults=2&req_adults=2&no_rooms=1&group_children=0&req_children=0&hpos=2&hapos=27&sr_order=popularity&srpvid=01ee4d642e4b01c6&srepoch=1737802832&all_sr_blocks=31130101_88497705_2_0_0&highlighted_blocks=31130101_88497705_2_0_0&matching_block_id=31130101_88497705_2_0_0&sr_pri_blocks=31130101_88497705_2_0_0__125732&from=searchresults
Boutique Apartments 23 Barcelona,"Gracia, Barcelona",https://www.booking.com/hotel/es/23-barcelona.es.html?label=gen173nr-1FCAEoggI46AdIClgEaEaIAQGYAQq4ARnIAQ_YAQHoAQH4AQKIAgGoAgO4ArL50rwGwAIB0gIkOGZlNzdlZTAtYjM2Ni00NjEwLWJjZDItYjc2NTUzNTkyZGM32AIF4AIB&sid=5ad11202ea9cc1c07c5ed8caaaf11387&aid=304142&ucfs=1&arphpl=1&checkin=2026-02-01&checkout=2026-02-08&dest_id=-372490&dest_type=city&group_adults=2&req_adults=2&no_rooms=1&group_children=0&req_children=0&hpos=3&hapos=28&sr_order=popularity&srpvid=01ee4d642e4b01c6&srepoch=1737802833&all_sr_blocks=802515301_382837064_2_0_0&highlighted_blocks=802515301_382837064_2_0_0&matching_block_id=802515301_382837064_2_0_0&sr_pri_blocks=802515301_382837064_2_0_0__232743&from=searchresults
Pestana Arena Barcelona,"Sants-Montjuïc, Barcelona",https://www.booking.com/hotel/es/pestana-arena-barcelona.es.html?label=gen173nr-1FCAEoggI46AdIClgEaEaIAQGYAQq4ARnIAQ_YAQHoAQH4AQKIAgGoAgO4ArL50rwGwAIB0gIkOGZlNzdlZTAtYjM2Ni00NjEwLWJjZDItYjc2NTUzNTkyZGM32AIF4AIB&sid=5ad11202ea9cc1c07c5ed8caaaf11387&aid=304142&ucfs=1&arphpl=1&checkin=2026-02-01&checkout=2026-02-08&dest_id=-372490&dest_type=city&group_adults=2&req_adults=2&no_rooms=1&group_children=0&req_children=0&hpos=4&hapos=29&sr_order=popularity&srpvid=01ee4d642e4b01c6&srepoch=1737802833&all_sr_blocks=9271024_387591879_0_1_0_371290&highlighted_blocks=9271024_387591879_0_1_0_371290&matching_block_id=9271024_387591879_0_1_0_371290&sr_pri_blocks=9271024_387591879_0_1_0_371290_299887&from=searchresults
Hotel Nuevo Triunfo,"Sants-Montjuïc, Barcelona",https://www.booking.com/hotel/es/nuevotriunfo.es.html?label=gen173nr-1FCAEoggI46AdIClgEaEaIAQGYAQq4ARnIAQ_YAQHoAQH4AQKIAgGoAgO4ArL50rwGwAIB0gIkOGZlNzdlZTAtYjM2Ni00NjEwLWJjZDItYjc2NTUzNTkyZGM32AIF4AIB&sid=5ad11202ea9cc1c07c5ed8caaaf11387&aid=304142&ucfs=1&arphpl=1&checkin=2026-02-01&checkout=2026-02-08&dest_id=-372490&dest_type=city&group_adults=2&req_adults=2&no_rooms=1&group_children=0&req_children=0&hpos=5&hapos=30&sr_order=popularity&srpvid=01ee4d642e4b01c6&srepoch=1737802833&all_sr_blocks=9037403_394284124_0_2_0&highlighted_blocks=9037403_394284124_0_2_0&matching_block_id=9037403_394284124_0_2_0&sr_pri_blocks=9037403_394284124_0_2_0__211285&from=searchresults
Ola Living Hostal Diagonal,"Sarrià-Sant Gervasi, Barcelona",https://www.booking.com/hotel/es/barcelona-226-exclusive-rooms.es.html?label=gen173nr-1FCAEoggI46AdIClgEaEaIAQGYAQq4ARnIAQ_YAQHoAQH4AQKIAgGoAgO4ArL50rwGwAIB0gIkOGZlNzdlZTAtYjM2Ni00NjEwLWJjZDItYjc2NTUzNTkyZGM32AIF4AIB&sid=5ad11202ea9cc1c07c5ed8caaaf11387&aid=304142&ucfs=1&arphpl=1&checkin=2026-02-01&checkout=2026-02-08&dest_id=-372490&dest_type=city&group_adults=2&req_adults=2&no_rooms=1&group_children=0&req_children=0&hpos=6&hapos=31&sr_order=popularity&srpvid=01ee4d642e4b01c6&srepoch=1737802833&all_sr_blocks=110656402_400322508_2_0_0&highlighted_blocks=110656402_400322508_2_0_0&matching_block_id=110656402_400322508_2_0_0&sr_pri_blocks=110656402_400322508_2_0_0__92810&from=searchresults
Hotel Coronado,"Sants-Montjuïc, Barcelona",https://www.booking.com/hotel/es/coronado.es.html?label=gen173nr-1FCAEoggI46AdIClgEaEaIAQGYAQq4ARnIAQ_YAQHoAQH4AQKIAgGoAgO4ArL50rwGwAIB0gIkOGZlNzdlZTAtYjM2Ni00NjEwLWJjZDItYjc2NTUzNTkyZGM32AIF4AIB&sid=5ad11202ea9cc1c07c5ed8caaaf11387&aid=304142&ucfs=1&arphpl=1&checkin=2026-02-01&checkout=2026-02-08&dest_id=-372490&dest_type=city&group_adults=2&req_adults=2&no_rooms=1&group_children=0&req_children=0&hpos=7&hapos=32&sr_order=popularity&srpvid=01ee4d642e4b01c6&srepoch=1737802833&all_sr_blocks=9750104_88494411_0_0_0&highlighted_blocks=9750104_88494411_0_0_0&matching_block_id=9750104_88494411_0_0_0&sr_pri_blocks=9750104_88494411_0_0_0__55200&from=searchresults
The Lonely Chimney Apartments,"Sant Martí, Barcelona",https://www.booking.com/hotel/es/bogatell-65.es.html?label=gen173nr-1FCAEoggI46AdIClgEaEaIAQGYAQq4ARnIAQ_YAQHoAQH4AQKIAgGoAgO4ArL50rwGwAIB0gIkOGZlNzdlZTAtYjM2Ni00NjEwLWJjZDItYjc2NTUzNTkyZGM32AIF4AIB&sid=5ad11202ea9cc1c07c5ed8caaaf11387&aid=304142&ucfs=1&arphpl=1&checkin=2026-02-01&checkout=2026-02-08&dest_id=-372490&dest_type=city&group_adults=2&req_adults=2&no_rooms=1&group_children=0&req_children=0&hpos=8&hapos=33&sr_order=popularity&srpvid=01ee4d642e4b01c6&srepoch=1737802833&all_sr_blocks=128888002_118602053_2_0_0&highlighted_blocks=128888002_118602053_2_0_0&matching_block_id=128888002_118602053_2_0_0&sr_pri_blocks=128888002_118602053_2_0_0__139404&from=searchresults
Central Suites Barcelona,"Eixample, Barcelona",https://www.booking.com/hotel/es/barcelonaforrent-luxury-central-suites.es.html?label=gen173nr-1FCAEoggI46AdIClgEaEaIAQGYAQq4ARnIAQ_YAQHoAQH4AQKIAgGoAgO4ArL50rwGwAIB0gIkOGZlNzdlZTAtYjM2Ni00NjEwLWJjZDItYjc2NTUzNTkyZGM32AIF4AIB&sid=5ad11202ea9cc1c07c5ed8caaaf11387&aid=304142&ucfs=1&arphpl=1&checkin=2026-02-01&checkout=2026-02-08&dest_id=-372490&dest_type=city&group_adults=2&req_adults=2&no_rooms=1&group_children=0&req_children=0&hpos=9&hapos=34&sr_order=popularity&srpvid=01ee4d642e4b01c6&srepoch=1737802833&all_sr_blocks=34356106_406800205_0_0_0&highlighted_blocks=34356106_406800205_0_0_0&matching_block_id=34356106_406800205_0_0_0&sr_pri_blocks=34356106_406800205_0_0_0__278790&from=searchresults
Lodging Apartments City Center-Eixample,"Eixample, Barcelona",https://www.booking.com/hotel/es/lodging-apartments-sagrada-familia.es.html?label=gen173nr-1FCAEoggI46AdIClgEaEaIAQGYAQq4ARnIAQ_YAQHoAQH4AQKIAgGoAgO4ArL50rwGwAIB0gIkOGZlNzdlZTAtYjM2Ni00NjEwLWJjZDItYjc2NTUzNTkyZGM32AIF4AIB&sid=5ad11202ea9cc1c07c5ed8caaaf11387&aid=304142&ucfs=1&arphpl=1&checkin=2026-02-01&checkout=2026-02-08&dest_id=-372490&dest_type=city&group_adults=2&req_adults=2&no_rooms=1&group_children=0&req_children=0&hpos=10&hapos=35&sr_order=popularity&srpvid=01ee4d642e4b01c6&srepoch=1737802833&all_sr_blocks=68967401_405456275_2_0_0&highlighted_blocks=68967401_405456275_2_0_0&matching_block_id=68967401_405456275_2_0_0&sr_pri_blocks=68967401_405456275_2_0_0__267396&from_sustainable_property_sr=1&from=searchresults
Grand Hyatt Barcelona,"Les Corts, Barcelona",https://www.booking.com/hotel/es/grandhyattbarcelona.es.html?label=gen173nr-1FCAEoggI46AdIClgEaEaIAQGYAQq4ARnIAQ_YAQHoAQH4AQKIAgGoAgO4ArL50rwGwAIB0gIkOGZlNzdlZTAtYjM2Ni00NjEwLWJjZDItYjc2NTUzNTkyZGM32AIF4AIB&sid=5ad11202ea9cc1c07c5ed8caaaf11387&aid=304142&ucfs=1&arphpl=1&checkin=2026-02-01&checkout=2026-02-08&dest_id=-372490&dest_type=city&group_adults=2&req_adults=2&no_rooms=1&group_children=0&req_children=0&hpos=11&hapos=36&sr_order=popularity&srpvid=01ee4d642e4b01c6&srepoch=1737802833&all_sr_blocks=9041165_384625829_2_42_0&highlighted_blocks=9041165_384625829_2_42_0&matching_block_id=9041165_384625829_2_42_0&sr_pri_blocks=9041165_384625829_2_42_0__271852&from_sustainable_property_sr=1&from=searchresults
1208 - EXCLUSIVE DESIGN APARTMENT,"Eixample, Barcelona",https://www.booking.com/hotel/es/1208-exclusive-design-apartment.es.html?label=gen173nr-1FCAEoggI46AdIClgEaEaIAQGYAQq4ARnIAQ_YAQHoAQH4AQKIAgGoAgO4ArL50rwGwAIB0gIkOGZlNzdlZTAtYjM2Ni00NjEwLWJjZDItYjc2NTUzNTkyZGM32AIF4AIB&sid=5ad11202ea9cc1c07c5ed8caaaf11387&aid=304142&ucfs=1&arphpl=1&checkin=2026-02-01&checkout=2026-02-08&dest_id=-372490&dest_type=city&group_adults=2&req_adults=2&no_rooms=1&group_children=0&req_children=0&hpos=12&hapos=37&sr_order=popularity&srpvid=01ee4d642e4b01c6&srepoch=1737802833&all_sr_blocks=718161701_301532565_4_0_0_611607&highlighted_blocks=718161701_301532565_4_0_0_611607&matching_block_id=718161701_301532565_4_0_0_611607&sr_pri_blocks=718161701_301532565_4_0_0_611607_305008&from=searchresults
Centric Apartments Paseo de Gracia,"Eixample, Barcelona",https://www.booking.com/hotel/es/elegant-penthouse-close-to-passeig-de-gracia.es.html?label=gen173nr-1FCAEoggI46AdIClgEaEaIAQGYAQq4ARnIAQ_YAQHoAQH4AQKIAgGoAgO4ArL50rwGwAIB0gIkOGZlNzdlZTAtYjM2Ni00NjEwLWJjZDItYjc2NTUzNTkyZGM32AIF4AIB&sid=5ad11202ea9cc1c07c5ed8caaaf11387&aid=304142&ucfs=1&arphpl=1&checkin=2026-02-01&checkout=2026-02-08&dest_id=-372490&dest_type=city&group_adults=2&req_adults=2&no_rooms=1&group_children=0&req_children=0&hpos=13&hapos=38&sr_order=popularity&srpvid=01ee4d642e4b01c6&srepoch=1737802833&all_sr_blocks=256264303_397923864_5_0_0&highlighted_blocks=256264303_397923864_5_0_0&matching_block_id=256264303_397923864_5_0_0&sr_pri_blocks=256264303_397923864_5_0_0__498082&from=searchresults
Lodging Apartments Liceu G1,"Ciutat Vella, Barcelona",https://www.booking.com/hotel/es/lodging-apartments-liceu-g1.es.html?label=gen173nr-1FCAEoggI46AdIClgEaEaIAQGYAQq4ARnIAQ_YAQHoAQH4AQKIAgGoAgO4ArL50rwGwAIB0gIkOGZlNzdlZTAtYjM2Ni00NjEwLWJjZDItYjc2NTUzNTkyZGM32AIF4AIB&sid=5ad11202ea9cc1c07c5ed8caaaf11387&aid=304142&ucfs=1&arphpl=1&checkin=2026-02-01&checkout=2026-02-08&dest_id=-372490&dest_type=city&group_adults=2&req_adults=2&no_rooms=1&group_children=0&req_children=0&hpos=14&hapos=39&sr_order=popularity&srpvid=01ee4d642e4b01c6&srepoch=1737802833&all_sr_blocks=893578401_381970675_4_0_0&highlighted_blocks=893578401_381970675_4_0_0&matching_block_id=893578401_381970675_4_0_0&sr_pri_blocks=893578401_381970675_4_0_0__265092&from=searchresults
Mayerling Schumann Barcelona,"Eixample, Barcelona",https://www.booking.com/hotel/es/chic-basic-bruc-apartamentos.es.html?label=gen173nr-1FCAEoggI46AdIClgEaEaIAQGYAQq4ARnIAQ_YAQHoAQH4AQKIAgGoAgO4ArL50rwGwAIB0gIkOGZlNzdlZTAtYjM2Ni00NjEwLWJjZDItYjc2NTUzNTkyZGM32AIF4AIB&sid=5ad11202ea9cc1c07c5ed8caaaf11387&aid=304142&ucfs=1&arphpl=1&checkin=2026-02-01&checkout=2026-02-08&dest_id=-372490&dest_type=city&group_adults=2&req_adults=2&no_rooms=1&group_children=0&req_children=0&hpos=15&hapos=40&sr_order=popularity&srpvid=01ee4d642e4b01c6&srepoch=1737802833&all_sr_blocks=1875604_243442175_0_0_0_308580&highlighted_blocks=1875604_243442175_0_0_0_308580&matching_block_id=1875604_243442175_0_0_0_308580&sr_pri_blocks=1875604_243442175_0_0_0_308580_359632&from=searchresults
Sunotel Central,"Eixample, Barcelona",https://www.booking.com/hotel/es/sunotel-central.es.html?label=gen173nr-1FCAEoggI46AdIClgEaEaIAQGYAQq4ARnIAQ_YAQHoAQH4AQKIAgGoAgO4ArL50rwGwAIB0gIkOGZlNzdlZTAtYjM2Ni00NjEwLWJjZDItYjc2NTUzNTkyZGM32AIF4AIB&sid=5ad11202ea9cc1c07c5ed8caaaf11387&aid=304142&ucfs=1&arphpl=1&checkin=2026-02-01&checkout=2026-02-08&dest_id=-372490&dest_type=city&group_adults=2&req_adults=2&no_rooms=1&group_children=0&req_children=0&hpos=16&hapos=41&sr_order=popularity&srpvid=01ee4d642e4b01c6&srepoch=1737802833&all_sr_blocks=9677102_399046999_0_2_0&highlighted_blocks=9677102_399046999_0_2_0&matching_block_id=9677102_399046999_0_2_0&sr_pri_blocks=9677102_399046999_0_2_0__568778&from=searchresults
Lodging Apartments Liceu G2,"Ciutat Vella, Barcelona",https://www.booking.com/hotel/es/lodging-apartments-liceu-g2.es.html?label=gen173nr-1FCAEoggI46AdIClgEaEaIAQGYAQq4ARnIAQ_YAQHoAQH4AQKIAgGoAgO4ArL50rwGwAIB0gIkOGZlNzdlZTAtYjM2Ni00NjEwLWJjZDItYjc2NTUzNTkyZGM32AIF4AIB&sid=5ad11202ea9cc1c07c5ed8caaaf11387&aid=304142&ucfs=1&arphpl=1&checkin=2026-02-01&checkout=2026-02-08&dest_id=-372490&dest_type=city&group_adults=2&req_adults=2&no_rooms=1&group_children=0&req_children=0&hpos=17&hapos=42&sr_order=popularity&srpvid=01ee4d642e4b01c6&srepoch=1737802833&all_sr_blocks=893586801_381970563_4_0_0&highlighted_blocks=893586801_381970563_4_0_0&matching_block_id=893586801_381970563_4_0_0&sr_pri_blocks=893586801_381970563_4_0_0__242866&from=searchresults
Lamaro Hotel,"Ciutat Vella, Barcelona",https://www.booking.com/hotel/es/colon-barcelona.es.html?label=gen173nr-1FCAEoggI46AdIClgEaEaIAQGYAQq4ARnIAQ_YAQHoAQH4AQKIAgGoAgO4ArL50rwGwAIB0gIkOGZlNzdlZTAtYjM2Ni00NjEwLWJjZDItYjc2NTUzNTkyZGM32AIF4AIB&sid=5ad11202ea9cc1c07c5ed8caaaf11387&aid=304142&ucfs=1&arphpl=1&checkin=2026-02-01&checkout=2026-02-08&dest_id=-372490&dest_type=city&group_adults=2&req_adults=2&no_rooms=1&group_children=0&req_children=0&hpos=18&hapos=43&sr_order=popularity&srpvid=01ee4d642e4b01c6&srepoch=1737802833&all_sr_blocks=9336517_395439023_0_42_0&highlighted_blocks=9336517_395439023_0_42_0&matching_block_id=9336517_395439023_0_42_0&sr_pri_blocks=9336517_395439023_0_42_0__920850&from=searchresults
May Ramblas Hotel,"Ciutat Vella, Barcelona",https://www.booking.com/hotel/es/may-ramblas.es.html?label=gen173nr-1FCAEoggI46AdIClgEaEaIAQGYAQq4ARnIAQ_YAQHoAQH4AQKIAgGoAgO4ArL50rwGwAIB0gIkOGZlNzdlZTAtYjM2Ni00NjEwLWJjZDItYjc2NTUzNTkyZGM32AIF4AIB&sid=5ad11202ea9cc1c07c5ed8caaaf11387&aid=304142&ucfs=1&arphpl=1&checkin=2026-02-01&checkout=2026-02-08&dest_id=-372490&dest_type=city&group_adults=2&req_adults=2&no_rooms=1&group_children=0&req_children=0&hpos=19&hapos=44&sr_order=popularity&srpvid=01ee4d642e4b01c6&srepoch=1737802833&all_sr_blocks=177821607_265811264_4_0_0&highlighted_blocks=177821607_265811264_4_0_0&matching_block_id=177821607_265811264_4_0_0&sr_pri_blocks=177821607_265811264_4_0_0__738469&from=searchresults
Hotel El Palace Barcelona,"Eixample, Barcelona",https://www.booking.com/hotel/es/ritzbcn.es.html?label=gen173nr-1FCAEoggI46AdIClgEaEaIAQGYAQq4ARnIAQ_YAQHoAQH4AQKIAgGoAgO4ArL50rwGwAIB0gIkOGZlNzdlZTAtYjM2Ni00NjEwLWJjZDItYjc2NTUzNTkyZGM32AIF4AIB&sid=5ad11202ea9cc1c07c5ed8caaaf11387&aid=304142&ucfs=1&arphpl=1&checkin=2026-02-01&checkout=2026-02-08&dest_id=-372490&dest_type=city&group_adults=2&req_adults=2&no_rooms=1&group_children=0&req_children=0&hpos=20&hapos=45&sr_order=popularity&srpvid=01ee4d642e4b01c6&srepoch=1737802833&all_sr_blocks=9004812_396743955_0_1_0&highlighted_blocks=9004812_396743955_0_1_0&matching_block_id=9004812_396743955_0_1_0&sr_pri_blocks=9004812_396743955_0_1_0__710850&from_sustainable_property_sr=1&from=searchresults
Dalia Ramblas,"Ciutat Vella, Barcelona",https://www.booking.com/hotel/es/dalia-ramblas.es.html?label=gen173nr-1FCAEoggI46AdIClgEaEaIAQGYAQq4ARnIAQ_YAQHoAQH4AQKIAgGoAgO4ArL50rwGwAIB0gIkOGZlNzdlZTAtYjM2Ni00NjEwLWJjZDItYjc2NTUzNTkyZGM32AIF4AIB&sid=5ad11202ea9cc1c07c5ed8caaaf11387&aid=304142&ucfs=1&arphpl=1&checkin=2026-02-01&checkout=2026-02-08&dest_id=-372490&dest_type=city&group_adults=2&req_adults=2&no_rooms=1&group_children=0&req_children=0&hpos=21&hapos=46&sr_order=popularity&srpvid=01ee4d642e4b01c6&srepoch=1737802833&all_sr_blocks=45588502_265811276_0_0_0&highlighted_blocks=45588502_265811276_0_0_0&matching_block_id=45588502_265811276_0_0_0&sr_pri_blocks=45588502_265811276_0_0_0__738469&from=searchresults
Chic & Basic Born Boutique Hotel,"Ciutat Vella, Barcelona",https://www.booking.com/hotel/es/chic-basic-born.es.html?label=gen173nr-1FCAEoggI46AdIClgEaEaIAQGYAQq4ARnIAQ_YAQHoAQH4AQKIAgGoAgO4ArL50rwGwAIB0gIkOGZlNzdlZTAtYjM2Ni00NjEwLWJjZDItYjc2NTUzNTkyZGM32AIF4AIB&sid=5ad11202ea9cc1c07c5ed8caaaf11387&aid=304142&ucfs=1&arphpl=1&checkin=2026-02-01&checkout=2026-02-08&dest_id=-372490&dest_type=city&group_adults=2&req_adults=2&no_rooms=1&group_children=0&req_children=0&hpos=22&hapos=47&sr_order=popularity&srpvid=01ee4d642e4b01c6&srepoch=1737802833&all_sr_blocks=9432501_368372733_2_2_0&highlighted_blocks=9432501_368372733_2_2_0&matching_block_id=9432501_368372733_2_2_0&sr_pri_blocks=9432501_368372733_2_2_0__672035&from=searchresults
Acacia Suite,"Eixample, Barcelona",https://www.booking.com/hotel/es/aparthotel-acacia.es.html?label=gen173nr-1FCAEoggI46AdIClgEaEaIAQGYAQq4ARnIAQ_YAQHoAQH4AQKIAgGoAgO4ArL50rwGwAIB0gIkOGZlNzdlZTAtYjM2Ni00NjEwLWJjZDItYjc2NTUzNTkyZGM32AIF4AIB&sid=5ad11202ea9cc1c07c5ed8caaaf11387&aid=304142&ucfs=1&arphpl=1&checkin=2026-02-01&checkout=2026-02-08&dest_id=-372490&dest_type=city&group_adults=2&req_adults=2&no_rooms=1&group_children=0&req_children=0&hpos=23&hapos=48&sr_order=popularity&srpvid=01ee4d642e4b01c6&srepoch=1737802833&all_sr_blocks=1337504_195707660_2_2_0&highlighted_blocks=1337504_195707660_2_2_0&matching_block_id=1337504_195707660_2_2_0&sr_pri_blocks=1337504_195707660_2_2_0__638148&from=searchresults
Casa Abamita,"Eixample, Barcelona",https://www.booking.com/hotel/es/mayerling-abamita-apartments.es.html?label=gen173nr-1FCAEoggI46AdIClgEaEaIAQGYAQq4ARnIAQ_YAQHoAQH4AQKIAgGoAgO4ArL50rwGwAIB0gIkOGZlNzdlZTAtYjM2Ni00NjEwLWJjZDItYjc2NTUzNTkyZGM32AIF4AIB&sid=5ad11202ea9cc1c07c5ed8caaaf11387&aid=304142&ucfs=1&arphpl=1&checkin=2026-02-01&checkout=2026-02-08&dest_id=-372490&dest_type=city&group_adults=2&req_adults=2&no_rooms=1&group_children=0&req_children=0&hpos=24&hapos=49&sr_order=popularity&srpvid=01ee4d642e4b01c6&srepoch=1737802833&all_sr_blocks=158998605_394934859_0_0_0_308582&highlighted_blocks=158998605_394934859_0_0_0_308582&matching_block_id=158998605_394934859_0_0_0_308582&sr_pri_blocks=158998605_394934859_0_0_0_308582_703500&from=searchresults
Hotel Casa Bonay,"Eixample, Barcelona",https://www.booking.com/hotel/es/casa-bonay.es.html?label=gen173nr-1FCAEoggI46AdIClgEaEaIAQGYAQq4ARnIAQ_YAQHoAQH4AQKIAgGoAgO4ArL50rwGwAIB0gIkOGZlNzdlZTAtYjM2Ni00NjEwLWJjZDItYjc2NTUzNTkyZGM32AIF4AIB&sid=5ad11202ea9cc1c07c5ed8caaaf11387&aid=304142&ucfs=1&arphpl=1&checkin=2026-02-01&checkout=2026-02-08&dest_id=-372490&dest_type=city&group_adults=2&req_adults=2&no_rooms=1&group_children=0&req_children=0&hpos=25&hapos=50&sr_order=popularity&srpvid=01ee4d642e4b01c6&srepoch=1737802833&all_sr_blocks=151190107_377530624_0_2_0&highlighted_blocks=151190107_377530624_0_2_0&matching_block_id=151190107_377530624_0_2_0&sr_pri_blocks=151190107_377530624_0_2_0__886578&from_sustainable_property_sr=1&from=searchresults
Hostal Bejar,"Sants-Montjuïc, Barcelona",https://www.booking.com/hotel/es/hostal-bejar.es.html?label=gen173nr-1FCAEoggI46AdIClgEaEaIAQGYAQq4ARnIAQ_YAQHoAQH4AQKIAgGoAgO4ArL50rwGwAIB0gIkOGZlNzdlZTAtYjM2Ni00NjEwLWJjZDItYjc2NTUzNTkyZGM32AIF4AIB&sid=5ad11202ea9cc1c07c5ed8caaaf11387&aid=304142&ucfs=1&arphpl=1&checkin=2026-02-01&checkout=2026-02-08&dest_id=-372490&dest_type=city&group_adults=2&req_adults=2&no_rooms=1&group_children=0&req_children=0&hpos=1&hapos=51&sr_order=popularity&srpvid=01ee4d642e4b01c6&srepoch=1737802835&all_sr_blocks=28599204_88497163_2_0_0&highlighted_blocks=28599204_88497163_2_0_0&matching_block_id=28599204_88497163_2_0_0&sr_pri_blocks=28599204_88497163_2_0_0__70763&from=searchresults
Aparthotel Napols - Abapart,"Eixample, Barcelona",https://www.booking.com/hotel/es/aparthotelnapols.es.html?label=gen173nr-1FCAEoggI46AdIClgEaEaIAQGYAQq4ARnIAQ_YAQHoAQH4AQKIAgGoAgO4ArL50rwGwAIB0gIkOGZlNzdlZTAtYjM2Ni00NjEwLWJjZDItYjc2NTUzNTkyZGM32AIF4AIB&sid=5ad11202ea9cc1c07c5ed8caaaf11387&aid=304142&ucfs=1&arphpl=1&checkin=2026-02-01&checkout=2026-02-08&dest_id=-372490&dest_type=city&group_adults=2&req_adults=2&no_rooms=1&group_children=0&req_children=0&hpos=2&hapos=52&sr_order=popularity&srpvid=01ee4d642e4b01c6&srepoch=1737802835&all_sr_blocks=9116101_88190636_2_0_0&highlighted_blocks=9116101_88190636_2_0_0&matching_block_id=9116101_88190636_2_0_0&sr_pri_blocks=9116101_88190636_2_0_0__134782&from=searchresults
Click&Flat Stylish Torrijos,"Gracia, Barcelona",https://www.booking.com/hotel/es/click-amp-flat-stylish-torrijos.es.html?label=gen173nr-1FCAEoggI46AdIClgEaEaIAQGYAQq4ARnIAQ_YAQHoAQH4AQKIAgGoAgO4ArL50rwGwAIB0gIkOGZlNzdlZTAtYjM2Ni00NjEwLWJjZDItYjc2NTUzNTkyZGM32AIF4AIB&sid=5ad11202ea9cc1c07c5ed8caaaf11387&aid=304142&ucfs=1&arphpl=1&checkin=2026-02-01&checkout=2026-02-08&dest_id=-372490&dest_type=city&group_adults=2&req_adults=2&no_rooms=1&group_children=0&req_children=0&hpos=3&hapos=53&sr_order=popularity&srpvid=01ee4d642e4b01c6&srepoch=1737802835&all_sr_blocks=925643901_364364526_2_0_0&highlighted_blocks=925643901_364364526_2_0_0&matching_block_id=925643901_364364526_2_0_0&sr_pri_blocks=925643901_364364526_2_0_0__91661&from=searchresults
Apartments Sata Sagrada Familia Area,"Gracia, Barcelona",https://www.booking.com/hotel/es/apartamentos-sagrada-familia.es.html?label=gen173nr-1FCAEoggI46AdIClgEaEaIAQGYAQq4ARnIAQ_YAQHoAQH4AQKIAgGoAgO4ArL50rwGwAIB0gIkOGZlNzdlZTAtYjM2Ni00NjEwLWJjZDItYjc2NTUzNTkyZGM32AIF4AIB&sid=5ad11202ea9cc1c07c5ed8caaaf11387&aid=304142&ucfs=1&arphpl=1&checkin=2026-02-01&checkout=2026-02-08&dest_id=-372490&dest_type=city&group_adults=2&req_adults=2&no_rooms=1&group_children=0&req_children=0&hpos=4&hapos=54&sr_order=popularity&srpvid=01ee4d642e4b01c6&srepoch=1737802835&all_sr_blocks=9341605_88493565_2_0_0&highlighted_blocks=9341605_88493565_2_0_0&matching_block_id=9341605_88493565_2_0_0&sr_pri_blocks=9341605_88493565_2_0_0__116288&from_sustainable_property_sr=1&from=searchresults
Click&Flat Xoriguer,"Sants-Montjuïc, Barcelona",https://www.booking.com/hotel/es/xoriguer.es.html?label=gen173nr-1FCAEoggI46AdIClgEaEaIAQGYAQq4ARnIAQ_YAQHoAQH4AQKIAgGoAgO4ArL50rwGwAIB0gIkOGZlNzdlZTAtYjM2Ni00NjEwLWJjZDItYjc2NTUzNTkyZGM32AIF4AIB&sid=5ad11202ea9cc1c07c5ed8caaaf11387&aid=304142&ucfs=1&arphpl=1&checkin=2026-02-01&checkout=2026-02-08&dest_id=-372490&dest_type=city&group_adults=2&req_adults=2&no_rooms=1&group_children=0&req_children=0&hpos=5&hapos=55&sr_order=popularity&srpvid=01ee4d642e4b01c6&srepoch=1737802835&all_sr_blocks=746785702_330891547_3_0_0&highlighted_blocks=746785702_330891547_3_0_0&matching_block_id=746785702_330891547_3_0_0&sr_pri_blocks=746785702_330891547_3_0_0__109722&from=searchresults
Generator Barcelona,"Gracia, Barcelona",https://www.booking.com/hotel/es/generator-hostel-barcelona.es.html?label=gen173nr-1FCAEoggI46AdIClgEaEaIAQGYAQq4ARnIAQ_YAQHoAQH4AQKIAgGoAgO4ArL50rwGwAIB0gIkOGZlNzdlZTAtYjM2Ni00NjEwLWJjZDItYjc2NTUzNTkyZGM32AIF4AIB&sid=5ad11202ea9cc1c07c5ed8caaaf11387&aid=304142&ucfs=1&arphpl=1&checkin=2026-02-01&checkout=2026-02-08&dest_id=-372490&dest_type=city&group_adults=2&req_adults=2&no_rooms=1&group_children=0&req_children=0&hpos=6&hapos=56&sr_order=popularity&srpvid=01ee4d642e4b01c6&srepoch=1737802835&all_sr_blocks=38624402_139595419_0_2_0_548717&highlighted_blocks=38624402_139595419_0_2_0_548717&matching_block_id=38624402_139595419_0_2_0_548717&sr_pri_blocks=38624402_139595419_0_2_0_548717_88970&from=searchresults
Click&Flat Luxury cabanyes,"Sants-Montjuïc, Barcelona",https://www.booking.com/hotel/es/luxury-cabanyes.es.html?label=gen173nr-1FCAEoggI46AdIClgEaEaIAQGYAQq4ARnIAQ_YAQHoAQH4AQKIAgGoAgO4ArL50rwGwAIB0gIkOGZlNzdlZTAtYjM2Ni00NjEwLWJjZDItYjc2NTUzNTkyZGM32AIF4AIB&sid=5ad11202ea9cc1c07c5ed8caaaf11387&aid=304142&ucfs=1&arphpl=1&checkin=2026-02-01&checkout=2026-02-08&dest_id=-372490&dest_type=city&group_adults=2&req_adults=2&no_rooms=1&group_children=0&req_children=0&hpos=7&hapos=57&sr_order=popularity&srpvid=01ee4d642e4b01c6&srepoch=1737802835&all_sr_blocks=746780302_330891573_2_0_0&highlighted_blocks=746780302_330891573_2_0_0&matching_block_id=746780302_330891573_2_0_0&sr_pri_blocks=746780302_330891573_2_0_0__94755&from=searchresults
"Zafiro, un maravilloso yate en Barcelona",Barcelona,https://www.booking.com/hotel/es/zafiro-un-maravilloso-yate-en-barcelona.es.html?label=gen173nr-1FCAEoggI46AdIClgEaEaIAQGYAQq4ARnIAQ_YAQHoAQH4AQKIAgGoAgO4ArL50rwGwAIB0gIkOGZlNzdlZTAtYjM2Ni00NjEwLWJjZDItYjc2NTUzNTkyZGM32AIF4AIB&sid=5ad11202ea9cc1c07c5ed8caaaf11387&aid=304142&ucfs=1&arphpl=1&checkin=2026-02-01&checkout=2026-02-08&dest_id=-372490&dest_type=city&group_adults=2&req_adults=2&no_rooms=1&group_children=0&req_children=0&hpos=8&hapos=58&sr_order=popularity&srpvid=01ee4d642e4b01c6&srepoch=1737802835&all_sr_blocks=1322240401_404902597_4_0_0&highlighted_blocks=1322240401_404902597_4_0_0&matching_block_id=1322240401_404902597_4_0_0&sr_pri_blocks=1322240401_404902597_4_0_0__76151&from=searchresults
Authentic flat2 in Poble sec - Paralelo,"Sants-Montjuïc, Barcelona",https://www.booking.com/hotel/es/authentic-flat2-in-poble-sec-paralelo.es.html?label=gen173nr-1FCAEoggI46AdIClgEaEaIAQGYAQq4ARnIAQ_YAQHoAQH4AQKIAgGoAgO4ArL50rwGwAIB0gIkOGZlNzdlZTAtYjM2Ni00NjEwLWJjZDItYjc2NTUzNTkyZGM32AIF4AIB&sid=5ad11202ea9cc1c07c5ed8caaaf11387&aid=304142&ucfs=1&arphpl=1&checkin=2026-02-01&checkout=2026-02-08&dest_id=-372490&dest_type=city&group_adults=2&req_adults=2&no_rooms=1&group_children=0&req_children=0&hpos=9&hapos=59&sr_order=popularity&srpvid=01ee4d642e4b01c6&srepoch=1737802835&all_sr_blocks=179844402_343456196_2_0_0&highlighted_blocks=179844402_343456196_2_0_0&matching_block_id=179844402_343456196_2_0_0&sr_pri_blocks=179844402_343456196_2_0_0__105825&from=searchresults
Ola Living MACBA,"Ciutat Vella, Barcelona",https://www.booking.com/hotel/es/dailyflats-raval.es.html?label=gen173nr-1FCAEoggI46AdIClgEaEaIAQGYAQq4ARnIAQ_YAQHoAQH4AQKIAgGoAgO4ArL50rwGwAIB0gIkOGZlNzdlZTAtYjM2Ni00NjEwLWJjZDItYjc2NTUzNTkyZGM32AIF4AIB&sid=5ad11202ea9cc1c07c5ed8caaaf11387&aid=304142&ucfs=1&arphpl=1&checkin=2026-02-01&checkout=2026-02-08&dest_id=-372490&dest_type=city&group_adults=2&req_adults=2&no_rooms=1&group_children=0&req_children=0&hpos=10&hapos=60&sr_order=popularity&srpvid=01ee4d642e4b01c6&srepoch=1737802835&all_sr_blocks=110854802_404381434_2_0_0&highlighted_blocks=110854802_404381434_2_0_0&matching_block_id=110854802_404381434_2_0_0&sr_pri_blocks=110854802_404381434_2_0_0__198133&from=searchresults
Suita Born,"Ciutat Vella, Barcelona",https://www.booking.com/hotel/es/suit-place-para-lel.es.html?label=gen173nr-1FCAEoggI46AdIClgEaEaIAQGYAQq4ARnIAQ_YAQHoAQH4AQKIAgGoAgO4ArL50rwGwAIB0gIkOGZlNzdlZTAtYjM2Ni00NjEwLWJjZDItYjc2NTUzNTkyZGM32AIF4AIB&sid=5ad11202ea9cc1c07c5ed8caaaf11387&aid=304142&ucfs=1&arphpl=1&checkin=2026-02-01&checkout=2026-02-08&dest_id=-372490&dest_type=city&group_adults=2&req_adults=2&no_rooms=1&group_children=0&req_children=0&hpos=11&hapos=61&sr_order=popularity&srpvid=01ee4d642e4b01c6&srepoch=1737802835&all_sr_blocks=1300394801_402927380_2_0_0&highlighted_blocks=1300394801_402927380_2_0_0&matching_block_id=1300394801_402927380_2_0_0&sr_pri_blocks=1300394801_402927380_2_0_0__87601&from=searchresults
Enjoy Apartments Sofia,"Eixample, Barcelona",https://www.booking.com/hotel/es/enjoy-apartments-borrell.es.html?label=gen173nr-1FCAEoggI46AdIClgEaEaIAQGYAQq4ARnIAQ_YAQHoAQH4AQKIAgGoAgO4ArL50rwGwAIB0gIkOGZlNzdlZTAtYjM2Ni00NjEwLWJjZDItYjc2NTUzNTkyZGM32AIF4AIB&sid=5ad11202ea9cc1c07c5ed8caaaf11387&aid=304142&ucfs=1&arphpl=1&checkin=2026-02-01&checkout=2026-02-08&dest_id=-372490&dest_type=city&group_adults=2&req_adults=2&no_rooms=1&group_children=0&req_children=0&hpos=12&hapos=62&sr_order=popularity&srpvid=01ee4d642e4b01c6&srepoch=1737802835&all_sr_blocks=110820301_88670598_5_0_0&highlighted_blocks=110820301_88670598_5_0_0&matching_block_id=110820301_88670598_5_0_0&sr_pri_blocks=110820301_88670598_5_0_0__170332&from=searchresults
Room Guell,"Gracia, Barcelona",https://www.booking.com/hotel/es/room-guell.es.html?label=gen173nr-1FCAEoggI46AdIClgEaEaIAQGYAQq4ARnIAQ_YAQHoAQH4AQKIAgGoAgO4ArL50rwGwAIB0gIkOGZlNzdlZTAtYjM2Ni00NjEwLWJjZDItYjc2NTUzNTkyZGM32AIF4AIB&sid=5ad11202ea9cc1c07c5ed8caaaf11387&aid=304142&ucfs=1&arphpl=1&checkin=2026-02-01&checkout=2026-02-08&dest_id=-372490&dest_type=city&group_adults=2&req_adults=2&no_rooms=1&group_children=0&req_children=0&hpos=13&hapos=63&sr_order=popularity&srpvid=01ee4d642e4b01c6&srepoch=1737802835&all_sr_blocks=1317069901_404444703_2_0_0&highlighted_blocks=1317069901_404444703_2_0_0&matching_block_id=1317069901_404444703_2_0_0&sr_pri_blocks=1317069901_404444703_2_0_0__39200&from=searchresults
Hotel Inglés,"Ciutat Vella, Barcelona",https://www.booking.com/hotel/es/hotelinglesbarcelona.es.html?label=gen173nr-1FCAEoggI46AdIClgEaEaIAQGYAQq4ARnIAQ_YAQHoAQH4AQKIAgGoAgO4ArL50rwGwAIB0gIkOGZlNzdlZTAtYjM2Ni00NjEwLWJjZDItYjc2NTUzNTkyZGM32AIF4AIB&sid=5ad11202ea9cc1c07c5ed8caaaf11387&aid=304142&ucfs=1&arphpl=1&checkin=2026-02-01&checkout=2026-02-08&dest_id=-372490&dest_type=city&group_adults=2&req_adults=2&no_rooms=1&group_children=0&req_children=0&hpos=14&hapos=64&sr_order=popularity&srpvid=01ee4d642e4b01c6&srepoch=1737802835&all_sr_blocks=9159201_88191402_0_0_0&highlighted_blocks=9159201_88191402_0_0_0&matching_block_id=9159201_88191402_0_0_0&sr_pri_blocks=9159201_88191402_0_0_0__110894&from=searchresults
Apartment Sagrera,"Sant Andreu, Barcelona",https://www.booking.com/hotel/es/apartment-sagrera.es.html?label=gen173nr-1FCAEoggI46AdIClgEaEaIAQGYAQq4ARnIAQ_YAQHoAQH4AQKIAgGoAgO4ArL50rwGwAIB0gIkOGZlNzdlZTAtYjM2Ni00NjEwLWJjZDItYjc2NTUzNTkyZGM32AIF4AIB&sid=5ad11202ea9cc1c07c5ed8caaaf11387&aid=304142&ucfs=1&arphpl=1&checkin=2026-02-01&checkout=2026-02-08&dest_id=-372490&dest_type=city&group_adults=2&req_adults=2&no_rooms=1&group_children=0&req_children=0&hpos=15&hapos=65&sr_order=popularity&srpvid=01ee4d642e4b01c6&srepoch=1737802835&all_sr_blocks=114794101_270386073_2_0_0_742796&highlighted_blocks=114794101_270386073_2_0_0_742796&matching_block_id=114794101_270386073_2_0_0_742796&sr_pri_blocks=114794101_270386073_2_0_0_742796_131201&from=searchresults
Pensión San Ramón,"Ciutat Vella, Barcelona",https://www.booking.com/hotel/es/pensia3n-hostal-san-rama3n.es.html?label=gen173nr-1FCAEoggI46AdIClgEaEaIAQGYAQq4ARnIAQ_YAQHoAQH4AQKIAgGoAgO4ArL50rwGwAIB0gIkOGZlNzdlZTAtYjM2Ni00NjEwLWJjZDItYjc2NTUzNTkyZGM32AIF4AIB&sid=5ad11202ea9cc1c07c5ed8caaaf11387&aid=304142&ucfs=1&arphpl=1&checkin=2026-02-01&checkout=2026-02-08&dest_id=-372490&dest_type=city&group_adults=2&req_adults=2&no_rooms=1&group_children=0&req_children=0&hpos=16&hapos=66&sr_order=popularity&srpvid=01ee4d642e4b01c6&srepoch=1737802835&all_sr_blocks=35449408_395629514_2_0_0&highlighted_blocks=35449408_395629514_2_0_0&matching_block_id=35449408_395629514_2_0_0&sr_pri_blocks=35449408_395629514_2_0_0__46200&from=searchresults
Estudio Maignon,"Gracia, Barcelona",https://www.booking.com/hotel/es/maignon.es.html?label=gen173nr-1FCAEoggI46AdIClgEaEaIAQGYAQq4ARnIAQ_YAQHoAQH4AQKIAgGoAgO4ArL50rwGwAIB0gIkOGZlNzdlZTAtYjM2Ni00NjEwLWJjZDItYjc2NTUzNTkyZGM32AIF4AIB&sid=5ad11202ea9cc1c07c5ed8caaaf11387&aid=304142&ucfs=1&arphpl=1&checkin=2026-02-01&checkout=2026-02-08&dest_id=-372490&dest_type=city&group_adults=2&req_adults=2&no_rooms=1&group_children=0&req_children=0&hpos=17&hapos=67&sr_order=popularity&srpvid=01ee4d642e4b01c6&srepoch=1737802835&all_sr_blocks=77952501_331942169_2_0_0&highlighted_blocks=77952501_331942169_2_0_0&matching_block_id=77952501_331942169_2_0_0&sr_pri_blocks=77952501_331942169_2_0_0__79718&from=searchresults
Amra Barcelona Caspe,"Eixample, Barcelona",https://www.booking.com/hotel/es/amra-barcelona-caspe.es.html?label=gen173nr-1FCAEoggI46AdIClgEaEaIAQGYAQq4ARnIAQ_YAQHoAQH4AQKIAgGoAgO4ArL50rwGwAIB0gIkOGZlNzdlZTAtYjM2Ni00NjEwLWJjZDItYjc2NTUzNTkyZGM32AIF4AIB&sid=5ad11202ea9cc1c07c5ed8caaaf11387&aid=304142&ucfs=1&arphpl=1&checkin=2026-02-01&checkout=2026-02-08&dest_id=-372490&dest_type=city&group_adults=2&req_adults=2&no_rooms=1&group_children=0&req_children=0&hpos=18&hapos=68&sr_order=popularity&srpvid=01ee4d642e4b01c6&srepoch=1737802835&all_sr_blocks=63734207_88210389_0_0_0&highlighted_blocks=63734207_88210389_0_0_0&matching_block_id=63734207_88210389_0_0_0&sr_pri_blocks=63734207_88210389_0_0_0__112601&from=searchresults
Click&Flat Seneca Suites,"Gracia, Barcelona",https://www.booking.com/hotel/es/click-amp-flat-seneca-suites.es.html?label=gen173nr-1FCAEoggI46AdIClgEaEaIAQGYAQq4ARnIAQ_YAQHoAQH4AQKIAgGoAgO4ArL50rwGwAIB0gIkOGZlNzdlZTAtYjM2Ni00NjEwLWJjZDItYjc2NTUzNTkyZGM32AIF4AIB&sid=5ad11202ea9cc1c07c5ed8caaaf11387&aid=304142&ucfs=1&arphpl=1&checkin=2026-02-01&checkout=2026-02-08&dest_id=-372490&dest_type=city&group_adults=2&req_adults=2&no_rooms=1&group_children=0&req_children=0&hpos=19&hapos=69&sr_order=popularity&srpvid=01ee4d642e4b01c6&srepoch=1737802835&all_sr_blocks=112384806_330891612_2_0_0&highlighted_blocks=112384806_330891612_2_0_0&matching_block_id=112384806_330891612_2_0_0&sr_pri_blocks=112384806_330891612_2_0_0__93936&from=searchresults
Alojamiento Calabria,"Eixample, Barcelona",https://www.booking.com/hotel/es/alojamiento-calabria.es.html?label=gen173nr-1FCAEoggI46AdIClgEaEaIAQGYAQq4ARnIAQ_YAQHoAQH4AQKIAgGoAgO4ArL50rwGwAIB0gIkOGZlNzdlZTAtYjM2Ni00NjEwLWJjZDItYjc2NTUzNTkyZGM32AIF4AIB&sid=5ad11202ea9cc1c07c5ed8caaaf11387&aid=304142&ucfs=1&arphpl=1&checkin=2026-02-01&checkout=2026-02-08&dest_id=-372490&dest_type=city&group_adults=2&req_adults=2&no_rooms=1&group_children=0&req_children=0&hpos=20&hapos=70&sr_order=popularity&srpvid=01ee4d642e4b01c6&srepoch=1737802835&all_sr_blocks=1307778704_403850679_2_0_0&highlighted_blocks=1307778704_403850679_2_0_0&matching_block_id=1307778704_403850679_2_0_0&sr_pri_blocks=1307778704_403850679_2_0_0__45700&from=searchresults
Umma Barcelona B&B Boutique,"Eixample, Barcelona",https://www.booking.com/hotel/es/umma-barcelona.es.html?label=gen173nr-1FCAEoggI46AdIClgEaEaIAQGYAQq4ARnIAQ_YAQHoAQH4AQKIAgGoAgO4ArL50rwGwAIB0gIkOGZlNzdlZTAtYjM2Ni00NjEwLWJjZDItYjc2NTUzNTkyZGM32AIF4AIB&sid=5ad11202ea9cc1c07c5ed8caaaf11387&aid=304142&ucfs=1&arphpl=1&checkin=2026-02-01&checkout=2026-02-08&dest_id=-372490&dest_type=city&group_adults=2&req_adults=2&no_rooms=1&group_children=0&req_children=0&hpos=21&hapos=71&sr_order=popularity&srpvid=01ee4d642e4b01c6&srepoch=1737802835&all_sr_blocks=57147701_88210174_0_1_0&highlighted_blocks=57147701_88210174_0_1_0&matching_block_id=57147701_88210174_0_1_0&sr_pri_blocks=57147701_88210174_0_1_0__104588&from=searchresults
Barnapartments Monumental,"Eixample, Barcelona",https://www.booking.com/hotel/es/monumental-apartment-barcelona.es.html?label=gen173nr-1FCAEoggI46AdIClgEaEaIAQGYAQq4ARnIAQ_YAQHoAQH4AQKIAgGoAgO4ArL50rwGwAIB0gIkOGZlNzdlZTAtYjM2Ni00NjEwLWJjZDItYjc2NTUzNTkyZGM32AIF4AIB&sid=5ad11202ea9cc1c07c5ed8caaaf11387&aid=304142&ucfs=1&arphpl=1&checkin=2026-02-01&checkout=2026-02-08&dest_id=-372490&dest_type=city&group_adults=2&req_adults=2&no_rooms=1&group_children=0&req_children=0&hpos=22&hapos=72&sr_order=popularity&srpvid=01ee4d642e4b01c6&srepoch=1737802835&all_sr_blocks=88922501_230194013_2_0_0&highlighted_blocks=88922501_230194013_2_0_0&matching_block_id=88922501_230194013_2_0_0&sr_pri_blocks=88922501_230194013_2_0_0__93697&from=searchresults
Housalia Sagrada Familia,"Eixample, Barcelona",https://www.booking.com/hotel/es/casa-corsega.es.html?label=gen173nr-1FCAEoggI46AdIClgEaEaIAQGYAQq4ARnIAQ_YAQHoAQH4AQKIAgGoAgO4ArL50rwGwAIB0gIkOGZlNzdlZTAtYjM2Ni00NjEwLWJjZDItYjc2NTUzNTkyZGM32AIF4AIB&sid=5ad11202ea9cc1c07c5ed8caaaf11387&aid=304142&ucfs=1&arphpl=1&checkin=2026-02-01&checkout=2026-02-08&dest_id=-372490&dest_type=city&group_adults=2&req_adults=2&no_rooms=1&group_children=0&req_children=0&hpos=23&hapos=73&sr_order=popularity&srpvid=01ee4d642e4b01c6&srepoch=1737802835&all_sr_blocks=62309604_367260760_2_0_0&highlighted_blocks=62309604_367260760_2_0_0&matching_block_id=62309604_367260760_2_0_0&sr_pri_blocks=62309604_367260760_2_0_0__106472&from=searchresults
Leonardo Hotel Barcelona Gran Via,"Eixample, Barcelona",https://www.booking.com/hotel/es/leonardo-hotel-barcelona-gran-via.es.html?label=gen173nr-1FCAEoggI46AdIClgEaEaIAQGYAQq4ARnIAQ_YAQHoAQH4AQKIAgGoAgO4ArL50rwGwAIB0gIkOGZlNzdlZTAtYjM2Ni00NjEwLWJjZDItYjc2NTUzNTkyZGM32AIF4AIB&sid=5ad11202ea9cc1c07c5ed8caaaf11387&aid=304142&ucfs=1&arphpl=1&checkin=2026-02-01&checkout=2026-02-08&dest_id=-372490&dest_type=city&group_adults=2&req_adults=2&no_rooms=1&group_children=0&req_children=0&hpos=24&hapos=74&sr_order=popularity&srpvid=01ee4d642e4b01c6&srepoch=1737802835&all_sr_blocks=9115414_88190628_0_2_0&highlighted_blocks=9115414_88190628_0_2_0&matching_block_id=9115414_88190628_0_2_0&sr_pri_blocks=9115414_88190628_0_2_0__240170&from_sustainable_property_sr=1&from=searchresults
Ola Living Portaferrissa,"Ciutat Vella, Barcelona",https://www.booking.com/hotel/es/ola-living-portaferrissa.es.html?label=gen173nr-1FCAEoggI46AdIClgEaEaIAQGYAQq4ARnIAQ_YAQHoAQH4AQKIAgGoAgO4ArL50rwGwAIB0gIkOGZlNzdlZTAtYjM2Ni00NjEwLWJjZDItYjc2NTUzNTkyZGM32AIF4AIB&sid=5ad11202ea9cc1c07c5ed8caaaf11387&aid=304142&ucfs=1&arphpl=1&checkin=2026-02-01&checkout=2026-02-08&dest_id=-372490&dest_type=city&group_adults=2&req_adults=2&no_rooms=1&group_children=0&req_children=0&hpos=25&hapos=75&sr_order=popularity&srpvid=01ee4d642e4b01c6&srepoch=1737802835&all_sr_blocks=50028007_208732529_2_0_0&highlighted_blocks=50028007_208732529_2_0_0&matching_block_id=50028007_208732529_2_0_0&sr_pri_blocks=50028007_208732529_2_0_0__211892&from=searchresults
Housalia Corsega - Apartment 3 bedrooms next to Sagrada Familia,"Eixample, Barcelona",https://www.booking.com/hotel/es/housalia-corsega-apartment-3-bedrooms-next-to-sagrada-familia.es.html?label=gen173nr-1FCAEoggI46AdIClgEaEaIAQGYAQq4ARnIAQ_YAQHoAQH4AQKIAgGoAgO4ArL50rwGwAIB0gIkOGZlNzdlZTAtYjM2Ni00NjEwLWJjZDItYjc2NTUzNTkyZGM32AIF4AIB&sid=5ad11202ea9cc1c07c5ed8caaaf11387&aid=304142&ucfs=1&arphpl=1&checkin=2026-02-01&checkout=2026-02-08&dest_id=-372490&dest_type=city&group_adults=2&req_adults=2&no_rooms=1&group_children=0&req_children=0&hpos=1&hapos=76&sr_order=popularity&srpvid=01ee4d642e4b01c6&srepoch=1737802836&all_sr_blocks=1107630801_391899437_5_0_0&highlighted_blocks=1107630801_391899437_5_0_0&matching_block_id=1107630801_391899437_5_0_0&sr_pri_blocks=1107630801_391899437_5_0_0__154415&from=searchresults
Opening Doors Poblenou Beach,"Sant Martí, Barcelona",https://www.booking.com/hotel/es/opening-doors-poblenou-beach.es.html?label=gen173nr-1FCAEoggI46AdIClgEaEaIAQGYAQq4ARnIAQ_YAQHoAQH4AQKIAgGoAgO4ArL50rwGwAIB0gIkOGZlNzdlZTAtYjM2Ni00NjEwLWJjZDItYjc2NTUzNTkyZGM32AIF4AIB&sid=5ad11202ea9cc1c07c5ed8caaaf11387&aid=304142&ucfs=1&arphpl=1&checkin=2026-02-01&checkout=2026-02-08&dest_id=-372490&dest_type=city&group_adults=2&req_adults=2&no_rooms=1&group_children=0&req_children=0&hpos=2&hapos=77&sr_order=popularity&srpvid=01ee4d642e4b01c6&srepoch=1737802836&all_sr_blocks=1232554401_399516389_0_0_0&highlighted_blocks=1232554401_399516389_0_0_0&matching_block_id=1232554401_399516389_0_0_0&sr_pri_blocks=1232554401_399516389_0_0_0__117587&from=searchresults
Ola Living Gracia,"Gracia, Barcelona",https://www.booking.com/hotel/es/ola-living-gracia.es.html?label=gen173nr-1FCAEoggI46AdIClgEaEaIAQGYAQq4ARnIAQ_YAQHoAQH4AQKIAgGoAgO4ArL50rwGwAIB0gIkOGZlNzdlZTAtYjM2Ni00NjEwLWJjZDItYjc2NTUzNTkyZGM32AIF4AIB&sid=5ad11202ea9cc1c07c5ed8caaaf11387&aid=304142&ucfs=1&arphpl=1&checkin=2026-02-01&checkout=2026-02-08&dest_id=-372490&dest_type=city&group_adults=2&req_adults=2&no_rooms=1&group_children=0&req_children=0&hpos=3&hapos=78&sr_order=popularity&srpvid=01ee4d642e4b01c6&srepoch=1737802836&all_sr_blocks=1246055703_397463024_2_0_0&highlighted_blocks=1246055703_397463024_2_0_0&matching_block_id=1246055703_397463024_2_0_0&sr_pri_blocks=1246055703_397463024_2_0_0__155045&from=searchresults
Housalia Sant Pau Views- Suite with View on Hospital Sant Pau,"Eixample, Barcelona",https://www.booking.com/hotel/es/housalia-gaudi-views-suite-with-view-on-hospital-sant-pau.es.html?label=gen173nr-1FCAEoggI46AdIClgEaEaIAQGYAQq4ARnIAQ_YAQHoAQH4AQKIAgGoAgO4ArL50rwGwAIB0gIkOGZlNzdlZTAtYjM2Ni00NjEwLWJjZDItYjc2NTUzNTkyZGM32AIF4AIB&sid=5ad11202ea9cc1c07c5ed8caaaf11387&aid=304142&ucfs=1&arphpl=1&checkin=2026-02-01&checkout=2026-02-08&dest_id=-372490&dest_type=city&group_adults=2&req_adults=2&no_rooms=1&group_children=0&req_children=0&hpos=4&hapos=79&sr_order=popularity&srpvid=01ee4d642e4b01c6&srepoch=1737802836&all_sr_blocks=1107534101_383534559_2_0_0&highlighted_blocks=1107534101_383534559_2_0_0&matching_block_id=1107534101_383534559_2_0_0&sr_pri_blocks=1107534101_383534559_2_0_0__121616&from=searchresults
Palau de la Musica Apartments,"Ciutat Vella, Barcelona",https://www.booking.com/hotel/es/las-ramblas-rooms-iii.es.html?label=gen173nr-1FCAEoggI46AdIClgEaEaIAQGYAQq4ARnIAQ_YAQHoAQH4AQKIAgGoAgO4ArL50rwGwAIB0gIkOGZlNzdlZTAtYjM2Ni00NjEwLWJjZDItYjc2NTUzNTkyZGM32AIF4AIB&sid=5ad11202ea9cc1c07c5ed8caaaf11387&aid=304142&ucfs=1&arphpl=1&checkin=2026-02-01&checkout=2026-02-08&dest_id=-372490&dest_type=city&group_adults=2&req_adults=2&no_rooms=1&group_children=0&req_children=0&hpos=5&hapos=80&sr_order=popularity&srpvid=01ee4d642e4b01c6&srepoch=1737802836&all_sr_blocks=1224002_118602042_2_0_0&highlighted_blocks=1224002_118602042_2_0_0&matching_block_id=1224002_118602042_2_0_0&sr_pri_blocks=1224002_118602042_2_0_0__167487&from=searchresults
Hotel Ginebra,"Eixample, Barcelona",https://www.booking.com/hotel/es/ginebra.es.html?label=gen173nr-1FCAEoggI46AdIClgEaEaIAQGYAQq4ARnIAQ_YAQHoAQH4AQKIAgGoAgO4ArL50rwGwAIB0gIkOGZlNzdlZTAtYjM2Ni00NjEwLWJjZDItYjc2NTUzNTkyZGM32AIF4AIB&sid=5ad11202ea9cc1c07c5ed8caaaf11387&aid=304142&ucfs=1&arphpl=1&checkin=2026-02-01&checkout=2026-02-08&dest_id=-372490&dest_type=city&group_adults=2&req_adults=2&no_rooms=1&group_children=0&req_children=0&hpos=6&hapos=81&sr_order=popularity&srpvid=01ee4d642e4b01c6&srepoch=1737802836&all_sr_blocks=65226808_91936985_2_2_0&highlighted_blocks=65226808_91936985_2_2_0&matching_block_id=65226808_91936985_2_2_0&sr_pri_blocks=65226808_91936985_2_2_0__104300&from=searchresults
Hermoso piso en el centro de Barcelona,"Ciutat Vella, Barcelona",https://www.booking.com/hotel/es/hermoso-piso-en-el-centro-de-barcelona.es.html?label=gen173nr-1FCAEoggI46AdIClgEaEaIAQGYAQq4ARnIAQ_YAQHoAQH4AQKIAgGoAgO4ArL50rwGwAIB0gIkOGZlNzdlZTAtYjM2Ni00NjEwLWJjZDItYjc2NTUzNTkyZGM32AIF4AIB&sid=5ad11202ea9cc1c07c5ed8caaaf11387&aid=304142&ucfs=1&arphpl=1&checkin=2026-02-01&checkout=2026-02-08&dest_id=-372490&dest_type=city&group_adults=2&req_adults=2&no_rooms=1&group_children=0&req_children=0&hpos=7&hapos=82&sr_order=popularity&srpvid=01ee4d642e4b01c6&srepoch=1737802836&all_sr_blocks=993620601_372300873_4_0_0&highlighted_blocks=993620601_372300873_4_0_0&matching_block_id=993620601_372300873_4_0_0&sr_pri_blocks=993620601_372300873_4_0_0__168000&from=searchresults
Ola Living Born,"Ciutat Vella, Barcelona",https://www.booking.com/hotel/es/ola-living-born.es.html?label=gen173nr-1FCAEoggI46AdIClgEaEaIAQGYAQq4ARnIAQ_YAQHoAQH4AQKIAgGoAgO4ArL50rwGwAIB0gIkOGZlNzdlZTAtYjM2Ni00NjEwLWJjZDItYjc2NTUzNTkyZGM32AIF4AIB&sid=5ad11202ea9cc1c07c5ed8caaaf11387&aid=304142&ucfs=1&arphpl=1&checkin=2026-02-01&checkout=2026-02-08&dest_id=-372490&dest_type=city&group_adults=2&req_adults=2&no_rooms=1&group_children=0&req_children=0&hpos=8&hapos=83&sr_order=popularity&srpvid=01ee4d642e4b01c6&srepoch=1737802836&all_sr_blocks=433292202_397268651_2_0_0&highlighted_blocks=433292202_397268651_2_0_0&matching_block_id=433292202_397268651_2_0_0&sr_pri_blocks=433292202_397268651_2_0_0__184374&from=searchresults
Modern pad in a great old barrio,"Sant Martí, Barcelona",https://www.booking.com/hotel/es/modern-pad-in-a-great-old-barrio.es.html?label=gen173nr-1FCAEoggI46AdIClgEaEaIAQGYAQq4ARnIAQ_YAQHoAQH4AQKIAgGoAgO4ArL50rwGwAIB0gIkOGZlNzdlZTAtYjM2Ni00NjEwLWJjZDItYjc2NTUzNTkyZGM32AIF4AIB&sid=5ad11202ea9cc1c07c5ed8caaaf11387&aid=304142&ucfs=1&arphpl=1&checkin=2026-02-01&checkout=2026-02-08&dest_id=-372490&dest_type=city&group_adults=2&req_adults=2&no_rooms=1&group_children=0&req_children=0&hpos=9&hapos=84&sr_order=popularity&srpvid=01ee4d642e4b01c6&srepoch=1737802836&all_sr_blocks=1317341301_406145284_6_0_0&highlighted_blocks=1317341301_406145284_6_0_0&matching_block_id=1317341301_406145284_6_0_0&sr_pri_blocks=1317341301_406145284_6_0_0__114508&from=searchresults
Classbedroom Park Güell Apartment,"Sarrià-Sant Gervasi, Barcelona",https://www.booking.com/hotel/es/classbedroom-iii.es.html?label=gen173nr-1FCAEoggI46AdIClgEaEaIAQGYAQq4ARnIAQ_YAQHoAQH4AQKIAgGoAgO4ArL50rwGwAIB0gIkOGZlNzdlZTAtYjM2Ni00NjEwLWJjZDItYjc2NTUzNTkyZGM32AIF4AIB&sid=5ad11202ea9cc1c07c5ed8caaaf11387&aid=304142&ucfs=1&arphpl=1&checkin=2026-02-01&checkout=2026-02-08&dest_id=-372490&dest_type=city&group_adults=2&req_adults=2&no_rooms=1&group_children=0&req_children=0&hpos=10&hapos=85&sr_order=popularity&srpvid=01ee4d642e4b01c6&srepoch=1737802836&all_sr_blocks=1876504_384313346_4_0_0&highlighted_blocks=1876504_384313346_4_0_0&matching_block_id=1876504_384313346_4_0_0&sr_pri_blocks=1876504_384313346_4_0_0__146124&from=searchresults
Ola Living Vidreria,"Ciutat Vella, Barcelona",https://www.booking.com/hotel/es/inside-bcn-apartments-vidreria.es.html?label=gen173nr-1FCAEoggI46AdIClgEaEaIAQGYAQq4ARnIAQ_YAQHoAQH4AQKIAgGoAgO4ArL50rwGwAIB0gIkOGZlNzdlZTAtYjM2Ni00NjEwLWJjZDItYjc2NTUzNTkyZGM32AIF4AIB&sid=5ad11202ea9cc1c07c5ed8caaaf11387&aid=304142&ucfs=1&arphpl=1&checkin=2026-02-01&checkout=2026-02-08&dest_id=-372490&dest_type=city&group_adults=2&req_adults=2&no_rooms=1&group_children=0&req_children=0&hpos=11&hapos=86&sr_order=popularity&srpvid=01ee4d642e4b01c6&srepoch=1737802836&all_sr_blocks=23990301_397271738_2_0_0&highlighted_blocks=23990301_397271738_2_0_0&matching_block_id=23990301_397271738_2_0_0&sr_pri_blocks=23990301_397271738_2_0_0__181622&from=searchresults
Ant Hostel Barcelona,"Sant Martí, Barcelona",https://www.booking.com/hotel/es/ant-hostel-barcelona.es.html?label=gen173nr-1FCAEoggI46AdIClgEaEaIAQGYAQq4ARnIAQ_YAQHoAQH4AQKIAgGoAgO4ArL50rwGwAIB0gIkOGZlNzdlZTAtYjM2Ni00NjEwLWJjZDItYjc2NTUzNTkyZGM32AIF4AIB&sid=5ad11202ea9cc1c07c5ed8caaaf11387&aid=304142&ucfs=1&arphpl=1&checkin=2026-02-01&checkout=2026-02-08&dest_id=-372490&dest_type=city&group_adults=2&req_adults=2&no_rooms=1&group_children=0&req_children=0&hpos=12&hapos=87&sr_order=popularity&srpvid=01ee4d642e4b01c6&srepoch=1737802836&all_sr_blocks=135626904_87075050_0_0_0&highlighted_blocks=135626904_87075050_0_0_0&matching_block_id=135626904_87075050_0_0_0&sr_pri_blocks=135626904_87075050_0_0_0__63592&from=searchresults
"Ally's Bed&Breakfast,","Eixample, Barcelona",https://www.booking.com/hotel/es/ally-s-guest-house-barcelona-bed-and-breakfast.es.html?label=gen173nr-1FCAEoggI46AdIClgEaEaIAQGYAQq4ARnIAQ_YAQHoAQH4AQKIAgGoAgO4ArL50rwGwAIB0gIkOGZlNzdlZTAtYjM2Ni00NjEwLWJjZDItYjc2NTUzNTkyZGM32AIF4AIB&sid=5ad11202ea9cc1c07c5ed8caaaf11387&aid=304142&ucfs=1&arphpl=1&checkin=2026-02-01&checkout=2026-02-08&dest_id=-372490&dest_type=city&group_adults=2&req_adults=2&no_rooms=1&group_children=0&req_children=0&hpos=13&hapos=88&sr_order=popularity&srpvid=01ee4d642e4b01c6&srepoch=1737802836&all_sr_blocks=17563045_361412896_0_1_0&highlighted_blocks=17563045_361412896_0_1_0&matching_block_id=17563045_361412896_0_1_0&sr_pri_blocks=17563045_361412896_0_1_0__182203&from=searchresults
1213 - Ciutadella Nice Apartment,"Sant Martí, Barcelona",https://www.booking.com/hotel/es/1213-beach-olimpic-village-apartment-iii.es.html?label=gen173nr-1FCAEoggI46AdIClgEaEaIAQGYAQq4ARnIAQ_YAQHoAQH4AQKIAgGoAgO4ArL50rwGwAIB0gIkOGZlNzdlZTAtYjM2Ni00NjEwLWJjZDItYjc2NTUzNTkyZGM32AIF4AIB&sid=5ad11202ea9cc1c07c5ed8caaaf11387&aid=304142&ucfs=1&arphpl=1&checkin=2026-02-01&checkout=2026-02-08&dest_id=-372490&dest_type=city&group_adults=2&req_adults=2&no_rooms=1&group_children=0&req_children=0&hpos=14&hapos=89&sr_order=popularity&srpvid=01ee4d642e4b01c6&srepoch=1737802836&all_sr_blocks=311698002_129404746_2_0_0_611613&highlighted_blocks=311698002_129404746_2_0_0_611613&matching_block_id=311698002_129404746_2_0_0_611613&sr_pri_blocks=311698002_129404746_2_0_0_611613_188346&from=searchresults
Leonardo Boutique Hotel Barcelona Sagrada Familia,"Sant Martí, Barcelona",https://www.booking.com/hotel/es/leonardo-boutique-hotel-barcelona-sagrada-familia.es.html?label=gen173nr-1FCAEoggI46AdIClgEaEaIAQGYAQq4ARnIAQ_YAQHoAQH4AQKIAgGoAgO4ArL50rwGwAIB0gIkOGZlNzdlZTAtYjM2Ni00NjEwLWJjZDItYjc2NTUzNTkyZGM32AIF4AIB&sid=5ad11202ea9cc1c07c5ed8caaaf11387&aid=304142&ucfs=1&arphpl=1&checkin=2026-02-01&checkout=2026-02-08&dest_id=-372490&dest_type=city&group_adults=2&req_adults=2&no_rooms=1&group_children=0&req_children=0&hpos=15&hapos=90&sr_order=popularity&srpvid=01ee4d642e4b01c6&srepoch=1737802836&all_sr_blocks=27707101_91470765_0_2_0&highlighted_blocks=27707101_91470765_0_2_0&matching_block_id=27707101_91470765_0_2_0&sr_pri_blocks=27707101_91470765_0_2_0__246470&from_sustainable_property_sr=1&from=searchresults
Ndlr 2-4 · Authentic flat in Poble Sec - Paralelo,"Sants-Montjuïc, Barcelona",https://www.booking.com/hotel/es/authentic-flat-in-poble-sec-paralelo.es.html?label=gen173nr-1FCAEoggI46AdIClgEaEaIAQGYAQq4ARnIAQ_YAQHoAQH4AQKIAgGoAgO4ArL50rwGwAIB0gIkOGZlNzdlZTAtYjM2Ni00NjEwLWJjZDItYjc2NTUzNTkyZGM32AIF4AIB&sid=5ad11202ea9cc1c07c5ed8caaaf11387&aid=304142&ucfs=1&arphpl=1&checkin=2026-02-01&checkout=2026-02-08&dest_id=-372490&dest_type=city&group_adults=2&req_adults=2&no_rooms=1&group_children=0&req_children=0&hpos=16&hapos=91&sr_order=popularity&srpvid=01ee4d642e4b01c6&srepoch=1737802836&all_sr_blocks=179844502_343456195_2_0_0&highlighted_blocks=179844502_343456195_2_0_0&matching_block_id=179844502_343456195_2_0_0&sr_pri_blocks=179844502_343456195_2_0_0__100754&from=searchresults
Casa Cosi - Eixample 5,"Eixample, Barcelona",https://www.booking.com/hotel/es/casa-cosi-eixample-5.es.html?label=gen173nr-1FCAEoggI46AdIClgEaEaIAQGYAQq4ARnIAQ_YAQHoAQH4AQKIAgGoAgO4ArL50rwGwAIB0gIkOGZlNzdlZTAtYjM2Ni00NjEwLWJjZDItYjc2NTUzNTkyZGM32AIF4AIB&sid=5ad11202ea9cc1c07c5ed8caaaf11387&aid=304142&ucfs=1&arphpl=1&checkin=2026-02-01&checkout=2026-02-08&dest_id=-372490&dest_type=city&group_adults=2&req_adults=2&no_rooms=1&group_children=0&req_children=0&hpos=17&hapos=92&sr_order=popularity&srpvid=01ee4d642e4b01c6&srepoch=1737802836&all_sr_blocks=501866801_377071680_0_0_0&highlighted_blocks=501866801_377071680_0_0_0&matching_block_id=501866801_377071680_0_0_0&sr_pri_blocks=501866801_377071680_0_0_0__297386&from=searchresults
Sunny Apt Barcelona 22@,"Sant Martí, Barcelona",https://www.booking.com/hotel/es/sunny-apt-barcelona-22.es.html?label=gen173nr-1FCAEoggI46AdIClgEaEaIAQGYAQq4ARnIAQ_YAQHoAQH4AQKIAgGoAgO4ArL50rwGwAIB0gIkOGZlNzdlZTAtYjM2Ni00NjEwLWJjZDItYjc2NTUzNTkyZGM32AIF4AIB&sid=5ad11202ea9cc1c07c5ed8caaaf11387&aid=304142&ucfs=1&arphpl=1&checkin=2026-02-01&checkout=2026-02-08&dest_id=-372490&dest_type=city&group_adults=2&req_adults=2&no_rooms=1&group_children=0&req_children=0&hpos=18&hapos=93&sr_order=popularity&srpvid=01ee4d642e4b01c6&srepoch=1737802836&all_sr_blocks=636804501_264267633_3_0_0&highlighted_blocks=636804501_264267633_3_0_0&matching_block_id=636804501_264267633_3_0_0&sr_pri_blocks=636804501_264267633_3_0_0__115642&from=searchresults
Close to Passeig de Gracia,"Eixample, Barcelona",https://www.booking.com/hotel/es/close-to-passeig-de-gracia-b-amp-b.es.html?label=gen173nr-1FCAEoggI46AdIClgEaEaIAQGYAQq4ARnIAQ_YAQHoAQH4AQKIAgGoAgO4ArL50rwGwAIB0gIkOGZlNzdlZTAtYjM2Ni00NjEwLWJjZDItYjc2NTUzNTkyZGM32AIF4AIB&sid=5ad11202ea9cc1c07c5ed8caaaf11387&aid=304142&ucfs=1&arphpl=1&checkin=2026-02-01&checkout=2026-02-08&dest_id=-372490&dest_type=city&group_adults=2&req_adults=2&no_rooms=1&group_children=0&req_children=0&hpos=19&hapos=94&sr_order=popularity&srpvid=01ee4d642e4b01c6&srepoch=1737802836&all_sr_blocks=117989605_88509496_0_0_0&highlighted_blocks=117989605_88509496_0_0_0&matching_block_id=117989605_88509496_0_0_0&sr_pri_blocks=117989605_88509496_0_0_0__127043&from=searchresults
Plaza Universitat,"Eixample, Barcelona",https://www.booking.com/hotel/es/plaza-universitat.es.html?label=gen173nr-1FCAEoggI46AdIClgEaEaIAQGYAQq4ARnIAQ_YAQHoAQH4AQKIAgGoAgO4ArL50rwGwAIB0gIkOGZlNzdlZTAtYjM2Ni00NjEwLWJjZDItYjc2NTUzNTkyZGM32AIF4AIB&sid=5ad11202ea9cc1c07c5ed8caaaf11387&aid=304142&ucfs=1&arphpl=1&checkin=2026-02-01&checkout=2026-02-08&dest_id=-372490&dest_type=city&group_adults=2&req_adults=2&no_rooms=1&group_children=0&req_children=0&hpos=20&hapos=95&sr_order=popularity&srpvid=01ee4d642e4b01c6&srepoch=1737802836&all_sr_blocks=276621301_335246617_8_0_0&highlighted_blocks=276621301_335246617_8_0_0&matching_block_id=276621301_335246617_8_0_0&sr_pri_blocks=276621301_335246617_8_0_0__239057&from=searchresults
Casa Cosi - Francoli 1,"Sarrià-Sant Gervasi, Barcelona",https://www.booking.com/hotel/es/casa-cosi-francoli.es.html?label=gen173nr-1FCAEoggI46AdIClgEaEaIAQGYAQq4ARnIAQ_YAQHoAQH4AQKIAgGoAgO4ArL50rwGwAIB0gIkOGZlNzdlZTAtYjM2Ni00NjEwLWJjZDItYjc2NTUzNTkyZGM32AIF4AIB&sid=5ad11202ea9cc1c07c5ed8caaaf11387&aid=304142&ucfs=1&arphpl=1&checkin=2026-02-01&checkout=2026-02-08&dest_id=-372490&dest_type=city&group_adults=2&req_adults=2&no_rooms=1&group_children=0&req_children=0&hpos=21&hapos=96&sr_order=popularity&srpvid=01ee4d642e4b01c6&srepoch=1737802836&all_sr_blocks=481767801_377093758_0_0_0&highlighted_blocks=481767801_377093758_0_0_0&matching_block_id=481767801_377093758_0_0_0&sr_pri_blocks=481767801_377093758_0_0_0__193517&from=searchresults
Casa Cosi - Mallorca 3,"Eixample, Barcelona",https://www.booking.com/hotel/es/casa-cosi-mallorca-3.es.html?label=gen173nr-1FCAEoggI46AdIClgEaEaIAQGYAQq4ARnIAQ_YAQHoAQH4AQKIAgGoAgO4ArL50rwGwAIB0gIkOGZlNzdlZTAtYjM2Ni00NjEwLWJjZDItYjc2NTUzNTkyZGM32AIF4AIB&sid=5ad11202ea9cc1c07c5ed8caaaf11387&aid=304142&ucfs=1&arphpl=1&checkin=2026-02-01&checkout=2026-02-08&dest_id=-372490&dest_type=city&group_adults=2&req_adults=2&no_rooms=1&group_children=0&req_children=0&hpos=22&hapos=97&sr_order=popularity&srpvid=01ee4d642e4b01c6&srepoch=1737802836&all_sr_blocks=442816201_377093025_0_0_0&highlighted_blocks=442816201_377093025_0_0_0&matching_block_id=442816201_377093025_0_0_0&sr_pri_blocks=442816201_377093025_0_0_0__239024&from=searchresults
Ola Living Music,"Ciutat Vella, Barcelona",https://www.booking.com/hotel/es/ola-living-music.es.html?label=gen173nr-1FCAEoggI46AdIClgEaEaIAQGYAQq4ARnIAQ_YAQHoAQH4AQKIAgGoAgO4ArL50rwGwAIB0gIkOGZlNzdlZTAtYjM2Ni00NjEwLWJjZDItYjc2NTUzNTkyZGM32AIF4AIB&sid=5ad11202ea9cc1c07c5ed8caaaf11387&aid=304142&ucfs=1&arphpl=1&checkin=2026-02-01&checkout=2026-02-08&dest_id=-372490&dest_type=city&group_adults=2&req_adults=2&no_rooms=1&group_children=0&req_children=0&hpos=23&hapos=98&sr_order=popularity&srpvid=01ee4d642e4b01c6&srepoch=1737802836&all_sr_blocks=50000201_397937895_4_0_0&highlighted_blocks=50000201_397937895_4_0_0&matching_block_id=50000201_397937895_4_0_0&sr_pri_blocks=50000201_397937895_4_0_0__331597&from=searchresults
Hotel Cortes Rambla,"Ciutat Vella, Barcelona",https://www.booking.com/hotel/es/cortes-boutique.es.html?label=gen173nr-1FCAEoggI46AdIClgEaEaIAQGYAQq4ARnIAQ_YAQHoAQH4AQKIAgGoAgO4ArL50rwGwAIB0gIkOGZlNzdlZTAtYjM2Ni00NjEwLWJjZDItYjc2NTUzNTkyZGM32AIF4AIB&sid=5ad11202ea9cc1c07c5ed8caaaf11387&aid=304142&ucfs=1&arphpl=1&checkin=2026-02-01&checkout=2026-02-08&dest_id=-372490&dest_type=city&group_adults=2&req_adults=2&no_rooms=1&group_children=0&req_children=0&hpos=24&hapos=99&sr_order=popularity&srpvid=01ee4d642e4b01c6&srepoch=1737802836&all_sr_blocks=1011517813_373820432_0_0_0&highlighted_blocks=1011517813_373820432_0_0_0&matching_block_id=1011517813_373820432_0_0_0&sr_pri_blocks=1011517813_373820432_0_0_0__316400&from=searchresults
1324 - OLYMPIC DELUXE,"Sant Martí, Barcelona",https://www.booking.com/hotel/es/1324-olympic-deluxe.es.html?label=gen173nr-1FCAEoggI46AdIClgEaEaIAQGYAQq4ARnIAQ_YAQHoAQH4AQKIAgGoAgO4ArL50rwGwAIB0gIkOGZlNzdlZTAtYjM2Ni00NjEwLWJjZDItYjc2NTUzNTkyZGM32AIF4AIB&sid=5ad11202ea9cc1c07c5ed8caaaf11387&aid=304142&ucfs=1&arphpl=1&checkin=2026-02-01&checkout=2026-02-08&dest_id=-372490&dest_type=city&group_adults=2&req_adults=2&no_rooms=1&group_children=0&req_children=0&hpos=25&hapos=100&sr_order=popularity&srpvid=01ee4d642e4b01c6&srepoch=1737802836&all_sr_blocks=311697902_129404825_8_0_0_611614&highlighted_blocks=311697902_129404825_8_0_0_611614&matching_block_id=311697902_129404825_8_0_0_611614&sr_pri_blocks=311697902_129404825_8_0_0_611614_237345&from=searchresults
Casa Cosi - Sant Gervasi 1,"Sarrià-Sant Gervasi, Barcelona",https://www.booking.com/hotel/es/casa-cosi-sant-gervasi.es.html?label=gen173nr-1FCAEoggI46AdIClgEaEaIAQGYAQq4ARnIAQ_YAQHoAQH4AQKIAgGoAgO4ArL50rwGwAIB0gIkOGZlNzdlZTAtYjM2Ni00NjEwLWJjZDItYjc2NTUzNTkyZGM32AIF4AIB&sid=5ad11202ea9cc1c07c5ed8caaaf11387&aid=304142&ucfs=1&arphpl=1&checkin=2026-02-01&checkout=2026-02-08&dest_id=-372490&dest_type=city&group_adults=2&req_adults=2&no_rooms=1&group_children=0&req_children=0&hpos=1&hapos=101&sr_order=popularity&srpvid=01ee4d642e4b01c6&srepoch=1737802838&all_sr_blocks=574539801_377093544_0_0_0&highlighted_blocks=574539801_377093544_0_0_0&matching_block_id=574539801_377093544_0_0_0&sr_pri_blocks=574539801_377093544_0_0_0__168887&from=searchresults
Casa Cosi - Casanova 2,"Eixample, Barcelona",https://www.booking.com/hotel/es/casa-cosi-casanova-2.es.html?label=gen173nr-1FCAEoggI46AdIClgEaEaIAQGYAQq4ARnIAQ_YAQHoAQH4AQKIAgGoAgO4ArL50rwGwAIB0gIkOGZlNzdlZTAtYjM2Ni00NjEwLWJjZDItYjc2NTUzNTkyZGM32AIF4AIB&sid=5ad11202ea9cc1c07c5ed8caaaf11387&aid=304142&ucfs=1&arphpl=1&checkin=2026-02-01&checkout=2026-02-08&dest_id=-372490&dest_type=city&group_adults=2&req_adults=2&no_rooms=1&group_children=0&req_children=0&hpos=2&hapos=102&sr_order=popularity&srpvid=01ee4d642e4b01c6&srepoch=1737802838&all_sr_blocks=814028102_362247727_0_0_0&highlighted_blocks=814028102_362247727_0_0_0&matching_block_id=814028102_362247727_0_0_0&sr_pri_blocks=814028102_362247727_0_0_0__265845&from=searchresults
Casa Cosi - Eixample 2,"Eixample, Barcelona",https://www.booking.com/hotel/es/casa-cosi-eixample-2.es.html?label=gen173nr-1FCAEoggI46AdIClgEaEaIAQGYAQq4ARnIAQ_YAQHoAQH4AQKIAgGoAgO4ArL50rwGwAIB0gIkOGZlNzdlZTAtYjM2Ni00NjEwLWJjZDItYjc2NTUzNTkyZGM32AIF4AIB&sid=5ad11202ea9cc1c07c5ed8caaaf11387&aid=304142&ucfs=1&arphpl=1&checkin=2026-02-01&checkout=2026-02-08&dest_id=-372490&dest_type=city&group_adults=2&req_adults=2&no_rooms=1&group_children=0&req_children=0&hpos=3&hapos=103&sr_order=popularity&srpvid=01ee4d642e4b01c6&srepoch=1737802838&all_sr_blocks=499598701_377071548_0_0_0&highlighted_blocks=499598701_377071548_0_0_0&matching_block_id=499598701_377071548_0_0_0&sr_pri_blocks=499598701_377071548_0_0_0__315034&from=searchresults
Cien,"Eixample, Barcelona",https://www.booking.com/hotel/es/cien.es.html?label=gen173nr-1FCAEoggI46AdIClgEaEaIAQGYAQq4ARnIAQ_YAQHoAQH4AQKIAgGoAgO4ArL50rwGwAIB0gIkOGZlNzdlZTAtYjM2Ni00NjEwLWJjZDItYjc2NTUzNTkyZGM32AIF4AIB&sid=5ad11202ea9cc1c07c5ed8caaaf11387&aid=304142&ucfs=1&arphpl=1&checkin=2026-02-01&checkout=2026-02-08&dest_id=-372490&dest_type=city&group_adults=2&req_adults=2&no_rooms=1&group_children=0&req_children=0&hpos=4&hapos=104&sr_order=popularity&srpvid=01ee4d642e4b01c6&srepoch=1737802838&all_sr_blocks=45886501_89891387_0_1_0&highlighted_blocks=45886501_89891387_0_1_0&matching_block_id=45886501_89891387_0_1_0&sr_pri_blocks=45886501_89891387_0_1_0__152600&from=searchresults
Casa Cosi - El Farro 1,"Sarrià-Sant Gervasi, Barcelona",https://www.booking.com/hotel/es/casa-cosi-el-farro-1.es.html?label=gen173nr-1FCAEoggI46AdIClgEaEaIAQGYAQq4ARnIAQ_YAQHoAQH4AQKIAgGoAgO4ArL50rwGwAIB0gIkOGZlNzdlZTAtYjM2Ni00NjEwLWJjZDItYjc2NTUzNTkyZGM32AIF4AIB&sid=5ad11202ea9cc1c07c5ed8caaaf11387&aid=304142&ucfs=1&arphpl=1&checkin=2026-02-01&checkout=2026-02-08&dest_id=-372490&dest_type=city&group_adults=2&req_adults=2&no_rooms=1&group_children=0&req_children=0&hpos=5&hapos=105&sr_order=popularity&srpvid=01ee4d642e4b01c6&srepoch=1737802838&all_sr_blocks=814054902_362177042_0_0_0&highlighted_blocks=814054902_362177042_0_0_0&matching_block_id=814054902_362177042_0_0_0&sr_pri_blocks=814054902_362177042_0_0_0__165333&from=searchresults
Casa Cosi - La Gleva 3,"Sarrià-Sant Gervasi, Barcelona",https://www.booking.com/hotel/es/casa-cosi-la-gleva-3.es.html?label=gen173nr-1FCAEoggI46AdIClgEaEaIAQGYAQq4ARnIAQ_YAQHoAQH4AQKIAgGoAgO4ArL50rwGwAIB0gIkOGZlNzdlZTAtYjM2Ni00NjEwLWJjZDItYjc2NTUzNTkyZGM32AIF4AIB&sid=5ad11202ea9cc1c07c5ed8caaaf11387&aid=304142&ucfs=1&arphpl=1&checkin=2026-02-01&checkout=2026-02-08&dest_id=-372490&dest_type=city&group_adults=2&req_adults=2&no_rooms=1&group_children=0&req_children=0&hpos=6&hapos=106&sr_order=popularity&srpvid=01ee4d642e4b01c6&srepoch=1737802838&all_sr_blocks=814039702_362247324_0_0_0&highlighted_blocks=814039702_362247324_0_0_0&matching_block_id=814039702_362247324_0_0_0&sr_pri_blocks=814039702_362247324_0_0_0__171295&from=searchresults
Click&Flat Luxury mistral,"Eixample, Barcelona",https://www.booking.com/hotel/es/luxury-mistral-barcelona.es.html?label=gen173nr-1FCAEoggI46AdIClgEaEaIAQGYAQq4ARnIAQ_YAQHoAQH4AQKIAgGoAgO4ArL50rwGwAIB0gIkOGZlNzdlZTAtYjM2Ni00NjEwLWJjZDItYjc2NTUzNTkyZGM32AIF4AIB&sid=5ad11202ea9cc1c07c5ed8caaaf11387&aid=304142&ucfs=1&arphpl=1&checkin=2026-02-01&checkout=2026-02-08&dest_id=-372490&dest_type=city&group_adults=2&req_adults=2&no_rooms=1&group_children=0&req_children=0&hpos=7&hapos=107&sr_order=popularity&srpvid=01ee4d642e4b01c6&srepoch=1737802838&all_sr_blocks=743249402_330271787_3_0_0&highlighted_blocks=743249402_330271787_3_0_0&matching_block_id=743249402_330271787_3_0_0&sr_pri_blocks=743249402_330271787_3_0_0__128420&from=searchresults
LucasLand Apartments Barcelona,"Eixample, Barcelona",https://www.booking.com/hotel/es/lucasland-apartments-barcelona.es.html?label=gen173nr-1FCAEoggI46AdIClgEaEaIAQGYAQq4ARnIAQ_YAQHoAQH4AQKIAgGoAgO4ArL50rwGwAIB0gIkOGZlNzdlZTAtYjM2Ni00NjEwLWJjZDItYjc2NTUzNTkyZGM32AIF4AIB&sid=5ad11202ea9cc1c07c5ed8caaaf11387&aid=304142&ucfs=1&arphpl=1&checkin=2026-02-01&checkout=2026-02-08&dest_id=-372490&dest_type=city&group_adults=2&req_adults=2&no_rooms=1&group_children=0&req_children=0&hpos=8&hapos=108&sr_order=popularity&srpvid=01ee4d642e4b01c6&srepoch=1737802838&all_sr_blocks=593441302_232652023_4_0_0&highlighted_blocks=593441302_232652023_4_0_0&matching_block_id=593441302_232652023_4_0_0&sr_pri_blocks=593441302_232652023_4_0_0__188132&from=searchresults
Housalia Gracia 2,"Gracia, Barcelona",https://www.booking.com/hotel/es/lodging-apartments-gracia-2.es.html?label=gen173nr-1FCAEoggI46AdIClgEaEaIAQGYAQq4ARnIAQ_YAQHoAQH4AQKIAgGoAgO4ArL50rwGwAIB0gIkOGZlNzdlZTAtYjM2Ni00NjEwLWJjZDItYjc2NTUzNTkyZGM32AIF4AIB&sid=5ad11202ea9cc1c07c5ed8caaaf11387&aid=304142&ucfs=1&arphpl=1&checkin=2026-02-01&checkout=2026-02-08&dest_id=-372490&dest_type=city&group_adults=2&req_adults=2&no_rooms=1&group_children=0&req_children=0&hpos=9&hapos=109&sr_order=popularity&srpvid=01ee4d642e4b01c6&srepoch=1737802838&all_sr_blocks=1103820601_383534602_4_0_0&highlighted_blocks=1103820601_383534602_4_0_0&matching_block_id=1103820601_383534602_4_0_0&sr_pri_blocks=1103820601_383534602_4_0_0__130613&from=searchresults
Ola Living Boqueria,"Ciutat Vella, Barcelona",https://www.booking.com/hotel/es/friendly-rentals-boqueria.es.html?label=gen173nr-1FCAEoggI46AdIClgEaEaIAQGYAQq4ARnIAQ_YAQHoAQH4AQKIAgGoAgO4ArL50rwGwAIB0gIkOGZlNzdlZTAtYjM2Ni00NjEwLWJjZDItYjc2NTUzNTkyZGM32AIF4AIB&sid=5ad11202ea9cc1c07c5ed8caaaf11387&aid=304142&ucfs=1&arphpl=1&checkin=2026-02-01&checkout=2026-02-08&dest_id=-372490&dest_type=city&group_adults=2&req_adults=2&no_rooms=1&group_children=0&req_children=0&hpos=10&hapos=110&sr_order=popularity&srpvid=01ee4d642e4b01c6&srepoch=1737802838&all_sr_blocks=306968808_216342067_2_0_0&highlighted_blocks=306968808_216342067_2_0_0&matching_block_id=306968808_216342067_2_0_0&sr_pri_blocks=306968808_216342067_2_0_0__120537&from=searchresults
Opening Doors Monumental,"Eixample, Barcelona",https://www.booking.com/hotel/es/opening-doors-monumental.es.html?label=gen173nr-1FCAEoggI46AdIClgEaEaIAQGYAQq4ARnIAQ_YAQHoAQH4AQKIAgGoAgO4ArL50rwGwAIB0gIkOGZlNzdlZTAtYjM2Ni00NjEwLWJjZDItYjc2NTUzNTkyZGM32AIF4AIB&sid=5ad11202ea9cc1c07c5ed8caaaf11387&aid=304142&ucfs=1&arphpl=1&checkin=2026-02-01&checkout=2026-02-08&dest_id=-372490&dest_type=city&group_adults=2&req_adults=2&no_rooms=1&group_children=0&req_children=0&hpos=11&hapos=111&sr_order=popularity&srpvid=01ee4d642e4b01c6&srepoch=1737802838&all_sr_blocks=423574701_348139767_5_0_0&highlighted_blocks=423574701_348139767_5_0_0&matching_block_id=423574701_348139767_5_0_0&sr_pri_blocks=423574701_348139767_5_0_0__203266&from=searchresults
Hostal Centric,"Eixample, Barcelona",https://www.booking.com/hotel/es/hostal-centric.es.html?label=gen173nr-1FCAEoggI46AdIClgEaEaIAQGYAQq4ARnIAQ_YAQHoAQH4AQKIAgGoAgO4ArL50rwGwAIB0gIkOGZlNzdlZTAtYjM2Ni00NjEwLWJjZDItYjc2NTUzNTkyZGM32AIF4AIB&sid=5ad11202ea9cc1c07c5ed8caaaf11387&aid=304142&ucfs=1&arphpl=1&checkin=2026-02-01&checkout=2026-02-08&dest_id=-372490&dest_type=city&group_adults=2&req_adults=2&no_rooms=1&group_children=0&req_children=0&hpos=12&hapos=112&sr_order=popularity&srpvid=01ee4d642e4b01c6&srepoch=1737802838&all_sr_blocks=50767905_91931891_4_0_0&highlighted_blocks=50767905_91931891_4_0_0&matching_block_id=50767905_91931891_4_0_0&sr_pri_blocks=50767905_91931891_4_0_0__237020&from=searchresults
Leonardo Hotel Barcelona Las Ramblas,"Ciutat Vella, Barcelona",https://www.booking.com/hotel/es/leonardo-hotel-barcelona-las-ramblas.es.html?label=gen173nr-1FCAEoggI46AdIClgEaEaIAQGYAQq4ARnIAQ_YAQHoAQH4AQKIAgGoAgO4ArL50rwGwAIB0gIkOGZlNzdlZTAtYjM2Ni00NjEwLWJjZDItYjc2NTUzNTkyZGM32AIF4AIB&sid=5ad11202ea9cc1c07c5ed8caaaf11387&aid=304142&ucfs=1&arphpl=1&checkin=2026-02-01&checkout=2026-02-08&dest_id=-372490&dest_type=city&group_adults=2&req_adults=2&no_rooms=1&group_children=0&req_children=0&hpos=13&hapos=113&sr_order=popularity&srpvid=01ee4d642e4b01c6&srepoch=1737802838&all_sr_blocks=9036307_91462699_0_2_0&highlighted_blocks=9036307_91462699_0_2_0&matching_block_id=9036307_91462699_0_2_0&sr_pri_blocks=9036307_91462699_0_2_0__266270&from_sustainable_property_sr=1&from=searchresults
Fridays Flats Casa Aquamarine,"Sant Martí, Barcelona",https://www.booking.com/hotel/es/poolhouses-blue-house.es.html?label=gen173nr-1FCAEoggI46AdIClgEaEaIAQGYAQq4ARnIAQ_YAQHoAQH4AQKIAgGoAgO4ArL50rwGwAIB0gIkOGZlNzdlZTAtYjM2Ni00NjEwLWJjZDItYjc2NTUzNTkyZGM32AIF4AIB&sid=5ad11202ea9cc1c07c5ed8caaaf11387&aid=304142&ucfs=1&arphpl=1&checkin=2026-02-01&checkout=2026-02-08&dest_id=-372490&dest_type=city&group_adults=2&req_adults=2&no_rooms=1&group_children=0&req_children=0&hpos=14&hapos=114&sr_order=popularity&srpvid=01ee4d642e4b01c6&srepoch=1737802838&all_sr_blocks=250513001_188945408_0_0_0&highlighted_blocks=250513001_188945408_0_0_0&matching_block_id=250513001_188945408_0_0_0&sr_pri_blocks=250513001_188945408_0_0_0__266953&from=searchresults
Apartamento Parc Güell,"Horta-Guinardó, Barcelona",https://www.booking.com/hotel/es/apartamento-parc-guell.es.html?label=gen173nr-1FCAEoggI46AdIClgEaEaIAQGYAQq4ARnIAQ_YAQHoAQH4AQKIAgGoAgO4ArL50rwGwAIB0gIkOGZlNzdlZTAtYjM2Ni00NjEwLWJjZDItYjc2NTUzNTkyZGM32AIF4AIB&sid=5ad11202ea9cc1c07c5ed8caaaf11387&aid=304142&ucfs=1&arphpl=1&checkin=2026-02-01&checkout=2026-02-08&dest_id=-372490&dest_type=city&group_adults=2&req_adults=2&no_rooms=1&group_children=0&req_children=0&hpos=15&hapos=115&sr_order=popularity&srpvid=01ee4d642e4b01c6&srepoch=1737802838&all_sr_blocks=659373901_270321846_5_0_0&highlighted_blocks=659373901_270321846_5_0_0&matching_block_id=659373901_270321846_5_0_0&sr_pri_blocks=659373901_270321846_5_0_0__101997&from=searchresults
Apartments Sata Park Guell Area,"Sarrià-Sant Gervasi, Barcelona",https://www.booking.com/hotel/es/park-guell.es.html?label=gen173nr-1FCAEoggI46AdIClgEaEaIAQGYAQq4ARnIAQ_YAQHoAQH4AQKIAgGoAgO4ArL50rwGwAIB0gIkOGZlNzdlZTAtYjM2Ni00NjEwLWJjZDItYjc2NTUzNTkyZGM32AIF4AIB&sid=5ad11202ea9cc1c07c5ed8caaaf11387&aid=304142&ucfs=1&arphpl=1&checkin=2026-02-01&checkout=2026-02-08&dest_id=-372490&dest_type=city&group_adults=2&req_adults=2&no_rooms=1&group_children=0&req_children=0&hpos=16&hapos=116&sr_order=popularity&srpvid=01ee4d642e4b01c6&srepoch=1737802838&all_sr_blocks=9397602_88493846_2_0_0&highlighted_blocks=9397602_88493846_2_0_0&matching_block_id=9397602_88493846_2_0_0&sr_pri_blocks=9397602_88493846_2_0_0__123160&from=searchresults
Hostal Sol y K,"Ciutat Vella, Barcelona",https://www.booking.com/hotel/es/hostal-quot-sol-y-k-quot.es.html?label=gen173nr-1FCAEoggI46AdIClgEaEaIAQGYAQq4ARnIAQ_YAQHoAQH4AQKIAgGoAgO4ArL50rwGwAIB0gIkOGZlNzdlZTAtYjM2Ni00NjEwLWJjZDItYjc2NTUzNTkyZGM32AIF4AIB&sid=5ad11202ea9cc1c07c5ed8caaaf11387&aid=304142&ucfs=1&arphpl=1&checkin=2026-02-01&checkout=2026-02-08&dest_id=-372490&dest_type=city&group_adults=2&req_adults=2&no_rooms=1&group_children=0&req_children=0&hpos=17&hapos=117&sr_order=popularity&srpvid=01ee4d642e4b01c6&srepoch=1737802838&all_sr_blocks=106729105_146309510_2_0_0&highlighted_blocks=106729105_146309510_2_0_0&matching_block_id=106729105_146309510_2_0_0&sr_pri_blocks=106729105_146309510_2_0_0__126979&from=searchresults
Casa Cosi - Terrace 1,"Eixample, Barcelona",https://www.booking.com/hotel/es/casa-cosi-terrace-1.es.html?label=gen173nr-1FCAEoggI46AdIClgEaEaIAQGYAQq4ARnIAQ_YAQHoAQH4AQKIAgGoAgO4ArL50rwGwAIB0gIkOGZlNzdlZTAtYjM2Ni00NjEwLWJjZDItYjc2NTUzNTkyZGM32AIF4AIB&sid=5ad11202ea9cc1c07c5ed8caaaf11387&aid=304142&ucfs=1&arphpl=1&checkin=2026-02-01&checkout=2026-02-08&dest_id=-372490&dest_type=city&group_adults=2&req_adults=2&no_rooms=1&group_children=0&req_children=0&hpos=18&hapos=118&sr_order=popularity&srpvid=01ee4d642e4b01c6&srepoch=1737802838&all_sr_blocks=814032702_362247713_0_0_0&highlighted_blocks=814032702_362247713_0_0_0&matching_block_id=814032702_362247713_0_0_0&sr_pri_blocks=814032702_362247713_0_0_0__240963&from=searchresults
Casa Cosi Mallorca I,"Eixample, Barcelona",https://www.booking.com/hotel/es/casa-cosi-mallorca-i.es.html?label=gen173nr-1FCAEoggI46AdIClgEaEaIAQGYAQq4ARnIAQ_YAQHoAQH4AQKIAgGoAgO4ArL50rwGwAIB0gIkOGZlNzdlZTAtYjM2Ni00NjEwLWJjZDItYjc2NTUzNTkyZGM32AIF4AIB&sid=5ad11202ea9cc1c07c5ed8caaaf11387&aid=304142&ucfs=1&arphpl=1&checkin=2026-02-01&checkout=2026-02-08&dest_id=-372490&dest_type=city&group_adults=2&req_adults=2&no_rooms=1&group_children=0&req_children=0&hpos=19&hapos=119&sr_order=popularity&srpvid=01ee4d642e4b01c6&srepoch=1737802838&all_sr_blocks=227412701_377093038_0_0_0&highlighted_blocks=227412701_377093038_0_0_0&matching_block_id=227412701_377093038_0_0_0&sr_pri_blocks=227412701_377093038_0_0_0__236262&from=searchresults
Casa Gracia,"Gracia, Barcelona",https://www.booking.com/hotel/es/hostel-casa-gracia.es.html?label=gen173nr-1FCAEoggI46AdIClgEaEaIAQGYAQq4ARnIAQ_YAQHoAQH4AQKIAgGoAgO4ArL50rwGwAIB0gIkOGZlNzdlZTAtYjM2Ni00NjEwLWJjZDItYjc2NTUzNTkyZGM32AIF4AIB&sid=5ad11202ea9cc1c07c5ed8caaaf11387&aid=304142&ucfs=1&arphpl=1&checkin=2026-02-01&checkout=2026-02-08&dest_id=-372490&dest_type=city&group_adults=2&req_adults=2&no_rooms=1&group_children=0&req_children=0&hpos=20&hapos=120&sr_order=popularity&srpvid=01ee4d642e4b01c6&srepoch=1737802838&all_sr_blocks=25515436_91915475_2_1_0&highlighted_blocks=25515436_91915475_2_1_0&matching_block_id=25515436_91915475_2_1_0&sr_pri_blocks=25515436_91915475_2_1_0__194600&from=searchresults
Casa Cosi - Putxet 3,"Sarrià-Sant Gervasi, Barcelona",https://www.booking.com/hotel/es/casa-cosi-putxet-3.es.html?label=gen173nr-1FCAEoggI46AdIClgEaEaIAQGYAQq4ARnIAQ_YAQHoAQH4AQKIAgGoAgO4ArL50rwGwAIB0gIkOGZlNzdlZTAtYjM2Ni00NjEwLWJjZDItYjc2NTUzNTkyZGM32AIF4AIB&sid=5ad11202ea9cc1c07c5ed8caaaf11387&aid=304142&ucfs=1&arphpl=1&checkin=2026-02-01&checkout=2026-02-08&dest_id=-372490&dest_type=city&group_adults=2&req_adults=2&no_rooms=1&group_children=0&req_children=0&hpos=21&hapos=121&sr_order=popularity&srpvid=01ee4d642e4b01c6&srepoch=1737802838&all_sr_blocks=814029602_362247735_0_0_0&highlighted_blocks=814029602_362247735_0_0_0&matching_block_id=814029602_362247735_0_0_0&sr_pri_blocks=814029602_362247735_0_0_0__151918&from=searchresults
Casa Cosi - Industria,"Gracia, Barcelona",https://www.booking.com/hotel/es/casa-cosi-industria.es.html?label=gen173nr-1FCAEoggI46AdIClgEaEaIAQGYAQq4ARnIAQ_YAQHoAQH4AQKIAgGoAgO4ArL50rwGwAIB0gIkOGZlNzdlZTAtYjM2Ni00NjEwLWJjZDItYjc2NTUzNTkyZGM32AIF4AIB&sid=5ad11202ea9cc1c07c5ed8caaaf11387&aid=304142&ucfs=1&arphpl=1&checkin=2026-02-01&checkout=2026-02-08&dest_id=-372490&dest_type=city&group_adults=2&req_adults=2&no_rooms=1&group_children=0&req_children=0&hpos=22&hapos=122&sr_order=popularity&srpvid=01ee4d642e4b01c6&srepoch=1737802838&all_sr_blocks=732037901_377072175_0_0_0&highlighted_blocks=732037901_377072175_0_0_0&matching_block_id=732037901_377072175_0_0_0&sr_pri_blocks=732037901_377072175_0_0_0__169919&from=searchresults
Opening Doors Pueblonuevo,"Sant Martí, Barcelona",https://www.booking.com/hotel/es/opening-doors-pueblonuevo.es.html?label=gen173nr-1FCAEoggI46AdIClgEaEaIAQGYAQq4ARnIAQ_YAQHoAQH4AQKIAgGoAgO4ArL50rwGwAIB0gIkOGZlNzdlZTAtYjM2Ni00NjEwLWJjZDItYjc2NTUzNTkyZGM32AIF4AIB&sid=5ad11202ea9cc1c07c5ed8caaaf11387&aid=304142&ucfs=1&arphpl=1&checkin=2026-02-01&checkout=2026-02-08&dest_id=-372490&dest_type=city&group_adults=2&req_adults=2&no_rooms=1&group_children=0&req_children=0&hpos=23&hapos=123&sr_order=popularity&srpvid=01ee4d642e4b01c6&srepoch=1737802838&all_sr_blocks=123424701_339888721_4_0_0&highlighted_blocks=123424701_339888721_4_0_0&matching_block_id=123424701_339888721_4_0_0&sr_pri_blocks=123424701_339888721_4_0_0__143003&from=searchresults
Casa Cosi - Casanova 6,"Eixample, Barcelona",https://www.booking.com/hotel/es/casa-cosi-casanova-6.es.html?label=gen173nr-1FCAEoggI46AdIClgEaEaIAQGYAQq4ARnIAQ_YAQHoAQH4AQKIAgGoAgO4ArL50rwGwAIB0gIkOGZlNzdlZTAtYjM2Ni00NjEwLWJjZDItYjc2NTUzNTkyZGM32AIF4AIB&sid=5ad11202ea9cc1c07c5ed8caaaf11387&aid=304142&ucfs=1&arphpl=1&checkin=2026-02-01&checkout=2026-02-08&dest_id=-372490&dest_type=city&group_adults=2&req_adults=2&no_rooms=1&group_children=0&req_children=0&hpos=24&hapos=124&sr_order=popularity&srpvid=01ee4d642e4b01c6&srepoch=1737802838&all_sr_blocks=814034902_362247681_0_0_0&highlighted_blocks=814034902_362247681_0_0_0&matching_block_id=814034902_362247681_0_0_0&sr_pri_blocks=814034902_362247681_0_0_0__246009&from=searchresults
Casa Cosi Don Bajos,"Sarrià-Sant Gervasi, Barcelona",https://www.booking.com/hotel/es/casa-cosi-don-bajos.es.html?label=gen173nr-1FCAEoggI46AdIClgEaEaIAQGYAQq4ARnIAQ_YAQHoAQH4AQKIAgGoAgO4ArL50rwGwAIB0gIkOGZlNzdlZTAtYjM2Ni00NjEwLWJjZDItYjc2NTUzNTkyZGM32AIF4AIB&sid=5ad11202ea9cc1c07c5ed8caaaf11387&aid=304142&ucfs=1&arphpl=1&checkin=2026-02-01&checkout=2026-02-08&dest_id=-372490&dest_type=city&group_adults=2&req_adults=2&no_rooms=1&group_children=0&req_children=0&hpos=1&hapos=125&sr_order=popularity&srpvid=01ee4d642e4b01c6&srepoch=1737802839&all_sr_blocks=910293002_377070179_0_0_0&highlighted_blocks=910293002_377070179_0_0_0&matching_block_id=910293002_377070179_0_0_0&sr_pri_blocks=910293002_377070179_0_0_0__178404&from=searchresults
DreamKeys Barcelona City,"Sarrià-Sant Gervasi, Barcelona",https://www.booking.com/hotel/es/kiwidestiny-barcelona2.es.html?label=gen173nr-1FCAEoggI46AdIClgEaEaIAQGYAQq4ARnIAQ_YAQHoAQH4AQKIAgGoAgO4ArL50rwGwAIB0gIkOGZlNzdlZTAtYjM2Ni00NjEwLWJjZDItYjc2NTUzNTkyZGM32AIF4AIB&sid=5ad11202ea9cc1c07c5ed8caaaf11387&aid=304142&ucfs=1&arphpl=1&checkin=2026-02-01&checkout=2026-02-08&dest_id=-372490&dest_type=city&group_adults=2&req_adults=2&no_rooms=1&group_children=0&req_children=0&hpos=2&hapos=126&sr_order=popularity&srpvid=01ee4d642e4b01c6&srepoch=1737802839&all_sr_blocks=145700310_88512777_0_0_0&highlighted_blocks=145700310_88512777_0_0_0&matching_block_id=145700310_88512777_0_0_0&sr_pri_blocks=145700310_88512777_0_0_0__246193&from=searchresults
Plaza Goya Rooms,"Eixample, Barcelona",https://www.booking.com/hotel/es/pension-de-la-plaza-de-goya.es.html?label=gen173nr-1FCAEoggI46AdIClgEaEaIAQGYAQq4ARnIAQ_YAQHoAQH4AQKIAgGoAgO4ArL50rwGwAIB0gIkOGZlNzdlZTAtYjM2Ni00NjEwLWJjZDItYjc2NTUzNTkyZGM32AIF4AIB&sid=5ad11202ea9cc1c07c5ed8caaaf11387&aid=304142&ucfs=1&arphpl=1&checkin=2026-02-01&checkout=2026-02-08&dest_id=-372490&dest_type=city&group_adults=2&req_adults=2&no_rooms=1&group_children=0&req_children=0&hpos=3&hapos=127&sr_order=popularity&srpvid=01ee4d642e4b01c6&srepoch=1737802839&all_sr_blocks=26189606_332352799_3_2_0&highlighted_blocks=26189606_332352799_3_2_0&matching_block_id=26189606_332352799_3_2_0&sr_pri_blocks=26189606_332352799_3_2_0__215315&from=searchresults
Casa Cosi - El Farro 3,"Sarrià-Sant Gervasi, Barcelona",https://www.booking.com/hotel/es/casa-cosi-el-farro.es.html?label=gen173nr-1FCAEoggI46AdIClgEaEaIAQGYAQq4ARnIAQ_YAQHoAQH4AQKIAgGoAgO4ArL50rwGwAIB0gIkOGZlNzdlZTAtYjM2Ni00NjEwLWJjZDItYjc2NTUzNTkyZGM32AIF4AIB&sid=5ad11202ea9cc1c07c5ed8caaaf11387&aid=304142&ucfs=1&arphpl=1&checkin=2026-02-01&checkout=2026-02-08&dest_id=-372490&dest_type=city&group_adults=2&req_adults=2&no_rooms=1&group_children=0&req_children=0&hpos=4&hapos=128&sr_order=popularity&srpvid=01ee4d642e4b01c6&srepoch=1737802839&all_sr_blocks=732065101_377093936_0_0_0&highlighted_blocks=732065101_377093936_0_0_0&matching_block_id=732065101_377093936_0_0_0&sr_pri_blocks=732065101_377093936_0_0_0__179436&from=searchresults
Borrell · Near ramblas,"Eixample, Barcelona",https://www.booking.com/hotel/es/sunny-flat-near-ramblas-wifi-incl.es.html?label=gen173nr-1FCAEoggI46AdIClgEaEaIAQGYAQq4ARnIAQ_YAQHoAQH4AQKIAgGoAgO4ArL50rwGwAIB0gIkOGZlNzdlZTAtYjM2Ni00NjEwLWJjZDItYjc2NTUzNTkyZGM32AIF4AIB&sid=5ad11202ea9cc1c07c5ed8caaaf11387&aid=304142&ucfs=1&arphpl=1&checkin=2026-02-01&checkout=2026-02-08&dest_id=-372490&dest_type=city&group_adults=2&req_adults=2&no_rooms=1&group_children=0&req_children=0&hpos=5&hapos=129&sr_order=popularity&srpvid=01ee4d642e4b01c6&srepoch=1737802839&all_sr_blocks=183155802_343456191_2_0_0&highlighted_blocks=183155802_343456191_2_0_0&matching_block_id=183155802_343456191_2_0_0&sr_pri_blocks=183155802_343456191_2_0_0__114224&from=searchresults
Opening Doors Aribau,"Eixample, Barcelona",https://www.booking.com/hotel/es/opening-doors-aribau.es.html?label=gen173nr-1FCAEoggI46AdIClgEaEaIAQGYAQq4ARnIAQ_YAQHoAQH4AQKIAgGoAgO4ArL50rwGwAIB0gIkOGZlNzdlZTAtYjM2Ni00NjEwLWJjZDItYjc2NTUzNTkyZGM32AIF4AIB&sid=5ad11202ea9cc1c07c5ed8caaaf11387&aid=304142&ucfs=1&arphpl=1&checkin=2026-02-01&checkout=2026-02-08&dest_id=-372490&dest_type=city&group_adults=2&req_adults=2&no_rooms=1&group_children=0&req_children=0&hpos=6&hapos=130&sr_order=popularity&srpvid=01ee4d642e4b01c6&srepoch=1737802839&all_sr_blocks=351831701_339888754_4_0_0&highlighted_blocks=351831701_339888754_4_0_0&matching_block_id=351831701_339888754_4_0_0&sr_pri_blocks=351831701_339888754_4_0_0__134636&from=searchresults
Fridays Flats Casa Lavander,"Sants-Montjuïc, Barcelona",https://www.booking.com/hotel/es/poolhouses-lila-house.es.html?label=gen173nr-1FCAEoggI46AdIClgEaEaIAQGYAQq4ARnIAQ_YAQHoAQH4AQKIAgGoAgO4ArL50rwGwAIB0gIkOGZlNzdlZTAtYjM2Ni00NjEwLWJjZDItYjc2NTUzNTkyZGM32AIF4AIB&sid=5ad11202ea9cc1c07c5ed8caaaf11387&aid=304142&ucfs=1&arphpl=1&checkin=2026-02-01&checkout=2026-02-08&dest_id=-372490&dest_type=city&group_adults=2&req_adults=2&no_rooms=1&group_children=0&req_children=0&hpos=7&hapos=131&sr_order=popularity&srpvid=01ee4d642e4b01c6&srepoch=1737802839&all_sr_blocks=250494701_188944878_0_0_0&highlighted_blocks=250494701_188944878_0_0_0&matching_block_id=250494701_188944878_0_0_0&sr_pri_blocks=250494701_188944878_0_0_0__592140&from=searchresults
Casa Cosi Letamendi,"Eixample, Barcelona",https://www.booking.com/hotel/es/casa-cosi-letamendi.es.html?label=gen173nr-1FCAEoggI46AdIClgEaEaIAQGYAQq4ARnIAQ_YAQHoAQH4AQKIAgGoAgO4ArL50rwGwAIB0gIkOGZlNzdlZTAtYjM2Ni00NjEwLWJjZDItYjc2NTUzNTkyZGM32AIF4AIB&sid=5ad11202ea9cc1c07c5ed8caaaf11387&aid=304142&ucfs=1&arphpl=1&checkin=2026-02-01&checkout=2026-02-08&dest_id=-372490&dest_type=city&group_adults=2&req_adults=2&no_rooms=1&group_children=0&req_children=0&hpos=8&hapos=132&sr_order=popularity&srpvid=01ee4d642e4b01c6&srepoch=1737802839&all_sr_blocks=216344001_377072133_0_0_0&highlighted_blocks=216344001_377072133_0_0_0&matching_block_id=216344001_377072133_0_0_0&sr_pri_blocks=216344001_377072133_0_0_0__196896&from=searchresults
Casa Cosi - Casanova 1,"Eixample, Barcelona",https://www.booking.com/hotel/es/casa-cosi-casanova-1.es.html?label=gen173nr-1FCAEoggI46AdIClgEaEaIAQGYAQq4ARnIAQ_YAQHoAQH4AQKIAgGoAgO4ArL50rwGwAIB0gIkOGZlNzdlZTAtYjM2Ni00NjEwLWJjZDItYjc2NTUzNTkyZGM32AIF4AIB&sid=5ad11202ea9cc1c07c5ed8caaaf11387&aid=304142&ucfs=1&arphpl=1&checkin=2026-02-01&checkout=2026-02-08&dest_id=-372490&dest_type=city&group_adults=2&req_adults=2&no_rooms=1&group_children=0&req_children=0&hpos=9&hapos=133&sr_order=popularity&srpvid=01ee4d642e4b01c6&srepoch=1737802839&all_sr_blocks=814035102_362247617_0_0_0&highlighted_blocks=814035102_362247617_0_0_0&matching_block_id=814035102_362247617_0_0_0&sr_pri_blocks=814035102_362247617_0_0_0__243371&from=searchresults
Casa Cosi - Casanova 3,"Eixample, Barcelona",https://www.booking.com/hotel/es/casa-cosi-casanova-3.es.html?label=gen173nr-1FCAEoggI46AdIClgEaEaIAQGYAQq4ARnIAQ_YAQHoAQH4AQKIAgGoAgO4ArL50rwGwAIB0gIkOGZlNzdlZTAtYjM2Ni00NjEwLWJjZDItYjc2NTUzNTkyZGM32AIF4AIB&sid=5ad11202ea9cc1c07c5ed8caaaf11387&aid=304142&ucfs=1&arphpl=1&checkin=2026-02-01&checkout=2026-02-08&dest_id=-372490&dest_type=city&group_adults=2&req_adults=2&no_rooms=1&group_children=0&req_children=0&hpos=10&hapos=134&sr_order=popularity&srpvid=01ee4d642e4b01c6&srepoch=1737802839&all_sr_blocks=814034602_362247683_0_0_0&highlighted_blocks=814034602_362247683_0_0_0&matching_block_id=814034602_362247683_0_0_0&sr_pri_blocks=814034602_362247683_0_0_0__253232&from=searchresults
Sant Jordi Hostels Rock Palace,"Eixample, Barcelona",https://www.booking.com/hotel/es/sant-jordi-hostel-rock-palace.es.html?label=gen173nr-1FCAEoggI46AdIClgEaEaIAQGYAQq4ARnIAQ_YAQHoAQH4AQKIAgGoAgO4ArL50rwGwAIB0gIkOGZlNzdlZTAtYjM2Ni00NjEwLWJjZDItYjc2NTUzNTkyZGM32AIF4AIB&sid=5ad11202ea9cc1c07c5ed8caaaf11387&aid=304142&ucfs=1&arphpl=1&checkin=2026-02-01&checkout=2026-02-08&dest_id=-372490&dest_type=city&group_adults=2&req_adults=2&no_rooms=1&group_children=0&req_children=0&hpos=11&hapos=135&sr_order=popularity&srpvid=01ee4d642e4b01c6&srepoch=1737802839&all_sr_blocks=88928018_107203764_0_2_0_322368&highlighted_blocks=88928018_107203764_0_2_0_322368&matching_block_id=88928018_107203764_0_2_0_322368&sr_pri_blocks=88928018_107203764_0_2_0_322368_165701&from_sustainable_property_sr=1&from=searchresults
Cosmopolitan Boutique Rambla,"Eixample, Barcelona",https://www.booking.com/hotel/es/barna-hostal.es.html?label=gen173nr-1FCAEoggI46AdIClgEaEaIAQGYAQq4ARnIAQ_YAQHoAQH4AQKIAgGoAgO4ArL50rwGwAIB0gIkOGZlNzdlZTAtYjM2Ni00NjEwLWJjZDItYjc2NTUzNTkyZGM32AIF4AIB&sid=5ad11202ea9cc1c07c5ed8caaaf11387&aid=304142&ucfs=1&arphpl=1&checkin=2026-02-01&checkout=2026-02-08&dest_id=-372490&dest_type=city&group_adults=2&req_adults=2&no_rooms=1&group_children=0&req_children=0&hpos=12&hapos=136&sr_order=popularity&srpvid=01ee4d642e4b01c6&srepoch=1737802839&all_sr_blocks=25882013_88496264_2_2_0&highlighted_blocks=25882013_88496264_2_2_0&matching_block_id=25882013_88496264_2_2_0&sr_pri_blocks=25882013_88496264_2_2_0__322700&from=searchresults
Casa Cosi - Casanova 4,"Eixample, Barcelona",https://www.booking.com/hotel/es/casa-cosi-casanova-4.es.html?label=gen173nr-1FCAEoggI46AdIClgEaEaIAQGYAQq4ARnIAQ_YAQHoAQH4AQKIAgGoAgO4ArL50rwGwAIB0gIkOGZlNzdlZTAtYjM2Ni00NjEwLWJjZDItYjc2NTUzNTkyZGM32AIF4AIB&sid=5ad11202ea9cc1c07c5ed8caaaf11387&aid=304142&ucfs=1&arphpl=1&checkin=2026-02-01&checkout=2026-02-08&dest_id=-372490&dest_type=city&group_adults=2&req_adults=2&no_rooms=1&group_children=0&req_children=0&hpos=13&hapos=137&sr_order=popularity&srpvid=01ee4d642e4b01c6&srepoch=1737802839&all_sr_blocks=814045002_362247108_0_0_0&highlighted_blocks=814045002_362247108_0_0_0&matching_block_id=814045002_362247108_0_0_0&sr_pri_blocks=814045002_362247108_0_0_0__242683&from=searchresults
Aparthotel Rambla108,"Ciutat Vella, Barcelona",https://www.booking.com/hotel/es/apart-ramblas108.es.html?label=gen173nr-1FCAEoggI46AdIClgEaEaIAQGYAQq4ARnIAQ_YAQHoAQH4AQKIAgGoAgO4ArL50rwGwAIB0gIkOGZlNzdlZTAtYjM2Ni00NjEwLWJjZDItYjc2NTUzNTkyZGM32AIF4AIB&sid=5ad11202ea9cc1c07c5ed8caaaf11387&aid=304142&ucfs=1&arphpl=1&checkin=2026-02-01&checkout=2026-02-08&dest_id=-372490&dest_type=city&group_adults=2&req_adults=2&no_rooms=1&group_children=0&req_children=0&hpos=14&hapos=138&sr_order=popularity&srpvid=01ee4d642e4b01c6&srepoch=1737802839&all_sr_blocks=1653811_95141239_6_0_0&highlighted_blocks=1653811_95141239_6_0_0&matching_block_id=1653811_95141239_6_0_0&sr_pri_blocks=1653811_95141239_6_0_0__265685&from=searchresults
Enjoy Apartments Urban Retreat Valencia 4,"Eixample, Barcelona",https://www.booking.com/hotel/es/urban-retreat-valencia-4.es.html?label=gen173nr-1FCAEoggI46AdIClgEaEaIAQGYAQq4ARnIAQ_YAQHoAQH4AQKIAgGoAgO4ArL50rwGwAIB0gIkOGZlNzdlZTAtYjM2Ni00NjEwLWJjZDItYjc2NTUzNTkyZGM32AIF4AIB&sid=5ad11202ea9cc1c07c5ed8caaaf11387&aid=304142&ucfs=1&arphpl=1&checkin=2026-02-01&checkout=2026-02-08&dest_id=-372490&dest_type=city&group_adults=2&req_adults=2&no_rooms=1&group_children=0&req_children=0&hpos=15&hapos=139&sr_order=popularity&srpvid=01ee4d642e4b01c6&srepoch=1737802839&all_sr_blocks=1222128702_394360959_2_0_0&highlighted_blocks=1222128702_394360959_2_0_0&matching_block_id=1222128702_394360959_2_0_0&sr_pri_blocks=1222128702_394360959_2_0_0__118186&from=searchresults
Sant Jordi Hostels Sagrada Familia,"Sant Martí, Barcelona",https://www.booking.com/hotel/es/sant-jordi-sagrada-familia.es.html?label=gen173nr-1FCAEoggI46AdIClgEaEaIAQGYAQq4ARnIAQ_YAQHoAQH4AQKIAgGoAgO4ArL50rwGwAIB0gIkOGZlNzdlZTAtYjM2Ni00NjEwLWJjZDItYjc2NTUzNTkyZGM32AIF4AIB&sid=5ad11202ea9cc1c07c5ed8caaaf11387&aid=304142&ucfs=1&arphpl=1&checkin=2026-02-01&checkout=2026-02-08&dest_id=-372490&dest_type=city&group_adults=2&req_adults=2&no_rooms=1&group_children=0&req_children=0&hpos=16&hapos=140&sr_order=popularity&srpvid=01ee4d642e4b01c6&srepoch=1737802839&all_sr_blocks=17588904_107202763_0_2_0_322371&highlighted_blocks=17588904_107202763_0_2_0_322371&matching_block_id=17588904_107202763_0_2_0_322371&sr_pri_blocks=17588904_107202763_0_2_0_322371_150834&from_sustainable_property_sr=1&from=searchresults
Casa Cosi - Eixample 1,"Eixample, Barcelona",https://www.booking.com/hotel/es/casa-cosi-eixample-1.es.html?label=gen173nr-1FCAEoggI46AdIClgEaEaIAQGYAQq4ARnIAQ_YAQHoAQH4AQKIAgGoAgO4ArL50rwGwAIB0gIkOGZlNzdlZTAtYjM2Ni00NjEwLWJjZDItYjc2NTUzNTkyZGM32AIF4AIB&sid=5ad11202ea9cc1c07c5ed8caaaf11387&aid=304142&ucfs=1&arphpl=1&checkin=2026-02-01&checkout=2026-02-08&dest_id=-372490&dest_type=city&group_adults=2&req_adults=2&no_rooms=1&group_children=0&req_children=0&hpos=17&hapos=141&sr_order=popularity&srpvid=01ee4d642e4b01c6&srepoch=1737802839&all_sr_blocks=499481001_377071532_0_0_0&highlighted_blocks=499481001_377071532_0_0_0&matching_block_id=499481001_377071532_0_0_0&sr_pri_blocks=499481001_377071532_0_0_0__169034&from=searchresults
Leonardo Royal Hotel Barcelona Fira,"Sants-Montjuïc, Barcelona",https://www.booking.com/hotel/es/leonardo-royal-barcelona-fira.es.html?label=gen173nr-1FCAEoggI46AdIClgEaEaIAQGYAQq4ARnIAQ_YAQHoAQH4AQKIAgGoAgO4ArL50rwGwAIB0gIkOGZlNzdlZTAtYjM2Ni00NjEwLWJjZDItYjc2NTUzNTkyZGM32AIF4AIB&sid=5ad11202ea9cc1c07c5ed8caaaf11387&aid=304142&ucfs=1&arphpl=1&checkin=2026-02-01&checkout=2026-02-08&dest_id=-372490&dest_type=city&group_adults=2&req_adults=2&no_rooms=1&group_children=0&req_children=0&hpos=18&hapos=142&sr_order=popularity&srpvid=01ee4d642e4b01c6&srepoch=1737802839&all_sr_blocks=678810901_277137515_0_10_0&highlighted_blocks=678810901_277137515_0_10_0&matching_block_id=678810901_277137515_0_10_0&sr_pri_blocks=678810901_277137515_0_10_0__348348&from_sustainable_property_sr=1&from=searchresults
Fridays Flats Villa Alba,"Sants-Montjuïc, Barcelona",https://www.booking.com/hotel/es/poolhouses-white-house.es.html?label=gen173nr-1FCAEoggI46AdIClgEaEaIAQGYAQq4ARnIAQ_YAQHoAQH4AQKIAgGoAgO4ArL50rwGwAIB0gIkOGZlNzdlZTAtYjM2Ni00NjEwLWJjZDItYjc2NTUzNTkyZGM32AIF4AIB&sid=5ad11202ea9cc1c07c5ed8caaaf11387&aid=304142&ucfs=1&arphpl=1&checkin=2026-02-01&checkout=2026-02-08&dest_id=-372490&dest_type=city&group_adults=2&req_adults=2&no_rooms=1&group_children=0&req_children=0&hpos=19&hapos=143&sr_order=popularity&srpvid=01ee4d642e4b01c6&srepoch=1737802839&all_sr_blocks=250524701_188947161_0_0_0&highlighted_blocks=250524701_188947161_0_0_0&matching_block_id=250524701_188947161_0_0_0&sr_pri_blocks=250524701_188947161_0_0_0__312671&from=searchresults
Casa Cosi - La Gleva 4,"Sarrià-Sant Gervasi, Barcelona",https://www.booking.com/hotel/es/casa-cosi-la-gleva-4.es.html?label=gen173nr-1FCAEoggI46AdIClgEaEaIAQGYAQq4ARnIAQ_YAQHoAQH4AQKIAgGoAgO4ArL50rwGwAIB0gIkOGZlNzdlZTAtYjM2Ni00NjEwLWJjZDItYjc2NTUzNTkyZGM32AIF4AIB&sid=5ad11202ea9cc1c07c5ed8caaaf11387&aid=304142&ucfs=1&arphpl=1&checkin=2026-02-01&checkout=2026-02-08&dest_id=-372490&dest_type=city&group_adults=2&req_adults=2&no_rooms=1&group_children=0&req_children=0&hpos=20&hapos=144&sr_order=popularity&srpvid=01ee4d642e4b01c6&srepoch=1737802839&all_sr_blocks=814039802_362247310_0_0_0&highlighted_blocks=814039802_362247310_0_0_0&matching_block_id=814039802_362247310_0_0_0&sr_pri_blocks=814039802_362247310_0_0_0__178404&from=searchresults
Casa Cosi - Putxet 1,"Sarrià-Sant Gervasi, Barcelona",https://www.booking.com/hotel/es/casa-cosi-putxet-1.es.html?label=gen173nr-1FCAEoggI46AdIClgEaEaIAQGYAQq4ARnIAQ_YAQHoAQH4AQKIAgGoAgO4ArL50rwGwAIB0gIkOGZlNzdlZTAtYjM2Ni00NjEwLWJjZDItYjc2NTUzNTkyZGM32AIF4AIB&sid=5ad11202ea9cc1c07c5ed8caaaf11387&aid=304142&ucfs=1&arphpl=1&checkin=2026-02-01&checkout=2026-02-08&dest_id=-372490&dest_type=city&group_adults=2&req_adults=2&no_rooms=1&group_children=0&req_children=0&hpos=21&hapos=145&sr_order=popularity&srpvid=01ee4d642e4b01c6&srepoch=1737802839&all_sr_blocks=814035802_362247575_0_0_0&highlighted_blocks=814035802_362247575_0_0_0&matching_block_id=814035802_362247575_0_0_0&sr_pri_blocks=814035802_362247575_0_0_0__184436&from=searchresults
Casa Cosi - Casanova 7,"Eixample, Barcelona",https://www.booking.com/hotel/es/casa-cosi-casanova-7.es.html?label=gen173nr-1FCAEoggI46AdIClgEaEaIAQGYAQq4ARnIAQ_YAQHoAQH4AQKIAgGoAgO4ArL50rwGwAIB0gIkOGZlNzdlZTAtYjM2Ni00NjEwLWJjZDItYjc2NTUzNTkyZGM32AIF4AIB&sid=5ad11202ea9cc1c07c5ed8caaaf11387&aid=304142&ucfs=1&arphpl=1&checkin=2026-02-01&checkout=2026-02-08&dest_id=-372490&dest_type=city&group_adults=2&req_adults=2&no_rooms=1&group_children=0&req_children=0&hpos=22&hapos=146&sr_order=popularity&srpvid=01ee4d642e4b01c6&srepoch=1737802839&all_sr_blocks=814045502_362247079_0_0_0&highlighted_blocks=814045502_362247079_0_0_0&matching_block_id=814045502_362247079_0_0_0&sr_pri_blocks=814045502_362247079_0_0_0__253920&from=searchresults
Casa Cosi - Casanova 5,"Eixample, Barcelona",https://www.booking.com/hotel/es/casa-cosi-casanova-5.es.html?label=gen173nr-1FCAEoggI46AdIClgEaEaIAQGYAQq4ARnIAQ_YAQHoAQH4AQKIAgGoAgO4ArL50rwGwAIB0gIkOGZlNzdlZTAtYjM2Ni00NjEwLWJjZDItYjc2NTUzNTkyZGM32AIF4AIB&sid=5ad11202ea9cc1c07c5ed8caaaf11387&aid=304142&ucfs=1&arphpl=1&checkin=2026-02-01&checkout=2026-02-08&dest_id=-372490&dest_type=city&group_adults=2&req_adults=2&no_rooms=1&group_children=0&req_children=0&hpos=23&hapos=147&sr_order=popularity&srpvid=01ee4d642e4b01c6&srepoch=1737802839&all_sr_blocks=814045102_362247094_0_0_0&highlighted_blocks=814045102_362247094_0_0_0&matching_block_id=814045102_362247094_0_0_0&sr_pri_blocks=814045102_362247094_0_0_0__265730&from=searchresults
Barcelonaguest,"Eixample, Barcelona",https://www.booking.com/hotel/es/barcelonaguest.es.html?label=gen173nr-1FCAEoggI46AdIClgEaEaIAQGYAQq4ARnIAQ_YAQHoAQH4AQKIAgGoAgO4ArL50rwGwAIB0gIkOGZlNzdlZTAtYjM2Ni00NjEwLWJjZDItYjc2NTUzNTkyZGM32AIF4AIB&sid=5ad11202ea9cc1c07c5ed8caaaf11387&aid=304142&ucfs=1&arphpl=1&checkin=2026-02-01&checkout=2026-02-08&dest_id=-372490&dest_type=city&group_adults=2&req_adults=2&no_rooms=1&group_children=0&req_children=0&hpos=24&hapos=148&sr_order=popularity&srpvid=01ee4d642e4b01c6&srepoch=1737802839&all_sr_blocks=9721902_326006009_4_0_0&highlighted_blocks=9721902_326006009_4_0_0&matching_block_id=9721902_326006009_4_0_0&sr_pri_blocks=9721902_326006009_4_0_0__638932&from=searchresults
BUHO Boutique Rooms,"Eixample, Barcelona",https://www.booking.com/hotel/es/antic-espai.es.html?label=gen173nr-1FCAEoggI46AdIClgEaEaIAQGYAQq4ARnIAQ_YAQHoAQH4AQKIAgGoAgO4ArL50rwGwAIB0gIkOGZlNzdlZTAtYjM2Ni00NjEwLWJjZDItYjc2NTUzNTkyZGM32AIF4AIB&sid=5ad11202ea9cc1c07c5ed8caaaf11387&aid=304142&ucfs=1&arphpl=1&checkin=2026-02-01&checkout=2026-02-08&dest_id=-372490&dest_type=city&group_adults=2&req_adults=2&no_rooms=1&group_children=0&req_children=0&hpos=25&hapos=149&sr_order=popularity&srpvid=01ee4d642e4b01c6&srepoch=1737802839&all_sr_blocks=50545010_332352759_3_0_0&highlighted_blocks=50545010_332352759_3_0_0&matching_block_id=50545010_332352759_3_0_0&sr_pri_blocks=50545010_332352759_3_0_0__215315&from=searchresults
The 8 Boutique B&B,"Eixample, Barcelona",https://www.booking.com/hotel/es/the-8-bed-breakfast-barcelona.es.html?label=gen173nr-1FCAEoggI46AdIClgEaEaIAQGYAQq4ARnIAQ_YAQHoAQH4AQKIAgGoAgO4ArL50rwGwAIB0gIkOGZlNzdlZTAtYjM2Ni00NjEwLWJjZDItYjc2NTUzNTkyZGM32AIF4AIB&sid=5ad11202ea9cc1c07c5ed8caaaf11387&aid=304142&ucfs=1&arphpl=1&checkin=2026-02-01&checkout=2026-02-08&dest_id=-372490&dest_type=city&group_adults=2&req_adults=2&no_rooms=1&group_children=0&req_children=0&hpos=1&hapos=150&sr_order=popularity&srpvid=01ee4d642e4b01c6&srepoch=1737802840&all_sr_blocks=54329801_88210038_0_0_0&highlighted_blocks=54329801_88210038_0_0_0&matching_block_id=54329801_88210038_0_0_0&sr_pri_blocks=54329801_88210038_0_0_0__179117&from=searchresults
Casa Cosi - Eixample 3,"Eixample, Barcelona",https://www.booking.com/hotel/es/casa-cosi-eixample-3.es.html?label=gen173nr-1FCAEoggI46AdIClgEaEaIAQGYAQq4ARnIAQ_YAQHoAQH4AQKIAgGoAgO4ArL50rwGwAIB0gIkOGZlNzdlZTAtYjM2Ni00NjEwLWJjZDItYjc2NTUzNTkyZGM32AIF4AIB&sid=5ad11202ea9cc1c07c5ed8caaaf11387&aid=304142&ucfs=1&arphpl=1&checkin=2026-02-01&checkout=2026-02-08&dest_id=-372490&dest_type=city&group_adults=2&req_adults=2&no_rooms=1&group_children=0&req_children=0&hpos=2&hapos=151&sr_order=popularity&srpvid=01ee4d642e4b01c6&srepoch=1737802840&all_sr_blocks=501254201_377071633_0_0_0&highlighted_blocks=501254201_377071633_0_0_0&matching_block_id=501254201_377071633_0_0_0&sr_pri_blocks=501254201_377071633_0_0_0__304495&from=searchresults
Housalia Lepant 3 bedroom apartment 300 meters de Sagrada Familia,"Eixample, Barcelona",https://www.booking.com/hotel/es/housalia-lepant-3-bedroom-apartment-300-meters-de-sagrada-familia.es.html?label=gen173nr-1FCAEoggI46AdIClgEaEaIAQGYAQq4ARnIAQ_YAQHoAQH4AQKIAgGoAgO4ArL50rwGwAIB0gIkOGZlNzdlZTAtYjM2Ni00NjEwLWJjZDItYjc2NTUzNTkyZGM32AIF4AIB&sid=5ad11202ea9cc1c07c5ed8caaaf11387&aid=304142&ucfs=1&arphpl=1&checkin=2026-02-01&checkout=2026-02-08&dest_id=-372490&dest_type=city&group_adults=2&req_adults=2&no_rooms=1&group_children=0&req_children=0&hpos=3&hapos=152&sr_order=popularity&srpvid=01ee4d642e4b01c6&srepoch=1737802840&all_sr_blocks=1107546501_383534960_5_0_0&highlighted_blocks=1107546501_383534960_5_0_0&matching_block_id=1107546501_383534960_5_0_0&sr_pri_blocks=1107546501_383534960_5_0_0__153658&from=searchresults
Barcelona City North Hostal,"Sarrià-Sant Gervasi, Barcelona",https://www.booking.com/hotel/es/barcelona-city-north.es.html?label=gen173nr-1FCAEoggI46AdIClgEaEaIAQGYAQq4ARnIAQ_YAQHoAQH4AQKIAgGoAgO4ArL50rwGwAIB0gIkOGZlNzdlZTAtYjM2Ni00NjEwLWJjZDItYjc2NTUzNTkyZGM32AIF4AIB&sid=5ad11202ea9cc1c07c5ed8caaaf11387&aid=304142&ucfs=1&arphpl=1&checkin=2026-02-01&checkout=2026-02-08&dest_id=-372490&dest_type=city&group_adults=2&req_adults=2&no_rooms=1&group_children=0&req_children=0&hpos=4&hapos=153&sr_order=popularity&srpvid=01ee4d642e4b01c6&srepoch=1737802840&all_sr_blocks=9397708_310967931_2_2_0&highlighted_blocks=9397708_310967931_2_2_0&matching_block_id=9397708_310967931_2_2_0&sr_pri_blocks=9397708_310967931_2_2_0__237593&from=searchresults
Four Petals Barcelona Boutique Apartments,"Ciutat Vella, Barcelona",https://www.booking.com/hotel/es/four-petals-barcelona-boutique-apartments.es.html?label=gen173nr-1FCAEoggI46AdIClgEaEaIAQGYAQq4ARnIAQ_YAQHoAQH4AQKIAgGoAgO4ArL50rwGwAIB0gIkOGZlNzdlZTAtYjM2Ni00NjEwLWJjZDItYjc2NTUzNTkyZGM32AIF4AIB&sid=5ad11202ea9cc1c07c5ed8caaaf11387&aid=304142&ucfs=1&arphpl=1&checkin=2026-02-01&checkout=2026-02-08&dest_id=-372490&dest_type=city&group_adults=2&req_adults=2&no_rooms=1&group_children=0&req_children=0&hpos=5&hapos=154&sr_order=popularity&srpvid=01ee4d642e4b01c6&srepoch=1737802840&all_sr_blocks=168631702_89773742_2_0_0&highlighted_blocks=168631702_89773742_2_0_0&matching_block_id=168631702_89773742_2_0_0&sr_pri_blocks=168631702_89773742_2_0_0__167487&from=searchresults
Casa Cosi - Gotico,"Ciutat Vella, Barcelona",https://www.booking.com/hotel/es/casa-cosi-gotico.es.html?label=gen173nr-1FCAEoggI46AdIClgEaEaIAQGYAQq4ARnIAQ_YAQHoAQH4AQKIAgGoAgO4ArL50rwGwAIB0gIkOGZlNzdlZTAtYjM2Ni00NjEwLWJjZDItYjc2NTUzNTkyZGM32AIF4AIB&sid=5ad11202ea9cc1c07c5ed8caaaf11387&aid=304142&ucfs=1&arphpl=1&checkin=2026-02-01&checkout=2026-02-08&dest_id=-372490&dest_type=city&group_adults=2&req_adults=2&no_rooms=1&group_children=0&req_children=0&hpos=6&hapos=155&sr_order=popularity&srpvid=01ee4d642e4b01c6&srepoch=1737802840&all_sr_blocks=449823301_377072194_0_0_0&highlighted_blocks=449823301_377072194_0_0_0&matching_block_id=449823301_377072194_0_0_0&sr_pri_blocks=449823301_377072194_0_0_0__258965&from=searchresults
Barcelona City Street,"Sarrià-Sant Gervasi, Barcelona",https://www.booking.com/hotel/es/barcelona-city-street.es.html?label=gen173nr-1FCAEoggI46AdIClgEaEaIAQGYAQq4ARnIAQ_YAQHoAQH4AQKIAgGoAgO4ArL50rwGwAIB0gIkOGZlNzdlZTAtYjM2Ni00NjEwLWJjZDItYjc2NTUzNTkyZGM32AIF4AIB&sid=5ad11202ea9cc1c07c5ed8caaaf11387&aid=304142&ucfs=1&arphpl=1&checkin=2026-02-01&checkout=2026-02-08&dest_id=-372490&dest_type=city&group_adults=2&req_adults=2&no_rooms=1&group_children=0&req_children=0&hpos=7&hapos=156&sr_order=popularity&srpvid=01ee4d642e4b01c6&srepoch=1737802840&all_sr_blocks=47653704_132581767_2_2_0&highlighted_blocks=47653704_132581767_2_2_0&matching_block_id=47653704_132581767_2_2_0&sr_pri_blocks=47653704_132581767_2_2_0__250206&from=searchresults
Casa Cosi - Putxet 4,"Sarrià-Sant Gervasi, Barcelona",https://www.booking.com/hotel/es/casa-cosi-putxet.es.html?label=gen173nr-1FCAEoggI46AdIClgEaEaIAQGYAQq4ARnIAQ_YAQHoAQH4AQKIAgGoAgO4ArL50rwGwAIB0gIkOGZlNzdlZTAtYjM2Ni00NjEwLWJjZDItYjc2NTUzNTkyZGM32AIF4AIB&sid=5ad11202ea9cc1c07c5ed8caaaf11387&aid=304142&ucfs=1&arphpl=1&checkin=2026-02-01&checkout=2026-02-08&dest_id=-372490&dest_type=city&group_adults=2&req_adults=2&no_rooms=1&group_children=0&req_children=0&hpos=8&hapos=157&sr_order=popularity&srpvid=01ee4d642e4b01c6&srepoch=1737802840&all_sr_blocks=614079901_377093334_0_0_0&highlighted_blocks=614079901_377093334_0_0_0&matching_block_id=614079901_377093334_0_0_0&sr_pri_blocks=614079901_377093334_0_0_0__210120&from=searchresults
Casa PILAR Central By MyRentalHost,"Eixample, Barcelona",https://www.booking.com/hotel/es/paseo-de-gracia-modernist-apartment-two-bed-two-bath-ref-mrhah.es.html?label=gen173nr-1FCAEoggI46AdIClgEaEaIAQGYAQq4ARnIAQ_YAQHoAQH4AQKIAgGoAgO4ArL50rwGwAIB0gIkOGZlNzdlZTAtYjM2Ni00NjEwLWJjZDItYjc2NTUzNTkyZGM32AIF4AIB&sid=5ad11202ea9cc1c07c5ed8caaaf11387&aid=304142&ucfs=1&arphpl=1&checkin=2026-02-01&checkout=2026-02-08&dest_id=-372490&dest_type=city&group_adults=2&req_adults=2&no_rooms=1&group_children=0&req_children=0&hpos=9&hapos=158&sr_order=popularity&srpvid=01ee4d642e4b01c6&srepoch=1737802840&all_sr_blocks=640196702_339649698_6_0_0&highlighted_blocks=640196702_339649698_6_0_0&matching_block_id=640196702_339649698_6_0_0&sr_pri_blocks=640196702_339649698_6_0_0__258925&from=searchresults
Pensión Coral,"Ciutat Vella, Barcelona",https://www.booking.com/hotel/es/pensia3n-coral.es.html?label=gen173nr-1FCAEoggI46AdIClgEaEaIAQGYAQq4ARnIAQ_YAQHoAQH4AQKIAgGoAgO4ArL50rwGwAIB0gIkOGZlNzdlZTAtYjM2Ni00NjEwLWJjZDItYjc2NTUzNTkyZGM32AIF4AIB&sid=5ad11202ea9cc1c07c5ed8caaaf11387&aid=304142&ucfs=1&arphpl=1&checkin=2026-02-01&checkout=2026-02-08&dest_id=-372490&dest_type=city&group_adults=2&req_adults=2&no_rooms=1&group_children=0&req_children=0&hpos=10&hapos=159&sr_order=popularity&srpvid=01ee4d642e4b01c6&srepoch=1737802840&all_sr_blocks=37982418_343506600_0_0_0&highlighted_blocks=37982418_343506600_0_0_0&matching_block_id=37982418_343506600_0_0_0&sr_pri_blocks=37982418_343506600_0_0_0__772450&from=searchresults
La Casa de Antonio Boutique Rooms,"Eixample, Barcelona",https://www.booking.com/hotel/es/la-casa-de-antonio.es.html?label=gen173nr-1FCAEoggI46AdIClgEaEaIAQGYAQq4ARnIAQ_YAQHoAQH4AQKIAgGoAgO4ArL50rwGwAIB0gIkOGZlNzdlZTAtYjM2Ni00NjEwLWJjZDItYjc2NTUzNTkyZGM32AIF4AIB&sid=5ad11202ea9cc1c07c5ed8caaaf11387&aid=304142&ucfs=1&arphpl=1&checkin=2026-02-01&checkout=2026-02-08&dest_id=-372490&dest_type=city&group_adults=2&req_adults=2&no_rooms=1&group_children=0&req_children=0&hpos=11&hapos=160&sr_order=popularity&srpvid=01ee4d642e4b01c6&srepoch=1737802840&all_sr_blocks=125636401_332355461_3_0_0&highlighted_blocks=125636401_332355461_3_0_0&matching_block_id=125636401_332355461_3_0_0&sr_pri_blocks=125636401_332355461_3_0_0__249994&from=searchresults
1216 - Forum Gardens Apartment,"Sant Martí, Barcelona",https://www.booking.com/hotel/es/1216-pool-and-beach-nice-apartment.es.html?label=gen173nr-1FCAEoggI46AdIClgEaEaIAQGYAQq4ARnIAQ_YAQHoAQH4AQKIAgGoAgO4ArL50rwGwAIB0gIkOGZlNzdlZTAtYjM2Ni00NjEwLWJjZDItYjc2NTUzNTkyZGM32AIF4AIB&sid=5ad11202ea9cc1c07c5ed8caaaf11387&aid=304142&ucfs=1&arphpl=1&checkin=2026-02-01&checkout=2026-02-08&dest_id=-372490&dest_type=city&group_adults=2&req_adults=2&no_rooms=1&group_children=0&req_children=0&hpos=12&hapos=161&sr_order=popularity&srpvid=01ee4d642e4b01c6&srepoch=1737802840&all_sr_blocks=319201702_129404182_4_0_0_611610&highlighted_blocks=319201702_129404182_4_0_0_611610&matching_block_id=319201702_129404182_4_0_0_611610&sr_pri_blocks=319201702_129404182_4_0_0_611610_177517&from=searchresults
Casa Lirio,"Ciutat Vella, Barcelona",https://www.booking.com/hotel/es/casa-lirio-barcelona.es.html?label=gen173nr-1FCAEoggI46AdIClgEaEaIAQGYAQq4ARnIAQ_YAQHoAQH4AQKIAgGoAgO4ArL50rwGwAIB0gIkOGZlNzdlZTAtYjM2Ni00NjEwLWJjZDItYjc2NTUzNTkyZGM32AIF4AIB&sid=5ad11202ea9cc1c07c5ed8caaaf11387&aid=304142&ucfs=1&arphpl=1&checkin=2026-02-01&checkout=2026-02-08&dest_id=-372490&dest_type=city&group_adults=2&req_adults=2&no_rooms=1&group_children=0&req_children=0&hpos=13&hapos=162&sr_order=popularity&srpvid=01ee4d642e4b01c6&srepoch=1737802840&all_sr_blocks=314399613_113524511_2_2_0&highlighted_blocks=314399613_113524511_2_2_0&matching_block_id=314399613_113524511_2_2_0&sr_pri_blocks=314399613_113524511_2_2_0__316400&from=searchresults
Sarriá - Sant Gervasi,"Sarrià-Sant Gervasi, Barcelona",https://www.booking.com/hotel/es/sarria-sant-gervasi.es.html?label=gen173nr-1FCAEoggI46AdIClgEaEaIAQGYAQq4ARnIAQ_YAQHoAQH4AQKIAgGoAgO4ArL50rwGwAIB0gIkOGZlNzdlZTAtYjM2Ni00NjEwLWJjZDItYjc2NTUzNTkyZGM32AIF4AIB&sid=5ad11202ea9cc1c07c5ed8caaaf11387&aid=304142&ucfs=1&arphpl=1&checkin=2026-02-01&checkout=2026-02-08&dest_id=-372490&dest_type=city&group_adults=2&req_adults=2&no_rooms=1&group_children=0&req_children=0&hpos=14&hapos=163&sr_order=popularity&srpvid=01ee4d642e4b01c6&srepoch=1737802840&all_sr_blocks=197393101_93884996_2_0_0_634498&highlighted_blocks=197393101_93884996_2_0_0_634498&matching_block_id=197393101_93884996_2_0_0_634498&sr_pri_blocks=197393101_93884996_2_0_0_634498_524342&from=searchresults
1881 Barcelona Gran Rosellon Hotel,"Eixample, Barcelona",https://www.booking.com/hotel/es/1881-barcelona-gran-rosellon-hotel.es.html?label=gen173nr-1FCAEoggI46AdIClgEaEaIAQGYAQq4ARnIAQ_YAQHoAQH4AQKIAgGoAgO4ArL50rwGwAIB0gIkOGZlNzdlZTAtYjM2Ni00NjEwLWJjZDItYjc2NTUzNTkyZGM32AIF4AIB&sid=5ad11202ea9cc1c07c5ed8caaaf11387&aid=304142&ucfs=1&arphpl=1&checkin=2026-02-01&checkout=2026-02-08&dest_id=-372490&dest_type=city&group_adults=2&req_adults=2&no_rooms=1&group_children=0&req_children=0&hpos=15&hapos=164&sr_order=popularity&srpvid=01ee4d642e4b01c6&srepoch=1737802840&all_sr_blocks=138081705_86588008_0_2_0&highlighted_blocks=138081705_86588008_0_2_0&matching_block_id=138081705_86588008_0_2_0&sr_pri_blocks=138081705_86588008_0_2_0__708078&from=searchresults
1410 - Mediterranean Forum Apartment,"Sant Martí, Barcelona",https://www.booking.com/hotel/es/1410-front-beach-apartment.es.html?label=gen173nr-1FCAEoggI46AdIClgEaEaIAQGYAQq4ARnIAQ_YAQHoAQH4AQKIAgGoAgO4ArL50rwGwAIB0gIkOGZlNzdlZTAtYjM2Ni00NjEwLWJjZDItYjc2NTUzNTkyZGM32AIF4AIB&sid=5ad11202ea9cc1c07c5ed8caaaf11387&aid=304142&ucfs=1&arphpl=1&checkin=2026-02-01&checkout=2026-02-08&dest_id=-372490&dest_type=city&group_adults=2&req_adults=2&no_rooms=1&group_children=0&req_children=0&hpos=16&hapos=165&sr_order=popularity&srpvid=01ee4d642e4b01c6&srepoch=1737802840&all_sr_blocks=311697202_129405043_8_0_0_611615&highlighted_blocks=311697202_129405043_8_0_0_611615&matching_block_id=311697202_129405043_8_0_0_611615&sr_pri_blocks=311697202_129405043_8_0_0_611615_479454&from=searchresults
ChicStays Apartment Vila Olímpica,"Sant Martí, Barcelona",https://www.booking.com/hotel/es/chicstays-apartment-vila-olimpica.es.html?label=gen173nr-1FCAEoggI46AdIClgEaEaIAQGYAQq4ARnIAQ_YAQHoAQH4AQKIAgGoAgO4ArL50rwGwAIB0gIkOGZlNzdlZTAtYjM2Ni00NjEwLWJjZDItYjc2NTUzNTkyZGM32AIF4AIB&sid=5ad11202ea9cc1c07c5ed8caaaf11387&aid=304142&ucfs=1&arphpl=1&checkin=2026-02-01&checkout=2026-02-08&dest_id=-372490&dest_type=city&group_adults=2&req_adults=2&no_rooms=1&group_children=0&req_children=0&hpos=17&hapos=166&sr_order=popularity&srpvid=01ee4d642e4b01c6&srepoch=1737802840&all_sr_blocks=897852401_360445501_2_0_0&highlighted_blocks=897852401_360445501_2_0_0&matching_block_id=897852401_360445501_2_0_0&sr_pri_blocks=897852401_360445501_2_0_0__141066&from=searchresults
Cosmo Apartments Consell de Cent - Plaza Universitat,"Eixample, Barcelona",https://www.booking.com/hotel/es/angla-boutique-apartments-concell-de-cent.es.html?label=gen173nr-1FCAEoggI46AdIClgEaEaIAQGYAQq4ARnIAQ_YAQHoAQH4AQKIAgGoAgO4ArL50rwGwAIB0gIkOGZlNzdlZTAtYjM2Ni00NjEwLWJjZDItYjc2NTUzNTkyZGM32AIF4AIB&sid=5ad11202ea9cc1c07c5ed8caaaf11387&aid=304142&ucfs=1&arphpl=1&checkin=2026-02-01&checkout=2026-02-08&dest_id=-372490&dest_type=city&group_adults=2&req_adults=2&no_rooms=1&group_children=0&req_children=0&hpos=18&hapos=167&sr_order=popularity&srpvid=01ee4d642e4b01c6&srepoch=1737802840&all_sr_blocks=42448506_88500144_6_0_0&highlighted_blocks=42448506_88500144_6_0_0&matching_block_id=42448506_88500144_6_0_0&sr_pri_blocks=42448506_88500144_6_0_0__3133382&from=searchresults
Modernist Family Barcelona apartment,"Eixample, Barcelona",https://www.booking.com/hotel/es/modernist-family-apartment-barcelona.es.html?label=gen173nr-1FCAEoggI46AdIClgEaEaIAQGYAQq4ARnIAQ_YAQHoAQH4AQKIAgGoAgO4ArL50rwGwAIB0gIkOGZlNzdlZTAtYjM2Ni00NjEwLWJjZDItYjc2NTUzNTkyZGM32AIF4AIB&sid=5ad11202ea9cc1c07c5ed8caaaf11387&aid=304142&ucfs=1&arphpl=1&checkin=2026-02-01&checkout=2026-02-08&dest_id=-372490&dest_type=city&group_adults=2&req_adults=2&no_rooms=1&group_children=0&req_children=0&hpos=19&hapos=168&sr_order=popularity&srpvid=01ee4d642e4b01c6&srepoch=1737802840&all_sr_blocks=619687502_380639519_6_0_0&highlighted_blocks=619687502_380639519_6_0_0&matching_block_id=619687502_380639519_6_0_0&sr_pri_blocks=619687502_380639519_6_0_0__182808&from=searchresults
Hotel Royal Passeig de Gracia,"Eixample, Barcelona",https://www.booking.com/hotel/es/royal-passeig-de-gracia.es.html?label=gen173nr-1FCAEoggI46AdIClgEaEaIAQGYAQq4ARnIAQ_YAQHoAQH4AQKIAgGoAgO4ArL50rwGwAIB0gIkOGZlNzdlZTAtYjM2Ni00NjEwLWJjZDItYjc2NTUzNTkyZGM32AIF4AIB&sid=5ad11202ea9cc1c07c5ed8caaaf11387&aid=304142&ucfs=1&arphpl=1&checkin=2026-02-01&checkout=2026-02-08&dest_id=-372490&dest_type=city&group_adults=2&req_adults=2&no_rooms=1&group_children=0&req_children=0&hpos=20&hapos=169&sr_order=popularity&srpvid=01ee4d642e4b01c6&srepoch=1737802840&all_sr_blocks=48280820_88209853_0_2_0&highlighted_blocks=48280820_88209853_0_2_0&matching_block_id=48280820_88209853_0_2_0&sr_pri_blocks=48280820_88209853_0_2_0__708778&from_sustainable_property_sr=1&from=searchresults
Nice apartment in Barcelona,"Horta-Guinardó, Barcelona",https://www.booking.com/hotel/es/nice-apartment-in-barcelona-barcelona3.es.html?label=gen173nr-1FCAEoggI46AdIClgEaEaIAQGYAQq4ARnIAQ_YAQHoAQH4AQKIAgGoAgO4ArL50rwGwAIB0gIkOGZlNzdlZTAtYjM2Ni00NjEwLWJjZDItYjc2NTUzNTkyZGM32AIF4AIB&sid=5ad11202ea9cc1c07c5ed8caaaf11387&aid=304142&ucfs=1&arphpl=1&checkin=2026-02-01&checkout=2026-02-08&dest_id=-372490&dest_type=city&group_adults=2&req_adults=2&no_rooms=1&group_children=0&req_children=0&hpos=21&hapos=170&sr_order=popularity&srpvid=01ee4d642e4b01c6&srepoch=1737802840&all_sr_blocks=1298421401_402745788_2_0_0&highlighted_blocks=1298421401_402745788_2_0_0&matching_block_id=1298421401_402745788_2_0_0&sr_pri_blocks=1298421401_402745788_2_0_0__79313&from=searchresults
Micampus Barcelona Student Residence,Barcelona,https://www.booking.com/hotel/es/micampus-barcelona.es.html?label=gen173nr-1FCAEoggI46AdIClgEaEaIAQGYAQq4ARnIAQ_YAQHoAQH4AQKIAgGoAgO4ArL50rwGwAIB0gIkOGZlNzdlZTAtYjM2Ni00NjEwLWJjZDItYjc2NTUzNTkyZGM32AIF4AIB&sid=5ad11202ea9cc1c07c5ed8caaaf11387&aid=304142&ucfs=1&arphpl=1&checkin=2026-02-01&checkout=2026-02-08&dest_id=-372490&dest_type=city&group_adults=2&req_adults=2&no_rooms=1&group_children=0&req_children=0&hpos=22&hapos=171&sr_order=popularity&srpvid=01ee4d642e4b01c6&srepoch=1737802840&all_sr_blocks=879815705_357126574_0_0_0&highlighted_blocks=879815705_357126574_0_0_0&matching_block_id=879815705_357126574_0_0_0&sr_pri_blocks=879815705_357126574_0_0_0__66605&from=searchresults
Latroupe Poblenou Beach,"Sant Martí, Barcelona",https://www.booking.com/hotel/es/zero-barcelona-hostel.es.html?label=gen173nr-1FCAEoggI46AdIClgEaEaIAQGYAQq4ARnIAQ_YAQHoAQH4AQKIAgGoAgO4ArL50rwGwAIB0gIkOGZlNzdlZTAtYjM2Ni00NjEwLWJjZDItYjc2NTUzNTkyZGM32AIF4AIB&sid=5ad11202ea9cc1c07c5ed8caaaf11387&aid=304142&ucfs=1&arphpl=1&checkin=2026-02-01&checkout=2026-02-08&dest_id=-372490&dest_type=city&group_adults=2&req_adults=2&no_rooms=1&group_children=0&req_children=0&hpos=23&hapos=172&sr_order=popularity&srpvid=01ee4d642e4b01c6&srepoch=1737802840&all_sr_blocks=734197914_351448283_4_2_0&highlighted_blocks=734197914_351448283_4_2_0&matching_block_id=734197914_351448283_4_2_0&sr_pri_blocks=734197914_351448283_4_2_0__2525180&from=searchresults
TOC Hostel Barcelona,"Eixample, Barcelona",https://www.booking.com/hotel/es/toc-hostel-barcelona.es.html?label=gen173nr-1FCAEoggI46AdIClgEaEaIAQGYAQq4ARnIAQ_YAQHoAQH4AQKIAgGoAgO4ArL50rwGwAIB0gIkOGZlNzdlZTAtYjM2Ni00NjEwLWJjZDItYjc2NTUzNTkyZGM32AIF4AIB&sid=5ad11202ea9cc1c07c5ed8caaaf11387&aid=304142&ucfs=1&arphpl=1&checkin=2026-02-01&checkout=2026-02-08&dest_id=-372490&dest_type=city&group_adults=2&req_adults=2&no_rooms=1&group_children=0&req_children=0&hpos=24&hapos=173&sr_order=popularity&srpvid=01ee4d642e4b01c6&srepoch=1737802840&all_sr_blocks=91160212_91942420_0_1_0&highlighted_blocks=91160212_91942420_0_1_0&matching_block_id=91160212_91942420_0_1_0&sr_pri_blocks=91160212_91942420_0_1_0__707000&from=searchresults
Hostal Nitzs Bcn,"Ciutat Vella, Barcelona",https://www.booking.com/hotel/es/hostal-nitzs-bcn.es.html?label=gen173nr-1FCAEoggI46AdIClgEaEaIAQGYAQq4ARnIAQ_YAQHoAQH4AQKIAgGoAgO4ArL50rwGwAIB0gIkOGZlNzdlZTAtYjM2Ni00NjEwLWJjZDItYjc2NTUzNTkyZGM32AIF4AIB&sid=5ad11202ea9cc1c07c5ed8caaaf11387&aid=304142&ucfs=1&arphpl=1&checkin=2026-02-01&checkout=2026-02-08&dest_id=-372490&dest_type=city&group_adults=2&req_adults=2&no_rooms=1&group_children=0&req_children=0&hpos=25&hapos=174&sr_order=popularity&srpvid=01ee4d642e4b01c6&srepoch=1737802840&all_sr_blocks=23655504_91913184_0_0_0&highlighted_blocks=23655504_91913184_0_0_0&matching_block_id=23655504_91913184_0_0_0&sr_pri_blocks=23655504_91913184_0_0_0__672035&from=searchresults
Barcelona City Centre Hostal,"Eixample, Barcelona",https://www.booking.com/hotel/es/barcelona-city-centre-hostal.es.html?label=gen173nr-1FCAEoggI46AdIClgEaEaIAQGYAQq4ARnIAQ_YAQHoAQH4AQKIAgGoAgO4ArL50rwGwAIB0gIkOGZlNzdlZTAtYjM2Ni00NjEwLWJjZDItYjc2NTUzNTkyZGM32AIF4AIB&sid=5ad11202ea9cc1c07c5ed8caaaf11387&aid=304142&ucfs=1&arphpl=1&checkin=2026-02-01&checkout=2026-02-08&dest_id=-372490&dest_type=city&group_adults=2&req_adults=2&no_rooms=1&group_children=0&req_children=0&hpos=1&hapos=175&sr_order=popularity&srpvid=01ee4d642e4b01c6&srepoch=1737802842&all_sr_blocks=9250005_310952671_2_2_0&highlighted_blocks=9250005_310952671_2_2_0&matching_block_id=9250005_310952671_2_2_0&sr_pri_blocks=9250005_310952671_2_2_0__326455&from=searchresults
ClassBedroom Port Ramblas,"Ciutat Vella, Barcelona",https://www.booking.com/hotel/es/classbedroom-port-ramblas.es.html?label=gen173nr-1FCAEoggI46AdIClgEaEaIAQGYAQq4ARnIAQ_YAQHoAQH4AQKIAgGoAgO4ArL50rwGwAIB0gIkOGZlNzdlZTAtYjM2Ni00NjEwLWJjZDItYjc2NTUzNTkyZGM32AIF4AIB&sid=5ad11202ea9cc1c07c5ed8caaaf11387&aid=304142&ucfs=1&arphpl=1&checkin=2026-02-01&checkout=2026-02-08&dest_id=-372490&dest_type=city&group_adults=2&req_adults=2&no_rooms=1&group_children=0&req_children=0&hpos=2&hapos=176&sr_order=popularity&srpvid=01ee4d642e4b01c6&srepoch=1737802842&all_sr_blocks=439192603_405159860_4_0_0&highlighted_blocks=439192603_405159860_4_0_0&matching_block_id=439192603_405159860_4_0_0&sr_pri_blocks=439192603_405159860_4_0_0__198532&from=searchresults
Aparthotel Augusta,"Sarrià-Sant Gervasi, Barcelona",https://www.booking.com/hotel/es/aparthotel-augusta-barcelona.es.html?label=gen173nr-1FCAEoggI46AdIClgEaEaIAQGYAQq4ARnIAQ_YAQHoAQH4AQKIAgGoAgO4ArL50rwGwAIB0gIkOGZlNzdlZTAtYjM2Ni00NjEwLWJjZDItYjc2NTUzNTkyZGM32AIF4AIB&sid=5ad11202ea9cc1c07c5ed8caaaf11387&aid=304142&ucfs=1&arphpl=1&checkin=2026-02-01&checkout=2026-02-08&dest_id=-372490&dest_type=city&group_adults=2&req_adults=2&no_rooms=1&group_children=0&req_children=0&hpos=3&hapos=177&sr_order=popularity&srpvid=01ee4d642e4b01c6&srepoch=1737802842&all_sr_blocks=9777301_265464012_2_2_0&highlighted_blocks=9777301_265464012_2_2_0&matching_block_id=9777301_265464012_2_2_0&sr_pri_blocks=9777301_265464012_2_2_0__119084&from=searchresults
Bcn-rentals apartments in the Old town,"Ciutat Vella, Barcelona",https://www.booking.com/hotel/es/old-town-apartments-barcelona.es.html?label=gen173nr-1FCAEoggI46AdIClgEaEaIAQGYAQq4ARnIAQ_YAQHoAQH4AQKIAgGoAgO4ArL50rwGwAIB0gIkOGZlNzdlZTAtYjM2Ni00NjEwLWJjZDItYjc2NTUzNTkyZGM32AIF4AIB&sid=5ad11202ea9cc1c07c5ed8caaaf11387&aid=304142&ucfs=1&arphpl=1&checkin=2026-02-01&checkout=2026-02-08&dest_id=-372490&dest_type=city&group_adults=2&req_adults=2&no_rooms=1&group_children=0&req_children=0&hpos=4&hapos=178&sr_order=popularity&srpvid=01ee4d642e4b01c6&srepoch=1737802842&all_sr_blocks=57027904_331605746_5_0_0&highlighted_blocks=57027904_331605746_5_0_0&matching_block_id=57027904_331605746_5_0_0&sr_pri_blocks=57027904_331605746_5_0_0__89257&from=searchresults
Housalia Ondina Suites Sagrada Familia,"Eixample, Barcelona",https://www.booking.com/hotel/es/apartment-sagrada-familia-barcelona7.es.html?label=gen173nr-1FCAEoggI46AdIClgEaEaIAQGYAQq4ARnIAQ_YAQHoAQH4AQKIAgGoAgO4ArL50rwGwAIB0gIkOGZlNzdlZTAtYjM2Ni00NjEwLWJjZDItYjc2NTUzNTkyZGM32AIF4AIB&sid=5ad11202ea9cc1c07c5ed8caaaf11387&aid=304142&ucfs=1&arphpl=1&checkin=2026-02-01&checkout=2026-02-08&dest_id=-372490&dest_type=city&group_adults=2&req_adults=2&no_rooms=1&group_children=0&req_children=0&hpos=5&hapos=179&sr_order=popularity&srpvid=01ee4d642e4b01c6&srepoch=1737802842&all_sr_blocks=142939501_372336744_4_0_0&highlighted_blocks=142939501_372336744_4_0_0&matching_block_id=142939501_372336744_4_0_0&sr_pri_blocks=142939501_372336744_4_0_0__147959&from=searchresults
Cosmo Suite Penthouse,"Sants-Montjuïc, Barcelona",https://www.booking.com/hotel/es/cosmo-suite-penthouse.es.html?label=gen173nr-1FCAEoggI46AdIClgEaEaIAQGYAQq4ARnIAQ_YAQHoAQH4AQKIAgGoAgO4ArL50rwGwAIB0gIkOGZlNzdlZTAtYjM2Ni00NjEwLWJjZDItYjc2NTUzNTkyZGM32AIF4AIB&sid=5ad11202ea9cc1c07c5ed8caaaf11387&aid=304142&ucfs=1&arphpl=1&checkin=2026-02-01&checkout=2026-02-08&dest_id=-372490&dest_type=city&group_adults=2&req_adults=2&no_rooms=1&group_children=0&req_children=0&hpos=6&hapos=180&sr_order=popularity&srpvid=01ee4d642e4b01c6&srepoch=1737802842&all_sr_blocks=378975901_120673721_6_0_0_694958&highlighted_blocks=378975901_120673721_6_0_0_694958&matching_block_id=378975901_120673721_6_0_0_694958&sr_pri_blocks=378975901_120673721_6_0_0_694958_3033632&from=searchresults
ClassBedroom Barcelona Beach Apartments,"Ciutat Vella, Barcelona",https://www.booking.com/hotel/es/barcelona-bedroom.es.html?label=gen173nr-1FCAEoggI46AdIClgEaEaIAQGYAQq4ARnIAQ_YAQHoAQH4AQKIAgGoAgO4ArL50rwGwAIB0gIkOGZlNzdlZTAtYjM2Ni00NjEwLWJjZDItYjc2NTUzNTkyZGM32AIF4AIB&sid=5ad11202ea9cc1c07c5ed8caaaf11387&aid=304142&ucfs=1&arphpl=1&checkin=2026-02-01&checkout=2026-02-08&dest_id=-372490&dest_type=city&group_adults=2&req_adults=2&no_rooms=1&group_children=0&req_children=0&hpos=7&hapos=181&sr_order=popularity&srpvid=01ee4d642e4b01c6&srepoch=1737802842&all_sr_blocks=1213322_384295638_2_0_0&highlighted_blocks=1213322_384295638_2_0_0&matching_block_id=1213322_384295638_2_0_0&sr_pri_blocks=1213322_384295638_2_0_0__95432&from=searchresults
Josep Tarradellas 80,"Eixample, Barcelona",https://www.booking.com/hotel/es/josep-tarradellas-80.es.html?label=gen173nr-1FCAEoggI46AdIClgEaEaIAQGYAQq4ARnIAQ_YAQHoAQH4AQKIAgGoAgO4ArL50rwGwAIB0gIkOGZlNzdlZTAtYjM2Ni00NjEwLWJjZDItYjc2NTUzNTkyZGM32AIF4AIB&sid=5ad11202ea9cc1c07c5ed8caaaf11387&aid=304142&ucfs=1&arphpl=1&checkin=2026-02-01&checkout=2026-02-08&dest_id=-372490&dest_type=city&group_adults=2&req_adults=2&no_rooms=1&group_children=0&req_children=0&hpos=8&hapos=182&sr_order=popularity&srpvid=01ee4d642e4b01c6&srepoch=1737802842&all_sr_blocks=1304715401_403324985_2_0_0&highlighted_blocks=1304715401_403324985_2_0_0&matching_block_id=1304715401_403324985_2_0_0&sr_pri_blocks=1304715401_403324985_2_0_0__74606&from=searchresults
Cozy Apartment Near The Beach,"Sant Martí, Barcelona",https://www.booking.com/hotel/es/cozy-apartment-near-the-beach-barcelona.es.html?label=gen173nr-1FCAEoggI46AdIClgEaEaIAQGYAQq4ARnIAQ_YAQHoAQH4AQKIAgGoAgO4ArL50rwGwAIB0gIkOGZlNzdlZTAtYjM2Ni00NjEwLWJjZDItYjc2NTUzNTkyZGM32AIF4AIB&sid=5ad11202ea9cc1c07c5ed8caaaf11387&aid=304142&ucfs=1&arphpl=1&checkin=2026-02-01&checkout=2026-02-08&dest_id=-372490&dest_type=city&group_adults=2&req_adults=2&no_rooms=1&group_children=0&req_children=0&hpos=9&hapos=183&sr_order=popularity&srpvid=01ee4d642e4b01c6&srepoch=1737802842&all_sr_blocks=641202502_398715142_4_0_0&highlighted_blocks=641202502_398715142_4_0_0&matching_block_id=641202502_398715142_4_0_0&sr_pri_blocks=641202502_398715142_4_0_0__125061&from=searchresults
Click&Flat Fontanella,"Eixample, Barcelona",https://www.booking.com/hotel/es/click-amp-flat-fontanella.es.html?label=gen173nr-1FCAEoggI46AdIClgEaEaIAQGYAQq4ARnIAQ_YAQHoAQH4AQKIAgGoAgO4ArL50rwGwAIB0gIkOGZlNzdlZTAtYjM2Ni00NjEwLWJjZDItYjc2NTUzNTkyZGM32AIF4AIB&sid=5ad11202ea9cc1c07c5ed8caaaf11387&aid=304142&ucfs=1&arphpl=1&checkin=2026-02-01&checkout=2026-02-08&dest_id=-372490&dest_type=city&group_adults=2&req_adults=2&no_rooms=1&group_children=0&req_children=0&hpos=10&hapos=184&sr_order=popularity&srpvid=01ee4d642e4b01c6&srepoch=1737802842&all_sr_blocks=893528901_359758210_2_0_0&highlighted_blocks=893528901_359758210_2_0_0&matching_block_id=893528901_359758210_2_0_0&sr_pri_blocks=893528901_359758210_2_0_0__92753&from=searchresults
Three bedrooms apartment,"Eixample, Barcelona",https://www.booking.com/hotel/es/three-bedrooms-apartment.es.html?label=gen173nr-1FCAEoggI46AdIClgEaEaIAQGYAQq4ARnIAQ_YAQHoAQH4AQKIAgGoAgO4ArL50rwGwAIB0gIkOGZlNzdlZTAtYjM2Ni00NjEwLWJjZDItYjc2NTUzNTkyZGM32AIF4AIB&sid=5ad11202ea9cc1c07c5ed8caaaf11387&aid=304142&ucfs=1&arphpl=1&checkin=2026-02-01&checkout=2026-02-08&dest_id=-372490&dest_type=city&group_adults=2&req_adults=2&no_rooms=1&group_children=0&req_children=0&hpos=11&hapos=185&sr_order=popularity&srpvid=01ee4d642e4b01c6&srepoch=1737802842&all_sr_blocks=495797201_338380036_4_0_0&highlighted_blocks=495797201_338380036_4_0_0&matching_block_id=495797201_338380036_4_0_0&sr_pri_blocks=495797201_338380036_4_0_0__231945&from=searchresults
Housalia Casa del Mar en Vila Olímpica,"Sant Martí, Barcelona",https://www.booking.com/hotel/es/housalia-casa-del-mar-en-vila-olimpica.es.html?label=gen173nr-1FCAEoggI46AdIClgEaEaIAQGYAQq4ARnIAQ_YAQHoAQH4AQKIAgGoAgO4ArL50rwGwAIB0gIkOGZlNzdlZTAtYjM2Ni00NjEwLWJjZDItYjc2NTUzNTkyZGM32AIF4AIB&sid=5ad11202ea9cc1c07c5ed8caaaf11387&aid=304142&ucfs=1&arphpl=1&checkin=2026-02-01&checkout=2026-02-08&dest_id=-372490&dest_type=city&group_adults=2&req_adults=2&no_rooms=1&group_children=0&req_children=0&hpos=12&hapos=186&sr_order=popularity&srpvid=01ee4d642e4b01c6&srepoch=1737802842&all_sr_blocks=1171000901_389652746_4_0_0&highlighted_blocks=1171000901_389652746_4_0_0&matching_block_id=1171000901_389652746_4_0_0&sr_pri_blocks=1171000901_389652746_4_0_0__164527&from=searchresults
chicStays Apartment Ciutadella Park,"Sant Martí, Barcelona",https://www.booking.com/hotel/es/chic-stays-apartment-ciutadella-park.es.html?label=gen173nr-1FCAEoggI46AdIClgEaEaIAQGYAQq4ARnIAQ_YAQHoAQH4AQKIAgGoAgO4ArL50rwGwAIB0gIkOGZlNzdlZTAtYjM2Ni00NjEwLWJjZDItYjc2NTUzNTkyZGM32AIF4AIB&sid=5ad11202ea9cc1c07c5ed8caaaf11387&aid=304142&ucfs=1&arphpl=1&checkin=2026-02-01&checkout=2026-02-08&dest_id=-372490&dest_type=city&group_adults=2&req_adults=2&no_rooms=1&group_children=0&req_children=0&hpos=13&hapos=187&sr_order=popularity&srpvid=01ee4d642e4b01c6&srepoch=1737802842&all_sr_blocks=848426201_351993113_2_0_0&highlighted_blocks=848426201_351993113_2_0_0&matching_block_id=848426201_351993113_2_0_0&sr_pri_blocks=848426201_351993113_2_0_0__141066&from=searchresults
Filmoteca Sarria 1- wifi quiet bright comfi,"Eixample, Barcelona",https://www.booking.com/hotel/es/filmoteca-sarria-1.es.html?label=gen173nr-1FCAEoggI46AdIClgEaEaIAQGYAQq4ARnIAQ_YAQHoAQH4AQKIAgGoAgO4ArL50rwGwAIB0gIkOGZlNzdlZTAtYjM2Ni00NjEwLWJjZDItYjc2NTUzNTkyZGM32AIF4AIB&sid=5ad11202ea9cc1c07c5ed8caaaf11387&aid=304142&ucfs=1&arphpl=1&checkin=2026-02-01&checkout=2026-02-08&dest_id=-372490&dest_type=city&group_adults=2&req_adults=2&no_rooms=1&group_children=0&req_children=0&hpos=14&hapos=188&sr_order=popularity&srpvid=01ee4d642e4b01c6&srepoch=1737802842&all_sr_blocks=214489901_402869965_2_0_0&highlighted_blocks=214489901_402869965_2_0_0&matching_block_id=214489901_402869965_2_0_0&sr_pri_blocks=214489901_402869965_2_0_0__166099&from=searchresults
My Space Emirates - Park Güell Triplex with Private Terrace,"Sarrià-Sant Gervasi, Barcelona",https://www.booking.com/hotel/es/barcino-park-guell-apartments.es.html?label=gen173nr-1FCAEoggI46AdIClgEaEaIAQGYAQq4ARnIAQ_YAQHoAQH4AQKIAgGoAgO4ArL50rwGwAIB0gIkOGZlNzdlZTAtYjM2Ni00NjEwLWJjZDItYjc2NTUzNTkyZGM32AIF4AIB&sid=5ad11202ea9cc1c07c5ed8caaaf11387&aid=304142&ucfs=1&arphpl=1&checkin=2026-02-01&checkout=2026-02-08&dest_id=-372490&dest_type=city&group_adults=2&req_adults=2&no_rooms=1&group_children=0&req_children=0&hpos=15&hapos=189&sr_order=popularity&srpvid=01ee4d642e4b01c6&srepoch=1737802842&all_sr_blocks=1155294403_390578678_2_0_0&highlighted_blocks=1155294403_390578678_2_0_0&matching_block_id=1155294403_390578678_2_0_0&sr_pri_blocks=1155294403_390578678_2_0_0__97893&from=searchresults
Paseo St Joan classic 4BD for 10 guests,"Eixample, Barcelona",https://www.booking.com/hotel/es/paseo-st-joan-classic-4bd-for-8-guests.es.html?label=gen173nr-1FCAEoggI46AdIClgEaEaIAQGYAQq4ARnIAQ_YAQHoAQH4AQKIAgGoAgO4ArL50rwGwAIB0gIkOGZlNzdlZTAtYjM2Ni00NjEwLWJjZDItYjc2NTUzNTkyZGM32AIF4AIB&sid=5ad11202ea9cc1c07c5ed8caaaf11387&aid=304142&ucfs=1&arphpl=1&checkin=2026-02-01&checkout=2026-02-08&dest_id=-372490&dest_type=city&group_adults=2&req_adults=2&no_rooms=1&group_children=0&req_children=0&hpos=16&hapos=190&sr_order=popularity&srpvid=01ee4d642e4b01c6&srepoch=1737802842&all_sr_blocks=1066880902_399861395_10_0_0&highlighted_blocks=1066880902_399861395_10_0_0&matching_block_id=1066880902_399861395_10_0_0&sr_pri_blocks=1066880902_399861395_10_0_0__256183&from=searchresults
Cozy Apt in Residential Center by Maison Piñata,"Gracia, Barcelona",https://www.booking.com/hotel/es/cozy-apt-in-residential-center-by-maison-pinata.es.html?label=gen173nr-1FCAEoggI46AdIClgEaEaIAQGYAQq4ARnIAQ_YAQHoAQH4AQKIAgGoAgO4ArL50rwGwAIB0gIkOGZlNzdlZTAtYjM2Ni00NjEwLWJjZDItYjc2NTUzNTkyZGM32AIF4AIB&sid=5ad11202ea9cc1c07c5ed8caaaf11387&aid=304142&ucfs=1&arphpl=1&checkin=2026-02-01&checkout=2026-02-08&dest_id=-372490&dest_type=city&group_adults=2&req_adults=2&no_rooms=1&group_children=0&req_children=0&hpos=17&hapos=191&sr_order=popularity&srpvid=01ee4d642e4b01c6&srepoch=1737802842&all_sr_blocks=1312493101_404019017_0_0_0&highlighted_blocks=1312493101_404019017_0_0_0&matching_block_id=1312493101_404019017_0_0_0&sr_pri_blocks=1312493101_404019017_0_0_0__137841&from=searchresults
Apartamento Rosellón,"Sant Martí, Barcelona",https://www.booking.com/hotel/es/apartamento-rosellon.es.html?label=gen173nr-1FCAEoggI46AdIClgEaEaIAQGYAQq4ARnIAQ_YAQHoAQH4AQKIAgGoAgO4ArL50rwGwAIB0gIkOGZlNzdlZTAtYjM2Ni00NjEwLWJjZDItYjc2NTUzNTkyZGM32AIF4AIB&sid=5ad11202ea9cc1c07c5ed8caaaf11387&aid=304142&ucfs=1&arphpl=1&checkin=2026-02-01&checkout=2026-02-08&dest_id=-372490&dest_type=city&group_adults=2&req_adults=2&no_rooms=1&group_children=0&req_children=0&hpos=18&hapos=192&sr_order=popularity&srpvid=01ee4d642e4b01c6&srepoch=1737802842&all_sr_blocks=77952101_364154800_2_0_0&highlighted_blocks=77952101_364154800_2_0_0&matching_block_id=77952101_364154800_2_0_0&sr_pri_blocks=77952101_364154800_2_0_0__127690&from=searchresults
1201 - Encantador Apartamento en Poble Nou,"Sant Martí, Barcelona",https://www.booking.com/hotel/es/1201-encantador-apartamento-en-poble-nou.es.html?label=gen173nr-1FCAEoggI46AdIClgEaEaIAQGYAQq4ARnIAQ_YAQHoAQH4AQKIAgGoAgO4ArL50rwGwAIB0gIkOGZlNzdlZTAtYjM2Ni00NjEwLWJjZDItYjc2NTUzNTkyZGM32AIF4AIB&sid=5ad11202ea9cc1c07c5ed8caaaf11387&aid=304142&ucfs=1&arphpl=1&checkin=2026-02-01&checkout=2026-02-08&dest_id=-372490&dest_type=city&group_adults=2&req_adults=2&no_rooms=1&group_children=0&req_children=0&hpos=19&hapos=193&sr_order=popularity&srpvid=01ee4d642e4b01c6&srepoch=1737802842&all_sr_blocks=1140796601_386928306_4_0_0_611616&highlighted_blocks=1140796601_386928306_4_0_0_611616&matching_block_id=1140796601_386928306_4_0_0_611616&sr_pri_blocks=1140796601_386928306_4_0_0_611616_169536&from=searchresults
ClassBedroom Eixample Free Apartments,"Eixample, Barcelona",https://www.booking.com/hotel/es/classbedroom-apartments-vii.es.html?label=gen173nr-1FCAEoggI46AdIClgEaEaIAQGYAQq4ARnIAQ_YAQHoAQH4AQKIAgGoAgO4ArL50rwGwAIB0gIkOGZlNzdlZTAtYjM2Ni00NjEwLWJjZDItYjc2NTUzNTkyZGM32AIF4AIB&sid=5ad11202ea9cc1c07c5ed8caaaf11387&aid=304142&ucfs=1&arphpl=1&checkin=2026-02-01&checkout=2026-02-08&dest_id=-372490&dest_type=city&group_adults=2&req_adults=2&no_rooms=1&group_children=0&req_children=0&hpos=20&hapos=194&sr_order=popularity&srpvid=01ee4d642e4b01c6&srepoch=1737802842&all_sr_blocks=77317202_384316472_4_0_0&highlighted_blocks=77317202_384316472_4_0_0&matching_block_id=77317202_384316472_4_0_0&sr_pri_blocks=77317202_384316472_4_0_0__151677&from=searchresults
Barcelona Family Beach,"Sant Martí, Barcelona",https://www.booking.com/hotel/es/barcelona-family-beach.es.html?label=gen173nr-1FCAEoggI46AdIClgEaEaIAQGYAQq4ARnIAQ_YAQHoAQH4AQKIAgGoAgO4ArL50rwGwAIB0gIkOGZlNzdlZTAtYjM2Ni00NjEwLWJjZDItYjc2NTUzNTkyZGM32AIF4AIB&sid=5ad11202ea9cc1c07c5ed8caaaf11387&aid=304142&ucfs=1&arphpl=1&checkin=2026-02-01&checkout=2026-02-08&dest_id=-372490&dest_type=city&group_adults=2&req_adults=2&no_rooms=1&group_children=0&req_children=0&hpos=21&hapos=195&sr_order=popularity&srpvid=01ee4d642e4b01c6&srepoch=1737802842&all_sr_blocks=412143101_237344076_3_0_0&highlighted_blocks=412143101_237344076_3_0_0&matching_block_id=412143101_237344076_3_0_0&sr_pri_blocks=412143101_237344076_3_0_0__113321&from=searchresults
"Acogedor Apartamento en Barcelona, zona tranquila","Sarrià-Sant Gervasi, Barcelona",https://www.booking.com/hotel/es/acogedor-apartamento-en-barcelona-zona-tranquila.es.html?label=gen173nr-1FCAEoggI46AdIClgEaEaIAQGYAQq4ARnIAQ_YAQHoAQH4AQKIAgGoAgO4ArL50rwGwAIB0gIkOGZlNzdlZTAtYjM2Ni00NjEwLWJjZDItYjc2NTUzNTkyZGM32AIF4AIB&sid=5ad11202ea9cc1c07c5ed8caaaf11387&aid=304142&ucfs=1&arphpl=1&checkin=2026-02-01&checkout=2026-02-08&dest_id=-372490&dest_type=city&group_adults=2&req_adults=2&no_rooms=1&group_children=0&req_children=0&hpos=22&hapos=196&sr_order=popularity&srpvid=01ee4d642e4b01c6&srepoch=1737802842&all_sr_blocks=1270268201_399790341_4_0_0&highlighted_blocks=1270268201_399790341_4_0_0&matching_block_id=1270268201_399790341_4_0_0&sr_pri_blocks=1270268201_399790341_4_0_0__152424&from=searchresults
Alsina · Historical center - Barrio Gótico,"Ciutat Vella, Barcelona",https://www.booking.com/hotel/es/historical-center-barrio-gotico-district.es.html?label=gen173nr-1FCAEoggI46AdIClgEaEaIAQGYAQq4ARnIAQ_YAQHoAQH4AQKIAgGoAgO4ArL50rwGwAIB0gIkOGZlNzdlZTAtYjM2Ni00NjEwLWJjZDItYjc2NTUzNTkyZGM32AIF4AIB&sid=5ad11202ea9cc1c07c5ed8caaaf11387&aid=304142&ucfs=1&arphpl=1&checkin=2026-02-01&checkout=2026-02-08&dest_id=-372490&dest_type=city&group_adults=2&req_adults=2&no_rooms=1&group_children=0&req_children=0&hpos=23&hapos=197&sr_order=popularity&srpvid=01ee4d642e4b01c6&srepoch=1737802842&all_sr_blocks=270446502_378977012_2_0_0&highlighted_blocks=270446502_378977012_2_0_0&matching_block_id=270446502_378977012_2_0_0&sr_pri_blocks=270446502_378977012_2_0_0__146719&from=searchresults
Click&Flat Luxury Sant Joan,"Eixample, Barcelona",https://www.booking.com/hotel/es/click-amp-flat-luxury-sant-joan.es.html?label=gen173nr-1FCAEoggI46AdIClgEaEaIAQGYAQq4ARnIAQ_YAQHoAQH4AQKIAgGoAgO4ArL50rwGwAIB0gIkOGZlNzdlZTAtYjM2Ni00NjEwLWJjZDItYjc2NTUzNTkyZGM32AIF4AIB&sid=5ad11202ea9cc1c07c5ed8caaaf11387&aid=304142&ucfs=1&arphpl=1&checkin=2026-02-01&checkout=2026-02-08&dest_id=-372490&dest_type=city&group_adults=2&req_adults=2&no_rooms=1&group_children=0&req_children=0&hpos=24&hapos=198&sr_order=popularity&srpvid=01ee4d642e4b01c6&srepoch=1737802842&all_sr_blocks=317421101_330272041_2_0_0&highlighted_blocks=317421101_330272041_2_0_0&matching_block_id=317421101_330272041_2_0_0&sr_pri_blocks=317421101_330272041_2_0_0__135564&from=searchresults
Classbedroom Born Apartments,"Ciutat Vella, Barcelona",https://www.booking.com/hotel/es/classbedroom-ii.es.html?label=gen173nr-1FCAEoggI46AdIClgEaEaIAQGYAQq4ARnIAQ_YAQHoAQH4AQKIAgGoAgO4ArL50rwGwAIB0gIkOGZlNzdlZTAtYjM2Ni00NjEwLWJjZDItYjc2NTUzNTkyZGM32AIF4AIB&sid=5ad11202ea9cc1c07c5ed8caaaf11387&aid=304142&ucfs=1&arphpl=1&checkin=2026-02-01&checkout=2026-02-08&dest_id=-372490&dest_type=city&group_adults=2&req_adults=2&no_rooms=1&group_children=0&req_children=0&hpos=25&hapos=199&sr_order=popularity&srpvid=01ee4d642e4b01c6&srepoch=1737802842&all_sr_blocks=1876407_335854946_2_0_0&highlighted_blocks=1876407_335854946_2_0_0&matching_block_id=1876407_335854946_2_0_0&sr_pri_blocks=1876407_335854946_2_0_0__94232&from=searchresults
Housalia Familia Rossellon,"Eixample, Barcelona",https://www.booking.com/hotel/es/lodging-apartments-rossellon.es.html?label=gen173nr-1FCAEoggI46AdIClgEaEaIAQGYAQq4ARnIAQ_YAQHoAQH4AQKIAgGoAgO4ArL50rwGwAIB0gIkOGZlNzdlZTAtYjM2Ni00NjEwLWJjZDItYjc2NTUzNTkyZGM32AIF4AIB&sid=5ad11202ea9cc1c07c5ed8caaaf11387&aid=304142&ucfs=1&arphpl=1&checkin=2026-02-01&checkout=2026-02-08&dest_id=-372490&dest_type=city&group_adults=2&req_adults=2&no_rooms=1&group_children=0&req_children=0&hpos=1&hapos=200&sr_order=popularity&srpvid=01ee4d642e4b01c6&srepoch=1737802843&all_sr_blocks=183103701_367260836_4_0_0&highlighted_blocks=183103701_367260836_4_0_0&matching_block_id=183103701_367260836_4_0_0&sr_pri_blocks=183103701_367260836_4_0_0__140407&from=searchresults
Poblenou renovated 3BD next to the beach,"Sant Martí, Barcelona",https://www.booking.com/hotel/es/poblenou-renovated-3bd-next-to-the-beach.es.html?label=gen173nr-1FCAEoggI46AdIClgEaEaIAQGYAQq4ARnIAQ_YAQHoAQH4AQKIAgGoAgO4ArL50rwGwAIB0gIkOGZlNzdlZTAtYjM2Ni00NjEwLWJjZDItYjc2NTUzNTkyZGM32AIF4AIB&sid=5ad11202ea9cc1c07c5ed8caaaf11387&aid=304142&ucfs=1&arphpl=1&checkin=2026-02-01&checkout=2026-02-08&dest_id=-372490&dest_type=city&group_adults=2&req_adults=2&no_rooms=1&group_children=0&req_children=0&hpos=2&hapos=201&sr_order=popularity&srpvid=01ee4d642e4b01c6&srepoch=1737802843&all_sr_blocks=985514702_399861710_4_0_0&highlighted_blocks=985514702_399861710_4_0_0&matching_block_id=985514702_399861710_4_0_0&sr_pri_blocks=985514702_399861710_4_0_0__206042&from=searchresults
PobleNou Beach Centre,"Sant Martí, Barcelona",https://www.booking.com/hotel/es/poblenou-beach-centre.es.html?label=gen173nr-1FCAEoggI46AdIClgEaEaIAQGYAQq4ARnIAQ_YAQHoAQH4AQKIAgGoAgO4ArL50rwGwAIB0gIkOGZlNzdlZTAtYjM2Ni00NjEwLWJjZDItYjc2NTUzNTkyZGM32AIF4AIB&sid=5ad11202ea9cc1c07c5ed8caaaf11387&aid=304142&ucfs=1&arphpl=1&checkin=2026-02-01&checkout=2026-02-08&dest_id=-372490&dest_type=city&group_adults=2&req_adults=2&no_rooms=1&group_children=0&req_children=0&hpos=3&hapos=202&sr_order=popularity&srpvid=01ee4d642e4b01c6&srepoch=1737802843&all_sr_blocks=1244808901_396607126_2_0_0&highlighted_blocks=1244808901_396607126_2_0_0&matching_block_id=1244808901_396607126_2_0_0&sr_pri_blocks=1244808901_396607126_2_0_0__144995&from=searchresults
Dudu life,"Eixample, Barcelona",https://www.booking.com/hotel/es/dudu-life-barcelona.es.html?label=gen173nr-1FCAEoggI46AdIClgEaEaIAQGYAQq4ARnIAQ_YAQHoAQH4AQKIAgGoAgO4ArL50rwGwAIB0gIkOGZlNzdlZTAtYjM2Ni00NjEwLWJjZDItYjc2NTUzNTkyZGM32AIF4AIB&sid=5ad11202ea9cc1c07c5ed8caaaf11387&aid=304142&ucfs=1&arphpl=1&checkin=2026-02-01&checkout=2026-02-08&dest_id=-372490&dest_type=city&group_adults=2&req_adults=2&no_rooms=1&group_children=0&req_children=0&hpos=4&hapos=203&sr_order=popularity&srpvid=01ee4d642e4b01c6&srepoch=1737802843&all_sr_blocks=1292889602_402228708_2_0_0&highlighted_blocks=1292889602_402228708_2_0_0&matching_block_id=1292889602_402228708_2_0_0&sr_pri_blocks=1292889602_402228708_2_0_0__103982&from=searchresults
Gracia 1872,"Gracia, Barcelona",https://www.booking.com/hotel/es/gracia-1872.es.html?label=gen173nr-1FCAEoggI46AdIClgEaEaIAQGYAQq4ARnIAQ_YAQHoAQH4AQKIAgGoAgO4ArL50rwGwAIB0gIkOGZlNzdlZTAtYjM2Ni00NjEwLWJjZDItYjc2NTUzNTkyZGM32AIF4AIB&sid=5ad11202ea9cc1c07c5ed8caaaf11387&aid=304142&ucfs=1&arphpl=1&checkin=2026-02-01&checkout=2026-02-08&dest_id=-372490&dest_type=city&group_adults=2&req_adults=2&no_rooms=1&group_children=0&req_children=0&hpos=5&hapos=204&sr_order=popularity&srpvid=01ee4d642e4b01c6&srepoch=1737802843&all_sr_blocks=194506901_406800847_0_0_0&highlighted_blocks=194506901_406800847_0_0_0&matching_block_id=194506901_406800847_0_0_0&sr_pri_blocks=194506901_406800847_0_0_0__237018&from=searchresults
Chic 3br Retreat With Private Terrace,"Eixample, Barcelona",https://www.booking.com/hotel/es/fridays-flats-chic-3br-retreat-with-private-terrace.es.html?label=gen173nr-1FCAEoggI46AdIClgEaEaIAQGYAQq4ARnIAQ_YAQHoAQH4AQKIAgGoAgO4ArL50rwGwAIB0gIkOGZlNzdlZTAtYjM2Ni00NjEwLWJjZDItYjc2NTUzNTkyZGM32AIF4AIB&sid=5ad11202ea9cc1c07c5ed8caaaf11387&aid=304142&ucfs=1&arphpl=1&checkin=2026-02-01&checkout=2026-02-08&dest_id=-372490&dest_type=city&group_adults=2&req_adults=2&no_rooms=1&group_children=0&req_children=0&hpos=6&hapos=205&sr_order=popularity&srpvid=01ee4d642e4b01c6&srepoch=1737802843&all_sr_blocks=1188031501_396969605_5_0_0&highlighted_blocks=1188031501_396969605_5_0_0&matching_block_id=1188031501_396969605_5_0_0&sr_pri_blocks=1188031501_396969605_5_0_0__269117&from=searchresults
Montaber Apartment - Trafalgar,"Eixample, Barcelona",https://www.booking.com/hotel/es/montaber-apartment-trafalgar.es.html?label=gen173nr-1FCAEoggI46AdIClgEaEaIAQGYAQq4ARnIAQ_YAQHoAQH4AQKIAgGoAgO4ArL50rwGwAIB0gIkOGZlNzdlZTAtYjM2Ni00NjEwLWJjZDItYjc2NTUzNTkyZGM32AIF4AIB&sid=5ad11202ea9cc1c07c5ed8caaaf11387&aid=304142&ucfs=1&arphpl=1&checkin=2026-02-01&checkout=2026-02-08&dest_id=-372490&dest_type=city&group_adults=2&req_adults=2&no_rooms=1&group_children=0&req_children=0&hpos=7&hapos=206&sr_order=popularity&srpvid=01ee4d642e4b01c6&srepoch=1737802843&all_sr_blocks=322844401_114527662_2_0_0&highlighted_blocks=322844401_114527662_2_0_0&matching_block_id=322844401_114527662_2_0_0&sr_pri_blocks=322844401_114527662_2_0_0__132912&from=searchresults
Apartment Barcelona Rentals - Park Güell Apartments,"Sarrià-Sant Gervasi, Barcelona",https://www.booking.com/hotel/es/apartment-barcelona-rentals-duplex-apartments-near-park-guell.es.html?label=gen173nr-1FCAEoggI46AdIClgEaEaIAQGYAQq4ARnIAQ_YAQHoAQH4AQKIAgGoAgO4ArL50rwGwAIB0gIkOGZlNzdlZTAtYjM2Ni00NjEwLWJjZDItYjc2NTUzNTkyZGM32AIF4AIB&sid=5ad11202ea9cc1c07c5ed8caaaf11387&aid=304142&ucfs=1&arphpl=1&checkin=2026-02-01&checkout=2026-02-08&dest_id=-372490&dest_type=city&group_adults=2&req_adults=2&no_rooms=1&group_children=0&req_children=0&hpos=8&hapos=207&sr_order=popularity&srpvid=01ee4d642e4b01c6&srepoch=1737802843&all_sr_blocks=188370101_357747236_2_0_0&highlighted_blocks=188370101_357747236_2_0_0&matching_block_id=188370101_357747236_2_0_0&sr_pri_blocks=188370101_357747236_2_0_0__90249&from=searchresults
My Space Barcelona - Newly renovated apartment in Gràcia for families and executives,"Gracia, Barcelona",https://www.booking.com/hotel/es/my-space-barcelona-newly-renovated-apartment-in-gracia-for-families-and-executiv.es.html?label=gen173nr-1FCAEoggI46AdIClgEaEaIAQGYAQq4ARnIAQ_YAQHoAQH4AQKIAgGoAgO4ArL50rwGwAIB0gIkOGZlNzdlZTAtYjM2Ni00NjEwLWJjZDItYjc2NTUzNTkyZGM32AIF4AIB&sid=5ad11202ea9cc1c07c5ed8caaaf11387&aid=304142&ucfs=1&arphpl=1&checkin=2026-02-01&checkout=2026-02-08&dest_id=-372490&dest_type=city&group_adults=2&req_adults=2&no_rooms=1&group_children=0&req_children=0&hpos=9&hapos=208&sr_order=popularity&srpvid=01ee4d642e4b01c6&srepoch=1737802843&all_sr_blocks=918699101_363611823_2_0_0&highlighted_blocks=918699101_363611823_2_0_0&matching_block_id=918699101_363611823_2_0_0&sr_pri_blocks=918699101_363611823_2_0_0__99167&from=searchresults
Click&Flat Floridablanca,"Eixample, Barcelona",https://www.booking.com/hotel/es/click-amp-flat-eixample-izquierdo-apartments.es.html?label=gen173nr-1FCAEoggI46AdIClgEaEaIAQGYAQq4ARnIAQ_YAQHoAQH4AQKIAgGoAgO4ArL50rwGwAIB0gIkOGZlNzdlZTAtYjM2Ni00NjEwLWJjZDItYjc2NTUzNTkyZGM32AIF4AIB&sid=5ad11202ea9cc1c07c5ed8caaaf11387&aid=304142&ucfs=1&arphpl=1&checkin=2026-02-01&checkout=2026-02-08&dest_id=-372490&dest_type=city&group_adults=2&req_adults=2&no_rooms=1&group_children=0&req_children=0&hpos=10&hapos=209&sr_order=popularity&srpvid=01ee4d642e4b01c6&srepoch=1737802843&all_sr_blocks=73032601_330271535_4_0_0&highlighted_blocks=73032601_330271535_4_0_0&matching_block_id=73032601_330271535_4_0_0&sr_pri_blocks=73032601_330271535_4_0_0__113080&from=searchresults
Comfortable 3BD in Poblenou next to the beach!,"Sant Martí, Barcelona",https://www.booking.com/hotel/es/comfortable-3bd-in-poblenou-next-to-the-beach.es.html?label=gen173nr-1FCAEoggI46AdIClgEaEaIAQGYAQq4ARnIAQ_YAQHoAQH4AQKIAgGoAgO4ArL50rwGwAIB0gIkOGZlNzdlZTAtYjM2Ni00NjEwLWJjZDItYjc2NTUzNTkyZGM32AIF4AIB&sid=5ad11202ea9cc1c07c5ed8caaaf11387&aid=304142&ucfs=1&arphpl=1&checkin=2026-02-01&checkout=2026-02-08&dest_id=-372490&dest_type=city&group_adults=2&req_adults=2&no_rooms=1&group_children=0&req_children=0&hpos=11&hapos=210&sr_order=popularity&srpvid=01ee4d642e4b01c6&srepoch=1737802843&all_sr_blocks=985513902_399861664_4_0_0&highlighted_blocks=985513902_399861664_4_0_0&matching_block_id=985513902_399861664_4_0_0&sr_pri_blocks=985513902_399861664_4_0_0__190936&from=searchresults
Mejor Apartamento en Plaza España con Parking Gratuito,"Sants-Montjuïc, Barcelona",https://www.booking.com/hotel/es/meilleur-appartement-a-barcelone-plaza-espana.es.html?label=gen173nr-1FCAEoggI46AdIClgEaEaIAQGYAQq4ARnIAQ_YAQHoAQH4AQKIAgGoAgO4ArL50rwGwAIB0gIkOGZlNzdlZTAtYjM2Ni00NjEwLWJjZDItYjc2NTUzNTkyZGM32AIF4AIB&sid=5ad11202ea9cc1c07c5ed8caaaf11387&aid=304142&ucfs=1&arphpl=1&checkin=2026-02-01&checkout=2026-02-08&dest_id=-372490&dest_type=city&group_adults=2&req_adults=2&no_rooms=1&group_children=0&req_children=0&hpos=12&hapos=211&sr_order=popularity&srpvid=01ee4d642e4b01c6&srepoch=1737802843&all_sr_blocks=579117401_394510119_5_2_0&highlighted_blocks=579117401_394510119_5_2_0&matching_block_id=579117401_394510119_5_2_0&sr_pri_blocks=579117401_394510119_5_2_0__179252&from=searchresults
Housalia Gracia,"Gracia, Barcelona",https://www.booking.com/hotel/es/lodging-apartments-gracia.es.html?label=gen173nr-1FCAEoggI46AdIClgEaEaIAQGYAQq4ARnIAQ_YAQHoAQH4AQKIAgGoAgO4ArL50rwGwAIB0gIkOGZlNzdlZTAtYjM2Ni00NjEwLWJjZDItYjc2NTUzNTkyZGM32AIF4AIB&sid=5ad11202ea9cc1c07c5ed8caaaf11387&aid=304142&ucfs=1&arphpl=1&checkin=2026-02-01&checkout=2026-02-08&dest_id=-372490&dest_type=city&group_adults=2&req_adults=2&no_rooms=1&group_children=0&req_children=0&hpos=13&hapos=212&sr_order=popularity&srpvid=01ee4d642e4b01c6&srepoch=1737802843&all_sr_blocks=85530804_367260840_2_0_0&highlighted_blocks=85530804_367260840_2_0_0&matching_block_id=85530804_367260840_2_0_0&sr_pri_blocks=85530804_367260840_2_0_0__108067&from=searchresults
Channing Apartment,"Eixample, Barcelona",https://www.booking.com/hotel/es/channing-apartment.es.html?label=gen173nr-1FCAEoggI46AdIClgEaEaIAQGYAQq4ARnIAQ_YAQHoAQH4AQKIAgGoAgO4ArL50rwGwAIB0gIkOGZlNzdlZTAtYjM2Ni00NjEwLWJjZDItYjc2NTUzNTkyZGM32AIF4AIB&sid=5ad11202ea9cc1c07c5ed8caaaf11387&aid=304142&ucfs=1&arphpl=1&checkin=2026-02-01&checkout=2026-02-08&dest_id=-372490&dest_type=city&group_adults=2&req_adults=2&no_rooms=1&group_children=0&req_children=0&hpos=14&hapos=213&sr_order=popularity&srpvid=01ee4d642e4b01c6&srepoch=1737802843&all_sr_blocks=211999201_338940035_0_0_0&highlighted_blocks=211999201_338940035_0_0_0&matching_block_id=211999201_338940035_0_0_0&sr_pri_blocks=211999201_338940035_0_0_0__200732&from=searchresults
Bcn - Poble Nou,"Sant Martí, Barcelona",https://www.booking.com/hotel/es/barcelona-poble-nou.es.html?label=gen173nr-1FCAEoggI46AdIClgEaEaIAQGYAQq4ARnIAQ_YAQHoAQH4AQKIAgGoAgO4ArL50rwGwAIB0gIkOGZlNzdlZTAtYjM2Ni00NjEwLWJjZDItYjc2NTUzNTkyZGM32AIF4AIB&sid=5ad11202ea9cc1c07c5ed8caaaf11387&aid=304142&ucfs=1&arphpl=1&checkin=2026-02-01&checkout=2026-02-08&dest_id=-372490&dest_type=city&group_adults=2&req_adults=2&no_rooms=1&group_children=0&req_children=0&hpos=15&hapos=214&sr_order=popularity&srpvid=01ee4d642e4b01c6&srepoch=1737802843&all_sr_blocks=1120721901_398854374_3_0_0&highlighted_blocks=1120721901_398854374_3_0_0&matching_block_id=1120721901_398854374_3_0_0&sr_pri_blocks=1120721901_398854374_3_0_0__159116&from=searchresults
Bcn - Eixample 2B · Barcelona - Eixample 2B,"Eixample, Barcelona",https://www.booking.com/hotel/es/barcelona-eixample-2b.es.html?label=gen173nr-1FCAEoggI46AdIClgEaEaIAQGYAQq4ARnIAQ_YAQHoAQH4AQKIAgGoAgO4ArL50rwGwAIB0gIkOGZlNzdlZTAtYjM2Ni00NjEwLWJjZDItYjc2NTUzNTkyZGM32AIF4AIB&sid=5ad11202ea9cc1c07c5ed8caaaf11387&aid=304142&ucfs=1&arphpl=1&checkin=2026-02-01&checkout=2026-02-08&dest_id=-372490&dest_type=city&group_adults=2&req_adults=2&no_rooms=1&group_children=0&req_children=0&hpos=16&hapos=215&sr_order=popularity&srpvid=01ee4d642e4b01c6&srepoch=1737802843&all_sr_blocks=1046474701_398854403_6_0_0&highlighted_blocks=1046474701_398854403_6_0_0&matching_block_id=1046474701_398854403_6_0_0&sr_pri_blocks=1046474701_398854403_6_0_0__194852&from=searchresults
Nordic apartment Sagrada Familia,"Sant Martí, Barcelona",https://www.booking.com/hotel/es/nordic-apartment-sagrada-familia.es.html?label=gen173nr-1FCAEoggI46AdIClgEaEaIAQGYAQq4ARnIAQ_YAQHoAQH4AQKIAgGoAgO4ArL50rwGwAIB0gIkOGZlNzdlZTAtYjM2Ni00NjEwLWJjZDItYjc2NTUzNTkyZGM32AIF4AIB&sid=5ad11202ea9cc1c07c5ed8caaaf11387&aid=304142&ucfs=1&arphpl=1&checkin=2026-02-01&checkout=2026-02-08&dest_id=-372490&dest_type=city&group_adults=2&req_adults=2&no_rooms=1&group_children=0&req_children=0&hpos=17&hapos=216&sr_order=popularity&srpvid=01ee4d642e4b01c6&srepoch=1737802843&all_sr_blocks=574542301_231818169_2_0_0&highlighted_blocks=574542301_231818169_2_0_0&matching_block_id=574542301_231818169_2_0_0&sr_pri_blocks=574542301_231818169_2_0_0__169464&from=searchresults
Flat San Antoni Villaroel/Apartment,"Eixample, Barcelona",https://www.booking.com/hotel/es/modern-flat-in-san-antoni-close-to-pl-universidad.es.html?label=gen173nr-1FCAEoggI46AdIClgEaEaIAQGYAQq4ARnIAQ_YAQHoAQH4AQKIAgGoAgO4ArL50rwGwAIB0gIkOGZlNzdlZTAtYjM2Ni00NjEwLWJjZDItYjc2NTUzNTkyZGM32AIF4AIB&sid=5ad11202ea9cc1c07c5ed8caaaf11387&aid=304142&ucfs=1&arphpl=1&checkin=2026-02-01&checkout=2026-02-08&dest_id=-372490&dest_type=city&group_adults=2&req_adults=2&no_rooms=1&group_children=0&req_children=0&hpos=18&hapos=217&sr_order=popularity&srpvid=01ee4d642e4b01c6&srepoch=1737802843&all_sr_blocks=179844002_343456198_3_0_0&highlighted_blocks=179844002_343456198_3_0_0&matching_block_id=179844002_343456198_3_0_0&sr_pri_blocks=179844002_343456198_3_0_0__148360&from=searchresults
Sant Antoni 3 - Downtown Barcelona. Modern,"Ciutat Vella, Barcelona",https://www.booking.com/hotel/es/sant-antoni-2-downtown-modern.es.html?label=gen173nr-1FCAEoggI46AdIClgEaEaIAQGYAQq4ARnIAQ_YAQHoAQH4AQKIAgGoAgO4ArL50rwGwAIB0gIkOGZlNzdlZTAtYjM2Ni00NjEwLWJjZDItYjc2NTUzNTkyZGM32AIF4AIB&sid=5ad11202ea9cc1c07c5ed8caaaf11387&aid=304142&ucfs=1&arphpl=1&checkin=2026-02-01&checkout=2026-02-08&dest_id=-372490&dest_type=city&group_adults=2&req_adults=2&no_rooms=1&group_children=0&req_children=0&hpos=19&hapos=218&sr_order=popularity&srpvid=01ee4d642e4b01c6&srepoch=1737802843&all_sr_blocks=751962602_403405366_2_0_0&highlighted_blocks=751962602_403405366_2_0_0&matching_block_id=751962602_403405366_2_0_0&sr_pri_blocks=751962602_403405366_2_0_0__150994&from=searchresults
Luxury Born,"Ciutat Vella, Barcelona",https://www.booking.com/hotel/es/luxury-born-barcelona.es.html?label=gen173nr-1FCAEoggI46AdIClgEaEaIAQGYAQq4ARnIAQ_YAQHoAQH4AQKIAgGoAgO4ArL50rwGwAIB0gIkOGZlNzdlZTAtYjM2Ni00NjEwLWJjZDItYjc2NTUzNTkyZGM32AIF4AIB&sid=5ad11202ea9cc1c07c5ed8caaaf11387&aid=304142&ucfs=1&arphpl=1&checkin=2026-02-01&checkout=2026-02-08&dest_id=-372490&dest_type=city&group_adults=2&req_adults=2&no_rooms=1&group_children=0&req_children=0&hpos=20&hapos=219&sr_order=popularity&srpvid=01ee4d642e4b01c6&srepoch=1737802843&all_sr_blocks=1317303501_404462360_2_0_0&highlighted_blocks=1317303501_404462360_2_0_0&matching_block_id=1317303501_404462360_2_0_0&sr_pri_blocks=1317303501_404462360_2_0_0__123473&from=searchresults
Dana - Enjoy Apartments Rocafort,"Eixample, Barcelona",https://www.booking.com/hotel/es/dana-enjoy-apartments-rocafort.es.html?label=gen173nr-1FCAEoggI46AdIClgEaEaIAQGYAQq4ARnIAQ_YAQHoAQH4AQKIAgGoAgO4ArL50rwGwAIB0gIkOGZlNzdlZTAtYjM2Ni00NjEwLWJjZDItYjc2NTUzNTkyZGM32AIF4AIB&sid=5ad11202ea9cc1c07c5ed8caaaf11387&aid=304142&ucfs=1&arphpl=1&checkin=2026-02-01&checkout=2026-02-08&dest_id=-372490&dest_type=city&group_adults=2&req_adults=2&no_rooms=1&group_children=0&req_children=0&hpos=21&hapos=220&sr_order=popularity&srpvid=01ee4d642e4b01c6&srepoch=1737802843&all_sr_blocks=1298304702_402865301_2_0_0&highlighted_blocks=1298304702_402865301_2_0_0&matching_block_id=1298304702_402865301_2_0_0&sr_pri_blocks=1298304702_402865301_2_0_0__103171&from=searchresults
Terrace Duplex at SAGRADA FAMILIA-GRACIA,"Gracia, Barcelona",https://www.booking.com/hotel/es/terrace-duplex-at-sagrada-familia-gracia.es.html?label=gen173nr-1FCAEoggI46AdIClgEaEaIAQGYAQq4ARnIAQ_YAQHoAQH4AQKIAgGoAgO4ArL50rwGwAIB0gIkOGZlNzdlZTAtYjM2Ni00NjEwLWJjZDItYjc2NTUzNTkyZGM32AIF4AIB&sid=5ad11202ea9cc1c07c5ed8caaaf11387&aid=304142&ucfs=1&arphpl=1&checkin=2026-02-01&checkout=2026-02-08&dest_id=-372490&dest_type=city&group_adults=2&req_adults=2&no_rooms=1&group_children=0&req_children=0&hpos=22&hapos=221&sr_order=popularity&srpvid=01ee4d642e4b01c6&srepoch=1737802843&all_sr_blocks=1285747202_401535519_2_0_0&highlighted_blocks=1285747202_401535519_2_0_0&matching_block_id=1285747202_401535519_2_0_0&sr_pri_blocks=1285747202_401535519_2_0_0__148016&from=searchresults
Atic Barcelona,"Eixample, Barcelona",https://www.booking.com/hotel/es/atic-barcelona.es.html?label=gen173nr-1FCAEoggI46AdIClgEaEaIAQGYAQq4ARnIAQ_YAQHoAQH4AQKIAgGoAgO4ArL50rwGwAIB0gIkOGZlNzdlZTAtYjM2Ni00NjEwLWJjZDItYjc2NTUzNTkyZGM32AIF4AIB&sid=5ad11202ea9cc1c07c5ed8caaaf11387&aid=304142&ucfs=1&arphpl=1&checkin=2026-02-01&checkout=2026-02-08&dest_id=-372490&dest_type=city&group_adults=2&req_adults=2&no_rooms=1&group_children=0&req_children=0&hpos=23&hapos=222&sr_order=popularity&srpvid=01ee4d642e4b01c6&srepoch=1737802843&all_sr_blocks=84558501_406800815_3_0_0&highlighted_blocks=84558501_406800815_3_0_0&matching_block_id=84558501_406800815_3_0_0&sr_pri_blocks=84558501_406800815_3_0_0__269232&from=searchresults
My Space Barcelona Executive Apartments Center,"Sarrià-Sant Gervasi, Barcelona",https://www.booking.com/hotel/es/executive-class.es.html?label=gen173nr-1FCAEoggI46AdIClgEaEaIAQGYAQq4ARnIAQ_YAQHoAQH4AQKIAgGoAgO4ArL50rwGwAIB0gIkOGZlNzdlZTAtYjM2Ni00NjEwLWJjZDItYjc2NTUzNTkyZGM32AIF4AIB&sid=5ad11202ea9cc1c07c5ed8caaaf11387&aid=304142&ucfs=1&arphpl=1&checkin=2026-02-01&checkout=2026-02-08&dest_id=-372490&dest_type=city&group_adults=2&req_adults=2&no_rooms=1&group_children=0&req_children=0&hpos=24&hapos=223&sr_order=popularity&srpvid=01ee4d642e4b01c6&srepoch=1737802843&all_sr_blocks=40351305_357747329_2_0_0&highlighted_blocks=40351305_357747329_2_0_0&matching_block_id=40351305_357747329_2_0_0&sr_pri_blocks=40351305_357747329_2_0_0__95527&from=searchresults
My Space Barcelona Charming Apartment in the Heart of Gracia,"Gracia, Barcelona",https://www.booking.com/hotel/es/charming-apartment-in-the-heart-of-gracia-barcelona.es.html?label=gen173nr-1FCAEoggI46AdIClgEaEaIAQGYAQq4ARnIAQ_YAQHoAQH4AQKIAgGoAgO4ArL50rwGwAIB0gIkOGZlNzdlZTAtYjM2Ni00NjEwLWJjZDItYjc2NTUzNTkyZGM32AIF4AIB&sid=5ad11202ea9cc1c07c5ed8caaaf11387&aid=304142&ucfs=1&arphpl=1&checkin=2026-02-01&checkout=2026-02-08&dest_id=-372490&dest_type=city&group_adults=2&req_adults=2&no_rooms=1&group_children=0&req_children=0&hpos=25&hapos=224&sr_order=popularity&srpvid=01ee4d642e4b01c6&srepoch=1737802843&all_sr_blocks=1110589501_384109883_2_0_0&highlighted_blocks=1110589501_384109883_2_0_0&matching_block_id=1110589501_384109883_2_0_0&sr_pri_blocks=1110589501_384109883_2_0_0__102167&from=searchresults
Suite Miro Eixample Barcelona,"Eixample, Barcelona",https://www.booking.com/hotel/es/suite-miro-eixample-barcelona.es.html?label=gen173nr-1FCAEoggI46AdIClgEaEaIAQGYAQq4ARnIAQ_YAQHoAQH4AQKIAgGoAgO4ArL50rwGwAIB0gIkOGZlNzdlZTAtYjM2Ni00NjEwLWJjZDItYjc2NTUzNTkyZGM32AIF4AIB&sid=5ad11202ea9cc1c07c5ed8caaaf11387&aid=304142&ucfs=1&arphpl=1&checkin=2026-02-01&checkout=2026-02-08&dest_id=-372490&dest_type=city&group_adults=2&req_adults=2&no_rooms=1&group_children=0&req_children=0&hpos=1&hapos=225&sr_order=popularity&srpvid=01ee4d642e4b01c6&srepoch=1737802844&all_sr_blocks=1029405802_375650888_0_0_0&highlighted_blocks=1029405802_375650888_0_0_0&matching_block_id=1029405802_375650888_0_0_0&sr_pri_blocks=1029405802_375650888_0_0_0__215417&from=searchresults
Apartment Barcelona Rentals - Sarria Apartments Near Center,"Sarrià-Sant Gervasi, Barcelona",https://www.booking.com/hotel/es/apartment-barcelona-rentals-sarria-apartments.es.html?label=gen173nr-1FCAEoggI46AdIClgEaEaIAQGYAQq4ARnIAQ_YAQHoAQH4AQKIAgGoAgO4ArL50rwGwAIB0gIkOGZlNzdlZTAtYjM2Ni00NjEwLWJjZDItYjc2NTUzNTkyZGM32AIF4AIB&sid=5ad11202ea9cc1c07c5ed8caaaf11387&aid=304142&ucfs=1&arphpl=1&checkin=2026-02-01&checkout=2026-02-08&dest_id=-372490&dest_type=city&group_adults=2&req_adults=2&no_rooms=1&group_children=0&req_children=0&hpos=2&hapos=226&sr_order=popularity&srpvid=01ee4d642e4b01c6&srepoch=1737802844&all_sr_blocks=184960003_357747243_2_0_0&highlighted_blocks=184960003_357747243_2_0_0&matching_block_id=184960003_357747243_2_0_0&sr_pri_blocks=184960003_357747243_2_0_0__103832&from=searchresults
DIAGONAL/PASEO DE GRACIA 4 PAX,"Eixample, Barcelona",https://www.booking.com/hotel/es/diagonal-paseo-de-gracia-4-pax.es.html?label=gen173nr-1FCAEoggI46AdIClgEaEaIAQGYAQq4ARnIAQ_YAQHoAQH4AQKIAgGoAgO4ArL50rwGwAIB0gIkOGZlNzdlZTAtYjM2Ni00NjEwLWJjZDItYjc2NTUzNTkyZGM32AIF4AIB&sid=5ad11202ea9cc1c07c5ed8caaaf11387&aid=304142&ucfs=1&arphpl=1&checkin=2026-02-01&checkout=2026-02-08&dest_id=-372490&dest_type=city&group_adults=2&req_adults=2&no_rooms=1&group_children=0&req_children=0&hpos=3&hapos=227&sr_order=popularity&srpvid=01ee4d642e4b01c6&srepoch=1737802844&all_sr_blocks=1084344501_381341237_2_0_0&highlighted_blocks=1084344501_381341237_2_0_0&matching_block_id=1084344501_381341237_2_0_0&sr_pri_blocks=1084344501_381341237_2_0_0__133279&from=searchresults
Opening Doors Sagrada Familia,"Eixample, Barcelona",https://www.booking.com/hotel/es/opening-doors-sagrada-familia-barcelona.es.html?label=gen173nr-1FCAEoggI46AdIClgEaEaIAQGYAQq4ARnIAQ_YAQHoAQH4AQKIAgGoAgO4ArL50rwGwAIB0gIkOGZlNzdlZTAtYjM2Ni00NjEwLWJjZDItYjc2NTUzNTkyZGM32AIF4AIB&sid=5ad11202ea9cc1c07c5ed8caaaf11387&aid=304142&ucfs=1&arphpl=1&checkin=2026-02-01&checkout=2026-02-08&dest_id=-372490&dest_type=city&group_adults=2&req_adults=2&no_rooms=1&group_children=0&req_children=0&hpos=4&hapos=228&sr_order=popularity&srpvid=01ee4d642e4b01c6&srepoch=1737802844&all_sr_blocks=748124701_330979891_2_0_0&highlighted_blocks=748124701_330979891_2_0_0&matching_block_id=748124701_330979891_2_0_0&sr_pri_blocks=748124701_330979891_2_0_0__131383&from=searchresults
My Space Barcelona Penthouse Terrace,"Sarrià-Sant Gervasi, Barcelona",https://www.booking.com/hotel/es/attic-with-terrace-balaguer.es.html?label=gen173nr-1FCAEoggI46AdIClgEaEaIAQGYAQq4ARnIAQ_YAQHoAQH4AQKIAgGoAgO4ArL50rwGwAIB0gIkOGZlNzdlZTAtYjM2Ni00NjEwLWJjZDItYjc2NTUzNTkyZGM32AIF4AIB&sid=5ad11202ea9cc1c07c5ed8caaaf11387&aid=304142&ucfs=1&arphpl=1&checkin=2026-02-01&checkout=2026-02-08&dest_id=-372490&dest_type=city&group_adults=2&req_adults=2&no_rooms=1&group_children=0&req_children=0&hpos=5&hapos=229&sr_order=popularity&srpvid=01ee4d642e4b01c6&srepoch=1737802844&all_sr_blocks=160492301_357747299_2_0_0&highlighted_blocks=160492301_357747299_2_0_0&matching_block_id=160492301_357747299_2_0_0&sr_pri_blocks=160492301_357747299_2_0_0__103808&from=searchresults
My Space Barcelona Park Güell Apartments,"Sarrià-Sant Gervasi, Barcelona",https://www.booking.com/hotel/es/guell-executive.es.html?label=gen173nr-1FCAEoggI46AdIClgEaEaIAQGYAQq4ARnIAQ_YAQHoAQH4AQKIAgGoAgO4ArL50rwGwAIB0gIkOGZlNzdlZTAtYjM2Ni00NjEwLWJjZDItYjc2NTUzNTkyZGM32AIF4AIB&sid=5ad11202ea9cc1c07c5ed8caaaf11387&aid=304142&ucfs=1&arphpl=1&checkin=2026-02-01&checkout=2026-02-08&dest_id=-372490&dest_type=city&group_adults=2&req_adults=2&no_rooms=1&group_children=0&req_children=0&hpos=6&hapos=230&sr_order=popularity&srpvid=01ee4d642e4b01c6&srepoch=1737802844&all_sr_blocks=40352402_357747323_2_0_0&highlighted_blocks=40352402_357747323_2_0_0&matching_block_id=40352402_357747323_2_0_0&sr_pri_blocks=40352402_357747323_2_0_0__89157&from=searchresults
Letsgo Camp Nou Apartment,"Les Corts, Barcelona",https://www.booking.com/hotel/es/letsgo-loreto-apartment.es.html?label=gen173nr-1FCAEoggI46AdIClgEaEaIAQGYAQq4ARnIAQ_YAQHoAQH4AQKIAgGoAgO4ArL50rwGwAIB0gIkOGZlNzdlZTAtYjM2Ni00NjEwLWJjZDItYjc2NTUzNTkyZGM32AIF4AIB&sid=5ad11202ea9cc1c07c5ed8caaaf11387&aid=304142&ucfs=1&arphpl=1&checkin=2026-02-01&checkout=2026-02-08&dest_id=-372490&dest_type=city&group_adults=2&req_adults=2&no_rooms=1&group_children=0&req_children=0&hpos=7&hapos=231&sr_order=popularity&srpvid=01ee4d642e4b01c6&srepoch=1737802844&all_sr_blocks=103356301_374063132_2_0_0&highlighted_blocks=103356301_374063132_2_0_0&matching_block_id=103356301_374063132_2_0_0&sr_pri_blocks=103356301_374063132_2_0_0__191896&from=searchresults
Apartamento Sant Gervasi,"Sarrià-Sant Gervasi, Barcelona",https://www.booking.com/hotel/es/sant-gervasi-barcelona.es.html?label=gen173nr-1FCAEoggI46AdIClgEaEaIAQGYAQq4ARnIAQ_YAQHoAQH4AQKIAgGoAgO4ArL50rwGwAIB0gIkOGZlNzdlZTAtYjM2Ni00NjEwLWJjZDItYjc2NTUzNTkyZGM32AIF4AIB&sid=5ad11202ea9cc1c07c5ed8caaaf11387&aid=304142&ucfs=1&arphpl=1&checkin=2026-02-01&checkout=2026-02-08&dest_id=-372490&dest_type=city&group_adults=2&req_adults=2&no_rooms=1&group_children=0&req_children=0&hpos=8&hapos=232&sr_order=popularity&srpvid=01ee4d642e4b01c6&srepoch=1737802844&all_sr_blocks=78236801_370741858_6_0_0&highlighted_blocks=78236801_370741858_6_0_0&matching_block_id=78236801_370741858_6_0_0&sr_pri_blocks=78236801_370741858_6_0_0__209761&from=searchresults
My Space Emirates - Executive Apartments with Private Balcony,"Sarrià-Sant Gervasi, Barcelona",https://www.booking.com/hotel/es/barcino-inversions-sarria-apartments-near-center.es.html?label=gen173nr-1FCAEoggI46AdIClgEaEaIAQGYAQq4ARnIAQ_YAQHoAQH4AQKIAgGoAgO4ArL50rwGwAIB0gIkOGZlNzdlZTAtYjM2Ni00NjEwLWJjZDItYjc2NTUzNTkyZGM32AIF4AIB&sid=5ad11202ea9cc1c07c5ed8caaaf11387&aid=304142&ucfs=1&arphpl=1&checkin=2026-02-01&checkout=2026-02-08&dest_id=-372490&dest_type=city&group_adults=2&req_adults=2&no_rooms=1&group_children=0&req_children=0&hpos=9&hapos=233&sr_order=popularity&srpvid=01ee4d642e4b01c6&srepoch=1737802844&all_sr_blocks=1157114201_390578666_2_0_0&highlighted_blocks=1157114201_390578666_2_0_0&matching_block_id=1157114201_390578666_2_0_0&sr_pri_blocks=1157114201_390578666_2_0_0__95527&from=searchresults
Renovated 4BD in Sagrada Familia!,"Gracia, Barcelona",https://www.booking.com/hotel/es/renovated-4bd-in-paseo-de-st-joan.es.html?label=gen173nr-1FCAEoggI46AdIClgEaEaIAQGYAQq4ARnIAQ_YAQHoAQH4AQKIAgGoAgO4ArL50rwGwAIB0gIkOGZlNzdlZTAtYjM2Ni00NjEwLWJjZDItYjc2NTUzNTkyZGM32AIF4AIB&sid=5ad11202ea9cc1c07c5ed8caaaf11387&aid=304142&ucfs=1&arphpl=1&checkin=2026-02-01&checkout=2026-02-08&dest_id=-372490&dest_type=city&group_adults=2&req_adults=2&no_rooms=1&group_children=0&req_children=0&hpos=10&hapos=234&sr_order=popularity&srpvid=01ee4d642e4b01c6&srepoch=1737802844&all_sr_blocks=924782202_399861763_6_0_0&highlighted_blocks=924782202_399861763_6_0_0&matching_block_id=924782202_399861763_6_0_0&sr_pri_blocks=924782202_399861763_6_0_0__253042&from=searchresults
Casa Cosi Sant Antoni,"Eixample, Barcelona",https://www.booking.com/hotel/es/casa-cosi-sant-antoni.es.html?label=gen173nr-1FCAEoggI46AdIClgEaEaIAQGYAQq4ARnIAQ_YAQHoAQH4AQKIAgGoAgO4ArL50rwGwAIB0gIkOGZlNzdlZTAtYjM2Ni00NjEwLWJjZDItYjc2NTUzNTkyZGM32AIF4AIB&sid=5ad11202ea9cc1c07c5ed8caaaf11387&aid=304142&ucfs=1&arphpl=1&checkin=2026-02-01&checkout=2026-02-08&dest_id=-372490&dest_type=city&group_adults=2&req_adults=2&no_rooms=1&group_children=0&req_children=0&hpos=11&hapos=235&sr_order=popularity&srpvid=01ee4d642e4b01c6&srepoch=1737802844&all_sr_blocks=217598301_377072103_0_0_0&highlighted_blocks=217598301_377072103_0_0_0&matching_block_id=217598301_377072103_0_0_0&sr_pri_blocks=217598301_377072103_0_0_0__127288&from=searchresults
Aribau habitaciones,"Eixample, Barcelona",https://www.booking.com/hotel/es/aribau-habitaciones.es.html?label=gen173nr-1FCAEoggI46AdIClgEaEaIAQGYAQq4ARnIAQ_YAQHoAQH4AQKIAgGoAgO4ArL50rwGwAIB0gIkOGZlNzdlZTAtYjM2Ni00NjEwLWJjZDItYjc2NTUzNTkyZGM32AIF4AIB&sid=5ad11202ea9cc1c07c5ed8caaaf11387&aid=304142&ucfs=1&arphpl=1&checkin=2026-02-01&checkout=2026-02-08&dest_id=-372490&dest_type=city&group_adults=2&req_adults=2&no_rooms=1&group_children=0&req_children=0&hpos=12&hapos=236&sr_order=popularity&srpvid=01ee4d642e4b01c6&srepoch=1737802844&all_sr_blocks=1253864704_403848632_2_0_0&highlighted_blocks=1253864704_403848632_2_0_0&matching_block_id=1253864704_403848632_2_0_0&sr_pri_blocks=1253864704_403848632_2_0_0__50200&from=searchresults
ClassBedroom Gaudí Apartments,"Sant Martí, Barcelona",https://www.booking.com/hotel/es/classbedroom-apartments-vi.es.html?label=gen173nr-1FCAEoggI46AdIClgEaEaIAQGYAQq4ARnIAQ_YAQHoAQH4AQKIAgGoAgO4ArL50rwGwAIB0gIkOGZlNzdlZTAtYjM2Ni00NjEwLWJjZDItYjc2NTUzNTkyZGM32AIF4AIB&sid=5ad11202ea9cc1c07c5ed8caaaf11387&aid=304142&ucfs=1&arphpl=1&checkin=2026-02-01&checkout=2026-02-08&dest_id=-372490&dest_type=city&group_adults=2&req_adults=2&no_rooms=1&group_children=0&req_children=0&hpos=13&hapos=237&sr_order=popularity&srpvid=01ee4d642e4b01c6&srepoch=1737802844&all_sr_blocks=77317605_384317257_3_0_0&highlighted_blocks=77317605_384317257_3_0_0&matching_block_id=77317605_384317257_3_0_0&sr_pri_blocks=77317605_384317257_3_0_0__104432&from=searchresults
Apartment Barcelona Rentals - Penthouse with Terrace,"Sarrià-Sant Gervasi, Barcelona",https://www.booking.com/hotel/es/apartment-barcelona-rentals-attic-terrace-apartment.es.html?label=gen173nr-1FCAEoggI46AdIClgEaEaIAQGYAQq4ARnIAQ_YAQHoAQH4AQKIAgGoAgO4ArL50rwGwAIB0gIkOGZlNzdlZTAtYjM2Ni00NjEwLWJjZDItYjc2NTUzNTkyZGM32AIF4AIB&sid=5ad11202ea9cc1c07c5ed8caaaf11387&aid=304142&ucfs=1&arphpl=1&checkin=2026-02-01&checkout=2026-02-08&dest_id=-372490&dest_type=city&group_adults=2&req_adults=2&no_rooms=1&group_children=0&req_children=0&hpos=14&hapos=238&sr_order=popularity&srpvid=01ee4d642e4b01c6&srepoch=1737802844&all_sr_blocks=192308701_357747221_2_0_0&highlighted_blocks=192308701_357747221_2_0_0&matching_block_id=192308701_357747221_2_0_0&sr_pri_blocks=192308701_357747221_2_0_0__98712&from=searchresults
Lodging Apartments Beach Studio 22,"Ciutat Vella, Barcelona",https://www.booking.com/hotel/es/lodging-apartments-beach-studio-22.es.html?label=gen173nr-1FCAEoggI46AdIClgEaEaIAQGYAQq4ARnIAQ_YAQHoAQH4AQKIAgGoAgO4ArL50rwGwAIB0gIkOGZlNzdlZTAtYjM2Ni00NjEwLWJjZDItYjc2NTUzNTkyZGM32AIF4AIB&sid=5ad11202ea9cc1c07c5ed8caaaf11387&aid=304142&ucfs=1&arphpl=1&checkin=2026-02-01&checkout=2026-02-08&dest_id=-372490&dest_type=city&group_adults=2&req_adults=2&no_rooms=1&group_children=0&req_children=0&hpos=15&hapos=239&sr_order=popularity&srpvid=01ee4d642e4b01c6&srepoch=1737802844&all_sr_blocks=775862301_381971018_2_0_0&highlighted_blocks=775862301_381971018_2_0_0&matching_block_id=775862301_381971018_2_0_0&sr_pri_blocks=775862301_381971018_2_0_0__251432&from=searchresults
Camp Nou Stadium,"Les Corts, Barcelona",https://www.booking.com/hotel/es/camp-nou-stadium.es.html?label=gen173nr-1FCAEoggI46AdIClgEaEaIAQGYAQq4ARnIAQ_YAQHoAQH4AQKIAgGoAgO4ArL50rwGwAIB0gIkOGZlNzdlZTAtYjM2Ni00NjEwLWJjZDItYjc2NTUzNTkyZGM32AIF4AIB&sid=5ad11202ea9cc1c07c5ed8caaaf11387&aid=304142&ucfs=1&arphpl=1&checkin=2026-02-01&checkout=2026-02-08&dest_id=-372490&dest_type=city&group_adults=2&req_adults=2&no_rooms=1&group_children=0&req_children=0&hpos=16&hapos=240&sr_order=popularity&srpvid=01ee4d642e4b01c6&srepoch=1737802844&all_sr_blocks=1328683301_405443681_9_0_0&highlighted_blocks=1328683301_405443681_9_0_0&matching_block_id=1328683301_405443681_9_0_0&sr_pri_blocks=1328683301_405443681_9_0_0__204554&from=searchresults
Casa a pasos de Las Ramblas,"Sants-Montjuïc, Barcelona",https://www.booking.com/hotel/es/casa-a-pasos-de-las-ramblas.es.html?label=gen173nr-1FCAEoggI46AdIClgEaEaIAQGYAQq4ARnIAQ_YAQHoAQH4AQKIAgGoAgO4ArL50rwGwAIB0gIkOGZlNzdlZTAtYjM2Ni00NjEwLWJjZDItYjc2NTUzNTkyZGM32AIF4AIB&sid=5ad11202ea9cc1c07c5ed8caaaf11387&aid=304142&ucfs=1&arphpl=1&checkin=2026-02-01&checkout=2026-02-08&dest_id=-372490&dest_type=city&group_adults=2&req_adults=2&no_rooms=1&group_children=0&req_children=0&hpos=17&hapos=241&sr_order=popularity&srpvid=01ee4d642e4b01c6&srepoch=1737802844&all_sr_blocks=1293347201_402278552_2_0_0&highlighted_blocks=1293347201_402278552_2_0_0&matching_block_id=1293347201_402278552_2_0_0&sr_pri_blocks=1293347201_402278552_2_0_0__238952&from=searchresults
Classbedroom Barcelona Sagrera Apartment,"Sant Andreu, Barcelona",https://www.booking.com/hotel/es/classbedroom-barcelona-sagrera-apartment.es.html?label=gen173nr-1FCAEoggI46AdIClgEaEaIAQGYAQq4ARnIAQ_YAQHoAQH4AQKIAgGoAgO4ArL50rwGwAIB0gIkOGZlNzdlZTAtYjM2Ni00NjEwLWJjZDItYjc2NTUzNTkyZGM32AIF4AIB&sid=5ad11202ea9cc1c07c5ed8caaaf11387&aid=304142&ucfs=1&arphpl=1&checkin=2026-02-01&checkout=2026-02-08&dest_id=-372490&dest_type=city&group_adults=2&req_adults=2&no_rooms=1&group_children=0&req_children=0&hpos=18&hapos=242&sr_order=popularity&srpvid=01ee4d642e4b01c6&srepoch=1737802844&all_sr_blocks=1324911301_405135973_4_0_0&highlighted_blocks=1324911301_405135973_4_0_0&matching_block_id=1324911301_405135973_4_0_0&sr_pri_blocks=1324911301_405135973_4_0_0__136298&from=searchresults
Lodging Apartments Beach Studio 11,"Ciutat Vella, Barcelona",https://www.booking.com/hotel/es/lodging-apartments-beach-studio-11.es.html?label=gen173nr-1FCAEoggI46AdIClgEaEaIAQGYAQq4ARnIAQ_YAQHoAQH4AQKIAgGoAgO4ArL50rwGwAIB0gIkOGZlNzdlZTAtYjM2Ni00NjEwLWJjZDItYjc2NTUzNTkyZGM32AIF4AIB&sid=5ad11202ea9cc1c07c5ed8caaaf11387&aid=304142&ucfs=1&arphpl=1&checkin=2026-02-01&checkout=2026-02-08&dest_id=-372490&dest_type=city&group_adults=2&req_adults=2&no_rooms=1&group_children=0&req_children=0&hpos=19&hapos=243&sr_order=popularity&srpvid=01ee4d642e4b01c6&srepoch=1737802844&all_sr_blocks=775851301_381971033_2_0_0&highlighted_blocks=775851301_381971033_2_0_0&matching_block_id=775851301_381971033_2_0_0&sr_pri_blocks=775851301_381971033_2_0_0__251432&from=searchresults
Modern and bright apartment in Eixample 1-3,"Eixample, Barcelona",https://www.booking.com/hotel/es/modern-and-bright-apartment-in-eixample-1-3.es.html?label=gen173nr-1FCAEoggI46AdIClgEaEaIAQGYAQq4ARnIAQ_YAQHoAQH4AQKIAgGoAgO4ArL50rwGwAIB0gIkOGZlNzdlZTAtYjM2Ni00NjEwLWJjZDItYjc2NTUzNTkyZGM32AIF4AIB&sid=5ad11202ea9cc1c07c5ed8caaaf11387&aid=304142&ucfs=1&arphpl=1&checkin=2026-02-01&checkout=2026-02-08&dest_id=-372490&dest_type=city&group_adults=2&req_adults=2&no_rooms=1&group_children=0&req_children=0&hpos=20&hapos=244&sr_order=popularity&srpvid=01ee4d642e4b01c6&srepoch=1737802844&all_sr_blocks=873679702_399861642_3_0_0&highlighted_blocks=873679702_399861642_3_0_0&matching_block_id=873679702_399861642_3_0_0&sr_pri_blocks=873679702_399861642_3_0_0__142659&from=searchresults
Modern and bright apartment in Eixample 1-2,"Eixample, Barcelona",https://www.booking.com/hotel/es/modern-and-bright-apartment-in-eixample-1-2.es.html?label=gen173nr-1FCAEoggI46AdIClgEaEaIAQGYAQq4ARnIAQ_YAQHoAQH4AQKIAgGoAgO4ArL50rwGwAIB0gIkOGZlNzdlZTAtYjM2Ni00NjEwLWJjZDItYjc2NTUzNTkyZGM32AIF4AIB&sid=5ad11202ea9cc1c07c5ed8caaaf11387&aid=304142&ucfs=1&arphpl=1&checkin=2026-02-01&checkout=2026-02-08&dest_id=-372490&dest_type=city&group_adults=2&req_adults=2&no_rooms=1&group_children=0&req_children=0&hpos=21&hapos=245&sr_order=popularity&srpvid=01ee4d642e4b01c6&srepoch=1737802844&all_sr_blocks=873679102_399861718_4_0_0&highlighted_blocks=873679102_399861718_4_0_0&matching_block_id=873679102_399861718_4_0_0&sr_pri_blocks=873679102_399861718_4_0_0__178786&from=searchresults
Winahost Barcelona Provenza,"Eixample, Barcelona",https://www.booking.com/hotel/es/winahost-barcelona-provenza.es.html?label=gen173nr-1FCAEoggI46AdIClgEaEaIAQGYAQq4ARnIAQ_YAQHoAQH4AQKIAgGoAgO4ArL50rwGwAIB0gIkOGZlNzdlZTAtYjM2Ni00NjEwLWJjZDItYjc2NTUzNTkyZGM32AIF4AIB&sid=5ad11202ea9cc1c07c5ed8caaaf11387&aid=304142&ucfs=1&arphpl=1&checkin=2026-02-01&checkout=2026-02-08&dest_id=-372490&dest_type=city&group_adults=2&req_adults=2&no_rooms=1&group_children=0&req_children=0&hpos=22&hapos=246&sr_order=popularity&srpvid=01ee4d642e4b01c6&srepoch=1737802844&all_sr_blocks=1311953601_403974217_3_0_0&highlighted_blocks=1311953601_403974217_3_0_0&matching_block_id=1311953601_403974217_3_0_0&sr_pri_blocks=1311953601_403974217_3_0_0__116160&from=searchresults
Penthouse with terrace in Rambla Catalunya -Centre,"Eixample, Barcelona",https://www.booking.com/hotel/es/penthouse-with-terrace-in-rambla-catalunya-centre.es.html?label=gen173nr-1FCAEoggI46AdIClgEaEaIAQGYAQq4ARnIAQ_YAQHoAQH4AQKIAgGoAgO4ArL50rwGwAIB0gIkOGZlNzdlZTAtYjM2Ni00NjEwLWJjZDItYjc2NTUzNTkyZGM32AIF4AIB&sid=5ad11202ea9cc1c07c5ed8caaaf11387&aid=304142&ucfs=1&arphpl=1&checkin=2026-02-01&checkout=2026-02-08&dest_id=-372490&dest_type=city&group_adults=2&req_adults=2&no_rooms=1&group_children=0&req_children=0&hpos=23&hapos=247&sr_order=popularity&srpvid=01ee4d642e4b01c6&srepoch=1737802844&all_sr_blocks=183155602_378977019_3_0_0&highlighted_blocks=183155602_378977019_3_0_0&matching_block_id=183155602_378977019_3_0_0&sr_pri_blocks=183155602_378977019_3_0_0__192705&from=searchresults
Apartment Barcelona Rentals - Pool Terrace in City Center,"Eixample, Barcelona",https://www.booking.com/hotel/es/apartment-barcelona-rentals-pool-terrace-in-city-center.es.html?label=gen173nr-1FCAEoggI46AdIClgEaEaIAQGYAQq4ARnIAQ_YAQHoAQH4AQKIAgGoAgO4ArL50rwGwAIB0gIkOGZlNzdlZTAtYjM2Ni00NjEwLWJjZDItYjc2NTUzNTkyZGM32AIF4AIB&sid=5ad11202ea9cc1c07c5ed8caaaf11387&aid=304142&ucfs=1&arphpl=1&checkin=2026-02-01&checkout=2026-02-08&dest_id=-372490&dest_type=city&group_adults=2&req_adults=2&no_rooms=1&group_children=0&req_children=0&hpos=24&hapos=248&sr_order=popularity&srpvid=01ee4d642e4b01c6&srepoch=1737802844&all_sr_blocks=195760803_357747196_2_0_0&highlighted_blocks=195760803_357747196_2_0_0&matching_block_id=195760803_357747196_2_0_0&sr_pri_blocks=195760803_357747196_2_0_0__127377&from=searchresults
Sharing flats in gotico,"Ciutat Vella, Barcelona",https://www.booking.com/hotel/es/sharing-flats-in-gotico.es.html?label=gen173nr-1FCAEoggI46AdIClgEaEaIAQGYAQq4ARnIAQ_YAQHoAQH4AQKIAgGoAgO4ArL50rwGwAIB0gIkOGZlNzdlZTAtYjM2Ni00NjEwLWJjZDItYjc2NTUzNTkyZGM32AIF4AIB&sid=5ad11202ea9cc1c07c5ed8caaaf11387&aid=304142&ucfs=1&arphpl=1&checkin=2026-02-01&checkout=2026-02-08&dest_id=-372490&dest_type=city&group_adults=2&req_adults=2&no_rooms=1&group_children=0&req_children=0&hpos=25&hapos=249&sr_order=popularity&srpvid=01ee4d642e4b01c6&srepoch=1737802844&all_sr_blocks=1310245201_403800911_2_0_0&highlighted_blocks=1310245201_403800911_2_0_0&matching_block_id=1310245201_403800911_2_0_0&sr_pri_blocks=1310245201_403800911_2_0_0__119700&from=searchresults
Amazing city viewsterrace -Gràcia -Parc Güell,"Gracia, Barcelona",https://www.booking.com/hotel/es/parc-guell-penthouse.es.html?label=gen173nr-1FCAEoggI46AdIClgEaEaIAQGYAQq4ARnIAQ_YAQHoAQH4AQKIAgGoAgO4ArL50rwGwAIB0gIkOGZlNzdlZTAtYjM2Ni00NjEwLWJjZDItYjc2NTUzNTkyZGM32AIF4AIB&sid=5ad11202ea9cc1c07c5ed8caaaf11387&aid=304142&ucfs=1&arphpl=1&checkin=2026-02-01&checkout=2026-02-08&dest_id=-372490&dest_type=city&group_adults=2&req_adults=2&no_rooms=1&group_children=0&req_children=0&hpos=1&hapos=250&sr_order=popularity&srpvid=01ee4d642e4b01c6&srepoch=1737802846&all_sr_blocks=214524101_402869966_2_0_0&highlighted_blocks=214524101_402869966_2_0_0&matching_block_id=214524101_402869966_2_0_0&sr_pri_blocks=214524101_402869966_2_0_0__181980&from=searchresults
Amra Barcelona Gran Via,"Eixample, Barcelona",https://www.booking.com/hotel/es/amra-barcelona-gran-via.es.html?label=gen173nr-1FCAEoggI46AdIClgEaEaIAQGYAQq4ARnIAQ_YAQHoAQH4AQKIAgGoAgO4ArL50rwGwAIB0gIkOGZlNzdlZTAtYjM2Ni00NjEwLWJjZDItYjc2NTUzNTkyZGM32AIF4AIB&sid=5ad11202ea9cc1c07c5ed8caaaf11387&aid=304142&ucfs=1&arphpl=1&checkin=2026-02-01&checkout=2026-02-08&dest_id=-372490&dest_type=city&group_adults=2&req_adults=2&no_rooms=1&group_children=0&req_children=0&hpos=2&hapos=251&sr_order=popularity&srpvid=01ee4d642e4b01c6&srepoch=1737802846&all_sr_blocks=113788901_237907240_0_0_0&highlighted_blocks=113788901_237907240_0_0_0&matching_block_id=113788901_237907240_0_0_0&sr_pri_blocks=113788901_237907240_0_0_0__207900&from=searchresults
Sant Antoni 4 · Downtown Barcelona. Modern,"Ciutat Vella, Barcelona",https://www.booking.com/hotel/es/sant-antoni-1-downtown-modern.es.html?label=gen173nr-1FCAEoggI46AdIClgEaEaIAQGYAQq4ARnIAQ_YAQHoAQH4AQKIAgGoAgO4ArL50rwGwAIB0gIkOGZlNzdlZTAtYjM2Ni00NjEwLWJjZDItYjc2NTUzNTkyZGM32AIF4AIB&sid=5ad11202ea9cc1c07c5ed8caaaf11387&aid=304142&ucfs=1&arphpl=1&checkin=2026-02-01&checkout=2026-02-08&dest_id=-372490&dest_type=city&group_adults=2&req_adults=2&no_rooms=1&group_children=0&req_children=0&hpos=3&hapos=252&sr_order=popularity&srpvid=01ee4d642e4b01c6&srepoch=1737802846&all_sr_blocks=718752602_402870083_2_0_0&highlighted_blocks=718752602_402870083_2_0_0&matching_block_id=718752602_402870083_2_0_0&sr_pri_blocks=718752602_402870083_2_0_0__173016&from=searchresults
Perfect Place For Couples In Barceloneta,"Ciutat Vella, Barcelona",https://www.booking.com/hotel/es/perfect-place-for-couples-in-barceloneta.es.html?label=gen173nr-1FCAEoggI46AdIClgEaEaIAQGYAQq4ARnIAQ_YAQHoAQH4AQKIAgGoAgO4ArL50rwGwAIB0gIkOGZlNzdlZTAtYjM2Ni00NjEwLWJjZDItYjc2NTUzNTkyZGM32AIF4AIB&sid=5ad11202ea9cc1c07c5ed8caaaf11387&aid=304142&ucfs=1&arphpl=1&checkin=2026-02-01&checkout=2026-02-08&dest_id=-372490&dest_type=city&group_adults=2&req_adults=2&no_rooms=1&group_children=0&req_children=0&hpos=4&hapos=253&sr_order=popularity&srpvid=01ee4d642e4b01c6&srepoch=1737802846&all_sr_blocks=730657202_396826335_2_0_0&highlighted_blocks=730657202_396826335_2_0_0&matching_block_id=730657202_396826335_2_0_0&sr_pri_blocks=730657202_396826335_2_0_0__128257&from=searchresults
Apartment Barcelona Rentals - Gracia Pool Apartments Center,"Gracia, Barcelona",https://www.booking.com/hotel/es/apartment-barcelona-rentals-gracia-pool-apartments.es.html?label=gen173nr-1FCAEoggI46AdIClgEaEaIAQGYAQq4ARnIAQ_YAQHoAQH4AQKIAgGoAgO4ArL50rwGwAIB0gIkOGZlNzdlZTAtYjM2Ni00NjEwLWJjZDItYjc2NTUzNTkyZGM32AIF4AIB&sid=5ad11202ea9cc1c07c5ed8caaaf11387&aid=304142&ucfs=1&arphpl=1&checkin=2026-02-01&checkout=2026-02-08&dest_id=-372490&dest_type=city&group_adults=2&req_adults=2&no_rooms=1&group_children=0&req_children=0&hpos=5&hapos=254&sr_order=popularity&srpvid=01ee4d642e4b01c6&srepoch=1737802846&all_sr_blocks=194047901_357747218_2_0_0&highlighted_blocks=194047901_357747218_2_0_0&matching_block_id=194047901_357747218_2_0_0&sr_pri_blocks=194047901_357747218_2_0_0__120632&from=searchresults
4bedroom apart with balcony in Las Ramblas 1 1,"Ciutat Vella, Barcelona",https://www.booking.com/hotel/es/4bedroom-apartment-with-a-balcony-in-las-ramblas-1-1.es.html?label=gen173nr-1FCAEoggI46AdIClgEaEaIAQGYAQq4ARnIAQ_YAQHoAQH4AQKIAgGoAgO4ArL50rwGwAIB0gIkOGZlNzdlZTAtYjM2Ni00NjEwLWJjZDItYjc2NTUzNTkyZGM32AIF4AIB&sid=5ad11202ea9cc1c07c5ed8caaaf11387&aid=304142&ucfs=1&arphpl=1&checkin=2026-02-01&checkout=2026-02-08&dest_id=-372490&dest_type=city&group_adults=2&req_adults=2&no_rooms=1&group_children=0&req_children=0&hpos=6&hapos=255&sr_order=popularity&srpvid=01ee4d642e4b01c6&srepoch=1737802846&all_sr_blocks=874019202_399861474_6_0_0&highlighted_blocks=874019202_399861474_6_0_0&matching_block_id=874019202_399861474_6_0_0&sr_pri_blocks=874019202_399861474_6_0_0__328701&from=searchresults
My Space Emirates - Spacious Apartments near the City Center,"Sarrià-Sant Gervasi, Barcelona",https://www.booking.com/hotel/es/barcino-inversions-executive-apartments-center.es.html?label=gen173nr-1FCAEoggI46AdIClgEaEaIAQGYAQq4ARnIAQ_YAQHoAQH4AQKIAgGoAgO4ArL50rwGwAIB0gIkOGZlNzdlZTAtYjM2Ni00NjEwLWJjZDItYjc2NTUzNTkyZGM32AIF4AIB&sid=5ad11202ea9cc1c07c5ed8caaaf11387&aid=304142&ucfs=1&arphpl=1&checkin=2026-02-01&checkout=2026-02-08&dest_id=-372490&dest_type=city&group_adults=2&req_adults=2&no_rooms=1&group_children=0&req_children=0&hpos=7&hapos=256&sr_order=popularity&srpvid=01ee4d642e4b01c6&srepoch=1737802846&all_sr_blocks=1159423105_390578658_2_0_0&highlighted_blocks=1159423105_390578658_2_0_0&matching_block_id=1159423105_390578658_2_0_0&sr_pri_blocks=1159423105_390578658_2_0_0__101078&from=searchresults
My Space Barcelona Pool Garden Apartments,"Sarrià-Sant Gervasi, Barcelona",https://www.booking.com/hotel/es/barcelona-pool-attic.es.html?label=gen173nr-1FCAEoggI46AdIClgEaEaIAQGYAQq4ARnIAQ_YAQHoAQH4AQKIAgGoAgO4ArL50rwGwAIB0gIkOGZlNzdlZTAtYjM2Ni00NjEwLWJjZDItYjc2NTUzNTkyZGM32AIF4AIB&sid=5ad11202ea9cc1c07c5ed8caaaf11387&aid=304142&ucfs=1&arphpl=1&checkin=2026-02-01&checkout=2026-02-08&dest_id=-372490&dest_type=city&group_adults=2&req_adults=2&no_rooms=1&group_children=0&req_children=0&hpos=8&hapos=257&sr_order=popularity&srpvid=01ee4d642e4b01c6&srepoch=1737802846&all_sr_blocks=40345617_357747335_2_0_0&highlighted_blocks=40345617_357747335_2_0_0&matching_block_id=40345617_357747335_2_0_0&sr_pri_blocks=40345617_357747335_2_0_0__103808&from=searchresults
ENRIQUE GRANADOS,"Eixample, Barcelona",https://www.booking.com/hotel/es/enrique-granados.es.html?label=gen173nr-1FCAEoggI46AdIClgEaEaIAQGYAQq4ARnIAQ_YAQHoAQH4AQKIAgGoAgO4ArL50rwGwAIB0gIkOGZlNzdlZTAtYjM2Ni00NjEwLWJjZDItYjc2NTUzNTkyZGM32AIF4AIB&sid=5ad11202ea9cc1c07c5ed8caaaf11387&aid=304142&ucfs=1&arphpl=1&checkin=2026-02-01&checkout=2026-02-08&dest_id=-372490&dest_type=city&group_adults=2&req_adults=2&no_rooms=1&group_children=0&req_children=0&hpos=9&hapos=258&sr_order=popularity&srpvid=01ee4d642e4b01c6&srepoch=1737802846&all_sr_blocks=466103001_230193985_2_0_0&highlighted_blocks=466103001_230193985_2_0_0&matching_block_id=466103001_230193985_2_0_0&sr_pri_blocks=466103001_230193985_2_0_0__124288&from=searchresults
Flat Vila Olimpica Pere IV/Apartment,"Sant Martí, Barcelona",https://www.booking.com/hotel/es/new-modern-apartment-close-to-the-beach.es.html?label=gen173nr-1FCAEoggI46AdIClgEaEaIAQGYAQq4ARnIAQ_YAQHoAQH4AQKIAgGoAgO4ArL50rwGwAIB0gIkOGZlNzdlZTAtYjM2Ni00NjEwLWJjZDItYjc2NTUzNTkyZGM32AIF4AIB&sid=5ad11202ea9cc1c07c5ed8caaaf11387&aid=304142&ucfs=1&arphpl=1&checkin=2026-02-01&checkout=2026-02-08&dest_id=-372490&dest_type=city&group_adults=2&req_adults=2&no_rooms=1&group_children=0&req_children=0&hpos=10&hapos=259&sr_order=popularity&srpvid=01ee4d642e4b01c6&srepoch=1737802846&all_sr_blocks=270460803_343456185_3_0_0&highlighted_blocks=270460803_343456185_3_0_0&matching_block_id=270460803_343456185_3_0_0&sr_pri_blocks=270460803_343456185_3_0_0__120550&from=searchresults
Apartment Barcelona Rentals - Classic Bonanova Apartment,"Sarrià-Sant Gervasi, Barcelona",https://www.booking.com/hotel/es/apartment-barcelona-rentals-classic-bonanova-apartment.es.html?label=gen173nr-1FCAEoggI46AdIClgEaEaIAQGYAQq4ARnIAQ_YAQHoAQH4AQKIAgGoAgO4ArL50rwGwAIB0gIkOGZlNzdlZTAtYjM2Ni00NjEwLWJjZDItYjc2NTUzNTkyZGM32AIF4AIB&sid=5ad11202ea9cc1c07c5ed8caaaf11387&aid=304142&ucfs=1&arphpl=1&checkin=2026-02-01&checkout=2026-02-08&dest_id=-372490&dest_type=city&group_adults=2&req_adults=2&no_rooms=1&group_children=0&req_children=0&hpos=11&hapos=260&sr_order=popularity&srpvid=01ee4d642e4b01c6&srepoch=1737802846&all_sr_blocks=195890301_357747187_2_0_0&highlighted_blocks=195890301_357747187_2_0_0&matching_block_id=195890301_357747187_2_0_0&sr_pri_blocks=195890301_357747187_2_0_0__119096&from=searchresults
Cozy and bright 3BD apartment by Gran Via,"Eixample, Barcelona",https://www.booking.com/hotel/es/modern-and-bright-3bd-apartment-by-gran-via-plaza-espana.es.html?label=gen173nr-1FCAEoggI46AdIClgEaEaIAQGYAQq4ARnIAQ_YAQHoAQH4AQKIAgGoAgO4ArL50rwGwAIB0gIkOGZlNzdlZTAtYjM2Ni00NjEwLWJjZDItYjc2NTUzNTkyZGM32AIF4AIB&sid=5ad11202ea9cc1c07c5ed8caaaf11387&aid=304142&ucfs=1&arphpl=1&checkin=2026-02-01&checkout=2026-02-08&dest_id=-372490&dest_type=city&group_adults=2&req_adults=2&no_rooms=1&group_children=0&req_children=0&hpos=12&hapos=261&sr_order=popularity&srpvid=01ee4d642e4b01c6&srepoch=1737802846&all_sr_blocks=873640202_399861760_4_0_0&highlighted_blocks=873640202_399861760_4_0_0&matching_block_id=873640202_399861760_4_0_0&sr_pri_blocks=873640202_399861760_4_0_0__226742&from=searchresults
My Space Emirates - Splendid Apartment with Terrace and Pool near Park Güell,"Sarrià-Sant Gervasi, Barcelona",https://www.booking.com/hotel/es/barcino-inversions-splendid-apartment-with-terrace-and-pool-near-park-guell.es.html?label=gen173nr-1FCAEoggI46AdIClgEaEaIAQGYAQq4ARnIAQ_YAQHoAQH4AQKIAgGoAgO4ArL50rwGwAIB0gIkOGZlNzdlZTAtYjM2Ni00NjEwLWJjZDItYjc2NTUzNTkyZGM32AIF4AIB&sid=5ad11202ea9cc1c07c5ed8caaaf11387&aid=304142&ucfs=1&arphpl=1&checkin=2026-02-01&checkout=2026-02-08&dest_id=-372490&dest_type=city&group_adults=2&req_adults=2&no_rooms=1&group_children=0&req_children=0&hpos=13&hapos=262&sr_order=popularity&srpvid=01ee4d642e4b01c6&srepoch=1737802846&all_sr_blocks=1157096702_390578671_2_0_0&highlighted_blocks=1157096702_390578671_2_0_0&matching_block_id=1157096702_390578671_2_0_0&sr_pri_blocks=1157096702_390578671_2_0_0__103808&from=searchresults
Montaber Apartment - Bailén,"Eixample, Barcelona",https://www.booking.com/hotel/es/montaber-apartment-bailen.es.html?label=gen173nr-1FCAEoggI46AdIClgEaEaIAQGYAQq4ARnIAQ_YAQHoAQH4AQKIAgGoAgO4ArL50rwGwAIB0gIkOGZlNzdlZTAtYjM2Ni00NjEwLWJjZDItYjc2NTUzNTkyZGM32AIF4AIB&sid=5ad11202ea9cc1c07c5ed8caaaf11387&aid=304142&ucfs=1&arphpl=1&checkin=2026-02-01&checkout=2026-02-08&dest_id=-372490&dest_type=city&group_adults=2&req_adults=2&no_rooms=1&group_children=0&req_children=0&hpos=14&hapos=263&sr_order=popularity&srpvid=01ee4d642e4b01c6&srepoch=1737802846&all_sr_blocks=323640501_114651234_4_0_0&highlighted_blocks=323640501_114651234_4_0_0&matching_block_id=323640501_114651234_4_0_0&sr_pri_blocks=323640501_114651234_4_0_0__151676&from=searchresults
Paseo de Gracia modern 4BD with Terrace,"Eixample, Barcelona",https://www.booking.com/hotel/es/paseo-de-gracia-modern-4bd-with-terrace.es.html?label=gen173nr-1FCAEoggI46AdIClgEaEaIAQGYAQq4ARnIAQ_YAQHoAQH4AQKIAgGoAgO4ArL50rwGwAIB0gIkOGZlNzdlZTAtYjM2Ni00NjEwLWJjZDItYjc2NTUzNTkyZGM32AIF4AIB&sid=5ad11202ea9cc1c07c5ed8caaaf11387&aid=304142&ucfs=1&arphpl=1&checkin=2026-02-01&checkout=2026-02-08&dest_id=-372490&dest_type=city&group_adults=2&req_adults=2&no_rooms=1&group_children=0&req_children=0&hpos=15&hapos=264&sr_order=popularity&srpvid=01ee4d642e4b01c6&srepoch=1737802846&all_sr_blocks=1179199302_399861761_8_0_0&highlighted_blocks=1179199302_399861761_8_0_0&matching_block_id=1179199302_399861761_8_0_0&sr_pri_blocks=1179199302_399861761_8_0_0__361557&from=searchresults
Private terrace Attico 3BD in Gran de Gracia,"Gracia, Barcelona",https://www.booking.com/hotel/es/private-terrace-attico-3bd-in-gran-de-gracia.es.html?label=gen173nr-1FCAEoggI46AdIClgEaEaIAQGYAQq4ARnIAQ_YAQHoAQH4AQKIAgGoAgO4ArL50rwGwAIB0gIkOGZlNzdlZTAtYjM2Ni00NjEwLWJjZDItYjc2NTUzNTkyZGM32AIF4AIB&sid=5ad11202ea9cc1c07c5ed8caaaf11387&aid=304142&ucfs=1&arphpl=1&checkin=2026-02-01&checkout=2026-02-08&dest_id=-372490&dest_type=city&group_adults=2&req_adults=2&no_rooms=1&group_children=0&req_children=0&hpos=16&hapos=265&sr_order=popularity&srpvid=01ee4d642e4b01c6&srepoch=1737802846&all_sr_blocks=1066919402_399861739_8_0_0&highlighted_blocks=1066919402_399861739_8_0_0&matching_block_id=1066919402_399861739_8_0_0&sr_pri_blocks=1066919402_399861739_8_0_0__260189&from=searchresults
My Space Barcelona Bonanova Center,"Sarrià-Sant Gervasi, Barcelona",https://www.booking.com/hotel/es/apartamento-paseo-de-la-bonanova.es.html?label=gen173nr-1FCAEoggI46AdIClgEaEaIAQGYAQq4ARnIAQ_YAQHoAQH4AQKIAgGoAgO4ArL50rwGwAIB0gIkOGZlNzdlZTAtYjM2Ni00NjEwLWJjZDItYjc2NTUzNTkyZGM32AIF4AIB&sid=5ad11202ea9cc1c07c5ed8caaaf11387&aid=304142&ucfs=1&arphpl=1&checkin=2026-02-01&checkout=2026-02-08&dest_id=-372490&dest_type=city&group_adults=2&req_adults=2&no_rooms=1&group_children=0&req_children=0&hpos=17&hapos=266&sr_order=popularity&srpvid=01ee4d642e4b01c6&srepoch=1737802846&all_sr_blocks=160144901_357747302_2_0_0&highlighted_blocks=160144901_357747302_2_0_0&matching_block_id=160144901_357747302_2_0_0&sr_pri_blocks=160144901_357747302_2_0_0__118004&from=searchresults
Lodging Apartments Illa Diagonal,"Les Corts, Barcelona",https://www.booking.com/hotel/es/lodging-apartments-camp-nou.es.html?label=gen173nr-1FCAEoggI46AdIClgEaEaIAQGYAQq4ARnIAQ_YAQHoAQH4AQKIAgGoAgO4ArL50rwGwAIB0gIkOGZlNzdlZTAtYjM2Ni00NjEwLWJjZDItYjc2NTUzNTkyZGM32AIF4AIB&sid=5ad11202ea9cc1c07c5ed8caaaf11387&aid=304142&ucfs=1&arphpl=1&checkin=2026-02-01&checkout=2026-02-08&dest_id=-372490&dest_type=city&group_adults=2&req_adults=2&no_rooms=1&group_children=0&req_children=0&hpos=18&hapos=267&sr_order=popularity&srpvid=01ee4d642e4b01c6&srepoch=1737802846&all_sr_blocks=85530701_381977493_0_0_0&highlighted_blocks=85530701_381977493_0_0_0&matching_block_id=85530701_381977493_0_0_0&sr_pri_blocks=85530701_381977493_0_0_0__242783&from=searchresults
Cozy Apartment with Ensuite 11,"Eixample, Barcelona",https://www.booking.com/hotel/es/cozy-apartment-with-ensuite-11.es.html?label=gen173nr-1FCAEoggI46AdIClgEaEaIAQGYAQq4ARnIAQ_YAQHoAQH4AQKIAgGoAgO4ArL50rwGwAIB0gIkOGZlNzdlZTAtYjM2Ni00NjEwLWJjZDItYjc2NTUzNTkyZGM32AIF4AIB&sid=5ad11202ea9cc1c07c5ed8caaaf11387&aid=304142&ucfs=1&arphpl=1&checkin=2026-02-01&checkout=2026-02-08&dest_id=-372490&dest_type=city&group_adults=2&req_adults=2&no_rooms=1&group_children=0&req_children=0&hpos=19&hapos=268&sr_order=popularity&srpvid=01ee4d642e4b01c6&srepoch=1737802846&all_sr_blocks=1322992001_404969554_2_0_0&highlighted_blocks=1322992001_404969554_2_0_0&matching_block_id=1322992001_404969554_2_0_0&sr_pri_blocks=1322992001_404969554_2_0_0__147550&from=searchresults
SoLyLuNa,"Sants-Montjuïc, Barcelona",https://www.booking.com/hotel/es/solyluna.es.html?label=gen173nr-1FCAEoggI46AdIClgEaEaIAQGYAQq4ARnIAQ_YAQHoAQH4AQKIAgGoAgO4ArL50rwGwAIB0gIkOGZlNzdlZTAtYjM2Ni00NjEwLWJjZDItYjc2NTUzNTkyZGM32AIF4AIB&sid=5ad11202ea9cc1c07c5ed8caaaf11387&aid=304142&ucfs=1&arphpl=1&checkin=2026-02-01&checkout=2026-02-08&dest_id=-372490&dest_type=city&group_adults=2&req_adults=2&no_rooms=1&group_children=0&req_children=0&hpos=20&hapos=269&sr_order=popularity&srpvid=01ee4d642e4b01c6&srepoch=1737802846&all_sr_blocks=1317615601_404490731_2_0_0&highlighted_blocks=1317615601_404490731_2_0_0&matching_block_id=1317615601_404490731_2_0_0&sr_pri_blocks=1317615601_404490731_2_0_0__99470&from=searchresults
Hotel Yacht Sherte,Barcelona,https://www.booking.com/hotel/es/yacht-sherte.es.html?label=gen173nr-1FCAEoggI46AdIClgEaEaIAQGYAQq4ARnIAQ_YAQHoAQH4AQKIAgGoAgO4ArL50rwGwAIB0gIkOGZlNzdlZTAtYjM2Ni00NjEwLWJjZDItYjc2NTUzNTkyZGM32AIF4AIB&sid=5ad11202ea9cc1c07c5ed8caaaf11387&aid=304142&ucfs=1&arphpl=1&checkin=2026-02-01&checkout=2026-02-08&dest_id=-372490&dest_type=city&group_adults=2&req_adults=2&no_rooms=1&group_children=0&req_children=0&hpos=21&hapos=270&sr_order=popularity&srpvid=01ee4d642e4b01c6&srepoch=1737802846&all_sr_blocks=1300710102_402959469_2_0_0&highlighted_blocks=1300710102_402959469_2_0_0&matching_block_id=1300710102_402959469_2_0_0&sr_pri_blocks=1300710102_402959469_2_0_0__77000&from=searchresults
Bright and modern 3BD in Eixample,"Eixample, Barcelona",https://www.booking.com/hotel/es/bright-and-modern-3bd-in-eixample.es.html?label=gen173nr-1FCAEoggI46AdIClgEaEaIAQGYAQq4ARnIAQ_YAQHoAQH4AQKIAgGoAgO4ArL50rwGwAIB0gIkOGZlNzdlZTAtYjM2Ni00NjEwLWJjZDItYjc2NTUzNTkyZGM32AIF4AIB&sid=5ad11202ea9cc1c07c5ed8caaaf11387&aid=304142&ucfs=1&arphpl=1&checkin=2026-02-01&checkout=2026-02-08&dest_id=-372490&dest_type=city&group_adults=2&req_adults=2&no_rooms=1&group_children=0&req_children=0&hpos=22&hapos=271&sr_order=popularity&srpvid=01ee4d642e4b01c6&srepoch=1737802846&all_sr_blocks=997120202_399861663_5_0_0&highlighted_blocks=997120202_399861663_5_0_0&matching_block_id=997120202_399861663_5_0_0&sr_pri_blocks=997120202_399861663_5_0_0__278887&from=searchresults
Lodging Apartments Barceloneta Mar,"Ciutat Vella, Barcelona",https://www.booking.com/hotel/es/lodging-apartments-barceloneta-mar.es.html?label=gen173nr-1FCAEoggI46AdIClgEaEaIAQGYAQq4ARnIAQ_YAQHoAQH4AQKIAgGoAgO4ArL50rwGwAIB0gIkOGZlNzdlZTAtYjM2Ni00NjEwLWJjZDItYjc2NTUzNTkyZGM32AIF4AIB&sid=5ad11202ea9cc1c07c5ed8caaaf11387&aid=304142&ucfs=1&arphpl=1&checkin=2026-02-01&checkout=2026-02-08&dest_id=-372490&dest_type=city&group_adults=2&req_adults=2&no_rooms=1&group_children=0&req_children=0&hpos=23&hapos=272&sr_order=popularity&srpvid=01ee4d642e4b01c6&srepoch=1737802846&all_sr_blocks=968777801_381970410_2_0_0&highlighted_blocks=968777801_381970410_2_0_0&matching_block_id=968777801_381970410_2_0_0&sr_pri_blocks=968777801_381970410_2_0_0__238017&from=searchresults
EL BORN - Ciutat Vella - Port 5 pax 2 bedrooms,"Ciutat Vella, Barcelona",https://www.booking.com/hotel/es/el-born-ciutat-vella-port-5-pax-2-bedrooms.es.html?label=gen173nr-1FCAEoggI46AdIClgEaEaIAQGYAQq4ARnIAQ_YAQHoAQH4AQKIAgGoAgO4ArL50rwGwAIB0gIkOGZlNzdlZTAtYjM2Ni00NjEwLWJjZDItYjc2NTUzNTkyZGM32AIF4AIB&sid=5ad11202ea9cc1c07c5ed8caaaf11387&aid=304142&ucfs=1&arphpl=1&checkin=2026-02-01&checkout=2026-02-08&dest_id=-372490&dest_type=city&group_adults=2&req_adults=2&no_rooms=1&group_children=0&req_children=0&hpos=24&hapos=273&sr_order=popularity&srpvid=01ee4d642e4b01c6&srepoch=1737802846&all_sr_blocks=1200188301_392288009_4_0_0&highlighted_blocks=1200188301_392288009_4_0_0&matching_block_id=1200188301_392288009_4_0_0&sr_pri_blocks=1200188301_392288009_4_0_0__221787&from=searchresults
Central Station Hostel Barcelona,"Ciutat Vella, Barcelona",https://www.booking.com/hotel/es/hostel-razio.es.html?label=gen173nr-1FCAEoggI46AdIClgEaEaIAQGYAQq4ARnIAQ_YAQHoAQH4AQKIAgGoAgO4ArL50rwGwAIB0gIkOGZlNzdlZTAtYjM2Ni00NjEwLWJjZDItYjc2NTUzNTkyZGM32AIF4AIB&sid=5ad11202ea9cc1c07c5ed8caaaf11387&aid=304142&ucfs=1&arphpl=1&checkin=2026-02-01&checkout=2026-02-08&dest_id=-372490&dest_type=city&group_adults=2&req_adults=2&no_rooms=1&group_children=0&req_children=0&hpos=25&hapos=274&sr_order=popularity&srpvid=01ee4d642e4b01c6&srepoch=1737802846&all_sr_blocks=29834305_190244351_0_42_0&highlighted_blocks=29834305_190244351_0_42_0&matching_block_id=29834305_190244351_0_42_0&sr_pri_blocks=29834305_190244351_0_42_0__217000&from=searchresults
My Space Emirates - Charming Duplex in Barcelona ideal for Families or Friends,"Sarrià-Sant Gervasi, Barcelona",https://www.booking.com/hotel/es/barcino-inversions-charming-duplex-in-barcelona-deal-for-families-or-friends.es.html?label=gen173nr-1FCAEoggI46AdIClgEaEaIAQGYAQq4ARnIAQ_YAQHoAQH4AQKIAgGoAgO4ArL50rwGwAIB0gIkOGZlNzdlZTAtYjM2Ni00NjEwLWJjZDItYjc2NTUzNTkyZGM32AIF4AIB&sid=5ad11202ea9cc1c07c5ed8caaaf11387&aid=304142&ucfs=1&arphpl=1&checkin=2026-02-01&checkout=2026-02-08&dest_id=-372490&dest_type=city&group_adults=2&req_adults=2&no_rooms=1&group_children=0&req_children=0&hpos=1&hapos=275&sr_order=popularity&srpvid=01ee4d642e4b01c6&srepoch=1737802847&all_sr_blocks=1156653301_405121513_2_0_0&highlighted_blocks=1156653301_405121513_2_0_0&matching_block_id=1156653301_405121513_2_0_0&sr_pri_blocks=1156653301_405121513_2_0_0__89157&from=searchresults
Sunny 3BD apartment in Poblenou next to the beach,"Sant Martí, Barcelona",https://www.booking.com/hotel/es/sunny-3bd-apartment-in-poblenou-next-to-the-beach.es.html?label=gen173nr-1FCAEoggI46AdIClgEaEaIAQGYAQq4ARnIAQ_YAQHoAQH4AQKIAgGoAgO4ArL50rwGwAIB0gIkOGZlNzdlZTAtYjM2Ni00NjEwLWJjZDItYjc2NTUzNTkyZGM32AIF4AIB&sid=5ad11202ea9cc1c07c5ed8caaaf11387&aid=304142&ucfs=1&arphpl=1&checkin=2026-02-01&checkout=2026-02-08&dest_id=-372490&dest_type=city&group_adults=2&req_adults=2&no_rooms=1&group_children=0&req_children=0&hpos=2&hapos=276&sr_order=popularity&srpvid=01ee4d642e4b01c6&srepoch=1737802847&all_sr_blocks=985514602_399861659_4_0_0&highlighted_blocks=985514602_399861659_4_0_0&matching_block_id=985514602_399861659_4_0_0&sr_pri_blocks=985514602_399861659_4_0_0__202038&from=searchresults
Paseo de Gracia Catalan 4BD with private Terrace,"Eixample, Barcelona",https://www.booking.com/hotel/es/paseo-de-gracia-catalan-4bd-with-private-terrace.es.html?label=gen173nr-1FCAEoggI46AdIClgEaEaIAQGYAQq4ARnIAQ_YAQHoAQH4AQKIAgGoAgO4ArL50rwGwAIB0gIkOGZlNzdlZTAtYjM2Ni00NjEwLWJjZDItYjc2NTUzNTkyZGM32AIF4AIB&sid=5ad11202ea9cc1c07c5ed8caaaf11387&aid=304142&ucfs=1&arphpl=1&checkin=2026-02-01&checkout=2026-02-08&dest_id=-372490&dest_type=city&group_adults=2&req_adults=2&no_rooms=1&group_children=0&req_children=0&hpos=3&hapos=277&sr_order=popularity&srpvid=01ee4d642e4b01c6&srepoch=1737802847&all_sr_blocks=1179089802_399861769_8_0_0&highlighted_blocks=1179089802_399861769_8_0_0&matching_block_id=1179089802_399861769_8_0_0&sr_pri_blocks=1179089802_399861769_8_0_0__462203&from=searchresults
My Space Barcelona Guell Terrace Center,"Sarrià-Sant Gervasi, Barcelona",https://www.booking.com/hotel/es/guell-terrace.es.html?label=gen173nr-1FCAEoggI46AdIClgEaEaIAQGYAQq4ARnIAQ_YAQHoAQH4AQKIAgGoAgO4ArL50rwGwAIB0gIkOGZlNzdlZTAtYjM2Ni00NjEwLWJjZDItYjc2NTUzNTkyZGM32AIF4AIB&sid=5ad11202ea9cc1c07c5ed8caaaf11387&aid=304142&ucfs=1&arphpl=1&checkin=2026-02-01&checkout=2026-02-08&dest_id=-372490&dest_type=city&group_adults=2&req_adults=2&no_rooms=1&group_children=0&req_children=0&hpos=4&hapos=278&sr_order=popularity&srpvid=01ee4d642e4b01c6&srepoch=1737802847&all_sr_blocks=40343601_357747337_2_0_0&highlighted_blocks=40343601_357747337_2_0_0&matching_block_id=40343601_357747337_2_0_0&sr_pri_blocks=40343601_357747337_2_0_0__97893&from=searchresults
My Space Barcelona Gracia Pool Terrace,"Gracia, Barcelona",https://www.booking.com/hotel/es/gracia-pool-terrace.es.html?label=gen173nr-1FCAEoggI46AdIClgEaEaIAQGYAQq4ARnIAQ_YAQHoAQH4AQKIAgGoAgO4ArL50rwGwAIB0gIkOGZlNzdlZTAtYjM2Ni00NjEwLWJjZDItYjc2NTUzNTkyZGM32AIF4AIB&sid=5ad11202ea9cc1c07c5ed8caaaf11387&aid=304142&ucfs=1&arphpl=1&checkin=2026-02-01&checkout=2026-02-08&dest_id=-372490&dest_type=city&group_adults=2&req_adults=2&no_rooms=1&group_children=0&req_children=0&hpos=5&hapos=279&sr_order=popularity&srpvid=01ee4d642e4b01c6&srepoch=1737802847&all_sr_blocks=161717701_357747294_2_0_0&highlighted_blocks=161717701_357747294_2_0_0&matching_block_id=161717701_357747294_2_0_0&sr_pri_blocks=161717701_357747294_2_0_0__110815&from=searchresults
My Space Barcelona Rambla Catalunya Center,"Eixample, Barcelona",https://www.booking.com/hotel/es/luxury-rambla.es.html?label=gen173nr-1FCAEoggI46AdIClgEaEaIAQGYAQq4ARnIAQ_YAQHoAQH4AQKIAgGoAgO4ArL50rwGwAIB0gIkOGZlNzdlZTAtYjM2Ni00NjEwLWJjZDItYjc2NTUzNTkyZGM32AIF4AIB&sid=5ad11202ea9cc1c07c5ed8caaaf11387&aid=304142&ucfs=1&arphpl=1&checkin=2026-02-01&checkout=2026-02-08&dest_id=-372490&dest_type=city&group_adults=2&req_adults=2&no_rooms=1&group_children=0&req_children=0&hpos=6&hapos=280&sr_order=popularity&srpvid=01ee4d642e4b01c6&srepoch=1737802847&all_sr_blocks=79320602_357747314_2_0_0&highlighted_blocks=79320602_357747314_2_0_0&matching_block_id=79320602_357747314_2_0_0&sr_pri_blocks=79320602_357747314_2_0_0__145938&from=searchresults
Amazing 5 bd 5 bathroom next to Plaza Catalunya,"Eixample, Barcelona",https://www.booking.com/hotel/es/amazing-5-bedrooms-5-bathrooms-next-to-universitat-and-plaza-catalunya.es.html?label=gen173nr-1FCAEoggI46AdIClgEaEaIAQGYAQq4ARnIAQ_YAQHoAQH4AQKIAgGoAgO4ArL50rwGwAIB0gIkOGZlNzdlZTAtYjM2Ni00NjEwLWJjZDItYjc2NTUzNTkyZGM32AIF4AIB&sid=5ad11202ea9cc1c07c5ed8caaaf11387&aid=304142&ucfs=1&arphpl=1&checkin=2026-02-01&checkout=2026-02-08&dest_id=-372490&dest_type=city&group_adults=2&req_adults=2&no_rooms=1&group_children=0&req_children=0&hpos=7&hapos=281&sr_order=popularity&srpvid=01ee4d642e4b01c6&srepoch=1737802847&all_sr_blocks=874038702_399861666_10_0_0&highlighted_blocks=874038702_399861666_10_0_0&matching_block_id=874038702_399861666_10_0_0&sr_pri_blocks=874038702_399861666_10_0_0__751032&from=searchresults
Click&Flat Gaudi Dream I,"Eixample, Barcelona",https://www.booking.com/hotel/es/amazing-views-over-sagrada-familia.es.html?label=gen173nr-1FCAEoggI46AdIClgEaEaIAQGYAQq4ARnIAQ_YAQHoAQH4AQKIAgGoAgO4ArL50rwGwAIB0gIkOGZlNzdlZTAtYjM2Ni00NjEwLWJjZDItYjc2NTUzNTkyZGM32AIF4AIB&sid=5ad11202ea9cc1c07c5ed8caaaf11387&aid=304142&ucfs=1&arphpl=1&checkin=2026-02-01&checkout=2026-02-08&dest_id=-372490&dest_type=city&group_adults=2&req_adults=2&no_rooms=1&group_children=0&req_children=0&hpos=8&hapos=282&sr_order=popularity&srpvid=01ee4d642e4b01c6&srepoch=1737802847&all_sr_blocks=999547701_372778771_2_0_0_500285&highlighted_blocks=999547701_372778771_2_0_0_500285&matching_block_id=999547701_372778771_2_0_0_500285&sr_pri_blocks=999547701_372778771_2_0_0_500285_167325&from=searchresults
Lodging Apartments Beach Studio P1,"Ciutat Vella, Barcelona",https://www.booking.com/hotel/es/lodging-apartments-beach-studio-p1.es.html?label=gen173nr-1FCAEoggI46AdIClgEaEaIAQGYAQq4ARnIAQ_YAQHoAQH4AQKIAgGoAgO4ArL50rwGwAIB0gIkOGZlNzdlZTAtYjM2Ni00NjEwLWJjZDItYjc2NTUzNTkyZGM32AIF4AIB&sid=5ad11202ea9cc1c07c5ed8caaaf11387&aid=304142&ucfs=1&arphpl=1&checkin=2026-02-01&checkout=2026-02-08&dest_id=-372490&dest_type=city&group_adults=2&req_adults=2&no_rooms=1&group_children=0&req_children=0&hpos=9&hapos=283&sr_order=popularity&srpvid=01ee4d642e4b01c6&srepoch=1737802847&all_sr_blocks=775872901_381970797_2_0_0&highlighted_blocks=775872901_381970797_2_0_0&matching_block_id=775872901_381970797_2_0_0&sr_pri_blocks=775872901_381970797_2_0_0__251432&from=searchresults
Alojamiento Nuevo Valenci,"Eixample, Barcelona",https://www.booking.com/hotel/es/alojamiento-nuevo-valenci.es.html?label=gen173nr-1FCAEoggI46AdIClgEaEaIAQGYAQq4ARnIAQ_YAQHoAQH4AQKIAgGoAgO4ArL50rwGwAIB0gIkOGZlNzdlZTAtYjM2Ni00NjEwLWJjZDItYjc2NTUzNTkyZGM32AIF4AIB&sid=5ad11202ea9cc1c07c5ed8caaaf11387&aid=304142&ucfs=1&arphpl=1&checkin=2026-02-01&checkout=2026-02-08&dest_id=-372490&dest_type=city&group_adults=2&req_adults=2&no_rooms=1&group_children=0&req_children=0&hpos=10&hapos=284&sr_order=popularity&srpvid=01ee4d642e4b01c6&srepoch=1737802847&all_sr_blocks=1315619902_404376928_2_0_0&highlighted_blocks=1315619902_404376928_2_0_0&matching_block_id=1315619902_404376928_2_0_0&sr_pri_blocks=1315619902_404376928_2_0_0__59200&from=searchresults
Kronos on the Beach suite 1,"Ciutat Vella, Barcelona",https://www.booking.com/hotel/es/barceloneta-suite-1.es.html?label=gen173nr-1FCAEoggI46AdIClgEaEaIAQGYAQq4ARnIAQ_YAQHoAQH4AQKIAgGoAgO4ArL50rwGwAIB0gIkOGZlNzdlZTAtYjM2Ni00NjEwLWJjZDItYjc2NTUzNTkyZGM32AIF4AIB&sid=5ad11202ea9cc1c07c5ed8caaaf11387&aid=304142&ucfs=1&arphpl=1&checkin=2026-02-01&checkout=2026-02-08&dest_id=-372490&dest_type=city&group_adults=2&req_adults=2&no_rooms=1&group_children=0&req_children=0&hpos=11&hapos=285&sr_order=popularity&srpvid=01ee4d642e4b01c6&srepoch=1737802847&all_sr_blocks=628614002_394308434_4_0_0&highlighted_blocks=628614002_394308434_4_0_0&matching_block_id=628614002_394308434_4_0_0&sr_pri_blocks=628614002_394308434_4_0_0__353328&from=searchresults
Alojamiento Diputacion,"Eixample, Barcelona",https://www.booking.com/hotel/es/alojamiento-diputacion.es.html?label=gen173nr-1FCAEoggI46AdIClgEaEaIAQGYAQq4ARnIAQ_YAQHoAQH4AQKIAgGoAgO4ArL50rwGwAIB0gIkOGZlNzdlZTAtYjM2Ni00NjEwLWJjZDItYjc2NTUzNTkyZGM32AIF4AIB&sid=5ad11202ea9cc1c07c5ed8caaaf11387&aid=304142&ucfs=1&arphpl=1&checkin=2026-02-01&checkout=2026-02-08&dest_id=-372490&dest_type=city&group_adults=2&req_adults=2&no_rooms=1&group_children=0&req_children=0&hpos=12&hapos=286&sr_order=popularity&srpvid=01ee4d642e4b01c6&srepoch=1737802847&all_sr_blocks=761908001_403847950_2_0_0&highlighted_blocks=761908001_403847950_2_0_0&matching_block_id=761908001_403847950_2_0_0&sr_pri_blocks=761908001_403847950_2_0_0__68132&from=searchresults
Kronos on the Beach suite 3,"Ciutat Vella, Barcelona",https://www.booking.com/hotel/es/khronos-on-the-beach-suite-3.es.html?label=gen173nr-1FCAEoggI46AdIClgEaEaIAQGYAQq4ARnIAQ_YAQHoAQH4AQKIAgGoAgO4ArL50rwGwAIB0gIkOGZlNzdlZTAtYjM2Ni00NjEwLWJjZDItYjc2NTUzNTkyZGM32AIF4AIB&sid=5ad11202ea9cc1c07c5ed8caaaf11387&aid=304142&ucfs=1&arphpl=1&checkin=2026-02-01&checkout=2026-02-08&dest_id=-372490&dest_type=city&group_adults=2&req_adults=2&no_rooms=1&group_children=0&req_children=0&hpos=13&hapos=287&sr_order=popularity&srpvid=01ee4d642e4b01c6&srepoch=1737802847&all_sr_blocks=628617902_381971858_4_0_0&highlighted_blocks=628617902_381971858_4_0_0&matching_block_id=628617902_381971858_4_0_0&sr_pri_blocks=628617902_381971858_4_0_0__384144&from=searchresults
Fridays Flats Charming Apartment In Clot,"Sant Martí, Barcelona",https://www.booking.com/hotel/es/charming-renovated-apartment-in-clot.es.html?label=gen173nr-1FCAEoggI46AdIClgEaEaIAQGYAQq4ARnIAQ_YAQHoAQH4AQKIAgGoAgO4ArL50rwGwAIB0gIkOGZlNzdlZTAtYjM2Ni00NjEwLWJjZDItYjc2NTUzNTkyZGM32AIF4AIB&sid=5ad11202ea9cc1c07c5ed8caaaf11387&aid=304142&ucfs=1&arphpl=1&checkin=2026-02-01&checkout=2026-02-08&dest_id=-372490&dest_type=city&group_adults=2&req_adults=2&no_rooms=1&group_children=0&req_children=0&hpos=14&hapos=288&sr_order=popularity&srpvid=01ee4d642e4b01c6&srepoch=1737802847&all_sr_blocks=1069713002_396972109_0_0_0&highlighted_blocks=1069713002_396972109_0_0_0&matching_block_id=1069713002_396972109_0_0_0&sr_pri_blocks=1069713002_396972109_0_0_0__268417&from=searchresults
My Space Emirates - Bright Apartment in Gracia with shared Pool,"Gracia, Barcelona",https://www.booking.com/hotel/es/barcino-inversions-bright-apartment-in-gracia-with-pool.es.html?label=gen173nr-1FCAEoggI46AdIClgEaEaIAQGYAQq4ARnIAQ_YAQHoAQH4AQKIAgGoAgO4ArL50rwGwAIB0gIkOGZlNzdlZTAtYjM2Ni00NjEwLWJjZDItYjc2NTUzNTkyZGM32AIF4AIB&sid=5ad11202ea9cc1c07c5ed8caaaf11387&aid=304142&ucfs=1&arphpl=1&checkin=2026-02-01&checkout=2026-02-08&dest_id=-372490&dest_type=city&group_adults=2&req_adults=2&no_rooms=1&group_children=0&req_children=0&hpos=15&hapos=289&sr_order=popularity&srpvid=01ee4d642e4b01c6&srepoch=1737802847&all_sr_blocks=1160414101_405120184_2_0_0&highlighted_blocks=1160414101_405120184_2_0_0&matching_block_id=1160414101_405120184_2_0_0&sr_pri_blocks=1160414101_405120184_2_0_0__110815&from=searchresults
Ramblas Apartment 5,"Ciutat Vella, Barcelona",https://www.booking.com/hotel/es/apartment-in-the-gothic-quarter-barcelona.es.html?label=gen173nr-1FCAEoggI46AdIClgEaEaIAQGYAQq4ARnIAQ_YAQHoAQH4AQKIAgGoAgO4ArL50rwGwAIB0gIkOGZlNzdlZTAtYjM2Ni00NjEwLWJjZDItYjc2NTUzNTkyZGM32AIF4AIB&sid=5ad11202ea9cc1c07c5ed8caaaf11387&aid=304142&ucfs=1&arphpl=1&checkin=2026-02-01&checkout=2026-02-08&dest_id=-372490&dest_type=city&group_adults=2&req_adults=2&no_rooms=1&group_children=0&req_children=0&hpos=16&hapos=290&sr_order=popularity&srpvid=01ee4d642e4b01c6&srepoch=1737802847&all_sr_blocks=1261571201_398776158_2_0_0&highlighted_blocks=1261571201_398776158_2_0_0&matching_block_id=1261571201_398776158_2_0_0&sr_pri_blocks=1261571201_398776158_2_0_0__167964&from=searchresults
Classic Boat,Barcelona,https://www.booking.com/hotel/es/rodeur.es.html?label=gen173nr-1FCAEoggI46AdIClgEaEaIAQGYAQq4ARnIAQ_YAQHoAQH4AQKIAgGoAgO4ArL50rwGwAIB0gIkOGZlNzdlZTAtYjM2Ni00NjEwLWJjZDItYjc2NTUzNTkyZGM32AIF4AIB&sid=5ad11202ea9cc1c07c5ed8caaaf11387&aid=304142&ucfs=1&arphpl=1&checkin=2026-02-01&checkout=2026-02-08&dest_id=-372490&dest_type=city&group_adults=2&req_adults=2&no_rooms=1&group_children=0&req_children=0&hpos=17&hapos=291&sr_order=popularity&srpvid=01ee4d642e4b01c6&srepoch=1737802847&all_sr_blocks=1239143601_398604288_2_0_0_545507&highlighted_blocks=1239143601_398604288_2_0_0_545507&matching_block_id=1239143601_398604288_2_0_0_545507&sr_pri_blocks=1239143601_398604288_2_0_0_545507_154280&from=searchresults
Kronos on the beach Suite 4,"Ciutat Vella, Barcelona",https://www.booking.com/hotel/es/bright-and-modern-apartment-with-sea-view.es.html?label=gen173nr-1FCAEoggI46AdIClgEaEaIAQGYAQq4ARnIAQ_YAQHoAQH4AQKIAgGoAgO4ArL50rwGwAIB0gIkOGZlNzdlZTAtYjM2Ni00NjEwLWJjZDItYjc2NTUzNTkyZGM32AIF4AIB&sid=5ad11202ea9cc1c07c5ed8caaaf11387&aid=304142&ucfs=1&arphpl=1&checkin=2026-02-01&checkout=2026-02-08&dest_id=-372490&dest_type=city&group_adults=2&req_adults=2&no_rooms=1&group_children=0&req_children=0&hpos=18&hapos=292&sr_order=popularity&srpvid=01ee4d642e4b01c6&srepoch=1737802847&all_sr_blocks=727413901_381971805_0_0_0&highlighted_blocks=727413901_381971805_0_0_0&matching_block_id=727413901_381971805_0_0_0&sr_pri_blocks=727413901_381971805_0_0_0__387981&from=searchresults
Apartment Barcelona Rentals - Private Pool and Garden Center,"Sarrià-Sant Gervasi, Barcelona",https://www.booking.com/hotel/es/apartment-barcelona-rentals-private-pool-and-garden.es.html?label=gen173nr-1FCAEoggI46AdIClgEaEaIAQGYAQq4ARnIAQ_YAQHoAQH4AQKIAgGoAgO4ArL50rwGwAIB0gIkOGZlNzdlZTAtYjM2Ni00NjEwLWJjZDItYjc2NTUzNTkyZGM32AIF4AIB&sid=5ad11202ea9cc1c07c5ed8caaaf11387&aid=304142&ucfs=1&arphpl=1&checkin=2026-02-01&checkout=2026-02-08&dest_id=-372490&dest_type=city&group_adults=2&req_adults=2&no_rooms=1&group_children=0&req_children=0&hpos=19&hapos=293&sr_order=popularity&srpvid=01ee4d642e4b01c6&srepoch=1737802847&all_sr_blocks=203199601_357747175_2_0_0&highlighted_blocks=203199601_357747175_2_0_0&matching_block_id=203199601_357747175_2_0_0&sr_pri_blocks=203199601_357747175_2_0_0__130377&from=searchresults
My Space Emirates - Modern Duplex with Private Garden and Swimming Pool,"Sarrià-Sant Gervasi, Barcelona",https://www.booking.com/hotel/es/barcino-inversions-private-pool-and-garden-center.es.html?label=gen173nr-1FCAEoggI46AdIClgEaEaIAQGYAQq4ARnIAQ_YAQHoAQH4AQKIAgGoAgO4ArL50rwGwAIB0gIkOGZlNzdlZTAtYjM2Ni00NjEwLWJjZDItYjc2NTUzNTkyZGM32AIF4AIB&sid=5ad11202ea9cc1c07c5ed8caaaf11387&aid=304142&ucfs=1&arphpl=1&checkin=2026-02-01&checkout=2026-02-08&dest_id=-372490&dest_type=city&group_adults=2&req_adults=2&no_rooms=1&group_children=0&req_children=0&hpos=20&hapos=294&sr_order=popularity&srpvid=01ee4d642e4b01c6&srepoch=1737802847&all_sr_blocks=1159306202_405120263_2_0_0&highlighted_blocks=1159306202_405120263_2_0_0&matching_block_id=1159306202_405120263_2_0_0&sr_pri_blocks=1159306202_405120263_2_0_0__129740&from=searchresults
Lodging Apartments Beach Studio 41,"Ciutat Vella, Barcelona",https://www.booking.com/hotel/es/lodging-apartments-beach-studio-41.es.html?label=gen173nr-1FCAEoggI46AdIClgEaEaIAQGYAQq4ARnIAQ_YAQHoAQH4AQKIAgGoAgO4ArL50rwGwAIB0gIkOGZlNzdlZTAtYjM2Ni00NjEwLWJjZDItYjc2NTUzNTkyZGM32AIF4AIB&sid=5ad11202ea9cc1c07c5ed8caaaf11387&aid=304142&ucfs=1&arphpl=1&checkin=2026-02-01&checkout=2026-02-08&dest_id=-372490&dest_type=city&group_adults=2&req_adults=2&no_rooms=1&group_children=0&req_children=0&hpos=21&hapos=295&sr_order=popularity&srpvid=01ee4d642e4b01c6&srepoch=1737802847&all_sr_blocks=775866901_381970825_2_0_0&highlighted_blocks=775866901_381970825_2_0_0&matching_block_id=775866901_381970825_2_0_0&sr_pri_blocks=775866901_381970825_2_0_0__251432&from=searchresults
Apartment Barcelona Rentals - Swimming Pool with Terrace,"Sarrià-Sant Gervasi, Barcelona",https://www.booking.com/hotel/es/apartment-barcelona-rentals-swimming-pool-with-terrace.es.html?label=gen173nr-1FCAEoggI46AdIClgEaEaIAQGYAQq4ARnIAQ_YAQHoAQH4AQKIAgGoAgO4ArL50rwGwAIB0gIkOGZlNzdlZTAtYjM2Ni00NjEwLWJjZDItYjc2NTUzNTkyZGM32AIF4AIB&sid=5ad11202ea9cc1c07c5ed8caaaf11387&aid=304142&ucfs=1&arphpl=1&checkin=2026-02-01&checkout=2026-02-08&dest_id=-372490&dest_type=city&group_adults=2&req_adults=2&no_rooms=1&group_children=0&req_children=0&hpos=22&hapos=296&sr_order=popularity&srpvid=01ee4d642e4b01c6&srepoch=1737802847&all_sr_blocks=194705901_380060954_2_0_0&highlighted_blocks=194705901_380060954_2_0_0&matching_block_id=194705901_380060954_2_0_0&sr_pri_blocks=194705901_380060954_2_0_0__105082&from=searchresults
Lodging Apartments Beach Apartment Villa Olimpica,"Sant Martí, Barcelona",https://www.booking.com/hotel/es/beach-apartment-villa-olimpica.es.html?label=gen173nr-1FCAEoggI46AdIClgEaEaIAQGYAQq4ARnIAQ_YAQHoAQH4AQKIAgGoAgO4ArL50rwGwAIB0gIkOGZlNzdlZTAtYjM2Ni00NjEwLWJjZDItYjc2NTUzNTkyZGM32AIF4AIB&sid=5ad11202ea9cc1c07c5ed8caaaf11387&aid=304142&ucfs=1&arphpl=1&checkin=2026-02-01&checkout=2026-02-08&dest_id=-372490&dest_type=city&group_adults=2&req_adults=2&no_rooms=1&group_children=0&req_children=0&hpos=23&hapos=297&sr_order=popularity&srpvid=01ee4d642e4b01c6&srepoch=1737802847&all_sr_blocks=147590201_254855027_0_0_0&highlighted_blocks=147590201_254855027_0_0_0&matching_block_id=147590201_254855027_0_0_0&sr_pri_blocks=147590201_254855027_0_0_0__332217&from=searchresults
Clot market,"Sant Martí, Barcelona",https://www.booking.com/hotel/es/clot-market.es.html?label=gen173nr-1FCAEoggI46AdIClgEaEaIAQGYAQq4ARnIAQ_YAQHoAQH4AQKIAgGoAgO4ArL50rwGwAIB0gIkOGZlNzdlZTAtYjM2Ni00NjEwLWJjZDItYjc2NTUzNTkyZGM32AIF4AIB&sid=5ad11202ea9cc1c07c5ed8caaaf11387&aid=304142&ucfs=1&arphpl=1&checkin=2026-02-01&checkout=2026-02-08&dest_id=-372490&dest_type=city&group_adults=2&req_adults=2&no_rooms=1&group_children=0&req_children=0&hpos=24&hapos=298&sr_order=popularity&srpvid=01ee4d642e4b01c6&srepoch=1737802847&all_sr_blocks=816218902_344106606_2_0_0&highlighted_blocks=816218902_344106606_2_0_0&matching_block_id=816218902_344106606_2_0_0&sr_pri_blocks=816218902_344106606_2_0_0__93355&from=searchresults
My Space Barcelona Pool City Center,"Eixample, Barcelona",https://www.booking.com/hotel/es/arc-de-triomf-city-center.es.html?label=gen173nr-1FCAEoggI46AdIClgEaEaIAQGYAQq4ARnIAQ_YAQHoAQH4AQKIAgGoAgO4ArL50rwGwAIB0gIkOGZlNzdlZTAtYjM2Ni00NjEwLWJjZDItYjc2NTUzNTkyZGM32AIF4AIB&sid=5ad11202ea9cc1c07c5ed8caaaf11387&aid=304142&ucfs=1&arphpl=1&checkin=2026-02-01&checkout=2026-02-08&dest_id=-372490&dest_type=city&group_adults=2&req_adults=2&no_rooms=1&group_children=0&req_children=0&hpos=25&hapos=299&sr_order=popularity&srpvid=01ee4d642e4b01c6&srepoch=1737802847&all_sr_blocks=38086901_357747341_2_0_0&highlighted_blocks=38086901_357747341_2_0_0&matching_block_id=38086901_357747341_2_0_0&sr_pri_blocks=38086901_357747341_2_0_0__126740&from=searchresults
Well located apartment city center,"Ciutat Vella, Barcelona",https://www.booking.com/hotel/es/well-located-apartment-city-center.es.html?label=gen173nr-1FCAEoggI46AdIClgEaEaIAQGYAQq4ARnIAQ_YAQHoAQH4AQKIAgGoAgO4ArL50rwGwAIB0gIkOGZlNzdlZTAtYjM2Ni00NjEwLWJjZDItYjc2NTUzNTkyZGM32AIF4AIB&sid=5ad11202ea9cc1c07c5ed8caaaf11387&aid=304142&ucfs=1&arphpl=1&checkin=2026-02-01&checkout=2026-02-08&dest_id=-372490&dest_type=city&group_adults=2&req_adults=2&no_rooms=1&group_children=0&req_children=0&hpos=1&hapos=300&sr_order=popularity&srpvid=01ee4d642e4b01c6&srepoch=1737802849&all_sr_blocks=1275661301_400442094_2_0_0&highlighted_blocks=1275661301_400442094_2_0_0&matching_block_id=1275661301_400442094_2_0_0&sr_pri_blocks=1275661301_400442094_2_0_0__107361&from=searchresults
Kronos on the Beach Attic Suite,"Ciutat Vella, Barcelona",https://www.booking.com/hotel/es/barceloneta-attic-suite.es.html?label=gen173nr-1FCAEoggI46AdIClgEaEaIAQGYAQq4ARnIAQ_YAQHoAQH4AQKIAgGoAgO4ArL50rwGwAIB0gIkOGZlNzdlZTAtYjM2Ni00NjEwLWJjZDItYjc2NTUzNTkyZGM32AIF4AIB&sid=5ad11202ea9cc1c07c5ed8caaaf11387&aid=304142&ucfs=1&arphpl=1&checkin=2026-02-01&checkout=2026-02-08&dest_id=-372490&dest_type=city&group_adults=2&req_adults=2&no_rooms=1&group_children=0&req_children=0&hpos=2&hapos=301&sr_order=popularity&srpvid=01ee4d642e4b01c6&srepoch=1737802849&all_sr_blocks=628612802_381977175_2_0_0&highlighted_blocks=628612802_381977175_2_0_0&matching_block_id=628612802_381977175_2_0_0&sr_pri_blocks=628612802_381977175_2_0_0__384959&from=searchresults
My Space Emirates - Fully equipped apartments near the Beach with shared pool,"Eixample, Barcelona",https://www.booking.com/hotel/es/barcino-inversions-fully-equiped-apartments-near-the-beach-with-shared-pool.es.html?label=gen173nr-1FCAEoggI46AdIClgEaEaIAQGYAQq4ARnIAQ_YAQHoAQH4AQKIAgGoAgO4ArL50rwGwAIB0gIkOGZlNzdlZTAtYjM2Ni00NjEwLWJjZDItYjc2NTUzNTkyZGM32AIF4AIB&sid=5ad11202ea9cc1c07c5ed8caaaf11387&aid=304142&ucfs=1&arphpl=1&checkin=2026-02-01&checkout=2026-02-08&dest_id=-372490&dest_type=city&group_adults=2&req_adults=2&no_rooms=1&group_children=0&req_children=0&hpos=3&hapos=302&sr_order=popularity&srpvid=01ee4d642e4b01c6&srepoch=1737802849&all_sr_blocks=1162922904_405120141_2_0_0&highlighted_blocks=1162922904_405120141_2_0_0&matching_block_id=1162922904_405120141_2_0_0&sr_pri_blocks=1162922904_405120141_2_0_0__126740&from=searchresults
Hostal MiMi Las Ramblas,"Ciutat Vella, Barcelona",https://www.booking.com/hotel/es/hostal-albi-barcelona.es.html?label=gen173nr-1FCAEoggI46AdIClgEaEaIAQGYAQq4ARnIAQ_YAQHoAQH4AQKIAgGoAgO4ArL50rwGwAIB0gIkOGZlNzdlZTAtYjM2Ni00NjEwLWJjZDItYjc2NTUzNTkyZGM32AIF4AIB&sid=5ad11202ea9cc1c07c5ed8caaaf11387&aid=304142&ucfs=1&arphpl=1&checkin=2026-02-01&checkout=2026-02-08&dest_id=-372490&dest_type=city&group_adults=2&req_adults=2&no_rooms=1&group_children=0&req_children=0&hpos=4&hapos=303&sr_order=popularity&srpvid=01ee4d642e4b01c6&srepoch=1737802849&all_sr_blocks=68017025_342455202_0_0_0&highlighted_blocks=68017025_342455202_0_0_0&matching_block_id=68017025_342455202_0_0_0&sr_pri_blocks=68017025_342455202_0_0_0__126700&from=searchresults
Gran Via modern and bright 3BD with terrace,"Eixample, Barcelona",https://www.booking.com/hotel/es/gran-via-modern-and-bright-3bd-with-terrace.es.html?label=gen173nr-1FCAEoggI46AdIClgEaEaIAQGYAQq4ARnIAQ_YAQHoAQH4AQKIAgGoAgO4ArL50rwGwAIB0gIkOGZlNzdlZTAtYjM2Ni00NjEwLWJjZDItYjc2NTUzNTkyZGM32AIF4AIB&sid=5ad11202ea9cc1c07c5ed8caaaf11387&aid=304142&ucfs=1&arphpl=1&checkin=2026-02-01&checkout=2026-02-08&dest_id=-372490&dest_type=city&group_adults=2&req_adults=2&no_rooms=1&group_children=0&req_children=0&hpos=5&hapos=304&sr_order=popularity&srpvid=01ee4d642e4b01c6&srepoch=1737802849&all_sr_blocks=1335864102_406069790_5_0_0&highlighted_blocks=1335864102_406069790_5_0_0&matching_block_id=1335864102_406069790_5_0_0&sr_pri_blocks=1335864102_406069790_5_0_0__220616&from=searchresults
My Space Emirates - Apartments in Rambla de Catalunya,"Eixample, Barcelona",https://www.booking.com/hotel/es/barcino-inversions-apartments-in-rambla-de-catalunya.es.html?label=gen173nr-1FCAEoggI46AdIClgEaEaIAQGYAQq4ARnIAQ_YAQHoAQH4AQKIAgGoAgO4ArL50rwGwAIB0gIkOGZlNzdlZTAtYjM2Ni00NjEwLWJjZDItYjc2NTUzNTkyZGM32AIF4AIB&sid=5ad11202ea9cc1c07c5ed8caaaf11387&aid=304142&ucfs=1&arphpl=1&checkin=2026-02-01&checkout=2026-02-08&dest_id=-372490&dest_type=city&group_adults=2&req_adults=2&no_rooms=1&group_children=0&req_children=0&hpos=6&hapos=305&sr_order=popularity&srpvid=01ee4d642e4b01c6&srepoch=1737802849&all_sr_blocks=1160338602_390578657_2_0_0&highlighted_blocks=1160338602_390578657_2_0_0&matching_block_id=1160338602_390578657_2_0_0&sr_pri_blocks=1160338602_390578657_2_0_0__145938&from=searchresults
Ronda Sant Pere Private City Center 3Bedroom Suite C,"Eixample, Barcelona",https://www.booking.com/hotel/es/ronda-sant-pere-private-city-center-3bedroom-suite-c.es.html?label=gen173nr-1FCAEoggI46AdIClgEaEaIAQGYAQq4ARnIAQ_YAQHoAQH4AQKIAgGoAgO4ArL50rwGwAIB0gIkOGZlNzdlZTAtYjM2Ni00NjEwLWJjZDItYjc2NTUzNTkyZGM32AIF4AIB&sid=5ad11202ea9cc1c07c5ed8caaaf11387&aid=304142&ucfs=1&arphpl=1&checkin=2026-02-01&checkout=2026-02-08&dest_id=-372490&dest_type=city&group_adults=2&req_adults=2&no_rooms=1&group_children=0&req_children=0&hpos=7&hapos=306&sr_order=popularity&srpvid=01ee4d642e4b01c6&srepoch=1737802849&all_sr_blocks=874031902_399861675_3_0_0&highlighted_blocks=874031902_399861675_3_0_0&matching_block_id=874031902_399861675_3_0_0&sr_pri_blocks=874031902_399861675_3_0_0__258686&from=searchresults
Lodging Apartments Liceu 11,"Ciutat Vella, Barcelona",https://www.booking.com/hotel/es/lodging-apartments-liceu-11.es.html?label=gen173nr-1FCAEoggI46AdIClgEaEaIAQGYAQq4ARnIAQ_YAQHoAQH4AQKIAgGoAgO4ArL50rwGwAIB0gIkOGZlNzdlZTAtYjM2Ni00NjEwLWJjZDItYjc2NTUzNTkyZGM32AIF4AIB&sid=5ad11202ea9cc1c07c5ed8caaaf11387&aid=304142&ucfs=1&arphpl=1&checkin=2026-02-01&checkout=2026-02-08&dest_id=-372490&dest_type=city&group_adults=2&req_adults=2&no_rooms=1&group_children=0&req_children=0&hpos=8&hapos=307&sr_order=popularity&srpvid=01ee4d642e4b01c6&srepoch=1737802849&all_sr_blocks=893594501_381970477_4_0_0&highlighted_blocks=893594501_381970477_4_0_0&matching_block_id=893594501_381970477_4_0_0&sr_pri_blocks=893594501_381970477_4_0_0__242866&from=searchresults
Glam Penthouse Barcelona,"Eixample, Barcelona",https://www.booking.com/hotel/es/glam-penthouse-barcelona.es.html?label=gen173nr-1FCAEoggI46AdIClgEaEaIAQGYAQq4ARnIAQ_YAQHoAQH4AQKIAgGoAgO4ArL50rwGwAIB0gIkOGZlNzdlZTAtYjM2Ni00NjEwLWJjZDItYjc2NTUzNTkyZGM32AIF4AIB&sid=5ad11202ea9cc1c07c5ed8caaaf11387&aid=304142&ucfs=1&arphpl=1&checkin=2026-02-01&checkout=2026-02-08&dest_id=-372490&dest_type=city&group_adults=2&req_adults=2&no_rooms=1&group_children=0&req_children=0&hpos=9&hapos=308&sr_order=popularity&srpvid=01ee4d642e4b01c6&srepoch=1737802849&all_sr_blocks=621632401_406800899_5_0_0&highlighted_blocks=621632401_406800899_5_0_0&matching_block_id=621632401_406800899_5_0_0&sr_pri_blocks=621632401_406800899_5_0_0__237254&from=searchresults
Historic Catalan 4BD apartment in Gran Vía,"Eixample, Barcelona",https://www.booking.com/hotel/es/historic-catalan-4bd-apartment-in-gran-via.es.html?label=gen173nr-1FCAEoggI46AdIClgEaEaIAQGYAQq4ARnIAQ_YAQHoAQH4AQKIAgGoAgO4ArL50rwGwAIB0gIkOGZlNzdlZTAtYjM2Ni00NjEwLWJjZDItYjc2NTUzNTkyZGM32AIF4AIB&sid=5ad11202ea9cc1c07c5ed8caaaf11387&aid=304142&ucfs=1&arphpl=1&checkin=2026-02-01&checkout=2026-02-08&dest_id=-372490&dest_type=city&group_adults=2&req_adults=2&no_rooms=1&group_children=0&req_children=0&hpos=10&hapos=309&sr_order=popularity&srpvid=01ee4d642e4b01c6&srepoch=1737802849&all_sr_blocks=1080532102_399836578_8_0_0&highlighted_blocks=1080532102_399836578_8_0_0&matching_block_id=1080532102_399836578_8_0_0&sr_pri_blocks=1080532102_399836578_8_0_0__326159&from=searchresults
Lodging Apartments Barceloneta Beach Studio P2,"Ciutat Vella, Barcelona",https://www.booking.com/hotel/es/lodging-apartments-barceloneta-beach-studio-p2.es.html?label=gen173nr-1FCAEoggI46AdIClgEaEaIAQGYAQq4ARnIAQ_YAQHoAQH4AQKIAgGoAgO4ArL50rwGwAIB0gIkOGZlNzdlZTAtYjM2Ni00NjEwLWJjZDItYjc2NTUzNTkyZGM32AIF4AIB&sid=5ad11202ea9cc1c07c5ed8caaaf11387&aid=304142&ucfs=1&arphpl=1&checkin=2026-02-01&checkout=2026-02-08&dest_id=-372490&dest_type=city&group_adults=2&req_adults=2&no_rooms=1&group_children=0&req_children=0&hpos=11&hapos=310&sr_order=popularity&srpvid=01ee4d642e4b01c6&srepoch=1737802849&all_sr_blocks=767289601_381971401_2_0_0&highlighted_blocks=767289601_381971401_2_0_0&matching_block_id=767289601_381971401_2_0_0&sr_pri_blocks=767289601_381971401_2_0_0__251432&from=searchresults
Enjoy Apartments La Riera Principal,"Gracia, Barcelona",https://www.booking.com/hotel/es/la-riera-principal.es.html?label=gen173nr-1FCAEoggI46AdIClgEaEaIAQGYAQq4ARnIAQ_YAQHoAQH4AQKIAgGoAgO4ArL50rwGwAIB0gIkOGZlNzdlZTAtYjM2Ni00NjEwLWJjZDItYjc2NTUzNTkyZGM32AIF4AIB&sid=5ad11202ea9cc1c07c5ed8caaaf11387&aid=304142&ucfs=1&arphpl=1&checkin=2026-02-01&checkout=2026-02-08&dest_id=-372490&dest_type=city&group_adults=2&req_adults=2&no_rooms=1&group_children=0&req_children=0&hpos=12&hapos=311&sr_order=popularity&srpvid=01ee4d642e4b01c6&srepoch=1737802849&all_sr_blocks=1222128502_394355984_7_0_0&highlighted_blocks=1222128502_394355984_7_0_0&matching_block_id=1222128502_394355984_7_0_0&sr_pri_blocks=1222128502_394355984_7_0_0__216641&from=searchresults
Eixample next to Paseo de Gracia modern 3BD,"Eixample, Barcelona",https://www.booking.com/hotel/es/eixample-next-to-paseo-de-gracia-modern-3bd.es.html?label=gen173nr-1FCAEoggI46AdIClgEaEaIAQGYAQq4ARnIAQ_YAQHoAQH4AQKIAgGoAgO4ArL50rwGwAIB0gIkOGZlNzdlZTAtYjM2Ni00NjEwLWJjZDItYjc2NTUzNTkyZGM32AIF4AIB&sid=5ad11202ea9cc1c07c5ed8caaaf11387&aid=304142&ucfs=1&arphpl=1&checkin=2026-02-01&checkout=2026-02-08&dest_id=-372490&dest_type=city&group_adults=2&req_adults=2&no_rooms=1&group_children=0&req_children=0&hpos=13&hapos=312&sr_order=popularity&srpvid=01ee4d642e4b01c6&srepoch=1737802849&all_sr_blocks=1083872202_399861719_5_0_0&highlighted_blocks=1083872202_399861719_5_0_0&matching_block_id=1083872202_399861719_5_0_0&sr_pri_blocks=1083872202_399861719_5_0_0__241053&from=searchresults
Habitación Santa Anna,"Ciutat Vella, Barcelona",https://www.booking.com/hotel/es/habitacion-privada-y-tranquila.es.html?label=gen173nr-1FCAEoggI46AdIClgEaEaIAQGYAQq4ARnIAQ_YAQHoAQH4AQKIAgGoAgO4ArL50rwGwAIB0gIkOGZlNzdlZTAtYjM2Ni00NjEwLWJjZDItYjc2NTUzNTkyZGM32AIF4AIB&sid=5ad11202ea9cc1c07c5ed8caaaf11387&aid=304142&ucfs=1&arphpl=1&checkin=2026-02-01&checkout=2026-02-08&dest_id=-372490&dest_type=city&group_adults=2&req_adults=2&no_rooms=1&group_children=0&req_children=0&hpos=14&hapos=313&sr_order=popularity&srpvid=01ee4d642e4b01c6&srepoch=1737802849&all_sr_blocks=1211009901_393270398_2_0_0&highlighted_blocks=1211009901_393270398_2_0_0&matching_block_id=1211009901_393270398_2_0_0&sr_pri_blocks=1211009901_393270398_2_0_0__128596&from=searchresults
Comfy 4BD-2BTH with terrace in Plaza España,"Eixample, Barcelona",https://www.booking.com/hotel/es/renovated-4bd-2bth-with-terrace-in-plaza-espana.es.html?label=gen173nr-1FCAEoggI46AdIClgEaEaIAQGYAQq4ARnIAQ_YAQHoAQH4AQKIAgGoAgO4ArL50rwGwAIB0gIkOGZlNzdlZTAtYjM2Ni00NjEwLWJjZDItYjc2NTUzNTkyZGM32AIF4AIB&sid=5ad11202ea9cc1c07c5ed8caaaf11387&aid=304142&ucfs=1&arphpl=1&checkin=2026-02-01&checkout=2026-02-08&dest_id=-372490&dest_type=city&group_adults=2&req_adults=2&no_rooms=1&group_children=0&req_children=0&hpos=15&hapos=314&sr_order=popularity&srpvid=01ee4d642e4b01c6&srepoch=1737802849&all_sr_blocks=911450002_399861708_6_0_0&highlighted_blocks=911450002_399861708_6_0_0&matching_block_id=911450002_399861708_6_0_0&sr_pri_blocks=911450002_399861708_6_0_0__250767&from=searchresults
Alojamiento Rambla,"Eixample, Barcelona",https://www.booking.com/hotel/es/alojamiento-rambla-barcelona.es.html?label=gen173nr-1FCAEoggI46AdIClgEaEaIAQGYAQq4ARnIAQ_YAQHoAQH4AQKIAgGoAgO4ArL50rwGwAIB0gIkOGZlNzdlZTAtYjM2Ni00NjEwLWJjZDItYjc2NTUzNTkyZGM32AIF4AIB&sid=5ad11202ea9cc1c07c5ed8caaaf11387&aid=304142&ucfs=1&arphpl=1&checkin=2026-02-01&checkout=2026-02-08&dest_id=-372490&dest_type=city&group_adults=2&req_adults=2&no_rooms=1&group_children=0&req_children=0&hpos=16&hapos=315&sr_order=popularity&srpvid=01ee4d642e4b01c6&srepoch=1737802849&all_sr_blocks=1307841105_403603735_2_0_0&highlighted_blocks=1307841105_403603735_2_0_0&matching_block_id=1307841105_403603735_2_0_0&sr_pri_blocks=1307841105_403603735_2_0_0__48700&from=searchresults
NEW Renovated COZY APPARTMENT CENTRIC,"Sarrià-Sant Gervasi, Barcelona",https://www.booking.com/hotel/es/brand-new-cozy-appartment-centric.es.html?label=gen173nr-1FCAEoggI46AdIClgEaEaIAQGYAQq4ARnIAQ_YAQHoAQH4AQKIAgGoAgO4ArL50rwGwAIB0gIkOGZlNzdlZTAtYjM2Ni00NjEwLWJjZDItYjc2NTUzNTkyZGM32AIF4AIB&sid=5ad11202ea9cc1c07c5ed8caaaf11387&aid=304142&ucfs=1&arphpl=1&checkin=2026-02-01&checkout=2026-02-08&dest_id=-372490&dest_type=city&group_adults=2&req_adults=2&no_rooms=1&group_children=0&req_children=0&hpos=17&hapos=316&sr_order=popularity&srpvid=01ee4d642e4b01c6&srepoch=1737802849&all_sr_blocks=445587701_333026047_0_0_0&highlighted_blocks=445587701_333026047_0_0_0&matching_block_id=445587701_333026047_0_0_0&sr_pri_blocks=445587701_333026047_0_0_0__113187&from=searchresults
Casa Batlló - Luxury Historic 4BD 4BTH for 9 guests,"Eixample, Barcelona",https://www.booking.com/hotel/es/casa-batllo-paseo-de-gracia-4bd-4bth-catalan-home.es.html?label=gen173nr-1FCAEoggI46AdIClgEaEaIAQGYAQq4ARnIAQ_YAQHoAQH4AQKIAgGoAgO4ArL50rwGwAIB0gIkOGZlNzdlZTAtYjM2Ni00NjEwLWJjZDItYjc2NTUzNTkyZGM32AIF4AIB&sid=5ad11202ea9cc1c07c5ed8caaaf11387&aid=304142&ucfs=1&arphpl=1&checkin=2026-02-01&checkout=2026-02-08&dest_id=-372490&dest_type=city&group_adults=2&req_adults=2&no_rooms=1&group_children=0&req_children=0&hpos=18&hapos=317&sr_order=popularity&srpvid=01ee4d642e4b01c6&srepoch=1737802849&all_sr_blocks=982638302_399861422_8_0_0&highlighted_blocks=982638302_399861422_8_0_0&matching_block_id=982638302_399861422_8_0_0&sr_pri_blocks=982638302_399861422_8_0_0__671932&from=searchresults
Apartment Barcelona Rentals - Rambla de Catalunya Center,"Eixample, Barcelona",https://www.booking.com/hotel/es/apartment-barcelona-rentals-rambla-de-catalunya-barcelona2.es.html?label=gen173nr-1FCAEoggI46AdIClgEaEaIAQGYAQq4ARnIAQ_YAQHoAQH4AQKIAgGoAgO4ArL50rwGwAIB0gIkOGZlNzdlZTAtYjM2Ni00NjEwLWJjZDItYjc2NTUzNTkyZGM32AIF4AIB&sid=5ad11202ea9cc1c07c5ed8caaaf11387&aid=304142&ucfs=1&arphpl=1&checkin=2026-02-01&checkout=2026-02-08&dest_id=-372490&dest_type=city&group_adults=2&req_adults=2&no_rooms=1&group_children=0&req_children=0&hpos=19&hapos=318&sr_order=popularity&srpvid=01ee4d642e4b01c6&srepoch=1737802849&all_sr_blocks=202090902_357747177_2_0_0&highlighted_blocks=202090902_357747177_2_0_0&matching_block_id=202090902_357747177_2_0_0&sr_pri_blocks=202090902_357747177_2_0_0__146939&from=searchresults
catapor habitaciones para familias,"Ciutat Vella, Barcelona",https://www.booking.com/hotel/es/habitacion-con-bano-privado-para-4-personas.es.html?label=gen173nr-1FCAEoggI46AdIClgEaEaIAQGYAQq4ARnIAQ_YAQHoAQH4AQKIAgGoAgO4ArL50rwGwAIB0gIkOGZlNzdlZTAtYjM2Ni00NjEwLWJjZDItYjc2NTUzNTkyZGM32AIF4AIB&sid=5ad11202ea9cc1c07c5ed8caaaf11387&aid=304142&ucfs=1&arphpl=1&checkin=2026-02-01&checkout=2026-02-08&dest_id=-372490&dest_type=city&group_adults=2&req_adults=2&no_rooms=1&group_children=0&req_children=0&hpos=20&hapos=319&sr_order=popularity&srpvid=01ee4d642e4b01c6&srepoch=1737802849&all_sr_blocks=1256424002_398179111_7_0_0&highlighted_blocks=1256424002_398179111_7_0_0&matching_block_id=1256424002_398179111_7_0_0&sr_pri_blocks=1256424002_398179111_7_0_0__196300&from=searchresults
Paseo de Gracia Modern and cozy 3BD - 2BTh,"Gracia, Barcelona",https://www.booking.com/hotel/es/paseo-de-gracia-modern-and-cozy-3bd-2bth.es.html?label=gen173nr-1FCAEoggI46AdIClgEaEaIAQGYAQq4ARnIAQ_YAQHoAQH4AQKIAgGoAgO4ArL50rwGwAIB0gIkOGZlNzdlZTAtYjM2Ni00NjEwLWJjZDItYjc2NTUzNTkyZGM32AIF4AIB&sid=5ad11202ea9cc1c07c5ed8caaaf11387&aid=304142&ucfs=1&arphpl=1&checkin=2026-02-01&checkout=2026-02-08&dest_id=-372490&dest_type=city&group_adults=2&req_adults=2&no_rooms=1&group_children=0&req_children=0&hpos=21&hapos=320&sr_order=popularity&srpvid=01ee4d642e4b01c6&srepoch=1737802849&all_sr_blocks=1053511202_399861768_6_0_0&highlighted_blocks=1053511202_399861768_6_0_0&matching_block_id=1053511202_399861768_6_0_0&sr_pri_blocks=1053511202_399861768_6_0_0__259005&from=searchresults
The Moods Catedral Hostal Boutique,"Ciutat Vella, Barcelona",https://www.booking.com/hotel/es/layetana.es.html?label=gen173nr-1FCAEoggI46AdIClgEaEaIAQGYAQq4ARnIAQ_YAQHoAQH4AQKIAgGoAgO4ArL50rwGwAIB0gIkOGZlNzdlZTAtYjM2Ni00NjEwLWJjZDItYjc2NTUzNTkyZGM32AIF4AIB&sid=5ad11202ea9cc1c07c5ed8caaaf11387&aid=304142&ucfs=1&arphpl=1&checkin=2026-02-01&checkout=2026-02-08&dest_id=-372490&dest_type=city&group_adults=2&req_adults=2&no_rooms=1&group_children=0&req_children=0&hpos=22&hapos=321&sr_order=popularity&srpvid=01ee4d642e4b01c6&srepoch=1737802849&all_sr_blocks=18946212_348341703_0_0_0&highlighted_blocks=18946212_348341703_0_0_0&matching_block_id=18946212_348341703_0_0_0&sr_pri_blocks=18946212_348341703_0_0_0__7007700&from=searchresults
Eixample 4BD 2BTh with private Terrace,"Eixample, Barcelona",https://www.booking.com/hotel/es/eixample-4bd-2bth-with-private-terrace.es.html?label=gen173nr-1FCAEoggI46AdIClgEaEaIAQGYAQq4ARnIAQ_YAQHoAQH4AQKIAgGoAgO4ArL50rwGwAIB0gIkOGZlNzdlZTAtYjM2Ni00NjEwLWJjZDItYjc2NTUzNTkyZGM32AIF4AIB&sid=5ad11202ea9cc1c07c5ed8caaaf11387&aid=304142&ucfs=1&arphpl=1&checkin=2026-02-01&checkout=2026-02-08&dest_id=-372490&dest_type=city&group_adults=2&req_adults=2&no_rooms=1&group_children=0&req_children=0&hpos=23&hapos=322&sr_order=popularity&srpvid=01ee4d642e4b01c6&srepoch=1737802849&all_sr_blocks=1249182702_399861733_7_0_0&highlighted_blocks=1249182702_399861733_7_0_0&matching_block_id=1249182702_399861733_7_0_0&sr_pri_blocks=1249182702_399861733_7_0_0__269650&from=searchresults
Barnapartments Raval,"Ciutat Vella, Barcelona",https://www.booking.com/hotel/es/barnapartments-raval.es.html?label=gen173nr-1FCAEoggI46AdIClgEaEaIAQGYAQq4ARnIAQ_YAQHoAQH4AQKIAgGoAgO4ArL50rwGwAIB0gIkOGZlNzdlZTAtYjM2Ni00NjEwLWJjZDItYjc2NTUzNTkyZGM32AIF4AIB&sid=5ad11202ea9cc1c07c5ed8caaaf11387&aid=304142&ucfs=1&arphpl=1&checkin=2026-02-01&checkout=2026-02-08&dest_id=-372490&dest_type=city&group_adults=2&req_adults=2&no_rooms=1&group_children=0&req_children=0&hpos=24&hapos=323&sr_order=popularity&srpvid=01ee4d642e4b01c6&srepoch=1737802849&all_sr_blocks=950167401_367662729_2_0_0&highlighted_blocks=950167401_367662729_2_0_0&matching_block_id=950167401_367662729_2_0_0&sr_pri_blocks=950167401_367662729_2_0_0__123407&from=searchresults
Elegant 4 bedrooms 3 bathrooms Catalan home,"Eixample, Barcelona",https://www.booking.com/hotel/es/elegant-4-bedrooms-3-bathrooms-catalan-home.es.html?label=gen173nr-1FCAEoggI46AdIClgEaEaIAQGYAQq4ARnIAQ_YAQHoAQH4AQKIAgGoAgO4ArL50rwGwAIB0gIkOGZlNzdlZTAtYjM2Ni00NjEwLWJjZDItYjc2NTUzNTkyZGM32AIF4AIB&sid=5ad11202ea9cc1c07c5ed8caaaf11387&aid=304142&ucfs=1&arphpl=1&checkin=2026-02-01&checkout=2026-02-08&dest_id=-372490&dest_type=city&group_adults=2&req_adults=2&no_rooms=1&group_children=0&req_children=0&hpos=25&hapos=324&sr_order=popularity&srpvid=01ee4d642e4b01c6&srepoch=1737802849&all_sr_blocks=873637602_399861534_5_0_0&highlighted_blocks=873637602_399861534_5_0_0&matching_block_id=873637602_399861534_5_0_0&sr_pri_blocks=873637602_399861534_5_0_0__300361&from=searchresults
Kronos on the beach Suite 2,"Ciutat Vella, Barcelona",https://www.booking.com/hotel/es/modern-and-elegant-apt-on-the-beach.es.html?label=gen173nr-1FCAEoggI46AdIClgEaEaIAQGYAQq4ARnIAQ_YAQHoAQH4AQKIAgGoAgO4ArL50rwGwAIB0gIkOGZlNzdlZTAtYjM2Ni00NjEwLWJjZDItYjc2NTUzNTkyZGM32AIF4AIB&sid=5ad11202ea9cc1c07c5ed8caaaf11387&aid=304142&ucfs=1&arphpl=1&checkin=2026-02-01&checkout=2026-02-08&dest_id=-372490&dest_type=city&group_adults=2&req_adults=2&no_rooms=1&group_children=0&req_children=0&hpos=1&hapos=325&sr_order=popularity&srpvid=01ee4d642e4b01c6&srepoch=1737802850&all_sr_blocks=727398101_394308413_0_0_0&highlighted_blocks=727398101_394308413_0_0_0&matching_block_id=727398101_394308413_0_0_0&sr_pri_blocks=727398101_394308413_0_0_0__353328&from=searchresults
Best House Best Place,"Ciutat Vella, Barcelona",https://www.booking.com/hotel/es/best-house-best-place.es.html?label=gen173nr-1FCAEoggI46AdIClgEaEaIAQGYAQq4ARnIAQ_YAQHoAQH4AQKIAgGoAgO4ArL50rwGwAIB0gIkOGZlNzdlZTAtYjM2Ni00NjEwLWJjZDItYjc2NTUzNTkyZGM32AIF4AIB&sid=5ad11202ea9cc1c07c5ed8caaaf11387&aid=304142&ucfs=1&arphpl=1&checkin=2026-02-01&checkout=2026-02-08&dest_id=-372490&dest_type=city&group_adults=2&req_adults=2&no_rooms=1&group_children=0&req_children=0&hpos=2&hapos=326&sr_order=popularity&srpvid=01ee4d642e4b01c6&srepoch=1737802850&all_sr_blocks=106740101_361347142_3_0_0&highlighted_blocks=106740101_361347142_3_0_0&matching_block_id=106740101_361347142_3_0_0&sr_pri_blocks=106740101_361347142_3_0_0__711050&from_sustainable_property_sr=1&from=searchresults
3BD in Poblenou next to the beach,"Sant Martí, Barcelona",https://www.booking.com/hotel/es/3bd-in-poblenou-next-to-the-beach.es.html?label=gen173nr-1FCAEoggI46AdIClgEaEaIAQGYAQq4ARnIAQ_YAQHoAQH4AQKIAgGoAgO4ArL50rwGwAIB0gIkOGZlNzdlZTAtYjM2Ni00NjEwLWJjZDItYjc2NTUzNTkyZGM32AIF4AIB&sid=5ad11202ea9cc1c07c5ed8caaaf11387&aid=304142&ucfs=1&arphpl=1&checkin=2026-02-01&checkout=2026-02-08&dest_id=-372490&dest_type=city&group_adults=2&req_adults=2&no_rooms=1&group_children=0&req_children=0&hpos=3&hapos=327&sr_order=popularity&srpvid=01ee4d642e4b01c6&srepoch=1737802850&all_sr_blocks=985514102_399861697_4_0_0&highlighted_blocks=985514102_399861697_4_0_0&matching_block_id=985514102_399861697_4_0_0&sr_pri_blocks=985514102_399861697_4_0_0__206042&from=searchresults
Amazing flat in classic boat- Barcelona,Barcelona,https://www.booking.com/hotel/es/amazing-flat-in-classic-boat-barcelona.es.html?label=gen173nr-1FCAEoggI46AdIClgEaEaIAQGYAQq4ARnIAQ_YAQHoAQH4AQKIAgGoAgO4ArL50rwGwAIB0gIkOGZlNzdlZTAtYjM2Ni00NjEwLWJjZDItYjc2NTUzNTkyZGM32AIF4AIB&sid=5ad11202ea9cc1c07c5ed8caaaf11387&aid=304142&ucfs=1&arphpl=1&checkin=2026-02-01&checkout=2026-02-08&dest_id=-372490&dest_type=city&group_adults=2&req_adults=2&no_rooms=1&group_children=0&req_children=0&hpos=4&hapos=328&sr_order=popularity&srpvid=01ee4d642e4b01c6&srepoch=1737802850&all_sr_blocks=1273277201_400439384_2_0_0&highlighted_blocks=1273277201_400439384_2_0_0&matching_block_id=1273277201_400439384_2_0_0&sr_pri_blocks=1273277201_400439384_2_0_0__106700&from=searchresults
Huge duplex with private garden next to Las Ramblas,"Ciutat Vella, Barcelona",https://www.booking.com/hotel/es/huge-duplex-with-private-garden-next-to-las-ramblas.es.html?label=gen173nr-1FCAEoggI46AdIClgEaEaIAQGYAQq4ARnIAQ_YAQHoAQH4AQKIAgGoAgO4ArL50rwGwAIB0gIkOGZlNzdlZTAtYjM2Ni00NjEwLWJjZDItYjc2NTUzNTkyZGM32AIF4AIB&sid=5ad11202ea9cc1c07c5ed8caaaf11387&aid=304142&ucfs=1&arphpl=1&checkin=2026-02-01&checkout=2026-02-08&dest_id=-372490&dest_type=city&group_adults=2&req_adults=2&no_rooms=1&group_children=0&req_children=0&hpos=5&hapos=329&sr_order=popularity&srpvid=01ee4d642e4b01c6&srepoch=1737802850&all_sr_blocks=1080108902_399861774_10_0_0&highlighted_blocks=1080108902_399861774_10_0_0&matching_block_id=1080108902_399861774_10_0_0&sr_pri_blocks=1080108902_399861774_10_0_0__658232&from=searchresults
Eixample 3BD Apartment with Private Terrace,"Eixample, Barcelona",https://www.booking.com/hotel/es/eixample-3bd-apartment-with-private-terrace.es.html?label=gen173nr-1FCAEoggI46AdIClgEaEaIAQGYAQq4ARnIAQ_YAQHoAQH4AQKIAgGoAgO4ArL50rwGwAIB0gIkOGZlNzdlZTAtYjM2Ni00NjEwLWJjZDItYjc2NTUzNTkyZGM32AIF4AIB&sid=5ad11202ea9cc1c07c5ed8caaaf11387&aid=304142&ucfs=1&arphpl=1&checkin=2026-02-01&checkout=2026-02-08&dest_id=-372490&dest_type=city&group_adults=2&req_adults=2&no_rooms=1&group_children=0&req_children=0&hpos=6&hapos=330&sr_order=popularity&srpvid=01ee4d642e4b01c6&srepoch=1737802850&all_sr_blocks=1267310302_400245732_6_0_0&highlighted_blocks=1267310302_400245732_6_0_0&matching_block_id=1267310302_400245732_6_0_0&sr_pri_blocks=1267310302_400245732_6_0_0__328272&from=searchresults
Ramblas Apartments BCN,"Ciutat Vella, Barcelona",https://www.booking.com/hotel/es/ramblas-apartments-barcelona1.es.html?label=gen173nr-1FCAEoggI46AdIClgEaEaIAQGYAQq4ARnIAQ_YAQHoAQH4AQKIAgGoAgO4ArL50rwGwAIB0gIkOGZlNzdlZTAtYjM2Ni00NjEwLWJjZDItYjc2NTUzNTkyZGM32AIF4AIB&sid=5ad11202ea9cc1c07c5ed8caaaf11387&aid=304142&ucfs=1&arphpl=1&checkin=2026-02-01&checkout=2026-02-08&dest_id=-372490&dest_type=city&group_adults=2&req_adults=2&no_rooms=1&group_children=0&req_children=0&hpos=7&hapos=331&sr_order=popularity&srpvid=01ee4d642e4b01c6&srepoch=1737802850&all_sr_blocks=1305952102_403428633_2_0_0&highlighted_blocks=1305952102_403428633_2_0_0&matching_block_id=1305952102_403428633_2_0_0&sr_pri_blocks=1305952102_403428633_2_0_0__170512&from=searchresults
Spacious Elegant on Avenue Diagonal By MyRentalHost,"Sarrià-Sant Gervasi, Barcelona",https://www.booking.com/hotel/es/spacious-elegant-on-avenue-diagonal.es.html?label=gen173nr-1FCAEoggI46AdIClgEaEaIAQGYAQq4ARnIAQ_YAQHoAQH4AQKIAgGoAgO4ArL50rwGwAIB0gIkOGZlNzdlZTAtYjM2Ni00NjEwLWJjZDItYjc2NTUzNTkyZGM32AIF4AIB&sid=5ad11202ea9cc1c07c5ed8caaaf11387&aid=304142&ucfs=1&arphpl=1&checkin=2026-02-01&checkout=2026-02-08&dest_id=-372490&dest_type=city&group_adults=2&req_adults=2&no_rooms=1&group_children=0&req_children=0&hpos=8&hapos=332&sr_order=popularity&srpvid=01ee4d642e4b01c6&srepoch=1737802850&all_sr_blocks=1325918302_405210131_6_0_0&highlighted_blocks=1325918302_405210131_6_0_0&matching_block_id=1325918302_405210131_6_0_0&sr_pri_blocks=1325918302_405210131_6_0_0__399816&from=searchresults
My Space Barcelona Private Pool Garden,"Sarrià-Sant Gervasi, Barcelona",https://www.booking.com/hotel/es/summer-garden-apartments.es.html?label=gen173nr-1FCAEoggI46AdIClgEaEaIAQGYAQq4ARnIAQ_YAQHoAQH4AQKIAgGoAgO4ArL50rwGwAIB0gIkOGZlNzdlZTAtYjM2Ni00NjEwLWJjZDItYjc2NTUzNTkyZGM32AIF4AIB&sid=5ad11202ea9cc1c07c5ed8caaaf11387&aid=304142&ucfs=1&arphpl=1&checkin=2026-02-01&checkout=2026-02-08&dest_id=-372490&dest_type=city&group_adults=2&req_adults=2&no_rooms=1&group_children=0&req_children=0&hpos=9&hapos=333&sr_order=popularity&srpvid=01ee4d642e4b01c6&srepoch=1737802850&all_sr_blocks=160138002_353590382_2_0_0&highlighted_blocks=160138002_353590382_2_0_0&matching_block_id=160138002_353590382_2_0_0&sr_pri_blocks=160138002_353590382_2_0_0__129740&from=searchresults
Modern and bright 4BD triplex in Paralel!,"Sants-Montjuïc, Barcelona",https://www.booking.com/hotel/es/modern-and-bright-house-in-the-city-centre.es.html?label=gen173nr-1FCAEoggI46AdIClgEaEaIAQGYAQq4ARnIAQ_YAQHoAQH4AQKIAgGoAgO4ArL50rwGwAIB0gIkOGZlNzdlZTAtYjM2Ni00NjEwLWJjZDItYjc2NTUzNTkyZGM32AIF4AIB&sid=5ad11202ea9cc1c07c5ed8caaaf11387&aid=304142&ucfs=1&arphpl=1&checkin=2026-02-01&checkout=2026-02-08&dest_id=-372490&dest_type=city&group_adults=2&req_adults=2&no_rooms=1&group_children=0&req_children=0&hpos=10&hapos=334&sr_order=popularity&srpvid=01ee4d642e4b01c6&srepoch=1737802850&all_sr_blocks=873700102_399861653_4_0_0&highlighted_blocks=873700102_399861653_4_0_0&matching_block_id=873700102_399861653_4_0_0&sr_pri_blocks=873700102_399861653_4_0_0__371532&from=searchresults
Sixties Ramblas,"Ciutat Vella, Barcelona",https://www.booking.com/hotel/es/apartahotel-gutenberg.es.html?label=gen173nr-1FCAEoggI46AdIClgEaEaIAQGYAQq4ARnIAQ_YAQHoAQH4AQKIAgGoAgO4ArL50rwGwAIB0gIkOGZlNzdlZTAtYjM2Ni00NjEwLWJjZDItYjc2NTUzNTkyZGM32AIF4AIB&sid=5ad11202ea9cc1c07c5ed8caaaf11387&aid=304142&ucfs=1&arphpl=1&checkin=2026-02-01&checkout=2026-02-08&dest_id=-372490&dest_type=city&group_adults=2&req_adults=2&no_rooms=1&group_children=0&req_children=0&hpos=11&hapos=335&sr_order=popularity&srpvid=01ee4d642e4b01c6&srepoch=1737802850&all_sr_blocks=1444316_401434708_0_1_0&highlighted_blocks=1444316_401434708_0_1_0&matching_block_id=1444316_401434708_0_1_0&sr_pri_blocks=1444316_401434708_0_1_0__707000&from=searchresults
Spacious Stylish 4-bedroom Modernist Apartment,"Eixample, Barcelona",https://www.booking.com/hotel/es/spacious-stylish-4-bedroom-modernist-apartment.es.html?label=gen173nr-1FCAEoggI46AdIClgEaEaIAQGYAQq4ARnIAQ_YAQHoAQH4AQKIAgGoAgO4ArL50rwGwAIB0gIkOGZlNzdlZTAtYjM2Ni00NjEwLWJjZDItYjc2NTUzNTkyZGM32AIF4AIB&sid=5ad11202ea9cc1c07c5ed8caaaf11387&aid=304142&ucfs=1&arphpl=1&checkin=2026-02-01&checkout=2026-02-08&dest_id=-372490&dest_type=city&group_adults=2&req_adults=2&no_rooms=1&group_children=0&req_children=0&hpos=12&hapos=336&sr_order=popularity&srpvid=01ee4d642e4b01c6&srepoch=1737802850&all_sr_blocks=1230820601_395067465_8_0_0&highlighted_blocks=1230820601_395067465_8_0_0&matching_block_id=1230820601_395067465_8_0_0&sr_pri_blocks=1230820601_395067465_8_0_0__697907&from=searchresults
Poble Sec - Modern & comfy 3 bedrooms,"Sants-Montjuïc, Barcelona",https://www.booking.com/hotel/es/recently-renovated-3-bedrooms-in-poble-sec.es.html?label=gen173nr-1FCAEoggI46AdIClgEaEaIAQGYAQq4ARnIAQ_YAQHoAQH4AQKIAgGoAgO4ArL50rwGwAIB0gIkOGZlNzdlZTAtYjM2Ni00NjEwLWJjZDItYjc2NTUzNTkyZGM32AIF4AIB&sid=5ad11202ea9cc1c07c5ed8caaaf11387&aid=304142&ucfs=1&arphpl=1&checkin=2026-02-01&checkout=2026-02-08&dest_id=-372490&dest_type=city&group_adults=2&req_adults=2&no_rooms=1&group_children=0&req_children=0&hpos=13&hapos=337&sr_order=popularity&srpvid=01ee4d642e4b01c6&srepoch=1737802850&all_sr_blocks=873642402_399836545_5_0_0&highlighted_blocks=873642402_399836545_5_0_0&matching_block_id=873642402_399836545_5_0_0&sr_pri_blocks=873642402_399836545_5_0_0__251494&from=searchresults
"Close beach , Sagrada & city center","Sant Martí, Barcelona",https://www.booking.com/hotel/es/close-beach-sagrada-amp-city-center.es.html?label=gen173nr-1FCAEoggI46AdIClgEaEaIAQGYAQq4ARnIAQ_YAQHoAQH4AQKIAgGoAgO4ArL50rwGwAIB0gIkOGZlNzdlZTAtYjM2Ni00NjEwLWJjZDItYjc2NTUzNTkyZGM32AIF4AIB&sid=5ad11202ea9cc1c07c5ed8caaaf11387&aid=304142&ucfs=1&arphpl=1&checkin=2026-02-01&checkout=2026-02-08&dest_id=-372490&dest_type=city&group_adults=2&req_adults=2&no_rooms=1&group_children=0&req_children=0&hpos=14&hapos=338&sr_order=popularity&srpvid=01ee4d642e4b01c6&srepoch=1737802850&all_sr_blocks=1282695401_401187847_2_0_0&highlighted_blocks=1282695401_401187847_2_0_0&matching_block_id=1282695401_401187847_2_0_0&sr_pri_blocks=1282695401_401187847_2_0_0__4769632&from=searchresults
Yurbban Passage Hotel & Spa,"Ciutat Vella, Barcelona",https://www.booking.com/hotel/es/yurbban-passage.es.html?label=gen173nr-1FCAEoggI46AdIClgEaEaIAQGYAQq4ARnIAQ_YAQHoAQH4AQKIAgGoAgO4ArL50rwGwAIB0gIkOGZlNzdlZTAtYjM2Ni00NjEwLWJjZDItYjc2NTUzNTkyZGM32AIF4AIB&sid=5ad11202ea9cc1c07c5ed8caaaf11387&aid=304142&ucfs=1&arphpl=1&checkin=2026-02-01&checkout=2026-02-08&dest_id=-372490&dest_type=city&group_adults=2&req_adults=2&no_rooms=1&group_children=0&req_children=0&hpos=15&hapos=339&sr_order=popularity&srpvid=01ee4d642e4b01c6&srepoch=1737802850&all_sr_blocks=254718709_257902884_0_2_0&highlighted_blocks=254718709_257902884_0_2_0&matching_block_id=254718709_257902884_0_2_0&sr_pri_blocks=254718709_257902884_0_2_0__936278&from_sustainable_property_sr=1&from=searchresults
Rooftop Penthouse Double Terrace,"Sants-Montjuïc, Barcelona",https://www.booking.com/hotel/es/rooftop-penthouse-double-terrace.es.html?label=gen173nr-1FCAEoggI46AdIClgEaEaIAQGYAQq4ARnIAQ_YAQHoAQH4AQKIAgGoAgO4ArL50rwGwAIB0gIkOGZlNzdlZTAtYjM2Ni00NjEwLWJjZDItYjc2NTUzNTkyZGM32AIF4AIB&sid=5ad11202ea9cc1c07c5ed8caaaf11387&aid=304142&ucfs=1&arphpl=1&checkin=2026-02-01&checkout=2026-02-08&dest_id=-372490&dest_type=city&group_adults=2&req_adults=2&no_rooms=1&group_children=0&req_children=0&hpos=16&hapos=340&sr_order=popularity&srpvid=01ee4d642e4b01c6&srepoch=1737802850&all_sr_blocks=1298967802_402794075_0_0_0&highlighted_blocks=1298967802_402794075_0_0_0&matching_block_id=1298967802_402794075_0_0_0&sr_pri_blocks=1298967802_402794075_0_0_0__255614&from=searchresults
Amazing 5 bedrooms 5 bathrooms by Plaza Catalunya,"Eixample, Barcelona",https://www.booking.com/hotel/es/amazing-5-bedrooms-5-bathrooms-by-plaza-catalunya.es.html?label=gen173nr-1FCAEoggI46AdIClgEaEaIAQGYAQq4ARnIAQ_YAQHoAQH4AQKIAgGoAgO4ArL50rwGwAIB0gIkOGZlNzdlZTAtYjM2Ni00NjEwLWJjZDItYjc2NTUzNTkyZGM32AIF4AIB&sid=5ad11202ea9cc1c07c5ed8caaaf11387&aid=304142&ucfs=1&arphpl=1&checkin=2026-02-01&checkout=2026-02-08&dest_id=-372490&dest_type=city&group_adults=2&req_adults=2&no_rooms=1&group_children=0&req_children=0&hpos=17&hapos=341&sr_order=popularity&srpvid=01ee4d642e4b01c6&srepoch=1737802850&all_sr_blocks=873672402_399861679_10_0_0&highlighted_blocks=873672402_399861679_10_0_0&matching_block_id=873672402_399861679_10_0_0&sr_pri_blocks=873672402_399861679_10_0_0__687832&from=searchresults
Chic and Modern Apartments in Gracia,"Gracia, Barcelona",https://www.booking.com/hotel/es/friendly-rentals-guell.es.html?label=gen173nr-1FCAEoggI46AdIClgEaEaIAQGYAQq4ARnIAQ_YAQHoAQH4AQKIAgGoAgO4ArL50rwGwAIB0gIkOGZlNzdlZTAtYjM2Ni00NjEwLWJjZDItYjc2NTUzNTkyZGM32AIF4AIB&sid=5ad11202ea9cc1c07c5ed8caaaf11387&aid=304142&ucfs=1&arphpl=1&checkin=2026-02-01&checkout=2026-02-08&dest_id=-372490&dest_type=city&group_adults=2&req_adults=2&no_rooms=1&group_children=0&req_children=0&hpos=18&hapos=342&sr_order=popularity&srpvid=01ee4d642e4b01c6&srepoch=1737802850&all_sr_blocks=70100401_334949681_2_0_0&highlighted_blocks=70100401_334949681_2_0_0&matching_block_id=70100401_334949681_2_0_0&sr_pri_blocks=70100401_334949681_2_0_0__117032&from=searchresults
Rooms Balmes,"Eixample, Barcelona",https://www.booking.com/hotel/es/rooms-balmes.es.html?label=gen173nr-1FCAEoggI46AdIClgEaEaIAQGYAQq4ARnIAQ_YAQHoAQH4AQKIAgGoAgO4ArL50rwGwAIB0gIkOGZlNzdlZTAtYjM2Ni00NjEwLWJjZDItYjc2NTUzNTkyZGM32AIF4AIB&sid=5ad11202ea9cc1c07c5ed8caaaf11387&aid=304142&ucfs=1&arphpl=1&checkin=2026-02-01&checkout=2026-02-08&dest_id=-372490&dest_type=city&group_adults=2&req_adults=2&no_rooms=1&group_children=0&req_children=0&hpos=19&hapos=343&sr_order=popularity&srpvid=01ee4d642e4b01c6&srepoch=1737802850&all_sr_blocks=831833202_403848064_2_0_0&highlighted_blocks=831833202_403848064_2_0_0&matching_block_id=831833202_403848064_2_0_0&sr_pri_blocks=831833202_403848064_2_0_0__49700&from=searchresults
Modern stylish 3 bedroom Arco de Triunfo,"Sant Martí, Barcelona",https://www.booking.com/hotel/es/modern-stylish-3-bedroom-arco-de-triunfo.es.html?label=gen173nr-1FCAEoggI46AdIClgEaEaIAQGYAQq4ARnIAQ_YAQHoAQH4AQKIAgGoAgO4ArL50rwGwAIB0gIkOGZlNzdlZTAtYjM2Ni00NjEwLWJjZDItYjc2NTUzNTkyZGM32AIF4AIB&sid=5ad11202ea9cc1c07c5ed8caaaf11387&aid=304142&ucfs=1&arphpl=1&checkin=2026-02-01&checkout=2026-02-08&dest_id=-372490&dest_type=city&group_adults=2&req_adults=2&no_rooms=1&group_children=0&req_children=0&hpos=20&hapos=344&sr_order=popularity&srpvid=01ee4d642e4b01c6&srepoch=1737802850&all_sr_blocks=934607702_368554705_0_0_0&highlighted_blocks=934607702_368554705_0_0_0&matching_block_id=934607702_368554705_0_0_0&sr_pri_blocks=934607702_368554705_0_0_0__223997&from=searchresults
Paseo de Gracia sunny 2BR penthouse,"Eixample, Barcelona",https://www.booking.com/hotel/es/paseo-de-gracia-sunny-2br-penthouse.es.html?label=gen173nr-1FCAEoggI46AdIClgEaEaIAQGYAQq4ARnIAQ_YAQHoAQH4AQKIAgGoAgO4ArL50rwGwAIB0gIkOGZlNzdlZTAtYjM2Ni00NjEwLWJjZDItYjc2NTUzNTkyZGM32AIF4AIB&sid=5ad11202ea9cc1c07c5ed8caaaf11387&aid=304142&ucfs=1&arphpl=1&checkin=2026-02-01&checkout=2026-02-08&dest_id=-372490&dest_type=city&group_adults=2&req_adults=2&no_rooms=1&group_children=0&req_children=0&hpos=21&hapos=345&sr_order=popularity&srpvid=01ee4d642e4b01c6&srepoch=1737802850&all_sr_blocks=1190648702_399836626_4_0_0&highlighted_blocks=1190648702_399836626_4_0_0&matching_block_id=1190648702_399836626_4_0_0&sr_pri_blocks=1190648702_399836626_4_0_0__222332&from=searchresults
Boat Barcelona Yacht,Barcelona,https://www.booking.com/hotel/es/barcelona-yatch.es.html?label=gen173nr-1FCAEoggI46AdIClgEaEaIAQGYAQq4ARnIAQ_YAQHoAQH4AQKIAgGoAgO4ArL50rwGwAIB0gIkOGZlNzdlZTAtYjM2Ni00NjEwLWJjZDItYjc2NTUzNTkyZGM32AIF4AIB&sid=5ad11202ea9cc1c07c5ed8caaaf11387&aid=304142&ucfs=1&arphpl=1&checkin=2026-02-01&checkout=2026-02-08&dest_id=-372490&dest_type=city&group_adults=2&req_adults=2&no_rooms=1&group_children=0&req_children=0&hpos=22&hapos=346&sr_order=popularity&srpvid=01ee4d642e4b01c6&srepoch=1737802850&all_sr_blocks=1007556501_373500309_2_0_0&highlighted_blocks=1007556501_373500309_2_0_0&matching_block_id=1007556501_373500309_2_0_0&sr_pri_blocks=1007556501_373500309_2_0_0__108850&from=searchresults
Comfortable and huge 4BD - 2BTH Rambla Catalunya,"Eixample, Barcelona",https://www.booking.com/hotel/es/comfortable-and-huge-4bd-2bth-rambla-catalunya.es.html?label=gen173nr-1FCAEoggI46AdIClgEaEaIAQGYAQq4ARnIAQ_YAQHoAQH4AQKIAgGoAgO4ArL50rwGwAIB0gIkOGZlNzdlZTAtYjM2Ni00NjEwLWJjZDItYjc2NTUzNTkyZGM32AIF4AIB&sid=5ad11202ea9cc1c07c5ed8caaaf11387&aid=304142&ucfs=1&arphpl=1&checkin=2026-02-01&checkout=2026-02-08&dest_id=-372490&dest_type=city&group_adults=2&req_adults=2&no_rooms=1&group_children=0&req_children=0&hpos=23&hapos=347&sr_order=popularity&srpvid=01ee4d642e4b01c6&srepoch=1737802850&all_sr_blocks=1051485202_399861687_7_0_0&highlighted_blocks=1051485202_399861687_7_0_0&matching_block_id=1051485202_399861687_7_0_0&sr_pri_blocks=1051485202_399861687_7_0_0__321018&from=searchresults
Enjoy Apartments Urban Retreat Valencia 3,"Eixample, Barcelona",https://www.booking.com/hotel/es/valencia-p3-urban-retreat.es.html?label=gen173nr-1FCAEoggI46AdIClgEaEaIAQGYAQq4ARnIAQ_YAQHoAQH4AQKIAgGoAgO4ArL50rwGwAIB0gIkOGZlNzdlZTAtYjM2Ni00NjEwLWJjZDItYjc2NTUzNTkyZGM32AIF4AIB&sid=5ad11202ea9cc1c07c5ed8caaaf11387&aid=304142&ucfs=1&arphpl=1&checkin=2026-02-01&checkout=2026-02-08&dest_id=-372490&dest_type=city&group_adults=2&req_adults=2&no_rooms=1&group_children=0&req_children=0&hpos=24&hapos=348&sr_order=popularity&srpvid=01ee4d642e4b01c6&srepoch=1737802850&all_sr_blocks=1317591002_404589237_3_0_0&highlighted_blocks=1317591002_404589237_3_0_0&matching_block_id=1317591002_404589237_3_0_0&sr_pri_blocks=1317591002_404589237_3_0_0__121371&from=searchresults
Plaza Urquinaona Central and comfortable 3BD,"Eixample, Barcelona",https://www.booking.com/hotel/es/plaza-urquinaona-under-renovation-3bd.es.html?label=gen173nr-1FCAEoggI46AdIClgEaEaIAQGYAQq4ARnIAQ_YAQHoAQH4AQKIAgGoAgO4ArL50rwGwAIB0gIkOGZlNzdlZTAtYjM2Ni00NjEwLWJjZDItYjc2NTUzNTkyZGM32AIF4AIB&sid=5ad11202ea9cc1c07c5ed8caaaf11387&aid=304142&ucfs=1&arphpl=1&checkin=2026-02-01&checkout=2026-02-08&dest_id=-372490&dest_type=city&group_adults=2&req_adults=2&no_rooms=1&group_children=0&req_children=0&hpos=25&hapos=349&sr_order=popularity&srpvid=01ee4d642e4b01c6&srepoch=1737802850&all_sr_blocks=954577502_399861698_6_0_0&highlighted_blocks=954577502_399861698_6_0_0&matching_block_id=954577502_399861698_6_0_0&sr_pri_blocks=954577502_399861698_6_0_0__269148&from=searchresults
Barcelona InLoft,"Eixample, Barcelona",https://www.booking.com/hotel/es/barcelona-inloft.es.html?label=gen173nr-1FCAEoggI46AdIClgEaEaIAQGYAQq4ARnIAQ_YAQHoAQH4AQKIAgGoAgO4ArL50rwGwAIB0gIkOGZlNzdlZTAtYjM2Ni00NjEwLWJjZDItYjc2NTUzNTkyZGM32AIF4AIB&sid=5ad11202ea9cc1c07c5ed8caaaf11387&aid=304142&ucfs=1&arphpl=1&checkin=2026-02-01&checkout=2026-02-08&dest_id=-372490&dest_type=city&group_adults=2&req_adults=2&no_rooms=1&group_children=0&req_children=0&hpos=1&hapos=350&sr_order=popularity&srpvid=01ee4d642e4b01c6&srepoch=1737802853&all_sr_blocks=107207105_201702244_2_0_0&highlighted_blocks=107207105_201702244_2_0_0&matching_block_id=107207105_201702244_2_0_0&sr_pri_blocks=107207105_201702244_2_0_0__896182&from=searchresults
Sagrada Familia III by Enjoy Apartments,"Eixample, Barcelona",https://www.booking.com/hotel/es/ea-sagrada-familia-iii-new-apartment-next-to-sagrada-familia-for-groups-was-4.es.html?label=gen173nr-1FCAEoggI46AdIClgEaEaIAQGYAQq4ARnIAQ_YAQHoAQH4AQKIAgGoAgO4ArL50rwGwAIB0gIkOGZlNzdlZTAtYjM2Ni00NjEwLWJjZDItYjc2NTUzNTkyZGM32AIF4AIB&sid=5ad11202ea9cc1c07c5ed8caaaf11387&aid=304142&ucfs=1&arphpl=1&checkin=2026-02-01&checkout=2026-02-08&dest_id=-372490&dest_type=city&group_adults=2&req_adults=2&no_rooms=1&group_children=0&req_children=0&hpos=2&hapos=351&sr_order=popularity&srpvid=01ee4d642e4b01c6&srepoch=1737802853&all_sr_blocks=930655602_394185000_6_0_0&highlighted_blocks=930655602_394185000_6_0_0&matching_block_id=930655602_394185000_6_0_0&sr_pri_blocks=930655602_394185000_6_0_0__155035&from=searchresults
Alojamiento Viladomat,"Eixample, Barcelona",https://www.booking.com/hotel/es/alojamiento-viladomat-barcelona1.es.html?label=gen173nr-1FCAEoggI46AdIClgEaEaIAQGYAQq4ARnIAQ_YAQHoAQH4AQKIAgGoAgO4ArL50rwGwAIB0gIkOGZlNzdlZTAtYjM2Ni00NjEwLWJjZDItYjc2NTUzNTkyZGM32AIF4AIB&sid=5ad11202ea9cc1c07c5ed8caaaf11387&aid=304142&ucfs=1&arphpl=1&checkin=2026-02-01&checkout=2026-02-08&dest_id=-372490&dest_type=city&group_adults=2&req_adults=2&no_rooms=1&group_children=0&req_children=0&hpos=3&hapos=352&sr_order=popularity&srpvid=01ee4d642e4b01c6&srepoch=1737802853&all_sr_blocks=1316998603_404440729_2_0_0&highlighted_blocks=1316998603_404440729_2_0_0&matching_block_id=1316998603_404440729_2_0_0&sr_pri_blocks=1316998603_404440729_2_0_0__59700&from=searchresults
Atic Gaudi-Gracia,"Gracia, Barcelona",https://www.booking.com/hotel/es/atic-gaudi-gracia.es.html?label=gen173nr-1FCAEoggI46AdIClgEaEaIAQGYAQq4ARnIAQ_YAQHoAQH4AQKIAgGoAgO4ArL50rwGwAIB0gIkOGZlNzdlZTAtYjM2Ni00NjEwLWJjZDItYjc2NTUzNTkyZGM32AIF4AIB&sid=5ad11202ea9cc1c07c5ed8caaaf11387&aid=304142&ucfs=1&arphpl=1&checkin=2026-02-01&checkout=2026-02-08&dest_id=-372490&dest_type=city&group_adults=2&req_adults=2&no_rooms=1&group_children=0&req_children=0&hpos=4&hapos=353&sr_order=popularity&srpvid=01ee4d642e4b01c6&srepoch=1737802853&all_sr_blocks=72599301_393710747_2_0_0&highlighted_blocks=72599301_393710747_2_0_0&matching_block_id=72599301_393710747_2_0_0&sr_pri_blocks=72599301_393710747_2_0_0__94257&from=searchresults
Enjoy Apartments VP Camp Nou,"Sants-Montjuïc, Barcelona",https://www.booking.com/hotel/es/enjoy-apartments-vp-camp-nou-apartments.es.html?label=gen173nr-1FCAEoggI46AdIClgEaEaIAQGYAQq4ARnIAQ_YAQHoAQH4AQKIAgGoAgO4ArL50rwGwAIB0gIkOGZlNzdlZTAtYjM2Ni00NjEwLWJjZDItYjc2NTUzNTkyZGM32AIF4AIB&sid=5ad11202ea9cc1c07c5ed8caaaf11387&aid=304142&ucfs=1&arphpl=1&checkin=2026-02-01&checkout=2026-02-08&dest_id=-372490&dest_type=city&group_adults=2&req_adults=2&no_rooms=1&group_children=0&req_children=0&hpos=5&hapos=354&sr_order=popularity&srpvid=01ee4d642e4b01c6&srepoch=1737802853&all_sr_blocks=1023672102_374784956_6_0_0&highlighted_blocks=1023672102_374784956_6_0_0&matching_block_id=1023672102_374784956_6_0_0&sr_pri_blocks=1023672102_374784956_6_0_0__112543&from=searchresults
ClassBedroom Gothic Ramblas Apartments,"Ciutat Vella, Barcelona",https://www.booking.com/hotel/es/classbedroom-gothic-ramblas-apartments.es.html?label=gen173nr-1FCAEoggI46AdIClgEaEaIAQGYAQq4ARnIAQ_YAQHoAQH4AQKIAgGoAgO4ArL50rwGwAIB0gIkOGZlNzdlZTAtYjM2Ni00NjEwLWJjZDItYjc2NTUzNTkyZGM32AIF4AIB&sid=5ad11202ea9cc1c07c5ed8caaaf11387&aid=304142&ucfs=1&arphpl=1&checkin=2026-02-01&checkout=2026-02-08&dest_id=-372490&dest_type=city&group_adults=2&req_adults=2&no_rooms=1&group_children=0&req_children=0&hpos=6&hapos=355&sr_order=popularity&srpvid=01ee4d642e4b01c6&srepoch=1737802853&all_sr_blocks=576394904_384316603_0_0_0&highlighted_blocks=576394904_384316603_0_0_0&matching_block_id=576394904_384316603_0_0_0&sr_pri_blocks=576394904_384316603_0_0_0__102311&from=searchresults
Eulalias Lodges Barcelona,"Sant Martí, Barcelona",https://www.booking.com/hotel/es/eulalias-lodges.es.html?label=gen173nr-1FCAEoggI46AdIClgEaEaIAQGYAQq4ARnIAQ_YAQHoAQH4AQKIAgGoAgO4ArL50rwGwAIB0gIkOGZlNzdlZTAtYjM2Ni00NjEwLWJjZDItYjc2NTUzNTkyZGM32AIF4AIB&sid=5ad11202ea9cc1c07c5ed8caaaf11387&aid=304142&ucfs=1&arphpl=1&checkin=2026-02-01&checkout=2026-02-08&dest_id=-372490&dest_type=city&group_adults=2&req_adults=2&no_rooms=1&group_children=0&req_children=0&hpos=7&hapos=356&sr_order=popularity&srpvid=01ee4d642e4b01c6&srepoch=1737802853&all_sr_blocks=1165849702_389283168_5_0_0&highlighted_blocks=1165849702_389283168_5_0_0&matching_block_id=1165849702_389283168_5_0_0&sr_pri_blocks=1165849702_389283168_5_0_0__123825&from=searchresults
Enjoy Apartments Donna,"Eixample, Barcelona",https://www.booking.com/hotel/es/enjoy-apartments-calabria.es.html?label=gen173nr-1FCAEoggI46AdIClgEaEaIAQGYAQq4ARnIAQ_YAQHoAQH4AQKIAgGoAgO4ArL50rwGwAIB0gIkOGZlNzdlZTAtYjM2Ni00NjEwLWJjZDItYjc2NTUzNTkyZGM32AIF4AIB&sid=5ad11202ea9cc1c07c5ed8caaaf11387&aid=304142&ucfs=1&arphpl=1&checkin=2026-02-01&checkout=2026-02-08&dest_id=-372490&dest_type=city&group_adults=2&req_adults=2&no_rooms=1&group_children=0&req_children=0&hpos=8&hapos=357&sr_order=popularity&srpvid=01ee4d642e4b01c6&srepoch=1737802853&all_sr_blocks=109885101_117417598_4_0_0&highlighted_blocks=109885101_117417598_4_0_0&matching_block_id=109885101_117417598_4_0_0&sr_pri_blocks=109885101_117417598_4_0_0__162682&from=searchresults
Alojamiento Paris,"Eixample, Barcelona",https://www.booking.com/hotel/es/alojamiento-paris-barcelona.es.html?label=gen173nr-1FCAEoggI46AdIClgEaEaIAQGYAQq4ARnIAQ_YAQHoAQH4AQKIAgGoAgO4ArL50rwGwAIB0gIkOGZlNzdlZTAtYjM2Ni00NjEwLWJjZDItYjc2NTUzNTkyZGM32AIF4AIB&sid=5ad11202ea9cc1c07c5ed8caaaf11387&aid=304142&ucfs=1&arphpl=1&checkin=2026-02-01&checkout=2026-02-08&dest_id=-372490&dest_type=city&group_adults=2&req_adults=2&no_rooms=1&group_children=0&req_children=0&hpos=9&hapos=358&sr_order=popularity&srpvid=01ee4d642e4b01c6&srepoch=1737802853&all_sr_blocks=1315626403_404379095_2_0_0&highlighted_blocks=1315626403_404379095_2_0_0&matching_block_id=1315626403_404379095_2_0_0&sr_pri_blocks=1315626403_404379095_2_0_0__54700&from=searchresults
R&B MUNTANER,"Eixample, Barcelona",https://www.booking.com/hotel/es/r-amp-b-muntaner-barcelona1.es.html?label=gen173nr-1FCAEoggI46AdIClgEaEaIAQGYAQq4ARnIAQ_YAQHoAQH4AQKIAgGoAgO4ArL50rwGwAIB0gIkOGZlNzdlZTAtYjM2Ni00NjEwLWJjZDItYjc2NTUzNTkyZGM32AIF4AIB&sid=5ad11202ea9cc1c07c5ed8caaaf11387&aid=304142&ucfs=1&arphpl=1&checkin=2026-02-01&checkout=2026-02-08&dest_id=-372490&dest_type=city&group_adults=2&req_adults=2&no_rooms=1&group_children=0&req_children=0&hpos=10&hapos=359&sr_order=popularity&srpvid=01ee4d642e4b01c6&srepoch=1737802853&all_sr_blocks=1042329201_376647707_0_0_0&highlighted_blocks=1042329201_376647707_0_0_0&matching_block_id=1042329201_376647707_0_0_0&sr_pri_blocks=1042329201_376647707_0_0_0__201266&from=searchresults
Luxury Modernist Penthouse next Paseo de Gracia,"Eixample, Barcelona",https://www.booking.com/hotel/es/atico-modernista.es.html?label=gen173nr-1FCAEoggI46AdIClgEaEaIAQGYAQq4ARnIAQ_YAQHoAQH4AQKIAgGoAgO4ArL50rwGwAIB0gIkOGZlNzdlZTAtYjM2Ni00NjEwLWJjZDItYjc2NTUzNTkyZGM32AIF4AIB&sid=5ad11202ea9cc1c07c5ed8caaaf11387&aid=304142&ucfs=1&arphpl=1&checkin=2026-02-01&checkout=2026-02-08&dest_id=-372490&dest_type=city&group_adults=2&req_adults=2&no_rooms=1&group_children=0&req_children=0&hpos=11&hapos=360&sr_order=popularity&srpvid=01ee4d642e4b01c6&srepoch=1737802853&all_sr_blocks=1334463601_407146243_2_0_0&highlighted_blocks=1334463601_407146243_2_0_0&matching_block_id=1334463601_407146243_2_0_0&sr_pri_blocks=1334463601_407146243_2_0_0__204554&from=searchresults
Moderno y auténtico en el corazón de Poble Sec,"Sants-Montjuïc, Barcelona",https://www.booking.com/hotel/es/moderno-y-autentico-en-el-corazon-de-poble-sec.es.html?label=gen173nr-1FCAEoggI46AdIClgEaEaIAQGYAQq4ARnIAQ_YAQHoAQH4AQKIAgGoAgO4ArL50rwGwAIB0gIkOGZlNzdlZTAtYjM2Ni00NjEwLWJjZDItYjc2NTUzNTkyZGM32AIF4AIB&sid=5ad11202ea9cc1c07c5ed8caaaf11387&aid=304142&ucfs=1&arphpl=1&checkin=2026-02-01&checkout=2026-02-08&dest_id=-372490&dest_type=city&group_adults=2&req_adults=2&no_rooms=1&group_children=0&req_children=0&hpos=12&hapos=361&sr_order=popularity&srpvid=01ee4d642e4b01c6&srepoch=1737802853&all_sr_blocks=1312387401_404010052_4_0_0&highlighted_blocks=1312387401_404010052_4_0_0&matching_block_id=1312387401_404010052_4_0_0&sr_pri_blocks=1312387401_404010052_4_0_0__99016&from=searchresults
Charming Parallel,"Sants-Montjuïc, Barcelona",https://www.booking.com/hotel/es/charming-parallel.es.html?label=gen173nr-1FCAEoggI46AdIClgEaEaIAQGYAQq4ARnIAQ_YAQHoAQH4AQKIAgGoAgO4ArL50rwGwAIB0gIkOGZlNzdlZTAtYjM2Ni00NjEwLWJjZDItYjc2NTUzNTkyZGM32AIF4AIB&sid=5ad11202ea9cc1c07c5ed8caaaf11387&aid=304142&ucfs=1&arphpl=1&checkin=2026-02-01&checkout=2026-02-08&dest_id=-372490&dest_type=city&group_adults=2&req_adults=2&no_rooms=1&group_children=0&req_children=0&hpos=13&hapos=362&sr_order=popularity&srpvid=01ee4d642e4b01c6&srepoch=1737802853&all_sr_blocks=111533001_88508379_2_0_0&highlighted_blocks=111533001_88508379_2_0_0&matching_block_id=111533001_88508379_2_0_0&sr_pri_blocks=111533001_88508379_2_0_0__157093&from=searchresults
Rooms Aribau,"Eixample, Barcelona",https://www.booking.com/hotel/es/rooms-aribau.es.html?label=gen173nr-1FCAEoggI46AdIClgEaEaIAQGYAQq4ARnIAQ_YAQHoAQH4AQKIAgGoAgO4ArL50rwGwAIB0gIkOGZlNzdlZTAtYjM2Ni00NjEwLWJjZDItYjc2NTUzNTkyZGM32AIF4AIB&sid=5ad11202ea9cc1c07c5ed8caaaf11387&aid=304142&ucfs=1&arphpl=1&checkin=2026-02-01&checkout=2026-02-08&dest_id=-372490&dest_type=city&group_adults=2&req_adults=2&no_rooms=1&group_children=0&req_children=0&hpos=14&hapos=363&sr_order=popularity&srpvid=01ee4d642e4b01c6&srepoch=1737802853&all_sr_blocks=857250101_403848354_2_0_0&highlighted_blocks=857250101_403848354_2_0_0&matching_block_id=857250101_403848354_2_0_0&sr_pri_blocks=857250101_403848354_2_0_0__49700&from=searchresults
2 bedrooms by Sants Market,"Sants-Montjuïc, Barcelona",https://www.booking.com/hotel/es/2-bedrooms-by-sants-market.es.html?label=gen173nr-1FCAEoggI46AdIClgEaEaIAQGYAQq4ARnIAQ_YAQHoAQH4AQKIAgGoAgO4ArL50rwGwAIB0gIkOGZlNzdlZTAtYjM2Ni00NjEwLWJjZDItYjc2NTUzNTkyZGM32AIF4AIB&sid=5ad11202ea9cc1c07c5ed8caaaf11387&aid=304142&ucfs=1&arphpl=1&checkin=2026-02-01&checkout=2026-02-08&dest_id=-372490&dest_type=city&group_adults=2&req_adults=2&no_rooms=1&group_children=0&req_children=0&hpos=15&hapos=364&sr_order=popularity&srpvid=01ee4d642e4b01c6&srepoch=1737802853&all_sr_blocks=1274278401_400241177_2_0_0&highlighted_blocks=1274278401_400241177_2_0_0&matching_block_id=1274278401_400241177_2_0_0&sr_pri_blocks=1274278401_400241177_2_0_0__109960&from=searchresults
"Design apartment, city center","Eixample, Barcelona",https://www.booking.com/hotel/es/luxury-design-apartment-city-center-barcelona.es.html?label=gen173nr-1FCAEoggI46AdIClgEaEaIAQGYAQq4ARnIAQ_YAQHoAQH4AQKIAgGoAgO4ArL50rwGwAIB0gIkOGZlNzdlZTAtYjM2Ni00NjEwLWJjZDItYjc2NTUzNTkyZGM32AIF4AIB&sid=5ad11202ea9cc1c07c5ed8caaaf11387&aid=304142&ucfs=1&arphpl=1&checkin=2026-02-01&checkout=2026-02-08&dest_id=-372490&dest_type=city&group_adults=2&req_adults=2&no_rooms=1&group_children=0&req_children=0&hpos=16&hapos=365&sr_order=popularity&srpvid=01ee4d642e4b01c6&srepoch=1737802853&all_sr_blocks=1093321301_382188875_0_0_0&highlighted_blocks=1093321301_382188875_0_0_0&matching_block_id=1093321301_382188875_0_0_0&sr_pri_blocks=1093321301_382188875_0_0_0__127022&from=searchresults
Montaber Apartment - Gracia,"Gracia, Barcelona",https://www.booking.com/hotel/es/montaber-apartment-gracia-barcelona1.es.html?label=gen173nr-1FCAEoggI46AdIClgEaEaIAQGYAQq4ARnIAQ_YAQHoAQH4AQKIAgGoAgO4ArL50rwGwAIB0gIkOGZlNzdlZTAtYjM2Ni00NjEwLWJjZDItYjc2NTUzNTkyZGM32AIF4AIB&sid=5ad11202ea9cc1c07c5ed8caaaf11387&aid=304142&ucfs=1&arphpl=1&checkin=2026-02-01&checkout=2026-02-08&dest_id=-372490&dest_type=city&group_adults=2&req_adults=2&no_rooms=1&group_children=0&req_children=0&hpos=17&hapos=366&sr_order=popularity&srpvid=01ee4d642e4b01c6&srepoch=1737802853&all_sr_blocks=462612701_141237523_3_0_0&highlighted_blocks=462612701_141237523_3_0_0&matching_block_id=462612701_141237523_3_0_0&sr_pri_blocks=462612701_141237523_3_0_0__105950&from=searchresults
Enjoy Apartments Montserrat Boutique Apartment in Eixample,"Eixample, Barcelona",https://www.booking.com/hotel/es/bc0ga001ac-francescas-chic-place-in-eixample.es.html?label=gen173nr-1FCAEoggI46AdIClgEaEaIAQGYAQq4ARnIAQ_YAQHoAQH4AQKIAgGoAgO4ArL50rwGwAIB0gIkOGZlNzdlZTAtYjM2Ni00NjEwLWJjZDItYjc2NTUzNTkyZGM32AIF4AIB&sid=5ad11202ea9cc1c07c5ed8caaaf11387&aid=304142&ucfs=1&arphpl=1&checkin=2026-02-01&checkout=2026-02-08&dest_id=-372490&dest_type=city&group_adults=2&req_adults=2&no_rooms=1&group_children=0&req_children=0&hpos=18&hapos=367&sr_order=popularity&srpvid=01ee4d642e4b01c6&srepoch=1737802853&all_sr_blocks=1104494502_383725466_4_0_0&highlighted_blocks=1104494502_383725466_4_0_0&matching_block_id=1104494502_383725466_4_0_0&sr_pri_blocks=1104494502_383725466_4_0_0__187798&from=searchresults
Enjoy Apartments Gran Via,"Eixample, Barcelona",https://www.booking.com/hotel/es/granvia-549-neoclassic.es.html?label=gen173nr-1FCAEoggI46AdIClgEaEaIAQGYAQq4ARnIAQ_YAQHoAQH4AQKIAgGoAgO4ArL50rwGwAIB0gIkOGZlNzdlZTAtYjM2Ni00NjEwLWJjZDItYjc2NTUzNTkyZGM32AIF4AIB&sid=5ad11202ea9cc1c07c5ed8caaaf11387&aid=304142&ucfs=1&arphpl=1&checkin=2026-02-01&checkout=2026-02-08&dest_id=-372490&dest_type=city&group_adults=2&req_adults=2&no_rooms=1&group_children=0&req_children=0&hpos=19&hapos=368&sr_order=popularity&srpvid=01ee4d642e4b01c6&srepoch=1737802853&all_sr_blocks=773696402_394176955_5_0_0&highlighted_blocks=773696402_394176955_5_0_0&matching_block_id=773696402_394176955_5_0_0&sr_pri_blocks=773696402_394176955_5_0_0__149306&from=searchresults
Ola Living Diagonal Apartments,"Sarrià-Sant Gervasi, Barcelona",https://www.booking.com/hotel/es/barcelona-center-exclusive.es.html?label=gen173nr-1FCAEoggI46AdIClgEaEaIAQGYAQq4ARnIAQ_YAQHoAQH4AQKIAgGoAgO4ArL50rwGwAIB0gIkOGZlNzdlZTAtYjM2Ni00NjEwLWJjZDItYjc2NTUzNTkyZGM32AIF4AIB&sid=5ad11202ea9cc1c07c5ed8caaaf11387&aid=304142&ucfs=1&arphpl=1&checkin=2026-02-01&checkout=2026-02-08&dest_id=-372490&dest_type=city&group_adults=2&req_adults=2&no_rooms=1&group_children=0&req_children=0&hpos=20&hapos=369&sr_order=popularity&srpvid=01ee4d642e4b01c6&srepoch=1737802853&all_sr_blocks=40160015_247002791_4_0_0&highlighted_blocks=40160015_247002791_4_0_0&matching_block_id=40160015_247002791_4_0_0&sr_pri_blocks=40160015_247002791_4_0_0__217671&from=searchresults
3057 - AB Sepulveda,"Eixample, Barcelona",https://www.booking.com/hotel/es/3057-ab-sepulveda.es.html?label=gen173nr-1FCAEoggI46AdIClgEaEaIAQGYAQq4ARnIAQ_YAQHoAQH4AQKIAgGoAgO4ArL50rwGwAIB0gIkOGZlNzdlZTAtYjM2Ni00NjEwLWJjZDItYjc2NTUzNTkyZGM32AIF4AIB&sid=5ad11202ea9cc1c07c5ed8caaaf11387&aid=304142&ucfs=1&arphpl=1&checkin=2026-02-01&checkout=2026-02-08&dest_id=-372490&dest_type=city&group_adults=2&req_adults=2&no_rooms=1&group_children=0&req_children=0&hpos=21&hapos=370&sr_order=popularity&srpvid=01ee4d642e4b01c6&srepoch=1737802853&all_sr_blocks=1221615202_394347482_4_0_0&highlighted_blocks=1221615202_394347482_4_0_0&matching_block_id=1221615202_394347482_4_0_0&sr_pri_blocks=1221615202_394347482_4_0_0__153580&from=searchresults
Alojamiento Nuevo Balmes,"Eixample, Barcelona",https://www.booking.com/hotel/es/alojamiento-nuevo-balmes-barcelona.es.html?label=gen173nr-1FCAEoggI46AdIClgEaEaIAQGYAQq4ARnIAQ_YAQHoAQH4AQKIAgGoAgO4ArL50rwGwAIB0gIkOGZlNzdlZTAtYjM2Ni00NjEwLWJjZDItYjc2NTUzNTkyZGM32AIF4AIB&sid=5ad11202ea9cc1c07c5ed8caaaf11387&aid=304142&ucfs=1&arphpl=1&checkin=2026-02-01&checkout=2026-02-08&dest_id=-372490&dest_type=city&group_adults=2&req_adults=2&no_rooms=1&group_children=0&req_children=0&hpos=22&hapos=371&sr_order=popularity&srpvid=01ee4d642e4b01c6&srepoch=1737802853&all_sr_blocks=1315631206_404391872_2_0_0&highlighted_blocks=1315631206_404391872_2_0_0&matching_block_id=1315631206_404391872_2_0_0&sr_pri_blocks=1315631206_404391872_2_0_0__59700&from=searchresults
Housalia Guell & Gracia,"Gracia, Barcelona",https://www.booking.com/hotel/es/casa-flors.es.html?label=gen173nr-1FCAEoggI46AdIClgEaEaIAQGYAQq4ARnIAQ_YAQHoAQH4AQKIAgGoAgO4ArL50rwGwAIB0gIkOGZlNzdlZTAtYjM2Ni00NjEwLWJjZDItYjc2NTUzNTkyZGM32AIF4AIB&sid=5ad11202ea9cc1c07c5ed8caaaf11387&aid=304142&ucfs=1&arphpl=1&checkin=2026-02-01&checkout=2026-02-08&dest_id=-372490&dest_type=city&group_adults=2&req_adults=2&no_rooms=1&group_children=0&req_children=0&hpos=23&hapos=372&sr_order=popularity&srpvid=01ee4d642e4b01c6&srepoch=1737802853&all_sr_blocks=528419702_333100996_0_0_0&highlighted_blocks=528419702_333100996_0_0_0&matching_block_id=528419702_333100996_0_0_0&sr_pri_blocks=528419702_333100996_0_0_0__115602&from=searchresults
Apartaments Independencia,"Sant Martí, Barcelona",https://www.booking.com/hotel/es/apartaments-independencia.es.html?label=gen173nr-1FCAEoggI46AdIClgEaEaIAQGYAQq4ARnIAQ_YAQHoAQH4AQKIAgGoAgO4ArL50rwGwAIB0gIkOGZlNzdlZTAtYjM2Ni00NjEwLWJjZDItYjc2NTUzNTkyZGM32AIF4AIB&sid=5ad11202ea9cc1c07c5ed8caaaf11387&aid=304142&ucfs=1&arphpl=1&checkin=2026-02-01&checkout=2026-02-08&dest_id=-372490&dest_type=city&group_adults=2&req_adults=2&no_rooms=1&group_children=0&req_children=0&hpos=24&hapos=373&sr_order=popularity&srpvid=01ee4d642e4b01c6&srepoch=1737802853&all_sr_blocks=9681503_88196426_4_0_0&highlighted_blocks=9681503_88196426_4_0_0&matching_block_id=9681503_88196426_4_0_0&sr_pri_blocks=9681503_88196426_4_0_0__230132&from=searchresults
Apartaments Aragó565,"Sant Martí, Barcelona",https://www.booking.com/hotel/es/apartaments-arago565.es.html?label=gen173nr-1FCAEoggI46AdIClgEaEaIAQGYAQq4ARnIAQ_YAQHoAQH4AQKIAgGoAgO4ArL50rwGwAIB0gIkOGZlNzdlZTAtYjM2Ni00NjEwLWJjZDItYjc2NTUzNTkyZGM32AIF4AIB&sid=5ad11202ea9cc1c07c5ed8caaaf11387&aid=304142&ucfs=1&arphpl=1&checkin=2026-02-01&checkout=2026-02-08&dest_id=-372490&dest_type=city&group_adults=2&req_adults=2&no_rooms=1&group_children=0&req_children=0&hpos=25&hapos=374&sr_order=popularity&srpvid=01ee4d642e4b01c6&srepoch=1737802853&all_sr_blocks=9366703_88194035_4_0_0&highlighted_blocks=9366703_88194035_4_0_0&matching_block_id=9366703_88194035_4_0_0&sr_pri_blocks=9366703_88194035_4_0_0__230132&from=searchresults
The Orbit Apartments,"Sarrià-Sant Gervasi, Barcelona",https://www.booking.com/hotel/es/the-orbit-apartments.es.html?label=gen173nr-1FCAEoggI46AdIClgEaEaIAQGYAQq4ARnIAQ_YAQHoAQH4AQKIAgGoAgO4ArL50rwGwAIB0gIkOGZlNzdlZTAtYjM2Ni00NjEwLWJjZDItYjc2NTUzNTkyZGM32AIF4AIB&sid=5ad11202ea9cc1c07c5ed8caaaf11387&aid=304142&ucfs=1&arphpl=1&checkin=2026-02-01&checkout=2026-02-08&dest_id=-372490&dest_type=city&group_adults=2&req_adults=2&no_rooms=1&group_children=0&req_children=0&hpos=1&hapos=375&sr_order=popularity&srpvid=01ee4d642e4b01c6&srepoch=1737802855&all_sr_blocks=1111009303_384072026_0_0_0&highlighted_blocks=1111009303_384072026_0_0_0&matching_block_id=1111009303_384072026_0_0_0&sr_pri_blocks=1111009303_384072026_0_0_0__206982&from=searchresults
Frida by EnjoyApartments,"Gracia, Barcelona",https://www.booking.com/hotel/es/frida-by-enjoyapartments.es.html?label=gen173nr-1FCAEoggI46AdIClgEaEaIAQGYAQq4ARnIAQ_YAQHoAQH4AQKIAgGoAgO4ArL50rwGwAIB0gIkOGZlNzdlZTAtYjM2Ni00NjEwLWJjZDItYjc2NTUzNTkyZGM32AIF4AIB&sid=5ad11202ea9cc1c07c5ed8caaaf11387&aid=304142&ucfs=1&arphpl=1&checkin=2026-02-01&checkout=2026-02-08&dest_id=-372490&dest_type=city&group_adults=2&req_adults=2&no_rooms=1&group_children=0&req_children=0&hpos=2&hapos=376&sr_order=popularity&srpvid=01ee4d642e4b01c6&srepoch=1737802855&all_sr_blocks=1210868502_393414781_4_0_0&highlighted_blocks=1210868502_393414781_4_0_0&matching_block_id=1210868502_393414781_4_0_0&sr_pri_blocks=1210868502_393414781_4_0_0__139932&from=searchresults
Alojamiento Villarro,"Eixample, Barcelona",https://www.booking.com/hotel/es/alojamiento-villarro.es.html?label=gen173nr-1FCAEoggI46AdIClgEaEaIAQGYAQq4ARnIAQ_YAQHoAQH4AQKIAgGoAgO4ArL50rwGwAIB0gIkOGZlNzdlZTAtYjM2Ni00NjEwLWJjZDItYjc2NTUzNTkyZGM32AIF4AIB&sid=5ad11202ea9cc1c07c5ed8caaaf11387&aid=304142&ucfs=1&arphpl=1&checkin=2026-02-01&checkout=2026-02-08&dest_id=-372490&dest_type=city&group_adults=2&req_adults=2&no_rooms=1&group_children=0&req_children=0&hpos=3&hapos=377&sr_order=popularity&srpvid=01ee4d642e4b01c6&srepoch=1737802855&all_sr_blocks=1314843203_404282743_2_0_0&highlighted_blocks=1314843203_404282743_2_0_0&matching_block_id=1314843203_404282743_2_0_0&sr_pri_blocks=1314843203_404282743_2_0_0__59200&from=searchresults
Housalia Guell Gaudi,"Horta-Guinardó, Barcelona",https://www.booking.com/hotel/es/lodging-apartments-guell-gaudi.es.html?label=gen173nr-1FCAEoggI46AdIClgEaEaIAQGYAQq4ARnIAQ_YAQHoAQH4AQKIAgGoAgO4ArL50rwGwAIB0gIkOGZlNzdlZTAtYjM2Ni00NjEwLWJjZDItYjc2NTUzNTkyZGM32AIF4AIB&sid=5ad11202ea9cc1c07c5ed8caaaf11387&aid=304142&ucfs=1&arphpl=1&checkin=2026-02-01&checkout=2026-02-08&dest_id=-372490&dest_type=city&group_adults=2&req_adults=2&no_rooms=1&group_children=0&req_children=0&hpos=4&hapos=378&sr_order=popularity&srpvid=01ee4d642e4b01c6&srepoch=1737802855&all_sr_blocks=171321601_258828674_5_0_0&highlighted_blocks=171321601_258828674_5_0_0&matching_block_id=171321601_258828674_5_0_0&sr_pri_blocks=171321601_258828674_5_0_0__146540&from=searchresults
Ola Living Santa Anna,"Ciutat Vella, Barcelona",https://www.booking.com/hotel/es/ola-living-santa-anna.es.html?label=gen173nr-1FCAEoggI46AdIClgEaEaIAQGYAQq4ARnIAQ_YAQHoAQH4AQKIAgGoAgO4ArL50rwGwAIB0gIkOGZlNzdlZTAtYjM2Ni00NjEwLWJjZDItYjc2NTUzNTkyZGM32AIF4AIB&sid=5ad11202ea9cc1c07c5ed8caaaf11387&aid=304142&ucfs=1&arphpl=1&checkin=2026-02-01&checkout=2026-02-08&dest_id=-372490&dest_type=city&group_adults=2&req_adults=2&no_rooms=1&group_children=0&req_children=0&hpos=5&hapos=379&sr_order=popularity&srpvid=01ee4d642e4b01c6&srepoch=1737802855&all_sr_blocks=189784104_397271699_2_0_0&highlighted_blocks=189784104_397271699_2_0_0&matching_block_id=189784104_397271699_2_0_0&sr_pri_blocks=189784104_397271699_2_0_0__213170&from=searchresults
Enjoy Apartments La Riera Penthouse,"Gracia, Barcelona",https://www.booking.com/hotel/es/bc0mv00rc-la-riera-charm-tres.es.html?label=gen173nr-1FCAEoggI46AdIClgEaEaIAQGYAQq4ARnIAQ_YAQHoAQH4AQKIAgGoAgO4ArL50rwGwAIB0gIkOGZlNzdlZTAtYjM2Ni00NjEwLWJjZDItYjc2NTUzNTkyZGM32AIF4AIB&sid=5ad11202ea9cc1c07c5ed8caaaf11387&aid=304142&ucfs=1&arphpl=1&checkin=2026-02-01&checkout=2026-02-08&dest_id=-372490&dest_type=city&group_adults=2&req_adults=2&no_rooms=1&group_children=0&req_children=0&hpos=6&hapos=380&sr_order=popularity&srpvid=01ee4d642e4b01c6&srepoch=1737802855&all_sr_blocks=1111062802_384111246_4_0_0&highlighted_blocks=1111062802_384111246_4_0_0&matching_block_id=1111062802_384111246_4_0_0&sr_pri_blocks=1111062802_384111246_4_0_0__239752&from=searchresults
Sagrada266 by chicStays,"Eixample, Barcelona",https://www.booking.com/hotel/es/sagrada-famia-apartments.es.html?label=gen173nr-1FCAEoggI46AdIClgEaEaIAQGYAQq4ARnIAQ_YAQHoAQH4AQKIAgGoAgO4ArL50rwGwAIB0gIkOGZlNzdlZTAtYjM2Ni00NjEwLWJjZDItYjc2NTUzNTkyZGM32AIF4AIB&sid=5ad11202ea9cc1c07c5ed8caaaf11387&aid=304142&ucfs=1&arphpl=1&checkin=2026-02-01&checkout=2026-02-08&dest_id=-372490&dest_type=city&group_adults=2&req_adults=2&no_rooms=1&group_children=0&req_children=0&hpos=7&hapos=381&sr_order=popularity&srpvid=01ee4d642e4b01c6&srepoch=1737802855&all_sr_blocks=1224401_118602045_2_0_0&highlighted_blocks=1224401_118602045_2_0_0&matching_block_id=1224401_118602045_2_0_0&sr_pri_blocks=1224401_118602045_2_0_0__203965&from=searchresults
Romantic 19th century apartment,"Ciutat Vella, Barcelona",https://www.booking.com/hotel/es/romantic-19th-century-apartment.es.html?label=gen173nr-1FCAEoggI46AdIClgEaEaIAQGYAQq4ARnIAQ_YAQHoAQH4AQKIAgGoAgO4ArL50rwGwAIB0gIkOGZlNzdlZTAtYjM2Ni00NjEwLWJjZDItYjc2NTUzNTkyZGM32AIF4AIB&sid=5ad11202ea9cc1c07c5ed8caaaf11387&aid=304142&ucfs=1&arphpl=1&checkin=2026-02-01&checkout=2026-02-08&dest_id=-372490&dest_type=city&group_adults=2&req_adults=2&no_rooms=1&group_children=0&req_children=0&hpos=8&hapos=382&sr_order=popularity&srpvid=01ee4d642e4b01c6&srepoch=1737802855&all_sr_blocks=1305365101_405981546_2_0_0&highlighted_blocks=1305365101_405981546_2_0_0&matching_block_id=1305365101_405981546_2_0_0&sr_pri_blocks=1305365101_405981546_2_0_0__113504&from=searchresults
Casa Cosi - Patio 2,"Sarrià-Sant Gervasi, Barcelona",https://www.booking.com/hotel/es/casa-cosi-patio-2.es.html?label=gen173nr-1FCAEoggI46AdIClgEaEaIAQGYAQq4ARnIAQ_YAQHoAQH4AQKIAgGoAgO4ArL50rwGwAIB0gIkOGZlNzdlZTAtYjM2Ni00NjEwLWJjZDItYjc2NTUzNTkyZGM32AIF4AIB&sid=5ad11202ea9cc1c07c5ed8caaaf11387&aid=304142&ucfs=1&arphpl=1&checkin=2026-02-01&checkout=2026-02-08&dest_id=-372490&dest_type=city&group_adults=2&req_adults=2&no_rooms=1&group_children=0&req_children=0&hpos=9&hapos=383&sr_order=popularity&srpvid=01ee4d642e4b01c6&srepoch=1737802855&all_sr_blocks=814035502_362247603_0_0_0&highlighted_blocks=814035502_362247603_0_0_0&matching_block_id=814035502_362247603_0_0_0&sr_pri_blocks=814035502_362247603_0_0_0__145267&from=searchresults
Enjoy Apartments Urban Retreat Valencia 2,"Eixample, Barcelona",https://www.booking.com/hotel/es/urban-retreat-valencia-2.es.html?label=gen173nr-1FCAEoggI46AdIClgEaEaIAQGYAQq4ARnIAQ_YAQHoAQH4AQKIAgGoAgO4ArL50rwGwAIB0gIkOGZlNzdlZTAtYjM2Ni00NjEwLWJjZDItYjc2NTUzNTkyZGM32AIF4AIB&sid=5ad11202ea9cc1c07c5ed8caaaf11387&aid=304142&ucfs=1&arphpl=1&checkin=2026-02-01&checkout=2026-02-08&dest_id=-372490&dest_type=city&group_adults=2&req_adults=2&no_rooms=1&group_children=0&req_children=0&hpos=10&hapos=384&sr_order=popularity&srpvid=01ee4d642e4b01c6&srepoch=1737802855&all_sr_blocks=1104583102_383725560_3_0_0&highlighted_blocks=1104583102_383725560_3_0_0&matching_block_id=1104583102_383725560_3_0_0&sr_pri_blocks=1104583102_383725560_3_0_0__111543&from=searchresults
Hotel California,"Ciutat Vella, Barcelona",https://www.booking.com/hotel/es/california-barcelona.es.html?label=gen173nr-1FCAEoggI46AdIClgEaEaIAQGYAQq4ARnIAQ_YAQHoAQH4AQKIAgGoAgO4ArL50rwGwAIB0gIkOGZlNzdlZTAtYjM2Ni00NjEwLWJjZDItYjc2NTUzNTkyZGM32AIF4AIB&sid=5ad11202ea9cc1c07c5ed8caaaf11387&aid=304142&ucfs=1&arphpl=1&checkin=2026-02-01&checkout=2026-02-08&dest_id=-372490&dest_type=city&group_adults=2&req_adults=2&no_rooms=1&group_children=0&req_children=0&hpos=11&hapos=385&sr_order=popularity&srpvid=01ee4d642e4b01c6&srepoch=1737802855&all_sr_blocks=68968504_88210446_2_1_0_559684&highlighted_blocks=68968504_88210446_2_1_0_559684&matching_block_id=68968504_88210446_2_1_0_559684&sr_pri_blocks=68968504_88210446_2_1_0_559684_124908&from=searchresults
Click&Flat Gaudi Dream II,"Eixample, Barcelona",https://www.booking.com/hotel/es/amazing-views-over-sagrada-familia-barcelona2.es.html?label=gen173nr-1FCAEoggI46AdIClgEaEaIAQGYAQq4ARnIAQ_YAQHoAQH4AQKIAgGoAgO4ArL50rwGwAIB0gIkOGZlNzdlZTAtYjM2Ni00NjEwLWJjZDItYjc2NTUzNTkyZGM32AIF4AIB&sid=5ad11202ea9cc1c07c5ed8caaaf11387&aid=304142&ucfs=1&arphpl=1&checkin=2026-02-01&checkout=2026-02-08&dest_id=-372490&dest_type=city&group_adults=2&req_adults=2&no_rooms=1&group_children=0&req_children=0&hpos=12&hapos=386&sr_order=popularity&srpvid=01ee4d642e4b01c6&srepoch=1737802855&all_sr_blocks=1230975901_395081938_2_0_0_500280&highlighted_blocks=1230975901_395081938_2_0_0_500280&matching_block_id=1230975901_395081938_2_0_0_500280&sr_pri_blocks=1230975901_395081938_2_0_0_500280_152228&from=searchresults
BruStar Gotic-Centric,"Eixample, Barcelona",https://www.booking.com/hotel/es/brustarr-gotic.es.html?label=gen173nr-1FCAEoggI46AdIClgEaEaIAQGYAQq4ARnIAQ_YAQHoAQH4AQKIAgGoAgO4ArL50rwGwAIB0gIkOGZlNzdlZTAtYjM2Ni00NjEwLWJjZDItYjc2NTUzNTkyZGM32AIF4AIB&sid=5ad11202ea9cc1c07c5ed8caaaf11387&aid=304142&ucfs=1&arphpl=1&checkin=2026-02-01&checkout=2026-02-08&dest_id=-372490&dest_type=city&group_adults=2&req_adults=2&no_rooms=1&group_children=0&req_children=0&hpos=13&hapos=387&sr_order=popularity&srpvid=01ee4d642e4b01c6&srepoch=1737802855&all_sr_blocks=36151602_88498639_0_0_0&highlighted_blocks=36151602_88498639_0_0_0&matching_block_id=36151602_88498639_0_0_0&sr_pri_blocks=36151602_88498639_0_0_0__121380&from=searchresults
Ola Living St Antoni,"Eixample, Barcelona",https://www.booking.com/hotel/es/ola-living-st-antoni.es.html?label=gen173nr-1FCAEoggI46AdIClgEaEaIAQGYAQq4ARnIAQ_YAQHoAQH4AQKIAgGoAgO4ArL50rwGwAIB0gIkOGZlNzdlZTAtYjM2Ni00NjEwLWJjZDItYjc2NTUzNTkyZGM32AIF4AIB&sid=5ad11202ea9cc1c07c5ed8caaaf11387&aid=304142&ucfs=1&arphpl=1&checkin=2026-02-01&checkout=2026-02-08&dest_id=-372490&dest_type=city&group_adults=2&req_adults=2&no_rooms=1&group_children=0&req_children=0&hpos=14&hapos=388&sr_order=popularity&srpvid=01ee4d642e4b01c6&srepoch=1737802855&all_sr_blocks=1324981901_405128653_2_0_0&highlighted_blocks=1324981901_405128653_2_0_0&matching_block_id=1324981901_405128653_2_0_0&sr_pri_blocks=1324981901_405128653_2_0_0__156889&from=searchresults
Inout,"Sarrià-Sant Gervasi, Barcelona",https://www.booking.com/hotel/es/inout.es.html?label=gen173nr-1FCAEoggI46AdIClgEaEaIAQGYAQq4ARnIAQ_YAQHoAQH4AQKIAgGoAgO4ArL50rwGwAIB0gIkOGZlNzdlZTAtYjM2Ni00NjEwLWJjZDItYjc2NTUzNTkyZGM32AIF4AIB&sid=5ad11202ea9cc1c07c5ed8caaaf11387&aid=304142&ucfs=1&arphpl=1&checkin=2026-02-01&checkout=2026-02-08&dest_id=-372490&dest_type=city&group_adults=2&req_adults=2&no_rooms=1&group_children=0&req_children=0&hpos=15&hapos=389&sr_order=popularity&srpvid=01ee4d642e4b01c6&srepoch=1737802855&all_sr_blocks=9360011_88193932_0_42_0&highlighted_blocks=9360011_88193932_0_42_0&matching_block_id=9360011_88193932_0_42_0&sr_pri_blocks=9360011_88193932_0_42_0__60620&from_sustainable_property_sr=1&from=searchresults
1215 - Ciutadella Pretty Apartment,"Sant Martí, Barcelona",https://www.booking.com/hotel/es/1215-beach-olimpic-village-apartment-ii.es.html?label=gen173nr-1FCAEoggI46AdIClgEaEaIAQGYAQq4ARnIAQ_YAQHoAQH4AQKIAgGoAgO4ArL50rwGwAIB0gIkOGZlNzdlZTAtYjM2Ni00NjEwLWJjZDItYjc2NTUzNTkyZGM32AIF4AIB&sid=5ad11202ea9cc1c07c5ed8caaaf11387&aid=304142&ucfs=1&arphpl=1&checkin=2026-02-01&checkout=2026-02-08&dest_id=-372490&dest_type=city&group_adults=2&req_adults=2&no_rooms=1&group_children=0&req_children=0&hpos=16&hapos=390&sr_order=popularity&srpvid=01ee4d642e4b01c6&srepoch=1737802855&all_sr_blocks=319201402_129404385_4_0_0_611611&highlighted_blocks=319201402_129404385_4_0_0_611611&matching_block_id=319201402_129404385_4_0_0_611611&sr_pri_blocks=319201402_129404385_4_0_0_611611_185434&from=searchresults
Boutique Hotel H10 Catalunya Plaza,"Eixample, Barcelona",https://www.booking.com/hotel/es/catalunyaplaza.es.html?label=gen173nr-1FCAEoggI46AdIClgEaEaIAQGYAQq4ARnIAQ_YAQHoAQH4AQKIAgGoAgO4ArL50rwGwAIB0gIkOGZlNzdlZTAtYjM2Ni00NjEwLWJjZDItYjc2NTUzNTkyZGM32AIF4AIB&sid=5ad11202ea9cc1c07c5ed8caaaf11387&aid=304142&ucfs=1&arphpl=1&checkin=2026-02-01&checkout=2026-02-08&dest_id=-372490&dest_type=city&group_adults=2&req_adults=2&no_rooms=1&group_children=0&req_children=0&hpos=17&hapos=391&sr_order=popularity&srpvid=01ee4d642e4b01c6&srepoch=1737802855&all_sr_blocks=9037204_88181605_0_2_0_462127&highlighted_blocks=9037204_88181605_0_2_0_462127&matching_block_id=9037204_88181605_0_2_0_462127&sr_pri_blocks=9037204_88181605_0_2_0_462127_180476&from_sustainable_property_sr=1&from=searchresults
Barcelona Central Apartments,"Eixample, Barcelona",https://www.booking.com/hotel/es/girona-apartments.es.html?label=gen173nr-1FCAEoggI46AdIClgEaEaIAQGYAQq4ARnIAQ_YAQHoAQH4AQKIAgGoAgO4ArL50rwGwAIB0gIkOGZlNzdlZTAtYjM2Ni00NjEwLWJjZDItYjc2NTUzNTkyZGM32AIF4AIB&sid=5ad11202ea9cc1c07c5ed8caaaf11387&aid=304142&ucfs=1&arphpl=1&checkin=2026-02-01&checkout=2026-02-08&dest_id=-372490&dest_type=city&group_adults=2&req_adults=2&no_rooms=1&group_children=0&req_children=0&hpos=18&hapos=392&sr_order=popularity&srpvid=01ee4d642e4b01c6&srepoch=1737802855&all_sr_blocks=700720004_373172581_2_0_0&highlighted_blocks=700720004_373172581_2_0_0&matching_block_id=700720004_373172581_2_0_0&sr_pri_blocks=700720004_373172581_2_0_0__145932&from=searchresults
Factory Apartments Barcelona,"Eixample, Barcelona",https://www.booking.com/hotel/es/factory-apartments.es.html?label=gen173nr-1FCAEoggI46AdIClgEaEaIAQGYAQq4ARnIAQ_YAQHoAQH4AQKIAgGoAgO4ArL50rwGwAIB0gIkOGZlNzdlZTAtYjM2Ni00NjEwLWJjZDItYjc2NTUzNTkyZGM32AIF4AIB&sid=5ad11202ea9cc1c07c5ed8caaaf11387&aid=304142&ucfs=1&arphpl=1&checkin=2026-02-01&checkout=2026-02-08&dest_id=-372490&dest_type=city&group_adults=2&req_adults=2&no_rooms=1&group_children=0&req_children=0&hpos=19&hapos=393&sr_order=popularity&srpvid=01ee4d642e4b01c6&srepoch=1737802855&all_sr_blocks=966651704_369138169_0_0_0&highlighted_blocks=966651704_369138169_0_0_0&matching_block_id=966651704_369138169_0_0_0&sr_pri_blocks=966651704_369138169_0_0_0__222812&from=searchresults
Habitas Stay Barcelona,"Eixample, Barcelona",https://www.booking.com/hotel/es/habitas-stay-barcelona.es.html?label=gen173nr-1FCAEoggI46AdIClgEaEaIAQGYAQq4ARnIAQ_YAQHoAQH4AQKIAgGoAgO4ArL50rwGwAIB0gIkOGZlNzdlZTAtYjM2Ni00NjEwLWJjZDItYjc2NTUzNTkyZGM32AIF4AIB&sid=5ad11202ea9cc1c07c5ed8caaaf11387&aid=304142&ucfs=1&arphpl=1&checkin=2026-02-01&checkout=2026-02-08&dest_id=-372490&dest_type=city&group_adults=2&req_adults=2&no_rooms=1&group_children=0&req_children=0&hpos=20&hapos=394&sr_order=popularity&srpvid=01ee4d642e4b01c6&srepoch=1737802855&all_sr_blocks=1305936701_403427822_6_0_0&highlighted_blocks=1305936701_403427822_6_0_0&matching_block_id=1305936701_403427822_6_0_0&sr_pri_blocks=1305936701_403427822_6_0_0__221127&from=searchresults
Casa Cosi - Atico,"Eixample, Barcelona",https://www.booking.com/hotel/es/casa-cosi-atico-barcelona1.es.html?label=gen173nr-1FCAEoggI46AdIClgEaEaIAQGYAQq4ARnIAQ_YAQHoAQH4AQKIAgGoAgO4ArL50rwGwAIB0gIkOGZlNzdlZTAtYjM2Ni00NjEwLWJjZDItYjc2NTUzNTkyZGM32AIF4AIB&sid=5ad11202ea9cc1c07c5ed8caaaf11387&aid=304142&ucfs=1&arphpl=1&checkin=2026-02-01&checkout=2026-02-08&dest_id=-372490&dest_type=city&group_adults=2&req_adults=2&no_rooms=1&group_children=0&req_children=0&hpos=21&hapos=395&sr_order=popularity&srpvid=01ee4d642e4b01c6&srepoch=1737802855&all_sr_blocks=548005201_377071848_0_0_0&highlighted_blocks=548005201_377071848_0_0_0&matching_block_id=548005201_377071848_0_0_0&sr_pri_blocks=548005201_377071848_0_0_0__293822&from=searchresults
Enjoy Apartments Urban Retreat Valencia 1,"Eixample, Barcelona",https://www.booking.com/hotel/es/urban-retreat-valencia-1.es.html?label=gen173nr-1FCAEoggI46AdIClgEaEaIAQGYAQq4ARnIAQ_YAQHoAQH4AQKIAgGoAgO4ArL50rwGwAIB0gIkOGZlNzdlZTAtYjM2Ni00NjEwLWJjZDItYjc2NTUzNTkyZGM32AIF4AIB&sid=5ad11202ea9cc1c07c5ed8caaaf11387&aid=304142&ucfs=1&arphpl=1&checkin=2026-02-01&checkout=2026-02-08&dest_id=-372490&dest_type=city&group_adults=2&req_adults=2&no_rooms=1&group_children=0&req_children=0&hpos=22&hapos=396&sr_order=popularity&srpvid=01ee4d642e4b01c6&srepoch=1737802855&all_sr_blocks=1222133402_394361328_3_0_0&highlighted_blocks=1222133402_394361328_3_0_0&matching_block_id=1222133402_394361328_3_0_0&sr_pri_blocks=1222133402_394361328_3_0_0__121462&from=searchresults
"Retiro Urbano en Sants, Tu Hogar en Barcelona","Sants-Montjuïc, Barcelona",https://www.booking.com/hotel/es/private-suite-in-residential-area.es.html?label=gen173nr-1FCAEoggI46AdIClgEaEaIAQGYAQq4ARnIAQ_YAQHoAQH4AQKIAgGoAgO4ArL50rwGwAIB0gIkOGZlNzdlZTAtYjM2Ni00NjEwLWJjZDItYjc2NTUzNTkyZGM32AIF4AIB&sid=5ad11202ea9cc1c07c5ed8caaaf11387&aid=304142&ucfs=1&arphpl=1&checkin=2026-02-01&checkout=2026-02-08&dest_id=-372490&dest_type=city&group_adults=2&req_adults=2&no_rooms=1&group_children=0&req_children=0&hpos=23&hapos=397&sr_order=popularity&srpvid=01ee4d642e4b01c6&srepoch=1737802855&all_sr_blocks=1287175201_401673909_2_0_0&highlighted_blocks=1287175201_401673909_2_0_0&matching_block_id=1287175201_401673909_2_0_0&sr_pri_blocks=1287175201_401673909_2_0_0__100287&from=searchresults
The Hipstel Parallel,"Sants-Montjuïc, Barcelona",https://www.booking.com/hotel/es/futura-casa-lola.es.html?label=gen173nr-1FCAEoggI46AdIClgEaEaIAQGYAQq4ARnIAQ_YAQHoAQH4AQKIAgGoAgO4ArL50rwGwAIB0gIkOGZlNzdlZTAtYjM2Ni00NjEwLWJjZDItYjc2NTUzNTkyZGM32AIF4AIB&sid=5ad11202ea9cc1c07c5ed8caaaf11387&aid=304142&ucfs=1&arphpl=1&checkin=2026-02-01&checkout=2026-02-08&dest_id=-372490&dest_type=city&group_adults=2&req_adults=2&no_rooms=1&group_children=0&req_children=0&hpos=24&hapos=398&sr_order=popularity&srpvid=01ee4d642e4b01c6&srepoch=1737802855&all_sr_blocks=191475117_288004418_2_0_0&highlighted_blocks=191475117_288004418_2_0_0&matching_block_id=191475117_288004418_2_0_0&sr_pri_blocks=191475117_288004418_2_0_0__56000&from=searchresults
1214 - TWO BEDROOMS CIUTADELLA APARTMENT,"Sant Martí, Barcelona",https://www.booking.com/hotel/es/1214-beach-olimpic-village-apartment-i.es.html?label=gen173nr-1FCAEoggI46AdIClgEaEaIAQGYAQq4ARnIAQ_YAQHoAQH4AQKIAgGoAgO4ArL50rwGwAIB0gIkOGZlNzdlZTAtYjM2Ni00NjEwLWJjZDItYjc2NTUzNTkyZGM32AIF4AIB&sid=5ad11202ea9cc1c07c5ed8caaaf11387&aid=304142&ucfs=1&arphpl=1&checkin=2026-02-01&checkout=2026-02-08&dest_id=-372490&dest_type=city&group_adults=2&req_adults=2&no_rooms=1&group_children=0&req_children=0&hpos=25&hapos=399&sr_order=popularity&srpvid=01ee4d642e4b01c6&srepoch=1737802855&all_sr_blocks=319202502_119490507_4_0_0_611608&highlighted_blocks=319202502_119490507_4_0_0_611608&matching_block_id=319202502_119490507_4_0_0_611608&sr_pri_blocks=319202502_119490507_4_0_0_611608_186253&from=searchresults
Olles Apartment,"Ciutat Vella, Barcelona",https://www.booking.com/hotel/es/olles-apartment.es.html?label=gen173nr-1FCAEoggI46AdIClgEaEaIAQGYAQq4ARnIAQ_YAQHoAQH4AQKIAgGoAgO4ArL50rwGwAIB0gIkOGZlNzdlZTAtYjM2Ni00NjEwLWJjZDItYjc2NTUzNTkyZGM32AIF4AIB&sid=5ad11202ea9cc1c07c5ed8caaaf11387&aid=304142&ucfs=1&arphpl=1&checkin=2026-02-01&checkout=2026-02-08&dest_id=-372490&dest_type=city&group_adults=2&req_adults=2&no_rooms=1&group_children=0&req_children=0&hpos=1&hapos=400&sr_order=popularity&srpvid=01ee4d642e4b01c6&srepoch=1737802857&all_sr_blocks=118142301_361877397_2_0_0&highlighted_blocks=118142301_361877397_2_0_0&matching_block_id=118142301_361877397_2_0_0&sr_pri_blocks=118142301_361877397_2_0_0__134892&from=searchresults
Ola Living Consell De Cent,"Eixample, Barcelona",https://www.booking.com/hotel/es/ola-living-consell-de-cent.es.html?label=gen173nr-1FCAEoggI46AdIClgEaEaIAQGYAQq4ARnIAQ_YAQHoAQH4AQKIAgGoAgO4ArL50rwGwAIB0gIkOGZlNzdlZTAtYjM2Ni00NjEwLWJjZDItYjc2NTUzNTkyZGM32AIF4AIB&sid=5ad11202ea9cc1c07c5ed8caaaf11387&aid=304142&ucfs=1&arphpl=1&checkin=2026-02-01&checkout=2026-02-08&dest_id=-372490&dest_type=city&group_adults=2&req_adults=2&no_rooms=1&group_children=0&req_children=0&hpos=2&hapos=401&sr_order=popularity&srpvid=01ee4d642e4b01c6&srepoch=1737802857&all_sr_blocks=1103277902_397269096_2_0_0&highlighted_blocks=1103277902_397269096_2_0_0&matching_block_id=1103277902_397269096_2_0_0&sr_pri_blocks=1103277902_397269096_2_0_0__232531&from=searchresults
Nuevo Aragó Habitaciones,"Eixample, Barcelona",https://www.booking.com/hotel/es/nuevo-arago-habitaciones.es.html?label=gen173nr-1FCAEoggI46AdIClgEaEaIAQGYAQq4ARnIAQ_YAQHoAQH4AQKIAgGoAgO4ArL50rwGwAIB0gIkOGZlNzdlZTAtYjM2Ni00NjEwLWJjZDItYjc2NTUzNTkyZGM32AIF4AIB&sid=5ad11202ea9cc1c07c5ed8caaaf11387&aid=304142&ucfs=1&arphpl=1&checkin=2026-02-01&checkout=2026-02-08&dest_id=-372490&dest_type=city&group_adults=2&req_adults=2&no_rooms=1&group_children=0&req_children=0&hpos=3&hapos=402&sr_order=popularity&srpvid=01ee4d642e4b01c6&srepoch=1737802857&all_sr_blocks=868706101_355386342_2_0_0&highlighted_blocks=868706101_355386342_2_0_0&matching_block_id=868706101_355386342_2_0_0&sr_pri_blocks=868706101_355386342_2_0_0__55700&from=searchresults
Habitacion privada en PISO COMPARTIDO Lepanto,"Eixample, Barcelona",https://www.booking.com/hotel/es/habitacion-privada-en-piso-compartido-lepanto.es.html?label=gen173nr-1FCAEoggI46AdIClgEaEaIAQGYAQq4ARnIAQ_YAQHoAQH4AQKIAgGoAgO4ArL50rwGwAIB0gIkOGZlNzdlZTAtYjM2Ni00NjEwLWJjZDItYjc2NTUzNTkyZGM32AIF4AIB&sid=5ad11202ea9cc1c07c5ed8caaaf11387&aid=304142&ucfs=1&arphpl=1&checkin=2026-02-01&checkout=2026-02-08&dest_id=-372490&dest_type=city&group_adults=2&req_adults=2&no_rooms=1&group_children=0&req_children=0&hpos=4&hapos=403&sr_order=popularity&srpvid=01ee4d642e4b01c6&srepoch=1737802857&all_sr_blocks=1260309603_398654364_2_0_0&highlighted_blocks=1260309603_398654364_2_0_0&matching_block_id=1260309603_398654364_2_0_0&sr_pri_blocks=1260309603_398654364_2_0_0__95470&from=searchresults
11JOG1036 - Huge & bright apartment Train Station,"Sants-Montjuïc, Barcelona",https://www.booking.com/hotel/es/11joa463-huge-bright-apartment-train-station.es.html?label=gen173nr-1FCAEoggI46AdIClgEaEaIAQGYAQq4ARnIAQ_YAQHoAQH4AQKIAgGoAgO4ArL50rwGwAIB0gIkOGZlNzdlZTAtYjM2Ni00NjEwLWJjZDItYjc2NTUzNTkyZGM32AIF4AIB&sid=5ad11202ea9cc1c07c5ed8caaaf11387&aid=304142&ucfs=1&arphpl=1&checkin=2026-02-01&checkout=2026-02-08&dest_id=-372490&dest_type=city&group_adults=2&req_adults=2&no_rooms=1&group_children=0&req_children=0&hpos=5&hapos=404&sr_order=popularity&srpvid=01ee4d642e4b01c6&srepoch=1737802857&all_sr_blocks=960105402_368610786_2_0_0&highlighted_blocks=960105402_368610786_2_0_0&matching_block_id=960105402_368610786_2_0_0&sr_pri_blocks=960105402_368610786_2_0_0__263529&from=searchresults
Ola Living Merce,"Ciutat Vella, Barcelona",https://www.booking.com/hotel/es/friendly-rentals-leornardo-ii.es.html?label=gen173nr-1FCAEoggI46AdIClgEaEaIAQGYAQq4ARnIAQ_YAQHoAQH4AQKIAgGoAgO4ArL50rwGwAIB0gIkOGZlNzdlZTAtYjM2Ni00NjEwLWJjZDItYjc2NTUzNTkyZGM32AIF4AIB&sid=5ad11202ea9cc1c07c5ed8caaaf11387&aid=304142&ucfs=1&arphpl=1&checkin=2026-02-01&checkout=2026-02-08&dest_id=-372490&dest_type=city&group_adults=2&req_adults=2&no_rooms=1&group_children=0&req_children=0&hpos=6&hapos=405&sr_order=popularity&srpvid=01ee4d642e4b01c6&srepoch=1737802857&all_sr_blocks=223177701_230317886_4_0_0&highlighted_blocks=223177701_230317886_4_0_0&matching_block_id=223177701_230317886_4_0_0&sr_pri_blocks=223177701_230317886_4_0_0__395192&from=searchresults
Sagrada Familia IV by Enjoy Apartments,"Eixample, Barcelona",https://www.booking.com/hotel/es/ea-sagrada-familia-iv-great-apartment-6-pax-next-sagrada-familia-was-3.es.html?label=gen173nr-1FCAEoggI46AdIClgEaEaIAQGYAQq4ARnIAQ_YAQHoAQH4AQKIAgGoAgO4ArL50rwGwAIB0gIkOGZlNzdlZTAtYjM2Ni00NjEwLWJjZDItYjc2NTUzNTkyZGM32AIF4AIB&sid=5ad11202ea9cc1c07c5ed8caaaf11387&aid=304142&ucfs=1&arphpl=1&checkin=2026-02-01&checkout=2026-02-08&dest_id=-372490&dest_type=city&group_adults=2&req_adults=2&no_rooms=1&group_children=0&req_children=0&hpos=7&hapos=406&sr_order=popularity&srpvid=01ee4d642e4b01c6&srepoch=1737802857&all_sr_blocks=930655802_394185292_6_0_0&highlighted_blocks=930655802_394185292_6_0_0&matching_block_id=930655802_394185292_6_0_0&sr_pri_blocks=930655802_394185292_6_0_0__155126&from=searchresults
Enjoy Apartments La Riera One,"Gracia, Barcelona",https://www.booking.com/hotel/es/ea-la-riera-charm-dos.es.html?label=gen173nr-1FCAEoggI46AdIClgEaEaIAQGYAQq4ARnIAQ_YAQHoAQH4AQKIAgGoAgO4ArL50rwGwAIB0gIkOGZlNzdlZTAtYjM2Ni00NjEwLWJjZDItYjc2NTUzNTkyZGM32AIF4AIB&sid=5ad11202ea9cc1c07c5ed8caaaf11387&aid=304142&ucfs=1&arphpl=1&checkin=2026-02-01&checkout=2026-02-08&dest_id=-372490&dest_type=city&group_adults=2&req_adults=2&no_rooms=1&group_children=0&req_children=0&hpos=8&hapos=407&sr_order=popularity&srpvid=01ee4d642e4b01c6&srepoch=1737802857&all_sr_blocks=929823502_394177567_4_0_0&highlighted_blocks=929823502_394177567_4_0_0&matching_block_id=929823502_394177567_4_0_0&sr_pri_blocks=929823502_394177567_4_0_0__175601&from=searchresults
Alojamiento Sepulveds,"Eixample, Barcelona",https://www.booking.com/hotel/es/alojamiento-sepulveds.es.html?label=gen173nr-1FCAEoggI46AdIClgEaEaIAQGYAQq4ARnIAQ_YAQHoAQH4AQKIAgGoAgO4ArL50rwGwAIB0gIkOGZlNzdlZTAtYjM2Ni00NjEwLWJjZDItYjc2NTUzNTkyZGM32AIF4AIB&sid=5ad11202ea9cc1c07c5ed8caaaf11387&aid=304142&ucfs=1&arphpl=1&checkin=2026-02-01&checkout=2026-02-08&dest_id=-372490&dest_type=city&group_adults=2&req_adults=2&no_rooms=1&group_children=0&req_children=0&hpos=9&hapos=408&sr_order=popularity&srpvid=01ee4d642e4b01c6&srepoch=1737802857&all_sr_blocks=1315634102_404386816_2_0_0&highlighted_blocks=1315634102_404386816_2_0_0&matching_block_id=1315634102_404386816_2_0_0&sr_pri_blocks=1315634102_404386816_2_0_0__59700&from=searchresults
Wonderful boat for families and friends,Barcelona,https://www.booking.com/hotel/es/boat-in-barcelona-port-forum.es.html?label=gen173nr-1FCAEoggI46AdIClgEaEaIAQGYAQq4ARnIAQ_YAQHoAQH4AQKIAgGoAgO4ArL50rwGwAIB0gIkOGZlNzdlZTAtYjM2Ni00NjEwLWJjZDItYjc2NTUzNTkyZGM32AIF4AIB&sid=5ad11202ea9cc1c07c5ed8caaaf11387&aid=304142&ucfs=1&arphpl=1&checkin=2026-02-01&checkout=2026-02-08&dest_id=-372490&dest_type=city&group_adults=2&req_adults=2&no_rooms=1&group_children=0&req_children=0&hpos=10&hapos=409&sr_order=popularity&srpvid=01ee4d642e4b01c6&srepoch=1737802857&all_sr_blocks=1066050101_379003397_2_0_0&highlighted_blocks=1066050101_379003397_2_0_0&matching_block_id=1066050101_379003397_2_0_0&sr_pri_blocks=1066050101_379003397_2_0_0__53575&from=searchresults
Bcncaliu,"Eixample, Barcelona",https://www.booking.com/hotel/es/caliu.es.html?label=gen173nr-1FCAEoggI46AdIClgEaEaIAQGYAQq4ARnIAQ_YAQHoAQH4AQKIAgGoAgO4ArL50rwGwAIB0gIkOGZlNzdlZTAtYjM2Ni00NjEwLWJjZDItYjc2NTUzNTkyZGM32AIF4AIB&sid=5ad11202ea9cc1c07c5ed8caaaf11387&aid=304142&ucfs=1&arphpl=1&checkin=2026-02-01&checkout=2026-02-08&dest_id=-372490&dest_type=city&group_adults=2&req_adults=2&no_rooms=1&group_children=0&req_children=0&hpos=11&hapos=410&sr_order=popularity&srpvid=01ee4d642e4b01c6&srepoch=1737802857&all_sr_blocks=158500801_223662360_8_0_0&highlighted_blocks=158500801_223662360_8_0_0&matching_block_id=158500801_223662360_8_0_0&sr_pri_blocks=158500801_223662360_8_0_0__342740&from=searchresults
PAR rooms,"Eixample, Barcelona",https://www.booking.com/hotel/es/par-rooms.es.html?label=gen173nr-1FCAEoggI46AdIClgEaEaIAQGYAQq4ARnIAQ_YAQHoAQH4AQKIAgGoAgO4ArL50rwGwAIB0gIkOGZlNzdlZTAtYjM2Ni00NjEwLWJjZDItYjc2NTUzNTkyZGM32AIF4AIB&sid=5ad11202ea9cc1c07c5ed8caaaf11387&aid=304142&ucfs=1&arphpl=1&checkin=2026-02-01&checkout=2026-02-08&dest_id=-372490&dest_type=city&group_adults=2&req_adults=2&no_rooms=1&group_children=0&req_children=0&hpos=12&hapos=411&sr_order=popularity&srpvid=01ee4d642e4b01c6&srepoch=1737802857&all_sr_blocks=1255437601_399020354_2_0_0&highlighted_blocks=1255437601_399020354_2_0_0&matching_block_id=1255437601_399020354_2_0_0&sr_pri_blocks=1255437601_399020354_2_0_0__50200&from=searchresults
Maravilloso piso en el corazón de Barcelona,"Ciutat Vella, Barcelona",https://www.booking.com/hotel/es/piso-maravilloso-en-el-corazon-de-barcelona.es.html?label=gen173nr-1FCAEoggI46AdIClgEaEaIAQGYAQq4ARnIAQ_YAQHoAQH4AQKIAgGoAgO4ArL50rwGwAIB0gIkOGZlNzdlZTAtYjM2Ni00NjEwLWJjZDItYjc2NTUzNTkyZGM32AIF4AIB&sid=5ad11202ea9cc1c07c5ed8caaaf11387&aid=304142&ucfs=1&arphpl=1&checkin=2026-02-01&checkout=2026-02-08&dest_id=-372490&dest_type=city&group_adults=2&req_adults=2&no_rooms=1&group_children=0&req_children=0&hpos=13&hapos=412&sr_order=popularity&srpvid=01ee4d642e4b01c6&srepoch=1737802857&all_sr_blocks=1074941101_380058538_4_0_0&highlighted_blocks=1074941101_380058538_4_0_0&matching_block_id=1074941101_380058538_4_0_0&sr_pri_blocks=1074941101_380058538_4_0_0__168000&from=searchresults
P2sal1071- Elegant Apartment in Carrer de Salinas,"Gracia, Barcelona",https://www.booking.com/hotel/es/p2sal11-elegant-apartment-in-carrer-de-salinas.es.html?label=gen173nr-1FCAEoggI46AdIClgEaEaIAQGYAQq4ARnIAQ_YAQHoAQH4AQKIAgGoAgO4ArL50rwGwAIB0gIkOGZlNzdlZTAtYjM2Ni00NjEwLWJjZDItYjc2NTUzNTkyZGM32AIF4AIB&sid=5ad11202ea9cc1c07c5ed8caaaf11387&aid=304142&ucfs=1&arphpl=1&checkin=2026-02-01&checkout=2026-02-08&dest_id=-372490&dest_type=city&group_adults=2&req_adults=2&no_rooms=1&group_children=0&req_children=0&hpos=14&hapos=413&sr_order=popularity&srpvid=01ee4d642e4b01c6&srepoch=1737802857&all_sr_blocks=885808302_358106772_2_0_0&highlighted_blocks=885808302_358106772_2_0_0&matching_block_id=885808302_358106772_2_0_0&sr_pri_blocks=885808302_358106772_2_0_0__331752&from=searchresults
Ola Living Diagonal II Apartments,"Sarrià-Sant Gervasi, Barcelona",https://www.booking.com/hotel/es/signature-apartments-diagonal-aribau.es.html?label=gen173nr-1FCAEoggI46AdIClgEaEaIAQGYAQq4ARnIAQ_YAQHoAQH4AQKIAgGoAgO4ArL50rwGwAIB0gIkOGZlNzdlZTAtYjM2Ni00NjEwLWJjZDItYjc2NTUzNTkyZGM32AIF4AIB&sid=5ad11202ea9cc1c07c5ed8caaaf11387&aid=304142&ucfs=1&arphpl=1&checkin=2026-02-01&checkout=2026-02-08&dest_id=-372490&dest_type=city&group_adults=2&req_adults=2&no_rooms=1&group_children=0&req_children=0&hpos=15&hapos=414&sr_order=popularity&srpvid=01ee4d642e4b01c6&srepoch=1737802857&all_sr_blocks=624402002_397268683_4_0_0&highlighted_blocks=624402002_397268683_4_0_0&matching_block_id=624402002_397268683_4_0_0&sr_pri_blocks=624402002_397268683_4_0_0__322724&from=searchresults
pilar room,"Ciutat Vella, Barcelona",https://www.booking.com/hotel/es/pilar-room.es.html?label=gen173nr-1FCAEoggI46AdIClgEaEaIAQGYAQq4ARnIAQ_YAQHoAQH4AQKIAgGoAgO4ArL50rwGwAIB0gIkOGZlNzdlZTAtYjM2Ni00NjEwLWJjZDItYjc2NTUzNTkyZGM32AIF4AIB&sid=5ad11202ea9cc1c07c5ed8caaaf11387&aid=304142&ucfs=1&arphpl=1&checkin=2026-02-01&checkout=2026-02-08&dest_id=-372490&dest_type=city&group_adults=2&req_adults=2&no_rooms=1&group_children=0&req_children=0&hpos=16&hapos=415&sr_order=popularity&srpvid=01ee4d642e4b01c6&srepoch=1737802857&all_sr_blocks=1284573401_401392879_2_0_0&highlighted_blocks=1284573401_401392879_2_0_0&matching_block_id=1284573401_401392879_2_0_0&sr_pri_blocks=1284573401_401392879_2_0_0__51800&from=searchresults
Enjoy Apartments Maria,"Eixample, Barcelona",https://www.booking.com/hotel/es/the-girona-74-apartment.es.html?label=gen173nr-1FCAEoggI46AdIClgEaEaIAQGYAQq4ARnIAQ_YAQHoAQH4AQKIAgGoAgO4ArL50rwGwAIB0gIkOGZlNzdlZTAtYjM2Ni00NjEwLWJjZDItYjc2NTUzNTkyZGM32AIF4AIB&sid=5ad11202ea9cc1c07c5ed8caaaf11387&aid=304142&ucfs=1&arphpl=1&checkin=2026-02-01&checkout=2026-02-08&dest_id=-372490&dest_type=city&group_adults=2&req_adults=2&no_rooms=1&group_children=0&req_children=0&hpos=17&hapos=416&sr_order=popularity&srpvid=01ee4d642e4b01c6&srepoch=1737802857&all_sr_blocks=587840502_238374766_4_0_0&highlighted_blocks=587840502_238374766_4_0_0&matching_block_id=587840502_238374766_4_0_0&sr_pri_blocks=587840502_238374766_4_0_0__164865&from=searchresults
´Vicens Gem´ Private terrace HS Wi-Fi in Gracia by MyRentalHost,"Gracia, Barcelona",https://www.booking.com/hotel/es/vicens-gem-private-terrace-hs-wi-fi-in-gracia-by-myrentalhost-barcelona.es.html?label=gen173nr-1FCAEoggI46AdIClgEaEaIAQGYAQq4ARnIAQ_YAQHoAQH4AQKIAgGoAgO4ArL50rwGwAIB0gIkOGZlNzdlZTAtYjM2Ni00NjEwLWJjZDItYjc2NTUzNTkyZGM32AIF4AIB&sid=5ad11202ea9cc1c07c5ed8caaaf11387&aid=304142&ucfs=1&arphpl=1&checkin=2026-02-01&checkout=2026-02-08&dest_id=-372490&dest_type=city&group_adults=2&req_adults=2&no_rooms=1&group_children=0&req_children=0&hpos=18&hapos=417&sr_order=popularity&srpvid=01ee4d642e4b01c6&srepoch=1737802857&all_sr_blocks=1166883302_395076791_3_0_0&highlighted_blocks=1166883302_395076791_3_0_0&matching_block_id=1166883302_395076791_3_0_0&sr_pri_blocks=1166883302_395076791_3_0_0__134692&from=searchresults
Casa Cosi El Farro 4,"Sarrià-Sant Gervasi, Barcelona",https://www.booking.com/hotel/es/casa-cosi-el-farro-4.es.html?label=gen173nr-1FCAEoggI46AdIClgEaEaIAQGYAQq4ARnIAQ_YAQHoAQH4AQKIAgGoAgO4ArL50rwGwAIB0gIkOGZlNzdlZTAtYjM2Ni00NjEwLWJjZDItYjc2NTUzNTkyZGM32AIF4AIB&sid=5ad11202ea9cc1c07c5ed8caaaf11387&aid=304142&ucfs=1&arphpl=1&checkin=2026-02-01&checkout=2026-02-08&dest_id=-372490&dest_type=city&group_adults=2&req_adults=2&no_rooms=1&group_children=0&req_children=0&hpos=19&hapos=418&sr_order=popularity&srpvid=01ee4d642e4b01c6&srepoch=1737802857&all_sr_blocks=910295802_377070332_0_0_0&highlighted_blocks=910295802_377070332_0_0_0&matching_block_id=910295802_377070332_0_0_0&sr_pri_blocks=910295802_377070332_0_0_0__179436&from=searchresults
Sagrada Familia V by Enjoy Apartments,"Eixample, Barcelona",https://www.booking.com/hotel/es/ea-sagrada-familia-v-budget-3br-accommodation.es.html?label=gen173nr-1FCAEoggI46AdIClgEaEaIAQGYAQq4ARnIAQ_YAQHoAQH4AQKIAgGoAgO4ArL50rwGwAIB0gIkOGZlNzdlZTAtYjM2Ni00NjEwLWJjZDItYjc2NTUzNTkyZGM32AIF4AIB&sid=5ad11202ea9cc1c07c5ed8caaaf11387&aid=304142&ucfs=1&arphpl=1&checkin=2026-02-01&checkout=2026-02-08&dest_id=-372490&dest_type=city&group_adults=2&req_adults=2&no_rooms=1&group_children=0&req_children=0&hpos=20&hapos=419&sr_order=popularity&srpvid=01ee4d642e4b01c6&srepoch=1737802857&all_sr_blocks=930655202_394185693_4_0_0&highlighted_blocks=930655202_394185693_4_0_0&matching_block_id=930655202_394185693_4_0_0&sr_pri_blocks=930655202_394185693_4_0_0__121553&from=searchresults
Montaber Apartment - Sant Antoni,"Eixample, Barcelona",https://www.booking.com/hotel/es/montaber-charming-apartment.es.html?label=gen173nr-1FCAEoggI46AdIClgEaEaIAQGYAQq4ARnIAQ_YAQHoAQH4AQKIAgGoAgO4ArL50rwGwAIB0gIkOGZlNzdlZTAtYjM2Ni00NjEwLWJjZDItYjc2NTUzNTkyZGM32AIF4AIB&sid=5ad11202ea9cc1c07c5ed8caaaf11387&aid=304142&ucfs=1&arphpl=1&checkin=2026-02-01&checkout=2026-02-08&dest_id=-372490&dest_type=city&group_adults=2&req_adults=2&no_rooms=1&group_children=0&req_children=0&hpos=21&hapos=420&sr_order=popularity&srpvid=01ee4d642e4b01c6&srepoch=1737802857&all_sr_blocks=323658301_114654501_4_0_0&highlighted_blocks=323658301_114654501_4_0_0&matching_block_id=323658301_114654501_4_0_0&sr_pri_blocks=323658301_114654501_4_0_0__102955&from=searchresults
51SAM1021 - Modern apartment near Montjuic,"Sants-Montjuïc, Barcelona",https://www.booking.com/hotel/es/design-flat-close-to-barcelona-feria.es.html?label=gen173nr-1FCAEoggI46AdIClgEaEaIAQGYAQq4ARnIAQ_YAQHoAQH4AQKIAgGoAgO4ArL50rwGwAIB0gIkOGZlNzdlZTAtYjM2Ni00NjEwLWJjZDItYjc2NTUzNTkyZGM32AIF4AIB&sid=5ad11202ea9cc1c07c5ed8caaaf11387&aid=304142&ucfs=1&arphpl=1&checkin=2026-02-01&checkout=2026-02-08&dest_id=-372490&dest_type=city&group_adults=2&req_adults=2&no_rooms=1&group_children=0&req_children=0&hpos=22&hapos=421&sr_order=popularity&srpvid=01ee4d642e4b01c6&srepoch=1737802857&all_sr_blocks=799252303_340819953_2_0_0&highlighted_blocks=799252303_340819953_2_0_0&matching_block_id=799252303_340819953_2_0_0&sr_pri_blocks=799252303_340819953_2_0_0__260529&from=searchresults
Ola Living Plaza Catalunya,"Eixample, Barcelona",https://www.booking.com/hotel/es/friendly-rentals-plaza-catalunya.es.html?label=gen173nr-1FCAEoggI46AdIClgEaEaIAQGYAQq4ARnIAQ_YAQHoAQH4AQKIAgGoAgO4ArL50rwGwAIB0gIkOGZlNzdlZTAtYjM2Ni00NjEwLWJjZDItYjc2NTUzNTkyZGM32AIF4AIB&sid=5ad11202ea9cc1c07c5ed8caaaf11387&aid=304142&ucfs=1&arphpl=1&checkin=2026-02-01&checkout=2026-02-08&dest_id=-372490&dest_type=city&group_adults=2&req_adults=2&no_rooms=1&group_children=0&req_children=0&hpos=23&hapos=422&sr_order=popularity&srpvid=01ee4d642e4b01c6&srepoch=1737802857&all_sr_blocks=105526103_212566732_4_0_0&highlighted_blocks=105526103_212566732_4_0_0&matching_block_id=105526103_212566732_4_0_0&sr_pri_blocks=105526103_212566732_4_0_0__275873&from=searchresults
Ola Living Batlló,"Eixample, Barcelona",https://www.booking.com/hotel/es/ola-living-batllo.es.html?label=gen173nr-1FCAEoggI46AdIClgEaEaIAQGYAQq4ARnIAQ_YAQHoAQH4AQKIAgGoAgO4ArL50rwGwAIB0gIkOGZlNzdlZTAtYjM2Ni00NjEwLWJjZDItYjc2NTUzNTkyZGM32AIF4AIB&sid=5ad11202ea9cc1c07c5ed8caaaf11387&aid=304142&ucfs=1&arphpl=1&checkin=2026-02-01&checkout=2026-02-08&dest_id=-372490&dest_type=city&group_adults=2&req_adults=2&no_rooms=1&group_children=0&req_children=0&hpos=24&hapos=423&sr_order=popularity&srpvid=01ee4d642e4b01c6&srepoch=1737802857&all_sr_blocks=1316927601_404436789_3_0_0&highlighted_blocks=1316927601_404436789_3_0_0&matching_block_id=1316927601_404436789_3_0_0&sr_pri_blocks=1316927601_404436789_3_0_0__243952&from=searchresults
Ola Living Poblenou Beach,"Sant Martí, Barcelona",https://www.booking.com/hotel/es/ola-living-poble-nou-beach.es.html?label=gen173nr-1FCAEoggI46AdIClgEaEaIAQGYAQq4ARnIAQ_YAQHoAQH4AQKIAgGoAgO4ArL50rwGwAIB0gIkOGZlNzdlZTAtYjM2Ni00NjEwLWJjZDItYjc2NTUzNTkyZGM32AIF4AIB&sid=5ad11202ea9cc1c07c5ed8caaaf11387&aid=304142&ucfs=1&arphpl=1&checkin=2026-02-01&checkout=2026-02-08&dest_id=-372490&dest_type=city&group_adults=2&req_adults=2&no_rooms=1&group_children=0&req_children=0&hpos=25&hapos=424&sr_order=popularity&srpvid=01ee4d642e4b01c6&srepoch=1737802857&all_sr_blocks=1323064701_404974678_3_0_0&highlighted_blocks=1323064701_404974678_3_0_0&matching_block_id=1323064701_404974678_3_0_0&sr_pri_blocks=1323064701_404974678_3_0_0__254202&from=searchresults
S2SEP1099 - Great apartment with private terrace,"Eixample, Barcelona",https://www.booking.com/hotel/es/s2sep498-great-apartment-with-private-terrace.es.html?label=gen173nr-1FCAEoggI46AdIClgEaEaIAQGYAQq4ARnIAQ_YAQHoAQH4AQKIAgGoAgO4ArL50rwGwAIB0gIkOGZlNzdlZTAtYjM2Ni00NjEwLWJjZDItYjc2NTUzNTkyZGM32AIF4AIB&sid=5ad11202ea9cc1c07c5ed8caaaf11387&aid=304142&ucfs=1&arphpl=1&checkin=2026-02-01&checkout=2026-02-08&dest_id=-372490&dest_type=city&group_adults=2&req_adults=2&no_rooms=1&group_children=0&req_children=0&hpos=1&hapos=425&sr_order=popularity&srpvid=01ee4d642e4b01c6&srepoch=1737802859&all_sr_blocks=1059749702_378223572_2_0_0&highlighted_blocks=1059749702_378223572_2_0_0&matching_block_id=1059749702_378223572_2_0_0&sr_pri_blocks=1059749702_378223572_2_0_0__236240&from=searchresults
Sagrada Familia I by Enjoy Apartments,"Eixample, Barcelona",https://www.booking.com/hotel/es/ea-sagrada-familia-i-group-apartment-6-pax-near-sagrada-familia.es.html?label=gen173nr-1FCAEoggI46AdIClgEaEaIAQGYAQq4ARnIAQ_YAQHoAQH4AQKIAgGoAgO4ArL50rwGwAIB0gIkOGZlNzdlZTAtYjM2Ni00NjEwLWJjZDItYjc2NTUzNTkyZGM32AIF4AIB&sid=5ad11202ea9cc1c07c5ed8caaaf11387&aid=304142&ucfs=1&arphpl=1&checkin=2026-02-01&checkout=2026-02-08&dest_id=-372490&dest_type=city&group_adults=2&req_adults=2&no_rooms=1&group_children=0&req_children=0&hpos=2&hapos=426&sr_order=popularity&srpvid=01ee4d642e4b01c6&srepoch=1737802859&all_sr_blocks=930655702_394184554_6_0_0&highlighted_blocks=930655702_394184554_6_0_0&matching_block_id=930655702_394184554_6_0_0&sr_pri_blocks=930655702_394184554_6_0_0__151304&from=searchresults
Three Bedroom Apartment in Sants,"Sants-Montjuïc, Barcelona",https://www.booking.com/hotel/es/sants-apartment-with-terrace.es.html?label=gen173nr-1FCAEoggI46AdIClgEaEaIAQGYAQq4ARnIAQ_YAQHoAQH4AQKIAgGoAgO4ArL50rwGwAIB0gIkOGZlNzdlZTAtYjM2Ni00NjEwLWJjZDItYjc2NTUzNTkyZGM32AIF4AIB&sid=5ad11202ea9cc1c07c5ed8caaaf11387&aid=304142&ucfs=1&arphpl=1&checkin=2026-02-01&checkout=2026-02-08&dest_id=-372490&dest_type=city&group_adults=2&req_adults=2&no_rooms=1&group_children=0&req_children=0&hpos=3&hapos=427&sr_order=popularity&srpvid=01ee4d642e4b01c6&srepoch=1737802859&all_sr_blocks=246734601_326842433_4_0_0&highlighted_blocks=246734601_326842433_4_0_0&matching_block_id=246734601_326842433_4_0_0&sr_pri_blocks=246734601_326842433_4_0_0__213285&from=searchresults
Catalunya,"Ciutat Vella, Barcelona",https://www.booking.com/hotel/es/cataluna.es.html?label=gen173nr-1FCAEoggI46AdIClgEaEaIAQGYAQq4ARnIAQ_YAQHoAQH4AQKIAgGoAgO4ArL50rwGwAIB0gIkOGZlNzdlZTAtYjM2Ni00NjEwLWJjZDItYjc2NTUzNTkyZGM32AIF4AIB&sid=5ad11202ea9cc1c07c5ed8caaaf11387&aid=304142&ucfs=1&arphpl=1&checkin=2026-02-01&checkout=2026-02-08&dest_id=-372490&dest_type=city&group_adults=2&req_adults=2&no_rooms=1&group_children=0&req_children=0&hpos=4&hapos=428&sr_order=popularity&srpvid=01ee4d642e4b01c6&srepoch=1737802859&all_sr_blocks=9096309_88190291_0_0_0&highlighted_blocks=9096309_88190291_0_0_0&matching_block_id=9096309_88190291_0_0_0&sr_pri_blocks=9096309_88190291_0_0_0__165358&from=searchresults
Casa Cosi - Putxet 2,"Sarrià-Sant Gervasi, Barcelona",https://www.booking.com/hotel/es/casa-cosi-putxet-2.es.html?label=gen173nr-1FCAEoggI46AdIClgEaEaIAQGYAQq4ARnIAQ_YAQHoAQH4AQKIAgGoAgO4ArL50rwGwAIB0gIkOGZlNzdlZTAtYjM2Ni00NjEwLWJjZDItYjc2NTUzNTkyZGM32AIF4AIB&sid=5ad11202ea9cc1c07c5ed8caaaf11387&aid=304142&ucfs=1&arphpl=1&checkin=2026-02-01&checkout=2026-02-08&dest_id=-372490&dest_type=city&group_adults=2&req_adults=2&no_rooms=1&group_children=0&req_children=0&hpos=5&hapos=429&sr_order=popularity&srpvid=01ee4d642e4b01c6&srepoch=1737802859&all_sr_blocks=814038302_362247523_0_0_0&highlighted_blocks=814038302_362247523_0_0_0&matching_block_id=814038302_362247523_0_0_0&sr_pri_blocks=814038302_362247523_0_0_0__189274&from=searchresults
Roselló private rooms,"Eixample, Barcelona",https://www.booking.com/hotel/es/rosello-private-rooms.es.html?label=gen173nr-1FCAEoggI46AdIClgEaEaIAQGYAQq4ARnIAQ_YAQHoAQH4AQKIAgGoAgO4ArL50rwGwAIB0gIkOGZlNzdlZTAtYjM2Ni00NjEwLWJjZDItYjc2NTUzNTkyZGM32AIF4AIB&sid=5ad11202ea9cc1c07c5ed8caaaf11387&aid=304142&ucfs=1&arphpl=1&checkin=2026-02-01&checkout=2026-02-08&dest_id=-372490&dest_type=city&group_adults=2&req_adults=2&no_rooms=1&group_children=0&req_children=0&hpos=6&hapos=430&sr_order=popularity&srpvid=01ee4d642e4b01c6&srepoch=1737802859&all_sr_blocks=1244869303_396726848_2_0_0&highlighted_blocks=1244869303_396726848_2_0_0&matching_block_id=1244869303_396726848_2_0_0&sr_pri_blocks=1244869303_396726848_2_0_0__67000&from=searchresults
Ola Living Gaudi,"Ciutat Vella, Barcelona",https://www.booking.com/hotel/es/ola-living-gaudi.es.html?label=gen173nr-1FCAEoggI46AdIClgEaEaIAQGYAQq4ARnIAQ_YAQHoAQH4AQKIAgGoAgO4ArL50rwGwAIB0gIkOGZlNzdlZTAtYjM2Ni00NjEwLWJjZDItYjc2NTUzNTkyZGM32AIF4AIB&sid=5ad11202ea9cc1c07c5ed8caaaf11387&aid=304142&ucfs=1&arphpl=1&checkin=2026-02-01&checkout=2026-02-08&dest_id=-372490&dest_type=city&group_adults=2&req_adults=2&no_rooms=1&group_children=0&req_children=0&hpos=7&hapos=431&sr_order=popularity&srpvid=01ee4d642e4b01c6&srepoch=1737802859&all_sr_blocks=158504401_397270941_2_0_0&highlighted_blocks=158504401_397270941_2_0_0&matching_block_id=158504401_397270941_2_0_0&sr_pri_blocks=158504401_397270941_2_0_0__296912&from=searchresults
Casa Cosi - Mallorca 2,"Eixample, Barcelona",https://www.booking.com/hotel/es/casa-cosi-mallorca-2.es.html?label=gen173nr-1FCAEoggI46AdIClgEaEaIAQGYAQq4ARnIAQ_YAQHoAQH4AQKIAgGoAgO4ArL50rwGwAIB0gIkOGZlNzdlZTAtYjM2Ni00NjEwLWJjZDItYjc2NTUzNTkyZGM32AIF4AIB&sid=5ad11202ea9cc1c07c5ed8caaaf11387&aid=304142&ucfs=1&arphpl=1&checkin=2026-02-01&checkout=2026-02-08&dest_id=-372490&dest_type=city&group_adults=2&req_adults=2&no_rooms=1&group_children=0&req_children=0&hpos=8&hapos=432&sr_order=popularity&srpvid=01ee4d642e4b01c6&srepoch=1737802859&all_sr_blocks=439580501_377093033_0_0_0&highlighted_blocks=439580501_377093033_0_0_0&matching_block_id=439580501_377093033_0_0_0&sr_pri_blocks=439580501_377093033_0_0_0__257369&from=searchresults
Sagrada Familia ART Apt By MyRentalHost,"Eixample, Barcelona",https://www.booking.com/hotel/es/sagrada-familia-central-fully-equipped-modern-art-apartment-ref-mrhat.es.html?label=gen173nr-1FCAEoggI46AdIClgEaEaIAQGYAQq4ARnIAQ_YAQHoAQH4AQKIAgGoAgO4ArL50rwGwAIB0gIkOGZlNzdlZTAtYjM2Ni00NjEwLWJjZDItYjc2NTUzNTkyZGM32AIF4AIB&sid=5ad11202ea9cc1c07c5ed8caaaf11387&aid=304142&ucfs=1&arphpl=1&checkin=2026-02-01&checkout=2026-02-08&dest_id=-372490&dest_type=city&group_adults=2&req_adults=2&no_rooms=1&group_children=0&req_children=0&hpos=9&hapos=433&sr_order=popularity&srpvid=01ee4d642e4b01c6&srepoch=1737802859&all_sr_blocks=640197202_326317766_0_0_0&highlighted_blocks=640197202_326317766_0_0_0&matching_block_id=640197202_326317766_0_0_0&sr_pri_blocks=640197202_326317766_0_0_0__185772&from=searchresults
Alojamiento Gran Vi,"Eixample, Barcelona",https://www.booking.com/hotel/es/alojamiento-gran-vi.es.html?label=gen173nr-1FCAEoggI46AdIClgEaEaIAQGYAQq4ARnIAQ_YAQHoAQH4AQKIAgGoAgO4ArL50rwGwAIB0gIkOGZlNzdlZTAtYjM2Ni00NjEwLWJjZDItYjc2NTUzNTkyZGM32AIF4AIB&sid=5ad11202ea9cc1c07c5ed8caaaf11387&aid=304142&ucfs=1&arphpl=1&checkin=2026-02-01&checkout=2026-02-08&dest_id=-372490&dest_type=city&group_adults=2&req_adults=2&no_rooms=1&group_children=0&req_children=0&hpos=10&hapos=434&sr_order=popularity&srpvid=01ee4d642e4b01c6&srepoch=1737802859&all_sr_blocks=1315584701_404373441_2_0_0&highlighted_blocks=1315584701_404373441_2_0_0&matching_block_id=1315584701_404373441_2_0_0&sr_pri_blocks=1315584701_404373441_2_0_0__128700&from=searchresults
Ola Living Sagrada Familia,"Eixample, Barcelona",https://www.booking.com/hotel/es/casa-vila.es.html?label=gen173nr-1FCAEoggI46AdIClgEaEaIAQGYAQq4ARnIAQ_YAQHoAQH4AQKIAgGoAgO4ArL50rwGwAIB0gIkOGZlNzdlZTAtYjM2Ni00NjEwLWJjZDItYjc2NTUzNTkyZGM32AIF4AIB&sid=5ad11202ea9cc1c07c5ed8caaaf11387&aid=304142&ucfs=1&arphpl=1&checkin=2026-02-01&checkout=2026-02-08&dest_id=-372490&dest_type=city&group_adults=2&req_adults=2&no_rooms=1&group_children=0&req_children=0&hpos=11&hapos=435&sr_order=popularity&srpvid=01ee4d642e4b01c6&srepoch=1737802859&all_sr_blocks=110721901_88508285_4_0_0&highlighted_blocks=110721901_88508285_4_0_0&matching_block_id=110721901_88508285_4_0_0&sr_pri_blocks=110721901_88508285_4_0_0__391412&from=searchresults
1229 - AWESOME CITY CENTER APARTMENT WITH TERRACE,"Eixample, Barcelona",https://www.booking.com/hotel/es/1229-awesome-city-center-apartment-with-terrace-barcelona.es.html?label=gen173nr-1FCAEoggI46AdIClgEaEaIAQGYAQq4ARnIAQ_YAQHoAQH4AQKIAgGoAgO4ArL50rwGwAIB0gIkOGZlNzdlZTAtYjM2Ni00NjEwLWJjZDItYjc2NTUzNTkyZGM32AIF4AIB&sid=5ad11202ea9cc1c07c5ed8caaaf11387&aid=304142&ucfs=1&arphpl=1&checkin=2026-02-01&checkout=2026-02-08&dest_id=-372490&dest_type=city&group_adults=2&req_adults=2&no_rooms=1&group_children=0&req_children=0&hpos=12&hapos=436&sr_order=popularity&srpvid=01ee4d642e4b01c6&srepoch=1737802859&all_sr_blocks=311786102_129404479_4_0_0_611612&highlighted_blocks=311786102_129404479_4_0_0_611612&matching_block_id=311786102_129404479_4_0_0_611612&sr_pri_blocks=311786102_129404479_4_0_0_611612_297209&from=searchresults
Moll de la Fusta Rooms,"Ciutat Vella, Barcelona",https://www.booking.com/hotel/es/moll-de-la-fusta-rooms.es.html?label=gen173nr-1FCAEoggI46AdIClgEaEaIAQGYAQq4ARnIAQ_YAQHoAQH4AQKIAgGoAgO4ArL50rwGwAIB0gIkOGZlNzdlZTAtYjM2Ni00NjEwLWJjZDItYjc2NTUzNTkyZGM32AIF4AIB&sid=5ad11202ea9cc1c07c5ed8caaaf11387&aid=304142&ucfs=1&arphpl=1&checkin=2026-02-01&checkout=2026-02-08&dest_id=-372490&dest_type=city&group_adults=2&req_adults=2&no_rooms=1&group_children=0&req_children=0&hpos=13&hapos=437&sr_order=popularity&srpvid=01ee4d642e4b01c6&srepoch=1737802859&all_sr_blocks=1233469404_395364927_2_0_0&highlighted_blocks=1233469404_395364927_2_0_0&matching_block_id=1233469404_395364927_2_0_0&sr_pri_blocks=1233469404_395364927_2_0_0__126700&from=searchresults
Sagrada Familia Vl by Enjoy Apartments,"Eixample, Barcelona",https://www.booking.com/hotel/es/bc0cr024s6-sagrada-familia-vl.es.html?label=gen173nr-1FCAEoggI46AdIClgEaEaIAQGYAQq4ARnIAQ_YAQHoAQH4AQKIAgGoAgO4ArL50rwGwAIB0gIkOGZlNzdlZTAtYjM2Ni00NjEwLWJjZDItYjc2NTUzNTkyZGM32AIF4AIB&sid=5ad11202ea9cc1c07c5ed8caaaf11387&aid=304142&ucfs=1&arphpl=1&checkin=2026-02-01&checkout=2026-02-08&dest_id=-372490&dest_type=city&group_adults=2&req_adults=2&no_rooms=1&group_children=0&req_children=0&hpos=14&hapos=438&sr_order=popularity&srpvid=01ee4d642e4b01c6&srepoch=1737802859&all_sr_blocks=1180011302_391332337_4_0_0&highlighted_blocks=1180011302_391332337_4_0_0&matching_block_id=1180011302_391332337_4_0_0&sr_pri_blocks=1180011302_391332337_4_0_0__123737&from=searchresults
Casa Cosi - Sants,"Sants-Montjuïc, Barcelona",https://www.booking.com/hotel/es/casa-cosi-sants.es.html?label=gen173nr-1FCAEoggI46AdIClgEaEaIAQGYAQq4ARnIAQ_YAQHoAQH4AQKIAgGoAgO4ArL50rwGwAIB0gIkOGZlNzdlZTAtYjM2Ni00NjEwLWJjZDItYjc2NTUzNTkyZGM32AIF4AIB&sid=5ad11202ea9cc1c07c5ed8caaaf11387&aid=304142&ucfs=1&arphpl=1&checkin=2026-02-01&checkout=2026-02-08&dest_id=-372490&dest_type=city&group_adults=2&req_adults=2&no_rooms=1&group_children=0&req_children=0&hpos=15&hapos=439&sr_order=popularity&srpvid=01ee4d642e4b01c6&srepoch=1737802859&all_sr_blocks=618773001_377072154_0_0_0&highlighted_blocks=618773001_377072154_0_0_0&matching_block_id=618773001_377072154_0_0_0&sr_pri_blocks=618773001_377072154_0_0_0__146675&from=searchresults
Enjoy Apartments Calle Paris Super Stylish II,"Eixample, Barcelona",https://www.booking.com/hotel/es/calle-paris-super-stylish.es.html?label=gen173nr-1FCAEoggI46AdIClgEaEaIAQGYAQq4ARnIAQ_YAQHoAQH4AQKIAgGoAgO4ArL50rwGwAIB0gIkOGZlNzdlZTAtYjM2Ni00NjEwLWJjZDItYjc2NTUzNTkyZGM32AIF4AIB&sid=5ad11202ea9cc1c07c5ed8caaaf11387&aid=304142&ucfs=1&arphpl=1&checkin=2026-02-01&checkout=2026-02-08&dest_id=-372490&dest_type=city&group_adults=2&req_adults=2&no_rooms=1&group_children=0&req_children=0&hpos=16&hapos=440&sr_order=popularity&srpvid=01ee4d642e4b01c6&srepoch=1737802859&all_sr_blocks=1317591102_404589452_4_0_0&highlighted_blocks=1317591102_404589452_4_0_0&matching_block_id=1317591102_404589452_4_0_0&sr_pri_blocks=1317591102_404589452_4_0_0__161769&from=searchresults
Ola Living Paseo de Gracia,"Eixample, Barcelona",https://www.booking.com/hotel/es/ola-living-paseo-de-gracia.es.html?label=gen173nr-1FCAEoggI46AdIClgEaEaIAQGYAQq4ARnIAQ_YAQHoAQH4AQKIAgGoAgO4ArL50rwGwAIB0gIkOGZlNzdlZTAtYjM2Ni00NjEwLWJjZDItYjc2NTUzNTkyZGM32AIF4AIB&sid=5ad11202ea9cc1c07c5ed8caaaf11387&aid=304142&ucfs=1&arphpl=1&checkin=2026-02-01&checkout=2026-02-08&dest_id=-372490&dest_type=city&group_adults=2&req_adults=2&no_rooms=1&group_children=0&req_children=0&hpos=17&hapos=441&sr_order=popularity&srpvid=01ee4d642e4b01c6&srepoch=1737802859&all_sr_blocks=1057035102_397271534_4_0_0&highlighted_blocks=1057035102_397271534_4_0_0&matching_block_id=1057035102_397271534_4_0_0&sr_pri_blocks=1057035102_397271534_4_0_0__443047&from=searchresults
Casa Cosi - El Farro 2,"Sarrià-Sant Gervasi, Barcelona",https://www.booking.com/hotel/es/casa-cosi-el-farro-2.es.html?label=gen173nr-1FCAEoggI46AdIClgEaEaIAQGYAQq4ARnIAQ_YAQHoAQH4AQKIAgGoAgO4ArL50rwGwAIB0gIkOGZlNzdlZTAtYjM2Ni00NjEwLWJjZDItYjc2NTUzNTkyZGM32AIF4AIB&sid=5ad11202ea9cc1c07c5ed8caaaf11387&aid=304142&ucfs=1&arphpl=1&checkin=2026-02-01&checkout=2026-02-08&dest_id=-372490&dest_type=city&group_adults=2&req_adults=2&no_rooms=1&group_children=0&req_children=0&hpos=18&hapos=442&sr_order=popularity&srpvid=01ee4d642e4b01c6&srepoch=1737802859&all_sr_blocks=814039602_362177222_0_0_0&highlighted_blocks=814039602_362177222_0_0_0&matching_block_id=814039602_362177222_0_0_0&sr_pri_blocks=814039602_362177222_0_0_0__179436&from=searchresults
11CRC1037 Newly decorated apartment near Sants Station,"Sants-Montjuïc, Barcelona",https://www.booking.com/hotel/es/121creu11-newly-decorated-apartment-near-sants-station.es.html?label=gen173nr-1FCAEoggI46AdIClgEaEaIAQGYAQq4ARnIAQ_YAQHoAQH4AQKIAgGoAgO4ArL50rwGwAIB0gIkOGZlNzdlZTAtYjM2Ni00NjEwLWJjZDItYjc2NTUzNTkyZGM32AIF4AIB&sid=5ad11202ea9cc1c07c5ed8caaaf11387&aid=304142&ucfs=1&arphpl=1&checkin=2026-02-01&checkout=2026-02-08&dest_id=-372490&dest_type=city&group_adults=2&req_adults=2&no_rooms=1&group_children=0&req_children=0&hpos=19&hapos=443&sr_order=popularity&srpvid=01ee4d642e4b01c6&srepoch=1737802859&all_sr_blocks=968387702_376044972_2_0_0&highlighted_blocks=968387702_376044972_2_0_0&matching_block_id=968387702_376044972_2_0_0&sr_pri_blocks=968387702_376044972_2_0_0__363864&from=searchresults
P1GRVCC1059 - Fantastic 2bedroom flat in the center,"Sants-Montjuïc, Barcelona",https://www.booking.com/hotel/es/p1grvcc482-fantastic-2bedroom-flat-in-the-center.es.html?label=gen173nr-1FCAEoggI46AdIClgEaEaIAQGYAQq4ARnIAQ_YAQHoAQH4AQKIAgGoAgO4ArL50rwGwAIB0gIkOGZlNzdlZTAtYjM2Ni00NjEwLWJjZDItYjc2NTUzNTkyZGM32AIF4AIB&sid=5ad11202ea9cc1c07c5ed8caaaf11387&aid=304142&ucfs=1&arphpl=1&checkin=2026-02-01&checkout=2026-02-08&dest_id=-372490&dest_type=city&group_adults=2&req_adults=2&no_rooms=1&group_children=0&req_children=0&hpos=20&hapos=444&sr_order=popularity&srpvid=01ee4d642e4b01c6&srepoch=1737802859&all_sr_blocks=1101275602_382963467_2_0_0&highlighted_blocks=1101275602_382963467_2_0_0&matching_block_id=1101275602_382963467_2_0_0&sr_pri_blocks=1101275602_382963467_2_0_0__369686&from=searchresults
Balmes Private Rooms,"Eixample, Barcelona",https://www.booking.com/hotel/es/balmes-private-rooms.es.html?label=gen173nr-1FCAEoggI46AdIClgEaEaIAQGYAQq4ARnIAQ_YAQHoAQH4AQKIAgGoAgO4ArL50rwGwAIB0gIkOGZlNzdlZTAtYjM2Ni00NjEwLWJjZDItYjc2NTUzNTkyZGM32AIF4AIB&sid=5ad11202ea9cc1c07c5ed8caaaf11387&aid=304142&ucfs=1&arphpl=1&checkin=2026-02-01&checkout=2026-02-08&dest_id=-372490&dest_type=city&group_adults=2&req_adults=2&no_rooms=1&group_children=0&req_children=0&hpos=21&hapos=445&sr_order=popularity&srpvid=01ee4d642e4b01c6&srepoch=1737802859&all_sr_blocks=1245279508_396675934_2_0_0&highlighted_blocks=1245279508_396675934_2_0_0&matching_block_id=1245279508_396675934_2_0_0&sr_pri_blocks=1245279508_396675934_2_0_0__53000&from=searchresults
Hostal Parisien Las Ramblas,"Ciutat Vella, Barcelona",https://www.booking.com/hotel/es/hostal-parisien.es.html?label=gen173nr-1FCAEoggI46AdIClgEaEaIAQGYAQq4ARnIAQ_YAQHoAQH4AQKIAgGoAgO4ArL50rwGwAIB0gIkOGZlNzdlZTAtYjM2Ni00NjEwLWJjZDItYjc2NTUzNTkyZGM32AIF4AIB&sid=5ad11202ea9cc1c07c5ed8caaaf11387&aid=304142&ucfs=1&arphpl=1&checkin=2026-02-01&checkout=2026-02-08&dest_id=-372490&dest_type=city&group_adults=2&req_adults=2&no_rooms=1&group_children=0&req_children=0&hpos=22&hapos=446&sr_order=popularity&srpvid=01ee4d642e4b01c6&srepoch=1737802859&all_sr_blocks=314236004_360588548_2_0_0&highlighted_blocks=314236004_360588548_2_0_0&matching_block_id=314236004_360588548_2_0_0&sr_pri_blocks=314236004_360588548_2_0_0__126802&from=searchresults
Barcelona - Art,"Horta-Guinardó, Barcelona",https://www.booking.com/hotel/es/barcelona-art.es.html?label=gen173nr-1FCAEoggI46AdIClgEaEaIAQGYAQq4ARnIAQ_YAQHoAQH4AQKIAgGoAgO4ArL50rwGwAIB0gIkOGZlNzdlZTAtYjM2Ni00NjEwLWJjZDItYjc2NTUzNTkyZGM32AIF4AIB&sid=5ad11202ea9cc1c07c5ed8caaaf11387&aid=304142&ucfs=1&arphpl=1&checkin=2026-02-01&checkout=2026-02-08&dest_id=-372490&dest_type=city&group_adults=2&req_adults=2&no_rooms=1&group_children=0&req_children=0&hpos=23&hapos=447&sr_order=popularity&srpvid=01ee4d642e4b01c6&srepoch=1737802859&all_sr_blocks=594360301_233195222_6_0_0&highlighted_blocks=594360301_233195222_6_0_0&matching_block_id=594360301_233195222_6_0_0&sr_pri_blocks=594360301_233195222_6_0_0__204394&from=searchresults
Enjoy Apartments Calle Paris Super Stylish,"Eixample, Barcelona",https://www.booking.com/hotel/es/enjoy-apartments-calle-paris-super-stylish.es.html?label=gen173nr-1FCAEoggI46AdIClgEaEaIAQGYAQq4ARnIAQ_YAQHoAQH4AQKIAgGoAgO4ArL50rwGwAIB0gIkOGZlNzdlZTAtYjM2Ni00NjEwLWJjZDItYjc2NTUzNTkyZGM32AIF4AIB&sid=5ad11202ea9cc1c07c5ed8caaaf11387&aid=304142&ucfs=1&arphpl=1&checkin=2026-02-01&checkout=2026-02-08&dest_id=-372490&dest_type=city&group_adults=2&req_adults=2&no_rooms=1&group_children=0&req_children=0&hpos=24&hapos=448&sr_order=popularity&srpvid=01ee4d642e4b01c6&srepoch=1737802859&all_sr_blocks=1166586002_389338125_4_0_0&highlighted_blocks=1166586002_389338125_4_0_0&matching_block_id=1166586002_389338125_4_0_0&sr_pri_blocks=1166586002_389338125_4_0_0__159769&from=searchresults
41ARI1045- Fantastic and super spacious 3bed apartment in the Center,"Eixample, Barcelona",https://www.booking.com/hotel/es/41ari20-fantastic-and-super-spacious-3bed-apartment-in-the-center.es.html?label=gen173nr-1FCAEoggI46AdIClgEaEaIAQGYAQq4ARnIAQ_YAQHoAQH4AQKIAgGoAgO4ArL50rwGwAIB0gIkOGZlNzdlZTAtYjM2Ni00NjEwLWJjZDItYjc2NTUzNTkyZGM32AIF4AIB&sid=5ad11202ea9cc1c07c5ed8caaaf11387&aid=304142&ucfs=1&arphpl=1&checkin=2026-02-01&checkout=2026-02-08&dest_id=-372490&dest_type=city&group_adults=2&req_adults=2&no_rooms=1&group_children=0&req_children=0&hpos=25&hapos=449&sr_order=popularity&srpvid=01ee4d642e4b01c6&srepoch=1737802859&all_sr_blocks=1005687702_376044963_2_0_0&highlighted_blocks=1005687702_376044963_2_0_0&matching_block_id=1005687702_376044963_2_0_0&sr_pri_blocks=1005687702_376044963_2_0_0__434086&from=searchresults
Ola Living Broto,"Eixample, Barcelona",https://www.booking.com/hotel/es/ola-living-broto.es.html?label=gen173nr-1FCAEoggI46AdIClgEaEaIAQGYAQq4ARnIAQ_YAQHoAQH4AQKIAgGoAgO4ArL50rwGwAIB0gIkOGZlNzdlZTAtYjM2Ni00NjEwLWJjZDItYjc2NTUzNTkyZGM32AIF4AIB&sid=5ad11202ea9cc1c07c5ed8caaaf11387&aid=304142&ucfs=1&arphpl=1&checkin=2026-02-01&checkout=2026-02-08&dest_id=-372490&dest_type=city&group_adults=2&req_adults=2&no_rooms=1&group_children=0&req_children=0&hpos=1&hapos=450&sr_order=popularity&srpvid=01ee4d642e4b01c6&srepoch=1737802862&all_sr_blocks=158500701_397268876_4_0_0&highlighted_blocks=158500701_397268876_4_0_0&matching_block_id=158500701_397268876_4_0_0&sr_pri_blocks=158500701_397268876_4_0_0__460934&from=searchresults
41COB1019- Charming rustic apartment,"Eixample, Barcelona",https://www.booking.com/hotel/es/51cb193-charming-rustic-apartment.es.html?label=gen173nr-1FCAEoggI46AdIClgEaEaIAQGYAQq4ARnIAQ_YAQHoAQH4AQKIAgGoAgO4ArL50rwGwAIB0gIkOGZlNzdlZTAtYjM2Ni00NjEwLWJjZDItYjc2NTUzNTkyZGM32AIF4AIB&sid=5ad11202ea9cc1c07c5ed8caaaf11387&aid=304142&ucfs=1&arphpl=1&checkin=2026-02-01&checkout=2026-02-08&dest_id=-372490&dest_type=city&group_adults=2&req_adults=2&no_rooms=1&group_children=0&req_children=0&hpos=2&hapos=451&sr_order=popularity&srpvid=01ee4d642e4b01c6&srepoch=1737802862&all_sr_blocks=877040102_376044984_2_0_0&highlighted_blocks=877040102_376044984_2_0_0&matching_block_id=877040102_376044984_2_0_0&sr_pri_blocks=877040102_376044984_2_0_0__369686&from=searchresults
21PER1020 - Cozy apartment in Vila de Gracia,"Gracia, Barcelona",https://www.booking.com/hotel/es/cosy-property-best-location-in-gracia.es.html?label=gen173nr-1FCAEoggI46AdIClgEaEaIAQGYAQq4ARnIAQ_YAQHoAQH4AQKIAgGoAgO4ArL50rwGwAIB0gIkOGZlNzdlZTAtYjM2Ni00NjEwLWJjZDItYjc2NTUzNTkyZGM32AIF4AIB&sid=5ad11202ea9cc1c07c5ed8caaaf11387&aid=304142&ucfs=1&arphpl=1&checkin=2026-02-01&checkout=2026-02-08&dest_id=-372490&dest_type=city&group_adults=2&req_adults=2&no_rooms=1&group_children=0&req_children=0&hpos=3&hapos=452&sr_order=popularity&srpvid=01ee4d642e4b01c6&srepoch=1737802862&all_sr_blocks=797141401_339888936_2_0_0&highlighted_blocks=797141401_339888936_2_0_0&matching_block_id=797141401_339888936_2_0_0&sr_pri_blocks=797141401_339888936_2_0_0__328752&from=searchresults
31PAR1008 - Mediterranean style apartment,"Sants-Montjuïc, Barcelona",https://www.booking.com/hotel/es/tu31par217-mediterranean-style-apartment.es.html?label=gen173nr-1FCAEoggI46AdIClgEaEaIAQGYAQq4ARnIAQ_YAQHoAQH4AQKIAgGoAgO4ArL50rwGwAIB0gIkOGZlNzdlZTAtYjM2Ni00NjEwLWJjZDItYjc2NTUzNTkyZGM32AIF4AIB&sid=5ad11202ea9cc1c07c5ed8caaaf11387&aid=304142&ucfs=1&arphpl=1&checkin=2026-02-01&checkout=2026-02-08&dest_id=-372490&dest_type=city&group_adults=2&req_adults=2&no_rooms=1&group_children=0&req_children=0&hpos=4&hapos=453&sr_order=popularity&srpvid=01ee4d642e4b01c6&srepoch=1737802862&all_sr_blocks=877039002_356696381_2_0_0&highlighted_blocks=877039002_356696381_2_0_0&matching_block_id=877039002_356696381_2_0_0&sr_pri_blocks=877039002_356696381_2_0_0__328752&from=searchresults
Alojamiento TetuGran,"Eixample, Barcelona",https://www.booking.com/hotel/es/alojamiento-tetugran.es.html?label=gen173nr-1FCAEoggI46AdIClgEaEaIAQGYAQq4ARnIAQ_YAQHoAQH4AQKIAgGoAgO4ArL50rwGwAIB0gIkOGZlNzdlZTAtYjM2Ni00NjEwLWJjZDItYjc2NTUzNTkyZGM32AIF4AIB&sid=5ad11202ea9cc1c07c5ed8caaaf11387&aid=304142&ucfs=1&arphpl=1&checkin=2026-02-01&checkout=2026-02-08&dest_id=-372490&dest_type=city&group_adults=2&req_adults=2&no_rooms=1&group_children=0&req_children=0&hpos=5&hapos=454&sr_order=popularity&srpvid=01ee4d642e4b01c6&srepoch=1737802862&all_sr_blocks=1314838301_404289145_2_0_0&highlighted_blocks=1314838301_404289145_2_0_0&matching_block_id=1314838301_404289145_2_0_0&sr_pri_blocks=1314838301_404289145_2_0_0__128700&from=searchresults
Sagrada Familia II by Enjoy Apartments,"Eixample, Barcelona",https://www.booking.com/hotel/es/ea-sagrada-familia-ii-super-apartment-close-to-sagrada-familia-6-pax.es.html?label=gen173nr-1FCAEoggI46AdIClgEaEaIAQGYAQq4ARnIAQ_YAQHoAQH4AQKIAgGoAgO4ArL50rwGwAIB0gIkOGZlNzdlZTAtYjM2Ni00NjEwLWJjZDItYjc2NTUzNTkyZGM32AIF4AIB&sid=5ad11202ea9cc1c07c5ed8caaaf11387&aid=304142&ucfs=1&arphpl=1&checkin=2026-02-01&checkout=2026-02-08&dest_id=-372490&dest_type=city&group_adults=2&req_adults=2&no_rooms=1&group_children=0&req_children=0&hpos=6&hapos=455&sr_order=popularity&srpvid=01ee4d642e4b01c6&srepoch=1737802862&all_sr_blocks=930655502_394184659_6_0_0&highlighted_blocks=930655502_394184659_6_0_0&matching_block_id=930655502_394184659_6_0_0&sr_pri_blocks=930655502_394184659_6_0_0__166325&from=searchresults
31ENT1027 - Mediterranean decorated apartment,"Eixample, Barcelona",https://www.booking.com/hotel/es/31ent335-mediterranean-decorated-apartment.es.html?label=gen173nr-1FCAEoggI46AdIClgEaEaIAQGYAQq4ARnIAQ_YAQHoAQH4AQKIAgGoAgO4ArL50rwGwAIB0gIkOGZlNzdlZTAtYjM2Ni00NjEwLWJjZDItYjc2NTUzNTkyZGM32AIF4AIB&sid=5ad11202ea9cc1c07c5ed8caaaf11387&aid=304142&ucfs=1&arphpl=1&checkin=2026-02-01&checkout=2026-02-08&dest_id=-372490&dest_type=city&group_adults=2&req_adults=2&no_rooms=1&group_children=0&req_children=0&hpos=7&hapos=456&sr_order=popularity&srpvid=01ee4d642e4b01c6&srepoch=1737802862&all_sr_blocks=877039802_376044986_2_0_0&highlighted_blocks=877039802_376044986_2_0_0&matching_block_id=877039802_376044986_2_0_0&sr_pri_blocks=877039802_376044986_2_0_0__362864&from=searchresults
P2VIL1042 Modern & Cozy Apartment Poble Sec,"Sants-Montjuïc, Barcelona",https://www.booking.com/hotel/es/57vila2-modern-cozy-apartment-poble-sec.es.html?label=gen173nr-1FCAEoggI46AdIClgEaEaIAQGYAQq4ARnIAQ_YAQHoAQH4AQKIAgGoAgO4ArL50rwGwAIB0gIkOGZlNzdlZTAtYjM2Ni00NjEwLWJjZDItYjc2NTUzNTkyZGM32AIF4AIB&sid=5ad11202ea9cc1c07c5ed8caaaf11387&aid=304142&ucfs=1&arphpl=1&checkin=2026-02-01&checkout=2026-02-08&dest_id=-372490&dest_type=city&group_adults=2&req_adults=2&no_rooms=1&group_children=0&req_children=0&hpos=8&hapos=457&sr_order=popularity&srpvid=01ee4d642e4b01c6&srepoch=1737802862&all_sr_blocks=968703802_376044969_2_0_0&highlighted_blocks=968703802_376044969_2_0_0&matching_block_id=968703802_376044969_2_0_0&sr_pri_blocks=968703802_376044969_2_0_0__369686&from=searchresults
11BLDG1025 - Superp Apartment downtown,"Sants-Montjuïc, Barcelona",https://www.booking.com/hotel/es/11bldg1025-superp-apartment-downtown.es.html?label=gen173nr-1FCAEoggI46AdIClgEaEaIAQGYAQq4ARnIAQ_YAQHoAQH4AQKIAgGoAgO4ArL50rwGwAIB0gIkOGZlNzdlZTAtYjM2Ni00NjEwLWJjZDItYjc2NTUzNTkyZGM32AIF4AIB&sid=5ad11202ea9cc1c07c5ed8caaaf11387&aid=304142&ucfs=1&arphpl=1&checkin=2026-02-01&checkout=2026-02-08&dest_id=-372490&dest_type=city&group_adults=2&req_adults=2&no_rooms=1&group_children=0&req_children=0&hpos=9&hapos=458&sr_order=popularity&srpvid=01ee4d642e4b01c6&srepoch=1737802862&all_sr_blocks=1285522302_401489452_2_0_0&highlighted_blocks=1285522302_401489452_2_0_0&matching_block_id=1285522302_401489452_2_0_0&sr_pri_blocks=1285522302_401489452_2_0_0__226418&from=searchresults
Best Barcelona boat experience,Barcelona,https://www.booking.com/hotel/es/best-barcelona-boat-experience.es.html?label=gen173nr-1FCAEoggI46AdIClgEaEaIAQGYAQq4ARnIAQ_YAQHoAQH4AQKIAgGoAgO4ArL50rwGwAIB0gIkOGZlNzdlZTAtYjM2Ni00NjEwLWJjZDItYjc2NTUzNTkyZGM32AIF4AIB&sid=5ad11202ea9cc1c07c5ed8caaaf11387&aid=304142&ucfs=1&arphpl=1&checkin=2026-02-01&checkout=2026-02-08&dest_id=-372490&dest_type=city&group_adults=2&req_adults=2&no_rooms=1&group_children=0&req_children=0&hpos=10&hapos=459&sr_order=popularity&srpvid=01ee4d642e4b01c6&srepoch=1737802862&all_sr_blocks=1008515601_373568082_2_0_0&highlighted_blocks=1008515601_373568082_2_0_0&matching_block_id=1008515601_373568082_2_0_0&sr_pri_blocks=1008515601_373568082_2_0_0__53873&from=searchresults
51PAR1011 Nice apartment in Parallel,"Sants-Montjuïc, Barcelona",https://www.booking.com/hotel/es/51par187-nice-apartment-in-parallel.es.html?label=gen173nr-1FCAEoggI46AdIClgEaEaIAQGYAQq4ARnIAQ_YAQHoAQH4AQKIAgGoAgO4ArL50rwGwAIB0gIkOGZlNzdlZTAtYjM2Ni00NjEwLWJjZDItYjc2NTUzNTkyZGM32AIF4AIB&sid=5ad11202ea9cc1c07c5ed8caaaf11387&aid=304142&ucfs=1&arphpl=1&checkin=2026-02-01&checkout=2026-02-08&dest_id=-372490&dest_type=city&group_adults=2&req_adults=2&no_rooms=1&group_children=0&req_children=0&hpos=11&hapos=460&sr_order=popularity&srpvid=01ee4d642e4b01c6&srepoch=1737802862&all_sr_blocks=880700302_357282163_2_0_0&highlighted_blocks=880700302_357282163_2_0_0&matching_block_id=880700302_357282163_2_0_0&sr_pri_blocks=880700302_357282163_2_0_0__328752&from=searchresults
Mellow Barcelona,"Horta-Guinardó, Barcelona",https://www.booking.com/hotel/es/mellow-eco-hostel.es.html?label=gen173nr-1FCAEoggI46AdIClgEaEaIAQGYAQq4ARnIAQ_YAQHoAQH4AQKIAgGoAgO4ArL50rwGwAIB0gIkOGZlNzdlZTAtYjM2Ni00NjEwLWJjZDItYjc2NTUzNTkyZGM32AIF4AIB&sid=5ad11202ea9cc1c07c5ed8caaaf11387&aid=304142&ucfs=1&arphpl=1&checkin=2026-02-01&checkout=2026-02-08&dest_id=-372490&dest_type=city&group_adults=2&req_adults=2&no_rooms=1&group_children=0&req_children=0&hpos=12&hapos=461&sr_order=popularity&srpvid=01ee4d642e4b01c6&srepoch=1737802862&all_sr_blocks=30461908_329617728_4_0_0&highlighted_blocks=30461908_329617728_4_0_0&matching_block_id=30461908_329617728_4_0_0&sr_pri_blocks=30461908_329617728_4_0_0__102095&from=searchresults
31TILB1041 Magnific Apartment in Villa Olímpica,"Sant Martí, Barcelona",https://www.booking.com/hotel/es/31tir472-magnific-apartment-in-sant-marti.es.html?label=gen173nr-1FCAEoggI46AdIClgEaEaIAQGYAQq4ARnIAQ_YAQHoAQH4AQKIAgGoAgO4ArL50rwGwAIB0gIkOGZlNzdlZTAtYjM2Ni00NjEwLWJjZDItYjc2NTUzNTkyZGM32AIF4AIB&sid=5ad11202ea9cc1c07c5ed8caaaf11387&aid=304142&ucfs=1&arphpl=1&checkin=2026-02-01&checkout=2026-02-08&dest_id=-372490&dest_type=city&group_adults=2&req_adults=2&no_rooms=1&group_children=0&req_children=0&hpos=13&hapos=462&sr_order=popularity&srpvid=01ee4d642e4b01c6&srepoch=1737802862&all_sr_blocks=971316702_377525279_2_0_0&highlighted_blocks=971316702_377525279_2_0_0&matching_block_id=971316702_377525279_2_0_0&sr_pri_blocks=971316702_377525279_2_0_0__587025&from=searchresults
POR1100 - Apartment in the heart of Gracia,"Gracia, Barcelona",https://www.booking.com/hotel/es/por1100-apartment-in-the-heart-of-gracia.es.html?label=gen173nr-1FCAEoggI46AdIClgEaEaIAQGYAQq4ARnIAQ_YAQHoAQH4AQKIAgGoAgO4ArL50rwGwAIB0gIkOGZlNzdlZTAtYjM2Ni00NjEwLWJjZDItYjc2NTUzNTkyZGM32AIF4AIB&sid=5ad11202ea9cc1c07c5ed8caaaf11387&aid=304142&ucfs=1&arphpl=1&checkin=2026-02-01&checkout=2026-02-08&dest_id=-372490&dest_type=city&group_adults=2&req_adults=2&no_rooms=1&group_children=0&req_children=0&hpos=14&hapos=463&sr_order=popularity&srpvid=01ee4d642e4b01c6&srepoch=1737802862&all_sr_blocks=1317858404_404512047_2_0_0&highlighted_blocks=1317858404_404512047_2_0_0&matching_block_id=1317858404_404512047_2_0_0&sr_pri_blocks=1317858404_404512047_2_0_0__363864&from=searchresults
Central Rooms Cathedral,"Ciutat Vella, Barcelona",https://www.booking.com/hotel/es/central-rooms-cathedral.es.html?label=gen173nr-1FCAEoggI46AdIClgEaEaIAQGYAQq4ARnIAQ_YAQHoAQH4AQKIAgGoAgO4ArL50rwGwAIB0gIkOGZlNzdlZTAtYjM2Ni00NjEwLWJjZDItYjc2NTUzNTkyZGM32AIF4AIB&sid=5ad11202ea9cc1c07c5ed8caaaf11387&aid=304142&ucfs=1&arphpl=1&checkin=2026-02-01&checkout=2026-02-08&dest_id=-372490&dest_type=city&group_adults=2&req_adults=2&no_rooms=1&group_children=0&req_children=0&hpos=15&hapos=464&sr_order=popularity&srpvid=01ee4d642e4b01c6&srepoch=1737802862&all_sr_blocks=1233023903_395274255_2_0_0&highlighted_blocks=1233023903_395274255_2_0_0&matching_block_id=1233023903_395274255_2_0_0&sr_pri_blocks=1233023903_395274255_2_0_0__133700&from=searchresults
Stylish 4br City View Apt Near Sagrada Familia,"Eixample, Barcelona",https://www.booking.com/hotel/es/stylish-4br-city-view-apt-near-sagrada-familia.es.html?label=gen173nr-1FCAEoggI46AdIClgEaEaIAQGYAQq4ARnIAQ_YAQHoAQH4AQKIAgGoAgO4ArL50rwGwAIB0gIkOGZlNzdlZTAtYjM2Ni00NjEwLWJjZDItYjc2NTUzNTkyZGM32AIF4AIB&sid=5ad11202ea9cc1c07c5ed8caaaf11387&aid=304142&ucfs=1&arphpl=1&checkin=2026-02-01&checkout=2026-02-08&dest_id=-372490&dest_type=city&group_adults=2&req_adults=2&no_rooms=1&group_children=0&req_children=0&hpos=16&hapos=465&sr_order=popularity&srpvid=01ee4d642e4b01c6&srepoch=1737802862&all_sr_blocks=1190010701_398639087_6_0_0&highlighted_blocks=1190010701_398639087_6_0_0&matching_block_id=1190010701_398639087_6_0_0&sr_pri_blocks=1190010701_398639087_6_0_0__273732&from=searchresults
23PAR1007 Comfortable apartment in Paralel,"Sants-Montjuïc, Barcelona",https://www.booking.com/hotel/es/23par203-comfortable-apartment-in-paralel.es.html?label=gen173nr-1FCAEoggI46AdIClgEaEaIAQGYAQq4ARnIAQ_YAQHoAQH4AQKIAgGoAgO4ArL50rwGwAIB0gIkOGZlNzdlZTAtYjM2Ni00NjEwLWJjZDItYjc2NTUzNTkyZGM32AIF4AIB&sid=5ad11202ea9cc1c07c5ed8caaaf11387&aid=304142&ucfs=1&arphpl=1&checkin=2026-02-01&checkout=2026-02-08&dest_id=-372490&dest_type=city&group_adults=2&req_adults=2&no_rooms=1&group_children=0&req_children=0&hpos=17&hapos=466&sr_order=popularity&srpvid=01ee4d642e4b01c6&srepoch=1737802862&all_sr_blocks=877132102_356702986_2_0_0&highlighted_blocks=877132102_356702986_2_0_0&matching_block_id=877132102_356702986_2_0_0&sr_pri_blocks=877132102_356702986_2_0_0__328752&from=searchresults
Casa Cosi - Francoli 4,"Sarrià-Sant Gervasi, Barcelona",https://www.booking.com/hotel/es/casa-cosi-francoli-4.es.html?label=gen173nr-1FCAEoggI46AdIClgEaEaIAQGYAQq4ARnIAQ_YAQHoAQH4AQKIAgGoAgO4ArL50rwGwAIB0gIkOGZlNzdlZTAtYjM2Ni00NjEwLWJjZDItYjc2NTUzNTkyZGM32AIF4AIB&sid=5ad11202ea9cc1c07c5ed8caaaf11387&aid=304142&ucfs=1&arphpl=1&checkin=2026-02-01&checkout=2026-02-08&dest_id=-372490&dest_type=city&group_adults=2&req_adults=2&no_rooms=1&group_children=0&req_children=0&hpos=18&hapos=467&sr_order=popularity&srpvid=01ee4d642e4b01c6&srepoch=1737802862&all_sr_blocks=814039402_362247388_0_0_0&highlighted_blocks=814039402_362247388_0_0_0&matching_block_id=814039402_362247388_0_0_0&sr_pri_blocks=814039402_362247388_0_0_0__179436&from=searchresults
Uma Suites Passeig de Gracia 16,"Eixample, Barcelona",https://www.booking.com/hotel/es/uma-suites-passeig-de-gracia-16.es.html?label=gen173nr-1FCAEoggI46AdIClgEaEaIAQGYAQq4ARnIAQ_YAQHoAQH4AQKIAgGoAgO4ArL50rwGwAIB0gIkOGZlNzdlZTAtYjM2Ni00NjEwLWJjZDItYjc2NTUzNTkyZGM32AIF4AIB&sid=5ad11202ea9cc1c07c5ed8caaaf11387&aid=304142&ucfs=1&arphpl=1&checkin=2026-02-01&checkout=2026-02-08&dest_id=-372490&dest_type=city&group_adults=2&req_adults=2&no_rooms=1&group_children=0&req_children=0&hpos=19&hapos=468&sr_order=popularity&srpvid=01ee4d642e4b01c6&srepoch=1737802862&all_sr_blocks=538513401_284935633_2_0_0&highlighted_blocks=538513401_284935633_2_0_0&matching_block_id=538513401_284935633_2_0_0&sr_pri_blocks=538513401_284935633_2_0_0__367532&from=searchresults
22MAN1017- Cute apartment in Sant Antoni,"Eixample, Barcelona",https://www.booking.com/hotel/es/22man192-cute-apartment-in-sant-antoni.es.html?label=gen173nr-1FCAEoggI46AdIClgEaEaIAQGYAQq4ARnIAQ_YAQHoAQH4AQKIAgGoAgO4ArL50rwGwAIB0gIkOGZlNzdlZTAtYjM2Ni00NjEwLWJjZDItYjc2NTUzNTkyZGM32AIF4AIB&sid=5ad11202ea9cc1c07c5ed8caaaf11387&aid=304142&ucfs=1&arphpl=1&checkin=2026-02-01&checkout=2026-02-08&dest_id=-372490&dest_type=city&group_adults=2&req_adults=2&no_rooms=1&group_children=0&req_children=0&hpos=20&hapos=469&sr_order=popularity&srpvid=01ee4d642e4b01c6&srepoch=1737802862&all_sr_blocks=877034602_376044992_2_0_0&highlighted_blocks=877034602_376044992_2_0_0&matching_block_id=877034602_376044992_2_0_0&sr_pri_blocks=877034602_376044992_2_0_0__362864&from=searchresults
Habitaciones en Barcelona,"Sant Andreu, Barcelona",https://www.booking.com/hotel/es/alojamiento-en-barcelona.es.html?label=gen173nr-1FCAEoggI46AdIClgEaEaIAQGYAQq4ARnIAQ_YAQHoAQH4AQKIAgGoAgO4ArL50rwGwAIB0gIkOGZlNzdlZTAtYjM2Ni00NjEwLWJjZDItYjc2NTUzNTkyZGM32AIF4AIB&sid=5ad11202ea9cc1c07c5ed8caaaf11387&aid=304142&ucfs=1&arphpl=1&checkin=2026-02-01&checkout=2026-02-08&dest_id=-372490&dest_type=city&group_adults=2&req_adults=2&no_rooms=1&group_children=0&req_children=0&hpos=21&hapos=470&sr_order=popularity&srpvid=01ee4d642e4b01c6&srepoch=1737802862&all_sr_blocks=1231248001_395108990_2_0_0&highlighted_blocks=1231248001_395108990_2_0_0&matching_block_id=1231248001_395108990_2_0_0&sr_pri_blocks=1231248001_395108990_2_0_0__82800&from=searchresults
Charming central gem in Poble Sec,"Sants-Montjuïc, Barcelona",https://www.booking.com/hotel/es/charming-central-gem-in-poble-sec.es.html?label=gen173nr-1FCAEoggI46AdIClgEaEaIAQGYAQq4ARnIAQ_YAQHoAQH4AQKIAgGoAgO4ArL50rwGwAIB0gIkOGZlNzdlZTAtYjM2Ni00NjEwLWJjZDItYjc2NTUzNTkyZGM32AIF4AIB&sid=5ad11202ea9cc1c07c5ed8caaaf11387&aid=304142&ucfs=1&arphpl=1&checkin=2026-02-01&checkout=2026-02-08&dest_id=-372490&dest_type=city&group_adults=2&req_adults=2&no_rooms=1&group_children=0&req_children=0&hpos=22&hapos=471&sr_order=popularity&srpvid=01ee4d642e4b01c6&srepoch=1737802862&all_sr_blocks=934607602_365578134_0_0_0&highlighted_blocks=934607602_365578134_0_0_0&matching_block_id=934607602_365578134_0_0_0&sr_pri_blocks=934607602_365578134_0_0_0__171127&from=searchresults
Studio Gracia By MyRentalHost,"Gracia, Barcelona",https://www.booking.com/hotel/es/super-studio-in-the-heart-of-trendy-gracia-ref-mrhaw.es.html?label=gen173nr-1FCAEoggI46AdIClgEaEaIAQGYAQq4ARnIAQ_YAQHoAQH4AQKIAgGoAgO4ArL50rwGwAIB0gIkOGZlNzdlZTAtYjM2Ni00NjEwLWJjZDItYjc2NTUzNTkyZGM32AIF4AIB&sid=5ad11202ea9cc1c07c5ed8caaaf11387&aid=304142&ucfs=1&arphpl=1&checkin=2026-02-01&checkout=2026-02-08&dest_id=-372490&dest_type=city&group_adults=2&req_adults=2&no_rooms=1&group_children=0&req_children=0&hpos=23&hapos=472&sr_order=popularity&srpvid=01ee4d642e4b01c6&srepoch=1737802862&all_sr_blocks=640198002_339649692_3_0_0&highlighted_blocks=640198002_339649692_3_0_0&matching_block_id=640198002_339649692_3_0_0&sr_pri_blocks=640198002_339649692_3_0_0__172420&from=searchresults
42man1018 Centrally located flat in Sant Antoni,"Eixample, Barcelona",https://www.booking.com/hotel/es/42man204-centrally-located-flat-in-sant-antoni.es.html?label=gen173nr-1FCAEoggI46AdIClgEaEaIAQGYAQq4ARnIAQ_YAQHoAQH4AQKIAgGoAgO4ArL50rwGwAIB0gIkOGZlNzdlZTAtYjM2Ni00NjEwLWJjZDItYjc2NTUzNTkyZGM32AIF4AIB&sid=5ad11202ea9cc1c07c5ed8caaaf11387&aid=304142&ucfs=1&arphpl=1&checkin=2026-02-01&checkout=2026-02-08&dest_id=-372490&dest_type=city&group_adults=2&req_adults=2&no_rooms=1&group_children=0&req_children=0&hpos=24&hapos=473&sr_order=popularity&srpvid=01ee4d642e4b01c6&srepoch=1737802862&all_sr_blocks=898292002_360476038_2_0_0&highlighted_blocks=898292002_360476038_2_0_0&matching_block_id=898292002_360476038_2_0_0&sr_pri_blocks=898292002_360476038_2_0_0__365364&from=searchresults
Casa Wilson by MyRentalHost,"Gracia, Barcelona",https://www.booking.com/hotel/es/casa-veena.es.html?label=gen173nr-1FCAEoggI46AdIClgEaEaIAQGYAQq4ARnIAQ_YAQHoAQH4AQKIAgGoAgO4ArL50rwGwAIB0gIkOGZlNzdlZTAtYjM2Ni00NjEwLWJjZDItYjc2NTUzNTkyZGM32AIF4AIB&sid=5ad11202ea9cc1c07c5ed8caaaf11387&aid=304142&ucfs=1&arphpl=1&checkin=2026-02-01&checkout=2026-02-08&dest_id=-372490&dest_type=city&group_adults=2&req_adults=2&no_rooms=1&group_children=0&req_children=0&hpos=25&hapos=474&sr_order=popularity&srpvid=01ee4d642e4b01c6&srepoch=1737802862&all_sr_blocks=817959901_349036330_4_0_0&highlighted_blocks=817959901_349036330_4_0_0&matching_block_id=817959901_349036330_4_0_0&sr_pri_blocks=817959901_349036330_4_0_0__175264&from=searchresults
Apartment familiar,"Sant Martí, Barcelona",https://www.booking.com/hotel/es/apartment-familiar.es.html?label=gen173nr-1FCAEoggI46AdIClgEaEaIAQGYAQq4ARnIAQ_YAQHoAQH4AQKIAgGoAgO4ArL50rwGwAIB0gIkOGZlNzdlZTAtYjM2Ni00NjEwLWJjZDItYjc2NTUzNTkyZGM32AIF4AIB&sid=5ad11202ea9cc1c07c5ed8caaaf11387&aid=304142&ucfs=1&arphpl=1&checkin=2026-02-01&checkout=2026-02-08&dest_id=-372490&dest_type=city&group_adults=2&req_adults=2&no_rooms=1&group_children=0&req_children=0&hpos=1&hapos=475&sr_order=popularity&srpvid=01ee4d642e4b01c6&srepoch=1737802864&all_sr_blocks=117061801_362259954_2_0_0&highlighted_blocks=117061801_362259954_2_0_0&matching_block_id=117061801_362259954_2_0_0&sr_pri_blocks=117061801_362259954_2_0_0__264432&from=searchresults
Casa Cosi Patio 1,"Sarrià-Sant Gervasi, Barcelona",https://www.booking.com/hotel/es/casa-cosi-patio-1.es.html?label=gen173nr-1FCAEoggI46AdIClgEaEaIAQGYAQq4ARnIAQ_YAQHoAQH4AQKIAgGoAgO4ArL50rwGwAIB0gIkOGZlNzdlZTAtYjM2Ni00NjEwLWJjZDItYjc2NTUzNTkyZGM32AIF4AIB&sid=5ad11202ea9cc1c07c5ed8caaaf11387&aid=304142&ucfs=1&arphpl=1&checkin=2026-02-01&checkout=2026-02-08&dest_id=-372490&dest_type=city&group_adults=2&req_adults=2&no_rooms=1&group_children=0&req_children=0&hpos=2&hapos=476&sr_order=popularity&srpvid=01ee4d642e4b01c6&srepoch=1737802864&all_sr_blocks=910290002_377070414_0_0_0&highlighted_blocks=910290002_377070414_0_0_0&matching_block_id=910290002_377070414_0_0_0&sr_pri_blocks=910290002_377070414_0_0_0__162810&from=searchresults
11RDSP1061 - Fantastic 1BR Apartment in Sant Antoni,"Eixample, Barcelona",https://www.booking.com/hotel/es/11rdsp176-fantastic-1br-apartment-in-the-city-center.es.html?label=gen173nr-1FCAEoggI46AdIClgEaEaIAQGYAQq4ARnIAQ_YAQHoAQH4AQKIAgGoAgO4ArL50rwGwAIB0gIkOGZlNzdlZTAtYjM2Ni00NjEwLWJjZDItYjc2NTUzNTkyZGM32AIF4AIB&sid=5ad11202ea9cc1c07c5ed8caaaf11387&aid=304142&ucfs=1&arphpl=1&checkin=2026-02-01&checkout=2026-02-08&dest_id=-372490&dest_type=city&group_adults=2&req_adults=2&no_rooms=1&group_children=0&req_children=0&hpos=3&hapos=477&sr_order=popularity&srpvid=01ee4d642e4b01c6&srepoch=1737802864&all_sr_blocks=1090020502_381902588_2_0_0&highlighted_blocks=1090020502_381902588_2_0_0&matching_block_id=1090020502_381902588_2_0_0&sr_pri_blocks=1090020502_381902588_2_0_0__369686&from=searchresults
33PAR1094 - Magnific 2BR Flat in Poble Sec,"Sants-Montjuïc, Barcelona",https://www.booking.com/hotel/es/33par1094-magnific-2br-flat-in-poble-sec.es.html?label=gen173nr-1FCAEoggI46AdIClgEaEaIAQGYAQq4ARnIAQ_YAQHoAQH4AQKIAgGoAgO4ArL50rwGwAIB0gIkOGZlNzdlZTAtYjM2Ni00NjEwLWJjZDItYjc2NTUzNTkyZGM32AIF4AIB&sid=5ad11202ea9cc1c07c5ed8caaaf11387&aid=304142&ucfs=1&arphpl=1&checkin=2026-02-01&checkout=2026-02-08&dest_id=-372490&dest_type=city&group_adults=2&req_adults=2&no_rooms=1&group_children=0&req_children=0&hpos=4&hapos=478&sr_order=popularity&srpvid=01ee4d642e4b01c6&srepoch=1737802864&all_sr_blocks=1267802102_399501393_2_0_0&highlighted_blocks=1267802102_399501393_2_0_0&matching_block_id=1267802102_399501393_2_0_0&sr_pri_blocks=1267802102_399501393_2_0_0__365864&from=searchresults
Casa Cosi - Sant Gervasi 3,"Sarrià-Sant Gervasi, Barcelona",https://www.booking.com/hotel/es/casa-cosi-sant-gervasi-3.es.html?label=gen173nr-1FCAEoggI46AdIClgEaEaIAQGYAQq4ARnIAQ_YAQHoAQH4AQKIAgGoAgO4ArL50rwGwAIB0gIkOGZlNzdlZTAtYjM2Ni00NjEwLWJjZDItYjc2NTUzNTkyZGM32AIF4AIB&sid=5ad11202ea9cc1c07c5ed8caaaf11387&aid=304142&ucfs=1&arphpl=1&checkin=2026-02-01&checkout=2026-02-08&dest_id=-372490&dest_type=city&group_adults=2&req_adults=2&no_rooms=1&group_children=0&req_children=0&hpos=5&hapos=479&sr_order=popularity&srpvid=01ee4d642e4b01c6&srepoch=1737802864&all_sr_blocks=814029702_362247710_0_0_0&highlighted_blocks=814029702_362247710_0_0_0&matching_block_id=814029702_362247710_0_0_0&sr_pri_blocks=814029702_362247710_0_0_0__151918&from=searchresults
Lugaris Rambla Apartments,"Sant Martí, Barcelona",https://www.booking.com/hotel/es/lugaris-the-home-concept.es.html?label=gen173nr-1FCAEoggI46AdIClgEaEaIAQGYAQq4ARnIAQ_YAQHoAQH4AQKIAgGoAgO4ArL50rwGwAIB0gIkOGZlNzdlZTAtYjM2Ni00NjEwLWJjZDItYjc2NTUzNTkyZGM32AIF4AIB&sid=5ad11202ea9cc1c07c5ed8caaaf11387&aid=304142&ucfs=1&arphpl=1&checkin=2026-02-01&checkout=2026-02-08&dest_id=-372490&dest_type=city&group_adults=2&req_adults=2&no_rooms=1&group_children=0&req_children=0&hpos=6&hapos=480&sr_order=popularity&srpvid=01ee4d642e4b01c6&srepoch=1737802864&all_sr_blocks=24280308_99486590_3_0_0&highlighted_blocks=24280308_99486590_3_0_0&matching_block_id=24280308_99486590_3_0_0&sr_pri_blocks=24280308_99486590_3_0_0__627032&from=searchresults
P1PAR1001 - Wonderfull aparment in Paralel,"Sants-Montjuïc, Barcelona",https://www.booking.com/hotel/es/p1par195-wonderfull-aparment-in-paralel.es.html?label=gen173nr-1FCAEoggI46AdIClgEaEaIAQGYAQq4ARnIAQ_YAQHoAQH4AQKIAgGoAgO4ArL50rwGwAIB0gIkOGZlNzdlZTAtYjM2Ni00NjEwLWJjZDItYjc2NTUzNTkyZGM32AIF4AIB&sid=5ad11202ea9cc1c07c5ed8caaaf11387&aid=304142&ucfs=1&arphpl=1&checkin=2026-02-01&checkout=2026-02-08&dest_id=-372490&dest_type=city&group_adults=2&req_adults=2&no_rooms=1&group_children=0&req_children=0&hpos=7&hapos=481&sr_order=popularity&srpvid=01ee4d642e4b01c6&srepoch=1737802864&all_sr_blocks=877038402_356696356_2_0_0&highlighted_blocks=877038402_356696356_2_0_0&matching_block_id=877038402_356696356_2_0_0&sr_pri_blocks=877038402_356696356_2_0_0__328752&from=searchresults
Alojamiento Flor,"Eixample, Barcelona",https://www.booking.com/hotel/es/alojamiento-flor-barcelona.es.html?label=gen173nr-1FCAEoggI46AdIClgEaEaIAQGYAQq4ARnIAQ_YAQHoAQH4AQKIAgGoAgO4ArL50rwGwAIB0gIkOGZlNzdlZTAtYjM2Ni00NjEwLWJjZDItYjc2NTUzNTkyZGM32AIF4AIB&sid=5ad11202ea9cc1c07c5ed8caaaf11387&aid=304142&ucfs=1&arphpl=1&checkin=2026-02-01&checkout=2026-02-08&dest_id=-372490&dest_type=city&group_adults=2&req_adults=2&no_rooms=1&group_children=0&req_children=0&hpos=8&hapos=482&sr_order=popularity&srpvid=01ee4d642e4b01c6&srepoch=1737802864&all_sr_blocks=1314816601_404291829_2_0_0&highlighted_blocks=1314816601_404291829_2_0_0&matching_block_id=1314816601_404291829_2_0_0&sr_pri_blocks=1314816601_404291829_2_0_0__128700&from=searchresults
12CRC1038 - Big & Cozy 2bed Apartment in the city,"Sants-Montjuïc, Barcelona",https://www.booking.com/hotel/es/121creu12-big-cozy-2bed-apartment-in-the-city.es.html?label=gen173nr-1FCAEoggI46AdIClgEaEaIAQGYAQq4ARnIAQ_YAQHoAQH4AQKIAgGoAgO4ArL50rwGwAIB0gIkOGZlNzdlZTAtYjM2Ni00NjEwLWJjZDItYjc2NTUzNTkyZGM32AIF4AIB&sid=5ad11202ea9cc1c07c5ed8caaaf11387&aid=304142&ucfs=1&arphpl=1&checkin=2026-02-01&checkout=2026-02-08&dest_id=-372490&dest_type=city&group_adults=2&req_adults=2&no_rooms=1&group_children=0&req_children=0&hpos=9&hapos=483&sr_order=popularity&srpvid=01ee4d642e4b01c6&srepoch=1737802864&all_sr_blocks=968407402_376044971_2_0_0&highlighted_blocks=968407402_376044971_2_0_0&matching_block_id=968407402_376044971_2_0_0&sr_pri_blocks=968407402_376044971_2_0_0__370686&from=searchresults
P2PAR1002 - Super Bright & New Apartment in the city center,"Sants-Montjuïc, Barcelona",https://www.booking.com/hotel/es/p2par255-super-bright-new-apartment-in-the-city-center.es.html?label=gen173nr-1FCAEoggI46AdIClgEaEaIAQGYAQq4ARnIAQ_YAQHoAQH4AQKIAgGoAgO4ArL50rwGwAIB0gIkOGZlNzdlZTAtYjM2Ni00NjEwLWJjZDItYjc2NTUzNTkyZGM32AIF4AIB&sid=5ad11202ea9cc1c07c5ed8caaaf11387&aid=304142&ucfs=1&arphpl=1&checkin=2026-02-01&checkout=2026-02-08&dest_id=-372490&dest_type=city&group_adults=2&req_adults=2&no_rooms=1&group_children=0&req_children=0&hpos=10&hapos=484&sr_order=popularity&srpvid=01ee4d642e4b01c6&srepoch=1737802864&all_sr_blocks=985834702_370984118_2_0_0&highlighted_blocks=985834702_370984118_2_0_0&matching_block_id=985834702_370984118_2_0_0&sr_pri_blocks=985834702_370984118_2_0_0__362864&from=searchresults
Aparthotel Silver,"Gracia, Barcelona",https://www.booking.com/hotel/es/aparthotel-silver.es.html?label=gen173nr-1FCAEoggI46AdIClgEaEaIAQGYAQq4ARnIAQ_YAQHoAQH4AQKIAgGoAgO4ArL50rwGwAIB0gIkOGZlNzdlZTAtYjM2Ni00NjEwLWJjZDItYjc2NTUzNTkyZGM32AIF4AIB&sid=5ad11202ea9cc1c07c5ed8caaaf11387&aid=304142&ucfs=1&arphpl=1&checkin=2026-02-01&checkout=2026-02-08&dest_id=-372490&dest_type=city&group_adults=2&req_adults=2&no_rooms=1&group_children=0&req_children=0&hpos=11&hapos=485&sr_order=popularity&srpvid=01ee4d642e4b01c6&srepoch=1737802864&all_sr_blocks=9259307_88493303_2_2_0&highlighted_blocks=9259307_88493303_2_2_0&matching_block_id=9259307_88493303_2_2_0&sr_pri_blocks=9259307_88493303_2_2_0__731500&from_sustainable_property_sr=1&from=searchresults
21par1005 - Beautiful Apartment in Paral-lel,"Sants-Montjuïc, Barcelona",https://www.booking.com/hotel/es/21par214-beautiful-apartment-in-paral-lel.es.html?label=gen173nr-1FCAEoggI46AdIClgEaEaIAQGYAQq4ARnIAQ_YAQHoAQH4AQKIAgGoAgO4ArL50rwGwAIB0gIkOGZlNzdlZTAtYjM2Ni00NjEwLWJjZDItYjc2NTUzNTkyZGM32AIF4AIB&sid=5ad11202ea9cc1c07c5ed8caaaf11387&aid=304142&ucfs=1&arphpl=1&checkin=2026-02-01&checkout=2026-02-08&dest_id=-372490&dest_type=city&group_adults=2&req_adults=2&no_rooms=1&group_children=0&req_children=0&hpos=12&hapos=486&sr_order=popularity&srpvid=01ee4d642e4b01c6&srepoch=1737802864&all_sr_blocks=880147002_376044977_2_0_0&highlighted_blocks=880147002_376044977_2_0_0&matching_block_id=880147002_376044977_2_0_0&sr_pri_blocks=880147002_376044977_2_0_0__328752&from=searchresults
41PAR1022 - Luminous apartment in Sant Antoni,"Eixample, Barcelona",https://www.booking.com/hotel/es/41par254-luminous-apartment-in-sant-antoni.es.html?label=gen173nr-1FCAEoggI46AdIClgEaEaIAQGYAQq4ARnIAQ_YAQHoAQH4AQKIAgGoAgO4ArL50rwGwAIB0gIkOGZlNzdlZTAtYjM2Ni00NjEwLWJjZDItYjc2NTUzNTkyZGM32AIF4AIB&sid=5ad11202ea9cc1c07c5ed8caaaf11387&aid=304142&ucfs=1&arphpl=1&checkin=2026-02-01&checkout=2026-02-08&dest_id=-372490&dest_type=city&group_adults=2&req_adults=2&no_rooms=1&group_children=0&req_children=0&hpos=13&hapos=487&sr_order=popularity&srpvid=01ee4d642e4b01c6&srepoch=1737802864&all_sr_blocks=877037402_376044989_2_0_0&highlighted_blocks=877037402_376044989_2_0_0&matching_block_id=877037402_376044989_2_0_0&sr_pri_blocks=877037402_376044989_2_0_0__584025&from=searchresults
P9MDR305 - Nice apartment in Poble Sec,"Sants-Montjuïc, Barcelona",https://www.booking.com/hotel/es/p9mdr305-nice-apartment-in-poble-sec.es.html?label=gen173nr-1FCAEoggI46AdIClgEaEaIAQGYAQq4ARnIAQ_YAQHoAQH4AQKIAgGoAgO4ArL50rwGwAIB0gIkOGZlNzdlZTAtYjM2Ni00NjEwLWJjZDItYjc2NTUzNTkyZGM32AIF4AIB&sid=5ad11202ea9cc1c07c5ed8caaaf11387&aid=304142&ucfs=1&arphpl=1&checkin=2026-02-01&checkout=2026-02-08&dest_id=-372490&dest_type=city&group_adults=2&req_adults=2&no_rooms=1&group_children=0&req_children=0&hpos=14&hapos=488&sr_order=popularity&srpvid=01ee4d642e4b01c6&srepoch=1737802864&all_sr_blocks=885222102_376044976_2_0_0&highlighted_blocks=885222102_376044976_2_0_0&matching_block_id=885222102_376044976_2_0_0&sr_pri_blocks=885222102_376044976_2_0_0__285391&from=searchresults
Musik Boutique Hotel,"Ciutat Vella, Barcelona",https://www.booking.com/hotel/es/musik-boutique.es.html?label=gen173nr-1FCAEoggI46AdIClgEaEaIAQGYAQq4ARnIAQ_YAQHoAQH4AQKIAgGoAgO4ArL50rwGwAIB0gIkOGZlNzdlZTAtYjM2Ni00NjEwLWJjZDItYjc2NTUzNTkyZGM32AIF4AIB&sid=5ad11202ea9cc1c07c5ed8caaaf11387&aid=304142&ucfs=1&arphpl=1&checkin=2026-02-01&checkout=2026-02-08&dest_id=-372490&dest_type=city&group_adults=2&req_adults=2&no_rooms=1&group_children=0&req_children=0&hpos=15&hapos=489&sr_order=popularity&srpvid=01ee4d642e4b01c6&srepoch=1737802864&all_sr_blocks=41093901_88209219_2_2_0_527250&highlighted_blocks=41093901_88209219_2_2_0_527250&matching_block_id=41093901_88209219_2_2_0_527250&sr_pri_blocks=41093901_88209219_2_2_0_527250_574133&from=searchresults
Habitacion privada en BELLO APARTAMENTO COMPARTIDO,"Eixample, Barcelona",https://www.booking.com/hotel/es/habitacion-en-privada-bello-apartamento-compartido.es.html?label=gen173nr-1FCAEoggI46AdIClgEaEaIAQGYAQq4ARnIAQ_YAQHoAQH4AQKIAgGoAgO4ArL50rwGwAIB0gIkOGZlNzdlZTAtYjM2Ni00NjEwLWJjZDItYjc2NTUzNTkyZGM32AIF4AIB&sid=5ad11202ea9cc1c07c5ed8caaaf11387&aid=304142&ucfs=1&arphpl=1&checkin=2026-02-01&checkout=2026-02-08&dest_id=-372490&dest_type=city&group_adults=2&req_adults=2&no_rooms=1&group_children=0&req_children=0&hpos=16&hapos=490&sr_order=popularity&srpvid=01ee4d642e4b01c6&srepoch=1737802864&all_sr_blocks=1231175601_395665421_2_0_0&highlighted_blocks=1231175601_395665421_2_0_0&matching_block_id=1231175601_395665421_2_0_0&sr_pri_blocks=1231175601_395665421_2_0_0__126970&from=searchresults
Barcelona City Seven,"Sarrià-Sant Gervasi, Barcelona",https://www.booking.com/hotel/es/barcelona-city-seven.es.html?label=gen173nr-1FCAEoggI46AdIClgEaEaIAQGYAQq4ARnIAQ_YAQHoAQH4AQKIAgGoAgO4ArL50rwGwAIB0gIkOGZlNzdlZTAtYjM2Ni00NjEwLWJjZDItYjc2NTUzNTkyZGM32AIF4AIB&sid=5ad11202ea9cc1c07c5ed8caaaf11387&aid=304142&ucfs=1&arphpl=1&checkin=2026-02-01&checkout=2026-02-08&dest_id=-372490&dest_type=city&group_adults=2&req_adults=2&no_rooms=1&group_children=0&req_children=0&hpos=17&hapos=491&sr_order=popularity&srpvid=01ee4d642e4b01c6&srepoch=1737802864&all_sr_blocks=47646907_132583505_2_2_0&highlighted_blocks=47646907_132583505_2_2_0&matching_block_id=47646907_132583505_2_2_0&sr_pri_blocks=47646907_132583505_2_2_0__253400&from=searchresults
Luminous Designer Loft Style Apt Eixample Views By MyRentalHost,"Eixample, Barcelona",https://www.booking.com/hotel/es/luminous-designer-loft-style-apt-eixample-views-by-myrentalhost.es.html?label=gen173nr-1FCAEoggI46AdIClgEaEaIAQGYAQq4ARnIAQ_YAQHoAQH4AQKIAgGoAgO4ArL50rwGwAIB0gIkOGZlNzdlZTAtYjM2Ni00NjEwLWJjZDItYjc2NTUzNTkyZGM32AIF4AIB&sid=5ad11202ea9cc1c07c5ed8caaaf11387&aid=304142&ucfs=1&arphpl=1&checkin=2026-02-01&checkout=2026-02-08&dest_id=-372490&dest_type=city&group_adults=2&req_adults=2&no_rooms=1&group_children=0&req_children=0&hpos=18&hapos=492&sr_order=popularity&srpvid=01ee4d642e4b01c6&srepoch=1737802864&all_sr_blocks=1166883002_398665425_3_0_0&highlighted_blocks=1166883002_398665425_3_0_0&matching_block_id=1166883002_398665425_3_0_0&sr_pri_blocks=1166883002_398665425_3_0_0__250495&from=searchresults
Casa Cosi - Sant Gervasi 2,"Sarrià-Sant Gervasi, Barcelona",https://www.booking.com/hotel/es/casa-cosi-sant-gervasi-2.es.html?label=gen173nr-1FCAEoggI46AdIClgEaEaIAQGYAQq4ARnIAQ_YAQHoAQH4AQKIAgGoAgO4ArL50rwGwAIB0gIkOGZlNzdlZTAtYjM2Ni00NjEwLWJjZDItYjc2NTUzNTkyZGM32AIF4AIB&sid=5ad11202ea9cc1c07c5ed8caaaf11387&aid=304142&ucfs=1&arphpl=1&checkin=2026-02-01&checkout=2026-02-08&dest_id=-372490&dest_type=city&group_adults=2&req_adults=2&no_rooms=1&group_children=0&req_children=0&hpos=19&hapos=493&sr_order=popularity&srpvid=01ee4d642e4b01c6&srepoch=1737802864&all_sr_blocks=814039102_362247505_0_0_0&highlighted_blocks=814039102_362247505_0_0_0&matching_block_id=814039102_362247505_0_0_0&sr_pri_blocks=814039102_362247505_0_0_0__172442&from=searchresults
Barcelona City Hotel,"Eixample, Barcelona",https://www.booking.com/hotel/es/barcelona-city-universal.es.html?label=gen173nr-1FCAEoggI46AdIClgEaEaIAQGYAQq4ARnIAQ_YAQHoAQH4AQKIAgGoAgO4ArL50rwGwAIB0gIkOGZlNzdlZTAtYjM2Ni00NjEwLWJjZDItYjc2NTUzNTkyZGM32AIF4AIB&sid=5ad11202ea9cc1c07c5ed8caaaf11387&aid=304142&ucfs=1&arphpl=1&checkin=2026-02-01&checkout=2026-02-08&dest_id=-372490&dest_type=city&group_adults=2&req_adults=2&no_rooms=1&group_children=0&req_children=0&hpos=20&hapos=494&sr_order=popularity&srpvid=01ee4d642e4b01c6&srepoch=1737802864&all_sr_blocks=18989007_373328653_2_2_0&highlighted_blocks=18989007_373328653_2_2_0&matching_block_id=18989007_373328653_2_2_0&sr_pri_blocks=18989007_373328653_2_2_0__307249&from=searchresults
E2mai1047- Fantastic apartment next to Sagrada Familia,"Eixample, Barcelona",https://www.booking.com/hotel/es/e2mai481-fantastic-apartment-next-to-sagrada-familia.es.html?label=gen173nr-1FCAEoggI46AdIClgEaEaIAQGYAQq4ARnIAQ_YAQHoAQH4AQKIAgGoAgO4ArL50rwGwAIB0gIkOGZlNzdlZTAtYjM2Ni00NjEwLWJjZDItYjc2NTUzNTkyZGM32AIF4AIB&sid=5ad11202ea9cc1c07c5ed8caaaf11387&aid=304142&ucfs=1&arphpl=1&checkin=2026-02-01&checkout=2026-02-08&dest_id=-372490&dest_type=city&group_adults=2&req_adults=2&no_rooms=1&group_children=0&req_children=0&hpos=21&hapos=495&sr_order=popularity&srpvid=01ee4d642e4b01c6&srepoch=1737802864&all_sr_blocks=1001118302_376044964_2_0_0&highlighted_blocks=1001118302_376044964_2_0_0&matching_block_id=1001118302_376044964_2_0_0&sr_pri_blocks=1001118302_376044964_2_0_0__369686&from=searchresults
13PAR1004 - Fabulous apartment in the heart of Barcelona,"Sants-Montjuïc, Barcelona",https://www.booking.com/hotel/es/13par200-fabulous-apartment-in-the-heart-of-barcelona.es.html?label=gen173nr-1FCAEoggI46AdIClgEaEaIAQGYAQq4ARnIAQ_YAQHoAQH4AQKIAgGoAgO4ArL50rwGwAIB0gIkOGZlNzdlZTAtYjM2Ni00NjEwLWJjZDItYjc2NTUzNTkyZGM32AIF4AIB&sid=5ad11202ea9cc1c07c5ed8caaaf11387&aid=304142&ucfs=1&arphpl=1&checkin=2026-02-01&checkout=2026-02-08&dest_id=-372490&dest_type=city&group_adults=2&req_adults=2&no_rooms=1&group_children=0&req_children=0&hpos=22&hapos=496&sr_order=popularity&srpvid=01ee4d642e4b01c6&srepoch=1737802864&all_sr_blocks=985825602_379501305_2_0_0&highlighted_blocks=985825602_379501305_2_0_0&matching_block_id=985825602_379501305_2_0_0&sr_pri_blocks=985825602_379501305_2_0_0__362864&from=searchresults
23PTBG1090 - Beautiful 2BR Apartment near Sants,"Sants-Montjuïc, Barcelona",https://www.booking.com/hotel/es/23ptbg1090-beautiful-2br-apartment-near-sants.es.html?label=gen173nr-1FCAEoggI46AdIClgEaEaIAQGYAQq4ARnIAQ_YAQHoAQH4AQKIAgGoAgO4ArL50rwGwAIB0gIkOGZlNzdlZTAtYjM2Ni00NjEwLWJjZDItYjc2NTUzNTkyZGM32AIF4AIB&sid=5ad11202ea9cc1c07c5ed8caaaf11387&aid=304142&ucfs=1&arphpl=1&checkin=2026-02-01&checkout=2026-02-08&dest_id=-372490&dest_type=city&group_adults=2&req_adults=2&no_rooms=1&group_children=0&req_children=0&hpos=23&hapos=497&sr_order=popularity&srpvid=01ee4d642e4b01c6&srepoch=1737802864&all_sr_blocks=1205310002_392748123_2_0_0&highlighted_blocks=1205310002_392748123_2_0_0&matching_block_id=1205310002_392748123_2_0_0&sr_pri_blocks=1205310002_392748123_2_0_0__369686&from=searchresults
Alojamiento Mallor,"Eixample, Barcelona",https://www.booking.com/hotel/es/alojamiento-mallor.es.html?label=gen173nr-1FCAEoggI46AdIClgEaEaIAQGYAQq4ARnIAQ_YAQHoAQH4AQKIAgGoAgO4ArL50rwGwAIB0gIkOGZlNzdlZTAtYjM2Ni00NjEwLWJjZDItYjc2NTUzNTkyZGM32AIF4AIB&sid=5ad11202ea9cc1c07c5ed8caaaf11387&aid=304142&ucfs=1&arphpl=1&checkin=2026-02-01&checkout=2026-02-08&dest_id=-372490&dest_type=city&group_adults=2&req_adults=2&no_rooms=1&group_children=0&req_children=0&hpos=24&hapos=498&sr_order=popularity&srpvid=01ee4d642e4b01c6&srepoch=1737802864&all_sr_blocks=1314796901_404286392_2_0_0&highlighted_blocks=1314796901_404286392_2_0_0&matching_block_id=1314796901_404286392_2_0_0&sr_pri_blocks=1314796901_404286392_2_0_0__129200&from=searchresults
23MAL1075- Beautiful 2BR apartment near Sagrada Fa,"Eixample, Barcelona",https://www.booking.com/hotel/es/23mal1075-beautiful-2br-apartment-near-sagrada-fa.es.html?label=gen173nr-1FCAEoggI46AdIClgEaEaIAQGYAQq4ARnIAQ_YAQHoAQH4AQKIAgGoAgO4ArL50rwGwAIB0gIkOGZlNzdlZTAtYjM2Ni00NjEwLWJjZDItYjc2NTUzNTkyZGM32AIF4AIB&sid=5ad11202ea9cc1c07c5ed8caaaf11387&aid=304142&ucfs=1&arphpl=1&checkin=2026-02-01&checkout=2026-02-08&dest_id=-372490&dest_type=city&group_adults=2&req_adults=2&no_rooms=1&group_children=0&req_children=0&hpos=25&hapos=499&sr_order=popularity&srpvid=01ee4d642e4b01c6&srepoch=1737802864&all_sr_blocks=1323767503_405032941_2_0_0&highlighted_blocks=1323767503_405032941_2_0_0&matching_block_id=1323767503_405032941_2_0_0&sr_pri_blocks=1323767503_405032941_2_0_0__369186&from=searchresults
P1MAL1091- Fantastic 3bed steps away from Sagrada,"Eixample, Barcelona",https://www.booking.com/hotel/es/p1mal1091-fantastic-3bed-steps-away-from-sagrada.es.html?label=gen173nr-1FCAEoggI46AdIClgEaEaIAQGYAQq4ARnIAQ_YAQHoAQH4AQKIAgGoAgO4ArL50rwGwAIB0gIkOGZlNzdlZTAtYjM2Ni00NjEwLWJjZDItYjc2NTUzNTkyZGM32AIF4AIB&sid=5ad11202ea9cc1c07c5ed8caaaf11387&aid=304142&ucfs=1&arphpl=1&checkin=2026-02-01&checkout=2026-02-08&dest_id=-372490&dest_type=city&group_adults=2&req_adults=2&no_rooms=1&group_children=0&req_children=0&hpos=1&hapos=500&sr_order=popularity&srpvid=01ee4d642e4b01c6&srepoch=1737802867&all_sr_blocks=1323871703_405038533_2_0_0&highlighted_blocks=1323871703_405038533_2_0_0&matching_block_id=1323871703_405038533_2_0_0&sr_pri_blocks=1323871703_405038533_2_0_0__372186&from=searchresults
Rambla de Mar Apartments,"Ciutat Vella, Barcelona",https://www.booking.com/hotel/es/apartamentos-rambla-de-mar.es.html?label=gen173nr-1FCAEoggI46AdIClgEaEaIAQGYAQq4ARnIAQ_YAQHoAQH4AQKIAgGoAgO4ArL50rwGwAIB0gIkOGZlNzdlZTAtYjM2Ni00NjEwLWJjZDItYjc2NTUzNTkyZGM32AIF4AIB&sid=5ad11202ea9cc1c07c5ed8caaaf11387&aid=304142&ucfs=1&arphpl=1&checkin=2026-02-01&checkout=2026-02-08&dest_id=-372490&dest_type=city&group_adults=2&req_adults=2&no_rooms=1&group_children=0&req_children=0&hpos=2&hapos=501&sr_order=popularity&srpvid=01ee4d642e4b01c6&srepoch=1737802867&all_sr_blocks=38217605_88754526_4_0_0&highlighted_blocks=38217605_88754526_4_0_0&matching_block_id=38217605_88754526_4_0_0&sr_pri_blocks=38217605_88754526_4_0_0__639632&from=searchresults
13MAL1077- Magnific 2BR flat,"Eixample, Barcelona",https://www.booking.com/hotel/es/13mal1077-magnific-2br-flat.es.html?label=gen173nr-1FCAEoggI46AdIClgEaEaIAQGYAQq4ARnIAQ_YAQHoAQH4AQKIAgGoAgO4ArL50rwGwAIB0gIkOGZlNzdlZTAtYjM2Ni00NjEwLWJjZDItYjc2NTUzNTkyZGM32AIF4AIB&sid=5ad11202ea9cc1c07c5ed8caaaf11387&aid=304142&ucfs=1&arphpl=1&checkin=2026-02-01&checkout=2026-02-08&dest_id=-372490&dest_type=city&group_adults=2&req_adults=2&no_rooms=1&group_children=0&req_children=0&hpos=3&hapos=502&sr_order=popularity&srpvid=01ee4d642e4b01c6&srepoch=1737802867&all_sr_blocks=1323836703_405036443_2_0_0&highlighted_blocks=1323836703_405036443_2_0_0&matching_block_id=1323836703_405036443_2_0_0&sr_pri_blocks=1323836703_405036443_2_0_0__368186&from=searchresults
Hostal Boutique Khronos,"Eixample, Barcelona",https://www.booking.com/hotel/es/chronos.es.html?label=gen173nr-1FCAEoggI46AdIClgEaEaIAQGYAQq4ARnIAQ_YAQHoAQH4AQKIAgGoAgO4ArL50rwGwAIB0gIkOGZlNzdlZTAtYjM2Ni00NjEwLWJjZDItYjc2NTUzNTkyZGM32AIF4AIB&sid=5ad11202ea9cc1c07c5ed8caaaf11387&aid=304142&ucfs=1&arphpl=1&checkin=2026-02-01&checkout=2026-02-08&dest_id=-372490&dest_type=city&group_adults=2&req_adults=2&no_rooms=1&group_children=0&req_children=0&hpos=4&hapos=503&sr_order=popularity&srpvid=01ee4d642e4b01c6&srepoch=1737802867&all_sr_blocks=26609903_88496504_0_2_0&highlighted_blocks=26609903_88496504_0_2_0&matching_block_id=26609903_88496504_0_2_0&sr_pri_blocks=26609903_88496504_0_2_0__321741&from=searchresults
CENTRAL STYLISH EIXAMPLE - Casa Antonio By MyRentalHost,"Eixample, Barcelona",https://www.booking.com/hotel/es/central-stylish-fully-equipped-apartment-in-eixample-with-balcony-ref-mrhay.es.html?label=gen173nr-1FCAEoggI46AdIClgEaEaIAQGYAQq4ARnIAQ_YAQHoAQH4AQKIAgGoAgO4ArL50rwGwAIB0gIkOGZlNzdlZTAtYjM2Ni00NjEwLWJjZDItYjc2NTUzNTkyZGM32AIF4AIB&sid=5ad11202ea9cc1c07c5ed8caaaf11387&aid=304142&ucfs=1&arphpl=1&checkin=2026-02-01&checkout=2026-02-08&dest_id=-372490&dest_type=city&group_adults=2&req_adults=2&no_rooms=1&group_children=0&req_children=0&hpos=5&hapos=504&sr_order=popularity&srpvid=01ee4d642e4b01c6&srepoch=1737802867&all_sr_blocks=640194902_339649701_4_0_0&highlighted_blocks=640194902_339649701_4_0_0&matching_block_id=640194902_339649701_4_0_0&sr_pri_blocks=640194902_339649701_4_0_0__234292&from=searchresults
Barcelona - Loft Paseo de gracia,"Gracia, Barcelona",https://www.booking.com/hotel/es/loft-gracia.es.html?label=gen173nr-1FCAEoggI46AdIClgEaEaIAQGYAQq4ARnIAQ_YAQHoAQH4AQKIAgGoAgO4ArL50rwGwAIB0gIkOGZlNzdlZTAtYjM2Ni00NjEwLWJjZDItYjc2NTUzNTkyZGM32AIF4AIB&sid=5ad11202ea9cc1c07c5ed8caaaf11387&aid=304142&ucfs=1&arphpl=1&checkin=2026-02-01&checkout=2026-02-08&dest_id=-372490&dest_type=city&group_adults=2&req_adults=2&no_rooms=1&group_children=0&req_children=0&hpos=6&hapos=505&sr_order=popularity&srpvid=01ee4d642e4b01c6&srepoch=1737802867&all_sr_blocks=155271101_110643616_2_0_0&highlighted_blocks=155271101_110643616_2_0_0&matching_block_id=155271101_110643616_2_0_0&sr_pri_blocks=155271101_110643616_2_0_0__204394&from=searchresults
11FOH1095 - Cosy apartment near Plaza España,"Sants-Montjuïc, Barcelona",https://www.booking.com/hotel/es/11fh1097-cosy-apartment-near-plaza-espana.es.html?label=gen173nr-1FCAEoggI46AdIClgEaEaIAQGYAQq4ARnIAQ_YAQHoAQH4AQKIAgGoAgO4ArL50rwGwAIB0gIkOGZlNzdlZTAtYjM2Ni00NjEwLWJjZDItYjc2NTUzNTkyZGM32AIF4AIB&sid=5ad11202ea9cc1c07c5ed8caaaf11387&aid=304142&ucfs=1&arphpl=1&checkin=2026-02-01&checkout=2026-02-08&dest_id=-372490&dest_type=city&group_adults=2&req_adults=2&no_rooms=1&group_children=0&req_children=0&hpos=7&hapos=506&sr_order=popularity&srpvid=01ee4d642e4b01c6&srepoch=1737802867&all_sr_blocks=1236331902_395565205_2_0_0&highlighted_blocks=1236331902_395565205_2_0_0&matching_block_id=1236331902_395565205_2_0_0&sr_pri_blocks=1236331902_395565205_2_0_0__362864&from=searchresults
Casa Cosi - Sant Gervasi 4,"Sarrià-Sant Gervasi, Barcelona",https://www.booking.com/hotel/es/casa-cosi-sant-gervasi-4.es.html?label=gen173nr-1FCAEoggI46AdIClgEaEaIAQGYAQq4ARnIAQ_YAQHoAQH4AQKIAgGoAgO4ArL50rwGwAIB0gIkOGZlNzdlZTAtYjM2Ni00NjEwLWJjZDItYjc2NTUzNTkyZGM32AIF4AIB&sid=5ad11202ea9cc1c07c5ed8caaaf11387&aid=304142&ucfs=1&arphpl=1&checkin=2026-02-01&checkout=2026-02-08&dest_id=-372490&dest_type=city&group_adults=2&req_adults=2&no_rooms=1&group_children=0&req_children=0&hpos=8&hapos=507&sr_order=popularity&srpvid=01ee4d642e4b01c6&srepoch=1737802867&all_sr_blocks=814039202_362247399_0_0_0&highlighted_blocks=814039202_362247399_0_0_0&matching_block_id=814039202_362247399_0_0_0&sr_pri_blocks=814039202_362247399_0_0_0__172327&from=searchresults
63PAR1016- Sunny apartment in Paralel,"Sants-Montjuïc, Barcelona",https://www.booking.com/hotel/es/63par275-sunny-apartment-in-paralel.es.html?label=gen173nr-1FCAEoggI46AdIClgEaEaIAQGYAQq4ARnIAQ_YAQHoAQH4AQKIAgGoAgO4ArL50rwGwAIB0gIkOGZlNzdlZTAtYjM2Ni00NjEwLWJjZDItYjc2NTUzNTkyZGM32AIF4AIB&sid=5ad11202ea9cc1c07c5ed8caaaf11387&aid=304142&ucfs=1&arphpl=1&checkin=2026-02-01&checkout=2026-02-08&dest_id=-372490&dest_type=city&group_adults=2&req_adults=2&no_rooms=1&group_children=0&req_children=0&hpos=9&hapos=508&sr_order=popularity&srpvid=01ee4d642e4b01c6&srepoch=1737802867&all_sr_blocks=878123102_376044979_2_0_0&highlighted_blocks=878123102_376044979_2_0_0&matching_block_id=878123102_376044979_2_0_0&sr_pri_blocks=878123102_376044979_2_0_0__335574&from=searchresults
21MAL1089-Magnific apartment near Sagrada familia,"Eixample, Barcelona",https://www.booking.com/hotel/es/21mal1089-magnific-apartment-near-sagrada-familia.es.html?label=gen173nr-1FCAEoggI46AdIClgEaEaIAQGYAQq4ARnIAQ_YAQHoAQH4AQKIAgGoAgO4ArL50rwGwAIB0gIkOGZlNzdlZTAtYjM2Ni00NjEwLWJjZDItYjc2NTUzNTkyZGM32AIF4AIB&sid=5ad11202ea9cc1c07c5ed8caaaf11387&aid=304142&ucfs=1&arphpl=1&checkin=2026-02-01&checkout=2026-02-08&dest_id=-372490&dest_type=city&group_adults=2&req_adults=2&no_rooms=1&group_children=0&req_children=0&hpos=10&hapos=509&sr_order=popularity&srpvid=01ee4d642e4b01c6&srepoch=1737802867&all_sr_blocks=1249818304_397440835_2_0_0&highlighted_blocks=1249818304_397440835_2_0_0&matching_block_id=1249818304_397440835_2_0_0&sr_pri_blocks=1249818304_397440835_2_0_0__369186&from=searchresults
44MAL1084- Bright 2BR apartment,"Eixample, Barcelona",https://www.booking.com/hotel/es/44mal1084-bright-2br-apartment.es.html?label=gen173nr-1FCAEoggI46AdIClgEaEaIAQGYAQq4ARnIAQ_YAQHoAQH4AQKIAgGoAgO4ArL50rwGwAIB0gIkOGZlNzdlZTAtYjM2Ni00NjEwLWJjZDItYjc2NTUzNTkyZGM32AIF4AIB&sid=5ad11202ea9cc1c07c5ed8caaaf11387&aid=304142&ucfs=1&arphpl=1&checkin=2026-02-01&checkout=2026-02-08&dest_id=-372490&dest_type=city&group_adults=2&req_adults=2&no_rooms=1&group_children=0&req_children=0&hpos=11&hapos=510&sr_order=popularity&srpvid=01ee4d642e4b01c6&srepoch=1737802867&all_sr_blocks=1323868203_405038394_2_0_0&highlighted_blocks=1323868203_405038394_2_0_0&matching_block_id=1323868203_405038394_2_0_0&sr_pri_blocks=1323868203_405038394_2_0_0__369186&from=searchresults
En2val1028 - Eixample Esquerra with terrace,"Eixample, Barcelona",https://www.booking.com/hotel/es/en2val346-perfectly-located-flat-with-terrace.es.html?label=gen173nr-1FCAEoggI46AdIClgEaEaIAQGYAQq4ARnIAQ_YAQHoAQH4AQKIAgGoAgO4ArL50rwGwAIB0gIkOGZlNzdlZTAtYjM2Ni00NjEwLWJjZDItYjc2NTUzNTkyZGM32AIF4AIB&sid=5ad11202ea9cc1c07c5ed8caaaf11387&aid=304142&ucfs=1&arphpl=1&checkin=2026-02-01&checkout=2026-02-08&dest_id=-372490&dest_type=city&group_adults=2&req_adults=2&no_rooms=1&group_children=0&req_children=0&hpos=12&hapos=511&sr_order=popularity&srpvid=01ee4d642e4b01c6&srepoch=1737802867&all_sr_blocks=883913702_357757006_2_0_0&highlighted_blocks=883913702_357757006_2_0_0&matching_block_id=883913702_357757006_2_0_0&sr_pri_blocks=883913702_357757006_2_0_0__369686&from=searchresults
Catalan Comfort near Sagrada Familia by MyRentalHost,"Gracia, Barcelona",https://www.booking.com/hotel/es/jose-gracia-charming-modern-apt-in-trendy-gracia-5pp.es.html?label=gen173nr-1FCAEoggI46AdIClgEaEaIAQGYAQq4ARnIAQ_YAQHoAQH4AQKIAgGoAgO4ArL50rwGwAIB0gIkOGZlNzdlZTAtYjM2Ni00NjEwLWJjZDItYjc2NTUzNTkyZGM32AIF4AIB&sid=5ad11202ea9cc1c07c5ed8caaaf11387&aid=304142&ucfs=1&arphpl=1&checkin=2026-02-01&checkout=2026-02-08&dest_id=-372490&dest_type=city&group_adults=2&req_adults=2&no_rooms=1&group_children=0&req_children=0&hpos=13&hapos=512&sr_order=popularity&srpvid=01ee4d642e4b01c6&srepoch=1737802867&all_sr_blocks=1116965802_395075895_3_0_0&highlighted_blocks=1116965802_395075895_3_0_0&matching_block_id=1116965802_395075895_3_0_0&sr_pri_blocks=1116965802_395075895_3_0_0__189264&from=searchresults
1217 - POOL AND BEACH NICE APARTMENT II,"Sant Martí, Barcelona",https://www.booking.com/hotel/es/1217-pool-and-beach-nice-apartment-ii.es.html?label=gen173nr-1FCAEoggI46AdIClgEaEaIAQGYAQq4ARnIAQ_YAQHoAQH4AQKIAgGoAgO4ArL50rwGwAIB0gIkOGZlNzdlZTAtYjM2Ni00NjEwLWJjZDItYjc2NTUzNTkyZGM32AIF4AIB&sid=5ad11202ea9cc1c07c5ed8caaaf11387&aid=304142&ucfs=1&arphpl=1&checkin=2026-02-01&checkout=2026-02-08&dest_id=-372490&dest_type=city&group_adults=2&req_adults=2&no_rooms=1&group_children=0&req_children=0&hpos=14&hapos=513&sr_order=popularity&srpvid=01ee4d642e4b01c6&srepoch=1737802867&all_sr_blocks=319201902_120276355_4_0_0_611609&highlighted_blocks=319201902_120276355_4_0_0_611609&matching_block_id=319201902_120276355_4_0_0_611609&sr_pri_blocks=319201902_120276355_4_0_0_611609_177790&from=searchresults
Estrella Beach,"Ciutat Vella, Barcelona",https://www.booking.com/hotel/es/estrella-beach.es.html?label=gen173nr-1FCAEoggI46AdIClgEaEaIAQGYAQq4ARnIAQ_YAQHoAQH4AQKIAgGoAgO4ArL50rwGwAIB0gIkOGZlNzdlZTAtYjM2Ni00NjEwLWJjZDItYjc2NTUzNTkyZGM32AIF4AIB&sid=5ad11202ea9cc1c07c5ed8caaaf11387&aid=304142&ucfs=1&arphpl=1&checkin=2026-02-01&checkout=2026-02-08&dest_id=-372490&dest_type=city&group_adults=2&req_adults=2&no_rooms=1&group_children=0&req_children=0&hpos=15&hapos=514&sr_order=popularity&srpvid=01ee4d642e4b01c6&srepoch=1737802867&all_sr_blocks=1260059801_398617602_2_0_0&highlighted_blocks=1260059801_398617602_2_0_0&matching_block_id=1260059801_398617602_2_0_0&sr_pri_blocks=1260059801_398617602_2_0_0__150500&from=searchresults
Barcelona City Apartment,"Sant Martí, Barcelona",https://www.booking.com/hotel/es/barcelona-city-apartment.es.html?label=gen173nr-1FCAEoggI46AdIClgEaEaIAQGYAQq4ARnIAQ_YAQHoAQH4AQKIAgGoAgO4ArL50rwGwAIB0gIkOGZlNzdlZTAtYjM2Ni00NjEwLWJjZDItYjc2NTUzNTkyZGM32AIF4AIB&sid=5ad11202ea9cc1c07c5ed8caaaf11387&aid=304142&ucfs=1&arphpl=1&checkin=2026-02-01&checkout=2026-02-08&dest_id=-372490&dest_type=city&group_adults=2&req_adults=2&no_rooms=1&group_children=0&req_children=0&hpos=16&hapos=515&sr_order=popularity&srpvid=01ee4d642e4b01c6&srepoch=1737802867&all_sr_blocks=24335806_309938267_2_0_0&highlighted_blocks=24335806_309938267_2_0_0&matching_block_id=24335806_309938267_2_0_0&sr_pri_blocks=24335806_309938267_2_0_0__317072&from=searchresults
La Guarida Suites,"Ciutat Vella, Barcelona",https://www.booking.com/hotel/es/la-guarida-1820.es.html?label=gen173nr-1FCAEoggI46AdIClgEaEaIAQGYAQq4ARnIAQ_YAQHoAQH4AQKIAgGoAgO4ArL50rwGwAIB0gIkOGZlNzdlZTAtYjM2Ni00NjEwLWJjZDItYjc2NTUzNTkyZGM32AIF4AIB&sid=5ad11202ea9cc1c07c5ed8caaaf11387&aid=304142&ucfs=1&arphpl=1&checkin=2026-02-01&checkout=2026-02-08&dest_id=-372490&dest_type=city&group_adults=2&req_adults=2&no_rooms=1&group_children=0&req_children=0&hpos=17&hapos=516&sr_order=popularity&srpvid=01ee4d642e4b01c6&srepoch=1737802867&all_sr_blocks=477801604_151481258_0_0_0_720599&highlighted_blocks=477801604_151481258_0_0_0_720599&matching_block_id=477801604_151481258_0_0_0_720599&sr_pri_blocks=477801604_151481258_0_0_0_720599_659981&from=searchresults
Casa Cosi - Eixample 4,"Eixample, Barcelona",https://www.booking.com/hotel/es/casa-cosi-eixample-4.es.html?label=gen173nr-1FCAEoggI46AdIClgEaEaIAQGYAQq4ARnIAQ_YAQHoAQH4AQKIAgGoAgO4ArL50rwGwAIB0gIkOGZlNzdlZTAtYjM2Ni00NjEwLWJjZDItYjc2NTUzNTkyZGM32AIF4AIB&sid=5ad11202ea9cc1c07c5ed8caaaf11387&aid=304142&ucfs=1&arphpl=1&checkin=2026-02-01&checkout=2026-02-08&dest_id=-372490&dest_type=city&group_adults=2&req_adults=2&no_rooms=1&group_children=0&req_children=0&hpos=18&hapos=517&sr_order=popularity&srpvid=01ee4d642e4b01c6&srepoch=1737802867&all_sr_blocks=501343201_377071664_0_0_0&highlighted_blocks=501343201_377071664_0_0_0&matching_block_id=501343201_377071664_0_0_0&sr_pri_blocks=501343201_377071664_0_0_0__307934&from=searchresults
12PAR1003 - Luminoso piso en Paralelo,"Sants-Montjuïc, Barcelona",https://www.booking.com/hotel/es/12par390-luminoso-piso-en-paralelo.es.html?label=gen173nr-1FCAEoggI46AdIClgEaEaIAQGYAQq4ARnIAQ_YAQHoAQH4AQKIAgGoAgO4ArL50rwGwAIB0gIkOGZlNzdlZTAtYjM2Ni00NjEwLWJjZDItYjc2NTUzNTkyZGM32AIF4AIB&sid=5ad11202ea9cc1c07c5ed8caaaf11387&aid=304142&ucfs=1&arphpl=1&checkin=2026-02-01&checkout=2026-02-08&dest_id=-372490&dest_type=city&group_adults=2&req_adults=2&no_rooms=1&group_children=0&req_children=0&hpos=19&hapos=518&sr_order=popularity&srpvid=01ee4d642e4b01c6&srepoch=1737802867&all_sr_blocks=1069970602_379509373_2_0_0&highlighted_blocks=1069970602_379509373_2_0_0&matching_block_id=1069970602_379509373_2_0_0&sr_pri_blocks=1069970602_379509373_2_0_0__362864&from=searchresults
Unique Rentals - Luxurious Oasis,"Eixample, Barcelona",https://www.booking.com/hotel/es/unique-rentals-luxurious-oasis-paseo-de-gracia.es.html?label=gen173nr-1FCAEoggI46AdIClgEaEaIAQGYAQq4ARnIAQ_YAQHoAQH4AQKIAgGoAgO4ArL50rwGwAIB0gIkOGZlNzdlZTAtYjM2Ni00NjEwLWJjZDItYjc2NTUzNTkyZGM32AIF4AIB&sid=5ad11202ea9cc1c07c5ed8caaaf11387&aid=304142&ucfs=1&arphpl=1&checkin=2026-02-01&checkout=2026-02-08&dest_id=-372490&dest_type=city&group_adults=2&req_adults=2&no_rooms=1&group_children=0&req_children=0&hpos=20&hapos=519&sr_order=popularity&srpvid=01ee4d642e4b01c6&srepoch=1737802867&all_sr_blocks=235631801_326841240_4_0_0&highlighted_blocks=235631801_326841240_4_0_0&matching_block_id=235631801_326841240_4_0_0&sr_pri_blocks=235631801_326841240_4_0_0__243107&from=searchresults
Casa Lit Barcelona,"Ciutat Vella, Barcelona",https://www.booking.com/hotel/es/casa-lit-barcelona-by-ona.es.html?label=gen173nr-1FCAEoggI46AdIClgEaEaIAQGYAQq4ARnIAQ_YAQHoAQH4AQKIAgGoAgO4ArL50rwGwAIB0gIkOGZlNzdlZTAtYjM2Ni00NjEwLWJjZDItYjc2NTUzNTkyZGM32AIF4AIB&sid=5ad11202ea9cc1c07c5ed8caaaf11387&aid=304142&ucfs=1&arphpl=1&checkin=2026-02-01&checkout=2026-02-08&dest_id=-372490&dest_type=city&group_adults=2&req_adults=2&no_rooms=1&group_children=0&req_children=0&hpos=21&hapos=520&sr_order=popularity&srpvid=01ee4d642e4b01c6&srepoch=1737802867&all_sr_blocks=24745217_91468713_2_1_0&highlighted_blocks=24745217_91468713_2_1_0&matching_block_id=24745217_91468713_2_1_0&sr_pri_blocks=24745217_91468713_2_1_0__673022&from=searchresults
61PAR1014- Magnifico apartamento recientemente decorado en Poble Sec,"Sants-Montjuïc, Barcelona",https://www.booking.com/hotel/es/61par571-magnifico-apartamento-recientemente-deco.es.html?label=gen173nr-1FCAEoggI46AdIClgEaEaIAQGYAQq4ARnIAQ_YAQHoAQH4AQKIAgGoAgO4ArL50rwGwAIB0gIkOGZlNzdlZTAtYjM2Ni00NjEwLWJjZDItYjc2NTUzNTkyZGM32AIF4AIB&sid=5ad11202ea9cc1c07c5ed8caaaf11387&aid=304142&ucfs=1&arphpl=1&checkin=2026-02-01&checkout=2026-02-08&dest_id=-372490&dest_type=city&group_adults=2&req_adults=2&no_rooms=1&group_children=0&req_children=0&hpos=22&hapos=521&sr_order=popularity&srpvid=01ee4d642e4b01c6&srepoch=1737802867&all_sr_blocks=1131269002_385780271_2_0_0&highlighted_blocks=1131269002_385780271_2_0_0&matching_block_id=1131269002_385780271_2_0_0&sr_pri_blocks=1131269002_385780271_2_0_0__369686&from=searchresults
Luxury Paseo de Gracia Casa Batlló,"Eixample, Barcelona",https://www.booking.com/hotel/es/luxury-paseo-de-gracia-casa-batllo.es.html?label=gen173nr-1FCAEoggI46AdIClgEaEaIAQGYAQq4ARnIAQ_YAQHoAQH4AQKIAgGoAgO4ArL50rwGwAIB0gIkOGZlNzdlZTAtYjM2Ni00NjEwLWJjZDItYjc2NTUzNTkyZGM32AIF4AIB&sid=5ad11202ea9cc1c07c5ed8caaaf11387&aid=304142&ucfs=1&arphpl=1&checkin=2026-02-01&checkout=2026-02-08&dest_id=-372490&dest_type=city&group_adults=2&req_adults=2&no_rooms=1&group_children=0&req_children=0&hpos=23&hapos=522&sr_order=popularity&srpvid=01ee4d642e4b01c6&srepoch=1737802867&all_sr_blocks=839478101_350508771_4_0_0&highlighted_blocks=839478101_350508771_4_0_0&matching_block_id=839478101_350508771_4_0_0&sr_pri_blocks=839478101_350508771_4_0_0__281305&from=searchresults
P3MAL1076- Beautiful 2BR newly refurbished,"Eixample, Barcelona",https://www.booking.com/hotel/es/p3mal1076-beautiful-2br-newly-refurbished.es.html?label=gen173nr-1FCAEoggI46AdIClgEaEaIAQGYAQq4ARnIAQ_YAQHoAQH4AQKIAgGoAgO4ArL50rwGwAIB0gIkOGZlNzdlZTAtYjM2Ni00NjEwLWJjZDItYjc2NTUzNTkyZGM32AIF4AIB&sid=5ad11202ea9cc1c07c5ed8caaaf11387&aid=304142&ucfs=1&arphpl=1&checkin=2026-02-01&checkout=2026-02-08&dest_id=-372490&dest_type=city&group_adults=2&req_adults=2&no_rooms=1&group_children=0&req_children=0&hpos=24&hapos=523&sr_order=popularity&srpvid=01ee4d642e4b01c6&srepoch=1737802867&all_sr_blocks=1323832403_405036212_2_0_0&highlighted_blocks=1323832403_405036212_2_0_0&matching_block_id=1323832403_405036212_2_0_0&sr_pri_blocks=1323832403_405036212_2_0_0__369186&from=searchresults
Limonaia,"Eixample, Barcelona",https://www.booking.com/hotel/es/next-to.es.html?label=gen173nr-1FCAEoggI46AdIClgEaEaIAQGYAQq4ARnIAQ_YAQHoAQH4AQKIAgGoAgO4ArL50rwGwAIB0gIkOGZlNzdlZTAtYjM2Ni00NjEwLWJjZDItYjc2NTUzNTkyZGM32AIF4AIB&sid=5ad11202ea9cc1c07c5ed8caaaf11387&aid=304142&ucfs=1&arphpl=1&checkin=2026-02-01&checkout=2026-02-08&dest_id=-372490&dest_type=city&group_adults=2&req_adults=2&no_rooms=1&group_children=0&req_children=0&hpos=25&hapos=524&sr_order=popularity&srpvid=01ee4d642e4b01c6&srepoch=1737802867&all_sr_blocks=1416918_95138650_0_0_0_720596&highlighted_blocks=1416918_95138650_0_0_0_720596&matching_block_id=1416918_95138650_0_0_0_720596&sr_pri_blocks=1416918_95138650_0_0_0_720596_658049&from=searchresults
Architects Home By MyRentalHost,"Sants-Montjuïc, Barcelona",https://www.booking.com/hotel/es/unique-architects-apartment-in-trendy-central-poble-sec-ref-mrhaj.es.html?label=gen173nr-1FCAEoggI46AdIClgEaEaIAQGYAQq4ARnIAQ_YAQHoAQH4AQKIAgGoAgO4ArL50rwGwAIB0gIkOGZlNzdlZTAtYjM2Ni00NjEwLWJjZDItYjc2NTUzNTkyZGM32AIF4AIB&sid=5ad11202ea9cc1c07c5ed8caaaf11387&aid=304142&ucfs=1&arphpl=1&checkin=2026-02-01&checkout=2026-02-08&dest_id=-372490&dest_type=city&group_adults=2&req_adults=2&no_rooms=1&group_children=0&req_children=0&hpos=1&hapos=525&sr_order=popularity&srpvid=01ee4d642e4b01c6&srepoch=1737802870&all_sr_blocks=640198502_339649691_6_0_0&highlighted_blocks=640198502_339649691_6_0_0&matching_block_id=640198502_339649691_6_0_0&sr_pri_blocks=640198502_339649691_6_0_0__187434&from=searchresults
42BADR1040 New & Bright Apartment PobleNou,"Sant Martí, Barcelona",https://www.booking.com/hotel/es/118br42-new-bright-apartment-poblenou.es.html?label=gen173nr-1FCAEoggI46AdIClgEaEaIAQGYAQq4ARnIAQ_YAQHoAQH4AQKIAgGoAgO4ArL50rwGwAIB0gIkOGZlNzdlZTAtYjM2Ni00NjEwLWJjZDItYjc2NTUzNTkyZGM32AIF4AIB&sid=5ad11202ea9cc1c07c5ed8caaaf11387&aid=304142&ucfs=1&arphpl=1&checkin=2026-02-01&checkout=2026-02-08&dest_id=-372490&dest_type=city&group_adults=2&req_adults=2&no_rooms=1&group_children=0&req_children=0&hpos=2&hapos=526&sr_order=popularity&srpvid=01ee4d642e4b01c6&srepoch=1737802870&all_sr_blocks=971261402_369542566_2_0_0&highlighted_blocks=971261402_369542566_2_0_0&matching_block_id=971261402_369542566_2_0_0&sr_pri_blocks=971261402_369542566_2_0_0__362864&from=searchresults
Alojamiento Parrales,"Eixample, Barcelona",https://www.booking.com/hotel/es/alojamiento-parrales.es.html?label=gen173nr-1FCAEoggI46AdIClgEaEaIAQGYAQq4ARnIAQ_YAQHoAQH4AQKIAgGoAgO4ArL50rwGwAIB0gIkOGZlNzdlZTAtYjM2Ni00NjEwLWJjZDItYjc2NTUzNTkyZGM32AIF4AIB&sid=5ad11202ea9cc1c07c5ed8caaaf11387&aid=304142&ucfs=1&arphpl=1&checkin=2026-02-01&checkout=2026-02-08&dest_id=-372490&dest_type=city&group_adults=2&req_adults=2&no_rooms=1&group_children=0&req_children=0&hpos=3&hapos=527&sr_order=popularity&srpvid=01ee4d642e4b01c6&srepoch=1737802870&all_sr_blocks=1310797201_406515038_2_0_0&highlighted_blocks=1310797201_406515038_2_0_0&matching_block_id=1310797201_406515038_2_0_0&sr_pri_blocks=1310797201_406515038_2_0_0__132700&from=searchresults
P2ari1046 - Magnific 2Bed Apartment in the City Center,"Eixample, Barcelona",https://www.booking.com/hotel/es/p2ari476-magnific-2bed-apartment-in-the-city-center.es.html?label=gen173nr-1FCAEoggI46AdIClgEaEaIAQGYAQq4ARnIAQ_YAQHoAQH4AQKIAgGoAgO4ArL50rwGwAIB0gIkOGZlNzdlZTAtYjM2Ni00NjEwLWJjZDItYjc2NTUzNTkyZGM32AIF4AIB&sid=5ad11202ea9cc1c07c5ed8caaaf11387&aid=304142&ucfs=1&arphpl=1&checkin=2026-02-01&checkout=2026-02-08&dest_id=-372490&dest_type=city&group_adults=2&req_adults=2&no_rooms=1&group_children=0&req_children=0&hpos=4&hapos=528&sr_order=popularity&srpvid=01ee4d642e4b01c6&srepoch=1737802870&all_sr_blocks=991618202_372138044_2_0_0&highlighted_blocks=991618202_372138044_2_0_0&matching_block_id=991618202_372138044_2_0_0&sr_pri_blocks=991618202_372138044_2_0_0__369686&from=searchresults
Love Local Life Near Sagrada Familia by MyRentalHost,"Eixample, Barcelona",https://www.booking.com/hotel/es/love-local-life-near-sagrada-familia.es.html?label=gen173nr-1FCAEoggI46AdIClgEaEaIAQGYAQq4ARnIAQ_YAQHoAQH4AQKIAgGoAgO4ArL50rwGwAIB0gIkOGZlNzdlZTAtYjM2Ni00NjEwLWJjZDItYjc2NTUzNTkyZGM32AIF4AIB&sid=5ad11202ea9cc1c07c5ed8caaaf11387&aid=304142&ucfs=1&arphpl=1&checkin=2026-02-01&checkout=2026-02-08&dest_id=-372490&dest_type=city&group_adults=2&req_adults=2&no_rooms=1&group_children=0&req_children=0&hpos=5&hapos=529&sr_order=popularity&srpvid=01ee4d642e4b01c6&srepoch=1737802870&all_sr_blocks=816364902_348608972_4_0_0_744536&highlighted_blocks=816364902_348608972_4_0_0_744536&matching_block_id=816364902_348608972_4_0_0_744536&sr_pri_blocks=816364902_348608972_4_0_0_744536_296264&from=searchresults
42MAL813 - Great 2Br near Sagrada Familia,"Eixample, Barcelona",https://www.booking.com/hotel/es/42mal813-great-2br-near-sagrada-familia.es.html?label=gen173nr-1FCAEoggI46AdIClgEaEaIAQGYAQq4ARnIAQ_YAQHoAQH4AQKIAgGoAgO4ArL50rwGwAIB0gIkOGZlNzdlZTAtYjM2Ni00NjEwLWJjZDItYjc2NTUzNTkyZGM32AIF4AIB&sid=5ad11202ea9cc1c07c5ed8caaaf11387&aid=304142&ucfs=1&arphpl=1&checkin=2026-02-01&checkout=2026-02-08&dest_id=-372490&dest_type=city&group_adults=2&req_adults=2&no_rooms=1&group_children=0&req_children=0&hpos=6&hapos=530&sr_order=popularity&srpvid=01ee4d642e4b01c6&srepoch=1737802870&all_sr_blocks=1217064703_393870090_2_0_0&highlighted_blocks=1217064703_393870090_2_0_0&matching_block_id=1217064703_393870090_2_0_0&sr_pri_blocks=1217064703_393870090_2_0_0__394847&from=searchresults
52CIR1072 - Cozy apartment in the heart of Gracia,"Gracia, Barcelona",https://www.booking.com/hotel/es/52cir1072-cozy-apartment-in-the-heart-of-gracia.es.html?label=gen173nr-1FCAEoggI46AdIClgEaEaIAQGYAQq4ARnIAQ_YAQHoAQH4AQKIAgGoAgO4ArL50rwGwAIB0gIkOGZlNzdlZTAtYjM2Ni00NjEwLWJjZDItYjc2NTUzNTkyZGM32AIF4AIB&sid=5ad11202ea9cc1c07c5ed8caaaf11387&aid=304142&ucfs=1&arphpl=1&checkin=2026-02-01&checkout=2026-02-08&dest_id=-372490&dest_type=city&group_adults=2&req_adults=2&no_rooms=1&group_children=0&req_children=0&hpos=7&hapos=531&sr_order=popularity&srpvid=01ee4d642e4b01c6&srepoch=1737802870&all_sr_blocks=1256863402_398227662_2_0_0&highlighted_blocks=1256863402_398227662_2_0_0&matching_block_id=1256863402_398227662_2_0_0&sr_pri_blocks=1256863402_398227662_2_0_0__369686&from=searchresults
Casa Cosi - Terrace 2,"Eixample, Barcelona",https://www.booking.com/hotel/es/casa-cosi-terrace-2.es.html?label=gen173nr-1FCAEoggI46AdIClgEaEaIAQGYAQq4ARnIAQ_YAQHoAQH4AQKIAgGoAgO4ArL50rwGwAIB0gIkOGZlNzdlZTAtYjM2Ni00NjEwLWJjZDItYjc2NTUzNTkyZGM32AIF4AIB&sid=5ad11202ea9cc1c07c5ed8caaaf11387&aid=304142&ucfs=1&arphpl=1&checkin=2026-02-01&checkout=2026-02-08&dest_id=-372490&dest_type=city&group_adults=2&req_adults=2&no_rooms=1&group_children=0&req_children=0&hpos=8&hapos=532&sr_order=popularity&srpvid=01ee4d642e4b01c6&srepoch=1737802870&all_sr_blocks=814035002_388658559_0_0_0&highlighted_blocks=814035002_388658559_0_0_0&matching_block_id=814035002_388658559_0_0_0&sr_pri_blocks=814035002_388658559_0_0_0__274674&from=searchresults
Bruc & Bruc,"Eixample, Barcelona",https://www.booking.com/hotel/es/bruc-amp-bruc.es.html?label=gen173nr-1FCAEoggI46AdIClgEaEaIAQGYAQq4ARnIAQ_YAQHoAQH4AQKIAgGoAgO4ArL50rwGwAIB0gIkOGZlNzdlZTAtYjM2Ni00NjEwLWJjZDItYjc2NTUzNTkyZGM32AIF4AIB&sid=5ad11202ea9cc1c07c5ed8caaaf11387&aid=304142&ucfs=1&arphpl=1&checkin=2026-02-01&checkout=2026-02-08&dest_id=-372490&dest_type=city&group_adults=2&req_adults=2&no_rooms=1&group_children=0&req_children=0&hpos=9&hapos=533&sr_order=popularity&srpvid=01ee4d642e4b01c6&srepoch=1737802870&all_sr_blocks=112880504_332352779_3_0_0&highlighted_blocks=112880504_332352779_3_0_0&matching_block_id=112880504_332352779_3_0_0&sr_pri_blocks=112880504_332352779_3_0_0__231980&from=searchresults
22CRC1039 - Exquisite apartment near the center,"Sants-Montjuïc, Barcelona",https://www.booking.com/hotel/es/121creu22-exquisite-apartment-near-the-center.es.html?label=gen173nr-1FCAEoggI46AdIClgEaEaIAQGYAQq4ARnIAQ_YAQHoAQH4AQKIAgGoAgO4ArL50rwGwAIB0gIkOGZlNzdlZTAtYjM2Ni00NjEwLWJjZDItYjc2NTUzNTkyZGM32AIF4AIB&sid=5ad11202ea9cc1c07c5ed8caaaf11387&aid=304142&ucfs=1&arphpl=1&checkin=2026-02-01&checkout=2026-02-08&dest_id=-372490&dest_type=city&group_adults=2&req_adults=2&no_rooms=1&group_children=0&req_children=0&hpos=10&hapos=534&sr_order=popularity&srpvid=01ee4d642e4b01c6&srepoch=1737802870&all_sr_blocks=968416402_376044970_2_0_0&highlighted_blocks=968416402_376044970_2_0_0&matching_block_id=968416402_376044970_2_0_0&sr_pri_blocks=968416402_376044970_2_0_0__362864&from=searchresults
Barcelona City Rooms,"Gracia, Barcelona",https://www.booking.com/hotel/es/hostal-sagrada-familia.es.html?label=gen173nr-1FCAEoggI46AdIClgEaEaIAQGYAQq4ARnIAQ_YAQHoAQH4AQKIAgGoAgO4ArL50rwGwAIB0gIkOGZlNzdlZTAtYjM2Ni00NjEwLWJjZDItYjc2NTUzNTkyZGM32AIF4AIB&sid=5ad11202ea9cc1c07c5ed8caaaf11387&aid=304142&ucfs=1&arphpl=1&checkin=2026-02-01&checkout=2026-02-08&dest_id=-372490&dest_type=city&group_adults=2&req_adults=2&no_rooms=1&group_children=0&req_children=0&hpos=11&hapos=535&sr_order=popularity&srpvid=01ee4d642e4b01c6&srepoch=1737802870&all_sr_blocks=34908117_309938470_2_2_0&highlighted_blocks=34908117_309938470_2_2_0&matching_block_id=34908117_309938470_2_2_0&sr_pri_blocks=34908117_309938470_2_2_0__373100&from=searchresults
22MAL1074- Nuevo piso a 10min de Sagrada Familia,"Eixample, Barcelona",https://www.booking.com/hotel/es/22mal1074-nuevo-piso-a-10min-de-sagrada-familia.es.html?label=gen173nr-1FCAEoggI46AdIClgEaEaIAQGYAQq4ARnIAQ_YAQHoAQH4AQKIAgGoAgO4ArL50rwGwAIB0gIkOGZlNzdlZTAtYjM2Ni00NjEwLWJjZDItYjc2NTUzNTkyZGM32AIF4AIB&sid=5ad11202ea9cc1c07c5ed8caaaf11387&aid=304142&ucfs=1&arphpl=1&checkin=2026-02-01&checkout=2026-02-08&dest_id=-372490&dest_type=city&group_adults=2&req_adults=2&no_rooms=1&group_children=0&req_children=0&hpos=12&hapos=536&sr_order=popularity&srpvid=01ee4d642e4b01c6&srepoch=1737802870&all_sr_blocks=1323762203_405032167_2_0_0&highlighted_blocks=1323762203_405032167_2_0_0&matching_block_id=1323762203_405032167_2_0_0&sr_pri_blocks=1323762203_405032167_2_0_0__369186&from=searchresults
52PAR1012 - Magnific 3BR Apartment in Paralel,"Sants-Montjuïc, Barcelona",https://www.booking.com/hotel/es/52par489-magnific-3br-apartment-in-paralel.es.html?label=gen173nr-1FCAEoggI46AdIClgEaEaIAQGYAQq4ARnIAQ_YAQHoAQH4AQKIAgGoAgO4ArL50rwGwAIB0gIkOGZlNzdlZTAtYjM2Ni00NjEwLWJjZDItYjc2NTUzNTkyZGM32AIF4AIB&sid=5ad11202ea9cc1c07c5ed8caaaf11387&aid=304142&ucfs=1&arphpl=1&checkin=2026-02-01&checkout=2026-02-08&dest_id=-372490&dest_type=city&group_adults=2&req_adults=2&no_rooms=1&group_children=0&req_children=0&hpos=13&hapos=537&sr_order=popularity&srpvid=01ee4d642e4b01c6&srepoch=1737802870&all_sr_blocks=1070112003_379527397_2_0_0&highlighted_blocks=1070112003_379527397_2_0_0&matching_block_id=1070112003_379527397_2_0_0&sr_pri_blocks=1070112003_379527397_2_0_0__369686&from=searchresults
E4lle1031 - Studio next to Plaza Espanya,"Sants-Montjuïc, Barcelona",https://www.booking.com/hotel/es/e4lle1031-studio-next-to-plaza-espanya.es.html?label=gen173nr-1FCAEoggI46AdIClgEaEaIAQGYAQq4ARnIAQ_YAQHoAQH4AQKIAgGoAgO4ArL50rwGwAIB0gIkOGZlNzdlZTAtYjM2Ni00NjEwLWJjZDItYjc2NTUzNTkyZGM32AIF4AIB&sid=5ad11202ea9cc1c07c5ed8caaaf11387&aid=304142&ucfs=1&arphpl=1&checkin=2026-02-01&checkout=2026-02-08&dest_id=-372490&dest_type=city&group_adults=2&req_adults=2&no_rooms=1&group_children=0&req_children=0&hpos=14&hapos=538&sr_order=popularity&srpvid=01ee4d642e4b01c6&srepoch=1737802870&all_sr_blocks=1324284303_405075627_2_0_0&highlighted_blocks=1324284303_405075627_2_0_0&matching_block_id=1324284303_405075627_2_0_0&sr_pri_blocks=1324284303_405075627_2_0_0__1143300&from=searchresults
The Yellow House by MyRentalHost,"Horta-Guinardó, Barcelona",https://www.booking.com/hotel/es/unique-house-3-br-2br-wi-fi-smart-tv-ac-nespresso.es.html?label=gen173nr-1FCAEoggI46AdIClgEaEaIAQGYAQq4ARnIAQ_YAQHoAQH4AQKIAgGoAgO4ArL50rwGwAIB0gIkOGZlNzdlZTAtYjM2Ni00NjEwLWJjZDItYjc2NTUzNTkyZGM32AIF4AIB&sid=5ad11202ea9cc1c07c5ed8caaaf11387&aid=304142&ucfs=1&arphpl=1&checkin=2026-02-01&checkout=2026-02-08&dest_id=-372490&dest_type=city&group_adults=2&req_adults=2&no_rooms=1&group_children=0&req_children=0&hpos=15&hapos=539&sr_order=popularity&srpvid=01ee4d642e4b01c6&srepoch=1737802870&all_sr_blocks=769636802_339649689_4_0_0&highlighted_blocks=769636802_339649689_4_0_0&matching_block_id=769636802_339649689_4_0_0&sr_pri_blocks=769636802_339649689_4_0_0__196372&from=searchresults
51NO1058 - Bright 1bed flat in Poble Sec,"Sants-Montjuïc, Barcelona",https://www.booking.com/hotel/es/51no527-bright-1bed-flat-in-poble-sec.es.html?label=gen173nr-1FCAEoggI46AdIClgEaEaIAQGYAQq4ARnIAQ_YAQHoAQH4AQKIAgGoAgO4ArL50rwGwAIB0gIkOGZlNzdlZTAtYjM2Ni00NjEwLWJjZDItYjc2NTUzNTkyZGM32AIF4AIB&sid=5ad11202ea9cc1c07c5ed8caaaf11387&aid=304142&ucfs=1&arphpl=1&checkin=2026-02-01&checkout=2026-02-08&dest_id=-372490&dest_type=city&group_adults=2&req_adults=2&no_rooms=1&group_children=0&req_children=0&hpos=16&hapos=540&sr_order=popularity&srpvid=01ee4d642e4b01c6&srepoch=1737802870&all_sr_blocks=1064774402_378863016_2_0_0&highlighted_blocks=1064774402_378863016_2_0_0&matching_block_id=1064774402_378863016_2_0_0&sr_pri_blocks=1064774402_378863016_2_0_0__369186&from=searchresults
Majestic 4BR/4BATH apartment in Sagrada Familia area,"Gracia, Barcelona",https://www.booking.com/hotel/es/majestic-4br-4bath-apartment-in-sagrada-familia-area.es.html?label=gen173nr-1FCAEoggI46AdIClgEaEaIAQGYAQq4ARnIAQ_YAQHoAQH4AQKIAgGoAgO4ArL50rwGwAIB0gIkOGZlNzdlZTAtYjM2Ni00NjEwLWJjZDItYjc2NTUzNTkyZGM32AIF4AIB&sid=5ad11202ea9cc1c07c5ed8caaaf11387&aid=304142&ucfs=1&arphpl=1&checkin=2026-02-01&checkout=2026-02-08&dest_id=-372490&dest_type=city&group_adults=2&req_adults=2&no_rooms=1&group_children=0&req_children=0&hpos=17&hapos=541&sr_order=popularity&srpvid=01ee4d642e4b01c6&srepoch=1737802870&all_sr_blocks=820083101_344667598_0_0_0&highlighted_blocks=820083101_344667598_0_0_0&matching_block_id=820083101_344667598_0_0_0&sr_pri_blocks=820083101_344667598_0_0_0__789412&from=searchresults
Barcelona Centro city,"Ciutat Vella, Barcelona",https://www.booking.com/hotel/es/barcelona-centro-city.es.html?label=gen173nr-1FCAEoggI46AdIClgEaEaIAQGYAQq4ARnIAQ_YAQHoAQH4AQKIAgGoAgO4ArL50rwGwAIB0gIkOGZlNzdlZTAtYjM2Ni00NjEwLWJjZDItYjc2NTUzNTkyZGM32AIF4AIB&sid=5ad11202ea9cc1c07c5ed8caaaf11387&aid=304142&ucfs=1&arphpl=1&checkin=2026-02-01&checkout=2026-02-08&dest_id=-372490&dest_type=city&group_adults=2&req_adults=2&no_rooms=1&group_children=0&req_children=0&hpos=18&hapos=542&sr_order=popularity&srpvid=01ee4d642e4b01c6&srepoch=1737802870&all_sr_blocks=1298398001_402744777_2_0_0&highlighted_blocks=1298398001_402744777_2_0_0&matching_block_id=1298398001_402744777_2_0_0&sr_pri_blocks=1298398001_402744777_2_0_0__238875&from=searchresults
52ROC1069 - New 2BR Flat near Plaza Espana,"Eixample, Barcelona",https://www.booking.com/hotel/es/52roc619-new-2br-flat-near-plaza-espana.es.html?label=gen173nr-1FCAEoggI46AdIClgEaEaIAQGYAQq4ARnIAQ_YAQHoAQH4AQKIAgGoAgO4ArL50rwGwAIB0gIkOGZlNzdlZTAtYjM2Ni00NjEwLWJjZDItYjc2NTUzNTkyZGM32AIF4AIB&sid=5ad11202ea9cc1c07c5ed8caaaf11387&aid=304142&ucfs=1&arphpl=1&checkin=2026-02-01&checkout=2026-02-08&dest_id=-372490&dest_type=city&group_adults=2&req_adults=2&no_rooms=1&group_children=0&req_children=0&hpos=19&hapos=543&sr_order=popularity&srpvid=01ee4d642e4b01c6&srepoch=1737802870&all_sr_blocks=1159539002_388666990_2_0_0&highlighted_blocks=1159539002_388666990_2_0_0&matching_block_id=1159539002_388666990_2_0_0&sr_pri_blocks=1159539002_388666990_2_0_0__369686&from=searchresults
E4MAL1080 - Fabulous Flat next to Sagrada Familia,"Eixample, Barcelona",https://www.booking.com/hotel/es/e4mal1080-fabulous-flat-next-to-sagrada-familia.es.html?label=gen173nr-1FCAEoggI46AdIClgEaEaIAQGYAQq4ARnIAQ_YAQHoAQH4AQKIAgGoAgO4ArL50rwGwAIB0gIkOGZlNzdlZTAtYjM2Ni00NjEwLWJjZDItYjc2NTUzNTkyZGM32AIF4AIB&sid=5ad11202ea9cc1c07c5ed8caaaf11387&aid=304142&ucfs=1&arphpl=1&checkin=2026-02-01&checkout=2026-02-08&dest_id=-372490&dest_type=city&group_adults=2&req_adults=2&no_rooms=1&group_children=0&req_children=0&hpos=20&hapos=544&sr_order=popularity&srpvid=01ee4d642e4b01c6&srepoch=1737802870&all_sr_blocks=1323842503_405036695_2_0_0&highlighted_blocks=1323842503_405036695_2_0_0&matching_block_id=1323842503_405036695_2_0_0&sr_pri_blocks=1323842503_405036695_2_0_0__369186&from=searchresults
53PAR389 - Magnifico piso en el centro de Poble Sec,"Sants-Montjuïc, Barcelona",https://www.booking.com/hotel/es/53apar389-magnifico-piso-en-el-centro-de-poble-sec.es.html?label=gen173nr-1FCAEoggI46AdIClgEaEaIAQGYAQq4ARnIAQ_YAQHoAQH4AQKIAgGoAgO4ArL50rwGwAIB0gIkOGZlNzdlZTAtYjM2Ni00NjEwLWJjZDItYjc2NTUzNTkyZGM32AIF4AIB&sid=5ad11202ea9cc1c07c5ed8caaaf11387&aid=304142&ucfs=1&arphpl=1&checkin=2026-02-01&checkout=2026-02-08&dest_id=-372490&dest_type=city&group_adults=2&req_adults=2&no_rooms=1&group_children=0&req_children=0&hpos=21&hapos=545&sr_order=popularity&srpvid=01ee4d642e4b01c6&srepoch=1737802870&all_sr_blocks=990174302_380290612_2_0_0&highlighted_blocks=990174302_380290612_2_0_0&matching_block_id=990174302_380290612_2_0_0&sr_pri_blocks=990174302_380290612_2_0_0__369186&from=searchresults
43MAL1000-Nice&Bright 2BR flat next to Sagrada Familia,"Eixample, Barcelona",https://www.booking.com/hotel/es/43mal1000-nice-bright-2br-flat-next-to-sagrada-familia.es.html?label=gen173nr-1FCAEoggI46AdIClgEaEaIAQGYAQq4ARnIAQ_YAQHoAQH4AQKIAgGoAgO4ArL50rwGwAIB0gIkOGZlNzdlZTAtYjM2Ni00NjEwLWJjZDItYjc2NTUzNTkyZGM32AIF4AIB&sid=5ad11202ea9cc1c07c5ed8caaaf11387&aid=304142&ucfs=1&arphpl=1&checkin=2026-02-01&checkout=2026-02-08&dest_id=-372490&dest_type=city&group_adults=2&req_adults=2&no_rooms=1&group_children=0&req_children=0&hpos=22&hapos=546&sr_order=popularity&srpvid=01ee4d642e4b01c6&srepoch=1737802870&all_sr_blocks=1249810903_397439933_2_0_0&highlighted_blocks=1249810903_397439933_2_0_0&matching_block_id=1249810903_397439933_2_0_0&sr_pri_blocks=1249810903_397439933_2_0_0__369186&from=searchresults
Primero Primera,"Sarrià-Sant Gervasi, Barcelona",https://www.booking.com/hotel/es/primero-primera.es.html?label=gen173nr-1FCAEoggI46AdIClgEaEaIAQGYAQq4ARnIAQ_YAQHoAQH4AQKIAgGoAgO4ArL50rwGwAIB0gIkOGZlNzdlZTAtYjM2Ni00NjEwLWJjZDItYjc2NTUzNTkyZGM32AIF4AIB&sid=5ad11202ea9cc1c07c5ed8caaaf11387&aid=304142&ucfs=1&arphpl=1&checkin=2026-02-01&checkout=2026-02-08&dest_id=-372490&dest_type=city&group_adults=2&req_adults=2&no_rooms=1&group_children=0&req_children=0&hpos=23&hapos=547&sr_order=popularity&srpvid=01ee4d642e4b01c6&srepoch=1737802870&all_sr_blocks=33987403_88207522_2_2_0&highlighted_blocks=33987403_88207522_2_2_0&matching_block_id=33987403_88207522_2_2_0&sr_pri_blocks=33987403_88207522_2_2_0__710150&from=searchresults
24MAL1073-Marvellous 2BR flat near Sagrada Familia,"Eixample, Barcelona",https://www.booking.com/hotel/es/24mal1073-marvellous-2br-flat-near-sagrada-familia.es.html?label=gen173nr-1FCAEoggI46AdIClgEaEaIAQGYAQq4ARnIAQ_YAQHoAQH4AQKIAgGoAgO4ArL50rwGwAIB0gIkOGZlNzdlZTAtYjM2Ni00NjEwLWJjZDItYjc2NTUzNTkyZGM32AIF4AIB&sid=5ad11202ea9cc1c07c5ed8caaaf11387&aid=304142&ucfs=1&arphpl=1&checkin=2026-02-01&checkout=2026-02-08&dest_id=-372490&dest_type=city&group_adults=2&req_adults=2&no_rooms=1&group_children=0&req_children=0&hpos=24&hapos=548&sr_order=popularity&srpvid=01ee4d642e4b01c6&srepoch=1737802870&all_sr_blocks=1323755703_405031622_2_0_0&highlighted_blocks=1323755703_405031622_2_0_0&matching_block_id=1323755703_405031622_2_0_0&sr_pri_blocks=1323755703_405031622_2_0_0__369186&from=searchresults
31mai1043 - Sunny home terrace Sagrada Familia,"Eixample, Barcelona",https://www.booking.com/hotel/es/31mai911-cosy-flat-with-private-terrace-in-sagrada-familia.es.html?label=gen173nr-1FCAEoggI46AdIClgEaEaIAQGYAQq4ARnIAQ_YAQHoAQH4AQKIAgGoAgO4ArL50rwGwAIB0gIkOGZlNzdlZTAtYjM2Ni00NjEwLWJjZDItYjc2NTUzNTkyZGM32AIF4AIB&sid=5ad11202ea9cc1c07c5ed8caaaf11387&aid=304142&ucfs=1&arphpl=1&checkin=2026-02-01&checkout=2026-02-08&dest_id=-372490&dest_type=city&group_adults=2&req_adults=2&no_rooms=1&group_children=0&req_children=0&hpos=25&hapos=549&sr_order=popularity&srpvid=01ee4d642e4b01c6&srepoch=1737802870&all_sr_blocks=928505102_376044974_2_0_0&highlighted_blocks=928505102_376044974_2_0_0&matching_block_id=928505102_376044974_2_0_0&sr_pri_blocks=928505102_376044974_2_0_0__365864&from=searchresults
E1MAL1079- Fantastic 2BR flat in the center,"Eixample, Barcelona",https://www.booking.com/hotel/es/e1mal1079-fantastic-2br-flat-in-the-center.es.html?label=gen173nr-1FCAEoggI46AdIClgEaEaIAQGYAQq4ARnIAQ_YAQHoAQH4AQKIAgGoAgO4ArL50rwGwAIB0gIkOGZlNzdlZTAtYjM2Ni00NjEwLWJjZDItYjc2NTUzNTkyZGM32AIF4AIB&sid=5ad11202ea9cc1c07c5ed8caaaf11387&aid=304142&ucfs=1&arphpl=1&checkin=2026-02-01&checkout=2026-02-08&dest_id=-372490&dest_type=city&group_adults=2&req_adults=2&no_rooms=1&group_children=0&req_children=0&hpos=1&hapos=550&sr_order=popularity&srpvid=01ee4d642e4b01c6&srepoch=1737802872&all_sr_blocks=1323839705_405036597_2_0_0&highlighted_blocks=1323839705_405036597_2_0_0&matching_block_id=1323839705_405036597_2_0_0&sr_pri_blocks=1323839705_405036597_2_0_0__369186&from=searchresults
The MO House,"Eixample, Barcelona",https://www.booking.com/hotel/es/the-mo-house.es.html?label=gen173nr-1FCAEoggI46AdIClgEaEaIAQGYAQq4ARnIAQ_YAQHoAQH4AQKIAgGoAgO4ArL50rwGwAIB0gIkOGZlNzdlZTAtYjM2Ni00NjEwLWJjZDItYjc2NTUzNTkyZGM32AIF4AIB&sid=5ad11202ea9cc1c07c5ed8caaaf11387&aid=304142&ucfs=1&arphpl=1&checkin=2026-02-01&checkout=2026-02-08&dest_id=-372490&dest_type=city&group_adults=2&req_adults=2&no_rooms=1&group_children=0&req_children=0&hpos=2&hapos=551&sr_order=popularity&srpvid=01ee4d642e4b01c6&srepoch=1737802872&all_sr_blocks=755309507_332295956_3_0_0&highlighted_blocks=755309507_332295956_3_0_0&matching_block_id=755309507_332295956_3_0_0&sr_pri_blocks=755309507_332295956_3_0_0__277970&from=searchresults
41PAR1044 - Fantastic apartment,"Sants-Montjuïc, Barcelona",https://www.booking.com/hotel/es/41par1044-fantastic-apartment.es.html?label=gen173nr-1FCAEoggI46AdIClgEaEaIAQGYAQq4ARnIAQ_YAQHoAQH4AQKIAgGoAgO4ArL50rwGwAIB0gIkOGZlNzdlZTAtYjM2Ni00NjEwLWJjZDItYjc2NTUzNTkyZGM32AIF4AIB&sid=5ad11202ea9cc1c07c5ed8caaaf11387&aid=304142&ucfs=1&arphpl=1&checkin=2026-02-01&checkout=2026-02-08&dest_id=-372490&dest_type=city&group_adults=2&req_adults=2&no_rooms=1&group_children=0&req_children=0&hpos=3&hapos=552&sr_order=popularity&srpvid=01ee4d642e4b01c6&srepoch=1737802872&all_sr_blocks=1320674804_404765702_2_0_0&highlighted_blocks=1320674804_404765702_2_0_0&matching_block_id=1320674804_404765702_2_0_0&sr_pri_blocks=1320674804_404765702_2_0_0__1146300&from=searchresults
Uma Suites Pau Claris,"Eixample, Barcelona",https://www.booking.com/hotel/es/uma-house-pau-claris.es.html?label=gen173nr-1FCAEoggI46AdIClgEaEaIAQGYAQq4ARnIAQ_YAQHoAQH4AQKIAgGoAgO4ArL50rwGwAIB0gIkOGZlNzdlZTAtYjM2Ni00NjEwLWJjZDItYjc2NTUzNTkyZGM32AIF4AIB&sid=5ad11202ea9cc1c07c5ed8caaaf11387&aid=304142&ucfs=1&arphpl=1&checkin=2026-02-01&checkout=2026-02-08&dest_id=-372490&dest_type=city&group_adults=2&req_adults=2&no_rooms=1&group_children=0&req_children=0&hpos=4&hapos=553&sr_order=popularity&srpvid=01ee4d642e4b01c6&srepoch=1737802872&all_sr_blocks=718374601_304876631_2_0_0&highlighted_blocks=718374601_304876631_2_0_0&matching_block_id=718374601_304876631_2_0_0&sr_pri_blocks=718374601_304876631_2_0_0__392700&from=searchresults
Relax on the sea,Barcelona,https://www.booking.com/hotel/es/sailing-on-the-sea.es.html?label=gen173nr-1FCAEoggI46AdIClgEaEaIAQGYAQq4ARnIAQ_YAQHoAQH4AQKIAgGoAgO4ArL50rwGwAIB0gIkOGZlNzdlZTAtYjM2Ni00NjEwLWJjZDItYjc2NTUzNTkyZGM32AIF4AIB&sid=5ad11202ea9cc1c07c5ed8caaaf11387&aid=304142&ucfs=1&arphpl=1&checkin=2026-02-01&checkout=2026-02-08&dest_id=-372490&dest_type=city&group_adults=2&req_adults=2&no_rooms=1&group_children=0&req_children=0&hpos=5&hapos=554&sr_order=popularity&srpvid=01ee4d642e4b01c6&srepoch=1737802872&all_sr_blocks=1269012201_399628699_2_0_0&highlighted_blocks=1269012201_399628699_2_0_0&matching_block_id=1269012201_399628699_2_0_0&sr_pri_blocks=1269012201_399628699_2_0_0__88690&from=searchresults
Yate en Port Fórum,Barcelona,https://www.booking.com/hotel/es/yate-en-port-forum.es.html?label=gen173nr-1FCAEoggI46AdIClgEaEaIAQGYAQq4ARnIAQ_YAQHoAQH4AQKIAgGoAgO4ArL50rwGwAIB0gIkOGZlNzdlZTAtYjM2Ni00NjEwLWJjZDItYjc2NTUzNTkyZGM32AIF4AIB&sid=5ad11202ea9cc1c07c5ed8caaaf11387&aid=304142&ucfs=1&arphpl=1&checkin=2026-02-01&checkout=2026-02-08&dest_id=-372490&dest_type=city&group_adults=2&req_adults=2&no_rooms=1&group_children=0&req_children=0&hpos=6&hapos=555&sr_order=popularity&srpvid=01ee4d642e4b01c6&srepoch=1737802872&all_sr_blocks=1273185301_400118713_2_0_0&highlighted_blocks=1273185301_400118713_2_0_0&matching_block_id=1273185301_400118713_2_0_0&sr_pri_blocks=1273185301_400118713_2_0_0__196770&from=searchresults
33MAL1082- Big 2BR apartment near Sagrada Familia,"Eixample, Barcelona",https://www.booking.com/hotel/es/33mal1082-big-2br-apartment-near-sagrada-familia.es.html?label=gen173nr-1FCAEoggI46AdIClgEaEaIAQGYAQq4ARnIAQ_YAQHoAQH4AQKIAgGoAgO4ArL50rwGwAIB0gIkOGZlNzdlZTAtYjM2Ni00NjEwLWJjZDItYjc2NTUzNTkyZGM32AIF4AIB&sid=5ad11202ea9cc1c07c5ed8caaaf11387&aid=304142&ucfs=1&arphpl=1&checkin=2026-02-01&checkout=2026-02-08&dest_id=-372490&dest_type=city&group_adults=2&req_adults=2&no_rooms=1&group_children=0&req_children=0&hpos=7&hapos=556&sr_order=popularity&srpvid=01ee4d642e4b01c6&srepoch=1737802872&all_sr_blocks=1323865903_405038309_2_0_0&highlighted_blocks=1323865903_405038309_2_0_0&matching_block_id=1323865903_405038309_2_0_0&sr_pri_blocks=1323865903_405038309_2_0_0__372186&from=searchresults
73cop1034 - Spacious apartment with terrace,"Sarrià-Sant Gervasi, Barcelona",https://www.booking.com/hotel/es/73cop54-spacious-apartment-with-terrace.es.html?label=gen173nr-1FCAEoggI46AdIClgEaEaIAQGYAQq4ARnIAQ_YAQHoAQH4AQKIAgGoAgO4ArL50rwGwAIB0gIkOGZlNzdlZTAtYjM2Ni00NjEwLWJjZDItYjc2NTUzNTkyZGM32AIF4AIB&sid=5ad11202ea9cc1c07c5ed8caaaf11387&aid=304142&ucfs=1&arphpl=1&checkin=2026-02-01&checkout=2026-02-08&dest_id=-372490&dest_type=city&group_adults=2&req_adults=2&no_rooms=1&group_children=0&req_children=0&hpos=8&hapos=557&sr_order=popularity&srpvid=01ee4d642e4b01c6&srepoch=1737802872&all_sr_blocks=928517702_376044973_2_0_0&highlighted_blocks=928517702_376044973_2_0_0&matching_block_id=928517702_376044973_2_0_0&sr_pri_blocks=928517702_376044973_2_0_0__774450&from=searchresults
Unique Rentals - Placa Catalunya Central Apartments,"Eixample, Barcelona",https://www.booking.com/hotel/es/unique-rentals-placa-catalunya-luxury-apartments.es.html?label=gen173nr-1FCAEoggI46AdIClgEaEaIAQGYAQq4ARnIAQ_YAQHoAQH4AQKIAgGoAgO4ArL50rwGwAIB0gIkOGZlNzdlZTAtYjM2Ni00NjEwLWJjZDItYjc2NTUzNTkyZGM32AIF4AIB&sid=5ad11202ea9cc1c07c5ed8caaaf11387&aid=304142&ucfs=1&arphpl=1&checkin=2026-02-01&checkout=2026-02-08&dest_id=-372490&dest_type=city&group_adults=2&req_adults=2&no_rooms=1&group_children=0&req_children=0&hpos=9&hapos=558&sr_order=popularity&srpvid=01ee4d642e4b01c6&srepoch=1737802872&all_sr_blocks=235879102_326841255_4_0_0&highlighted_blocks=235879102_326841255_4_0_0&matching_block_id=235879102_326841255_4_0_0&sr_pri_blocks=235879102_326841255_4_0_0__283620&from=searchresults
Unique Rentals-Seafront Luxe Suites,"Sant Martí, Barcelona",https://www.booking.com/hotel/es/unique-rentals-seafront-lux-suite.es.html?label=gen173nr-1FCAEoggI46AdIClgEaEaIAQGYAQq4ARnIAQ_YAQHoAQH4AQKIAgGoAgO4ArL50rwGwAIB0gIkOGZlNzdlZTAtYjM2Ni00NjEwLWJjZDItYjc2NTUzNTkyZGM32AIF4AIB&sid=5ad11202ea9cc1c07c5ed8caaaf11387&aid=304142&ucfs=1&arphpl=1&checkin=2026-02-01&checkout=2026-02-08&dest_id=-372490&dest_type=city&group_adults=2&req_adults=2&no_rooms=1&group_children=0&req_children=0&hpos=10&hapos=559&sr_order=popularity&srpvid=01ee4d642e4b01c6&srepoch=1737802872&all_sr_blocks=265270001_326844137_4_0_0&highlighted_blocks=265270001_326844137_4_0_0&matching_block_id=265270001_326844137_4_0_0&sr_pri_blocks=265270001_326844137_4_0_0__216353&from=searchresults
22DIA1087- New 2BR flat in the center!,"Eixample, Barcelona",https://www.booking.com/hotel/es/22dia1087-new-2br-flat-in-the-center.es.html?label=gen173nr-1FCAEoggI46AdIClgEaEaIAQGYAQq4ARnIAQ_YAQHoAQH4AQKIAgGoAgO4ArL50rwGwAIB0gIkOGZlNzdlZTAtYjM2Ni00NjEwLWJjZDItYjc2NTUzNTkyZGM32AIF4AIB&sid=5ad11202ea9cc1c07c5ed8caaaf11387&aid=304142&ucfs=1&arphpl=1&checkin=2026-02-01&checkout=2026-02-08&dest_id=-372490&dest_type=city&group_adults=2&req_adults=2&no_rooms=1&group_children=0&req_children=0&hpos=11&hapos=560&sr_order=popularity&srpvid=01ee4d642e4b01c6&srepoch=1737802872&all_sr_blocks=1226543602_394703161_2_0_0&highlighted_blocks=1226543602_394703161_2_0_0&matching_block_id=1226543602_394703161_2_0_0&sr_pri_blocks=1226543602_394703161_2_0_0__509131&from=searchresults
34MAL635- New&Bright 2br Apt near Sagrada Familia,"Eixample, Barcelona",https://www.booking.com/hotel/es/34mal635-new-bright-2br-apt-near-sagrada-familia.es.html?label=gen173nr-1FCAEoggI46AdIClgEaEaIAQGYAQq4ARnIAQ_YAQHoAQH4AQKIAgGoAgO4ArL50rwGwAIB0gIkOGZlNzdlZTAtYjM2Ni00NjEwLWJjZDItYjc2NTUzNTkyZGM32AIF4AIB&sid=5ad11202ea9cc1c07c5ed8caaaf11387&aid=304142&ucfs=1&arphpl=1&checkin=2026-02-01&checkout=2026-02-08&dest_id=-372490&dest_type=city&group_adults=2&req_adults=2&no_rooms=1&group_children=0&req_children=0&hpos=12&hapos=561&sr_order=popularity&srpvid=01ee4d642e4b01c6&srepoch=1737802872&all_sr_blocks=1178340703_390339039_2_0_0&highlighted_blocks=1178340703_390339039_2_0_0&matching_block_id=1178340703_390339039_2_0_0&sr_pri_blocks=1178340703_390339039_2_0_0__369186&from=searchresults
Apartamentos Amoblados Barcelona España,"Eixample, Barcelona",https://www.booking.com/hotel/es/apartamentos-amoblados-barcelona-espana.es.html?label=gen173nr-1FCAEoggI46AdIClgEaEaIAQGYAQq4ARnIAQ_YAQHoAQH4AQKIAgGoAgO4ArL50rwGwAIB0gIkOGZlNzdlZTAtYjM2Ni00NjEwLWJjZDItYjc2NTUzNTkyZGM32AIF4AIB&sid=5ad11202ea9cc1c07c5ed8caaaf11387&aid=304142&ucfs=1&arphpl=1&checkin=2026-02-01&checkout=2026-02-08&dest_id=-372490&dest_type=city&group_adults=2&req_adults=2&no_rooms=1&group_children=0&req_children=0&hpos=13&hapos=562&sr_order=popularity&srpvid=01ee4d642e4b01c6&srepoch=1737802872&all_sr_blocks=1261918801_398810510_2_0_0&highlighted_blocks=1261918801_398810510_2_0_0&matching_block_id=1261918801_398810510_2_0_0&sr_pri_blocks=1261918801_398810510_2_0_0__331114&from=searchresults
Be Mate Paseo de Gracia,"Gracia, Barcelona",https://www.booking.com/hotel/es/be-mate-bcn-pg-115.es.html?label=gen173nr-1FCAEoggI46AdIClgEaEaIAQGYAQq4ARnIAQ_YAQHoAQH4AQKIAgGoAgO4ArL50rwGwAIB0gIkOGZlNzdlZTAtYjM2Ni00NjEwLWJjZDItYjc2NTUzNTkyZGM32AIF4AIB&sid=5ad11202ea9cc1c07c5ed8caaaf11387&aid=304142&ucfs=1&arphpl=1&checkin=2026-02-01&checkout=2026-02-08&dest_id=-372490&dest_type=city&group_adults=2&req_adults=2&no_rooms=1&group_children=0&req_children=0&hpos=14&hapos=563&sr_order=popularity&srpvid=01ee4d642e4b01c6&srepoch=1737802872&all_sr_blocks=297780501_110184487_2_0_0&highlighted_blocks=297780501_110184487_2_0_0&matching_block_id=297780501_110184487_2_0_0&sr_pri_blocks=297780501_110184487_2_0_0__715232&from=searchresults
Itaca Hostel,"Ciutat Vella, Barcelona",https://www.booking.com/hotel/es/itaca-hostel.es.html?label=gen173nr-1FCAEoggI46AdIClgEaEaIAQGYAQq4ARnIAQ_YAQHoAQH4AQKIAgGoAgO4ArL50rwGwAIB0gIkOGZlNzdlZTAtYjM2Ni00NjEwLWJjZDItYjc2NTUzNTkyZGM32AIF4AIB&sid=5ad11202ea9cc1c07c5ed8caaaf11387&aid=304142&ucfs=1&arphpl=1&checkin=2026-02-01&checkout=2026-02-08&dest_id=-372490&dest_type=city&group_adults=2&req_adults=2&no_rooms=1&group_children=0&req_children=0&hpos=15&hapos=564&sr_order=popularity&srpvid=01ee4d642e4b01c6&srepoch=1737802872&all_sr_blocks=33617004_88750904_3_0_0&highlighted_blocks=33617004_88750904_3_0_0&matching_block_id=33617004_88750904_3_0_0&sr_pri_blocks=33617004_88750904_3_0_0__777973&from=searchresults
22PAR1006 Newly refurbished 2bed apartment in Paral,"Sants-Montjuïc, Barcelona",https://www.booking.com/hotel/es/22par474-newly-refurbished-2bed-apartment-in-paral.es.html?label=gen173nr-1FCAEoggI46AdIClgEaEaIAQGYAQq4ARnIAQ_YAQHoAQH4AQKIAgGoAgO4ArL50rwGwAIB0gIkOGZlNzdlZTAtYjM2Ni00NjEwLWJjZDItYjc2NTUzNTkyZGM32AIF4AIB&sid=5ad11202ea9cc1c07c5ed8caaaf11387&aid=304142&ucfs=1&arphpl=1&checkin=2026-02-01&checkout=2026-02-08&dest_id=-372490&dest_type=city&group_adults=2&req_adults=2&no_rooms=1&group_children=0&req_children=0&hpos=16&hapos=565&sr_order=popularity&srpvid=01ee4d642e4b01c6&srepoch=1737802872&all_sr_blocks=969733402_379501506_2_0_0&highlighted_blocks=969733402_379501506_2_0_0&matching_block_id=969733402_379501506_2_0_0&sr_pri_blocks=969733402_379501506_2_0_0__369686&from=searchresults
Placa Cataluna,"Ciutat Vella, Barcelona",https://www.booking.com/hotel/es/placa-cataluna-barcelona1.es.html?label=gen173nr-1FCAEoggI46AdIClgEaEaIAQGYAQq4ARnIAQ_YAQHoAQH4AQKIAgGoAgO4ArL50rwGwAIB0gIkOGZlNzdlZTAtYjM2Ni00NjEwLWJjZDItYjc2NTUzNTkyZGM32AIF4AIB&sid=5ad11202ea9cc1c07c5ed8caaaf11387&aid=304142&ucfs=1&arphpl=1&checkin=2026-02-01&checkout=2026-02-08&dest_id=-372490&dest_type=city&group_adults=2&req_adults=2&no_rooms=1&group_children=0&req_children=0&hpos=17&hapos=566&sr_order=popularity&srpvid=01ee4d642e4b01c6&srepoch=1737802872&all_sr_blocks=1298418101_402995958_2_0_0&highlighted_blocks=1298418101_402995958_2_0_0&matching_block_id=1298418101_402995958_2_0_0&sr_pri_blocks=1298418101_402995958_2_0_0__255500&from=searchresults
51flo1024 -Well located apartment in Sant Antoni,"Eixample, Barcelona",https://www.booking.com/hotel/es/51flo4-well-located-apartment-in-sant-antoni.es.html?label=gen173nr-1FCAEoggI46AdIClgEaEaIAQGYAQq4ARnIAQ_YAQHoAQH4AQKIAgGoAgO4ArL50rwGwAIB0gIkOGZlNzdlZTAtYjM2Ni00NjEwLWJjZDItYjc2NTUzNTkyZGM32AIF4AIB&sid=5ad11202ea9cc1c07c5ed8caaaf11387&aid=304142&ucfs=1&arphpl=1&checkin=2026-02-01&checkout=2026-02-08&dest_id=-372490&dest_type=city&group_adults=2&req_adults=2&no_rooms=1&group_children=0&req_children=0&hpos=18&hapos=567&sr_order=popularity&srpvid=01ee4d642e4b01c6&srepoch=1737802872&all_sr_blocks=877039602_376044987_2_0_0&highlighted_blocks=877039602_376044987_2_0_0&matching_block_id=877039602_376044987_2_0_0&sr_pri_blocks=877039602_376044987_2_0_0__778947&from=searchresults
21CRM1068 - Fantastic & tipical Catalonian 2BR flat,"Sants-Montjuïc, Barcelona",https://www.booking.com/hotel/es/32crm616-fantastic-tipical-catalonian-2br-flat.es.html?label=gen173nr-1FCAEoggI46AdIClgEaEaIAQGYAQq4ARnIAQ_YAQHoAQH4AQKIAgGoAgO4ArL50rwGwAIB0gIkOGZlNzdlZTAtYjM2Ni00NjEwLWJjZDItYjc2NTUzNTkyZGM32AIF4AIB&sid=5ad11202ea9cc1c07c5ed8caaaf11387&aid=304142&ucfs=1&arphpl=1&checkin=2026-02-01&checkout=2026-02-08&dest_id=-372490&dest_type=city&group_adults=2&req_adults=2&no_rooms=1&group_children=0&req_children=0&hpos=19&hapos=568&sr_order=popularity&srpvid=01ee4d642e4b01c6&srepoch=1737802872&all_sr_blocks=1157529102_388506663_2_0_0&highlighted_blocks=1157529102_388506663_2_0_0&matching_block_id=1157529102_388506663_2_0_0&sr_pri_blocks=1157529102_388506663_2_0_0__301463&from=searchresults
44poc1062 - Studio newly decorated in Poble Sec,"Sants-Montjuïc, Barcelona",https://www.booking.com/hotel/es/44poc578-studio-newly-decorated-in-poble-sec.es.html?label=gen173nr-1FCAEoggI46AdIClgEaEaIAQGYAQq4ARnIAQ_YAQHoAQH4AQKIAgGoAgO4ArL50rwGwAIB0gIkOGZlNzdlZTAtYjM2Ni00NjEwLWJjZDItYjc2NTUzNTkyZGM32AIF4AIB&sid=5ad11202ea9cc1c07c5ed8caaaf11387&aid=304142&ucfs=1&arphpl=1&checkin=2026-02-01&checkout=2026-02-08&dest_id=-372490&dest_type=city&group_adults=2&req_adults=2&no_rooms=1&group_children=0&req_children=0&hpos=20&hapos=569&sr_order=popularity&srpvid=01ee4d642e4b01c6&srepoch=1737802872&all_sr_blocks=1127245502_385367374_2_0_0&highlighted_blocks=1127245502_385367374_2_0_0&matching_block_id=1127245502_385367374_2_0_0&sr_pri_blocks=1127245502_385367374_2_0_0__369686&from=searchresults
Spacious apartment in Barcelona with outdoor terrace,"Eixample, Barcelona",https://www.booking.com/hotel/es/apartment-passeig-de-gracia.es.html?label=gen173nr-1FCAEoggI46AdIClgEaEaIAQGYAQq4ARnIAQ_YAQHoAQH4AQKIAgGoAgO4ArL50rwGwAIB0gIkOGZlNzdlZTAtYjM2Ni00NjEwLWJjZDItYjc2NTUzNTkyZGM32AIF4AIB&sid=5ad11202ea9cc1c07c5ed8caaaf11387&aid=304142&ucfs=1&arphpl=1&checkin=2026-02-01&checkout=2026-02-08&dest_id=-372490&dest_type=city&group_adults=2&req_adults=2&no_rooms=1&group_children=0&req_children=0&hpos=21&hapos=570&sr_order=popularity&srpvid=01ee4d642e4b01c6&srepoch=1737802872&all_sr_blocks=592625902_340079198_6_0_0&highlighted_blocks=592625902_340079198_6_0_0&matching_block_id=592625902_340079198_6_0_0&sr_pri_blocks=592625902_340079198_6_0_0__865620&from=searchresults
42ara1026 - Spacious apartment in Eixample,"Eixample, Barcelona",https://www.booking.com/hotel/es/42ara156-spacious-apartment-in-eixample.es.html?label=gen173nr-1FCAEoggI46AdIClgEaEaIAQGYAQq4ARnIAQ_YAQHoAQH4AQKIAgGoAgO4ArL50rwGwAIB0gIkOGZlNzdlZTAtYjM2Ni00NjEwLWJjZDItYjc2NTUzNTkyZGM32AIF4AIB&sid=5ad11202ea9cc1c07c5ed8caaaf11387&aid=304142&ucfs=1&arphpl=1&checkin=2026-02-01&checkout=2026-02-08&dest_id=-372490&dest_type=city&group_adults=2&req_adults=2&no_rooms=1&group_children=0&req_children=0&hpos=22&hapos=571&sr_order=popularity&srpvid=01ee4d642e4b01c6&srepoch=1737802872&all_sr_blocks=877040402_376044983_2_0_0&highlighted_blocks=877040402_376044983_2_0_0&matching_block_id=877040402_376044983_2_0_0&sr_pri_blocks=877040402_376044983_2_0_0__584025&from=searchresults
2sic1033 - Bright flat near Sagrada Familia,"Eixample, Barcelona",https://www.booking.com/hotel/es/2sic408-bright-flat-near-sagrada-familia.es.html?label=gen173nr-1FCAEoggI46AdIClgEaEaIAQGYAQq4ARnIAQ_YAQHoAQH4AQKIAgGoAgO4ArL50rwGwAIB0gIkOGZlNzdlZTAtYjM2Ni00NjEwLWJjZDItYjc2NTUzNTkyZGM32AIF4AIB&sid=5ad11202ea9cc1c07c5ed8caaaf11387&aid=304142&ucfs=1&arphpl=1&checkin=2026-02-01&checkout=2026-02-08&dest_id=-372490&dest_type=city&group_adults=2&req_adults=2&no_rooms=1&group_children=0&req_children=0&hpos=23&hapos=572&sr_order=popularity&srpvid=01ee4d642e4b01c6&srepoch=1737802872&all_sr_blocks=926020002_364396809_2_0_0&highlighted_blocks=926020002_364396809_2_0_0&matching_block_id=926020002_364396809_2_0_0&sr_pri_blocks=926020002_364396809_2_0_0__774450&from=searchresults
P2amp1057 - Magnific 3BR apartment in the ghotic,"Ciutat Vella, Barcelona",https://www.booking.com/hotel/es/p2amp1057-magnific-3br-apartment-in-the-ghotic.es.html?label=gen173nr-1FCAEoggI46AdIClgEaEaIAQGYAQq4ARnIAQ_YAQHoAQH4AQKIAgGoAgO4ArL50rwGwAIB0gIkOGZlNzdlZTAtYjM2Ni00NjEwLWJjZDItYjc2NTUzNTkyZGM32AIF4AIB&sid=5ad11202ea9cc1c07c5ed8caaaf11387&aid=304142&ucfs=1&arphpl=1&checkin=2026-02-01&checkout=2026-02-08&dest_id=-372490&dest_type=city&group_adults=2&req_adults=2&no_rooms=1&group_children=0&req_children=0&hpos=24&hapos=573&sr_order=popularity&srpvid=01ee4d642e4b01c6&srepoch=1737802872&all_sr_blocks=1239500802_395885229_2_0_0&highlighted_blocks=1239500802_395885229_2_0_0&matching_block_id=1239500802_395885229_2_0_0&sr_pri_blocks=1239500802_395885229_2_0_0__781947&from=searchresults
A1mar1023 Breathtaking rooftop in Sagrada Familia,"Eixample, Barcelona",https://www.booking.com/hotel/es/a1mar211-breathtaking-rooftop-in-sagrada-familia.es.html?label=gen173nr-1FCAEoggI46AdIClgEaEaIAQGYAQq4ARnIAQ_YAQHoAQH4AQKIAgGoAgO4ArL50rwGwAIB0gIkOGZlNzdlZTAtYjM2Ni00NjEwLWJjZDItYjc2NTUzNTkyZGM32AIF4AIB&sid=5ad11202ea9cc1c07c5ed8caaaf11387&aid=304142&ucfs=1&arphpl=1&checkin=2026-02-01&checkout=2026-02-08&dest_id=-372490&dest_type=city&group_adults=2&req_adults=2&no_rooms=1&group_children=0&req_children=0&hpos=25&hapos=574&sr_order=popularity&srpvid=01ee4d642e4b01c6&srepoch=1737802872&all_sr_blocks=907826502_376044975_2_0_0&highlighted_blocks=907826502_376044975_2_0_0&matching_block_id=907826502_376044975_2_0_0&sr_pri_blocks=907826502_376044975_2_0_0__1156797&from=searchresults
Ilunion Almirante,"Ciutat Vella, Barcelona",https://www.booking.com/hotel/es/almirante.es.html?label=gen173nr-1FCAEoggI46AdIClgEaEaIAQGYAQq4ARnIAQ_YAQHoAQH4AQKIAgGoAgO4ArL50rwGwAIB0gIkOGZlNzdlZTAtYjM2Ni00NjEwLWJjZDItYjc2NTUzNTkyZGM32AIF4AIB&sid=5ad11202ea9cc1c07c5ed8caaaf11387&aid=304142&ucfs=1&arphpl=1&checkin=2026-02-01&checkout=2026-02-08&dest_id=-372490&dest_type=city&group_adults=2&req_adults=2&no_rooms=1&group_children=0&req_children=0&hpos=1&hapos=575&sr_order=popularity&srpvid=01ee4d642e4b01c6&srepoch=1737802875&all_sr_blocks=9005013_391348289_0_1_0_311289%2C9005013_391348289_0_1_0_311289&highlighted_blocks=9005013_391348289_0_1_0_311289%2C9005013_391348289_0_1_0_311289&matching_block_id=9005013_391348289_0_1_0_311289&sr_pri_blocks=9005013_391348289_0_1_0_311289_5263314%2C9005013_391348289_0_1_0_311289_5263314&from=searchresults
pilar 4,"Ciutat Vella, Barcelona",https://www.booking.com/hotel/es/pilar-4.es.html?label=gen173nr-1FCAEoggI46AdIClgEaEaIAQGYAQq4ARnIAQ_YAQHoAQH4AQKIAgGoAgO4ArL50rwGwAIB0gIkOGZlNzdlZTAtYjM2Ni00NjEwLWJjZDItYjc2NTUzNTkyZGM32AIF4AIB&sid=5ad11202ea9cc1c07c5ed8caaaf11387&aid=304142&ucfs=1&arphpl=1&checkin=2026-02-01&checkout=2026-02-08&dest_id=-372490&dest_type=city&group_adults=2&req_adults=2&no_rooms=1&group_children=0&req_children=0&hpos=2&hapos=576&sr_order=popularity&srpvid=01ee4d642e4b01c6&srepoch=1737802875&all_sr_blocks=1286938001_401648455_1_0_0%2C1286938001_401648455_1_0_0&highlighted_blocks=1286938001_401648455_1_0_0%2C1286938001_401648455_1_0_0&matching_block_id=1286938001_401648455_1_0_0&sr_pri_blocks=1286938001_401648455_1_0_0__93100%2C1286938001_401648455_1_0_0__93100&from=searchresults
Sant Jordi Hostels Gracia,"Gracia, Barcelona",https://www.booking.com/hotel/es/sant-jordi-gracia.es.html?label=gen173nr-1FCAEoggI46AdIClgEaEaIAQGYAQq4ARnIAQ_YAQHoAQH4AQKIAgGoAgO4ArL50rwGwAIB0gIkOGZlNzdlZTAtYjM2Ni00NjEwLWJjZDItYjc2NTUzNTkyZGM32AIF4AIB&sid=5ad11202ea9cc1c07c5ed8caaaf11387&aid=304142&ucfs=1&arphpl=1&checkin=2026-02-01&checkout=2026-02-08&dest_id=-372490&dest_type=city&group_adults=2&req_adults=2&no_rooms=1&group_children=0&req_children=0&hpos=3&hapos=577&sr_order=popularity&srpvid=01ee4d642e4b01c6&srepoch=1737802875&all_sr_blocks=42723502_107202802_0_2_0_322369%2C42723502_107202802_0_2_0_322369&highlighted_blocks=42723502_107202802_0_2_0_322369%2C42723502_107202802_0_2_0_322369&matching_block_id=42723502_107202802_0_2_0_322369&sr_pri_blocks=42723502_107202802_0_2_0_322369_47880%2C42723502_107202802_0_2_0_322369_47880&from_sustainable_property_sr=1&from=searchresults
Arc House Barcelona,"Sant Martí, Barcelona",https://www.booking.com/hotel/es/arc-house.es.html?label=gen173nr-1FCAEoggI46AdIClgEaEaIAQGYAQq4ARnIAQ_YAQHoAQH4AQKIAgGoAgO4ArL50rwGwAIB0gIkOGZlNzdlZTAtYjM2Ni00NjEwLWJjZDItYjc2NTUzNTkyZGM32AIF4AIB&sid=5ad11202ea9cc1c07c5ed8caaaf11387&aid=304142&ucfs=1&arphpl=1&checkin=2026-02-01&checkout=2026-02-08&dest_id=-372490&dest_type=city&group_adults=2&req_adults=2&no_rooms=1&group_children=0&req_children=0&hpos=4&hapos=578&sr_order=popularity&srpvid=01ee4d642e4b01c6&srepoch=1737802875&all_sr_blocks=126787805_389706125_1_0_0%2C126787809_389706125_0_0_0&highlighted_blocks=126787805_389706125_1_0_0%2C126787809_389706125_0_0_0&matching_block_id=126787805_389706125_1_0_0&sr_pri_blocks=126787805_389706125_1_0_0__696850%2C126787809_389706125_0_0_0__696850&from=searchresults
