hotel_name,neighborhood,url
The First One Madrid Preciados,"Centro de Madrid, Madrid",https://www.booking.com/hotel/es/the-first-one.es.html?label=gen173nr-1FCAEoggI46AdIClgEaEaIAQGYAQq4ARnIAQ_YAQHoAQH4AQKIAgGoAgO4ArL50rwGwAIB0gIkOGZlNzdlZTAtYjM2Ni00NjEwLWJjZDItYjc2NTUzNTkyZGM32AIF4AIB&sid=5ad11202ea9cc1c07c5ed8caaaf11387&aid=304142&ucfs=1&arphpl=1&checkin=2025-03-01&checkout=2025-03-08&dest_id=-390625&dest_type=city&group_adults=2&req_adults=2&no_rooms=1&group_children=0&req_children=0&hpos=1&hapos=1&sr_order=popularity&srpvid=a6ce4e38ac41034b&srepoch=1737803356&all_sr_blocks=476874403_150072239_2_1_0&highlighted_blocks=476874403_150072239_2_1_0&matching_block_id=476874403_150072239_2_1_0&sr_pri_blocks=476874403_150072239_2_1_0__127305&from=searchresults
Rio Plaza en Madrid,"Usera, Madrid",https://www.booking.com/hotel/es/mit-house-rio-plaza-en-madrid.es.html?label=gen173nr-1FCAEoggI46AdIClgEaEaIAQGYAQq4ARnIAQ_YAQHoAQH4AQKIAgGoAgO4ArL50rwGwAIB0gIkOGZlNzdlZTAtYjM2Ni00NjEwLWJjZDItYjc2NTUzNTkyZGM32AIF4AIB&sid=5ad11202ea9cc1c07c5ed8caaaf11387&aid=304142&ucfs=1&arphpl=1&checkin=2025-03-01&checkout=2025-03-08&dest_id=-390625&dest_type=city&group_adults=2&req_adults=2&no_rooms=1&group_children=0&req_children=0&hpos=3&hapos=3&sr_order=popularity&srpvid=a6ce4e38ac41034b&srepoch=1737803356&all_sr_blocks=727740007_311064434_4_0_0&highlighted_blocks=727740007_311064434_4_0_0&matching_block_id=727740007_311064434_4_0_0&sr_pri_blocks=727740007_311064434_4_0_0__87078&from=searchresults
EG14 piso 2 dormitorios WIFI Fibra AC,"Chamberí, Madrid",https://www.booking.com/hotel/es/eg14-piso-2-dormitorios-wifi-fibra-ac.es.html?label=gen173nr-1FCAEoggI46AdIClgEaEaIAQGYAQq4ARnIAQ_YAQHoAQH4AQKIAgGoAgO4ArL50rwGwAIB0gIkOGZlNzdlZTAtYjM2Ni00NjEwLWJjZDItYjc2NTUzNTkyZGM32AIF4AIB&sid=5ad11202ea9cc1c07c5ed8caaaf11387&aid=304142&ucfs=1&arphpl=1&checkin=2025-03-01&checkout=2025-03-08&dest_id=-390625&dest_type=city&group_adults=2&req_adults=2&no_rooms=1&group_children=0&req_children=0&hpos=4&hapos=4&sr_order=popularity&srpvid=a6ce4e38ac41034b&srepoch=1737803356&all_sr_blocks=1304548101_404281018_0_0_0&highlighted_blocks=1304548101_404281018_0_0_0&matching_block_id=1304548101_404281018_0_0_0&sr_pri_blocks=1304548101_404281018_0_0_0__63500&from=searchresults
BG5 Estudio Arguelles Moncloa,"Chamberí, Madrid",https://www.booking.com/hotel/es/bg5-estudio-arguelles-moncloa.es.html?label=gen173nr-1FCAEoggI46AdIClgEaEaIAQGYAQq4ARnIAQ_YAQHoAQH4AQKIAgGoAgO4ArL50rwGwAIB0gIkOGZlNzdlZTAtYjM2Ni00NjEwLWJjZDItYjc2NTUzNTkyZGM32AIF4AIB&sid=5ad11202ea9cc1c07c5ed8caaaf11387&aid=304142&ucfs=1&arphpl=1&checkin=2025-03-01&checkout=2025-03-08&dest_id=-390625&dest_type=city&group_adults=2&req_adults=2&no_rooms=1&group_children=0&req_children=0&hpos=5&hapos=5&sr_order=popularity&srpvid=a6ce4e38ac41034b&srepoch=1737803356&all_sr_blocks=1221859301_404281025_3_0_0&highlighted_blocks=1221859301_404281025_3_0_0&matching_block_id=1221859301_404281025_3_0_0&sr_pri_blocks=1221859301_404281025_3_0_0__50000&from=searchresults
Apartamentos EconoStay Plaza de España,"Centro de Madrid, Madrid",https://www.booking.com/hotel/es/apartamentos-econostay-plaza-de-espana.es.html?label=gen173nr-1FCAEoggI46AdIClgEaEaIAQGYAQq4ARnIAQ_YAQHoAQH4AQKIAgGoAgO4ArL50rwGwAIB0gIkOGZlNzdlZTAtYjM2Ni00NjEwLWJjZDItYjc2NTUzNTkyZGM32AIF4AIB&sid=5ad11202ea9cc1c07c5ed8caaaf11387&aid=304142&ucfs=1&arphpl=1&checkin=2025-03-01&checkout=2025-03-08&dest_id=-390625&dest_type=city&group_adults=2&req_adults=2&no_rooms=1&group_children=0&req_children=0&hpos=6&hapos=6&sr_order=popularity&srpvid=a6ce4e38ac41034b&srepoch=1737803356&all_sr_blocks=1140143803_386876338_0_0_0&highlighted_blocks=1140143803_386876338_0_0_0&matching_block_id=1140143803_386876338_0_0_0&sr_pri_blocks=1140143803_386876338_0_0_0__55738&from=searchresults
Live it Madrid Gran Vía,"Centro de Madrid, Madrid",https://www.booking.com/hotel/es/live-it-gran-via-adults-only.es.html?label=gen173nr-1FCAEoggI46AdIClgEaEaIAQGYAQq4ARnIAQ_YAQHoAQH4AQKIAgGoAgO4ArL50rwGwAIB0gIkOGZlNzdlZTAtYjM2Ni00NjEwLWJjZDItYjc2NTUzNTkyZGM32AIF4AIB&sid=5ad11202ea9cc1c07c5ed8caaaf11387&aid=304142&ucfs=1&arphpl=1&checkin=2025-03-01&checkout=2025-03-08&dest_id=-390625&dest_type=city&group_adults=2&req_adults=2&no_rooms=1&group_children=0&req_children=0&hpos=7&hapos=7&sr_order=popularity&srpvid=a6ce4e38ac41034b&srepoch=1737803356&all_sr_blocks=1016300103_374117108_2_0_0&highlighted_blocks=1016300103_374117108_2_0_0&matching_block_id=1016300103_374117108_2_0_0&sr_pri_blocks=1016300103_374117108_2_0_0__41183&from=searchresults
Modern apartment-1Bedroom 1Bathroom-Tetuán,"Tetuán, Madrid",https://www.booking.com/hotel/es/modern-apartment-1bedroom-1bathroom-tetuan-madrid.es.html?label=gen173nr-1FCAEoggI46AdIClgEaEaIAQGYAQq4ARnIAQ_YAQHoAQH4AQKIAgGoAgO4ArL50rwGwAIB0gIkOGZlNzdlZTAtYjM2Ni00NjEwLWJjZDItYjc2NTUzNTkyZGM32AIF4AIB&sid=5ad11202ea9cc1c07c5ed8caaaf11387&aid=304142&ucfs=1&arphpl=1&checkin=2025-03-01&checkout=2025-03-08&dest_id=-390625&dest_type=city&group_adults=2&req_adults=2&no_rooms=1&group_children=0&req_children=0&hpos=8&hapos=8&sr_order=popularity&srpvid=a6ce4e38ac41034b&srepoch=1737803356&all_sr_blocks=1111579202_384413201_2_0_0&highlighted_blocks=1111579202_384413201_2_0_0&matching_block_id=1111579202_384413201_2_0_0&sr_pri_blocks=1111579202_384413201_2_0_0__57359&from=searchresults
Dobo Homes - PA4,"Chamartín, Madrid",https://www.booking.com/hotel/es/apartamento-turistico-anr-1-b-madrid.es.html?label=gen173nr-1FCAEoggI46AdIClgEaEaIAQGYAQq4ARnIAQ_YAQHoAQH4AQKIAgGoAgO4ArL50rwGwAIB0gIkOGZlNzdlZTAtYjM2Ni00NjEwLWJjZDItYjc2NTUzNTkyZGM32AIF4AIB&sid=5ad11202ea9cc1c07c5ed8caaaf11387&aid=304142&ucfs=1&arphpl=1&checkin=2025-03-01&checkout=2025-03-08&dest_id=-390625&dest_type=city&group_adults=2&req_adults=2&no_rooms=1&group_children=0&req_children=0&hpos=9&hapos=9&sr_order=popularity&srpvid=a6ce4e38ac41034b&srepoch=1737803356&all_sr_blocks=813245001_343664190_2_0_0&highlighted_blocks=813245001_343664190_2_0_0&matching_block_id=813245001_343664190_2_0_0&sr_pri_blocks=813245001_343664190_2_0_0__54636&from=searchresults
Apartamentos EconoStay Fuencarral,"Centro de Madrid, Madrid",https://www.booking.com/hotel/es/apartamentos-econostay-fuencarral.es.html?label=gen173nr-1FCAEoggI46AdIClgEaEaIAQGYAQq4ARnIAQ_YAQHoAQH4AQKIAgGoAgO4ArL50rwGwAIB0gIkOGZlNzdlZTAtYjM2Ni00NjEwLWJjZDItYjc2NTUzNTkyZGM32AIF4AIB&sid=5ad11202ea9cc1c07c5ed8caaaf11387&aid=304142&ucfs=1&arphpl=1&checkin=2025-03-01&checkout=2025-03-08&dest_id=-390625&dest_type=city&group_adults=2&req_adults=2&no_rooms=1&group_children=0&req_children=0&hpos=10&hapos=10&sr_order=popularity&srpvid=a6ce4e38ac41034b&srepoch=1737803356&all_sr_blocks=1136838304_386293232_2_0_0&highlighted_blocks=1136838304_386293232_2_0_0&matching_block_id=1136838304_386293232_2_0_0&sr_pri_blocks=1136838304_386293232_2_0_0__45800&from=searchresults
TravelStep General Ricardos,"Carabanchel, Madrid",https://www.booking.com/hotel/es/travelstep-general-ricardos.es.html?label=gen173nr-1FCAEoggI46AdIClgEaEaIAQGYAQq4ARnIAQ_YAQHoAQH4AQKIAgGoAgO4ArL50rwGwAIB0gIkOGZlNzdlZTAtYjM2Ni00NjEwLWJjZDItYjc2NTUzNTkyZGM32AIF4AIB&sid=5ad11202ea9cc1c07c5ed8caaaf11387&aid=304142&ucfs=1&arphpl=1&checkin=2025-03-01&checkout=2025-03-08&dest_id=-390625&dest_type=city&group_adults=2&req_adults=2&no_rooms=1&group_children=0&req_children=0&hpos=11&hapos=11&sr_order=popularity&srpvid=a6ce4e38ac41034b&srepoch=1737803356&all_sr_blocks=1083275801_381245714_0_0_0&highlighted_blocks=1083275801_381245714_0_0_0&matching_block_id=1083275801_381245714_0_0_0&sr_pri_blocks=1083275801_381245714_0_0_0__44144&from=searchresults
Apartamentos EconoStay Barbieri 1,"Centro de Madrid, Madrid",https://www.booking.com/hotel/es/apartamentos-econostay-barbieri-1.es.html?label=gen173nr-1FCAEoggI46AdIClgEaEaIAQGYAQq4ARnIAQ_YAQHoAQH4AQKIAgGoAgO4ArL50rwGwAIB0gIkOGZlNzdlZTAtYjM2Ni00NjEwLWJjZDItYjc2NTUzNTkyZGM32AIF4AIB&sid=5ad11202ea9cc1c07c5ed8caaaf11387&aid=304142&ucfs=1&arphpl=1&checkin=2025-03-01&checkout=2025-03-08&dest_id=-390625&dest_type=city&group_adults=2&req_adults=2&no_rooms=1&group_children=0&req_children=0&hpos=12&hapos=12&sr_order=popularity&srpvid=a6ce4e38ac41034b&srepoch=1737803356&all_sr_blocks=1148534802_387681962_0_0_0&highlighted_blocks=1148534802_387681962_0_0_0&matching_block_id=1148534802_387681962_0_0_0&sr_pri_blocks=1148534802_387681962_0_0_0__44144&from=searchresults
Elba Madrid Alcalá,"San Blas, Madrid",https://www.booking.com/hotel/es/velada-madrid.es.html?label=gen173nr-1FCAEoggI46AdIClgEaEaIAQGYAQq4ARnIAQ_YAQHoAQH4AQKIAgGoAgO4ArL50rwGwAIB0gIkOGZlNzdlZTAtYjM2Ni00NjEwLWJjZDItYjc2NTUzNTkyZGM32AIF4AIB&sid=5ad11202ea9cc1c07c5ed8caaaf11387&aid=304142&ucfs=1&arphpl=1&checkin=2025-03-01&checkout=2025-03-08&dest_id=-390625&dest_type=city&group_adults=2&req_adults=2&no_rooms=1&group_children=0&req_children=0&hpos=13&hapos=13&sr_order=popularity&srpvid=a6ce4e38ac41034b&srepoch=1737803356&all_sr_blocks=9340601_335654223_0_2_0&highlighted_blocks=9340601_335654223_0_2_0&matching_block_id=9340601_335654223_0_2_0&sr_pri_blocks=9340601_335654223_0_2_0__94499&from=searchresults
LV5B Piso 1 dormitorio WIFI FIBRA Chamberi,"Chamberí, Madrid",https://www.booking.com/hotel/es/lv5b-piso-1-dormitorio-wifi-fibra-chamberi.es.html?label=gen173nr-1FCAEoggI46AdIClgEaEaIAQGYAQq4ARnIAQ_YAQHoAQH4AQKIAgGoAgO4ArL50rwGwAIB0gIkOGZlNzdlZTAtYjM2Ni00NjEwLWJjZDItYjc2NTUzNTkyZGM32AIF4AIB&sid=5ad11202ea9cc1c07c5ed8caaaf11387&aid=304142&ucfs=1&arphpl=1&checkin=2025-03-01&checkout=2025-03-08&dest_id=-390625&dest_type=city&group_adults=2&req_adults=2&no_rooms=1&group_children=0&req_children=0&hpos=14&hapos=14&sr_order=popularity&srpvid=a6ce4e38ac41034b&srepoch=1737803356&all_sr_blocks=1309229501_403714138_4_0_0&highlighted_blocks=1309229501_403714138_4_0_0&matching_block_id=1309229501_403714138_4_0_0&sr_pri_blocks=1309229501_403714138_4_0_0__51000&from=searchresults
4C Bravo Murillo,"Tetuán, Madrid",https://www.booking.com/hotel/es/4c-bravo-murillo.es.html?label=gen173nr-1FCAEoggI46AdIClgEaEaIAQGYAQq4ARnIAQ_YAQHoAQH4AQKIAgGoAgO4ArL50rwGwAIB0gIkOGZlNzdlZTAtYjM2Ni00NjEwLWJjZDItYjc2NTUzNTkyZGM32AIF4AIB&sid=5ad11202ea9cc1c07c5ed8caaaf11387&aid=304142&ucfs=1&arphpl=1&checkin=2025-03-01&checkout=2025-03-08&dest_id=-390625&dest_type=city&group_adults=2&req_adults=2&no_rooms=1&group_children=0&req_children=0&hpos=15&hapos=15&sr_order=popularity&srpvid=a6ce4e38ac41034b&srepoch=1737803356&all_sr_blocks=9377109_382714247_2_2_0_371630&highlighted_blocks=9377109_382714247_2_2_0_371630&matching_block_id=9377109_382714247_2_2_0_371630&sr_pri_blocks=9377109_382714247_2_2_0_371630_72000&from=searchresults
Apartamentos Juan Bravo,"Salamanca, Madrid",https://www.booking.com/hotel/es/apartamentos-juan-bravo.es.html?label=gen173nr-1FCAEoggI46AdIClgEaEaIAQGYAQq4ARnIAQ_YAQHoAQH4AQKIAgGoAgO4ArL50rwGwAIB0gIkOGZlNzdlZTAtYjM2Ni00NjEwLWJjZDItYjc2NTUzNTkyZGM32AIF4AIB&sid=5ad11202ea9cc1c07c5ed8caaaf11387&aid=304142&ucfs=1&arphpl=1&checkin=2025-03-01&checkout=2025-03-08&dest_id=-390625&dest_type=city&group_adults=2&req_adults=2&no_rooms=1&group_children=0&req_children=0&hpos=16&hapos=16&sr_order=popularity&srpvid=a6ce4e38ac41034b&srepoch=1737803356&all_sr_blocks=1241005_360204409_2_0_0&highlighted_blocks=1241005_360204409_2_0_0&matching_block_id=1241005_360204409_2_0_0&sr_pri_blocks=1241005_360204409_2_0_0__77635&from=searchresults
GVH5 Estudio 2 pisos Centro WIFI,"Chamberí, Madrid",https://www.booking.com/hotel/es/gvh5-estudio-2-pisos-centro-wifi.es.html?label=gen173nr-1FCAEoggI46AdIClgEaEaIAQGYAQq4ARnIAQ_YAQHoAQH4AQKIAgGoAgO4ArL50rwGwAIB0gIkOGZlNzdlZTAtYjM2Ni00NjEwLWJjZDItYjc2NTUzNTkyZGM32AIF4AIB&sid=5ad11202ea9cc1c07c5ed8caaaf11387&aid=304142&ucfs=1&arphpl=1&checkin=2025-03-01&checkout=2025-03-08&dest_id=-390625&dest_type=city&group_adults=2&req_adults=2&no_rooms=1&group_children=0&req_children=0&hpos=17&hapos=17&sr_order=popularity&srpvid=a6ce4e38ac41034b&srepoch=1737803356&all_sr_blocks=1206032501_399699682_4_0_0&highlighted_blocks=1206032501_399699682_4_0_0&matching_block_id=1206032501_399699682_4_0_0&sr_pri_blocks=1206032501_399699682_4_0_0__49000&from=searchresults
BM9 Piso 1 dormitorio Chamberi,"Chamberí, Madrid",https://www.booking.com/hotel/es/bm9-piso-1-dormitorio-chamberi.es.html?label=gen173nr-1FCAEoggI46AdIClgEaEaIAQGYAQq4ARnIAQ_YAQHoAQH4AQKIAgGoAgO4ArL50rwGwAIB0gIkOGZlNzdlZTAtYjM2Ni00NjEwLWJjZDItYjc2NTUzNTkyZGM32AIF4AIB&sid=5ad11202ea9cc1c07c5ed8caaaf11387&aid=304142&ucfs=1&arphpl=1&checkin=2025-03-01&checkout=2025-03-08&dest_id=-390625&dest_type=city&group_adults=2&req_adults=2&no_rooms=1&group_children=0&req_children=0&hpos=18&hapos=18&sr_order=popularity&srpvid=a6ce4e38ac41034b&srepoch=1737803356&all_sr_blocks=1218886801_404280767_3_0_0&highlighted_blocks=1218886801_404280767_3_0_0&matching_block_id=1218886801_404280767_3_0_0&sr_pri_blocks=1218886801_404280767_3_0_0__55000&from=searchresults
BHost - Ferraz 74,"Moncloa - Aravaca, Madrid",https://www.booking.com/hotel/es/bhost-ferraz-74.es.html?label=gen173nr-1FCAEoggI46AdIClgEaEaIAQGYAQq4ARnIAQ_YAQHoAQH4AQKIAgGoAgO4ArL50rwGwAIB0gIkOGZlNzdlZTAtYjM2Ni00NjEwLWJjZDItYjc2NTUzNTkyZGM32AIF4AIB&sid=5ad11202ea9cc1c07c5ed8caaaf11387&aid=304142&ucfs=1&arphpl=1&checkin=2025-03-01&checkout=2025-03-08&dest_id=-390625&dest_type=city&group_adults=2&req_adults=2&no_rooms=1&group_children=0&req_children=0&hpos=19&hapos=19&sr_order=popularity&srpvid=a6ce4e38ac41034b&srepoch=1737803356&all_sr_blocks=932599103_365347835_2_0_0&highlighted_blocks=932599103_365347835_2_0_0&matching_block_id=932599103_365347835_2_0_0&sr_pri_blocks=932599103_365347835_2_0_0__83972&from=searchresults
Duke Vallehermoso,"Chamberí, Madrid",https://www.booking.com/hotel/es/duke-vallehermoso-apartamento.es.html?label=gen173nr-1FCAEoggI46AdIClgEaEaIAQGYAQq4ARnIAQ_YAQHoAQH4AQKIAgGoAgO4ArL50rwGwAIB0gIkOGZlNzdlZTAtYjM2Ni00NjEwLWJjZDItYjc2NTUzNTkyZGM32AIF4AIB&sid=5ad11202ea9cc1c07c5ed8caaaf11387&aid=304142&ucfs=1&arphpl=1&checkin=2025-03-01&checkout=2025-03-08&dest_id=-390625&dest_type=city&group_adults=2&req_adults=2&no_rooms=1&group_children=0&req_children=0&hpos=20&hapos=20&sr_order=popularity&srpvid=a6ce4e38ac41034b&srepoch=1737803356&all_sr_blocks=1136405402_400155143_2_0_0&highlighted_blocks=1136405402_400155143_2_0_0&matching_block_id=1136405402_400155143_2_0_0&sr_pri_blocks=1136405402_400155143_2_0_0__75659&from=searchresults
Hostal Aguilar,"Centro de Madrid, Madrid",https://www.booking.com/hotel/es/hostal-aguilar.es.html?label=gen173nr-1FCAEoggI46AdIClgEaEaIAQGYAQq4ARnIAQ_YAQHoAQH4AQKIAgGoAgO4ArL50rwGwAIB0gIkOGZlNzdlZTAtYjM2Ni00NjEwLWJjZDItYjc2NTUzNTkyZGM32AIF4AIB&sid=5ad11202ea9cc1c07c5ed8caaaf11387&aid=304142&ucfs=1&arphpl=1&checkin=2025-03-01&checkout=2025-03-08&dest_id=-390625&dest_type=city&group_adults=2&req_adults=2&no_rooms=1&group_children=0&req_children=0&hpos=21&hapos=21&sr_order=popularity&srpvid=a6ce4e38ac41034b&srepoch=1737803356&all_sr_blocks=18888601_377466461_0_0_0&highlighted_blocks=18888601_377466461_0_0_0&matching_block_id=18888601_377466461_0_0_0&sr_pri_blocks=18888601_377466461_0_0_0__107000&from=searchresults
NH Madrid Ventas,"Salamanca, Madrid",https://www.booking.com/hotel/es/nh-madrid-ventas.es.html?label=gen173nr-1FCAEoggI46AdIClgEaEaIAQGYAQq4ARnIAQ_YAQHoAQH4AQKIAgGoAgO4ArL50rwGwAIB0gIkOGZlNzdlZTAtYjM2Ni00NjEwLWJjZDItYjc2NTUzNTkyZGM32AIF4AIB&sid=5ad11202ea9cc1c07c5ed8caaaf11387&aid=304142&ucfs=1&arphpl=1&checkin=2025-03-01&checkout=2025-03-08&dest_id=-390625&dest_type=city&group_adults=2&req_adults=2&no_rooms=1&group_children=0&req_children=0&hpos=22&hapos=22&sr_order=popularity&srpvid=a6ce4e38ac41034b&srepoch=1737803356&all_sr_blocks=9068002_373541758_0_2_0&highlighted_blocks=9068002_373541758_0_2_0&matching_block_id=9068002_373541758_0_2_0&sr_pri_blocks=9068002_373541758_0_2_0__99507&from_sustainable_property_sr=1&from=searchresults
B&B HOTEL Madrid Carabanchel,"Carabanchel, Madrid",https://www.booking.com/hotel/es/b-amp-b-madrid-carabanchel.es.html?label=gen173nr-1FCAEoggI46AdIClgEaEaIAQGYAQq4ARnIAQ_YAQHoAQH4AQKIAgGoAgO4ArL50rwGwAIB0gIkOGZlNzdlZTAtYjM2Ni00NjEwLWJjZDItYjc2NTUzNTkyZGM32AIF4AIB&sid=5ad11202ea9cc1c07c5ed8caaaf11387&aid=304142&ucfs=1&arphpl=1&checkin=2025-03-01&checkout=2025-03-08&dest_id=-390625&dest_type=city&group_adults=2&req_adults=2&no_rooms=1&group_children=0&req_children=0&hpos=23&hapos=23&sr_order=popularity&srpvid=a6ce4e38ac41034b&srepoch=1737803356&all_sr_blocks=1309369201_403726776_2_2_0&highlighted_blocks=1309369201_403726776_2_2_0&matching_block_id=1309369201_403726776_2_2_0&sr_pri_blocks=1309369201_403726776_2_2_0__53730&from=searchresults
Hostal Flat55Madrid,"Centro de Madrid, Madrid",https://www.booking.com/hotel/es/flat5madrid.es.html?label=gen173nr-1FCAEoggI46AdIClgEaEaIAQGYAQq4ARnIAQ_YAQHoAQH4AQKIAgGoAgO4ArL50rwGwAIB0gIkOGZlNzdlZTAtYjM2Ni00NjEwLWJjZDItYjc2NTUzNTkyZGM32AIF4AIB&sid=5ad11202ea9cc1c07c5ed8caaaf11387&aid=304142&ucfs=1&arphpl=1&checkin=2025-03-01&checkout=2025-03-08&dest_id=-390625&dest_type=city&group_adults=2&req_adults=2&no_rooms=1&group_children=0&req_children=0&hpos=24&hapos=24&sr_order=popularity&srpvid=a6ce4e38ac41034b&srepoch=1737803356&all_sr_blocks=1226223_400383258_2_0_0&highlighted_blocks=1226223_400383258_2_0_0&matching_block_id=1226223_400383258_2_0_0&sr_pri_blocks=1226223_400383258_2_0_0__81490&from=searchresults
Oshun Sanchinarro,"Hortaleza, Madrid",https://www.booking.com/hotel/es/oshun-san-chinarro.es.html?label=gen173nr-1FCAEoggI46AdIClgEaEaIAQGYAQq4ARnIAQ_YAQHoAQH4AQKIAgGoAgO4ArL50rwGwAIB0gIkOGZlNzdlZTAtYjM2Ni00NjEwLWJjZDItYjc2NTUzNTkyZGM32AIF4AIB&sid=5ad11202ea9cc1c07c5ed8caaaf11387&aid=304142&ucfs=1&arphpl=1&checkin=2025-03-01&checkout=2025-03-08&dest_id=-390625&dest_type=city&group_adults=2&req_adults=2&no_rooms=1&group_children=0&req_children=0&hpos=25&hapos=25&sr_order=popularity&srpvid=a6ce4e38ac41034b&srepoch=1737803356&all_sr_blocks=717691913_299136959_2_2_0&highlighted_blocks=717691913_299136959_2_2_0&matching_block_id=717691913_299136959_2_2_0&sr_pri_blocks=717691913_299136959_2_2_0__53443&from=searchresults
Exe Plaza,"Tetuán, Madrid",https://www.booking.com/hotel/es/eurostars-madrid.es.html?label=gen173nr-1FCAEoggI46AdIClgEaEaIAQGYAQq4ARnIAQ_YAQHoAQH4AQKIAgGoAgO4ArL50rwGwAIB0gIkOGZlNzdlZTAtYjM2Ni00NjEwLWJjZDItYjc2NTUzNTkyZGM32AIF4AIB&sid=5ad11202ea9cc1c07c5ed8caaaf11387&aid=304142&ucfs=1&arphpl=1&checkin=2025-03-01&checkout=2025-03-08&dest_id=-390625&dest_type=city&group_adults=2&req_adults=2&no_rooms=1&group_children=0&req_children=0&hpos=26&hapos=26&sr_order=popularity&srpvid=a6ce4e38ac41034b&srepoch=1737803356&all_sr_blocks=9337002_0_2_0_0&highlighted_blocks=9337002_0_2_0_0&matching_block_id=9337002_0_2_0_0&sr_pri_blocks=9337002_0_2_0_0__97157&from_sustainable_property_sr=1&from=searchresults
Dear Hotel Madrid,"Centro de Madrid, Madrid",https://www.booking.com/hotel/es/dear.es.html?label=gen173nr-1FCAEoggI46AdIClgEaEaIAQGYAQq4ARnIAQ_YAQHoAQH4AQKIAgGoAgO4ArL50rwGwAIB0gIkOGZlNzdlZTAtYjM2Ni00NjEwLWJjZDItYjc2NTUzNTkyZGM32AIF4AIB&sid=5ad11202ea9cc1c07c5ed8caaaf11387&aid=304142&ucfs=1&arphpl=1&checkin=2025-03-01&checkout=2025-03-08&dest_id=-390625&dest_type=city&group_adults=2&req_adults=2&no_rooms=1&group_children=0&req_children=0&hpos=1&hapos=27&sr_order=popularity&srpvid=a6ce4e38ac41034b&srepoch=1737803255&all_sr_blocks=137682301_363286250_2_2_0_346247&highlighted_blocks=137682301_363286250_2_2_0_346247&matching_block_id=137682301_363286250_2_2_0_346247&sr_pri_blocks=137682301_363286250_2_2_0_346247_137865&from=searchresults
ITC Infantas by Soho Boutique,"Centro de Madrid, Madrid",https://www.booking.com/hotel/es/lusso-infantas.es.html?label=gen173nr-1FCAEoggI46AdIClgEaEaIAQGYAQq4ARnIAQ_YAQHoAQH4AQKIAgGoAgO4ArL50rwGwAIB0gIkOGZlNzdlZTAtYjM2Ni00NjEwLWJjZDItYjc2NTUzNTkyZGM32AIF4AIB&sid=5ad11202ea9cc1c07c5ed8caaaf11387&aid=304142&ucfs=1&arphpl=1&checkin=2025-03-01&checkout=2025-03-08&dest_id=-390625&dest_type=city&group_adults=2&req_adults=2&no_rooms=1&group_children=0&req_children=0&hpos=2&hapos=28&sr_order=popularity&srpvid=a6ce4e38ac41034b&srepoch=1737803255&all_sr_blocks=9157803_330582568_2_2_0_522346&highlighted_blocks=9157803_330582568_2_2_0_522346&matching_block_id=9157803_330582568_2_2_0_522346&sr_pri_blocks=9157803_330582568_2_2_0_522346_144508&from=searchresults
Hostal New Dream Madrid,"Centro de Madrid, Madrid",https://www.booking.com/hotel/es/new-dream-madrid.es.html?label=gen173nr-1FCAEoggI46AdIClgEaEaIAQGYAQq4ARnIAQ_YAQHoAQH4AQKIAgGoAgO4ArL50rwGwAIB0gIkOGZlNzdlZTAtYjM2Ni00NjEwLWJjZDItYjc2NTUzNTkyZGM32AIF4AIB&sid=5ad11202ea9cc1c07c5ed8caaaf11387&aid=304142&ucfs=1&arphpl=1&checkin=2025-03-01&checkout=2025-03-08&dest_id=-390625&dest_type=city&group_adults=2&req_adults=2&no_rooms=1&group_children=0&req_children=0&hpos=3&hapos=29&sr_order=popularity&srpvid=a6ce4e38ac41034b&srepoch=1737803255&all_sr_blocks=1097424504_394947412_2_2_0&highlighted_blocks=1097424504_394947412_2_2_0&matching_block_id=1097424504_394947412_2_2_0&sr_pri_blocks=1097424504_394947412_2_2_0__86705&from=searchresults
Hostal Adis,"Centro de Madrid, Madrid",https://www.booking.com/hotel/es/pensia3n-cartagenera.es.html?label=gen173nr-1FCAEoggI46AdIClgEaEaIAQGYAQq4ARnIAQ_YAQHoAQH4AQKIAgGoAgO4ArL50rwGwAIB0gIkOGZlNzdlZTAtYjM2Ni00NjEwLWJjZDItYjc2NTUzNTkyZGM32AIF4AIB&sid=5ad11202ea9cc1c07c5ed8caaaf11387&aid=304142&ucfs=1&arphpl=1&checkin=2025-03-01&checkout=2025-03-08&dest_id=-390625&dest_type=city&group_adults=2&req_adults=2&no_rooms=1&group_children=0&req_children=0&hpos=4&hapos=30&sr_order=popularity&srpvid=a6ce4e38ac41034b&srepoch=1737803255&all_sr_blocks=34678001_368906961_0_0_0&highlighted_blocks=34678001_368906961_0_0_0&matching_block_id=34678001_368906961_0_0_0&sr_pri_blocks=34678001_368906961_0_0_0__124062&from=searchresults
"Hotel Madrid Chamartín, Affiliated by Meliá","Chamartín, Madrid",https://www.booking.com/hotel/es/hotel-madrid-chamartin-affiliated-by-melia.es.html?label=gen173nr-1FCAEoggI46AdIClgEaEaIAQGYAQq4ARnIAQ_YAQHoAQH4AQKIAgGoAgO4ArL50rwGwAIB0gIkOGZlNzdlZTAtYjM2Ni00NjEwLWJjZDItYjc2NTUzNTkyZGM32AIF4AIB&sid=5ad11202ea9cc1c07c5ed8caaaf11387&aid=304142&ucfs=1&arphpl=1&checkin=2025-03-01&checkout=2025-03-08&dest_id=-390625&dest_type=city&group_adults=2&req_adults=2&no_rooms=1&group_children=0&req_children=0&hpos=5&hapos=31&sr_order=popularity&srpvid=a6ce4e38ac41034b&srepoch=1737803255&all_sr_blocks=9809301_0_2_1_0&highlighted_blocks=9809301_0_2_1_0&matching_block_id=9809301_0_2_1_0&sr_pri_blocks=9809301_0_2_1_0__88688&from_sustainable_property_sr=1&from=searchresults
Hostal Inn Madrid,"Centro de Madrid, Madrid",https://www.booking.com/hotel/es/madrid-inn.es.html?label=gen173nr-1FCAEoggI46AdIClgEaEaIAQGYAQq4ARnIAQ_YAQHoAQH4AQKIAgGoAgO4ArL50rwGwAIB0gIkOGZlNzdlZTAtYjM2Ni00NjEwLWJjZDItYjc2NTUzNTkyZGM32AIF4AIB&sid=5ad11202ea9cc1c07c5ed8caaaf11387&aid=304142&ucfs=1&arphpl=1&checkin=2025-03-01&checkout=2025-03-08&dest_id=-390625&dest_type=city&group_adults=2&req_adults=2&no_rooms=1&group_children=0&req_children=0&hpos=6&hapos=32&sr_order=popularity&srpvid=a6ce4e38ac41034b&srepoch=1737803255&all_sr_blocks=31653113_368932882_2_0_0&highlighted_blocks=31653113_368932882_2_0_0&matching_block_id=31653113_368932882_2_0_0&sr_pri_blocks=31653113_368932882_2_0_0__139050&from=searchresults
Edificio Leganitos,"Centro de Madrid, Madrid",https://www.booking.com/hotel/es/edificio-leganitos.es.html?label=gen173nr-1FCAEoggI46AdIClgEaEaIAQGYAQq4ARnIAQ_YAQHoAQH4AQKIAgGoAgO4ArL50rwGwAIB0gIkOGZlNzdlZTAtYjM2Ni00NjEwLWJjZDItYjc2NTUzNTkyZGM32AIF4AIB&sid=5ad11202ea9cc1c07c5ed8caaaf11387&aid=304142&ucfs=1&arphpl=1&checkin=2025-03-01&checkout=2025-03-08&dest_id=-390625&dest_type=city&group_adults=2&req_adults=2&no_rooms=1&group_children=0&req_children=0&hpos=7&hapos=33&sr_order=popularity&srpvid=a6ce4e38ac41034b&srepoch=1737803255&all_sr_blocks=810934143_343265296_2_0_0&highlighted_blocks=810934143_343265296_2_0_0&matching_block_id=810934143_343265296_2_0_0&sr_pri_blocks=810934143_343265296_2_0_0__107000&from=searchresults
Ibis Styles Madrid City Las Ventas,"Ciudad Lineal, Madrid",https://www.booking.com/hotel/es/ibis-styles-madrid-city-las-ventas.es.html?label=gen173nr-1FCAEoggI46AdIClgEaEaIAQGYAQq4ARnIAQ_YAQHoAQH4AQKIAgGoAgO4ArL50rwGwAIB0gIkOGZlNzdlZTAtYjM2Ni00NjEwLWJjZDItYjc2NTUzNTkyZGM32AIF4AIB&sid=5ad11202ea9cc1c07c5ed8caaaf11387&aid=304142&ucfs=1&arphpl=1&checkin=2025-03-01&checkout=2025-03-08&dest_id=-390625&dest_type=city&group_adults=2&req_adults=2&no_rooms=1&group_children=0&req_children=0&hpos=8&hapos=34&sr_order=popularity&srpvid=a6ce4e38ac41034b&srepoch=1737803255&all_sr_blocks=490472002_163711723_2_42_0&highlighted_blocks=490472002_163711723_2_42_0&matching_block_id=490472002_163711723_2_42_0&sr_pri_blocks=490472002_163711723_2_42_0__81928&from_sustainable_property_sr=1&from=searchresults
GAC3 Estudio Chamberi WIFI Fibra,"Chamberí, Madrid",https://www.booking.com/hotel/es/gac3-estudio-chamberi-wifi-fibra.es.html?label=gen173nr-1FCAEoggI46AdIClgEaEaIAQGYAQq4ARnIAQ_YAQHoAQH4AQKIAgGoAgO4ArL50rwGwAIB0gIkOGZlNzdlZTAtYjM2Ni00NjEwLWJjZDItYjc2NTUzNTkyZGM32AIF4AIB&sid=5ad11202ea9cc1c07c5ed8caaaf11387&aid=304142&ucfs=1&arphpl=1&checkin=2025-03-01&checkout=2025-03-08&dest_id=-390625&dest_type=city&group_adults=2&req_adults=2&no_rooms=1&group_children=0&req_children=0&hpos=9&hapos=35&sr_order=popularity&srpvid=a6ce4e38ac41034b&srepoch=1737803255&all_sr_blocks=1232382501_400088546_0_0_0&highlighted_blocks=1232382501_400088546_0_0_0&matching_block_id=1232382501_400088546_0_0_0&sr_pri_blocks=1232382501_400088546_0_0_0__49000&from=searchresults
VR20 Estudio Chamberi Alonso Cano,"Chamberí, Madrid",https://www.booking.com/hotel/es/vr20-estudio-chamberi-alonso-cano.es.html?label=gen173nr-1FCAEoggI46AdIClgEaEaIAQGYAQq4ARnIAQ_YAQHoAQH4AQKIAgGoAgO4ArL50rwGwAIB0gIkOGZlNzdlZTAtYjM2Ni00NjEwLWJjZDItYjc2NTUzNTkyZGM32AIF4AIB&sid=5ad11202ea9cc1c07c5ed8caaaf11387&aid=304142&ucfs=1&arphpl=1&checkin=2025-03-01&checkout=2025-03-08&dest_id=-390625&dest_type=city&group_adults=2&req_adults=2&no_rooms=1&group_children=0&req_children=0&hpos=10&hapos=36&sr_order=popularity&srpvid=a6ce4e38ac41034b&srepoch=1737803255&all_sr_blocks=1175224901_399635784_3_0_0&highlighted_blocks=1175224901_399635784_3_0_0&matching_block_id=1175224901_399635784_3_0_0&sr_pri_blocks=1175224901_399635784_3_0_0__49000&from=searchresults
Catalonia Atocha,"Centro de Madrid, Madrid",https://www.booking.com/hotel/es/catalonia-atocha.es.html?label=gen173nr-1FCAEoggI46AdIClgEaEaIAQGYAQq4ARnIAQ_YAQHoAQH4AQKIAgGoAgO4ArL50rwGwAIB0gIkOGZlNzdlZTAtYjM2Ni00NjEwLWJjZDItYjc2NTUzNTkyZGM32AIF4AIB&sid=5ad11202ea9cc1c07c5ed8caaaf11387&aid=304142&ucfs=1&arphpl=1&checkin=2025-03-01&checkout=2025-03-08&dest_id=-390625&dest_type=city&group_adults=2&req_adults=2&no_rooms=1&group_children=0&req_children=0&hpos=11&hapos=37&sr_order=popularity&srpvid=a6ce4e38ac41034b&srepoch=1737803255&all_sr_blocks=26609301_194582517_0_2_0&highlighted_blocks=26609301_194582517_0_2_0&matching_block_id=26609301_194582517_0_2_0&sr_pri_blocks=26609301_194582517_0_2_0__143000&from_sustainable_property_sr=1&from=searchresults
Hotel Santo Domingo,"Centro de Madrid, Madrid",https://www.booking.com/hotel/es/santodomingo.es.html?label=gen173nr-1FCAEoggI46AdIClgEaEaIAQGYAQq4ARnIAQ_YAQHoAQH4AQKIAgGoAgO4ArL50rwGwAIB0gIkOGZlNzdlZTAtYjM2Ni00NjEwLWJjZDItYjc2NTUzNTkyZGM32AIF4AIB&sid=5ad11202ea9cc1c07c5ed8caaaf11387&aid=304142&ucfs=1&arphpl=1&checkin=2025-03-01&checkout=2025-03-08&dest_id=-390625&dest_type=city&group_adults=2&req_adults=2&no_rooms=1&group_children=0&req_children=0&hpos=12&hapos=38&sr_order=popularity&srpvid=a6ce4e38ac41034b&srepoch=1737803255&all_sr_blocks=9002619_341270536_0_42_0_293300&highlighted_blocks=9002619_341270536_0_42_0_293300&matching_block_id=9002619_341270536_0_42_0_293300&sr_pri_blocks=9002619_341270536_0_42_0_293300_108100&from=searchresults
Gran Versalles,"Chamberí, Madrid",https://www.booking.com/hotel/es/granversalles.es.html?label=gen173nr-1FCAEoggI46AdIClgEaEaIAQGYAQq4ARnIAQ_YAQHoAQH4AQKIAgGoAgO4ArL50rwGwAIB0gIkOGZlNzdlZTAtYjM2Ni00NjEwLWJjZDItYjc2NTUzNTkyZGM32AIF4AIB&sid=5ad11202ea9cc1c07c5ed8caaaf11387&aid=304142&ucfs=1&arphpl=1&checkin=2025-03-01&checkout=2025-03-08&dest_id=-390625&dest_type=city&group_adults=2&req_adults=2&no_rooms=1&group_children=0&req_children=0&hpos=13&hapos=39&sr_order=popularity&srpvid=a6ce4e38ac41034b&srepoch=1737803255&all_sr_blocks=9137302_0_2_0_0&highlighted_blocks=9137302_0_2_0_0&matching_block_id=9137302_0_2_0_0&sr_pri_blocks=9137302_0_2_0_0__99628&from=searchresults
Apartamentos Soho Boutique Hoy No Me Puedo Levantar,"Centro de Madrid, Madrid",https://www.booking.com/hotel/es/soho-boutique-hoy-no-me-puedo-levantar-madrid.es.html?label=gen173nr-1FCAEoggI46AdIClgEaEaIAQGYAQq4ARnIAQ_YAQHoAQH4AQKIAgGoAgO4ArL50rwGwAIB0gIkOGZlNzdlZTAtYjM2Ni00NjEwLWJjZDItYjc2NTUzNTkyZGM32AIF4AIB&sid=5ad11202ea9cc1c07c5ed8caaaf11387&aid=304142&ucfs=1&arphpl=1&checkin=2025-03-01&checkout=2025-03-08&dest_id=-390625&dest_type=city&group_adults=2&req_adults=2&no_rooms=1&group_children=0&req_children=0&hpos=14&hapos=40&sr_order=popularity&srpvid=a6ce4e38ac41034b&srepoch=1737803255&all_sr_blocks=1016355106_374127074_0_0_0_236261&highlighted_blocks=1016355106_374127074_0_0_0_236261&matching_block_id=1016355106_374127074_0_0_0_236261&sr_pri_blocks=1016355106_374127074_0_0_0_236261_131595&from=searchresults
Ilunion Alcalá Norte,"San Blas, Madrid",https://www.booking.com/hotel/es/confortel-alcala-norte.es.html?label=gen173nr-1FCAEoggI46AdIClgEaEaIAQGYAQq4ARnIAQ_YAQHoAQH4AQKIAgGoAgO4ArL50rwGwAIB0gIkOGZlNzdlZTAtYjM2Ni00NjEwLWJjZDItYjc2NTUzNTkyZGM32AIF4AIB&sid=5ad11202ea9cc1c07c5ed8caaaf11387&aid=304142&ucfs=1&arphpl=1&checkin=2025-03-01&checkout=2025-03-08&dest_id=-390625&dest_type=city&group_adults=2&req_adults=2&no_rooms=1&group_children=0&req_children=0&hpos=15&hapos=41&sr_order=popularity&srpvid=a6ce4e38ac41034b&srepoch=1737803255&all_sr_blocks=9276701_119604800_0_10_0_311278&highlighted_blocks=9276701_119604800_0_10_0_311278&matching_block_id=9276701_119604800_0_10_0_311278&sr_pri_blocks=9276701_119604800_0_10_0_311278_93376&from=searchresults
AC Hotel Avenida de América by Marriott,"Salamanca, Madrid",https://www.booking.com/hotel/es/acavenidadeamerica.es.html?label=gen173nr-1FCAEoggI46AdIClgEaEaIAQGYAQq4ARnIAQ_YAQHoAQH4AQKIAgGoAgO4ArL50rwGwAIB0gIkOGZlNzdlZTAtYjM2Ni00NjEwLWJjZDItYjc2NTUzNTkyZGM32AIF4AIB&sid=5ad11202ea9cc1c07c5ed8caaaf11387&aid=304142&ucfs=1&arphpl=1&checkin=2025-03-01&checkout=2025-03-08&dest_id=-390625&dest_type=city&group_adults=2&req_adults=2&no_rooms=1&group_children=0&req_children=0&hpos=16&hapos=42&sr_order=popularity&srpvid=a6ce4e38ac41034b&srepoch=1737803255&all_sr_blocks=9081006_395525788_0_42_0&highlighted_blocks=9081006_395525788_0_42_0&matching_block_id=9081006_395525788_0_42_0&sr_pri_blocks=9081006_395525788_0_42_0__128700&from_sustainable_property_sr=1&from=searchresults
Abba Madrid,"Salamanca, Madrid",https://www.booking.com/hotel/es/abbamadrid.es.html?label=gen173nr-1FCAEoggI46AdIClgEaEaIAQGYAQq4ARnIAQ_YAQHoAQH4AQKIAgGoAgO4ArL50rwGwAIB0gIkOGZlNzdlZTAtYjM2Ni00NjEwLWJjZDItYjc2NTUzNTkyZGM32AIF4AIB&sid=5ad11202ea9cc1c07c5ed8caaaf11387&aid=304142&ucfs=1&arphpl=1&checkin=2025-03-01&checkout=2025-03-08&dest_id=-390625&dest_type=city&group_adults=2&req_adults=2&no_rooms=1&group_children=0&req_children=0&hpos=17&hapos=43&sr_order=popularity&srpvid=a6ce4e38ac41034b&srepoch=1737803255&all_sr_blocks=9049201_338126856_0_2_0_652637&highlighted_blocks=9049201_338126856_0_2_0_652637&matching_block_id=9049201_338126856_0_2_0_652637&sr_pri_blocks=9049201_338126856_0_2_0_652637_118000&from_sustainable_property_sr=1&from=searchresults
Apartamentos Las Torres,"Tetuán, Madrid",https://www.booking.com/hotel/es/apartamentos-las-torres-madrid2.es.html?label=gen173nr-1FCAEoggI46AdIClgEaEaIAQGYAQq4ARnIAQ_YAQHoAQH4AQKIAgGoAgO4ArL50rwGwAIB0gIkOGZlNzdlZTAtYjM2Ni00NjEwLWJjZDItYjc2NTUzNTkyZGM32AIF4AIB&sid=5ad11202ea9cc1c07c5ed8caaaf11387&aid=304142&ucfs=1&arphpl=1&checkin=2025-03-01&checkout=2025-03-08&dest_id=-390625&dest_type=city&group_adults=2&req_adults=2&no_rooms=1&group_children=0&req_children=0&hpos=18&hapos=44&sr_order=popularity&srpvid=a6ce4e38ac41034b&srepoch=1737803255&all_sr_blocks=921809115_367963292_0_0_0&highlighted_blocks=921809115_367963292_0_0_0&matching_block_id=921809115_367963292_0_0_0&sr_pri_blocks=921809115_367963292_0_0_0__92400&from=searchresults
Hostal Abel Victoriano,"Centro de Madrid, Madrid",https://www.booking.com/hotel/es/abel-victoriano.es.html?label=gen173nr-1FCAEoggI46AdIClgEaEaIAQGYAQq4ARnIAQ_YAQHoAQH4AQKIAgGoAgO4ArL50rwGwAIB0gIkOGZlNzdlZTAtYjM2Ni00NjEwLWJjZDItYjc2NTUzNTkyZGM32AIF4AIB&sid=5ad11202ea9cc1c07c5ed8caaaf11387&aid=304142&ucfs=1&arphpl=1&checkin=2025-03-01&checkout=2025-03-08&dest_id=-390625&dest_type=city&group_adults=2&req_adults=2&no_rooms=1&group_children=0&req_children=0&hpos=19&hapos=45&sr_order=popularity&srpvid=a6ce4e38ac41034b&srepoch=1737803255&all_sr_blocks=1794603_406742475_2_0_0&highlighted_blocks=1794603_406742475_2_0_0&matching_block_id=1794603_406742475_2_0_0&sr_pri_blocks=1794603_406742475_2_0_0__103116&from=searchresults
Ilunion Suites Madrid,"Chamartín, Madrid",https://www.booking.com/hotel/es/confortelsuitesmadrid.es.html?label=gen173nr-1FCAEoggI46AdIClgEaEaIAQGYAQq4ARnIAQ_YAQHoAQH4AQKIAgGoAgO4ArL50rwGwAIB0gIkOGZlNzdlZTAtYjM2Ni00NjEwLWJjZDItYjc2NTUzNTkyZGM32AIF4AIB&sid=5ad11202ea9cc1c07c5ed8caaaf11387&aid=304142&ucfs=1&arphpl=1&checkin=2025-03-01&checkout=2025-03-08&dest_id=-390625&dest_type=city&group_adults=2&req_adults=2&no_rooms=1&group_children=0&req_children=0&hpos=20&hapos=46&sr_order=popularity&srpvid=a6ce4e38ac41034b&srepoch=1737803255&all_sr_blocks=9036122_334135188_0_2_0_311286&highlighted_blocks=9036122_334135188_0_2_0_311286&matching_block_id=9036122_334135188_0_2_0_311286&sr_pri_blocks=9036122_334135188_0_2_0_311286_99527&from=searchresults
Hostal 4C Cuatro Caminos,"Tetuán, Madrid",https://www.booking.com/hotel/es/hostal-4c-cuatro-caminos.es.html?label=gen173nr-1FCAEoggI46AdIClgEaEaIAQGYAQq4ARnIAQ_YAQHoAQH4AQKIAgGoAgO4ArL50rwGwAIB0gIkOGZlNzdlZTAtYjM2Ni00NjEwLWJjZDItYjc2NTUzNTkyZGM32AIF4AIB&sid=5ad11202ea9cc1c07c5ed8caaaf11387&aid=304142&ucfs=1&arphpl=1&checkin=2025-03-01&checkout=2025-03-08&dest_id=-390625&dest_type=city&group_adults=2&req_adults=2&no_rooms=1&group_children=0&req_children=0&hpos=21&hapos=47&sr_order=popularity&srpvid=a6ce4e38ac41034b&srepoch=1737803255&all_sr_blocks=38983902_201098735_2_2_0&highlighted_blocks=38983902_201098735_2_2_0&matching_block_id=38983902_201098735_2_2_0&sr_pri_blocks=38983902_201098735_2_2_0__63000&from=searchresults
Wind Rose 7 - reformado Julio 2024,"Puente de Vallecas, Madrid",https://www.booking.com/hotel/es/windrose-7.es.html?label=gen173nr-1FCAEoggI46AdIClgEaEaIAQGYAQq4ARnIAQ_YAQHoAQH4AQKIAgGoAgO4ArL50rwGwAIB0gIkOGZlNzdlZTAtYjM2Ni00NjEwLWJjZDItYjc2NTUzNTkyZGM32AIF4AIB&sid=5ad11202ea9cc1c07c5ed8caaaf11387&aid=304142&ucfs=1&arphpl=1&checkin=2025-03-01&checkout=2025-03-08&dest_id=-390625&dest_type=city&group_adults=2&req_adults=2&no_rooms=1&group_children=0&req_children=0&hpos=22&hapos=48&sr_order=popularity&srpvid=a6ce4e38ac41034b&srepoch=1737803255&all_sr_blocks=403935701_339867809_2_0_0&highlighted_blocks=403935701_339867809_2_0_0&matching_block_id=403935701_339867809_2_0_0&sr_pri_blocks=403935701_339867809_2_0_0__54394&from=searchresults
Exe Moncloa,"Chamberí, Madrid",https://www.booking.com/hotel/es/exe-moncloa.es.html?label=gen173nr-1FCAEoggI46AdIClgEaEaIAQGYAQq4ARnIAQ_YAQHoAQH4AQKIAgGoAgO4ArL50rwGwAIB0gIkOGZlNzdlZTAtYjM2Ni00NjEwLWJjZDItYjc2NTUzNTkyZGM32AIF4AIB&sid=5ad11202ea9cc1c07c5ed8caaaf11387&aid=304142&ucfs=1&arphpl=1&checkin=2025-03-01&checkout=2025-03-08&dest_id=-390625&dest_type=city&group_adults=2&req_adults=2&no_rooms=1&group_children=0&req_children=0&hpos=23&hapos=49&sr_order=popularity&srpvid=a6ce4e38ac41034b&srepoch=1737803255&all_sr_blocks=46793304_0_2_0_0&highlighted_blocks=46793304_0_2_0_0&matching_block_id=46793304_0_2_0_0&sr_pri_blocks=46793304_0_2_0_0__106237&from_sustainable_property_sr=1&from=searchresults
AC Hotel Madrid Feria by Marriott,"Hortaleza, Madrid",https://www.booking.com/hotel/es/ac-feria-madrid.es.html?label=gen173nr-1FCAEoggI46AdIClgEaEaIAQGYAQq4ARnIAQ_YAQHoAQH4AQKIAgGoAgO4ArL50rwGwAIB0gIkOGZlNzdlZTAtYjM2Ni00NjEwLWJjZDItYjc2NTUzNTkyZGM32AIF4AIB&sid=5ad11202ea9cc1c07c5ed8caaaf11387&aid=304142&ucfs=1&arphpl=1&checkin=2025-03-01&checkout=2025-03-08&dest_id=-390625&dest_type=city&group_adults=2&req_adults=2&no_rooms=1&group_children=0&req_children=0&hpos=24&hapos=50&sr_order=popularity&srpvid=a6ce4e38ac41034b&srepoch=1737803255&all_sr_blocks=9407108_274565073_0_2_0&highlighted_blocks=9407108_274565073_0_2_0&matching_block_id=9407108_274565073_0_2_0&sr_pri_blocks=9407108_274565073_0_2_0__107993&from_sustainable_property_sr=1&from=searchresults
Apartamentos Day Madrid GRAN VIA Centro Sol Malasaña,"Centro de Madrid, Madrid",https://www.booking.com/hotel/es/apartamentos-gran-via-madrid.es.html?label=gen173nr-1FCAEoggI46AdIClgEaEaIAQGYAQq4ARnIAQ_YAQHoAQH4AQKIAgGoAgO4ArL50rwGwAIB0gIkOGZlNzdlZTAtYjM2Ni00NjEwLWJjZDItYjc2NTUzNTkyZGM32AIF4AIB&sid=5ad11202ea9cc1c07c5ed8caaaf11387&aid=304142&ucfs=1&arphpl=1&checkin=2025-03-01&checkout=2025-03-08&dest_id=-390625&dest_type=city&group_adults=2&req_adults=2&no_rooms=1&group_children=0&req_children=0&hpos=25&hapos=51&sr_order=popularity&srpvid=a6ce4e38ac41034b&srepoch=1737803255&all_sr_blocks=124551709_402772058_3_0_0&highlighted_blocks=124551709_402772058_3_0_0&matching_block_id=124551709_402772058_3_0_0&sr_pri_blocks=124551709_402772058_3_0_0__92710&from=searchresults
LV5F Estúdio Madrid Centro Chamberi,"Chamberí, Madrid",https://www.booking.com/hotel/es/lv5f-estudio-madrid-centro-chamberi-madrid.es.html?label=gen173nr-1FCAEoggI46AdIClgEaEaIAQGYAQq4ARnIAQ_YAQHoAQH4AQKIAgGoAgO4ArL50rwGwAIB0gIkOGZlNzdlZTAtYjM2Ni00NjEwLWJjZDItYjc2NTUzNTkyZGM32AIF4AIB&sid=5ad11202ea9cc1c07c5ed8caaaf11387&aid=304142&ucfs=1&arphpl=1&checkin=2025-03-01&checkout=2025-03-08&dest_id=-390625&dest_type=city&group_adults=2&req_adults=2&no_rooms=1&group_children=0&req_children=0&hpos=1&hapos=52&sr_order=popularity&srpvid=a6ce4e38ac41034b&srepoch=1737803258&all_sr_blocks=1260556601_400088517_4_0_0&highlighted_blocks=1260556601_400088517_4_0_0&matching_block_id=1260556601_400088517_4_0_0&sr_pri_blocks=1260556601_400088517_4_0_0__54500&from=searchresults
Ilunion Pio XII,"Chamartín, Madrid",https://www.booking.com/hotel/es/confortelpioxii.es.html?label=gen173nr-1FCAEoggI46AdIClgEaEaIAQGYAQq4ARnIAQ_YAQHoAQH4AQKIAgGoAgO4ArL50rwGwAIB0gIkOGZlNzdlZTAtYjM2Ni00NjEwLWJjZDItYjc2NTUzNTkyZGM32AIF4AIB&sid=5ad11202ea9cc1c07c5ed8caaaf11387&aid=304142&ucfs=1&arphpl=1&checkin=2025-03-01&checkout=2025-03-08&dest_id=-390625&dest_type=city&group_adults=2&req_adults=2&no_rooms=1&group_children=0&req_children=0&hpos=2&hapos=53&sr_order=popularity&srpvid=a6ce4e38ac41034b&srepoch=1737803258&all_sr_blocks=9036406_334135104_0_2_0_311285&highlighted_blocks=9036406_334135104_0_2_0_311285&matching_block_id=9036406_334135104_0_2_0_311285&sr_pri_blocks=9036406_334135104_0_2_0_311285_83866&from=searchresults
Eurostars Monte Real,"Fuencarral - El Pardo, Madrid",https://www.booking.com/hotel/es/ac-monte-real.es.html?label=gen173nr-1FCAEoggI46AdIClgEaEaIAQGYAQq4ARnIAQ_YAQHoAQH4AQKIAgGoAgO4ArL50rwGwAIB0gIkOGZlNzdlZTAtYjM2Ni00NjEwLWJjZDItYjc2NTUzNTkyZGM32AIF4AIB&sid=5ad11202ea9cc1c07c5ed8caaaf11387&aid=304142&ucfs=1&arphpl=1&checkin=2025-03-01&checkout=2025-03-08&dest_id=-390625&dest_type=city&group_adults=2&req_adults=2&no_rooms=1&group_children=0&req_children=0&hpos=3&hapos=54&sr_order=popularity&srpvid=a6ce4e38ac41034b&srepoch=1737803258&all_sr_blocks=9406908_88195440_2_2_0&highlighted_blocks=9406908_88195440_2_2_0&matching_block_id=9406908_88195440_2_2_0&sr_pri_blocks=9406908_88195440_2_2_0__83606&from_sustainable_property_sr=1&from=searchresults
Motel One Madrid-Plaza de España,"Moncloa - Aravaca, Madrid",https://www.booking.com/hotel/es/plaza-de-espana.es.html?label=gen173nr-1FCAEoggI46AdIClgEaEaIAQGYAQq4ARnIAQ_YAQHoAQH4AQKIAgGoAgO4ArL50rwGwAIB0gIkOGZlNzdlZTAtYjM2Ni00NjEwLWJjZDItYjc2NTUzNTkyZGM32AIF4AIB&sid=5ad11202ea9cc1c07c5ed8caaaf11387&aid=304142&ucfs=1&arphpl=1&checkin=2025-03-01&checkout=2025-03-08&dest_id=-390625&dest_type=city&group_adults=2&req_adults=2&no_rooms=1&group_children=0&req_children=0&hpos=4&hapos=55&sr_order=popularity&srpvid=a6ce4e38ac41034b&srepoch=1737803258&all_sr_blocks=9362518_365335953_2_2_0&highlighted_blocks=9362518_365335953_2_2_0&matching_block_id=9362518_365335953_2_2_0&sr_pri_blocks=9362518_365335953_2_2_0__117300&from_sustainable_property_sr=1&from=searchresults
Exe Madrid Norte,"Hortaleza, Madrid",https://www.booking.com/hotel/es/exe-madrid-norte.es.html?label=gen173nr-1FCAEoggI46AdIClgEaEaIAQGYAQq4ARnIAQ_YAQHoAQH4AQKIAgGoAgO4ArL50rwGwAIB0gIkOGZlNzdlZTAtYjM2Ni00NjEwLWJjZDItYjc2NTUzNTkyZGM32AIF4AIB&sid=5ad11202ea9cc1c07c5ed8caaaf11387&aid=304142&ucfs=1&arphpl=1&checkin=2025-03-01&checkout=2025-03-08&dest_id=-390625&dest_type=city&group_adults=2&req_adults=2&no_rooms=1&group_children=0&req_children=0&hpos=5&hapos=56&sr_order=popularity&srpvid=a6ce4e38ac41034b&srepoch=1737803258&all_sr_blocks=9354706_93709699_2_34_0&highlighted_blocks=9354706_93709699_2_34_0&matching_block_id=9354706_93709699_2_34_0&sr_pri_blocks=9354706_93709699_2_34_0__70736&from_sustainable_property_sr=1&from=searchresults
Apartamentos Recoletos,"Salamanca, Madrid",https://www.booking.com/hotel/es/apartamentos-recoletos.es.html?label=gen173nr-1FCAEoggI46AdIClgEaEaIAQGYAQq4ARnIAQ_YAQHoAQH4AQKIAgGoAgO4ArL50rwGwAIB0gIkOGZlNzdlZTAtYjM2Ni00NjEwLWJjZDItYjc2NTUzNTkyZGM32AIF4AIB&sid=5ad11202ea9cc1c07c5ed8caaaf11387&aid=304142&ucfs=1&arphpl=1&checkin=2025-03-01&checkout=2025-03-08&dest_id=-390625&dest_type=city&group_adults=2&req_adults=2&no_rooms=1&group_children=0&req_children=0&hpos=6&hapos=57&sr_order=popularity&srpvid=a6ce4e38ac41034b&srepoch=1737803258&all_sr_blocks=4993017_0_2_0_0&highlighted_blocks=4993017_0_2_0_0&matching_block_id=4993017_0_2_0_0&sr_pri_blocks=4993017_0_2_0_0__85089&from=searchresults
ITC Mora by Soho Boutique,"Centro de Madrid, Madrid",https://www.booking.com/hotel/es/mora-madrid.es.html?label=gen173nr-1FCAEoggI46AdIClgEaEaIAQGYAQq4ARnIAQ_YAQHoAQH4AQKIAgGoAgO4ArL50rwGwAIB0gIkOGZlNzdlZTAtYjM2Ni00NjEwLWJjZDItYjc2NTUzNTkyZGM32AIF4AIB&sid=5ad11202ea9cc1c07c5ed8caaaf11387&aid=304142&ucfs=1&arphpl=1&checkin=2025-03-01&checkout=2025-03-08&dest_id=-390625&dest_type=city&group_adults=2&req_adults=2&no_rooms=1&group_children=0&req_children=0&hpos=7&hapos=58&sr_order=popularity&srpvid=a6ce4e38ac41034b&srepoch=1737803258&all_sr_blocks=17300908_330582540_0_2_0_522300&highlighted_blocks=17300908_330582540_0_2_0_522300&matching_block_id=17300908_330582540_0_2_0_522300&sr_pri_blocks=17300908_330582540_0_2_0_522300_110929&from=searchresults
Beautiful studio in Tetuan for 2 pax - Bj A,"Tetuán, Madrid",https://www.booking.com/hotel/es/beautiful-studio-in-tetuan-for-2-pax-bj-a.es.html?label=gen173nr-1FCAEoggI46AdIClgEaEaIAQGYAQq4ARnIAQ_YAQHoAQH4AQKIAgGoAgO4ArL50rwGwAIB0gIkOGZlNzdlZTAtYjM2Ni00NjEwLWJjZDItYjc2NTUzNTkyZGM32AIF4AIB&sid=5ad11202ea9cc1c07c5ed8caaaf11387&aid=304142&ucfs=1&arphpl=1&checkin=2025-03-01&checkout=2025-03-08&dest_id=-390625&dest_type=city&group_adults=2&req_adults=2&no_rooms=1&group_children=0&req_children=0&hpos=8&hapos=59&sr_order=popularity&srpvid=a6ce4e38ac41034b&srepoch=1737803258&all_sr_blocks=1227442201_394775520_2_0_0&highlighted_blocks=1227442201_394775520_2_0_0&matching_block_id=1227442201_394775520_2_0_0&sr_pri_blocks=1227442201_394775520_2_0_0__66698&from=searchresults
Catalonia Puerta del Sol,"Centro de Madrid, Madrid",https://www.booking.com/hotel/es/cataloniamoratin.es.html?label=gen173nr-1FCAEoggI46AdIClgEaEaIAQGYAQq4ARnIAQ_YAQHoAQH4AQKIAgGoAgO4ArL50rwGwAIB0gIkOGZlNzdlZTAtYjM2Ni00NjEwLWJjZDItYjc2NTUzNTkyZGM32AIF4AIB&sid=5ad11202ea9cc1c07c5ed8caaaf11387&aid=304142&ucfs=1&arphpl=1&checkin=2025-03-01&checkout=2025-03-08&dest_id=-390625&dest_type=city&group_adults=2&req_adults=2&no_rooms=1&group_children=0&req_children=0&hpos=9&hapos=60&sr_order=popularity&srpvid=a6ce4e38ac41034b&srepoch=1737803258&all_sr_blocks=9057505_194595402_0_2_0&highlighted_blocks=9057505_194595402_0_2_0&matching_block_id=9057505_194595402_0_2_0&sr_pri_blocks=9057505_194595402_0_2_0__151000&from_sustainable_property_sr=1&from=searchresults
Sercotel Togumar,"Chamartín, Madrid",https://www.booking.com/hotel/es/hotel-secotel-togumar.es.html?label=gen173nr-1FCAEoggI46AdIClgEaEaIAQGYAQq4ARnIAQ_YAQHoAQH4AQKIAgGoAgO4ArL50rwGwAIB0gIkOGZlNzdlZTAtYjM2Ni00NjEwLWJjZDItYjc2NTUzNTkyZGM32AIF4AIB&sid=5ad11202ea9cc1c07c5ed8caaaf11387&aid=304142&ucfs=1&arphpl=1&checkin=2025-03-01&checkout=2025-03-08&dest_id=-390625&dest_type=city&group_adults=2&req_adults=2&no_rooms=1&group_children=0&req_children=0&hpos=10&hapos=61&sr_order=popularity&srpvid=a6ce4e38ac41034b&srepoch=1737803258&all_sr_blocks=9108520_230330099_2_2_0&highlighted_blocks=9108520_230330099_2_2_0&matching_block_id=9108520_230330099_2_2_0&sr_pri_blocks=9108520_230330099_2_2_0__95086&from_sustainable_property_sr=1&from=searchresults
Palacio Tirso de Molina - THE ARC COLLECTION,"Centro de Madrid, Madrid",https://www.booking.com/hotel/es/palacio-tirso-de-molina.es.html?label=gen173nr-1FCAEoggI46AdIClgEaEaIAQGYAQq4ARnIAQ_YAQHoAQH4AQKIAgGoAgO4ArL50rwGwAIB0gIkOGZlNzdlZTAtYjM2Ni00NjEwLWJjZDItYjc2NTUzNTkyZGM32AIF4AIB&sid=5ad11202ea9cc1c07c5ed8caaaf11387&aid=304142&ucfs=1&arphpl=1&checkin=2025-03-01&checkout=2025-03-08&dest_id=-390625&dest_type=city&group_adults=2&req_adults=2&no_rooms=1&group_children=0&req_children=0&hpos=11&hapos=62&sr_order=popularity&srpvid=a6ce4e38ac41034b&srepoch=1737803258&all_sr_blocks=825816102_406704902_0_0_0_466551&highlighted_blocks=825816102_406704902_0_0_0_466551&matching_block_id=825816102_406704902_0_0_0_466551&sr_pri_blocks=825816102_406704902_0_0_0_466551_250820&from=searchresults
Relais & Châteaux Hotel Orfila,"Chamberí, Madrid",https://www.booking.com/hotel/es/relais-chateaux-orfila.es.html?label=gen173nr-1FCAEoggI46AdIClgEaEaIAQGYAQq4ARnIAQ_YAQHoAQH4AQKIAgGoAgO4ArL50rwGwAIB0gIkOGZlNzdlZTAtYjM2Ni00NjEwLWJjZDItYjc2NTUzNTkyZGM32AIF4AIB&sid=5ad11202ea9cc1c07c5ed8caaaf11387&aid=304142&ucfs=1&arphpl=1&checkin=2025-03-01&checkout=2025-03-08&dest_id=-390625&dest_type=city&group_adults=2&req_adults=2&no_rooms=1&group_children=0&req_children=0&hpos=12&hapos=63&sr_order=popularity&srpvid=a6ce4e38ac41034b&srepoch=1737803258&all_sr_blocks=9279401_203698989_0_2_0&highlighted_blocks=9279401_203698989_0_2_0&matching_block_id=9279401_203698989_0_2_0&sr_pri_blocks=9279401_203698989_0_2_0__335478&from=searchresults
Aparto-Hotel Rosales,"Moncloa - Aravaca, Madrid",https://www.booking.com/hotel/es/aparto-rosales.es.html?label=gen173nr-1FCAEoggI46AdIClgEaEaIAQGYAQq4ARnIAQ_YAQHoAQH4AQKIAgGoAgO4ArL50rwGwAIB0gIkOGZlNzdlZTAtYjM2Ni00NjEwLWJjZDItYjc2NTUzNTkyZGM32AIF4AIB&sid=5ad11202ea9cc1c07c5ed8caaaf11387&aid=304142&ucfs=1&arphpl=1&checkin=2025-03-01&checkout=2025-03-08&dest_id=-390625&dest_type=city&group_adults=2&req_adults=2&no_rooms=1&group_children=0&req_children=0&hpos=13&hapos=64&sr_order=popularity&srpvid=a6ce4e38ac41034b&srepoch=1737803258&all_sr_blocks=18955007_382159629_0_0_0&highlighted_blocks=18955007_382159629_0_0_0&matching_block_id=18955007_382159629_0_0_0&sr_pri_blocks=18955007_382159629_0_0_0__116025&from=searchresults
Ilunion Atrium,"Ciudad Lineal, Madrid",https://www.booking.com/hotel/es/confortel-atrium.es.html?label=gen173nr-1FCAEoggI46AdIClgEaEaIAQGYAQq4ARnIAQ_YAQHoAQH4AQKIAgGoAgO4ArL50rwGwAIB0gIkOGZlNzdlZTAtYjM2Ni00NjEwLWJjZDItYjc2NTUzNTkyZGM32AIF4AIB&sid=5ad11202ea9cc1c07c5ed8caaaf11387&aid=304142&ucfs=1&arphpl=1&checkin=2025-03-01&checkout=2025-03-08&dest_id=-390625&dest_type=city&group_adults=2&req_adults=2&no_rooms=1&group_children=0&req_children=0&hpos=14&hapos=65&sr_order=popularity&srpvid=a6ce4e38ac41034b&srepoch=1737803258&all_sr_blocks=1732801_119604913_0_2_0_311295&highlighted_blocks=1732801_119604913_0_2_0_311295&matching_block_id=1732801_119604913_0_2_0_311295&sr_pri_blocks=1732801_119604913_0_2_0_311295_93280&from=searchresults
Travelodge Madrid Metropolitano,"San Blas, Madrid",https://www.booking.com/hotel/es/travelodge-madrid-alcala.es.html?label=gen173nr-1FCAEoggI46AdIClgEaEaIAQGYAQq4ARnIAQ_YAQHoAQH4AQKIAgGoAgO4ArL50rwGwAIB0gIkOGZlNzdlZTAtYjM2Ni00NjEwLWJjZDItYjc2NTUzNTkyZGM32AIF4AIB&sid=5ad11202ea9cc1c07c5ed8caaaf11387&aid=304142&ucfs=1&arphpl=1&checkin=2025-03-01&checkout=2025-03-08&dest_id=-390625&dest_type=city&group_adults=2&req_adults=2&no_rooms=1&group_children=0&req_children=0&hpos=15&hapos=66&sr_order=popularity&srpvid=a6ce4e38ac41034b&srepoch=1737803258&all_sr_blocks=48223201_91475134_0_2_0&highlighted_blocks=48223201_91475134_0_2_0&matching_block_id=48223201_91475134_0_2_0&sr_pri_blocks=48223201_91475134_0_2_0__57936&from=searchresults
Apartamentos SmartRenting Justicia,"Centro de Madrid, Madrid",https://www.booking.com/hotel/es/apartamentos-smartrenting-justicia.es.html?label=gen173nr-1FCAEoggI46AdIClgEaEaIAQGYAQq4ARnIAQ_YAQHoAQH4AQKIAgGoAgO4ArL50rwGwAIB0gIkOGZlNzdlZTAtYjM2Ni00NjEwLWJjZDItYjc2NTUzNTkyZGM32AIF4AIB&sid=5ad11202ea9cc1c07c5ed8caaaf11387&aid=304142&ucfs=1&arphpl=1&checkin=2025-03-01&checkout=2025-03-08&dest_id=-390625&dest_type=city&group_adults=2&req_adults=2&no_rooms=1&group_children=0&req_children=0&hpos=16&hapos=67&sr_order=popularity&srpvid=a6ce4e38ac41034b&srepoch=1737803258&all_sr_blocks=817568301_344315905_2_0_0&highlighted_blocks=817568301_344315905_2_0_0&matching_block_id=817568301_344315905_2_0_0&sr_pri_blocks=817568301_344315905_2_0_0__44144&from=searchresults
"Casa de las Artes, member of Meliá Collection","Centro de Madrid, Madrid",https://www.booking.com/hotel/es/casa-de-las-artes-member-of-melia-collection.es.html?label=gen173nr-1FCAEoggI46AdIClgEaEaIAQGYAQq4ARnIAQ_YAQHoAQH4AQKIAgGoAgO4ArL50rwGwAIB0gIkOGZlNzdlZTAtYjM2Ni00NjEwLWJjZDItYjc2NTUzNTkyZGM32AIF4AIB&sid=5ad11202ea9cc1c07c5ed8caaaf11387&aid=304142&ucfs=1&arphpl=1&checkin=2025-03-01&checkout=2025-03-08&dest_id=-390625&dest_type=city&group_adults=2&req_adults=2&no_rooms=1&group_children=0&req_children=0&hpos=17&hapos=68&sr_order=popularity&srpvid=a6ce4e38ac41034b&srepoch=1737803258&all_sr_blocks=9165102_395835822_2_2_0&highlighted_blocks=9165102_395835822_2_2_0&matching_block_id=9165102_395835822_2_2_0&sr_pri_blocks=9165102_395835822_2_2_0__218900&from_sustainable_property_sr=1&from=searchresults
Dobo Homes - HOR7,"Chamartín, Madrid",https://www.booking.com/hotel/es/dobohomes-horcajuelo.es.html?label=gen173nr-1FCAEoggI46AdIClgEaEaIAQGYAQq4ARnIAQ_YAQHoAQH4AQKIAgGoAgO4ArL50rwGwAIB0gIkOGZlNzdlZTAtYjM2Ni00NjEwLWJjZDItYjc2NTUzNTkyZGM32AIF4AIB&sid=5ad11202ea9cc1c07c5ed8caaaf11387&aid=304142&ucfs=1&arphpl=1&checkin=2025-03-01&checkout=2025-03-08&dest_id=-390625&dest_type=city&group_adults=2&req_adults=2&no_rooms=1&group_children=0&req_children=0&hpos=18&hapos=69&sr_order=popularity&srpvid=a6ce4e38ac41034b&srepoch=1737803258&all_sr_blocks=905522705_361620858_2_0_0&highlighted_blocks=905522705_361620858_2_0_0&matching_block_id=905522705_361620858_2_0_0&sr_pri_blocks=905522705_361620858_2_0_0__64687&from=searchresults
Apartamentos Madrid Connection - Universidad by Oshun Apartments,"Tetuán, Madrid",https://www.booking.com/hotel/es/apartamentos-madrid-connection-universidad-by-oshun-apartments.es.html?label=gen173nr-1FCAEoggI46AdIClgEaEaIAQGYAQq4ARnIAQ_YAQHoAQH4AQKIAgGoAgO4ArL50rwGwAIB0gIkOGZlNzdlZTAtYjM2Ni00NjEwLWJjZDItYjc2NTUzNTkyZGM32AIF4AIB&sid=5ad11202ea9cc1c07c5ed8caaaf11387&aid=304142&ucfs=1&arphpl=1&checkin=2025-03-01&checkout=2025-03-08&dest_id=-390625&dest_type=city&group_adults=2&req_adults=2&no_rooms=1&group_children=0&req_children=0&hpos=19&hapos=70&sr_order=popularity&srpvid=a6ce4e38ac41034b&srepoch=1737803258&all_sr_blocks=1158821302_388613315_2_0_0&highlighted_blocks=1158821302_388613315_2_0_0&matching_block_id=1158821302_388613315_2_0_0&sr_pri_blocks=1158821302_388613315_2_0_0__58165&from=searchresults
Argüelles Apartment,"Moncloa - Aravaca, Madrid",https://www.booking.com/hotel/es/rentalis-arguelles.es.html?label=gen173nr-1FCAEoggI46AdIClgEaEaIAQGYAQq4ARnIAQ_YAQHoAQH4AQKIAgGoAgO4ArL50rwGwAIB0gIkOGZlNzdlZTAtYjM2Ni00NjEwLWJjZDItYjc2NTUzNTkyZGM32AIF4AIB&sid=5ad11202ea9cc1c07c5ed8caaaf11387&aid=304142&ucfs=1&arphpl=1&checkin=2025-03-01&checkout=2025-03-08&dest_id=-390625&dest_type=city&group_adults=2&req_adults=2&no_rooms=1&group_children=0&req_children=0&hpos=20&hapos=71&sr_order=popularity&srpvid=a6ce4e38ac41034b&srepoch=1737803258&all_sr_blocks=290191401_223891905_2_0_0&highlighted_blocks=290191401_223891905_2_0_0&matching_block_id=290191401_223891905_2_0_0&sr_pri_blocks=290191401_223891905_2_0_0__103105&from=searchresults
L&G Madrid Apartments,"Arganzuela, Madrid",https://www.booking.com/hotel/es/l-amp-g-madrid-apartments.es.html?label=gen173nr-1FCAEoggI46AdIClgEaEaIAQGYAQq4ARnIAQ_YAQHoAQH4AQKIAgGoAgO4ArL50rwGwAIB0gIkOGZlNzdlZTAtYjM2Ni00NjEwLWJjZDItYjc2NTUzNTkyZGM32AIF4AIB&sid=5ad11202ea9cc1c07c5ed8caaaf11387&aid=304142&ucfs=1&arphpl=1&checkin=2025-03-01&checkout=2025-03-08&dest_id=-390625&dest_type=city&group_adults=2&req_adults=2&no_rooms=1&group_children=0&req_children=0&hpos=21&hapos=72&sr_order=popularity&srpvid=a6ce4e38ac41034b&srepoch=1737803258&all_sr_blocks=647586003_353134856_2_0_0&highlighted_blocks=647586003_353134856_2_0_0&matching_block_id=647586003_353134856_2_0_0&sr_pri_blocks=647586003_353134856_2_0_0__178430&from=searchresults
Hostal Arrate,"Chamberí, Madrid",https://www.booking.com/hotel/es/hostal-residencia-arrate.es.html?label=gen173nr-1FCAEoggI46AdIClgEaEaIAQGYAQq4ARnIAQ_YAQHoAQH4AQKIAgGoAgO4ArL50rwGwAIB0gIkOGZlNzdlZTAtYjM2Ni00NjEwLWJjZDItYjc2NTUzNTkyZGM32AIF4AIB&sid=5ad11202ea9cc1c07c5ed8caaaf11387&aid=304142&ucfs=1&arphpl=1&checkin=2025-03-01&checkout=2025-03-08&dest_id=-390625&dest_type=city&group_adults=2&req_adults=2&no_rooms=1&group_children=0&req_children=0&hpos=22&hapos=73&sr_order=popularity&srpvid=a6ce4e38ac41034b&srepoch=1737803258&all_sr_blocks=39068604_405284682_2_0_0&highlighted_blocks=39068604_405284682_2_0_0&matching_block_id=39068604_405284682_2_0_0&sr_pri_blocks=39068604_405284682_2_0_0__76065&from=searchresults
"Holiday Inn Express - Madrid - Airport, an IHG Hotel","San Blas, Madrid",https://www.booking.com/hotel/es/holiday-inn-express-madrid-airport-an-ihg.es.html?label=gen173nr-1FCAEoggI46AdIClgEaEaIAQGYAQq4ARnIAQ_YAQHoAQH4AQKIAgGoAgO4ArL50rwGwAIB0gIkOGZlNzdlZTAtYjM2Ni00NjEwLWJjZDItYjc2NTUzNTkyZGM32AIF4AIB&sid=5ad11202ea9cc1c07c5ed8caaaf11387&aid=304142&ucfs=1&arphpl=1&checkin=2025-03-01&checkout=2025-03-08&dest_id=-390625&dest_type=city&group_adults=2&req_adults=2&no_rooms=1&group_children=0&req_children=0&hpos=23&hapos=74&sr_order=popularity&srpvid=a6ce4e38ac41034b&srepoch=1737803258&all_sr_blocks=895466101_360146540_2_41_0&highlighted_blocks=895466101_360146540_2_41_0&matching_block_id=895466101_360146540_2_41_0&sr_pri_blocks=895466101_360146540_2_41_0__68191&from_sustainable_property_sr=1&from=searchresults
Apartamentos Goya 75,"Salamanca, Madrid",https://www.booking.com/hotel/es/apartamentos-goya-75.es.html?label=gen173nr-1FCAEoggI46AdIClgEaEaIAQGYAQq4ARnIAQ_YAQHoAQH4AQKIAgGoAgO4ArL50rwGwAIB0gIkOGZlNzdlZTAtYjM2Ni00NjEwLWJjZDItYjc2NTUzNTkyZGM32AIF4AIB&sid=5ad11202ea9cc1c07c5ed8caaaf11387&aid=304142&ucfs=1&arphpl=1&checkin=2025-03-01&checkout=2025-03-08&dest_id=-390625&dest_type=city&group_adults=2&req_adults=2&no_rooms=1&group_children=0&req_children=0&hpos=24&hapos=75&sr_order=popularity&srpvid=a6ce4e38ac41034b&srepoch=1737803258&all_sr_blocks=9270602_309333432_0_0_0&highlighted_blocks=9270602_309333432_0_0_0&matching_block_id=9270602_309333432_0_0_0&sr_pri_blocks=9270602_309333432_0_0_0__88000&from=searchresults
Eurostars Suites Mirasierra,"Fuencarral - El Pardo, Madrid",https://www.booking.com/hotel/es/mirasierrasuites.es.html?label=gen173nr-1FCAEoggI46AdIClgEaEaIAQGYAQq4ARnIAQ_YAQHoAQH4AQKIAgGoAgO4ArL50rwGwAIB0gIkOGZlNzdlZTAtYjM2Ni00NjEwLWJjZDItYjc2NTUzNTkyZGM32AIF4AIB&sid=5ad11202ea9cc1c07c5ed8caaaf11387&aid=304142&ucfs=1&arphpl=1&checkin=2025-03-01&checkout=2025-03-08&dest_id=-390625&dest_type=city&group_adults=2&req_adults=2&no_rooms=1&group_children=0&req_children=0&hpos=25&hapos=76&sr_order=popularity&srpvid=a6ce4e38ac41034b&srepoch=1737803258&all_sr_blocks=9076736_0_2_0_0&highlighted_blocks=9076736_0_2_0_0&matching_block_id=9076736_0_2_0_0&sr_pri_blocks=9076736_0_2_0_0__130239&from_sustainable_property_sr=1&from=searchresults
Agora Juan de Austria,"Chamberí, Madrid",https://www.booking.com/hotel/es/agora-juan-de-austria.es.html?label=gen173nr-1FCAEoggI46AdIClgEaEaIAQGYAQq4ARnIAQ_YAQHoAQH4AQKIAgGoAgO4ArL50rwGwAIB0gIkOGZlNzdlZTAtYjM2Ni00NjEwLWJjZDItYjc2NTUzNTkyZGM32AIF4AIB&sid=5ad11202ea9cc1c07c5ed8caaaf11387&aid=304142&ucfs=1&arphpl=1&checkin=2025-03-01&checkout=2025-03-08&dest_id=-390625&dest_type=city&group_adults=2&req_adults=2&no_rooms=1&group_children=0&req_children=0&hpos=1&hapos=77&sr_order=popularity&srpvid=a6ce4e38ac41034b&srepoch=1737803260&all_sr_blocks=17438109_206905581_0_2_0&highlighted_blocks=17438109_206905581_0_2_0&matching_block_id=17438109_206905581_0_2_0&sr_pri_blocks=17438109_206905581_0_2_0__110303&from=searchresults
Vincci Soma,"Salamanca, Madrid",https://www.booking.com/hotel/es/bauza.es.html?label=gen173nr-1FCAEoggI46AdIClgEaEaIAQGYAQq4ARnIAQ_YAQHoAQH4AQKIAgGoAgO4ArL50rwGwAIB0gIkOGZlNzdlZTAtYjM2Ni00NjEwLWJjZDItYjc2NTUzNTkyZGM32AIF4AIB&sid=5ad11202ea9cc1c07c5ed8caaaf11387&aid=304142&ucfs=1&arphpl=1&checkin=2025-03-01&checkout=2025-03-08&dest_id=-390625&dest_type=city&group_adults=2&req_adults=2&no_rooms=1&group_children=0&req_children=0&hpos=2&hapos=78&sr_order=popularity&srpvid=a6ce4e38ac41034b&srepoch=1737803260&all_sr_blocks=0_0_2_0_0&highlighted_blocks=0_0_2_0_0&matching_block_id=0_0_2_0_0&sr_pri_blocks=0_0_2_0_0__173339&from_sustainable_property_sr=1&from=searchresults
Alianza Suites,"Villaverde, Madrid",https://www.booking.com/hotel/es/alianza-suites.es.html?label=gen173nr-1FCAEoggI46AdIClgEaEaIAQGYAQq4ARnIAQ_YAQHoAQH4AQKIAgGoAgO4ArL50rwGwAIB0gIkOGZlNzdlZTAtYjM2Ni00NjEwLWJjZDItYjc2NTUzNTkyZGM32AIF4AIB&sid=5ad11202ea9cc1c07c5ed8caaaf11387&aid=304142&ucfs=1&arphpl=1&checkin=2025-03-01&checkout=2025-03-08&dest_id=-390625&dest_type=city&group_adults=2&req_adults=2&no_rooms=1&group_children=0&req_children=0&hpos=3&hapos=79&sr_order=popularity&srpvid=a6ce4e38ac41034b&srepoch=1737803260&all_sr_blocks=1075928202_381558347_2_0_0&highlighted_blocks=1075928202_381558347_2_0_0&matching_block_id=1075928202_381558347_2_0_0&sr_pri_blocks=1075928202_381558347_2_0_0__64883&from=searchresults
NH Barajas Airport,"Barajas, Madrid",https://www.booking.com/hotel/es/nhbarajas.es.html?label=gen173nr-1FCAEoggI46AdIClgEaEaIAQGYAQq4ARnIAQ_YAQHoAQH4AQKIAgGoAgO4ArL50rwGwAIB0gIkOGZlNzdlZTAtYjM2Ni00NjEwLWJjZDItYjc2NTUzNTkyZGM32AIF4AIB&sid=5ad11202ea9cc1c07c5ed8caaaf11387&aid=304142&ucfs=1&arphpl=1&checkin=2025-03-01&checkout=2025-03-08&dest_id=-390625&dest_type=city&group_adults=2&req_adults=2&no_rooms=1&group_children=0&req_children=0&hpos=4&hapos=80&sr_order=popularity&srpvid=a6ce4e38ac41034b&srepoch=1737803260&all_sr_blocks=9068202_93708930_0_2_0&highlighted_blocks=9068202_93708930_0_2_0&matching_block_id=9068202_93708930_0_2_0&sr_pri_blocks=9068202_93708930_0_2_0__75350&from_sustainable_property_sr=1&from=searchresults
LA CANTUEÑA,Madrid,https://www.booking.com/hotel/es/la-cantuena-madrid1.es.html?label=gen173nr-1FCAEoggI46AdIClgEaEaIAQGYAQq4ARnIAQ_YAQHoAQH4AQKIAgGoAgO4ArL50rwGwAIB0gIkOGZlNzdlZTAtYjM2Ni00NjEwLWJjZDItYjc2NTUzNTkyZGM32AIF4AIB&sid=5ad11202ea9cc1c07c5ed8caaaf11387&aid=304142&ucfs=1&arphpl=1&checkin=2025-03-01&checkout=2025-03-08&dest_id=-390625&dest_type=city&group_adults=2&req_adults=2&no_rooms=1&group_children=0&req_children=0&hpos=5&hapos=81&sr_order=popularity&srpvid=a6ce4e38ac41034b&srepoch=1737803260&all_sr_blocks=1138920401_386605241_2_42_0&highlighted_blocks=1138920401_386605241_2_42_0&matching_block_id=1138920401_386605241_2_42_0&sr_pri_blocks=1138920401_386605241_2_42_0__41085&from=searchresults
Hostal Manuela by Gaiarooms,"Centro de Madrid, Madrid",https://www.booking.com/hotel/es/hostal-manuela-by-gaiarooms.es.html?label=gen173nr-1FCAEoggI46AdIClgEaEaIAQGYAQq4ARnIAQ_YAQHoAQH4AQKIAgGoAgO4ArL50rwGwAIB0gIkOGZlNzdlZTAtYjM2Ni00NjEwLWJjZDItYjc2NTUzNTkyZGM32AIF4AIB&sid=5ad11202ea9cc1c07c5ed8caaaf11387&aid=304142&ucfs=1&arphpl=1&checkin=2025-03-01&checkout=2025-03-08&dest_id=-390625&dest_type=city&group_adults=2&req_adults=2&no_rooms=1&group_children=0&req_children=0&hpos=6&hapos=82&sr_order=popularity&srpvid=a6ce4e38ac41034b&srepoch=1737803260&all_sr_blocks=9108839_404986117_0_0_0&highlighted_blocks=9108839_404986117_0_0_0&matching_block_id=9108839_404986117_0_0_0&sr_pri_blocks=9108839_404986117_0_0_0__85398&from=searchresults
T-Homes Salamanca,"Tetuán, Madrid",https://www.booking.com/hotel/es/t-homes-salamanca.es.html?label=gen173nr-1FCAEoggI46AdIClgEaEaIAQGYAQq4ARnIAQ_YAQHoAQH4AQKIAgGoAgO4ArL50rwGwAIB0gIkOGZlNzdlZTAtYjM2Ni00NjEwLWJjZDItYjc2NTUzNTkyZGM32AIF4AIB&sid=5ad11202ea9cc1c07c5ed8caaaf11387&aid=304142&ucfs=1&arphpl=1&checkin=2025-03-01&checkout=2025-03-08&dest_id=-390625&dest_type=city&group_adults=2&req_adults=2&no_rooms=1&group_children=0&req_children=0&hpos=7&hapos=83&sr_order=popularity&srpvid=a6ce4e38ac41034b&srepoch=1737803260&all_sr_blocks=824437302_350332722_2_0_0&highlighted_blocks=824437302_350332722_2_0_0&matching_block_id=824437302_350332722_2_0_0&sr_pri_blocks=824437302_350332722_2_0_0__83776&from=searchresults
H-A Aparthotel Hotel Quo,"Salamanca, Madrid",https://www.booking.com/hotel/es/quoeraso.es.html?label=gen173nr-1FCAEoggI46AdIClgEaEaIAQGYAQq4ARnIAQ_YAQHoAQH4AQKIAgGoAgO4ArL50rwGwAIB0gIkOGZlNzdlZTAtYjM2Ni00NjEwLWJjZDItYjc2NTUzNTkyZGM32AIF4AIB&sid=5ad11202ea9cc1c07c5ed8caaaf11387&aid=304142&ucfs=1&arphpl=1&checkin=2025-03-01&checkout=2025-03-08&dest_id=-390625&dest_type=city&group_adults=2&req_adults=2&no_rooms=1&group_children=0&req_children=0&hpos=8&hapos=84&sr_order=popularity&srpvid=a6ce4e38ac41034b&srepoch=1737803260&all_sr_blocks=9089737_368686375_0_0_0&highlighted_blocks=9089737_368686375_0_0_0&matching_block_id=9089737_368686375_0_0_0&sr_pri_blocks=9089737_368686375_0_0_0__92095&from=searchresults
Hostal Charlotte-Gran Vía,"Centro de Madrid, Madrid",https://www.booking.com/hotel/es/hostal-charlotte-madrid123.es.html?label=gen173nr-1FCAEoggI46AdIClgEaEaIAQGYAQq4ARnIAQ_YAQHoAQH4AQKIAgGoAgO4ArL50rwGwAIB0gIkOGZlNzdlZTAtYjM2Ni00NjEwLWJjZDItYjc2NTUzNTkyZGM32AIF4AIB&sid=5ad11202ea9cc1c07c5ed8caaaf11387&aid=304142&ucfs=1&arphpl=1&checkin=2025-03-01&checkout=2025-03-08&dest_id=-390625&dest_type=city&group_adults=2&req_adults=2&no_rooms=1&group_children=0&req_children=0&hpos=9&hapos=85&sr_order=popularity&srpvid=a6ce4e38ac41034b&srepoch=1737803260&all_sr_blocks=346677002_397572623_2_2_0&highlighted_blocks=346677002_397572623_2_2_0&matching_block_id=346677002_397572623_2_2_0&sr_pri_blocks=346677002_397572623_2_2_0__97234&from=searchresults
Hostal Lisboa,"Centro de Madrid, Madrid",https://www.booking.com/hotel/es/hostal-lisboa-madrid.es.html?label=gen173nr-1FCAEoggI46AdIClgEaEaIAQGYAQq4ARnIAQ_YAQHoAQH4AQKIAgGoAgO4ArL50rwGwAIB0gIkOGZlNzdlZTAtYjM2Ni00NjEwLWJjZDItYjc2NTUzNTkyZGM32AIF4AIB&sid=5ad11202ea9cc1c07c5ed8caaaf11387&aid=304142&ucfs=1&arphpl=1&checkin=2025-03-01&checkout=2025-03-08&dest_id=-390625&dest_type=city&group_adults=2&req_adults=2&no_rooms=1&group_children=0&req_children=0&hpos=10&hapos=86&sr_order=popularity&srpvid=a6ce4e38ac41034b&srepoch=1737803260&all_sr_blocks=26125807_179716803_0_0_0&highlighted_blocks=26125807_179716803_0_0_0&matching_block_id=26125807_179716803_0_0_0&sr_pri_blocks=26125807_179716803_0_0_0__92365&from=searchresults
Eurostars Central,"Centro de Madrid, Madrid",https://www.booking.com/hotel/es/exe-central.es.html?label=gen173nr-1FCAEoggI46AdIClgEaEaIAQGYAQq4ARnIAQ_YAQHoAQH4AQKIAgGoAgO4ArL50rwGwAIB0gIkOGZlNzdlZTAtYjM2Ni00NjEwLWJjZDItYjc2NTUzNTkyZGM32AIF4AIB&sid=5ad11202ea9cc1c07c5ed8caaaf11387&aid=304142&ucfs=1&arphpl=1&checkin=2025-03-01&checkout=2025-03-08&dest_id=-390625&dest_type=city&group_adults=2&req_adults=2&no_rooms=1&group_children=0&req_children=0&hpos=11&hapos=87&sr_order=popularity&srpvid=a6ce4e38ac41034b&srepoch=1737803260&all_sr_blocks=118799501_0_2_0_0&highlighted_blocks=118799501_0_2_0_0&matching_block_id=118799501_0_2_0_0&sr_pri_blocks=118799501_0_2_0_0__109536&from_sustainable_property_sr=1&from=searchresults
JM11B Apartamento Chamberi AC WIFI Fibra,"Chamberí, Madrid",https://www.booking.com/hotel/es/jm11b-apartamento-chamberi-ac-wifi-fibra.es.html?label=gen173nr-1FCAEoggI46AdIClgEaEaIAQGYAQq4ARnIAQ_YAQHoAQH4AQKIAgGoAgO4ArL50rwGwAIB0gIkOGZlNzdlZTAtYjM2Ni00NjEwLWJjZDItYjc2NTUzNTkyZGM32AIF4AIB&sid=5ad11202ea9cc1c07c5ed8caaaf11387&aid=304142&ucfs=1&arphpl=1&checkin=2025-03-01&checkout=2025-03-08&dest_id=-390625&dest_type=city&group_adults=2&req_adults=2&no_rooms=1&group_children=0&req_children=0&hpos=12&hapos=88&sr_order=popularity&srpvid=a6ce4e38ac41034b&srepoch=1737803260&all_sr_blocks=1256222301_399699588_3_0_0&highlighted_blocks=1256222301_399699588_3_0_0&matching_block_id=1256222301_399699588_3_0_0&sr_pri_blocks=1256222301_399699588_3_0_0__50000&from=searchresults
Grupotel Mayorazgo,"Centro de Madrid, Madrid",https://www.booking.com/hotel/es/mayorazgo.es.html?label=gen173nr-1FCAEoggI46AdIClgEaEaIAQGYAQq4ARnIAQ_YAQHoAQH4AQKIAgGoAgO4ArL50rwGwAIB0gIkOGZlNzdlZTAtYjM2Ni00NjEwLWJjZDItYjc2NTUzNTkyZGM32AIF4AIB&sid=5ad11202ea9cc1c07c5ed8caaaf11387&aid=304142&ucfs=1&arphpl=1&checkin=2025-03-01&checkout=2025-03-08&dest_id=-390625&dest_type=city&group_adults=2&req_adults=2&no_rooms=1&group_children=0&req_children=0&hpos=13&hapos=89&sr_order=popularity&srpvid=a6ce4e38ac41034b&srepoch=1737803260&all_sr_blocks=1593304_405647905_0_42_0&highlighted_blocks=1593304_405647905_0_42_0&matching_block_id=1593304_405647905_0_42_0&sr_pri_blocks=1593304_405647905_0_42_0__136637&from=searchresults
Petit Palace Arturo Soria Alcalá,"Ciudad Lineal, Madrid",https://www.booking.com/hotel/es/arturosoria.es.html?label=gen173nr-1FCAEoggI46AdIClgEaEaIAQGYAQq4ARnIAQ_YAQHoAQH4AQKIAgGoAgO4ArL50rwGwAIB0gIkOGZlNzdlZTAtYjM2Ni00NjEwLWJjZDItYjc2NTUzNTkyZGM32AIF4AIB&sid=5ad11202ea9cc1c07c5ed8caaaf11387&aid=304142&ucfs=1&arphpl=1&checkin=2025-03-01&checkout=2025-03-08&dest_id=-390625&dest_type=city&group_adults=2&req_adults=2&no_rooms=1&group_children=0&req_children=0&hpos=14&hapos=90&sr_order=popularity&srpvid=a6ce4e38ac41034b&srepoch=1737803260&all_sr_blocks=9030809_202722743_0_1_0_182186&highlighted_blocks=9030809_202722743_0_1_0_182186&matching_block_id=9030809_202722743_0_1_0_182186&sr_pri_blocks=9030809_202722743_0_1_0_182186_131700&from=searchresults
Sercotel Madrid Aeropuerto,"Barajas, Madrid",https://www.booking.com/hotel/es/sercotelmadridaeropuerto.es.html?label=gen173nr-1FCAEoggI46AdIClgEaEaIAQGYAQq4ARnIAQ_YAQHoAQH4AQKIAgGoAgO4ArL50rwGwAIB0gIkOGZlNzdlZTAtYjM2Ni00NjEwLWJjZDItYjc2NTUzNTkyZGM32AIF4AIB&sid=5ad11202ea9cc1c07c5ed8caaaf11387&aid=304142&ucfs=1&arphpl=1&checkin=2025-03-01&checkout=2025-03-08&dest_id=-390625&dest_type=city&group_adults=2&req_adults=2&no_rooms=1&group_children=0&req_children=0&hpos=15&hapos=91&sr_order=popularity&srpvid=a6ce4e38ac41034b&srepoch=1737803260&all_sr_blocks=9038104_392584740_2_2_0&highlighted_blocks=9038104_392584740_2_2_0&matching_block_id=9038104_392584740_2_2_0&sr_pri_blocks=9038104_392584740_2_2_0__86816&from_sustainable_property_sr=1&from=searchresults
Novotel Madrid City Las Ventas,"Ciudad Lineal, Madrid",https://www.booking.com/hotel/es/novotel-madrid-city-las-ventas.es.html?label=gen173nr-1FCAEoggI46AdIClgEaEaIAQGYAQq4ARnIAQ_YAQHoAQH4AQKIAgGoAgO4ArL50rwGwAIB0gIkOGZlNzdlZTAtYjM2Ni00NjEwLWJjZDItYjc2NTUzNTkyZGM32AIF4AIB&sid=5ad11202ea9cc1c07c5ed8caaaf11387&aid=304142&ucfs=1&arphpl=1&checkin=2025-03-01&checkout=2025-03-08&dest_id=-390625&dest_type=city&group_adults=2&req_adults=2&no_rooms=1&group_children=0&req_children=0&hpos=16&hapos=92&sr_order=popularity&srpvid=a6ce4e38ac41034b&srepoch=1737803260&all_sr_blocks=9370419_93709726_2_34_0&highlighted_blocks=9370419_93709726_2_34_0&matching_block_id=9370419_93709726_2_34_0&sr_pri_blocks=9370419_93709726_2_34_0__84018&from_sustainable_property_sr=1&from=searchresults
Horoko Apartments by Gaiarooms,"Tetuán, Madrid",https://www.booking.com/hotel/es/miosotis13-madrid.es.html?label=gen173nr-1FCAEoggI46AdIClgEaEaIAQGYAQq4ARnIAQ_YAQHoAQH4AQKIAgGoAgO4ArL50rwGwAIB0gIkOGZlNzdlZTAtYjM2Ni00NjEwLWJjZDItYjc2NTUzNTkyZGM32AIF4AIB&sid=5ad11202ea9cc1c07c5ed8caaaf11387&aid=304142&ucfs=1&arphpl=1&checkin=2025-03-01&checkout=2025-03-08&dest_id=-390625&dest_type=city&group_adults=2&req_adults=2&no_rooms=1&group_children=0&req_children=0&hpos=17&hapos=93&sr_order=popularity&srpvid=a6ce4e38ac41034b&srepoch=1737803260&all_sr_blocks=404743703_404656383_2_0_0&highlighted_blocks=404743703_404656383_2_0_0&matching_block_id=404743703_404656383_2_0_0&sr_pri_blocks=404743703_404656383_2_0_0__84078&from=searchresults
Toledo habitaciones,"Centro de Madrid, Madrid",https://www.booking.com/hotel/es/toledo-habitaciones.es.html?label=gen173nr-1FCAEoggI46AdIClgEaEaIAQGYAQq4ARnIAQ_YAQHoAQH4AQKIAgGoAgO4ArL50rwGwAIB0gIkOGZlNzdlZTAtYjM2Ni00NjEwLWJjZDItYjc2NTUzNTkyZGM32AIF4AIB&sid=5ad11202ea9cc1c07c5ed8caaaf11387&aid=304142&ucfs=1&arphpl=1&checkin=2025-03-01&checkout=2025-03-08&dest_id=-390625&dest_type=city&group_adults=2&req_adults=2&no_rooms=1&group_children=0&req_children=0&hpos=18&hapos=94&sr_order=popularity&srpvid=a6ce4e38ac41034b&srepoch=1737803260&all_sr_blocks=1013509001_373952876_2_0_0&highlighted_blocks=1013509001_373952876_2_0_0&matching_block_id=1013509001_373952876_2_0_0&sr_pri_blocks=1013509001_373952876_2_0_0__28440&from=searchresults
Home Art Apartments Salamanca,"Salamanca, Madrid",https://www.booking.com/hotel/es/urban-vida-madrid.es.html?label=gen173nr-1FCAEoggI46AdIClgEaEaIAQGYAQq4ARnIAQ_YAQHoAQH4AQKIAgGoAgO4ArL50rwGwAIB0gIkOGZlNzdlZTAtYjM2Ni00NjEwLWJjZDItYjc2NTUzNTkyZGM32AIF4AIB&sid=5ad11202ea9cc1c07c5ed8caaaf11387&aid=304142&ucfs=1&arphpl=1&checkin=2025-03-01&checkout=2025-03-08&dest_id=-390625&dest_type=city&group_adults=2&req_adults=2&no_rooms=1&group_children=0&req_children=0&hpos=19&hapos=95&sr_order=popularity&srpvid=a6ce4e38ac41034b&srepoch=1737803260&all_sr_blocks=279471803_353877713_2_0_0&highlighted_blocks=279471803_353877713_2_0_0&matching_block_id=279471803_353877713_2_0_0&sr_pri_blocks=279471803_353877713_2_0_0__120748&from=searchresults
JC Rooms Santa Ana,"Centro de Madrid, Madrid",https://www.booking.com/hotel/es/jc-rooms-santa-ana.es.html?label=gen173nr-1FCAEoggI46AdIClgEaEaIAQGYAQq4ARnIAQ_YAQHoAQH4AQKIAgGoAgO4ArL50rwGwAIB0gIkOGZlNzdlZTAtYjM2Ni00NjEwLWJjZDItYjc2NTUzNTkyZGM32AIF4AIB&sid=5ad11202ea9cc1c07c5ed8caaaf11387&aid=304142&ucfs=1&arphpl=1&checkin=2025-03-01&checkout=2025-03-08&dest_id=-390625&dest_type=city&group_adults=2&req_adults=2&no_rooms=1&group_children=0&req_children=0&hpos=20&hapos=96&sr_order=popularity&srpvid=a6ce4e38ac41034b&srepoch=1737803260&all_sr_blocks=26065402_88205632_0_0_0&highlighted_blocks=26065402_88205632_0_0_0&matching_block_id=26065402_88205632_0_0_0&sr_pri_blocks=26065402_88205632_0_0_0__91400&from=searchresults
Calle Aduana,"Centro de Madrid, Madrid",https://www.booking.com/hotel/es/calle-aduana.es.html?label=gen173nr-1FCAEoggI46AdIClgEaEaIAQGYAQq4ARnIAQ_YAQHoAQH4AQKIAgGoAgO4ArL50rwGwAIB0gIkOGZlNzdlZTAtYjM2Ni00NjEwLWJjZDItYjc2NTUzNTkyZGM32AIF4AIB&sid=5ad11202ea9cc1c07c5ed8caaaf11387&aid=304142&ucfs=1&arphpl=1&checkin=2025-03-01&checkout=2025-03-08&dest_id=-390625&dest_type=city&group_adults=2&req_adults=2&no_rooms=1&group_children=0&req_children=0&hpos=21&hapos=97&sr_order=popularity&srpvid=a6ce4e38ac41034b&srepoch=1737803260&all_sr_blocks=253029601_113664651_0_0_0&highlighted_blocks=253029601_113664651_0_0_0&matching_block_id=253029601_113664651_0_0_0&sr_pri_blocks=253029601_113664651_0_0_0__121145&from=searchresults
Eurostars Madrid Gran Vía,"Centro de Madrid, Madrid",https://www.booking.com/hotel/es/elcoloso.es.html?label=gen173nr-1FCAEoggI46AdIClgEaEaIAQGYAQq4ARnIAQ_YAQHoAQH4AQKIAgGoAgO4ArL50rwGwAIB0gIkOGZlNzdlZTAtYjM2Ni00NjEwLWJjZDItYjc2NTUzNTkyZGM32AIF4AIB&sid=5ad11202ea9cc1c07c5ed8caaaf11387&aid=304142&ucfs=1&arphpl=1&checkin=2025-03-01&checkout=2025-03-08&dest_id=-390625&dest_type=city&group_adults=2&req_adults=2&no_rooms=1&group_children=0&req_children=0&hpos=22&hapos=98&sr_order=popularity&srpvid=a6ce4e38ac41034b&srepoch=1737803260&all_sr_blocks=9030202_88181537_2_2_0&highlighted_blocks=9030202_88181537_2_2_0&matching_block_id=9030202_88181537_2_2_0&sr_pri_blocks=9030202_88181537_2_2_0__114210&from=searchresults
Dormirdcine,"Salamanca, Madrid",https://www.booking.com/hotel/es/dormirdcine.es.html?label=gen173nr-1FCAEoggI46AdIClgEaEaIAQGYAQq4ARnIAQ_YAQHoAQH4AQKIAgGoAgO4ArL50rwGwAIB0gIkOGZlNzdlZTAtYjM2Ni00NjEwLWJjZDItYjc2NTUzNTkyZGM32AIF4AIB&sid=5ad11202ea9cc1c07c5ed8caaaf11387&aid=304142&ucfs=1&arphpl=1&checkin=2025-03-01&checkout=2025-03-08&dest_id=-390625&dest_type=city&group_adults=2&req_adults=2&no_rooms=1&group_children=0&req_children=0&hpos=23&hapos=99&sr_order=popularity&srpvid=a6ce4e38ac41034b&srepoch=1737803260&all_sr_blocks=18952203_0_2_0_0&highlighted_blocks=18952203_0_2_0_0&matching_block_id=18952203_0_2_0_0&sr_pri_blocks=18952203_0_2_0_0__106398&from=searchresults
Sercotel Alcalá 611,"San Blas, Madrid",https://www.booking.com/hotel/es/trypalcala.es.html?label=gen173nr-1FCAEoggI46AdIClgEaEaIAQGYAQq4ARnIAQ_YAQHoAQH4AQKIAgGoAgO4ArL50rwGwAIB0gIkOGZlNzdlZTAtYjM2Ni00NjEwLWJjZDItYjc2NTUzNTkyZGM32AIF4AIB&sid=5ad11202ea9cc1c07c5ed8caaaf11387&aid=304142&ucfs=1&arphpl=1&checkin=2025-03-01&checkout=2025-03-08&dest_id=-390625&dest_type=city&group_adults=2&req_adults=2&no_rooms=1&group_children=0&req_children=0&hpos=24&hapos=100&sr_order=popularity&srpvid=a6ce4e38ac41034b&srepoch=1737803260&all_sr_blocks=9172101_402822792_2_2_0&highlighted_blocks=9172101_402822792_2_2_0&matching_block_id=9172101_402822792_2_2_0&sr_pri_blocks=9172101_402822792_2_2_0__90911&from_sustainable_property_sr=1&from=searchresults
Exe Convention Plaza Madrid,"Fuencarral - El Pardo, Madrid",https://www.booking.com/hotel/es/exe-convention-plaza-madrid.es.html?label=gen173nr-1FCAEoggI46AdIClgEaEaIAQGYAQq4ARnIAQ_YAQHoAQH4AQKIAgGoAgO4ArL50rwGwAIB0gIkOGZlNzdlZTAtYjM2Ni00NjEwLWJjZDItYjc2NTUzNTkyZGM32AIF4AIB&sid=5ad11202ea9cc1c07c5ed8caaaf11387&aid=304142&ucfs=1&arphpl=1&checkin=2025-03-01&checkout=2025-03-08&dest_id=-390625&dest_type=city&group_adults=2&req_adults=2&no_rooms=1&group_children=0&req_children=0&hpos=25&hapos=101&sr_order=popularity&srpvid=a6ce4e38ac41034b&srepoch=1737803260&all_sr_blocks=49693518_88209911_2_2_0&highlighted_blocks=49693518_88209911_2_2_0&matching_block_id=49693518_88209911_2_2_0&sr_pri_blocks=49693518_88209911_2_2_0__97466&from_sustainable_property_sr=1&from=searchresults
Eco Via Lusitana,"Carabanchel, Madrid",https://www.booking.com/hotel/es/egidovialusitania.es.html?label=gen173nr-1FCAEoggI46AdIClgEaEaIAQGYAQq4ARnIAQ_YAQHoAQH4AQKIAgGoAgO4ArL50rwGwAIB0gIkOGZlNzdlZTAtYjM2Ni00NjEwLWJjZDItYjc2NTUzNTkyZGM32AIF4AIB&sid=5ad11202ea9cc1c07c5ed8caaaf11387&aid=304142&ucfs=1&arphpl=1&checkin=2025-03-01&checkout=2025-03-08&dest_id=-390625&dest_type=city&group_adults=2&req_adults=2&no_rooms=1&group_children=0&req_children=0&hpos=1&hapos=102&sr_order=popularity&srpvid=a6ce4e38ac41034b&srepoch=1737803261&all_sr_blocks=9125802_88190839_0_2_0_359815&highlighted_blocks=9125802_88190839_0_2_0_359815&matching_block_id=9125802_88190839_0_2_0_359815&sr_pri_blocks=9125802_88190839_0_2_0_359815_70434&from=searchresults
Estudios Arturo Soria by Rent Me,"Ciudad Lineal, Madrid",https://www.booking.com/hotel/es/estudios-arturo-soria-by-rent-me.es.html?label=gen173nr-1FCAEoggI46AdIClgEaEaIAQGYAQq4ARnIAQ_YAQHoAQH4AQKIAgGoAgO4ArL50rwGwAIB0gIkOGZlNzdlZTAtYjM2Ni00NjEwLWJjZDItYjc2NTUzNTkyZGM32AIF4AIB&sid=5ad11202ea9cc1c07c5ed8caaaf11387&aid=304142&ucfs=1&arphpl=1&checkin=2025-03-01&checkout=2025-03-08&dest_id=-390625&dest_type=city&group_adults=2&req_adults=2&no_rooms=1&group_children=0&req_children=0&hpos=2&hapos=103&sr_order=popularity&srpvid=a6ce4e38ac41034b&srepoch=1737803261&all_sr_blocks=1271171601_399887154_0_0_0&highlighted_blocks=1271171601_399887154_0_0_0&matching_block_id=1271171601_399887154_0_0_0&sr_pri_blocks=1271171601_399887154_0_0_0__68180&from=searchresults
MH Apartments Soho Madrid,"Salamanca, Madrid",https://www.booking.com/hotel/es/mh-apartments-soho-madrid.es.html?label=gen173nr-1FCAEoggI46AdIClgEaEaIAQGYAQq4ARnIAQ_YAQHoAQH4AQKIAgGoAgO4ArL50rwGwAIB0gIkOGZlNzdlZTAtYjM2Ni00NjEwLWJjZDItYjc2NTUzNTkyZGM32AIF4AIB&sid=5ad11202ea9cc1c07c5ed8caaaf11387&aid=304142&ucfs=1&arphpl=1&checkin=2025-03-01&checkout=2025-03-08&dest_id=-390625&dest_type=city&group_adults=2&req_adults=2&no_rooms=1&group_children=0&req_children=0&hpos=3&hapos=104&sr_order=popularity&srpvid=a6ce4e38ac41034b&srepoch=1737803261&all_sr_blocks=1158533201_403038567_2_0_0_445051&highlighted_blocks=1158533201_403038567_2_0_0_445051&matching_block_id=1158533201_403038567_2_0_0_445051&sr_pri_blocks=1158533201_403038567_2_0_0_445051_149300&from=searchresults
Hostal Escala Suites,"Hortaleza, Madrid",https://www.booking.com/hotel/es/casa-nordia.es.html?label=gen173nr-1FCAEoggI46AdIClgEaEaIAQGYAQq4ARnIAQ_YAQHoAQH4AQKIAgGoAgO4ArL50rwGwAIB0gIkOGZlNzdlZTAtYjM2Ni00NjEwLWJjZDItYjc2NTUzNTkyZGM32AIF4AIB&sid=5ad11202ea9cc1c07c5ed8caaaf11387&aid=304142&ucfs=1&arphpl=1&checkin=2025-03-01&checkout=2025-03-08&dest_id=-390625&dest_type=city&group_adults=2&req_adults=2&no_rooms=1&group_children=0&req_children=0&hpos=4&hapos=105&sr_order=popularity&srpvid=a6ce4e38ac41034b&srepoch=1737803261&all_sr_blocks=143738511_88512602_0_2_0&highlighted_blocks=143738511_88512602_0_2_0&matching_block_id=143738511_88512602_0_2_0&sr_pri_blocks=143738511_88512602_0_2_0__74234&from=searchresults
Funway Academic Resort,"Tetuán, Madrid",https://www.booking.com/hotel/es/funway-academic-resort.es.html?label=gen173nr-1FCAEoggI46AdIClgEaEaIAQGYAQq4ARnIAQ_YAQHoAQH4AQKIAgGoAgO4ArL50rwGwAIB0gIkOGZlNzdlZTAtYjM2Ni00NjEwLWJjZDItYjc2NTUzNTkyZGM32AIF4AIB&sid=5ad11202ea9cc1c07c5ed8caaaf11387&aid=304142&ucfs=1&arphpl=1&checkin=2025-03-01&checkout=2025-03-08&dest_id=-390625&dest_type=city&group_adults=2&req_adults=2&no_rooms=1&group_children=0&req_children=0&hpos=5&hapos=106&sr_order=popularity&srpvid=a6ce4e38ac41034b&srepoch=1737803261&all_sr_blocks=201345601_392605655_0_0_0&highlighted_blocks=201345601_392605655_0_0_0&matching_block_id=201345601_392605655_0_0_0&sr_pri_blocks=201345601_392605655_0_0_0__82128&from=searchresults
PACOROOMS,"Centro de Madrid, Madrid",https://www.booking.com/hotel/es/pacorooms.es.html?label=gen173nr-1FCAEoggI46AdIClgEaEaIAQGYAQq4ARnIAQ_YAQHoAQH4AQKIAgGoAgO4ArL50rwGwAIB0gIkOGZlNzdlZTAtYjM2Ni00NjEwLWJjZDItYjc2NTUzNTkyZGM32AIF4AIB&sid=5ad11202ea9cc1c07c5ed8caaaf11387&aid=304142&ucfs=1&arphpl=1&checkin=2025-03-01&checkout=2025-03-08&dest_id=-390625&dest_type=city&group_adults=2&req_adults=2&no_rooms=1&group_children=0&req_children=0&hpos=6&hapos=107&sr_order=popularity&srpvid=a6ce4e38ac41034b&srepoch=1737803261&all_sr_blocks=972799401_370976931_2_0_0&highlighted_blocks=972799401_370976931_2_0_0&matching_block_id=972799401_370976931_2_0_0&sr_pri_blocks=972799401_370976931_2_0_0__94640&from=searchresults
Globales Acis y Galatea,"Hortaleza, Madrid",https://www.booking.com/hotel/es/madrid-barajas-acis-y-galatea.es.html?label=gen173nr-1FCAEoggI46AdIClgEaEaIAQGYAQq4ARnIAQ_YAQHoAQH4AQKIAgGoAgO4ArL50rwGwAIB0gIkOGZlNzdlZTAtYjM2Ni00NjEwLWJjZDItYjc2NTUzNTkyZGM32AIF4AIB&sid=5ad11202ea9cc1c07c5ed8caaaf11387&aid=304142&ucfs=1&arphpl=1&checkin=2025-03-01&checkout=2025-03-08&dest_id=-390625&dest_type=city&group_adults=2&req_adults=2&no_rooms=1&group_children=0&req_children=0&hpos=7&hapos=108&sr_order=popularity&srpvid=a6ce4e38ac41034b&srepoch=1737803261&all_sr_blocks=0_0_2_1_0&highlighted_blocks=0_0_2_1_0&matching_block_id=0_0_2_1_0&sr_pri_blocks=0_0_2_1_0__89319&from=searchresults
One Shot Luchana,"Chamberí, Madrid",https://www.booking.com/hotel/es/one-shot-luchana-22.es.html?label=gen173nr-1FCAEoggI46AdIClgEaEaIAQGYAQq4ARnIAQ_YAQHoAQH4AQKIAgGoAgO4ArL50rwGwAIB0gIkOGZlNzdlZTAtYjM2Ni00NjEwLWJjZDItYjc2NTUzNTkyZGM32AIF4AIB&sid=5ad11202ea9cc1c07c5ed8caaaf11387&aid=304142&ucfs=1&arphpl=1&checkin=2025-03-01&checkout=2025-03-08&dest_id=-390625&dest_type=city&group_adults=2&req_adults=2&no_rooms=1&group_children=0&req_children=0&hpos=8&hapos=109&sr_order=popularity&srpvid=a6ce4e38ac41034b&srepoch=1737803261&all_sr_blocks=46871102_258868222_0_2_0&highlighted_blocks=46871102_258868222_0_2_0&matching_block_id=46871102_258868222_0_2_0&sr_pri_blocks=46871102_258868222_0_2_0__113394&from=searchresults
Tribu Malasaña,"Centro de Madrid, Madrid",https://www.booking.com/hotel/es/aparthotel-tribunal.es.html?label=gen173nr-1FCAEoggI46AdIClgEaEaIAQGYAQq4ARnIAQ_YAQHoAQH4AQKIAgGoAgO4ArL50rwGwAIB0gIkOGZlNzdlZTAtYjM2Ni00NjEwLWJjZDItYjc2NTUzNTkyZGM32AIF4AIB&sid=5ad11202ea9cc1c07c5ed8caaaf11387&aid=304142&ucfs=1&arphpl=1&checkin=2025-03-01&checkout=2025-03-08&dest_id=-390625&dest_type=city&group_adults=2&req_adults=2&no_rooms=1&group_children=0&req_children=0&hpos=9&hapos=110&sr_order=popularity&srpvid=a6ce4e38ac41034b&srepoch=1737803261&all_sr_blocks=1930321_95144063_2_0_0&highlighted_blocks=1930321_95144063_2_0_0&matching_block_id=1930321_95144063_2_0_0&sr_pri_blocks=1930321_95144063_2_0_0__102411&from=searchresults
Hotel Avenida Gran Vía,"Centro de Madrid, Madrid",https://www.booking.com/hotel/es/hotel-avenida-gran-via.es.html?label=gen173nr-1FCAEoggI46AdIClgEaEaIAQGYAQq4ARnIAQ_YAQHoAQH4AQKIAgGoAgO4ArL50rwGwAIB0gIkOGZlNzdlZTAtYjM2Ni00NjEwLWJjZDItYjc2NTUzNTkyZGM32AIF4AIB&sid=5ad11202ea9cc1c07c5ed8caaaf11387&aid=304142&ucfs=1&arphpl=1&checkin=2025-03-01&checkout=2025-03-08&dest_id=-390625&dest_type=city&group_adults=2&req_adults=2&no_rooms=1&group_children=0&req_children=0&hpos=10&hapos=111&sr_order=popularity&srpvid=a6ce4e38ac41034b&srepoch=1737803261&all_sr_blocks=9045403_396665007_0_0_0&highlighted_blocks=9045403_396665007_0_0_0&matching_block_id=9045403_396665007_0_0_0&sr_pri_blocks=9045403_396665007_0_0_0__111202&from=searchresults
Sercotel Gran Hotel Conde Duque,"Chamberí, Madrid",https://www.booking.com/hotel/es/condeduque.es.html?label=gen173nr-1FCAEoggI46AdIClgEaEaIAQGYAQq4ARnIAQ_YAQHoAQH4AQKIAgGoAgO4ArL50rwGwAIB0gIkOGZlNzdlZTAtYjM2Ni00NjEwLWJjZDItYjc2NTUzNTkyZGM32AIF4AIB&sid=5ad11202ea9cc1c07c5ed8caaaf11387&aid=304142&ucfs=1&arphpl=1&checkin=2025-03-01&checkout=2025-03-08&dest_id=-390625&dest_type=city&group_adults=2&req_adults=2&no_rooms=1&group_children=0&req_children=0&hpos=11&hapos=112&sr_order=popularity&srpvid=a6ce4e38ac41034b&srepoch=1737803261&all_sr_blocks=9003203_372681823_2_2_0&highlighted_blocks=9003203_372681823_2_2_0&matching_block_id=9003203_372681823_2_2_0&sr_pri_blocks=9003203_372681823_2_2_0__129813&from_sustainable_property_sr=1&from=searchresults
4Torres Homes - Carmen,"Fuencarral - El Pardo, Madrid",https://www.booking.com/hotel/es/apartamento-aranzazu-23.es.html?label=gen173nr-1FCAEoggI46AdIClgEaEaIAQGYAQq4ARnIAQ_YAQHoAQH4AQKIAgGoAgO4ArL50rwGwAIB0gIkOGZlNzdlZTAtYjM2Ni00NjEwLWJjZDItYjc2NTUzNTkyZGM32AIF4AIB&sid=5ad11202ea9cc1c07c5ed8caaaf11387&aid=304142&ucfs=1&arphpl=1&checkin=2025-03-01&checkout=2025-03-08&dest_id=-390625&dest_type=city&group_adults=2&req_adults=2&no_rooms=1&group_children=0&req_children=0&hpos=12&hapos=113&sr_order=popularity&srpvid=a6ce4e38ac41034b&srepoch=1737803261&all_sr_blocks=827006101_348392225_2_0_0&highlighted_blocks=827006101_348392225_2_0_0&matching_block_id=827006101_348392225_2_0_0&sr_pri_blocks=827006101_348392225_2_0_0__75606&from=searchresults
Hostal Castilla I Atocha,"Centro de Madrid, Madrid",https://www.booking.com/hotel/es/hostalcastilla1.es.html?label=gen173nr-1FCAEoggI46AdIClgEaEaIAQGYAQq4ARnIAQ_YAQHoAQH4AQKIAgGoAgO4ArL50rwGwAIB0gIkOGZlNzdlZTAtYjM2Ni00NjEwLWJjZDItYjc2NTUzNTkyZGM32AIF4AIB&sid=5ad11202ea9cc1c07c5ed8caaaf11387&aid=304142&ucfs=1&arphpl=1&checkin=2025-03-01&checkout=2025-03-08&dest_id=-390625&dest_type=city&group_adults=2&req_adults=2&no_rooms=1&group_children=0&req_children=0&hpos=13&hapos=114&sr_order=popularity&srpvid=a6ce4e38ac41034b&srepoch=1737803261&all_sr_blocks=86101_383053134_0_2_0&highlighted_blocks=86101_383053134_0_2_0&matching_block_id=86101_383053134_0_2_0&sr_pri_blocks=86101_383053134_0_2_0__97500&from=searchresults
Veracruz Puerta del Sol,"Centro de Madrid, Madrid",https://www.booking.com/hotel/es/hostal-veracruz.es.html?label=gen173nr-1FCAEoggI46AdIClgEaEaIAQGYAQq4ARnIAQ_YAQHoAQH4AQKIAgGoAgO4ArL50rwGwAIB0gIkOGZlNzdlZTAtYjM2Ni00NjEwLWJjZDItYjc2NTUzNTkyZGM32AIF4AIB&sid=5ad11202ea9cc1c07c5ed8caaaf11387&aid=304142&ucfs=1&arphpl=1&checkin=2025-03-01&checkout=2025-03-08&dest_id=-390625&dest_type=city&group_adults=2&req_adults=2&no_rooms=1&group_children=0&req_children=0&hpos=14&hapos=115&sr_order=popularity&srpvid=a6ce4e38ac41034b&srepoch=1737803261&all_sr_blocks=24163602_0_2_0_0&highlighted_blocks=24163602_0_2_0_0&matching_block_id=24163602_0_2_0_0&sr_pri_blocks=24163602_0_2_0_0__100574&from=searchresults
Hostal PETITE MAMAN,"Centro de Madrid, Madrid",https://www.booking.com/hotel/es/hostal-atelier.es.html?label=gen173nr-1FCAEoggI46AdIClgEaEaIAQGYAQq4ARnIAQ_YAQHoAQH4AQKIAgGoAgO4ArL50rwGwAIB0gIkOGZlNzdlZTAtYjM2Ni00NjEwLWJjZDItYjc2NTUzNTkyZGM32AIF4AIB&sid=5ad11202ea9cc1c07c5ed8caaaf11387&aid=304142&ucfs=1&arphpl=1&checkin=2025-03-01&checkout=2025-03-08&dest_id=-390625&dest_type=city&group_adults=2&req_adults=2&no_rooms=1&group_children=0&req_children=0&hpos=15&hapos=116&sr_order=popularity&srpvid=a6ce4e38ac41034b&srepoch=1737803261&all_sr_blocks=89464406_88211682_2_0_0&highlighted_blocks=89464406_88211682_2_0_0&matching_block_id=89464406_88211682_2_0_0&sr_pri_blocks=89464406_88211682_2_0_0__77568&from=searchresults
Compostela Suites,"San Blas, Madrid",https://www.booking.com/hotel/es/compostela-suites.es.html?label=gen173nr-1FCAEoggI46AdIClgEaEaIAQGYAQq4ARnIAQ_YAQHoAQH4AQKIAgGoAgO4ArL50rwGwAIB0gIkOGZlNzdlZTAtYjM2Ni00NjEwLWJjZDItYjc2NTUzNTkyZGM32AIF4AIB&sid=5ad11202ea9cc1c07c5ed8caaaf11387&aid=304142&ucfs=1&arphpl=1&checkin=2025-03-01&checkout=2025-03-08&dest_id=-390625&dest_type=city&group_adults=2&req_adults=2&no_rooms=1&group_children=0&req_children=0&hpos=16&hapos=117&sr_order=popularity&srpvid=a6ce4e38ac41034b&srepoch=1737803261&all_sr_blocks=2991101_0_2_0_0&highlighted_blocks=2991101_0_2_0_0&matching_block_id=2991101_0_2_0_0&sr_pri_blocks=2991101_0_2_0_0__69821&from=searchresults
Hotel Acta Madfor,"Moncloa - Aravaca, Madrid",https://www.booking.com/hotel/es/acta-madfor.es.html?label=gen173nr-1FCAEoggI46AdIClgEaEaIAQGYAQq4ARnIAQ_YAQHoAQH4AQKIAgGoAgO4ArL50rwGwAIB0gIkOGZlNzdlZTAtYjM2Ni00NjEwLWJjZDItYjc2NTUzNTkyZGM32AIF4AIB&sid=5ad11202ea9cc1c07c5ed8caaaf11387&aid=304142&ucfs=1&arphpl=1&checkin=2025-03-01&checkout=2025-03-08&dest_id=-390625&dest_type=city&group_adults=2&req_adults=2&no_rooms=1&group_children=0&req_children=0&hpos=17&hapos=118&sr_order=popularity&srpvid=a6ce4e38ac41034b&srepoch=1737803261&all_sr_blocks=44209334_88209534_0_2_0&highlighted_blocks=44209334_88209534_0_2_0&matching_block_id=44209334_88209534_0_2_0&sr_pri_blocks=44209334_88209534_0_2_0__102150&from=searchresults
Apartamento con terraza céntrico moderno Nuevo,"Tetuán, Madrid",https://www.booking.com/hotel/es/nuevo-estudio-centrico-con-terraza.es.html?label=gen173nr-1FCAEoggI46AdIClgEaEaIAQGYAQq4ARnIAQ_YAQHoAQH4AQKIAgGoAgO4ArL50rwGwAIB0gIkOGZlNzdlZTAtYjM2Ni00NjEwLWJjZDItYjc2NTUzNTkyZGM32AIF4AIB&sid=5ad11202ea9cc1c07c5ed8caaaf11387&aid=304142&ucfs=1&arphpl=1&checkin=2025-03-01&checkout=2025-03-08&dest_id=-390625&dest_type=city&group_adults=2&req_adults=2&no_rooms=1&group_children=0&req_children=0&hpos=18&hapos=119&sr_order=popularity&srpvid=a6ce4e38ac41034b&srepoch=1737803261&all_sr_blocks=699890301_288298104_2_0_0&highlighted_blocks=699890301_288298104_2_0_0&matching_block_id=699890301_288298104_2_0_0&sr_pri_blocks=699890301_288298104_2_0_0__68346&from=searchresults
Apartamento confortable y funcional en Vallecas,"Puente de Vallecas, Madrid",https://www.booking.com/hotel/es/apartamento-confortable-y-funcional-en-vallecas.es.html?label=gen173nr-1FCAEoggI46AdIClgEaEaIAQGYAQq4ARnIAQ_YAQHoAQH4AQKIAgGoAgO4ArL50rwGwAIB0gIkOGZlNzdlZTAtYjM2Ni00NjEwLWJjZDItYjc2NTUzNTkyZGM32AIF4AIB&sid=5ad11202ea9cc1c07c5ed8caaaf11387&aid=304142&ucfs=1&arphpl=1&checkin=2025-03-01&checkout=2025-03-08&dest_id=-390625&dest_type=city&group_adults=2&req_adults=2&no_rooms=1&group_children=0&req_children=0&hpos=19&hapos=120&sr_order=popularity&srpvid=a6ce4e38ac41034b&srepoch=1737803261&all_sr_blocks=1060735801_378536443_3_0_0&highlighted_blocks=1060735801_378536443_3_0_0&matching_block_id=1060735801_378536443_3_0_0&sr_pri_blocks=1060735801_378536443_3_0_0__83396&from=searchresults
Encantador estudio Chamartin,"Ciudad Lineal, Madrid",https://www.booking.com/hotel/es/encantador-estudio-chamartin.es.html?label=gen173nr-1FCAEoggI46AdIClgEaEaIAQGYAQq4ARnIAQ_YAQHoAQH4AQKIAgGoAgO4ArL50rwGwAIB0gIkOGZlNzdlZTAtYjM2Ni00NjEwLWJjZDItYjc2NTUzNTkyZGM32AIF4AIB&sid=5ad11202ea9cc1c07c5ed8caaaf11387&aid=304142&ucfs=1&arphpl=1&checkin=2025-03-01&checkout=2025-03-08&dest_id=-390625&dest_type=city&group_adults=2&req_adults=2&no_rooms=1&group_children=0&req_children=0&hpos=20&hapos=121&sr_order=popularity&srpvid=a6ce4e38ac41034b&srepoch=1737803261&all_sr_blocks=1216675201_393895040_0_0_0&highlighted_blocks=1216675201_393895040_0_0_0&matching_block_id=1216675201_393895040_0_0_0&sr_pri_blocks=1216675201_393895040_0_0_0__69141&from=searchresults
SUITES YOU Soho,"Centro de Madrid, Madrid",https://www.booking.com/hotel/es/sy-soho.es.html?label=gen173nr-1FCAEoggI46AdIClgEaEaIAQGYAQq4ARnIAQ_YAQHoAQH4AQKIAgGoAgO4ArL50rwGwAIB0gIkOGZlNzdlZTAtYjM2Ni00NjEwLWJjZDItYjc2NTUzNTkyZGM32AIF4AIB&sid=5ad11202ea9cc1c07c5ed8caaaf11387&aid=304142&ucfs=1&arphpl=1&checkin=2025-03-01&checkout=2025-03-08&dest_id=-390625&dest_type=city&group_adults=2&req_adults=2&no_rooms=1&group_children=0&req_children=0&hpos=21&hapos=122&sr_order=popularity&srpvid=a6ce4e38ac41034b&srepoch=1737803261&all_sr_blocks=376143301_120326090_0_0_0&highlighted_blocks=376143301_120326090_0_0_0&matching_block_id=376143301_120326090_0_0_0&sr_pri_blocks=376143301_120326090_0_0_0__72542&from=searchresults
Stayaday Apartments Albufera,"Puente de Vallecas, Madrid",https://www.booking.com/hotel/es/stayaday-apartments-albufera.es.html?label=gen173nr-1FCAEoggI46AdIClgEaEaIAQGYAQq4ARnIAQ_YAQHoAQH4AQKIAgGoAgO4ArL50rwGwAIB0gIkOGZlNzdlZTAtYjM2Ni00NjEwLWJjZDItYjc2NTUzNTkyZGM32AIF4AIB&sid=5ad11202ea9cc1c07c5ed8caaaf11387&aid=304142&ucfs=1&arphpl=1&checkin=2025-03-01&checkout=2025-03-08&dest_id=-390625&dest_type=city&group_adults=2&req_adults=2&no_rooms=1&group_children=0&req_children=0&hpos=22&hapos=123&sr_order=popularity&srpvid=a6ce4e38ac41034b&srepoch=1737803261&all_sr_blocks=1023604101_374780645_2_0_0&highlighted_blocks=1023604101_374780645_2_0_0&matching_block_id=1023604101_374780645_2_0_0&sr_pri_blocks=1023604101_374780645_2_0_0__78574&from=searchresults
Hostal New Life Madrid,"Centro de Madrid, Madrid",https://www.booking.com/hotel/es/hostal-velasco.es.html?label=gen173nr-1FCAEoggI46AdIClgEaEaIAQGYAQq4ARnIAQ_YAQHoAQH4AQKIAgGoAgO4ArL50rwGwAIB0gIkOGZlNzdlZTAtYjM2Ni00NjEwLWJjZDItYjc2NTUzNTkyZGM32AIF4AIB&sid=5ad11202ea9cc1c07c5ed8caaaf11387&aid=304142&ucfs=1&arphpl=1&checkin=2025-03-01&checkout=2025-03-08&dest_id=-390625&dest_type=city&group_adults=2&req_adults=2&no_rooms=1&group_children=0&req_children=0&hpos=23&hapos=124&sr_order=popularity&srpvid=a6ce4e38ac41034b&srepoch=1737803261&all_sr_blocks=35125901_392483175_2_2_0&highlighted_blocks=35125901_392483175_2_2_0&matching_block_id=35125901_392483175_2_2_0&sr_pri_blocks=35125901_392483175_2_2_0__93445&from=searchresults
L&H La Latina Selection,"Centro de Madrid, Madrid",https://www.booking.com/hotel/es/l-amp-h-la-latina.es.html?label=gen173nr-1FCAEoggI46AdIClgEaEaIAQGYAQq4ARnIAQ_YAQHoAQH4AQKIAgGoAgO4ArL50rwGwAIB0gIkOGZlNzdlZTAtYjM2Ni00NjEwLWJjZDItYjc2NTUzNTkyZGM32AIF4AIB&sid=5ad11202ea9cc1c07c5ed8caaaf11387&aid=304142&ucfs=1&arphpl=1&checkin=2025-03-01&checkout=2025-03-08&dest_id=-390625&dest_type=city&group_adults=2&req_adults=2&no_rooms=1&group_children=0&req_children=0&hpos=24&hapos=125&sr_order=popularity&srpvid=a6ce4e38ac41034b&srepoch=1737803261&all_sr_blocks=187076202_0_2_0_0&highlighted_blocks=187076202_0_2_0_0&matching_block_id=187076202_0_2_0_0&sr_pri_blocks=187076202_0_2_0_0__107217&from=searchresults
ibis budget Madrid Aeropuerto,"San Blas, Madrid",https://www.booking.com/hotel/es/ibis-budget-madrid-aeropuerto.es.html?label=gen173nr-1FCAEoggI46AdIClgEaEaIAQGYAQq4ARnIAQ_YAQHoAQH4AQKIAgGoAgO4ArL50rwGwAIB0gIkOGZlNzdlZTAtYjM2Ni00NjEwLWJjZDItYjc2NTUzNTkyZGM32AIF4AIB&sid=5ad11202ea9cc1c07c5ed8caaaf11387&aid=304142&ucfs=1&arphpl=1&checkin=2025-03-01&checkout=2025-03-08&dest_id=-390625&dest_type=city&group_adults=2&req_adults=2&no_rooms=1&group_children=0&req_children=0&hpos=25&hapos=126&sr_order=popularity&srpvid=a6ce4e38ac41034b&srepoch=1737803261&all_sr_blocks=1113736801_384300435_2_2_0&highlighted_blocks=1113736801_384300435_2_2_0&matching_block_id=1113736801_384300435_2_2_0&sr_pri_blocks=1113736801_384300435_2_2_0__50169&from=searchresults
Be Casa - Valdebebas,"Hortaleza, Madrid",https://www.booking.com/hotel/es/be-casa-valdebebas-madrid.es.html?label=gen173nr-1FCAEoggI46AdIClgEaEaIAQGYAQq4ARnIAQ_YAQHoAQH4AQKIAgGoAgO4ArL50rwGwAIB0gIkOGZlNzdlZTAtYjM2Ni00NjEwLWJjZDItYjc2NTUzNTkyZGM32AIF4AIB&sid=5ad11202ea9cc1c07c5ed8caaaf11387&aid=304142&ucfs=1&arphpl=1&checkin=2025-03-01&checkout=2025-03-08&dest_id=-390625&dest_type=city&group_adults=2&req_adults=2&no_rooms=1&group_children=0&req_children=0&hpos=1&hapos=127&sr_order=popularity&srpvid=a6ce4e38ac41034b&srepoch=1737803262&all_sr_blocks=1097966807_405160262_2_0_0&highlighted_blocks=1097966807_405160262_2_0_0&matching_block_id=1097966807_405160262_2_0_0&sr_pri_blocks=1097966807_405160262_2_0_0__68159&from=searchresults
AC26c Piso 2 dormitorios salón Chamberí,"Chamberí, Madrid",https://www.booking.com/hotel/es/ac26c-piso-2-dormitorios-salon-chmaberi.es.html?label=gen173nr-1FCAEoggI46AdIClgEaEaIAQGYAQq4ARnIAQ_YAQHoAQH4AQKIAgGoAgO4ArL50rwGwAIB0gIkOGZlNzdlZTAtYjM2Ni00NjEwLWJjZDItYjc2NTUzNTkyZGM32AIF4AIB&sid=5ad11202ea9cc1c07c5ed8caaaf11387&aid=304142&ucfs=1&arphpl=1&checkin=2025-03-01&checkout=2025-03-08&dest_id=-390625&dest_type=city&group_adults=2&req_adults=2&no_rooms=1&group_children=0&req_children=0&hpos=2&hapos=128&sr_order=popularity&srpvid=a6ce4e38ac41034b&srepoch=1737803262&all_sr_blocks=1255067701_400612238_6_0_0&highlighted_blocks=1255067701_400612238_6_0_0&matching_block_id=1255067701_400612238_6_0_0&sr_pri_blocks=1255067701_400612238_6_0_0__71500&from=searchresults
Dobo Homes - VN17,"Ciudad Lineal, Madrid",https://www.booking.com/hotel/es/dobohomes-virgen-de-nuria.es.html?label=gen173nr-1FCAEoggI46AdIClgEaEaIAQGYAQq4ARnIAQ_YAQHoAQH4AQKIAgGoAgO4ArL50rwGwAIB0gIkOGZlNzdlZTAtYjM2Ni00NjEwLWJjZDItYjc2NTUzNTkyZGM32AIF4AIB&sid=5ad11202ea9cc1c07c5ed8caaaf11387&aid=304142&ucfs=1&arphpl=1&checkin=2025-03-01&checkout=2025-03-08&dest_id=-390625&dest_type=city&group_adults=2&req_adults=2&no_rooms=1&group_children=0&req_children=0&hpos=3&hapos=129&sr_order=popularity&srpvid=a6ce4e38ac41034b&srepoch=1737803262&all_sr_blocks=1256177401_398230748_2_0_0&highlighted_blocks=1256177401_398230748_2_0_0&matching_block_id=1256177401_398230748_2_0_0&sr_pri_blocks=1256177401_398230748_2_0_0__62503&from=searchresults
Charming Gran Vía V - Largas Estancias,"Centro de Madrid, Madrid",https://www.booking.com/hotel/es/charming-gran-via-v-madrid.es.html?label=gen173nr-1FCAEoggI46AdIClgEaEaIAQGYAQq4ARnIAQ_YAQHoAQH4AQKIAgGoAgO4ArL50rwGwAIB0gIkOGZlNzdlZTAtYjM2Ni00NjEwLWJjZDItYjc2NTUzNTkyZGM32AIF4AIB&sid=5ad11202ea9cc1c07c5ed8caaaf11387&aid=304142&ucfs=1&arphpl=1&checkin=2025-03-01&checkout=2025-03-08&dest_id=-390625&dest_type=city&group_adults=2&req_adults=2&no_rooms=1&group_children=0&req_children=0&hpos=4&hapos=130&sr_order=popularity&srpvid=a6ce4e38ac41034b&srepoch=1737803262&all_sr_blocks=1066347401_379039555_2_0_0&highlighted_blocks=1066347401_379039555_2_0_0&matching_block_id=1066347401_379039555_2_0_0&sr_pri_blocks=1066347401_379039555_2_0_0__87098&from=searchresults
Roisa Hostal Boutique,"Chamartín, Madrid",https://www.booking.com/hotel/es/hostel-boutique-roisa.es.html?label=gen173nr-1FCAEoggI46AdIClgEaEaIAQGYAQq4ARnIAQ_YAQHoAQH4AQKIAgGoAgO4ArL50rwGwAIB0gIkOGZlNzdlZTAtYjM2Ni00NjEwLWJjZDItYjc2NTUzNTkyZGM32AIF4AIB&sid=5ad11202ea9cc1c07c5ed8caaaf11387&aid=304142&ucfs=1&arphpl=1&checkin=2025-03-01&checkout=2025-03-08&dest_id=-390625&dest_type=city&group_adults=2&req_adults=2&no_rooms=1&group_children=0&req_children=0&hpos=5&hapos=131&sr_order=popularity&srpvid=a6ce4e38ac41034b&srepoch=1737803262&all_sr_blocks=245196002_102331194_2_0_0_722028&highlighted_blocks=245196002_102331194_2_0_0_722028&matching_block_id=245196002_102331194_2_0_0_722028&sr_pri_blocks=245196002_102331194_2_0_0_722028_76925&from=searchresults
Luze Castellana,"Tetuán, Madrid",https://www.booking.com/hotel/es/sunotel-amaral.es.html?label=gen173nr-1FCAEoggI46AdIClgEaEaIAQGYAQq4ARnIAQ_YAQHoAQH4AQKIAgGoAgO4ArL50rwGwAIB0gIkOGZlNzdlZTAtYjM2Ni00NjEwLWJjZDItYjc2NTUzNTkyZGM32AIF4AIB&sid=5ad11202ea9cc1c07c5ed8caaaf11387&aid=304142&ucfs=1&arphpl=1&checkin=2025-03-01&checkout=2025-03-08&dest_id=-390625&dest_type=city&group_adults=2&req_adults=2&no_rooms=1&group_children=0&req_children=0&hpos=6&hapos=132&sr_order=popularity&srpvid=a6ce4e38ac41034b&srepoch=1737803262&all_sr_blocks=9257501_0_2_0_0&highlighted_blocks=9257501_0_2_0_0&matching_block_id=9257501_0_2_0_0&sr_pri_blocks=9257501_0_2_0_0__96518&from=searchresults
Urban Inn Madrid,"Centro de Madrid, Madrid",https://www.booking.com/hotel/es/urban-inn-madrid.es.html?label=gen173nr-1FCAEoggI46AdIClgEaEaIAQGYAQq4ARnIAQ_YAQHoAQH4AQKIAgGoAgO4ArL50rwGwAIB0gIkOGZlNzdlZTAtYjM2Ni00NjEwLWJjZDItYjc2NTUzNTkyZGM32AIF4AIB&sid=5ad11202ea9cc1c07c5ed8caaaf11387&aid=304142&ucfs=1&arphpl=1&checkin=2025-03-01&checkout=2025-03-08&dest_id=-390625&dest_type=city&group_adults=2&req_adults=2&no_rooms=1&group_children=0&req_children=0&hpos=7&hapos=133&sr_order=popularity&srpvid=a6ce4e38ac41034b&srepoch=1737803262&all_sr_blocks=1297181201_402630751_0_0_0&highlighted_blocks=1297181201_402630751_0_0_0&matching_block_id=1297181201_402630751_0_0_0&sr_pri_blocks=1297181201_402630751_0_0_0__33119&from=searchresults
Zenit Abeba,"Salamanca, Madrid",https://www.booking.com/hotel/es/abeba.es.html?label=gen173nr-1FCAEoggI46AdIClgEaEaIAQGYAQq4ARnIAQ_YAQHoAQH4AQKIAgGoAgO4ArL50rwGwAIB0gIkOGZlNzdlZTAtYjM2Ni00NjEwLWJjZDItYjc2NTUzNTkyZGM32AIF4AIB&sid=5ad11202ea9cc1c07c5ed8caaaf11387&aid=304142&ucfs=1&arphpl=1&checkin=2025-03-01&checkout=2025-03-08&dest_id=-390625&dest_type=city&group_adults=2&req_adults=2&no_rooms=1&group_children=0&req_children=0&hpos=8&hapos=134&sr_order=popularity&srpvid=a6ce4e38ac41034b&srepoch=1737803262&all_sr_blocks=9006102_252942415_0_2_0_471342&highlighted_blocks=9006102_252942415_0_2_0_471342&matching_block_id=9006102_252942415_0_2_0_471342&sr_pri_blocks=9006102_252942415_0_2_0_471342_117300&from=searchresults
Collection Plaza de España,"Centro de Madrid, Madrid",https://www.booking.com/hotel/es/collection-plaza-de-espana.es.html?label=gen173nr-1FCAEoggI46AdIClgEaEaIAQGYAQq4ARnIAQ_YAQHoAQH4AQKIAgGoAgO4ArL50rwGwAIB0gIkOGZlNzdlZTAtYjM2Ni00NjEwLWJjZDItYjc2NTUzNTkyZGM32AIF4AIB&sid=5ad11202ea9cc1c07c5ed8caaaf11387&aid=304142&ucfs=1&arphpl=1&checkin=2025-03-01&checkout=2025-03-08&dest_id=-390625&dest_type=city&group_adults=2&req_adults=2&no_rooms=1&group_children=0&req_children=0&hpos=9&hapos=135&sr_order=popularity&srpvid=a6ce4e38ac41034b&srepoch=1737803262&all_sr_blocks=863118301_355129914_2_0_0&highlighted_blocks=863118301_355129914_2_0_0&matching_block_id=863118301_355129914_2_0_0&sr_pri_blocks=863118301_355129914_2_0_0__118934&from=searchresults
Bob W Chueca,"Centro de Madrid, Madrid",https://www.booking.com/hotel/es/bob-w-chueca.es.html?label=gen173nr-1FCAEoggI46AdIClgEaEaIAQGYAQq4ARnIAQ_YAQHoAQH4AQKIAgGoAgO4ArL50rwGwAIB0gIkOGZlNzdlZTAtYjM2Ni00NjEwLWJjZDItYjc2NTUzNTkyZGM32AIF4AIB&sid=5ad11202ea9cc1c07c5ed8caaaf11387&aid=304142&ucfs=1&arphpl=1&checkin=2025-03-01&checkout=2025-03-08&dest_id=-390625&dest_type=city&group_adults=2&req_adults=2&no_rooms=1&group_children=0&req_children=0&hpos=10&hapos=136&sr_order=popularity&srpvid=a6ce4e38ac41034b&srepoch=1737803262&all_sr_blocks=758043505_332808964_0_0_0_709406&highlighted_blocks=758043505_332808964_0_0_0_709406&matching_block_id=758043505_332808964_0_0_0_709406&sr_pri_blocks=758043505_332808964_0_0_0_709406_88299&from=searchresults
Catalonia Plaza Mayor,"Centro de Madrid, Madrid",https://www.booking.com/hotel/es/catalonia-plaza-mayor.es.html?label=gen173nr-1FCAEoggI46AdIClgEaEaIAQGYAQq4ARnIAQ_YAQHoAQH4AQKIAgGoAgO4ArL50rwGwAIB0gIkOGZlNzdlZTAtYjM2Ni00NjEwLWJjZDItYjc2NTUzNTkyZGM32AIF4AIB&sid=5ad11202ea9cc1c07c5ed8caaaf11387&aid=304142&ucfs=1&arphpl=1&checkin=2025-03-01&checkout=2025-03-08&dest_id=-390625&dest_type=city&group_adults=2&req_adults=2&no_rooms=1&group_children=0&req_children=0&hpos=11&hapos=137&sr_order=popularity&srpvid=a6ce4e38ac41034b&srepoch=1737803262&all_sr_blocks=26609604_380825966_0_42_0&highlighted_blocks=26609604_380825966_0_42_0&matching_block_id=26609604_380825966_0_42_0&sr_pri_blocks=26609604_380825966_0_42_0__155000&from_sustainable_property_sr=1&from=searchresults
Hotel Moderno Puerta del Sol,"Centro de Madrid, Madrid",https://www.booking.com/hotel/es/moderno.es.html?label=gen173nr-1FCAEoggI46AdIClgEaEaIAQGYAQq4ARnIAQ_YAQHoAQH4AQKIAgGoAgO4ArL50rwGwAIB0gIkOGZlNzdlZTAtYjM2Ni00NjEwLWJjZDItYjc2NTUzNTkyZGM32AIF4AIB&sid=5ad11202ea9cc1c07c5ed8caaaf11387&aid=304142&ucfs=1&arphpl=1&checkin=2025-03-01&checkout=2025-03-08&dest_id=-390625&dest_type=city&group_adults=2&req_adults=2&no_rooms=1&group_children=0&req_children=0&hpos=12&hapos=138&sr_order=popularity&srpvid=a6ce4e38ac41034b&srepoch=1737803262&all_sr_blocks=9092906_373544480_0_2_0&highlighted_blocks=9092906_373544480_0_2_0&matching_block_id=9092906_373544480_0_2_0&sr_pri_blocks=9092906_373544480_0_2_0__153744&from=searchresults
Style Madrid Center Santiago Bernabeu,"Tetuán, Madrid",https://www.booking.com/hotel/es/style-santiago-bernabeu.es.html?label=gen173nr-1FCAEoggI46AdIClgEaEaIAQGYAQq4ARnIAQ_YAQHoAQH4AQKIAgGoAgO4ArL50rwGwAIB0gIkOGZlNzdlZTAtYjM2Ni00NjEwLWJjZDItYjc2NTUzNTkyZGM32AIF4AIB&sid=5ad11202ea9cc1c07c5ed8caaaf11387&aid=304142&ucfs=1&arphpl=1&checkin=2025-03-01&checkout=2025-03-08&dest_id=-390625&dest_type=city&group_adults=2&req_adults=2&no_rooms=1&group_children=0&req_children=0&hpos=13&hapos=139&sr_order=popularity&srpvid=a6ce4e38ac41034b&srepoch=1737803262&all_sr_blocks=1158591304_388595744_2_0_0&highlighted_blocks=1158591304_388595744_2_0_0&matching_block_id=1158591304_388595744_2_0_0&sr_pri_blocks=1158591304_388595744_2_0_0__89681&from=searchresults
Plaza Mayor Apartment,"Centro de Madrid, Madrid",https://www.booking.com/hotel/es/cross-check-plaza-mayor-apartment.es.html?label=gen173nr-1FCAEoggI46AdIClgEaEaIAQGYAQq4ARnIAQ_YAQHoAQH4AQKIAgGoAgO4ArL50rwGwAIB0gIkOGZlNzdlZTAtYjM2Ni00NjEwLWJjZDItYjc2NTUzNTkyZGM32AIF4AIB&sid=5ad11202ea9cc1c07c5ed8caaaf11387&aid=304142&ucfs=1&arphpl=1&checkin=2025-03-01&checkout=2025-03-08&dest_id=-390625&dest_type=city&group_adults=2&req_adults=2&no_rooms=1&group_children=0&req_children=0&hpos=14&hapos=140&sr_order=popularity&srpvid=a6ce4e38ac41034b&srepoch=1737803262&all_sr_blocks=833131701_348598195_3_0_0&highlighted_blocks=833131701_348598195_3_0_0&matching_block_id=833131701_348598195_3_0_0&sr_pri_blocks=833131701_348598195_3_0_0__102338&from=searchresults
MyHouseSpain - Piso con parking y terraza en Madrid,"Tetuán, Madrid",https://www.booking.com/hotel/es/myhousespain-piso-con-parking-y-terraza-en-madrid.es.html?label=gen173nr-1FCAEoggI46AdIClgEaEaIAQGYAQq4ARnIAQ_YAQHoAQH4AQKIAgGoAgO4ArL50rwGwAIB0gIkOGZlNzdlZTAtYjM2Ni00NjEwLWJjZDItYjc2NTUzNTkyZGM32AIF4AIB&sid=5ad11202ea9cc1c07c5ed8caaaf11387&aid=304142&ucfs=1&arphpl=1&checkin=2025-03-01&checkout=2025-03-08&dest_id=-390625&dest_type=city&group_adults=2&req_adults=2&no_rooms=1&group_children=0&req_children=0&hpos=15&hapos=141&sr_order=popularity&srpvid=a6ce4e38ac41034b&srepoch=1737803262&all_sr_blocks=1271329401_399905815_2_0_0&highlighted_blocks=1271329401_399905815_2_0_0&matching_block_id=1271329401_399905815_2_0_0&sr_pri_blocks=1271329401_399905815_2_0_0__79576&from=searchresults
Claridge Madrid,"Retiro, Madrid",https://www.booking.com/hotel/es/claridge.es.html?label=gen173nr-1FCAEoggI46AdIClgEaEaIAQGYAQq4ARnIAQ_YAQHoAQH4AQKIAgGoAgO4ArL50rwGwAIB0gIkOGZlNzdlZTAtYjM2Ni00NjEwLWJjZDItYjc2NTUzNTkyZGM32AIF4AIB&sid=5ad11202ea9cc1c07c5ed8caaaf11387&aid=304142&ucfs=1&arphpl=1&checkin=2025-03-01&checkout=2025-03-08&dest_id=-390625&dest_type=city&group_adults=2&req_adults=2&no_rooms=1&group_children=0&req_children=0&hpos=16&hapos=142&sr_order=popularity&srpvid=a6ce4e38ac41034b&srepoch=1737803262&all_sr_blocks=9088202_375331301_0_42_0&highlighted_blocks=9088202_375331301_0_42_0&matching_block_id=9088202_375331301_0_42_0&sr_pri_blocks=9088202_375331301_0_42_0__132800&from=searchresults
H10 Puerta de Alcalá,"Salamanca, Madrid",https://www.booking.com/hotel/es/h10-puerta-de-alcala.es.html?label=gen173nr-1FCAEoggI46AdIClgEaEaIAQGYAQq4ARnIAQ_YAQHoAQH4AQKIAgGoAgO4ArL50rwGwAIB0gIkOGZlNzdlZTAtYjM2Ni00NjEwLWJjZDItYjc2NTUzNTkyZGM32AIF4AIB&sid=5ad11202ea9cc1c07c5ed8caaaf11387&aid=304142&ucfs=1&arphpl=1&checkin=2025-03-01&checkout=2025-03-08&dest_id=-390625&dest_type=city&group_adults=2&req_adults=2&no_rooms=1&group_children=0&req_children=0&hpos=17&hapos=143&sr_order=popularity&srpvid=a6ce4e38ac41034b&srepoch=1737803262&all_sr_blocks=9039257_382883532_2_42_0&highlighted_blocks=9039257_382883532_2_42_0&matching_block_id=9039257_382883532_2_42_0&sr_pri_blocks=9039257_382883532_2_42_0__160500&from_sustainable_property_sr=1&from=searchresults
H-A San Mateo Suites,"Centro de Madrid, Madrid",https://www.booking.com/hotel/es/homeabout-san-mateo-suites.es.html?label=gen173nr-1FCAEoggI46AdIClgEaEaIAQGYAQq4ARnIAQ_YAQHoAQH4AQKIAgGoAgO4ArL50rwGwAIB0gIkOGZlNzdlZTAtYjM2Ni00NjEwLWJjZDItYjc2NTUzNTkyZGM32AIF4AIB&sid=5ad11202ea9cc1c07c5ed8caaaf11387&aid=304142&ucfs=1&arphpl=1&checkin=2025-03-01&checkout=2025-03-08&dest_id=-390625&dest_type=city&group_adults=2&req_adults=2&no_rooms=1&group_children=0&req_children=0&hpos=18&hapos=144&sr_order=popularity&srpvid=a6ce4e38ac41034b&srepoch=1737803262&all_sr_blocks=775924601_364055012_0_0_0&highlighted_blocks=775924601_364055012_0_0_0&matching_block_id=775924601_364055012_0_0_0&sr_pri_blocks=775924601_364055012_0_0_0__76305&from=searchresults
Preciados,"Centro de Madrid, Madrid",https://www.booking.com/hotel/es/hoprevippreciados.es.html?label=gen173nr-1FCAEoggI46AdIClgEaEaIAQGYAQq4ARnIAQ_YAQHoAQH4AQKIAgGoAgO4ArL50rwGwAIB0gIkOGZlNzdlZTAtYjM2Ni00NjEwLWJjZDItYjc2NTUzNTkyZGM32AIF4AIB&sid=5ad11202ea9cc1c07c5ed8caaaf11387&aid=304142&ucfs=1&arphpl=1&checkin=2025-03-01&checkout=2025-03-08&dest_id=-390625&dest_type=city&group_adults=2&req_adults=2&no_rooms=1&group_children=0&req_children=0&hpos=19&hapos=145&sr_order=popularity&srpvid=a6ce4e38ac41034b&srepoch=1737803262&all_sr_blocks=9145103_208307871_0_34_0&highlighted_blocks=9145103_208307871_0_34_0&matching_block_id=9145103_208307871_0_34_0&sr_pri_blocks=9145103_208307871_0_34_0__162958&from=searchresults
T-Homes - Cuenca,"Tetuán, Madrid",https://www.booking.com/hotel/es/aptos-cuenca-2-madrid.es.html?label=gen173nr-1FCAEoggI46AdIClgEaEaIAQGYAQq4ARnIAQ_YAQHoAQH4AQKIAgGoAgO4ArL50rwGwAIB0gIkOGZlNzdlZTAtYjM2Ni00NjEwLWJjZDItYjc2NTUzNTkyZGM32AIF4AIB&sid=5ad11202ea9cc1c07c5ed8caaaf11387&aid=304142&ucfs=1&arphpl=1&checkin=2025-03-01&checkout=2025-03-08&dest_id=-390625&dest_type=city&group_adults=2&req_adults=2&no_rooms=1&group_children=0&req_children=0&hpos=20&hapos=146&sr_order=popularity&srpvid=a6ce4e38ac41034b&srepoch=1737803262&all_sr_blocks=345064107_350323133_2_0_0&highlighted_blocks=345064107_350323133_2_0_0&matching_block_id=345064107_350323133_2_0_0&sr_pri_blocks=345064107_350323133_2_0_0__83776&from=searchresults
Apartamentos con encanto en La Latina,"Centro de Madrid, Madrid",https://www.booking.com/hotel/es/alterhome-aguila-i.es.html?label=gen173nr-1FCAEoggI46AdIClgEaEaIAQGYAQq4ARnIAQ_YAQHoAQH4AQKIAgGoAgO4ArL50rwGwAIB0gIkOGZlNzdlZTAtYjM2Ni00NjEwLWJjZDItYjc2NTUzNTkyZGM32AIF4AIB&sid=5ad11202ea9cc1c07c5ed8caaaf11387&aid=304142&ucfs=1&arphpl=1&checkin=2025-03-01&checkout=2025-03-08&dest_id=-390625&dest_type=city&group_adults=2&req_adults=2&no_rooms=1&group_children=0&req_children=0&hpos=21&hapos=147&sr_order=popularity&srpvid=a6ce4e38ac41034b&srepoch=1737803262&all_sr_blocks=616245005_385169458_2_0_0&highlighted_blocks=616245005_385169458_2_0_0&matching_block_id=616245005_385169458_2_0_0&sr_pri_blocks=616245005_385169458_2_0_0__127789&from=searchresults
WindRose 8,"Latina, Madrid",https://www.booking.com/hotel/es/windrose-8-madrid.es.html?label=gen173nr-1FCAEoggI46AdIClgEaEaIAQGYAQq4ARnIAQ_YAQHoAQH4AQKIAgGoAgO4ArL50rwGwAIB0gIkOGZlNzdlZTAtYjM2Ni00NjEwLWJjZDItYjc2NTUzNTkyZGM32AIF4AIB&sid=5ad11202ea9cc1c07c5ed8caaaf11387&aid=304142&ucfs=1&arphpl=1&checkin=2025-03-01&checkout=2025-03-08&dest_id=-390625&dest_type=city&group_adults=2&req_adults=2&no_rooms=1&group_children=0&req_children=0&hpos=22&hapos=148&sr_order=popularity&srpvid=a6ce4e38ac41034b&srepoch=1737803262&all_sr_blocks=473542001_339867814_2_0_0&highlighted_blocks=473542001_339867814_2_0_0&matching_block_id=473542001_339867814_2_0_0&sr_pri_blocks=473542001_339867814_2_0_0__55392&from=searchresults
NH Paseo de la Habana,"Chamartín, Madrid",https://www.booking.com/hotel/es/nhlahabana.es.html?label=gen173nr-1FCAEoggI46AdIClgEaEaIAQGYAQq4ARnIAQ_YAQHoAQH4AQKIAgGoAgO4ArL50rwGwAIB0gIkOGZlNzdlZTAtYjM2Ni00NjEwLWJjZDItYjc2NTUzNTkyZGM32AIF4AIB&sid=5ad11202ea9cc1c07c5ed8caaaf11387&aid=304142&ucfs=1&arphpl=1&checkin=2025-03-01&checkout=2025-03-08&dest_id=-390625&dest_type=city&group_adults=2&req_adults=2&no_rooms=1&group_children=0&req_children=0&hpos=23&hapos=149&sr_order=popularity&srpvid=a6ce4e38ac41034b&srepoch=1737803262&all_sr_blocks=9066702_93708914_0_2_0&highlighted_blocks=9066702_93708914_0_2_0&matching_block_id=9066702_93708914_0_2_0&sr_pri_blocks=9066702_93708914_0_2_0__107202&from_sustainable_property_sr=1&from=searchresults
Vincci Soho,"Centro de Madrid, Madrid",https://www.booking.com/hotel/es/vinccisoho.es.html?label=gen173nr-1FCAEoggI46AdIClgEaEaIAQGYAQq4ARnIAQ_YAQHoAQH4AQKIAgGoAgO4ArL50rwGwAIB0gIkOGZlNzdlZTAtYjM2Ni00NjEwLWJjZDItYjc2NTUzNTkyZGM32AIF4AIB&sid=5ad11202ea9cc1c07c5ed8caaaf11387&aid=304142&ucfs=1&arphpl=1&checkin=2025-03-01&checkout=2025-03-08&dest_id=-390625&dest_type=city&group_adults=2&req_adults=2&no_rooms=1&group_children=0&req_children=0&hpos=24&hapos=150&sr_order=popularity&srpvid=a6ce4e38ac41034b&srepoch=1737803262&all_sr_blocks=9186101_0_2_0_0&highlighted_blocks=9186101_0_2_0_0&matching_block_id=9186101_0_2_0_0&sr_pri_blocks=9186101_0_2_0_0__187198&from_sustainable_property_sr=1&from=searchresults
Eurostars Madrid Tower,"Fuencarral - El Pardo, Madrid",https://www.booking.com/hotel/es/eurostars-madrid-tower.es.html?label=gen173nr-1FCAEoggI46AdIClgEaEaIAQGYAQq4ARnIAQ_YAQHoAQH4AQKIAgGoAgO4ArL50rwGwAIB0gIkOGZlNzdlZTAtYjM2Ni00NjEwLWJjZDItYjc2NTUzNTkyZGM32AIF4AIB&sid=5ad11202ea9cc1c07c5ed8caaaf11387&aid=304142&ucfs=1&arphpl=1&checkin=2025-03-01&checkout=2025-03-08&dest_id=-390625&dest_type=city&group_adults=2&req_adults=2&no_rooms=1&group_children=0&req_children=0&hpos=25&hapos=151&sr_order=popularity&srpvid=a6ce4e38ac41034b&srepoch=1737803262&all_sr_blocks=1219601_0_2_0_0&highlighted_blocks=1219601_0_2_0_0&matching_block_id=1219601_0_2_0_0&sr_pri_blocks=1219601_0_2_0_0__162201&from_sustainable_property_sr=1&from=searchresults
MyHouseSpain - Fuencarral and Gran Vía,"Centro de Madrid, Madrid",https://www.booking.com/hotel/es/mhm-apartments-fuencarral-and-gran-via-madrid.es.html?label=gen173nr-1FCAEoggI46AdIClgEaEaIAQGYAQq4ARnIAQ_YAQHoAQH4AQKIAgGoAgO4ArL50rwGwAIB0gIkOGZlNzdlZTAtYjM2Ni00NjEwLWJjZDItYjc2NTUzNTkyZGM32AIF4AIB&sid=5ad11202ea9cc1c07c5ed8caaaf11387&aid=304142&ucfs=1&arphpl=1&checkin=2025-03-01&checkout=2025-03-08&dest_id=-390625&dest_type=city&group_adults=2&req_adults=2&no_rooms=1&group_children=0&req_children=0&hpos=1&hapos=152&sr_order=popularity&srpvid=a6ce4e38ac41034b&srepoch=1737803264&all_sr_blocks=923419205_372409687_0_0_0&highlighted_blocks=923419205_372409687_0_0_0&matching_block_id=923419205_372409687_0_0_0&sr_pri_blocks=923419205_372409687_0_0_0__51095&from=searchresults
The Bridge Huertas,"Centro de Madrid, Madrid",https://www.booking.com/hotel/es/the-bridge.es.html?label=gen173nr-1FCAEoggI46AdIClgEaEaIAQGYAQq4ARnIAQ_YAQHoAQH4AQKIAgGoAgO4ArL50rwGwAIB0gIkOGZlNzdlZTAtYjM2Ni00NjEwLWJjZDItYjc2NTUzNTkyZGM32AIF4AIB&sid=5ad11202ea9cc1c07c5ed8caaaf11387&aid=304142&ucfs=1&arphpl=1&checkin=2025-03-01&checkout=2025-03-08&dest_id=-390625&dest_type=city&group_adults=2&req_adults=2&no_rooms=1&group_children=0&req_children=0&hpos=2&hapos=153&sr_order=popularity&srpvid=a6ce4e38ac41034b&srepoch=1737803264&all_sr_blocks=283315613_365442025_2_0_0&highlighted_blocks=283315613_365442025_2_0_0&matching_block_id=283315613_365442025_2_0_0&sr_pri_blocks=283315613_365442025_2_0_0__90165&from=searchresults
Hotel Madrid Río,"Usera, Madrid",https://www.booking.com/hotel/es/isis-madrid.es.html?label=gen173nr-1FCAEoggI46AdIClgEaEaIAQGYAQq4ARnIAQ_YAQHoAQH4AQKIAgGoAgO4ArL50rwGwAIB0gIkOGZlNzdlZTAtYjM2Ni00NjEwLWJjZDItYjc2NTUzNTkyZGM32AIF4AIB&sid=5ad11202ea9cc1c07c5ed8caaaf11387&aid=304142&ucfs=1&arphpl=1&checkin=2025-03-01&checkout=2025-03-08&dest_id=-390625&dest_type=city&group_adults=2&req_adults=2&no_rooms=1&group_children=0&req_children=0&hpos=3&hapos=154&sr_order=popularity&srpvid=a6ce4e38ac41034b&srepoch=1737803264&all_sr_blocks=25167927_247276948_2_2_0&highlighted_blocks=25167927_247276948_2_2_0&matching_block_id=25167927_247276948_2_2_0&sr_pri_blocks=25167927_247276948_2_2_0__85140&from=searchresults
Encantador apartamento reformado en Tetuán by beBalmy,"Tetuán, Madrid",https://www.booking.com/hotel/es/encantador-apartamento-reformado-en-tetuan-by-bebalmy.es.html?label=gen173nr-1FCAEoggI46AdIClgEaEaIAQGYAQq4ARnIAQ_YAQHoAQH4AQKIAgGoAgO4ArL50rwGwAIB0gIkOGZlNzdlZTAtYjM2Ni00NjEwLWJjZDItYjc2NTUzNTkyZGM32AIF4AIB&sid=5ad11202ea9cc1c07c5ed8caaaf11387&aid=304142&ucfs=1&arphpl=1&checkin=2025-03-01&checkout=2025-03-08&dest_id=-390625&dest_type=city&group_adults=2&req_adults=2&no_rooms=1&group_children=0&req_children=0&hpos=4&hapos=155&sr_order=popularity&srpvid=a6ce4e38ac41034b&srepoch=1737803264&all_sr_blocks=952539101_367831655_2_0_0&highlighted_blocks=952539101_367831655_2_0_0&matching_block_id=952539101_367831655_2_0_0&sr_pri_blocks=952539101_367831655_2_0_0__63028&from=searchresults
AC Hotel Los Vascos by Marriott,"Moncloa - Aravaca, Madrid",https://www.booking.com/hotel/es/aclosvascos.es.html?label=gen173nr-1FCAEoggI46AdIClgEaEaIAQGYAQq4ARnIAQ_YAQHoAQH4AQKIAgGoAgO4ArL50rwGwAIB0gIkOGZlNzdlZTAtYjM2Ni00NjEwLWJjZDItYjc2NTUzNTkyZGM32AIF4AIB&sid=5ad11202ea9cc1c07c5ed8caaaf11387&aid=304142&ucfs=1&arphpl=1&checkin=2025-03-01&checkout=2025-03-08&dest_id=-390625&dest_type=city&group_adults=2&req_adults=2&no_rooms=1&group_children=0&req_children=0&hpos=5&hapos=156&sr_order=popularity&srpvid=a6ce4e38ac41034b&srepoch=1737803264&all_sr_blocks=9081406_120250904_0_2_0&highlighted_blocks=9081406_120250904_0_2_0&matching_block_id=9081406_120250904_0_2_0&sr_pri_blocks=9081406_120250904_0_2_0__102383&from_sustainable_property_sr=1&from=searchresults
Tranquilo apartamento Pacífico/Ciudad de Barcelona,"Retiro, Madrid",https://www.booking.com/hotel/es/tranquilo-apartamento-pacifico-ciudad-de-barcelona.es.html?label=gen173nr-1FCAEoggI46AdIClgEaEaIAQGYAQq4ARnIAQ_YAQHoAQH4AQKIAgGoAgO4ArL50rwGwAIB0gIkOGZlNzdlZTAtYjM2Ni00NjEwLWJjZDItYjc2NTUzNTkyZGM32AIF4AIB&sid=5ad11202ea9cc1c07c5ed8caaaf11387&aid=304142&ucfs=1&arphpl=1&checkin=2025-03-01&checkout=2025-03-08&dest_id=-390625&dest_type=city&group_adults=2&req_adults=2&no_rooms=1&group_children=0&req_children=0&hpos=6&hapos=157&sr_order=popularity&srpvid=a6ce4e38ac41034b&srepoch=1737803264&all_sr_blocks=968265701_369257315_2_0_0&highlighted_blocks=968265701_369257315_2_0_0&matching_block_id=968265701_369257315_2_0_0&sr_pri_blocks=968265701_369257315_2_0_0__55328&from=searchresults
Regente Hotel,"Centro de Madrid, Madrid",https://www.booking.com/hotel/es/regente-madrid.es.html?label=gen173nr-1FCAEoggI46AdIClgEaEaIAQGYAQq4ARnIAQ_YAQHoAQH4AQKIAgGoAgO4ArL50rwGwAIB0gIkOGZlNzdlZTAtYjM2Ni00NjEwLWJjZDItYjc2NTUzNTkyZGM32AIF4AIB&sid=5ad11202ea9cc1c07c5ed8caaaf11387&aid=304142&ucfs=1&arphpl=1&checkin=2025-03-01&checkout=2025-03-08&dest_id=-390625&dest_type=city&group_adults=2&req_adults=2&no_rooms=1&group_children=0&req_children=0&hpos=7&hapos=158&sr_order=popularity&srpvid=a6ce4e38ac41034b&srepoch=1737803264&all_sr_blocks=9689201_0_2_0_0&highlighted_blocks=9689201_0_2_0_0&matching_block_id=9689201_0_2_0_0&sr_pri_blocks=9689201_0_2_0_0__121155&from=searchresults
BYPILLOW Velázquez 45,"Salamanca, Madrid",https://www.booking.com/hotel/es/dondiego.es.html?label=gen173nr-1FCAEoggI46AdIClgEaEaIAQGYAQq4ARnIAQ_YAQHoAQH4AQKIAgGoAgO4ArL50rwGwAIB0gIkOGZlNzdlZTAtYjM2Ni00NjEwLWJjZDItYjc2NTUzNTkyZGM32AIF4AIB&sid=5ad11202ea9cc1c07c5ed8caaaf11387&aid=304142&ucfs=1&arphpl=1&checkin=2025-03-01&checkout=2025-03-08&dest_id=-390625&dest_type=city&group_adults=2&req_adults=2&no_rooms=1&group_children=0&req_children=0&hpos=8&hapos=159&sr_order=popularity&srpvid=a6ce4e38ac41034b&srepoch=1737803264&all_sr_blocks=9096903_258332144_0_2_0&highlighted_blocks=9096903_258332144_0_2_0&matching_block_id=9096903_258332144_0_2_0&sr_pri_blocks=9096903_258332144_0_2_0__134009&from_sustainable_property_sr=1&from=searchresults
Riu Plaza España,"Centro de Madrid, Madrid",https://www.booking.com/hotel/es/riu-plaza-espana.es.html?label=gen173nr-1FCAEoggI46AdIClgEaEaIAQGYAQq4ARnIAQ_YAQHoAQH4AQKIAgGoAgO4ArL50rwGwAIB0gIkOGZlNzdlZTAtYjM2Ni00NjEwLWJjZDItYjc2NTUzNTkyZGM32AIF4AIB&sid=5ad11202ea9cc1c07c5ed8caaaf11387&aid=304142&ucfs=1&arphpl=1&checkin=2025-03-01&checkout=2025-03-08&dest_id=-390625&dest_type=city&group_adults=2&req_adults=2&no_rooms=1&group_children=0&req_children=0&hpos=9&hapos=160&sr_order=popularity&srpvid=a6ce4e38ac41034b&srepoch=1737803264&all_sr_blocks=420450702_393490117_2_1_0_132409&highlighted_blocks=420450702_393490117_2_1_0_132409&matching_block_id=420450702_393490117_2_1_0_132409&sr_pri_blocks=420450702_393490117_2_1_0_132409_161790&from_sustainable_property_sr=1&from=searchresults
Hospedium Hotel Los Condes,"Centro de Madrid, Madrid",https://www.booking.com/hotel/es/best-western-los-condes.es.html?label=gen173nr-1FCAEoggI46AdIClgEaEaIAQGYAQq4ARnIAQ_YAQHoAQH4AQKIAgGoAgO4ArL50rwGwAIB0gIkOGZlNzdlZTAtYjM2Ni00NjEwLWJjZDItYjc2NTUzNTkyZGM32AIF4AIB&sid=5ad11202ea9cc1c07c5ed8caaaf11387&aid=304142&ucfs=1&arphpl=1&checkin=2025-03-01&checkout=2025-03-08&dest_id=-390625&dest_type=city&group_adults=2&req_adults=2&no_rooms=1&group_children=0&req_children=0&hpos=10&hapos=161&sr_order=popularity&srpvid=a6ce4e38ac41034b&srepoch=1737803264&all_sr_blocks=9426224_0_2_0_0&highlighted_blocks=9426224_0_2_0_0&matching_block_id=9426224_0_2_0_0&sr_pri_blocks=9426224_0_2_0_0__125031&from=searchresults
WindRose 0,"Latina, Madrid",https://www.booking.com/hotel/es/windrose-0.es.html?label=gen173nr-1FCAEoggI46AdIClgEaEaIAQGYAQq4ARnIAQ_YAQHoAQH4AQKIAgGoAgO4ArL50rwGwAIB0gIkOGZlNzdlZTAtYjM2Ni00NjEwLWJjZDItYjc2NTUzNTkyZGM32AIF4AIB&sid=5ad11202ea9cc1c07c5ed8caaaf11387&aid=304142&ucfs=1&arphpl=1&checkin=2025-03-01&checkout=2025-03-08&dest_id=-390625&dest_type=city&group_adults=2&req_adults=2&no_rooms=1&group_children=0&req_children=0&hpos=11&hapos=162&sr_order=popularity&srpvid=a6ce4e38ac41034b&srepoch=1737803264&all_sr_blocks=446983501_134406441_2_0_0&highlighted_blocks=446983501_134406441_2_0_0&matching_block_id=446983501_134406441_2_0_0&sr_pri_blocks=446983501_134406441_2_0_0__57638&from=searchresults
CasaGoa,"Carabanchel, Madrid",https://www.booking.com/hotel/es/olamadrid.es.html?label=gen173nr-1FCAEoggI46AdIClgEaEaIAQGYAQq4ARnIAQ_YAQHoAQH4AQKIAgGoAgO4ArL50rwGwAIB0gIkOGZlNzdlZTAtYjM2Ni00NjEwLWJjZDItYjc2NTUzNTkyZGM32AIF4AIB&sid=5ad11202ea9cc1c07c5ed8caaaf11387&aid=304142&ucfs=1&arphpl=1&checkin=2025-03-01&checkout=2025-03-08&dest_id=-390625&dest_type=city&group_adults=2&req_adults=2&no_rooms=1&group_children=0&req_children=0&hpos=12&hapos=163&sr_order=popularity&srpvid=a6ce4e38ac41034b&srepoch=1737803264&all_sr_blocks=1180602903_390509765_2_0_0&highlighted_blocks=1180602903_390509765_2_0_0&matching_block_id=1180602903_390509765_2_0_0&sr_pri_blocks=1180602903_390509765_2_0_0__42000&from=searchresults
Cuatro Caminos Apartment,"Tetuán, Madrid",https://www.booking.com/hotel/es/cuatro-caminos-apartment.es.html?label=gen173nr-1FCAEoggI46AdIClgEaEaIAQGYAQq4ARnIAQ_YAQHoAQH4AQKIAgGoAgO4ArL50rwGwAIB0gIkOGZlNzdlZTAtYjM2Ni00NjEwLWJjZDItYjc2NTUzNTkyZGM32AIF4AIB&sid=5ad11202ea9cc1c07c5ed8caaaf11387&aid=304142&ucfs=1&arphpl=1&checkin=2025-03-01&checkout=2025-03-08&dest_id=-390625&dest_type=city&group_adults=2&req_adults=2&no_rooms=1&group_children=0&req_children=0&hpos=13&hapos=164&sr_order=popularity&srpvid=a6ce4e38ac41034b&srepoch=1737803264&all_sr_blocks=1238135801_396215795_2_0_0&highlighted_blocks=1238135801_396215795_2_0_0&matching_block_id=1238135801_396215795_2_0_0&sr_pri_blocks=1238135801_396215795_2_0_0__88472&from=searchresults
Vincci Vía - 66,"Centro de Madrid, Madrid",https://www.booking.com/hotel/es/vincci-via-66.es.html?label=gen173nr-1FCAEoggI46AdIClgEaEaIAQGYAQq4ARnIAQ_YAQHoAQH4AQKIAgGoAgO4ArL50rwGwAIB0gIkOGZlNzdlZTAtYjM2Ni00NjEwLWJjZDItYjc2NTUzNTkyZGM32AIF4AIB&sid=5ad11202ea9cc1c07c5ed8caaaf11387&aid=304142&ucfs=1&arphpl=1&checkin=2025-03-01&checkout=2025-03-08&dest_id=-390625&dest_type=city&group_adults=2&req_adults=2&no_rooms=1&group_children=0&req_children=0&hpos=14&hapos=165&sr_order=popularity&srpvid=a6ce4e38ac41034b&srepoch=1737803264&all_sr_blocks=9467201_338644097_0_2_0_178195&highlighted_blocks=9467201_338644097_0_2_0_178195&matching_block_id=9467201_338644097_0_2_0_178195&sr_pri_blocks=9467201_338644097_0_2_0_178195_193545&from_sustainable_property_sr=1&from=searchresults
Acacias Apartments - City Centre,"Arganzuela, Madrid",https://www.booking.com/hotel/es/acacias-apartments-city-centre.es.html?label=gen173nr-1FCAEoggI46AdIClgEaEaIAQGYAQq4ARnIAQ_YAQHoAQH4AQKIAgGoAgO4ArL50rwGwAIB0gIkOGZlNzdlZTAtYjM2Ni00NjEwLWJjZDItYjc2NTUzNTkyZGM32AIF4AIB&sid=5ad11202ea9cc1c07c5ed8caaaf11387&aid=304142&ucfs=1&arphpl=1&checkin=2025-03-01&checkout=2025-03-08&dest_id=-390625&dest_type=city&group_adults=2&req_adults=2&no_rooms=1&group_children=0&req_children=0&hpos=15&hapos=166&sr_order=popularity&srpvid=a6ce4e38ac41034b&srepoch=1737803264&all_sr_blocks=1109589501_406439061_2_0_0&highlighted_blocks=1109589501_406439061_2_0_0&matching_block_id=1109589501_406439061_2_0_0&sr_pri_blocks=1109589501_406439061_2_0_0__97960&from=searchresults
Apartamentos orilla del Bernabéu,"Tetuán, Madrid",https://www.booking.com/hotel/es/apartamentos-orilla-del-bernabeu.es.html?label=gen173nr-1FCAEoggI46AdIClgEaEaIAQGYAQq4ARnIAQ_YAQHoAQH4AQKIAgGoAgO4ArL50rwGwAIB0gIkOGZlNzdlZTAtYjM2Ni00NjEwLWJjZDItYjc2NTUzNTkyZGM32AIF4AIB&sid=5ad11202ea9cc1c07c5ed8caaaf11387&aid=304142&ucfs=1&arphpl=1&checkin=2025-03-01&checkout=2025-03-08&dest_id=-390625&dest_type=city&group_adults=2&req_adults=2&no_rooms=1&group_children=0&req_children=0&hpos=16&hapos=167&sr_order=popularity&srpvid=a6ce4e38ac41034b&srepoch=1737803264&all_sr_blocks=1229966105_395000083_2_0_0&highlighted_blocks=1229966105_395000083_2_0_0&matching_block_id=1229966105_395000083_2_0_0&sr_pri_blocks=1229966105_395000083_2_0_0__126250&from=searchresults
HOMEABOUT SMART ROOMS Bravo Murillo - SIN RECEPCIÓN,"Tetuán, Madrid",https://www.booking.com/hotel/es/homeabout-apartamentos-bravo-murillo.es.html?label=gen173nr-1FCAEoggI46AdIClgEaEaIAQGYAQq4ARnIAQ_YAQHoAQH4AQKIAgGoAgO4ArL50rwGwAIB0gIkOGZlNzdlZTAtYjM2Ni00NjEwLWJjZDItYjc2NTUzNTkyZGM32AIF4AIB&sid=5ad11202ea9cc1c07c5ed8caaaf11387&aid=304142&ucfs=1&arphpl=1&checkin=2025-03-01&checkout=2025-03-08&dest_id=-390625&dest_type=city&group_adults=2&req_adults=2&no_rooms=1&group_children=0&req_children=0&hpos=17&hapos=168&sr_order=popularity&srpvid=a6ce4e38ac41034b&srepoch=1737803264&all_sr_blocks=1310055604_403784956_0_0_0&highlighted_blocks=1310055604_403784956_0_0_0&matching_block_id=1310055604_403784956_0_0_0&sr_pri_blocks=1310055604_403784956_0_0_0__48007&from=searchresults
Vázquez de Mella Gran Vía,"Centro de Madrid, Madrid",https://www.booking.com/hotel/es/vazquez-de-mella.es.html?label=gen173nr-1FCAEoggI46AdIClgEaEaIAQGYAQq4ARnIAQ_YAQHoAQH4AQKIAgGoAgO4ArL50rwGwAIB0gIkOGZlNzdlZTAtYjM2Ni00NjEwLWJjZDItYjc2NTUzNTkyZGM32AIF4AIB&sid=5ad11202ea9cc1c07c5ed8caaaf11387&aid=304142&ucfs=1&arphpl=1&checkin=2025-03-01&checkout=2025-03-08&dest_id=-390625&dest_type=city&group_adults=2&req_adults=2&no_rooms=1&group_children=0&req_children=0&hpos=18&hapos=169&sr_order=popularity&srpvid=a6ce4e38ac41034b&srepoch=1737803264&all_sr_blocks=29438707_0_2_0_0&highlighted_blocks=29438707_0_2_0_0&matching_block_id=29438707_0_2_0_0&sr_pri_blocks=29438707_0_2_0_0__138030&from=searchresults
Abalú Design Boutique Hotel Gran Via,"Centro de Madrid, Madrid",https://www.booking.com/hotel/es/abalu.es.html?label=gen173nr-1FCAEoggI46AdIClgEaEaIAQGYAQq4ARnIAQ_YAQHoAQH4AQKIAgGoAgO4ArL50rwGwAIB0gIkOGZlNzdlZTAtYjM2Ni00NjEwLWJjZDItYjc2NTUzNTkyZGM32AIF4AIB&sid=5ad11202ea9cc1c07c5ed8caaaf11387&aid=304142&ucfs=1&arphpl=1&checkin=2025-03-01&checkout=2025-03-08&dest_id=-390625&dest_type=city&group_adults=2&req_adults=2&no_rooms=1&group_children=0&req_children=0&hpos=19&hapos=170&sr_order=popularity&srpvid=a6ce4e38ac41034b&srepoch=1737803264&all_sr_blocks=9167305_330823213_2_2_0&highlighted_blocks=9167305_330823213_2_2_0&matching_block_id=9167305_330823213_2_2_0&sr_pri_blocks=9167305_330823213_2_2_0__104013&from=searchresults
Hostal Castilla II Puerta del Sol,"Centro de Madrid, Madrid",https://www.booking.com/hotel/es/hostalcastilla2.es.html?label=gen173nr-1FCAEoggI46AdIClgEaEaIAQGYAQq4ARnIAQ_YAQHoAQH4AQKIAgGoAgO4ArL50rwGwAIB0gIkOGZlNzdlZTAtYjM2Ni00NjEwLWJjZDItYjc2NTUzNTkyZGM32AIF4AIB&sid=5ad11202ea9cc1c07c5ed8caaaf11387&aid=304142&ucfs=1&arphpl=1&checkin=2025-03-01&checkout=2025-03-08&dest_id=-390625&dest_type=city&group_adults=2&req_adults=2&no_rooms=1&group_children=0&req_children=0&hpos=20&hapos=171&sr_order=popularity&srpvid=a6ce4e38ac41034b&srepoch=1737803264&all_sr_blocks=70400_372252637_0_2_0&highlighted_blocks=70400_372252637_0_2_0&matching_block_id=70400_372252637_0_2_0&sr_pri_blocks=70400_372252637_0_2_0__111100&from=searchresults
Leonardo Hotel Madrid City Center,"Chamberí, Madrid",https://www.booking.com/hotel/es/leonardohotelmadridcitycenter.es.html?label=gen173nr-1FCAEoggI46AdIClgEaEaIAQGYAQq4ARnIAQ_YAQHoAQH4AQKIAgGoAgO4ArL50rwGwAIB0gIkOGZlNzdlZTAtYjM2Ni00NjEwLWJjZDItYjc2NTUzNTkyZGM32AIF4AIB&sid=5ad11202ea9cc1c07c5ed8caaaf11387&aid=304142&ucfs=1&arphpl=1&checkin=2025-03-01&checkout=2025-03-08&dest_id=-390625&dest_type=city&group_adults=2&req_adults=2&no_rooms=1&group_children=0&req_children=0&hpos=21&hapos=172&sr_order=popularity&srpvid=a6ce4e38ac41034b&srepoch=1737803264&all_sr_blocks=9067809_93238067_0_2_0&highlighted_blocks=9067809_93238067_0_2_0&matching_block_id=9067809_93238067_0_2_0&sr_pri_blocks=9067809_93238067_0_2_0__110520&from_sustainable_property_sr=1&from=searchresults
Petit Palace Cliper-Gran Vía,"Centro de Madrid, Madrid",https://www.booking.com/hotel/es/primecliper.es.html?label=gen173nr-1FCAEoggI46AdIClgEaEaIAQGYAQq4ARnIAQ_YAQHoAQH4AQKIAgGoAgO4ArL50rwGwAIB0gIkOGZlNzdlZTAtYjM2Ni00NjEwLWJjZDItYjc2NTUzNTkyZGM32AIF4AIB&sid=5ad11202ea9cc1c07c5ed8caaaf11387&aid=304142&ucfs=1&arphpl=1&checkin=2025-03-01&checkout=2025-03-08&dest_id=-390625&dest_type=city&group_adults=2&req_adults=2&no_rooms=1&group_children=0&req_children=0&hpos=22&hapos=173&sr_order=popularity&srpvid=a6ce4e38ac41034b&srepoch=1737803264&all_sr_blocks=9031502_112347417_0_2_0_182227&highlighted_blocks=9031502_112347417_0_2_0_182227&matching_block_id=9031502_112347417_0_2_0_182227&sr_pri_blocks=9031502_112347417_0_2_0_182227_157500&from=searchresults
AngelitoMAD,"Moncloa - Aravaca, Madrid",https://www.booking.com/hotel/es/angelito-mad.es.html?label=gen173nr-1FCAEoggI46AdIClgEaEaIAQGYAQq4ARnIAQ_YAQHoAQH4AQKIAgGoAgO4ArL50rwGwAIB0gIkOGZlNzdlZTAtYjM2Ni00NjEwLWJjZDItYjc2NTUzNTkyZGM32AIF4AIB&sid=5ad11202ea9cc1c07c5ed8caaaf11387&aid=304142&ucfs=1&arphpl=1&checkin=2025-03-01&checkout=2025-03-08&dest_id=-390625&dest_type=city&group_adults=2&req_adults=2&no_rooms=1&group_children=0&req_children=0&hpos=23&hapos=174&sr_order=popularity&srpvid=a6ce4e38ac41034b&srepoch=1737803264&all_sr_blocks=891748501_362536638_2_0_0&highlighted_blocks=891748501_362536638_2_0_0&matching_block_id=891748501_362536638_2_0_0&sr_pri_blocks=891748501_362536638_2_0_0__95186&from=searchresults
Homelike Las Letras,"Centro de Madrid, Madrid",https://www.booking.com/hotel/es/homelike-las-letras.es.html?label=gen173nr-1FCAEoggI46AdIClgEaEaIAQGYAQq4ARnIAQ_YAQHoAQH4AQKIAgGoAgO4ArL50rwGwAIB0gIkOGZlNzdlZTAtYjM2Ni00NjEwLWJjZDItYjc2NTUzNTkyZGM32AIF4AIB&sid=5ad11202ea9cc1c07c5ed8caaaf11387&aid=304142&ucfs=1&arphpl=1&checkin=2025-03-01&checkout=2025-03-08&dest_id=-390625&dest_type=city&group_adults=2&req_adults=2&no_rooms=1&group_children=0&req_children=0&hpos=24&hapos=175&sr_order=popularity&srpvid=a6ce4e38ac41034b&srepoch=1737803264&all_sr_blocks=1124488701_385161314_2_0_0&highlighted_blocks=1124488701_385161314_2_0_0&matching_block_id=1124488701_385161314_2_0_0&sr_pri_blocks=1124488701_385161314_2_0_0__84361&from=searchresults
Hostal Fernández Atocha,"Centro de Madrid, Madrid",https://www.booking.com/hotel/es/hostal-residencia-fernandez.es.html?label=gen173nr-1FCAEoggI46AdIClgEaEaIAQGYAQq4ARnIAQ_YAQHoAQH4AQKIAgGoAgO4ArL50rwGwAIB0gIkOGZlNzdlZTAtYjM2Ni00NjEwLWJjZDItYjc2NTUzNTkyZGM32AIF4AIB&sid=5ad11202ea9cc1c07c5ed8caaaf11387&aid=304142&ucfs=1&arphpl=1&checkin=2025-03-01&checkout=2025-03-08&dest_id=-390625&dest_type=city&group_adults=2&req_adults=2&no_rooms=1&group_children=0&req_children=0&hpos=25&hapos=176&sr_order=popularity&srpvid=a6ce4e38ac41034b&srepoch=1737803264&all_sr_blocks=47902310_399623061_2_0_0&highlighted_blocks=47902310_399623061_2_0_0&matching_block_id=47902310_399623061_2_0_0&sr_pri_blocks=47902310_399623061_2_0_0__74624&from=searchresults
Dobo Homes - EG13,"Puente de Vallecas, Madrid",https://www.booking.com/hotel/es/dobohomes-eg13.es.html?label=gen173nr-1FCAEoggI46AdIClgEaEaIAQGYAQq4ARnIAQ_YAQHoAQH4AQKIAgGoAgO4ArL50rwGwAIB0gIkOGZlNzdlZTAtYjM2Ni00NjEwLWJjZDItYjc2NTUzNTkyZGM32AIF4AIB&sid=5ad11202ea9cc1c07c5ed8caaaf11387&aid=304142&ucfs=1&arphpl=1&checkin=2025-03-01&checkout=2025-03-08&dest_id=-390625&dest_type=city&group_adults=2&req_adults=2&no_rooms=1&group_children=0&req_children=0&hpos=1&hapos=177&sr_order=popularity&srpvid=a6ce4e38ac41034b&srepoch=1737803266&all_sr_blocks=1165240810_389188329_2_0_0&highlighted_blocks=1165240810_389188329_2_0_0&matching_block_id=1165240810_389188329_2_0_0&sr_pri_blocks=1165240810_389188329_2_0_0__68100&from=searchresults
Akeah Hotel Gran Vía,"Centro de Madrid, Madrid",https://www.booking.com/hotel/es/akeah-gran-via.es.html?label=gen173nr-1FCAEoggI46AdIClgEaEaIAQGYAQq4ARnIAQ_YAQHoAQH4AQKIAgGoAgO4ArL50rwGwAIB0gIkOGZlNzdlZTAtYjM2Ni00NjEwLWJjZDItYjc2NTUzNTkyZGM32AIF4AIB&sid=5ad11202ea9cc1c07c5ed8caaaf11387&aid=304142&ucfs=1&arphpl=1&checkin=2025-03-01&checkout=2025-03-08&dest_id=-390625&dest_type=city&group_adults=2&req_adults=2&no_rooms=1&group_children=0&req_children=0&hpos=2&hapos=178&sr_order=popularity&srpvid=a6ce4e38ac41034b&srepoch=1737803266&all_sr_blocks=818003801_344381273_2_34_0&highlighted_blocks=818003801_344381273_2_34_0&matching_block_id=818003801_344381273_2_34_0&sr_pri_blocks=818003801_344381273_2_34_0__139004&from=searchresults
Exe Suites 33,"Centro de Madrid, Madrid",https://www.booking.com/hotel/es/suites-33.es.html?label=gen173nr-1FCAEoggI46AdIClgEaEaIAQGYAQq4ARnIAQ_YAQHoAQH4AQKIAgGoAgO4ArL50rwGwAIB0gIkOGZlNzdlZTAtYjM2Ni00NjEwLWJjZDItYjc2NTUzNTkyZGM32AIF4AIB&sid=5ad11202ea9cc1c07c5ed8caaaf11387&aid=304142&ucfs=1&arphpl=1&checkin=2025-03-01&checkout=2025-03-08&dest_id=-390625&dest_type=city&group_adults=2&req_adults=2&no_rooms=1&group_children=0&req_children=0&hpos=3&hapos=179&sr_order=popularity&srpvid=a6ce4e38ac41034b&srepoch=1737803266&all_sr_blocks=9408802_88195477_2_0_0&highlighted_blocks=9408802_88195477_2_0_0&matching_block_id=9408802_88195477_2_0_0&sr_pri_blocks=9408802_88195477_2_0_0__108812&from_sustainable_property_sr=1&from=searchresults
Hotel du Temps Madrid,"Centro de Madrid, Madrid",https://www.booking.com/hotel/es/hotel-du-temps-madrid.es.html?label=gen173nr-1FCAEoggI46AdIClgEaEaIAQGYAQq4ARnIAQ_YAQHoAQH4AQKIAgGoAgO4ArL50rwGwAIB0gIkOGZlNzdlZTAtYjM2Ni00NjEwLWJjZDItYjc2NTUzNTkyZGM32AIF4AIB&sid=5ad11202ea9cc1c07c5ed8caaaf11387&aid=304142&ucfs=1&arphpl=1&checkin=2025-03-01&checkout=2025-03-08&dest_id=-390625&dest_type=city&group_adults=2&req_adults=2&no_rooms=1&group_children=0&req_children=0&hpos=4&hapos=180&sr_order=popularity&srpvid=a6ce4e38ac41034b&srepoch=1737803266&all_sr_blocks=9002018_88450463_2_2_0&highlighted_blocks=9002018_88450463_2_2_0&matching_block_id=9002018_88450463_2_2_0&sr_pri_blocks=9002018_88450463_2_2_0__146830&from=searchresults
ARTIEM Madrid,"Ciudad Lineal, Madrid",https://www.booking.com/hotel/es/hotel-artiem-madrid.es.html?label=gen173nr-1FCAEoggI46AdIClgEaEaIAQGYAQq4ARnIAQ_YAQHoAQH4AQKIAgGoAgO4ArL50rwGwAIB0gIkOGZlNzdlZTAtYjM2Ni00NjEwLWJjZDItYjc2NTUzNTkyZGM32AIF4AIB&sid=5ad11202ea9cc1c07c5ed8caaaf11387&aid=304142&ucfs=1&arphpl=1&checkin=2025-03-01&checkout=2025-03-08&dest_id=-390625&dest_type=city&group_adults=2&req_adults=2&no_rooms=1&group_children=0&req_children=0&hpos=5&hapos=181&sr_order=popularity&srpvid=a6ce4e38ac41034b&srepoch=1737803266&all_sr_blocks=9389903_88493808_2_2_0_516330&highlighted_blocks=9389903_88493808_2_2_0_516330&matching_block_id=9389903_88493808_2_2_0_516330&sr_pri_blocks=9389903_88493808_2_2_0_516330_100726&from_sustainable_property_sr=1&from=searchresults
Silken Puerta Madrid,"San Blas, Madrid",https://www.booking.com/hotel/es/silkenpuertamadrid.es.html?label=gen173nr-1FCAEoggI46AdIClgEaEaIAQGYAQq4ARnIAQ_YAQHoAQH4AQKIAgGoAgO4ArL50rwGwAIB0gIkOGZlNzdlZTAtYjM2Ni00NjEwLWJjZDItYjc2NTUzNTkyZGM32AIF4AIB&sid=5ad11202ea9cc1c07c5ed8caaaf11387&aid=304142&ucfs=1&arphpl=1&checkin=2025-03-01&checkout=2025-03-08&dest_id=-390625&dest_type=city&group_adults=2&req_adults=2&no_rooms=1&group_children=0&req_children=0&hpos=6&hapos=182&sr_order=popularity&srpvid=a6ce4e38ac41034b&srepoch=1737803266&all_sr_blocks=9160101_332928119_0_2_0_458795&highlighted_blocks=9160101_332928119_0_2_0_458795&matching_block_id=9160101_332928119_0_2_0_458795&sr_pri_blocks=9160101_332928119_0_2_0_458795_80444&from_sustainable_property_sr=1&from=searchresults
Vincci Capitol,"Centro de Madrid, Madrid",https://www.booking.com/hotel/es/vincci-capitol.es.html?label=gen173nr-1FCAEoggI46AdIClgEaEaIAQGYAQq4ARnIAQ_YAQHoAQH4AQKIAgGoAgO4ArL50rwGwAIB0gIkOGZlNzdlZTAtYjM2Ni00NjEwLWJjZDItYjc2NTUzNTkyZGM32AIF4AIB&sid=5ad11202ea9cc1c07c5ed8caaaf11387&aid=304142&ucfs=1&arphpl=1&checkin=2025-03-01&checkout=2025-03-08&dest_id=-390625&dest_type=city&group_adults=2&req_adults=2&no_rooms=1&group_children=0&req_children=0&hpos=7&hapos=183&sr_order=popularity&srpvid=a6ce4e38ac41034b&srepoch=1737803266&all_sr_blocks=9368301_401099190_0_2_0_203731&highlighted_blocks=9368301_401099190_0_2_0_203731&matching_block_id=9368301_401099190_0_2_0_203731&sr_pri_blocks=9368301_401099190_0_2_0_203731_188739&from_sustainable_property_sr=1&from=searchresults
1881 Madrid Ventas Hotel,"Ciudad Lineal, Madrid",https://www.booking.com/hotel/es/1881-madrid-ventas.es.html?label=gen173nr-1FCAEoggI46AdIClgEaEaIAQGYAQq4ARnIAQ_YAQHoAQH4AQKIAgGoAgO4ArL50rwGwAIB0gIkOGZlNzdlZTAtYjM2Ni00NjEwLWJjZDItYjc2NTUzNTkyZGM32AIF4AIB&sid=5ad11202ea9cc1c07c5ed8caaaf11387&aid=304142&ucfs=1&arphpl=1&checkin=2025-03-01&checkout=2025-03-08&dest_id=-390625&dest_type=city&group_adults=2&req_adults=2&no_rooms=1&group_children=0&req_children=0&hpos=8&hapos=184&sr_order=popularity&srpvid=a6ce4e38ac41034b&srepoch=1737803266&all_sr_blocks=1056902002_377985788_2_2_0&highlighted_blocks=1056902002_377985788_2_2_0&matching_block_id=1056902002_377985788_2_2_0&sr_pri_blocks=1056902002_377985788_2_2_0__119985&from=searchresults
Estudio RetiroIbiza I,"Retiro, Madrid",https://www.booking.com/hotel/es/estudio-retiroibiza-i.es.html?label=gen173nr-1FCAEoggI46AdIClgEaEaIAQGYAQq4ARnIAQ_YAQHoAQH4AQKIAgGoAgO4ArL50rwGwAIB0gIkOGZlNzdlZTAtYjM2Ni00NjEwLWJjZDItYjc2NTUzNTkyZGM32AIF4AIB&sid=5ad11202ea9cc1c07c5ed8caaaf11387&aid=304142&ucfs=1&arphpl=1&checkin=2025-03-01&checkout=2025-03-08&dest_id=-390625&dest_type=city&group_adults=2&req_adults=2&no_rooms=1&group_children=0&req_children=0&hpos=9&hapos=185&sr_order=popularity&srpvid=a6ce4e38ac41034b&srepoch=1737803266&all_sr_blocks=1025097702_384973356_2_0_0&highlighted_blocks=1025097702_384973356_2_0_0&matching_block_id=1025097702_384973356_2_0_0&sr_pri_blocks=1025097702_384973356_2_0_0__86129&from=searchresults
NH Madrid Ribera del Manzanares,"Arganzuela, Madrid",https://www.booking.com/hotel/es/nh-ribera-de-manzanares.es.html?label=gen173nr-1FCAEoggI46AdIClgEaEaIAQGYAQq4ARnIAQ_YAQHoAQH4AQKIAgGoAgO4ArL50rwGwAIB0gIkOGZlNzdlZTAtYjM2Ni00NjEwLWJjZDItYjc2NTUzNTkyZGM32AIF4AIB&sid=5ad11202ea9cc1c07c5ed8caaaf11387&aid=304142&ucfs=1&arphpl=1&checkin=2025-03-01&checkout=2025-03-08&dest_id=-390625&dest_type=city&group_adults=2&req_adults=2&no_rooms=1&group_children=0&req_children=0&hpos=10&hapos=186&sr_order=popularity&srpvid=a6ce4e38ac41034b&srepoch=1737803266&all_sr_blocks=27649504_93722242_0_2_0&highlighted_blocks=27649504_93722242_0_2_0&matching_block_id=27649504_93722242_0_2_0&sr_pri_blocks=27649504_93722242_0_2_0__111901&from_sustainable_property_sr=1&from=searchresults
Minty Stay - Galdo,"Centro de Madrid, Madrid",https://www.booking.com/hotel/es/3-bedrooms-2-bathrooms-furnished-center-modern-and-refurbished-mintystay.es.html?label=gen173nr-1FCAEoggI46AdIClgEaEaIAQGYAQq4ARnIAQ_YAQHoAQH4AQKIAgGoAgO4ArL50rwGwAIB0gIkOGZlNzdlZTAtYjM2Ni00NjEwLWJjZDItYjc2NTUzNTkyZGM32AIF4AIB&sid=5ad11202ea9cc1c07c5ed8caaaf11387&aid=304142&ucfs=1&arphpl=1&checkin=2025-03-01&checkout=2025-03-08&dest_id=-390625&dest_type=city&group_adults=2&req_adults=2&no_rooms=1&group_children=0&req_children=0&hpos=11&hapos=187&sr_order=popularity&srpvid=a6ce4e38ac41034b&srepoch=1737803266&all_sr_blocks=932324110_389592571_0_0_0&highlighted_blocks=932324110_389592571_0_0_0&matching_block_id=932324110_389592571_0_0_0&sr_pri_blocks=932324110_389592571_0_0_0__98658&from=searchresults
AMA MADRID Arturo Soria Estudio,"San Blas, Madrid",https://www.booking.com/hotel/es/ama-madrid-arturo-soria-estudio.es.html?label=gen173nr-1FCAEoggI46AdIClgEaEaIAQGYAQq4ARnIAQ_YAQHoAQH4AQKIAgGoAgO4ArL50rwGwAIB0gIkOGZlNzdlZTAtYjM2Ni00NjEwLWJjZDItYjc2NTUzNTkyZGM32AIF4AIB&sid=5ad11202ea9cc1c07c5ed8caaaf11387&aid=304142&ucfs=1&arphpl=1&checkin=2025-03-01&checkout=2025-03-08&dest_id=-390625&dest_type=city&group_adults=2&req_adults=2&no_rooms=1&group_children=0&req_children=0&hpos=12&hapos=188&sr_order=popularity&srpvid=a6ce4e38ac41034b&srepoch=1737803266&all_sr_blocks=1277490601_400667604_2_0_0&highlighted_blocks=1277490601_400667604_2_0_0&matching_block_id=1277490601_400667604_2_0_0&sr_pri_blocks=1277490601_400667604_2_0_0__56048&from=searchresults
NH Madrid Zurbano,"Chamberí, Madrid",https://www.booking.com/hotel/es/nhzurbano.es.html?label=gen173nr-1FCAEoggI46AdIClgEaEaIAQGYAQq4ARnIAQ_YAQHoAQH4AQKIAgGoAgO4ArL50rwGwAIB0gIkOGZlNzdlZTAtYjM2Ni00NjEwLWJjZDItYjc2NTUzNTkyZGM32AIF4AIB&sid=5ad11202ea9cc1c07c5ed8caaaf11387&aid=304142&ucfs=1&arphpl=1&checkin=2025-03-01&checkout=2025-03-08&dest_id=-390625&dest_type=city&group_adults=2&req_adults=2&no_rooms=1&group_children=0&req_children=0&hpos=13&hapos=189&sr_order=popularity&srpvid=a6ce4e38ac41034b&srepoch=1737803266&all_sr_blocks=9067502_93708927_0_2_0&highlighted_blocks=9067502_93708927_0_2_0&matching_block_id=9067502_93708927_0_2_0&sr_pri_blocks=9067502_93708927_0_2_0__137900&from_sustainable_property_sr=1&from=searchresults
CC Opera Suites,"Centro de Madrid, Madrid",https://www.booking.com/hotel/es/cc-opera-suites.es.html?label=gen173nr-1FCAEoggI46AdIClgEaEaIAQGYAQq4ARnIAQ_YAQHoAQH4AQKIAgGoAgO4ArL50rwGwAIB0gIkOGZlNzdlZTAtYjM2Ni00NjEwLWJjZDItYjc2NTUzNTkyZGM32AIF4AIB&sid=5ad11202ea9cc1c07c5ed8caaaf11387&aid=304142&ucfs=1&arphpl=1&checkin=2025-03-01&checkout=2025-03-08&dest_id=-390625&dest_type=city&group_adults=2&req_adults=2&no_rooms=1&group_children=0&req_children=0&hpos=14&hapos=190&sr_order=popularity&srpvid=a6ce4e38ac41034b&srepoch=1737803266&all_sr_blocks=1110039903_383748963_2_2_0&highlighted_blocks=1110039903_383748963_2_2_0&matching_block_id=1110039903_383748963_2_2_0&sr_pri_blocks=1110039903_383748963_2_2_0__88500&from=searchresults
Soho Boutique Congreso,"Centro de Madrid, Madrid",https://www.booking.com/hotel/es/soho-boutique-congreso.es.html?label=gen173nr-1FCAEoggI46AdIClgEaEaIAQGYAQq4ARnIAQ_YAQHoAQH4AQKIAgGoAgO4ArL50rwGwAIB0gIkOGZlNzdlZTAtYjM2Ni00NjEwLWJjZDItYjc2NTUzNTkyZGM32AIF4AIB&sid=5ad11202ea9cc1c07c5ed8caaaf11387&aid=304142&ucfs=1&arphpl=1&checkin=2025-03-01&checkout=2025-03-08&dest_id=-390625&dest_type=city&group_adults=2&req_adults=2&no_rooms=1&group_children=0&req_children=0&hpos=15&hapos=191&sr_order=popularity&srpvid=a6ce4e38ac41034b&srepoch=1737803266&all_sr_blocks=393404501_247891353_0_2_0_236259&highlighted_blocks=393404501_247891353_0_2_0_236259&matching_block_id=393404501_247891353_0_2_0_236259&sr_pri_blocks=393404501_247891353_0_2_0_236259_137774&from_sustainable_property_sr=1&from=searchresults
JC Rooms Santo Domingo,"Centro de Madrid, Madrid",https://www.booking.com/hotel/es/jc-rooms-santo-domingo.es.html?label=gen173nr-1FCAEoggI46AdIClgEaEaIAQGYAQq4ARnIAQ_YAQHoAQH4AQKIAgGoAgO4ArL50rwGwAIB0gIkOGZlNzdlZTAtYjM2Ni00NjEwLWJjZDItYjc2NTUzNTkyZGM32AIF4AIB&sid=5ad11202ea9cc1c07c5ed8caaaf11387&aid=304142&ucfs=1&arphpl=1&checkin=2025-03-01&checkout=2025-03-08&dest_id=-390625&dest_type=city&group_adults=2&req_adults=2&no_rooms=1&group_children=0&req_children=0&hpos=16&hapos=192&sr_order=popularity&srpvid=a6ce4e38ac41034b&srepoch=1737803266&all_sr_blocks=50695701_88209982_0_2_0&highlighted_blocks=50695701_88209982_0_2_0&matching_block_id=50695701_88209982_0_2_0&sr_pri_blocks=50695701_88209982_0_2_0__109000&from=searchresults
Pierre & Vacances Apartamentos Edificio Eurobuilding 2,"Tetuán, Madrid",https://www.booking.com/hotel/es/apartamentos-eurobuilding-2.es.html?label=gen173nr-1FCAEoggI46AdIClgEaEaIAQGYAQq4ARnIAQ_YAQHoAQH4AQKIAgGoAgO4ArL50rwGwAIB0gIkOGZlNzdlZTAtYjM2Ni00NjEwLWJjZDItYjc2NTUzNTkyZGM32AIF4AIB&sid=5ad11202ea9cc1c07c5ed8caaaf11387&aid=304142&ucfs=1&arphpl=1&checkin=2025-03-01&checkout=2025-03-08&dest_id=-390625&dest_type=city&group_adults=2&req_adults=2&no_rooms=1&group_children=0&req_children=0&hpos=17&hapos=193&sr_order=popularity&srpvid=a6ce4e38ac41034b&srepoch=1737803266&all_sr_blocks=9416221_88195575_2_0_0&highlighted_blocks=9416221_88195575_2_0_0&matching_block_id=9416221_88195575_2_0_0&sr_pri_blocks=9416221_88195575_2_0_0__94863&from=searchresults
Axel Hotel Madrid - Adults Only,"Centro de Madrid, Madrid",https://www.booking.com/hotel/es/axel-madrid-madrid12345678.es.html?label=gen173nr-1FCAEoggI46AdIClgEaEaIAQGYAQq4ARnIAQ_YAQHoAQH4AQKIAgGoAgO4ArL50rwGwAIB0gIkOGZlNzdlZTAtYjM2Ni00NjEwLWJjZDItYjc2NTUzNTkyZGM32AIF4AIB&sid=5ad11202ea9cc1c07c5ed8caaaf11387&aid=304142&ucfs=1&arphpl=1&checkin=2025-03-01&checkout=2025-03-08&dest_id=-390625&dest_type=city&group_adults=2&req_adults=2&no_rooms=1&group_children=0&req_children=0&hpos=18&hapos=194&sr_order=popularity&srpvid=a6ce4e38ac41034b&srepoch=1737803266&all_sr_blocks=243898501_102172814_0_2_0&highlighted_blocks=243898501_102172814_0_2_0&matching_block_id=243898501_102172814_0_2_0&sr_pri_blocks=243898501_102172814_0_2_0__127087&from=searchresults
Salomé,"Centro de Madrid, Madrid",https://www.booking.com/hotel/es/pension-salome.es.html?label=gen173nr-1FCAEoggI46AdIClgEaEaIAQGYAQq4ARnIAQ_YAQHoAQH4AQKIAgGoAgO4ArL50rwGwAIB0gIkOGZlNzdlZTAtYjM2Ni00NjEwLWJjZDItYjc2NTUzNTkyZGM32AIF4AIB&sid=5ad11202ea9cc1c07c5ed8caaaf11387&aid=304142&ucfs=1&arphpl=1&checkin=2025-03-01&checkout=2025-03-08&dest_id=-390625&dest_type=city&group_adults=2&req_adults=2&no_rooms=1&group_children=0&req_children=0&hpos=19&hapos=195&sr_order=popularity&srpvid=a6ce4e38ac41034b&srepoch=1737803266&all_sr_blocks=26071705_394947707_2_0_0&highlighted_blocks=26071705_394947707_2_0_0&matching_block_id=26071705_394947707_2_0_0&sr_pri_blocks=26071705_394947707_2_0_0__105950&from=searchresults
JC Rooms Chueca,"Centro de Madrid, Madrid",https://www.booking.com/hotel/es/jc-rooms-chueca.es.html?label=gen173nr-1FCAEoggI46AdIClgEaEaIAQGYAQq4ARnIAQ_YAQHoAQH4AQKIAgGoAgO4ArL50rwGwAIB0gIkOGZlNzdlZTAtYjM2Ni00NjEwLWJjZDItYjc2NTUzNTkyZGM32AIF4AIB&sid=5ad11202ea9cc1c07c5ed8caaaf11387&aid=304142&ucfs=1&arphpl=1&checkin=2025-03-01&checkout=2025-03-08&dest_id=-390625&dest_type=city&group_adults=2&req_adults=2&no_rooms=1&group_children=0&req_children=0&hpos=20&hapos=196&sr_order=popularity&srpvid=a6ce4e38ac41034b&srepoch=1737803266&all_sr_blocks=246992402_102696597_0_42_0&highlighted_blocks=246992402_102696597_0_42_0&matching_block_id=246992402_102696597_0_42_0&sr_pri_blocks=246992402_102696597_0_42_0__97800&from=searchresults
Charming Circo Price,"Centro de Madrid, Madrid",https://www.booking.com/hotel/es/charming-circo-price.es.html?label=gen173nr-1FCAEoggI46AdIClgEaEaIAQGYAQq4ARnIAQ_YAQHoAQH4AQKIAgGoAgO4ArL50rwGwAIB0gIkOGZlNzdlZTAtYjM2Ni00NjEwLWJjZDItYjc2NTUzNTkyZGM32AIF4AIB&sid=5ad11202ea9cc1c07c5ed8caaaf11387&aid=304142&ucfs=1&arphpl=1&checkin=2025-03-01&checkout=2025-03-08&dest_id=-390625&dest_type=city&group_adults=2&req_adults=2&no_rooms=1&group_children=0&req_children=0&hpos=21&hapos=197&sr_order=popularity&srpvid=a6ce4e38ac41034b&srepoch=1737803266&all_sr_blocks=409621301_344338487_2_0_0&highlighted_blocks=409621301_344338487_2_0_0&matching_block_id=409621301_344338487_2_0_0&sr_pri_blocks=409621301_344338487_2_0_0__69028&from=searchresults
Hostal Arenal Madrid,"Centro de Madrid, Madrid",https://www.booking.com/hotel/es/hostal-arenal-madrid.es.html?label=gen173nr-1FCAEoggI46AdIClgEaEaIAQGYAQq4ARnIAQ_YAQHoAQH4AQKIAgGoAgO4ArL50rwGwAIB0gIkOGZlNzdlZTAtYjM2Ni00NjEwLWJjZDItYjc2NTUzNTkyZGM32AIF4AIB&sid=5ad11202ea9cc1c07c5ed8caaaf11387&aid=304142&ucfs=1&arphpl=1&checkin=2025-03-01&checkout=2025-03-08&dest_id=-390625&dest_type=city&group_adults=2&req_adults=2&no_rooms=1&group_children=0&req_children=0&hpos=22&hapos=198&sr_order=popularity&srpvid=a6ce4e38ac41034b&srepoch=1737803266&all_sr_blocks=991348601_401172579_2_0_0&highlighted_blocks=991348601_401172579_2_0_0&matching_block_id=991348601_401172579_2_0_0&sr_pri_blocks=991348601_401172579_2_0_0__109140&from=searchresults
Quatro Puerta del Sol,"Centro de Madrid, Madrid",https://www.booking.com/hotel/es/quopuertadelsol.es.html?label=gen173nr-1FCAEoggI46AdIClgEaEaIAQGYAQq4ARnIAQ_YAQHoAQH4AQKIAgGoAgO4ArL50rwGwAIB0gIkOGZlNzdlZTAtYjM2Ni00NjEwLWJjZDItYjc2NTUzNTkyZGM32AIF4AIB&sid=5ad11202ea9cc1c07c5ed8caaaf11387&aid=304142&ucfs=1&arphpl=1&checkin=2025-03-01&checkout=2025-03-08&dest_id=-390625&dest_type=city&group_adults=2&req_adults=2&no_rooms=1&group_children=0&req_children=0&hpos=23&hapos=199&sr_order=popularity&srpvid=a6ce4e38ac41034b&srepoch=1737803266&all_sr_blocks=9054801_0_2_0_0&highlighted_blocks=9054801_0_2_0_0&matching_block_id=9054801_0_2_0_0&sr_pri_blocks=9054801_0_2_0_0__123621&from=searchresults
1 bedroom 1 bathroom furnished - Recoletos - modern functional - MintyStay,"Salamanca, Madrid",https://www.booking.com/hotel/es/1-bedroom-1-bathroom-furnished-recoletos-modern-functional-mintystay-madrid.es.html?label=gen173nr-1FCAEoggI46AdIClgEaEaIAQGYAQq4ARnIAQ_YAQHoAQH4AQKIAgGoAgO4ArL50rwGwAIB0gIkOGZlNzdlZTAtYjM2Ni00NjEwLWJjZDItYjc2NTUzNTkyZGM32AIF4AIB&sid=5ad11202ea9cc1c07c5ed8caaaf11387&aid=304142&ucfs=1&arphpl=1&checkin=2025-03-01&checkout=2025-03-08&dest_id=-390625&dest_type=city&group_adults=2&req_adults=2&no_rooms=1&group_children=0&req_children=0&hpos=24&hapos=200&sr_order=popularity&srpvid=a6ce4e38ac41034b&srepoch=1737803266&all_sr_blocks=1039503802_376642048_2_0_0&highlighted_blocks=1039503802_376642048_2_0_0&matching_block_id=1039503802_376642048_2_0_0&sr_pri_blocks=1039503802_376642048_2_0_0__85949&from=searchresults
Hotel Maydrit Airport,"Barajas, Madrid",https://www.booking.com/hotel/es/maydrit.es.html?label=gen173nr-1FCAEoggI46AdIClgEaEaIAQGYAQq4ARnIAQ_YAQHoAQH4AQKIAgGoAgO4ArL50rwGwAIB0gIkOGZlNzdlZTAtYjM2Ni00NjEwLWJjZDItYjc2NTUzNTkyZGM32AIF4AIB&sid=5ad11202ea9cc1c07c5ed8caaaf11387&aid=304142&ucfs=1&arphpl=1&checkin=2025-03-01&checkout=2025-03-08&dest_id=-390625&dest_type=city&group_adults=2&req_adults=2&no_rooms=1&group_children=0&req_children=0&hpos=25&hapos=201&sr_order=popularity&srpvid=a6ce4e38ac41034b&srepoch=1737803266&all_sr_blocks=1749001_95142285_0_2_0_316179&highlighted_blocks=1749001_95142285_0_2_0_316179&matching_block_id=1749001_95142285_0_2_0_316179&sr_pri_blocks=1749001_95142285_0_2_0_316179_91675&from_sustainable_property_sr=1&from=searchresults
Petit Palace Plaza España,"Centro de Madrid, Madrid",https://www.booking.com/hotel/es/petit-palace-san-bernardo.es.html?label=gen173nr-1FCAEoggI46AdIClgEaEaIAQGYAQq4ARnIAQ_YAQHoAQH4AQKIAgGoAgO4ArL50rwGwAIB0gIkOGZlNzdlZTAtYjM2Ni00NjEwLWJjZDItYjc2NTUzNTkyZGM32AIF4AIB&sid=5ad11202ea9cc1c07c5ed8caaaf11387&aid=304142&ucfs=1&arphpl=1&checkin=2025-03-01&checkout=2025-03-08&dest_id=-390625&dest_type=city&group_adults=2&req_adults=2&no_rooms=1&group_children=0&req_children=0&hpos=1&hapos=202&sr_order=popularity&srpvid=a6ce4e38ac41034b&srepoch=1737803267&all_sr_blocks=9242801_202715570_0_2_0_184321&highlighted_blocks=9242801_202715570_0_2_0_184321&matching_block_id=9242801_202715570_0_2_0_184321&sr_pri_blocks=9242801_202715570_0_2_0_184321_145327&from=searchresults
Travelodge Torrelaguna,"Ciudad Lineal, Madrid",https://www.booking.com/hotel/es/travelodge-torrelaguna.es.html?label=gen173nr-1FCAEoggI46AdIClgEaEaIAQGYAQq4ARnIAQ_YAQHoAQH4AQKIAgGoAgO4ArL50rwGwAIB0gIkOGZlNzdlZTAtYjM2Ni00NjEwLWJjZDItYjc2NTUzNTkyZGM32AIF4AIB&sid=5ad11202ea9cc1c07c5ed8caaaf11387&aid=304142&ucfs=1&arphpl=1&checkin=2025-03-01&checkout=2025-03-08&dest_id=-390625&dest_type=city&group_adults=2&req_adults=2&no_rooms=1&group_children=0&req_children=0&hpos=2&hapos=203&sr_order=popularity&srpvid=a6ce4e38ac41034b&srepoch=1737803267&all_sr_blocks=9281001_91463131_0_2_0&highlighted_blocks=9281001_91463131_0_2_0&matching_block_id=9281001_91463131_0_2_0&sr_pri_blocks=9281001_91463131_0_2_0__66927&from=searchresults
Ikonik Gran Vía,"Centro de Madrid, Madrid",https://www.booking.com/hotel/es/ikonik-gran-via-madrid.es.html?label=gen173nr-1FCAEoggI46AdIClgEaEaIAQGYAQq4ARnIAQ_YAQHoAQH4AQKIAgGoAgO4ArL50rwGwAIB0gIkOGZlNzdlZTAtYjM2Ni00NjEwLWJjZDItYjc2NTUzNTkyZGM32AIF4AIB&sid=5ad11202ea9cc1c07c5ed8caaaf11387&aid=304142&ucfs=1&arphpl=1&checkin=2025-03-01&checkout=2025-03-08&dest_id=-390625&dest_type=city&group_adults=2&req_adults=2&no_rooms=1&group_children=0&req_children=0&hpos=3&hapos=204&sr_order=popularity&srpvid=a6ce4e38ac41034b&srepoch=1737803267&all_sr_blocks=840745003_350770242_2_2_0&highlighted_blocks=840745003_350770242_2_2_0&matching_block_id=840745003_350770242_2_2_0&sr_pri_blocks=840745003_350770242_2_2_0__128793&from_sustainable_property_sr=1&from=searchresults
Petit Palace Plaza Mayor,"Centro de Madrid, Madrid",https://www.booking.com/hotel/es/petit-palace-mayot.es.html?label=gen173nr-1FCAEoggI46AdIClgEaEaIAQGYAQq4ARnIAQ_YAQHoAQH4AQKIAgGoAgO4ArL50rwGwAIB0gIkOGZlNzdlZTAtYjM2Ni00NjEwLWJjZDItYjc2NTUzNTkyZGM32AIF4AIB&sid=5ad11202ea9cc1c07c5ed8caaaf11387&aid=304142&ucfs=1&arphpl=1&checkin=2025-03-01&checkout=2025-03-08&dest_id=-390625&dest_type=city&group_adults=2&req_adults=2&no_rooms=1&group_children=0&req_children=0&hpos=4&hapos=205&sr_order=popularity&srpvid=a6ce4e38ac41034b&srepoch=1737803267&all_sr_blocks=1415801_202711496_0_2_0_184257&highlighted_blocks=1415801_202711496_0_2_0_184257&matching_block_id=1415801_202711496_0_2_0_184257&sr_pri_blocks=1415801_202711496_0_2_0_184257_161252&from=searchresults
MH Apartments Central Madrid,"Centro de Madrid, Madrid",https://www.booking.com/hotel/es/mh-apartments-central-madrid.es.html?label=gen173nr-1FCAEoggI46AdIClgEaEaIAQGYAQq4ARnIAQ_YAQHoAQH4AQKIAgGoAgO4ArL50rwGwAIB0gIkOGZlNzdlZTAtYjM2Ni00NjEwLWJjZDItYjc2NTUzNTkyZGM32AIF4AIB&sid=5ad11202ea9cc1c07c5ed8caaaf11387&aid=304142&ucfs=1&arphpl=1&checkin=2025-03-01&checkout=2025-03-08&dest_id=-390625&dest_type=city&group_adults=2&req_adults=2&no_rooms=1&group_children=0&req_children=0&hpos=5&hapos=206&sr_order=popularity&srpvid=a6ce4e38ac41034b&srepoch=1737803267&all_sr_blocks=360655202_0_2_0_0&highlighted_blocks=360655202_0_2_0_0&matching_block_id=360655202_0_2_0_0&sr_pri_blocks=360655202_0_2_0_0__180270&from=searchresults
Melia Madrid Serrano,"Salamanca, Madrid",https://www.booking.com/hotel/es/melia-madrid-serrano.es.html?label=gen173nr-1FCAEoggI46AdIClgEaEaIAQGYAQq4ARnIAQ_YAQHoAQH4AQKIAgGoAgO4ArL50rwGwAIB0gIkOGZlNzdlZTAtYjM2Ni00NjEwLWJjZDItYjc2NTUzNTkyZGM32AIF4AIB&sid=5ad11202ea9cc1c07c5ed8caaaf11387&aid=304142&ucfs=1&arphpl=1&checkin=2025-03-01&checkout=2025-03-08&dest_id=-390625&dest_type=city&group_adults=2&req_adults=2&no_rooms=1&group_children=0&req_children=0&hpos=6&hapos=207&sr_order=popularity&srpvid=a6ce4e38ac41034b&srepoch=1737803267&all_sr_blocks=9143701_0_2_1_0&highlighted_blocks=9143701_0_2_1_0&matching_block_id=9143701_0_2_1_0&sr_pri_blocks=9143701_0_2_1_0__175400&from_sustainable_property_sr=1&from=searchresults
Oriente Palace Apartments,"Centro de Madrid, Madrid",https://www.booking.com/hotel/es/oriente-palace-apartments.es.html?label=gen173nr-1FCAEoggI46AdIClgEaEaIAQGYAQq4ARnIAQ_YAQHoAQH4AQKIAgGoAgO4ArL50rwGwAIB0gIkOGZlNzdlZTAtYjM2Ni00NjEwLWJjZDItYjc2NTUzNTkyZGM32AIF4AIB&sid=5ad11202ea9cc1c07c5ed8caaaf11387&aid=304142&ucfs=1&arphpl=1&checkin=2025-03-01&checkout=2025-03-08&dest_id=-390625&dest_type=city&group_adults=2&req_adults=2&no_rooms=1&group_children=0&req_children=0&hpos=7&hapos=208&sr_order=popularity&srpvid=a6ce4e38ac41034b&srepoch=1737803267&all_sr_blocks=218267708_404751586_0_2_0&highlighted_blocks=218267708_404751586_0_2_0&matching_block_id=218267708_404751586_0_2_0&sr_pri_blocks=218267708_404751586_0_2_0__179570&from=searchresults
Axor Feria,"San Blas, Madrid",https://www.booking.com/hotel/es/axor-feria.es.html?label=gen173nr-1FCAEoggI46AdIClgEaEaIAQGYAQq4ARnIAQ_YAQHoAQH4AQKIAgGoAgO4ArL50rwGwAIB0gIkOGZlNzdlZTAtYjM2Ni00NjEwLWJjZDItYjc2NTUzNTkyZGM32AIF4AIB&sid=5ad11202ea9cc1c07c5ed8caaaf11387&aid=304142&ucfs=1&arphpl=1&checkin=2025-03-01&checkout=2025-03-08&dest_id=-390625&dest_type=city&group_adults=2&req_adults=2&no_rooms=1&group_children=0&req_children=0&hpos=8&hapos=209&sr_order=popularity&srpvid=a6ce4e38ac41034b&srepoch=1737803267&all_sr_blocks=18912501_88203387_0_2_0&highlighted_blocks=18912501_88203387_0_2_0&matching_block_id=18912501_88203387_0_2_0&sr_pri_blocks=18912501_88203387_0_2_0__90500&from=searchresults
"CAMILA, en CHUECA","Centro de Madrid, Madrid",https://www.booking.com/hotel/es/camila-en-chueca.es.html?label=gen173nr-1FCAEoggI46AdIClgEaEaIAQGYAQq4ARnIAQ_YAQHoAQH4AQKIAgGoAgO4ArL50rwGwAIB0gIkOGZlNzdlZTAtYjM2Ni00NjEwLWJjZDItYjc2NTUzNTkyZGM32AIF4AIB&sid=5ad11202ea9cc1c07c5ed8caaaf11387&aid=304142&ucfs=1&arphpl=1&checkin=2025-03-01&checkout=2025-03-08&dest_id=-390625&dest_type=city&group_adults=2&req_adults=2&no_rooms=1&group_children=0&req_children=0&hpos=9&hapos=210&sr_order=popularity&srpvid=a6ce4e38ac41034b&srepoch=1737803267&all_sr_blocks=627835401_404604648_2_0_0&highlighted_blocks=627835401_404604648_2_0_0&matching_block_id=627835401_404604648_2_0_0&sr_pri_blocks=627835401_404604648_2_0_0__80028&from=searchresults
Modern comfy-1bedroom 1bathroom-Prosperidad,"Chamartín, Madrid",https://www.booking.com/hotel/es/modern-comfy-1bedroom-1bathroom-chamberi.es.html?label=gen173nr-1FCAEoggI46AdIClgEaEaIAQGYAQq4ARnIAQ_YAQHoAQH4AQKIAgGoAgO4ArL50rwGwAIB0gIkOGZlNzdlZTAtYjM2Ni00NjEwLWJjZDItYjc2NTUzNTkyZGM32AIF4AIB&sid=5ad11202ea9cc1c07c5ed8caaaf11387&aid=304142&ucfs=1&arphpl=1&checkin=2025-03-01&checkout=2025-03-08&dest_id=-390625&dest_type=city&group_adults=2&req_adults=2&no_rooms=1&group_children=0&req_children=0&hpos=10&hapos=211&sr_order=popularity&srpvid=a6ce4e38ac41034b&srepoch=1737803267&all_sr_blocks=1131047402_386110195_2_0_0&highlighted_blocks=1131047402_386110195_2_0_0&matching_block_id=1131047402_386110195_2_0_0&sr_pri_blocks=1131047402_386110195_2_0_0__70043&from=searchresults
Violeta Suite,"Latina, Madrid",https://www.booking.com/hotel/es/violeta-suite.es.html?label=gen173nr-1FCAEoggI46AdIClgEaEaIAQGYAQq4ARnIAQ_YAQHoAQH4AQKIAgGoAgO4ArL50rwGwAIB0gIkOGZlNzdlZTAtYjM2Ni00NjEwLWJjZDItYjc2NTUzNTkyZGM32AIF4AIB&sid=5ad11202ea9cc1c07c5ed8caaaf11387&aid=304142&ucfs=1&arphpl=1&checkin=2025-03-01&checkout=2025-03-08&dest_id=-390625&dest_type=city&group_adults=2&req_adults=2&no_rooms=1&group_children=0&req_children=0&hpos=11&hapos=212&sr_order=popularity&srpvid=a6ce4e38ac41034b&srepoch=1737803267&all_sr_blocks=1134256701_386073369_2_0_0&highlighted_blocks=1134256701_386073369_2_0_0&matching_block_id=1134256701_386073369_2_0_0&sr_pri_blocks=1134256701_386073369_2_0_0__82805&from=searchresults
Oshun Plaza Castilla,"Tetuán, Madrid",https://www.booking.com/hotel/es/oshun-plaza-castilla.es.html?label=gen173nr-1FCAEoggI46AdIClgEaEaIAQGYAQq4ARnIAQ_YAQHoAQH4AQKIAgGoAgO4ArL50rwGwAIB0gIkOGZlNzdlZTAtYjM2Ni00NjEwLWJjZDItYjc2NTUzNTkyZGM32AIF4AIB&sid=5ad11202ea9cc1c07c5ed8caaaf11387&aid=304142&ucfs=1&arphpl=1&checkin=2025-03-01&checkout=2025-03-08&dest_id=-390625&dest_type=city&group_adults=2&req_adults=2&no_rooms=1&group_children=0&req_children=0&hpos=12&hapos=213&sr_order=popularity&srpvid=a6ce4e38ac41034b&srepoch=1737803267&all_sr_blocks=1074059706_379954397_2_0_0&highlighted_blocks=1074059706_379954397_2_0_0&matching_block_id=1074059706_379954397_2_0_0&sr_pri_blocks=1074059706_379954397_2_0_0__57857&from=searchresults
Gran Via 63 Rooms,"Centro de Madrid, Madrid",https://www.booking.com/hotel/es/hostal-madrid-gran-via-63.es.html?label=gen173nr-1FCAEoggI46AdIClgEaEaIAQGYAQq4ARnIAQ_YAQHoAQH4AQKIAgGoAgO4ArL50rwGwAIB0gIkOGZlNzdlZTAtYjM2Ni00NjEwLWJjZDItYjc2NTUzNTkyZGM32AIF4AIB&sid=5ad11202ea9cc1c07c5ed8caaaf11387&aid=304142&ucfs=1&arphpl=1&checkin=2025-03-01&checkout=2025-03-08&dest_id=-390625&dest_type=city&group_adults=2&req_adults=2&no_rooms=1&group_children=0&req_children=0&hpos=13&hapos=214&sr_order=popularity&srpvid=a6ce4e38ac41034b&srepoch=1737803267&all_sr_blocks=26915910_298006636_0_0_0&highlighted_blocks=26915910_298006636_0_0_0&matching_block_id=26915910_298006636_0_0_0&sr_pri_blocks=26915910_298006636_0_0_0__103285&from=searchresults
Puerto Alto Apartments by Olala Homes,"Puente de Vallecas, Madrid",https://www.booking.com/hotel/es/puerto-alto-apartments-by-olala-homes.es.html?label=gen173nr-1FCAEoggI46AdIClgEaEaIAQGYAQq4ARnIAQ_YAQHoAQH4AQKIAgGoAgO4ArL50rwGwAIB0gIkOGZlNzdlZTAtYjM2Ni00NjEwLWJjZDItYjc2NTUzNTkyZGM32AIF4AIB&sid=5ad11202ea9cc1c07c5ed8caaaf11387&aid=304142&ucfs=1&arphpl=1&checkin=2025-03-01&checkout=2025-03-08&dest_id=-390625&dest_type=city&group_adults=2&req_adults=2&no_rooms=1&group_children=0&req_children=0&hpos=14&hapos=215&sr_order=popularity&srpvid=a6ce4e38ac41034b&srepoch=1737803267&all_sr_blocks=1162782802_388941582_3_0_0_736524&highlighted_blocks=1162782802_388941582_3_0_0_736524&matching_block_id=1162782802_388941582_3_0_0_736524&sr_pri_blocks=1162782802_388941582_3_0_0_736524_88623&from_sustainable_property_sr=1&from=searchresults
Cinco Torres Suites,"Tetuán, Madrid",https://www.booking.com/hotel/es/casa-de-huespedes-5-torres.es.html?label=gen173nr-1FCAEoggI46AdIClgEaEaIAQGYAQq4ARnIAQ_YAQHoAQH4AQKIAgGoAgO4ArL50rwGwAIB0gIkOGZlNzdlZTAtYjM2Ni00NjEwLWJjZDItYjc2NTUzNTkyZGM32AIF4AIB&sid=5ad11202ea9cc1c07c5ed8caaaf11387&aid=304142&ucfs=1&arphpl=1&checkin=2025-03-01&checkout=2025-03-08&dest_id=-390625&dest_type=city&group_adults=2&req_adults=2&no_rooms=1&group_children=0&req_children=0&hpos=15&hapos=216&sr_order=popularity&srpvid=a6ce4e38ac41034b&srepoch=1737803267&all_sr_blocks=1245956602_396798594_2_0_0&highlighted_blocks=1245956602_396798594_2_0_0&matching_block_id=1245956602_396798594_2_0_0&sr_pri_blocks=1245956602_396798594_2_0_0__57581&from=searchresults
Hotel Regina,"Centro de Madrid, Madrid",https://www.booking.com/hotel/es/regina-madrid.es.html?label=gen173nr-1FCAEoggI46AdIClgEaEaIAQGYAQq4ARnIAQ_YAQHoAQH4AQKIAgGoAgO4ArL50rwGwAIB0gIkOGZlNzdlZTAtYjM2Ni00NjEwLWJjZDItYjc2NTUzNTkyZGM32AIF4AIB&sid=5ad11202ea9cc1c07c5ed8caaaf11387&aid=304142&ucfs=1&arphpl=1&checkin=2025-03-01&checkout=2025-03-08&dest_id=-390625&dest_type=city&group_adults=2&req_adults=2&no_rooms=1&group_children=0&req_children=0&hpos=16&hapos=217&sr_order=popularity&srpvid=a6ce4e38ac41034b&srepoch=1737803267&all_sr_blocks=0_0_2_1_0&highlighted_blocks=0_0_2_1_0&matching_block_id=0_0_2_1_0&sr_pri_blocks=0_0_2_1_0__226642&from=searchresults
Hostal La Rúa-Montera,"Centro de Madrid, Madrid",https://www.booking.com/hotel/es/hostal-la-rua-rooms.es.html?label=gen173nr-1FCAEoggI46AdIClgEaEaIAQGYAQq4ARnIAQ_YAQHoAQH4AQKIAgGoAgO4ArL50rwGwAIB0gIkOGZlNzdlZTAtYjM2Ni00NjEwLWJjZDItYjc2NTUzNTkyZGM32AIF4AIB&sid=5ad11202ea9cc1c07c5ed8caaaf11387&aid=304142&ucfs=1&arphpl=1&checkin=2025-03-01&checkout=2025-03-08&dest_id=-390625&dest_type=city&group_adults=2&req_adults=2&no_rooms=1&group_children=0&req_children=0&hpos=17&hapos=218&sr_order=popularity&srpvid=a6ce4e38ac41034b&srepoch=1737803267&all_sr_blocks=1087252101_381652850_2_2_0&highlighted_blocks=1087252101_381652850_2_2_0&matching_block_id=1087252101_381652850_2_2_0&sr_pri_blocks=1087252101_381652850_2_2_0__106265&from=searchresults
NYX Hotel Madrid by Leonardo Hotels,"Tetuán, Madrid",https://www.booking.com/hotel/es/gran-atlanta.es.html?label=gen173nr-1FCAEoggI46AdIClgEaEaIAQGYAQq4ARnIAQ_YAQHoAQH4AQKIAgGoAgO4ArL50rwGwAIB0gIkOGZlNzdlZTAtYjM2Ni00NjEwLWJjZDItYjc2NTUzNTkyZGM32AIF4AIB&sid=5ad11202ea9cc1c07c5ed8caaaf11387&aid=304142&ucfs=1&arphpl=1&checkin=2025-03-01&checkout=2025-03-08&dest_id=-390625&dest_type=city&group_adults=2&req_adults=2&no_rooms=1&group_children=0&req_children=0&hpos=18&hapos=219&sr_order=popularity&srpvid=a6ce4e38ac41034b&srepoch=1737803267&all_sr_blocks=9289508_88193152_0_2_0&highlighted_blocks=9289508_88193152_0_2_0&matching_block_id=9289508_88193152_0_2_0&sr_pri_blocks=9289508_88193152_0_2_0__111960&from_sustainable_property_sr=1&from=searchresults
Bloom Inn Madrid,"Centro de Madrid, Madrid",https://www.booking.com/hotel/es/bloom-inn-madrid.es.html?label=gen173nr-1FCAEoggI46AdIClgEaEaIAQGYAQq4ARnIAQ_YAQHoAQH4AQKIAgGoAgO4ArL50rwGwAIB0gIkOGZlNzdlZTAtYjM2Ni00NjEwLWJjZDItYjc2NTUzNTkyZGM32AIF4AIB&sid=5ad11202ea9cc1c07c5ed8caaaf11387&aid=304142&ucfs=1&arphpl=1&checkin=2025-03-01&checkout=2025-03-08&dest_id=-390625&dest_type=city&group_adults=2&req_adults=2&no_rooms=1&group_children=0&req_children=0&hpos=19&hapos=220&sr_order=popularity&srpvid=a6ce4e38ac41034b&srepoch=1737803267&all_sr_blocks=376338202_394946311_0_0_0&highlighted_blocks=376338202_394946311_0_0_0&matching_block_id=376338202_394946311_0_0_0&sr_pri_blocks=376338202_394946311_0_0_0__123578&from=searchresults
CH Rayuela,"Centro de Madrid, Madrid",https://www.booking.com/hotel/es/hostal-rayuela.es.html?label=gen173nr-1FCAEoggI46AdIClgEaEaIAQGYAQq4ARnIAQ_YAQHoAQH4AQKIAgGoAgO4ArL50rwGwAIB0gIkOGZlNzdlZTAtYjM2Ni00NjEwLWJjZDItYjc2NTUzNTkyZGM32AIF4AIB&sid=5ad11202ea9cc1c07c5ed8caaaf11387&aid=304142&ucfs=1&arphpl=1&checkin=2025-03-01&checkout=2025-03-08&dest_id=-390625&dest_type=city&group_adults=2&req_adults=2&no_rooms=1&group_children=0&req_children=0&hpos=20&hapos=221&sr_order=popularity&srpvid=a6ce4e38ac41034b&srepoch=1737803267&all_sr_blocks=31120201_88207096_0_0_0&highlighted_blocks=31120201_88207096_0_0_0&matching_block_id=31120201_88207096_0_0_0&sr_pri_blocks=31120201_88207096_0_0_0__110160&from=searchresults
Luz Madrid Rooms,"Centro de Madrid, Madrid",https://www.booking.com/hotel/es/hostal-luz.es.html?label=gen173nr-1FCAEoggI46AdIClgEaEaIAQGYAQq4ARnIAQ_YAQHoAQH4AQKIAgGoAgO4ArL50rwGwAIB0gIkOGZlNzdlZTAtYjM2Ni00NjEwLWJjZDItYjc2NTUzNTkyZGM32AIF4AIB&sid=5ad11202ea9cc1c07c5ed8caaaf11387&aid=304142&ucfs=1&arphpl=1&checkin=2025-03-01&checkout=2025-03-08&dest_id=-390625&dest_type=city&group_adults=2&req_adults=2&no_rooms=1&group_children=0&req_children=0&hpos=21&hapos=222&sr_order=popularity&srpvid=a6ce4e38ac41034b&srepoch=1737803267&all_sr_blocks=1225702_0_2_0_0&highlighted_blocks=1225702_0_2_0_0&matching_block_id=1225702_0_2_0_0&sr_pri_blocks=1225702_0_2_0_0__88994&from=searchresults
Ola Living Hostal Tetuan,"Moncloa - Aravaca, Madrid",https://www.booking.com/hotel/es/ola-living-hostal-tetuan.es.html?label=gen173nr-1FCAEoggI46AdIClgEaEaIAQGYAQq4ARnIAQ_YAQHoAQH4AQKIAgGoAgO4ArL50rwGwAIB0gIkOGZlNzdlZTAtYjM2Ni00NjEwLWJjZDItYjc2NTUzNTkyZGM32AIF4AIB&sid=5ad11202ea9cc1c07c5ed8caaaf11387&aid=304142&ucfs=1&arphpl=1&checkin=2025-03-01&checkout=2025-03-08&dest_id=-390625&dest_type=city&group_adults=2&req_adults=2&no_rooms=1&group_children=0&req_children=0&hpos=22&hapos=223&sr_order=popularity&srpvid=a6ce4e38ac41034b&srepoch=1737803267&all_sr_blocks=1230911602_397337044_2_0_0&highlighted_blocks=1230911602_397337044_2_0_0&matching_block_id=1230911602_397337044_2_0_0&sr_pri_blocks=1230911602_397337044_2_0_0__74791&from=searchresults
Vincci The Mint,"Centro de Madrid, Madrid",https://www.booking.com/hotel/es/vincci-the-mint.es.html?label=gen173nr-1FCAEoggI46AdIClgEaEaIAQGYAQq4ARnIAQ_YAQHoAQH4AQKIAgGoAgO4ArL50rwGwAIB0gIkOGZlNzdlZTAtYjM2Ni00NjEwLWJjZDItYjc2NTUzNTkyZGM32AIF4AIB&sid=5ad11202ea9cc1c07c5ed8caaaf11387&aid=304142&ucfs=1&arphpl=1&checkin=2025-03-01&checkout=2025-03-08&dest_id=-390625&dest_type=city&group_adults=2&req_adults=2&no_rooms=1&group_children=0&req_children=0&hpos=23&hapos=224&sr_order=popularity&srpvid=a6ce4e38ac41034b&srepoch=1737803267&all_sr_blocks=167651601_401728681_0_2_0_203733&highlighted_blocks=167651601_401728681_0_2_0_203733&matching_block_id=167651601_401728681_0_2_0_203733&sr_pri_blocks=167651601_401728681_0_2_0_203733_200901&from_sustainable_property_sr=1&from=searchresults
Hotel Best Osuna,"Hortaleza, Madrid",https://www.booking.com/hotel/es/osuna.es.html?label=gen173nr-1FCAEoggI46AdIClgEaEaIAQGYAQq4ARnIAQ_YAQHoAQH4AQKIAgGoAgO4ArL50rwGwAIB0gIkOGZlNzdlZTAtYjM2Ni00NjEwLWJjZDItYjc2NTUzNTkyZGM32AIF4AIB&sid=5ad11202ea9cc1c07c5ed8caaaf11387&aid=304142&ucfs=1&arphpl=1&checkin=2025-03-01&checkout=2025-03-08&dest_id=-390625&dest_type=city&group_adults=2&req_adults=2&no_rooms=1&group_children=0&req_children=0&hpos=24&hapos=225&sr_order=popularity&srpvid=a6ce4e38ac41034b&srepoch=1737803267&all_sr_blocks=9258818_0_2_0_0&highlighted_blocks=9258818_0_2_0_0&matching_block_id=9258818_0_2_0_0&sr_pri_blocks=9258818_0_2_0_0__69170&from_sustainable_property_sr=1&from=searchresults
Hostal Pacios,"Centro de Madrid, Madrid",https://www.booking.com/hotel/es/hostal-pacios.es.html?label=gen173nr-1FCAEoggI46AdIClgEaEaIAQGYAQq4ARnIAQ_YAQHoAQH4AQKIAgGoAgO4ArL50rwGwAIB0gIkOGZlNzdlZTAtYjM2Ni00NjEwLWJjZDItYjc2NTUzNTkyZGM32AIF4AIB&sid=5ad11202ea9cc1c07c5ed8caaaf11387&aid=304142&ucfs=1&arphpl=1&checkin=2025-03-01&checkout=2025-03-08&dest_id=-390625&dest_type=city&group_adults=2&req_adults=2&no_rooms=1&group_children=0&req_children=0&hpos=25&hapos=226&sr_order=popularity&srpvid=a6ce4e38ac41034b&srepoch=1737803267&all_sr_blocks=24966901_344180684_2_0_0&highlighted_blocks=24966901_344180684_2_0_0&matching_block_id=24966901_344180684_2_0_0&sr_pri_blocks=24966901_344180684_2_0_0__39644&from=searchresults
The Westin Madrid Cuzco,"Tetuán, Madrid",https://www.booking.com/hotel/es/ac-cuzco.es.html?label=gen173nr-1FCAEoggI46AdIClgEaEaIAQGYAQq4ARnIAQ_YAQHoAQH4AQKIAgGoAgO4ArL50rwGwAIB0gIkOGZlNzdlZTAtYjM2Ni00NjEwLWJjZDItYjc2NTUzNTkyZGM32AIF4AIB&sid=5ad11202ea9cc1c07c5ed8caaaf11387&aid=304142&ucfs=1&arphpl=1&checkin=2025-03-01&checkout=2025-03-08&dest_id=-390625&dest_type=city&group_adults=2&req_adults=2&no_rooms=1&group_children=0&req_children=0&hpos=1&hapos=227&sr_order=popularity&srpvid=a6ce4e38ac41034b&srepoch=1737803269&all_sr_blocks=9252022_274565072_0_2_0&highlighted_blocks=9252022_274565072_0_2_0&matching_block_id=9252022_274565072_0_2_0&sr_pri_blocks=9252022_274565072_0_2_0__180730&from_sustainable_property_sr=1&from=searchresults
Rooms Chima,"Hortaleza, Madrid",https://www.booking.com/hotel/es/rooms-chima.es.html?label=gen173nr-1FCAEoggI46AdIClgEaEaIAQGYAQq4ARnIAQ_YAQHoAQH4AQKIAgGoAgO4ArL50rwGwAIB0gIkOGZlNzdlZTAtYjM2Ni00NjEwLWJjZDItYjc2NTUzNTkyZGM32AIF4AIB&sid=5ad11202ea9cc1c07c5ed8caaaf11387&aid=304142&ucfs=1&arphpl=1&checkin=2025-03-01&checkout=2025-03-08&dest_id=-390625&dest_type=city&group_adults=2&req_adults=2&no_rooms=1&group_children=0&req_children=0&hpos=2&hapos=228&sr_order=popularity&srpvid=a6ce4e38ac41034b&srepoch=1737803269&all_sr_blocks=1297035502_402606904_2_0_0&highlighted_blocks=1297035502_402606904_2_0_0&matching_block_id=1297035502_402606904_2_0_0&sr_pri_blocks=1297035502_402606904_2_0_0__37310&from=searchresults
Axor Barajas,"San Blas, Madrid",https://www.booking.com/hotel/es/axor-barajas.es.html?label=gen173nr-1FCAEoggI46AdIClgEaEaIAQGYAQq4ARnIAQ_YAQHoAQH4AQKIAgGoAgO4ArL50rwGwAIB0gIkOGZlNzdlZTAtYjM2Ni00NjEwLWJjZDItYjc2NTUzNTkyZGM32AIF4AIB&sid=5ad11202ea9cc1c07c5ed8caaaf11387&aid=304142&ucfs=1&arphpl=1&checkin=2025-03-01&checkout=2025-03-08&dest_id=-390625&dest_type=city&group_adults=2&req_adults=2&no_rooms=1&group_children=0&req_children=0&hpos=3&hapos=229&sr_order=popularity&srpvid=a6ce4e38ac41034b&srepoch=1737803269&all_sr_blocks=18912401_88203383_0_2_0&highlighted_blocks=18912401_88203383_0_2_0&matching_block_id=18912401_88203383_0_2_0&sr_pri_blocks=18912401_88203383_0_2_0__101147&from=searchresults
Cozy apartment in Begoña neighborhood - Mugica,"Fuencarral - El Pardo, Madrid",https://www.booking.com/hotel/es/cozy-apartment-in-begona-neighborhood-mugica.es.html?label=gen173nr-1FCAEoggI46AdIClgEaEaIAQGYAQq4ARnIAQ_YAQHoAQH4AQKIAgGoAgO4ArL50rwGwAIB0gIkOGZlNzdlZTAtYjM2Ni00NjEwLWJjZDItYjc2NTUzNTkyZGM32AIF4AIB&sid=5ad11202ea9cc1c07c5ed8caaaf11387&aid=304142&ucfs=1&arphpl=1&checkin=2025-03-01&checkout=2025-03-08&dest_id=-390625&dest_type=city&group_adults=2&req_adults=2&no_rooms=1&group_children=0&req_children=0&hpos=4&hapos=230&sr_order=popularity&srpvid=a6ce4e38ac41034b&srepoch=1737803269&all_sr_blocks=1240631901_396002845_2_0_0&highlighted_blocks=1240631901_396002845_2_0_0&matching_block_id=1240631901_396002845_2_0_0&sr_pri_blocks=1240631901_396002845_2_0_0__68008&from=searchresults
Hotel Julia,"San Blas, Madrid",https://www.booking.com/hotel/es/julia.es.html?label=gen173nr-1FCAEoggI46AdIClgEaEaIAQGYAQq4ARnIAQ_YAQHoAQH4AQKIAgGoAgO4ArL50rwGwAIB0gIkOGZlNzdlZTAtYjM2Ni00NjEwLWJjZDItYjc2NTUzNTkyZGM32AIF4AIB&sid=5ad11202ea9cc1c07c5ed8caaaf11387&aid=304142&ucfs=1&arphpl=1&checkin=2025-03-01&checkout=2025-03-08&dest_id=-390625&dest_type=city&group_adults=2&req_adults=2&no_rooms=1&group_children=0&req_children=0&hpos=5&hapos=231&sr_order=popularity&srpvid=a6ce4e38ac41034b&srepoch=1737803269&all_sr_blocks=18947803_88203714_0_2_0&highlighted_blocks=18947803_88203714_0_2_0&matching_block_id=18947803_88203714_0_2_0&sr_pri_blocks=18947803_88203714_0_2_0__88800&from=searchresults
Exclusive Rooms in the Heart of the City,"Chamberí, Madrid",https://www.booking.com/hotel/es/hosteria-balmoral-madrid.es.html?label=gen173nr-1FCAEoggI46AdIClgEaEaIAQGYAQq4ARnIAQ_YAQHoAQH4AQKIAgGoAgO4ArL50rwGwAIB0gIkOGZlNzdlZTAtYjM2Ni00NjEwLWJjZDItYjc2NTUzNTkyZGM32AIF4AIB&sid=5ad11202ea9cc1c07c5ed8caaaf11387&aid=304142&ucfs=1&arphpl=1&checkin=2025-03-01&checkout=2025-03-08&dest_id=-390625&dest_type=city&group_adults=2&req_adults=2&no_rooms=1&group_children=0&req_children=0&hpos=6&hapos=232&sr_order=popularity&srpvid=a6ce4e38ac41034b&srepoch=1737803269&all_sr_blocks=586226501_229729951_2_0_0&highlighted_blocks=586226501_229729951_2_0_0&matching_block_id=586226501_229729951_2_0_0&sr_pri_blocks=586226501_229729951_2_0_0__94949&from=searchresults
Far Home Bernabeu,"Tetuán, Madrid",https://www.booking.com/hotel/es/far-home-bernabeu.es.html?label=gen173nr-1FCAEoggI46AdIClgEaEaIAQGYAQq4ARnIAQ_YAQHoAQH4AQKIAgGoAgO4ArL50rwGwAIB0gIkOGZlNzdlZTAtYjM2Ni00NjEwLWJjZDItYjc2NTUzNTkyZGM32AIF4AIB&sid=5ad11202ea9cc1c07c5ed8caaaf11387&aid=304142&ucfs=1&arphpl=1&checkin=2025-03-01&checkout=2025-03-08&dest_id=-390625&dest_type=city&group_adults=2&req_adults=2&no_rooms=1&group_children=0&req_children=0&hpos=7&hapos=233&sr_order=popularity&srpvid=a6ce4e38ac41034b&srepoch=1737803269&all_sr_blocks=278997803_106987552_0_2_0&highlighted_blocks=278997803_106987552_0_2_0&matching_block_id=278997803_106987552_0_2_0&sr_pri_blocks=278997803_106987552_0_2_0__73368&from=searchresults
Ayala 63 - THE ARC COLLECTION,"Salamanca, Madrid",https://www.booking.com/hotel/es/ayala-63-madrid12345678910111213141516171819202122232425.es.html?label=gen173nr-1FCAEoggI46AdIClgEaEaIAQGYAQq4ARnIAQ_YAQHoAQH4AQKIAgGoAgO4ArL50rwGwAIB0gIkOGZlNzdlZTAtYjM2Ni00NjEwLWJjZDItYjc2NTUzNTkyZGM32AIF4AIB&sid=5ad11202ea9cc1c07c5ed8caaaf11387&aid=304142&ucfs=1&arphpl=1&checkin=2025-03-01&checkout=2025-03-08&dest_id=-390625&dest_type=city&group_adults=2&req_adults=2&no_rooms=1&group_children=0&req_children=0&hpos=8&hapos=234&sr_order=popularity&srpvid=a6ce4e38ac41034b&srepoch=1737803269&all_sr_blocks=679276212_277203223_0_0_0_362393&highlighted_blocks=679276212_277203223_0_0_0_362393&matching_block_id=679276212_277203223_0_0_0_362393&sr_pri_blocks=679276212_277203223_0_0_0_362393_258516&from=searchresults
Modern and cozy-1Bedroom 1Bathroom-Azca,"Tetuán, Madrid",https://www.booking.com/hotel/es/modern-and-cozy-1bedroom-1bathroom-azca.es.html?label=gen173nr-1FCAEoggI46AdIClgEaEaIAQGYAQq4ARnIAQ_YAQHoAQH4AQKIAgGoAgO4ArL50rwGwAIB0gIkOGZlNzdlZTAtYjM2Ni00NjEwLWJjZDItYjc2NTUzNTkyZGM32AIF4AIB&sid=5ad11202ea9cc1c07c5ed8caaaf11387&aid=304142&ucfs=1&arphpl=1&checkin=2025-03-01&checkout=2025-03-08&dest_id=-390625&dest_type=city&group_adults=2&req_adults=2&no_rooms=1&group_children=0&req_children=0&hpos=9&hapos=235&sr_order=popularity&srpvid=a6ce4e38ac41034b&srepoch=1737803269&all_sr_blocks=1181862902_390723721_2_0_0&highlighted_blocks=1181862902_390723721_2_0_0&matching_block_id=1181862902_390723721_2_0_0&sr_pri_blocks=1181862902_390723721_2_0_0__83788&from=searchresults
Be Mate Trafalgar,"Chamberí, Madrid",https://www.booking.com/hotel/es/be-mate-trafalgar.es.html?label=gen173nr-1FCAEoggI46AdIClgEaEaIAQGYAQq4ARnIAQ_YAQHoAQH4AQKIAgGoAgO4ArL50rwGwAIB0gIkOGZlNzdlZTAtYjM2Ni00NjEwLWJjZDItYjc2NTUzNTkyZGM32AIF4AIB&sid=5ad11202ea9cc1c07c5ed8caaaf11387&aid=304142&ucfs=1&arphpl=1&checkin=2025-03-01&checkout=2025-03-08&dest_id=-390625&dest_type=city&group_adults=2&req_adults=2&no_rooms=1&group_children=0&req_children=0&hpos=10&hapos=236&sr_order=popularity&srpvid=a6ce4e38ac41034b&srepoch=1737803269&all_sr_blocks=1049093613_385154924_0_0_0&highlighted_blocks=1049093613_385154924_0_0_0&matching_block_id=1049093613_385154924_0_0_0&sr_pri_blocks=1049093613_385154924_0_0_0__182756&from=searchresults
ICON Wipton,"Salamanca, Madrid",https://www.booking.com/hotel/es/petit-palace-art-gallery.es.html?label=gen173nr-1FCAEoggI46AdIClgEaEaIAQGYAQq4ARnIAQ_YAQHoAQH4AQKIAgGoAgO4ArL50rwGwAIB0gIkOGZlNzdlZTAtYjM2Ni00NjEwLWJjZDItYjc2NTUzNTkyZGM32AIF4AIB&sid=5ad11202ea9cc1c07c5ed8caaaf11387&aid=304142&ucfs=1&arphpl=1&checkin=2025-03-01&checkout=2025-03-08&dest_id=-390625&dest_type=city&group_adults=2&req_adults=2&no_rooms=1&group_children=0&req_children=0&hpos=11&hapos=237&sr_order=popularity&srpvid=a6ce4e38ac41034b&srepoch=1737803269&all_sr_blocks=9237408_202721145_0_2_0_182161&highlighted_blocks=9237408_202721145_0_2_0_182161&matching_block_id=9237408_202721145_0_2_0_182161&sr_pri_blocks=9237408_202721145_0_2_0_182161_258500&from=searchresults
Studios Cielo Madrid,"Carabanchel, Madrid",https://www.booking.com/hotel/es/studios-cielo-madrid.es.html?label=gen173nr-1FCAEoggI46AdIClgEaEaIAQGYAQq4ARnIAQ_YAQHoAQH4AQKIAgGoAgO4ArL50rwGwAIB0gIkOGZlNzdlZTAtYjM2Ni00NjEwLWJjZDItYjc2NTUzNTkyZGM32AIF4AIB&sid=5ad11202ea9cc1c07c5ed8caaaf11387&aid=304142&ucfs=1&arphpl=1&checkin=2025-03-01&checkout=2025-03-08&dest_id=-390625&dest_type=city&group_adults=2&req_adults=2&no_rooms=1&group_children=0&req_children=0&hpos=12&hapos=238&sr_order=popularity&srpvid=a6ce4e38ac41034b&srepoch=1737803269&all_sr_blocks=794367901_339485746_2_0_0&highlighted_blocks=794367901_339485746_2_0_0&matching_block_id=794367901_339485746_2_0_0&sr_pri_blocks=794367901_339485746_2_0_0__82620&from=searchresults
TH Aravaca,"Moncloa - Aravaca, Madrid",https://www.booking.com/hotel/es/tharavaca.es.html?label=gen173nr-1FCAEoggI46AdIClgEaEaIAQGYAQq4ARnIAQ_YAQHoAQH4AQKIAgGoAgO4ArL50rwGwAIB0gIkOGZlNzdlZTAtYjM2Ni00NjEwLWJjZDItYjc2NTUzNTkyZGM32AIF4AIB&sid=5ad11202ea9cc1c07c5ed8caaaf11387&aid=304142&ucfs=1&arphpl=1&checkin=2025-03-01&checkout=2025-03-08&dest_id=-390625&dest_type=city&group_adults=2&req_adults=2&no_rooms=1&group_children=0&req_children=0&hpos=13&hapos=239&sr_order=popularity&srpvid=a6ce4e38ac41034b&srepoch=1737803269&all_sr_blocks=9069308_195844719_2_0_0&highlighted_blocks=9069308_195844719_2_0_0&matching_block_id=9069308_195844719_2_0_0&sr_pri_blocks=9069308_195844719_2_0_0__69300&from=searchresults
Madrid 1915 Private Suites,"Centro de Madrid, Madrid",https://www.booking.com/hotel/es/1915-private-suites.es.html?label=gen173nr-1FCAEoggI46AdIClgEaEaIAQGYAQq4ARnIAQ_YAQHoAQH4AQKIAgGoAgO4ArL50rwGwAIB0gIkOGZlNzdlZTAtYjM2Ni00NjEwLWJjZDItYjc2NTUzNTkyZGM32AIF4AIB&sid=5ad11202ea9cc1c07c5ed8caaaf11387&aid=304142&ucfs=1&arphpl=1&checkin=2025-03-01&checkout=2025-03-08&dest_id=-390625&dest_type=city&group_adults=2&req_adults=2&no_rooms=1&group_children=0&req_children=0&hpos=14&hapos=240&sr_order=popularity&srpvid=a6ce4e38ac41034b&srepoch=1737803269&all_sr_blocks=649946609_394327420_0_0_0&highlighted_blocks=649946609_394327420_0_0_0&matching_block_id=649946609_394327420_0_0_0&sr_pri_blocks=649946609_394327420_0_0_0__216911&from=searchresults
CH CRUZ MADRiD,"Centro de Madrid, Madrid",https://www.booking.com/hotel/es/ch-cruz-madrid.es.html?label=gen173nr-1FCAEoggI46AdIClgEaEaIAQGYAQq4ARnIAQ_YAQHoAQH4AQKIAgGoAgO4ArL50rwGwAIB0gIkOGZlNzdlZTAtYjM2Ni00NjEwLWJjZDItYjc2NTUzNTkyZGM32AIF4AIB&sid=5ad11202ea9cc1c07c5ed8caaaf11387&aid=304142&ucfs=1&arphpl=1&checkin=2025-03-01&checkout=2025-03-08&dest_id=-390625&dest_type=city&group_adults=2&req_adults=2&no_rooms=1&group_children=0&req_children=0&hpos=15&hapos=241&sr_order=popularity&srpvid=a6ce4e38ac41034b&srepoch=1737803269&all_sr_blocks=1277676901_403490361_2_0_0_639732&highlighted_blocks=1277676901_403490361_2_0_0_639732&matching_block_id=1277676901_403490361_2_0_0_639732&sr_pri_blocks=1277676901_403490361_2_0_0_639732_100580&from=searchresults
Petit Palace Plaza del Carmen,"Centro de Madrid, Madrid",https://www.booking.com/hotel/es/petit-palace-plaza-del-carmen.es.html?label=gen173nr-1FCAEoggI46AdIClgEaEaIAQGYAQq4ARnIAQ_YAQHoAQH4AQKIAgGoAgO4ArL50rwGwAIB0gIkOGZlNzdlZTAtYjM2Ni00NjEwLWJjZDItYjc2NTUzNTkyZGM32AIF4AIB&sid=5ad11202ea9cc1c07c5ed8caaaf11387&aid=304142&ucfs=1&arphpl=1&checkin=2025-03-01&checkout=2025-03-08&dest_id=-390625&dest_type=city&group_adults=2&req_adults=2&no_rooms=1&group_children=0&req_children=0&hpos=16&hapos=242&sr_order=popularity&srpvid=a6ce4e38ac41034b&srepoch=1737803269&all_sr_blocks=9230622_202712046_0_2_0_182216&highlighted_blocks=9230622_202712046_0_2_0_182216&matching_block_id=9230622_202712046_0_2_0_182216&sr_pri_blocks=9230622_202712046_0_2_0_182216_150059&from=searchresults
Casa Cobo Exclusivo Alojamiento en Madrid,"Latina, Madrid",https://www.booking.com/hotel/es/casa-cobo.es.html?label=gen173nr-1FCAEoggI46AdIClgEaEaIAQGYAQq4ARnIAQ_YAQHoAQH4AQKIAgGoAgO4ArL50rwGwAIB0gIkOGZlNzdlZTAtYjM2Ni00NjEwLWJjZDItYjc2NTUzNTkyZGM32AIF4AIB&sid=5ad11202ea9cc1c07c5ed8caaaf11387&aid=304142&ucfs=1&arphpl=1&checkin=2025-03-01&checkout=2025-03-08&dest_id=-390625&dest_type=city&group_adults=2&req_adults=2&no_rooms=1&group_children=0&req_children=0&hpos=17&hapos=243&sr_order=popularity&srpvid=a6ce4e38ac41034b&srepoch=1737803269&all_sr_blocks=189284001_199797860_2_0_0&highlighted_blocks=189284001_199797860_2_0_0&matching_block_id=189284001_199797860_2_0_0&sr_pri_blocks=189284001_199797860_2_0_0__80777&from=searchresults
SLEEP'N Atocha - B Corp Certified,"Centro de Madrid, Madrid",https://www.booking.com/hotel/es/sleep-n-atocha.es.html?label=gen173nr-1FCAEoggI46AdIClgEaEaIAQGYAQq4ARnIAQ_YAQHoAQH4AQKIAgGoAgO4ArL50rwGwAIB0gIkOGZlNzdlZTAtYjM2Ni00NjEwLWJjZDItYjc2NTUzNTkyZGM32AIF4AIB&sid=5ad11202ea9cc1c07c5ed8caaaf11387&aid=304142&ucfs=1&arphpl=1&checkin=2025-03-01&checkout=2025-03-08&dest_id=-390625&dest_type=city&group_adults=2&req_adults=2&no_rooms=1&group_children=0&req_children=0&hpos=18&hapos=244&sr_order=popularity&srpvid=a6ce4e38ac41034b&srepoch=1737803269&all_sr_blocks=47203713_0_2_0_0&highlighted_blocks=47203713_0_2_0_0&matching_block_id=47203713_0_2_0_0&sr_pri_blocks=47203713_0_2_0_0__115762&from_sustainable_property_sr=1&from=searchresults
Exe Zarzuela Park,"Moncloa - Aravaca, Madrid",https://www.booking.com/hotel/es/zarzuelapark.es.html?label=gen173nr-1FCAEoggI46AdIClgEaEaIAQGYAQq4ARnIAQ_YAQHoAQH4AQKIAgGoAgO4ArL50rwGwAIB0gIkOGZlNzdlZTAtYjM2Ni00NjEwLWJjZDItYjc2NTUzNTkyZGM32AIF4AIB&sid=5ad11202ea9cc1c07c5ed8caaaf11387&aid=304142&ucfs=1&arphpl=1&checkin=2025-03-01&checkout=2025-03-08&dest_id=-390625&dest_type=city&group_adults=2&req_adults=2&no_rooms=1&group_children=0&req_children=0&hpos=19&hapos=245&sr_order=popularity&srpvid=a6ce4e38ac41034b&srepoch=1737803269&all_sr_blocks=9048902_88181786_2_2_0&highlighted_blocks=9048902_88181786_2_2_0&matching_block_id=9048902_88181786_2_2_0&sr_pri_blocks=9048902_88181786_2_2_0__79196&from_sustainable_property_sr=1&from=searchresults
Apartamentos Centro Jardines,"Centro de Madrid, Madrid",https://www.booking.com/hotel/es/apartamentos-centro-jardines.es.html?label=gen173nr-1FCAEoggI46AdIClgEaEaIAQGYAQq4ARnIAQ_YAQHoAQH4AQKIAgGoAgO4ArL50rwGwAIB0gIkOGZlNzdlZTAtYjM2Ni00NjEwLWJjZDItYjc2NTUzNTkyZGM32AIF4AIB&sid=5ad11202ea9cc1c07c5ed8caaaf11387&aid=304142&ucfs=1&arphpl=1&checkin=2025-03-01&checkout=2025-03-08&dest_id=-390625&dest_type=city&group_adults=2&req_adults=2&no_rooms=1&group_children=0&req_children=0&hpos=20&hapos=246&sr_order=popularity&srpvid=a6ce4e38ac41034b&srepoch=1737803269&all_sr_blocks=893574001_359760550_2_0_0&highlighted_blocks=893574001_359760550_2_0_0&matching_block_id=893574001_359760550_2_0_0&sr_pri_blocks=893574001_359760550_2_0_0__101365&from=searchresults
Cozy and central- 1 bedroom 1 bathroom - Chueca,"Centro de Madrid, Madrid",https://www.booking.com/hotel/es/cozy-and-central-1-bedroom-1-bathroom-chueca.es.html?label=gen173nr-1FCAEoggI46AdIClgEaEaIAQGYAQq4ARnIAQ_YAQHoAQH4AQKIAgGoAgO4ArL50rwGwAIB0gIkOGZlNzdlZTAtYjM2Ni00NjEwLWJjZDItYjc2NTUzNTkyZGM32AIF4AIB&sid=5ad11202ea9cc1c07c5ed8caaaf11387&aid=304142&ucfs=1&arphpl=1&checkin=2025-03-01&checkout=2025-03-08&dest_id=-390625&dest_type=city&group_adults=2&req_adults=2&no_rooms=1&group_children=0&req_children=0&hpos=21&hapos=247&sr_order=popularity&srpvid=a6ce4e38ac41034b&srepoch=1737803269&all_sr_blocks=1111580002_384419919_2_0_0&highlighted_blocks=1111580002_384419919_2_0_0&matching_block_id=1111580002_384419919_2_0_0&sr_pri_blocks=1111580002_384419919_2_0_0__113700&from=searchresults
Apartamento Principe de Vergara,"Chamartín, Madrid",https://www.booking.com/hotel/es/principe-de-vergara-madrid1.es.html?label=gen173nr-1FCAEoggI46AdIClgEaEaIAQGYAQq4ARnIAQ_YAQHoAQH4AQKIAgGoAgO4ArL50rwGwAIB0gIkOGZlNzdlZTAtYjM2Ni00NjEwLWJjZDItYjc2NTUzNTkyZGM32AIF4AIB&sid=5ad11202ea9cc1c07c5ed8caaaf11387&aid=304142&ucfs=1&arphpl=1&checkin=2025-03-01&checkout=2025-03-08&dest_id=-390625&dest_type=city&group_adults=2&req_adults=2&no_rooms=1&group_children=0&req_children=0&hpos=22&hapos=248&sr_order=popularity&srpvid=a6ce4e38ac41034b&srepoch=1737803269&all_sr_blocks=1010330201_404697523_2_0_0&highlighted_blocks=1010330201_404697523_2_0_0&matching_block_id=1010330201_404697523_2_0_0&sr_pri_blocks=1010330201_404697523_2_0_0__98720&from=searchresults
SmartRental Collection Gran Vía Capital,"Centro de Madrid, Madrid",https://www.booking.com/hotel/es/gran-via-capital-madrid1.es.html?label=gen173nr-1FCAEoggI46AdIClgEaEaIAQGYAQq4ARnIAQ_YAQHoAQH4AQKIAgGoAgO4ArL50rwGwAIB0gIkOGZlNzdlZTAtYjM2Ni00NjEwLWJjZDItYjc2NTUzNTkyZGM32AIF4AIB&sid=5ad11202ea9cc1c07c5ed8caaaf11387&aid=304142&ucfs=1&arphpl=1&checkin=2025-03-01&checkout=2025-03-08&dest_id=-390625&dest_type=city&group_adults=2&req_adults=2&no_rooms=1&group_children=0&req_children=0&hpos=23&hapos=249&sr_order=popularity&srpvid=a6ce4e38ac41034b&srepoch=1737803269&all_sr_blocks=811577801_343412061_2_34_0&highlighted_blocks=811577801_343412061_2_34_0&matching_block_id=811577801_343412061_2_34_0&sr_pri_blocks=811577801_343412061_2_34_0__192660&from=searchresults
UMusic Hotel Madrid,"Centro de Madrid, Madrid",https://www.booking.com/hotel/es/umusic-madrid.es.html?label=gen173nr-1FCAEoggI46AdIClgEaEaIAQGYAQq4ARnIAQ_YAQHoAQH4AQKIAgGoAgO4ArL50rwGwAIB0gIkOGZlNzdlZTAtYjM2Ni00NjEwLWJjZDItYjc2NTUzNTkyZGM32AIF4AIB&sid=5ad11202ea9cc1c07c5ed8caaaf11387&aid=304142&ucfs=1&arphpl=1&checkin=2025-03-01&checkout=2025-03-08&dest_id=-390625&dest_type=city&group_adults=2&req_adults=2&no_rooms=1&group_children=0&req_children=0&hpos=24&hapos=250&sr_order=popularity&srpvid=a6ce4e38ac41034b&srepoch=1737803269&all_sr_blocks=901221902_0_2_0_0&highlighted_blocks=901221902_0_2_0_0&matching_block_id=901221902_0_2_0_0&sr_pri_blocks=901221902_0_2_0_0__239720&from=searchresults
Gran Hotel Inglés - The Leading Hotels of the World,"Centro de Madrid, Madrid",https://www.booking.com/hotel/es/gran-ingles.es.html?label=gen173nr-1FCAEoggI46AdIClgEaEaIAQGYAQq4ARnIAQ_YAQHoAQH4AQKIAgGoAgO4ArL50rwGwAIB0gIkOGZlNzdlZTAtYjM2Ni00NjEwLWJjZDItYjc2NTUzNTkyZGM32AIF4AIB&sid=5ad11202ea9cc1c07c5ed8caaaf11387&aid=304142&ucfs=1&arphpl=1&checkin=2025-03-01&checkout=2025-03-08&dest_id=-390625&dest_type=city&group_adults=2&req_adults=2&no_rooms=1&group_children=0&req_children=0&hpos=25&hapos=251&sr_order=popularity&srpvid=a6ce4e38ac41034b&srepoch=1737803269&all_sr_blocks=299586401_110649947_2_2_0&highlighted_blocks=299586401_110649947_2_2_0&matching_block_id=299586401_110649947_2_2_0&sr_pri_blocks=299586401_110649947_2_2_0__307671&from_sustainable_property_sr=1&from=searchresults
Little Cozy loft Madrid free street parking WIFI Barbadillo Bis,"Ciudad Lineal, Madrid",https://www.booking.com/hotel/es/little-cozy-loft-madrid-free-street-parking-wifi-barbadillo-bis.es.html?label=gen173nr-1FCAEoggI46AdIClgEaEaIAQGYAQq4ARnIAQ_YAQHoAQH4AQKIAgGoAgO4ArL50rwGwAIB0gIkOGZlNzdlZTAtYjM2Ni00NjEwLWJjZDItYjc2NTUzNTkyZGM32AIF4AIB&sid=5ad11202ea9cc1c07c5ed8caaaf11387&aid=304142&ucfs=1&arphpl=1&checkin=2025-03-01&checkout=2025-03-08&dest_id=-390625&dest_type=city&group_adults=2&req_adults=2&no_rooms=1&group_children=0&req_children=0&hpos=1&hapos=252&sr_order=popularity&srpvid=a6ce4e38ac41034b&srepoch=1737803271&all_sr_blocks=869653101_377638519_2_0_0&highlighted_blocks=869653101_377638519_2_0_0&matching_block_id=869653101_377638519_2_0_0&sr_pri_blocks=869653101_377638519_2_0_0__59737&from=searchresults
Petit Palace Posada del Peine,"Centro de Madrid, Madrid",https://www.booking.com/hotel/es/posadapeinemadrid.es.html?label=gen173nr-1FCAEoggI46AdIClgEaEaIAQGYAQq4ARnIAQ_YAQHoAQH4AQKIAgGoAgO4ArL50rwGwAIB0gIkOGZlNzdlZTAtYjM2Ni00NjEwLWJjZDItYjc2NTUzNTkyZGM32AIF4AIB&sid=5ad11202ea9cc1c07c5ed8caaaf11387&aid=304142&ucfs=1&arphpl=1&checkin=2025-03-01&checkout=2025-03-08&dest_id=-390625&dest_type=city&group_adults=2&req_adults=2&no_rooms=1&group_children=0&req_children=0&hpos=2&hapos=253&sr_order=popularity&srpvid=a6ce4e38ac41034b&srepoch=1737803271&all_sr_blocks=9156428_202713665_2_1_0_184285&highlighted_blocks=9156428_202713665_2_1_0_184285&matching_block_id=9156428_202713665_2_1_0_184285&sr_pri_blocks=9156428_202713665_2_1_0_184285_161707&from=searchresults
"voco Madrid Retiro, an IHG Hotel","Retiro, Madrid",https://www.booking.com/hotel/es/voco-madrid-retiro-an-ihg-hotel.es.html?label=gen173nr-1FCAEoggI46AdIClgEaEaIAQGYAQq4ARnIAQ_YAQHoAQH4AQKIAgGoAgO4ArL50rwGwAIB0gIkOGZlNzdlZTAtYjM2Ni00NjEwLWJjZDItYjc2NTUzNTkyZGM32AIF4AIB&sid=5ad11202ea9cc1c07c5ed8caaaf11387&aid=304142&ucfs=1&arphpl=1&checkin=2025-03-01&checkout=2025-03-08&dest_id=-390625&dest_type=city&group_adults=2&req_adults=2&no_rooms=1&group_children=0&req_children=0&hpos=3&hapos=254&sr_order=popularity&srpvid=a6ce4e38ac41034b&srepoch=1737803271&all_sr_blocks=9335853_88193623_2_2_0&highlighted_blocks=9335853_88193623_2_2_0&matching_block_id=9335853_88193623_2_2_0&sr_pri_blocks=9335853_88193623_2_2_0__134555&from=searchresults
Gran Central Suites,"Centro de Madrid, Madrid",https://www.booking.com/hotel/es/gran-central-suites.es.html?label=gen173nr-1FCAEoggI46AdIClgEaEaIAQGYAQq4ARnIAQ_YAQHoAQH4AQKIAgGoAgO4ArL50rwGwAIB0gIkOGZlNzdlZTAtYjM2Ni00NjEwLWJjZDItYjc2NTUzNTkyZGM32AIF4AIB&sid=5ad11202ea9cc1c07c5ed8caaaf11387&aid=304142&ucfs=1&arphpl=1&checkin=2025-03-01&checkout=2025-03-08&dest_id=-390625&dest_type=city&group_adults=2&req_adults=2&no_rooms=1&group_children=0&req_children=0&hpos=4&hapos=255&sr_order=popularity&srpvid=a6ce4e38ac41034b&srepoch=1737803271&all_sr_blocks=442685305_132410500_0_0_0&highlighted_blocks=442685305_132410500_0_0_0&matching_block_id=442685305_132410500_0_0_0&sr_pri_blocks=442685305_132410500_0_0_0__97743&from=searchresults
Charming Madrid Castilla Cuzco,"Tetuán, Madrid",https://www.booking.com/hotel/es/charming-madrid-castilla.es.html?label=gen173nr-1FCAEoggI46AdIClgEaEaIAQGYAQq4ARnIAQ_YAQHoAQH4AQKIAgGoAgO4ArL50rwGwAIB0gIkOGZlNzdlZTAtYjM2Ni00NjEwLWJjZDItYjc2NTUzNTkyZGM32AIF4AIB&sid=5ad11202ea9cc1c07c5ed8caaaf11387&aid=304142&ucfs=1&arphpl=1&checkin=2025-03-01&checkout=2025-03-08&dest_id=-390625&dest_type=city&group_adults=2&req_adults=2&no_rooms=1&group_children=0&req_children=0&hpos=5&hapos=256&sr_order=popularity&srpvid=a6ce4e38ac41034b&srepoch=1737803271&all_sr_blocks=1217290205_393900896_2_0_0&highlighted_blocks=1217290205_393900896_2_0_0&matching_block_id=1217290205_393900896_2_0_0&sr_pri_blocks=1217290205_393900896_2_0_0__90475&from=searchresults
Estudio acogedor y céntrico- 1B - Malasaña,"Centro de Madrid, Madrid",https://www.booking.com/hotel/es/cozy-studio-1bath-malasana.es.html?label=gen173nr-1FCAEoggI46AdIClgEaEaIAQGYAQq4ARnIAQ_YAQHoAQH4AQKIAgGoAgO4ArL50rwGwAIB0gIkOGZlNzdlZTAtYjM2Ni00NjEwLWJjZDItYjc2NTUzNTkyZGM32AIF4AIB&sid=5ad11202ea9cc1c07c5ed8caaaf11387&aid=304142&ucfs=1&arphpl=1&checkin=2025-03-01&checkout=2025-03-08&dest_id=-390625&dest_type=city&group_adults=2&req_adults=2&no_rooms=1&group_children=0&req_children=0&hpos=6&hapos=257&sr_order=popularity&srpvid=a6ce4e38ac41034b&srepoch=1737803271&all_sr_blocks=1080597002_381335025_2_0_0&highlighted_blocks=1080597002_381335025_2_0_0&matching_block_id=1080597002_381335025_2_0_0&sr_pri_blocks=1080597002_381335025_2_0_0__94249&from=searchresults
Francisco I Boutique,"Centro de Madrid, Madrid",https://www.booking.com/hotel/es/francisco-i.es.html?label=gen173nr-1FCAEoggI46AdIClgEaEaIAQGYAQq4ARnIAQ_YAQHoAQH4AQKIAgGoAgO4ArL50rwGwAIB0gIkOGZlNzdlZTAtYjM2Ni00NjEwLWJjZDItYjc2NTUzNTkyZGM32AIF4AIB&sid=5ad11202ea9cc1c07c5ed8caaaf11387&aid=304142&ucfs=1&arphpl=1&checkin=2025-03-01&checkout=2025-03-08&dest_id=-390625&dest_type=city&group_adults=2&req_adults=2&no_rooms=1&group_children=0&req_children=0&hpos=7&hapos=258&sr_order=popularity&srpvid=a6ce4e38ac41034b&srepoch=1737803271&all_sr_blocks=9330102_199241824_0_1_0&highlighted_blocks=9330102_199241824_0_1_0&matching_block_id=9330102_199241824_0_1_0&sr_pri_blocks=9330102_199241824_0_1_0__184038&from=searchresults
Hostal Abadia Madrid,"Centro de Madrid, Madrid",https://www.booking.com/hotel/es/hostal-abadia-madrid.es.html?label=gen173nr-1FCAEoggI46AdIClgEaEaIAQGYAQq4ARnIAQ_YAQHoAQH4AQKIAgGoAgO4ArL50rwGwAIB0gIkOGZlNzdlZTAtYjM2Ni00NjEwLWJjZDItYjc2NTUzNTkyZGM32AIF4AIB&sid=5ad11202ea9cc1c07c5ed8caaaf11387&aid=304142&ucfs=1&arphpl=1&checkin=2025-03-01&checkout=2025-03-08&dest_id=-390625&dest_type=city&group_adults=2&req_adults=2&no_rooms=1&group_children=0&req_children=0&hpos=8&hapos=259&sr_order=popularity&srpvid=a6ce4e38ac41034b&srepoch=1737803271&all_sr_blocks=34668312_88207678_2_2_0&highlighted_blocks=34668312_88207678_2_2_0&matching_block_id=34668312_88207678_2_2_0&sr_pri_blocks=34668312_88207678_2_2_0__99948&from=searchresults
Hotel Sancho,"Arganzuela, Madrid",https://www.booking.com/hotel/es/sancho-madrid.es.html?label=gen173nr-1FCAEoggI46AdIClgEaEaIAQGYAQq4ARnIAQ_YAQHoAQH4AQKIAgGoAgO4ArL50rwGwAIB0gIkOGZlNzdlZTAtYjM2Ni00NjEwLWJjZDItYjc2NTUzNTkyZGM32AIF4AIB&sid=5ad11202ea9cc1c07c5ed8caaaf11387&aid=304142&ucfs=1&arphpl=1&checkin=2025-03-01&checkout=2025-03-08&dest_id=-390625&dest_type=city&group_adults=2&req_adults=2&no_rooms=1&group_children=0&req_children=0&hpos=9&hapos=260&sr_order=popularity&srpvid=a6ce4e38ac41034b&srepoch=1737803271&all_sr_blocks=45208302_363643746_2_42_0_390966&highlighted_blocks=45208302_363643746_2_42_0_390966&matching_block_id=45208302_363643746_2_42_0_390966&sr_pri_blocks=45208302_363643746_2_42_0_390966_123200&from=searchresults
Hostal Comercial,"Centro de Madrid, Madrid",https://www.booking.com/hotel/es/hostal-comercial.es.html?label=gen173nr-1FCAEoggI46AdIClgEaEaIAQGYAQq4ARnIAQ_YAQHoAQH4AQKIAgGoAgO4ArL50rwGwAIB0gIkOGZlNzdlZTAtYjM2Ni00NjEwLWJjZDItYjc2NTUzNTkyZGM32AIF4AIB&sid=5ad11202ea9cc1c07c5ed8caaaf11387&aid=304142&ucfs=1&arphpl=1&checkin=2025-03-01&checkout=2025-03-08&dest_id=-390625&dest_type=city&group_adults=2&req_adults=2&no_rooms=1&group_children=0&req_children=0&hpos=10&hapos=261&sr_order=popularity&srpvid=a6ce4e38ac41034b&srepoch=1737803271&all_sr_blocks=2640213_397217469_2_0_0&highlighted_blocks=2640213_397217469_2_0_0&matching_block_id=2640213_397217469_2_0_0&sr_pri_blocks=2640213_397217469_2_0_0__119548&from=searchresults
Lujoso apartamento céntrico 1 dormitorio,"Tetuán, Madrid",https://www.booking.com/hotel/es/lujoso-apartamento-centrico-1-dormitorio.es.html?label=gen173nr-1FCAEoggI46AdIClgEaEaIAQGYAQq4ARnIAQ_YAQHoAQH4AQKIAgGoAgO4ArL50rwGwAIB0gIkOGZlNzdlZTAtYjM2Ni00NjEwLWJjZDItYjc2NTUzNTkyZGM32AIF4AIB&sid=5ad11202ea9cc1c07c5ed8caaaf11387&aid=304142&ucfs=1&arphpl=1&checkin=2025-03-01&checkout=2025-03-08&dest_id=-390625&dest_type=city&group_adults=2&req_adults=2&no_rooms=1&group_children=0&req_children=0&hpos=11&hapos=262&sr_order=popularity&srpvid=a6ce4e38ac41034b&srepoch=1737803271&all_sr_blocks=921619601_363833927_2_0_0&highlighted_blocks=921619601_363833927_2_0_0&matching_block_id=921619601_363833927_2_0_0&sr_pri_blocks=921619601_363833927_2_0_0__68346&from=searchresults
Hostal Victoria III,"Centro de Madrid, Madrid",https://www.booking.com/hotel/es/hostal-victoria-iii.es.html?label=gen173nr-1FCAEoggI46AdIClgEaEaIAQGYAQq4ARnIAQ_YAQHoAQH4AQKIAgGoAgO4ArL50rwGwAIB0gIkOGZlNzdlZTAtYjM2Ni00NjEwLWJjZDItYjc2NTUzNTkyZGM32AIF4AIB&sid=5ad11202ea9cc1c07c5ed8caaaf11387&aid=304142&ucfs=1&arphpl=1&checkin=2025-03-01&checkout=2025-03-08&dest_id=-390625&dest_type=city&group_adults=2&req_adults=2&no_rooms=1&group_children=0&req_children=0&hpos=12&hapos=263&sr_order=popularity&srpvid=a6ce4e38ac41034b&srepoch=1737803271&all_sr_blocks=42064704_88209359_0_0_0&highlighted_blocks=42064704_88209359_0_0_0&matching_block_id=42064704_88209359_0_0_0&sr_pri_blocks=42064704_88209359_0_0_0__86700&from=searchresults
Valdevebas Chalet con Piscina,"Hortaleza, Madrid",https://www.booking.com/hotel/es/espectacualar-casa-con-piscina-privada-en-madrid-centro.es.html?label=gen173nr-1FCAEoggI46AdIClgEaEaIAQGYAQq4ARnIAQ_YAQHoAQH4AQKIAgGoAgO4ArL50rwGwAIB0gIkOGZlNzdlZTAtYjM2Ni00NjEwLWJjZDItYjc2NTUzNTkyZGM32AIF4AIB&sid=5ad11202ea9cc1c07c5ed8caaaf11387&aid=304142&ucfs=1&arphpl=1&checkin=2025-03-01&checkout=2025-03-08&dest_id=-390625&dest_type=city&group_adults=2&req_adults=2&no_rooms=1&group_children=0&req_children=0&hpos=13&hapos=264&sr_order=popularity&srpvid=a6ce4e38ac41034b&srepoch=1737803271&all_sr_blocks=646882501_265591784_0_0_0&highlighted_blocks=646882501_265591784_0_0_0&matching_block_id=646882501_265591784_0_0_0&sr_pri_blocks=646882501_265591784_0_0_0__630000&from=searchresults
Apartamento antonio lopez a,"Usera, Madrid",https://www.booking.com/hotel/es/apartamento-antonio-lopez-a.es.html?label=gen173nr-1FCAEoggI46AdIClgEaEaIAQGYAQq4ARnIAQ_YAQHoAQH4AQKIAgGoAgO4ArL50rwGwAIB0gIkOGZlNzdlZTAtYjM2Ni00NjEwLWJjZDItYjc2NTUzNTkyZGM32AIF4AIB&sid=5ad11202ea9cc1c07c5ed8caaaf11387&aid=304142&ucfs=1&arphpl=1&checkin=2025-03-01&checkout=2025-03-08&dest_id=-390625&dest_type=city&group_adults=2&req_adults=2&no_rooms=1&group_children=0&req_children=0&hpos=14&hapos=265&sr_order=popularity&srpvid=a6ce4e38ac41034b&srepoch=1737803271&all_sr_blocks=1129646001_405288378_2_0_0&highlighted_blocks=1129646001_405288378_2_0_0&matching_block_id=1129646001_405288378_2_0_0&sr_pri_blocks=1129646001_405288378_2_0_0__86964&from=searchresults
"Bonito, Práctico y muy bien comunicado","Moratalaz, Madrid",https://www.booking.com/hotel/es/bonito-practico-y-muy-bien-comunicado.es.html?label=gen173nr-1FCAEoggI46AdIClgEaEaIAQGYAQq4ARnIAQ_YAQHoAQH4AQKIAgGoAgO4ArL50rwGwAIB0gIkOGZlNzdlZTAtYjM2Ni00NjEwLWJjZDItYjc2NTUzNTkyZGM32AIF4AIB&sid=5ad11202ea9cc1c07c5ed8caaaf11387&aid=304142&ucfs=1&arphpl=1&checkin=2025-03-01&checkout=2025-03-08&dest_id=-390625&dest_type=city&group_adults=2&req_adults=2&no_rooms=1&group_children=0&req_children=0&hpos=15&hapos=266&sr_order=popularity&srpvid=a6ce4e38ac41034b&srepoch=1737803271&all_sr_blocks=953636201_367907832_4_0_0&highlighted_blocks=953636201_367907832_4_0_0&matching_block_id=953636201_367907832_4_0_0&sr_pri_blocks=953636201_367907832_4_0_0__119482&from=searchresults
Luxe apartments Madrid Rio by RentitUP,"Arganzuela, Madrid",https://www.booking.com/hotel/es/luxe-apartments-madrid-rio-by-rentitup.es.html?label=gen173nr-1FCAEoggI46AdIClgEaEaIAQGYAQq4ARnIAQ_YAQHoAQH4AQKIAgGoAgO4ArL50rwGwAIB0gIkOGZlNzdlZTAtYjM2Ni00NjEwLWJjZDItYjc2NTUzNTkyZGM32AIF4AIB&sid=5ad11202ea9cc1c07c5ed8caaaf11387&aid=304142&ucfs=1&arphpl=1&checkin=2025-03-01&checkout=2025-03-08&dest_id=-390625&dest_type=city&group_adults=2&req_adults=2&no_rooms=1&group_children=0&req_children=0&hpos=16&hapos=267&sr_order=popularity&srpvid=a6ce4e38ac41034b&srepoch=1737803271&all_sr_blocks=1167092701_389338154_3_0_0&highlighted_blocks=1167092701_389338154_3_0_0&matching_block_id=1167092701_389338154_3_0_0&sr_pri_blocks=1167092701_389338154_3_0_0__88719&from=searchresults
min hostel capsules,"Ciudad Lineal, Madrid",https://www.booking.com/hotel/es/min-hostel-capsules.es.html?label=gen173nr-1FCAEoggI46AdIClgEaEaIAQGYAQq4ARnIAQ_YAQHoAQH4AQKIAgGoAgO4ArL50rwGwAIB0gIkOGZlNzdlZTAtYjM2Ni00NjEwLWJjZDItYjc2NTUzNTkyZGM32AIF4AIB&sid=5ad11202ea9cc1c07c5ed8caaaf11387&aid=304142&ucfs=1&arphpl=1&checkin=2025-03-01&checkout=2025-03-08&dest_id=-390625&dest_type=city&group_adults=2&req_adults=2&no_rooms=1&group_children=0&req_children=0&hpos=17&hapos=268&sr_order=popularity&srpvid=a6ce4e38ac41034b&srepoch=1737803271&all_sr_blocks=1236498301_399124070_2_0_0&highlighted_blocks=1236498301_399124070_2_0_0&matching_block_id=1236498301_399124070_2_0_0&sr_pri_blocks=1236498301_399124070_2_0_0__29155&from=searchresults
Minty Stay - 3 BD Lavapies,"Centro de Madrid, Madrid",https://www.booking.com/hotel/es/lavapies-5.es.html?label=gen173nr-1FCAEoggI46AdIClgEaEaIAQGYAQq4ARnIAQ_YAQHoAQH4AQKIAgGoAgO4ArL50rwGwAIB0gIkOGZlNzdlZTAtYjM2Ni00NjEwLWJjZDItYjc2NTUzNTkyZGM32AIF4AIB&sid=5ad11202ea9cc1c07c5ed8caaaf11387&aid=304142&ucfs=1&arphpl=1&checkin=2025-03-01&checkout=2025-03-08&dest_id=-390625&dest_type=city&group_adults=2&req_adults=2&no_rooms=1&group_children=0&req_children=0&hpos=18&hapos=269&sr_order=popularity&srpvid=a6ce4e38ac41034b&srepoch=1737803271&all_sr_blocks=281916701_333142890_6_0_0&highlighted_blocks=281916701_333142890_6_0_0&matching_block_id=281916701_333142890_6_0_0&sr_pri_blocks=281916701_333142890_6_0_0__201989&from=searchresults
Soho Boutique Opera,"Centro de Madrid, Madrid",https://www.booking.com/hotel/es/soho-boutique-opera-amp-spa.es.html?label=gen173nr-1FCAEoggI46AdIClgEaEaIAQGYAQq4ARnIAQ_YAQHoAQH4AQKIAgGoAgO4ArL50rwGwAIB0gIkOGZlNzdlZTAtYjM2Ni00NjEwLWJjZDItYjc2NTUzNTkyZGM32AIF4AIB&sid=5ad11202ea9cc1c07c5ed8caaaf11387&aid=304142&ucfs=1&arphpl=1&checkin=2025-03-01&checkout=2025-03-08&dest_id=-390625&dest_type=city&group_adults=2&req_adults=2&no_rooms=1&group_children=0&req_children=0&hpos=19&hapos=270&sr_order=popularity&srpvid=a6ce4e38ac41034b&srepoch=1737803271&all_sr_blocks=406425701_247890850_0_2_0_236256&highlighted_blocks=406425701_247890850_0_2_0_236256&matching_block_id=406425701_247890850_0_2_0_236256&sr_pri_blocks=406425701_247890850_0_2_0_236256_159250&from_sustainable_property_sr=1&from=searchresults
NH Madrid Balboa,"Salamanca, Madrid",https://www.booking.com/hotel/es/nhbalboa.es.html?label=gen173nr-1FCAEoggI46AdIClgEaEaIAQGYAQq4ARnIAQ_YAQHoAQH4AQKIAgGoAgO4ArL50rwGwAIB0gIkOGZlNzdlZTAtYjM2Ni00NjEwLWJjZDItYjc2NTUzNTkyZGM32AIF4AIB&sid=5ad11202ea9cc1c07c5ed8caaaf11387&aid=304142&ucfs=1&arphpl=1&checkin=2025-03-01&checkout=2025-03-08&dest_id=-390625&dest_type=city&group_adults=2&req_adults=2&no_rooms=1&group_children=0&req_children=0&hpos=20&hapos=271&sr_order=popularity&srpvid=a6ce4e38ac41034b&srepoch=1737803271&all_sr_blocks=9066402_93708912_0_2_0&highlighted_blocks=9066402_93708912_0_2_0&matching_block_id=9066402_93708912_0_2_0&sr_pri_blocks=9066402_93708912_0_2_0__142400&from_sustainable_property_sr=1&from=searchresults
Leonardo Boutique Hotel Madrid,"Chamberí, Madrid",https://www.booking.com/hotel/es/leonardoboutiquehotelmadrid.es.html?label=gen173nr-1FCAEoggI46AdIClgEaEaIAQGYAQq4ARnIAQ_YAQHoAQH4AQKIAgGoAgO4ArL50rwGwAIB0gIkOGZlNzdlZTAtYjM2Ni00NjEwLWJjZDItYjc2NTUzNTkyZGM32AIF4AIB&sid=5ad11202ea9cc1c07c5ed8caaaf11387&aid=304142&ucfs=1&arphpl=1&checkin=2025-03-01&checkout=2025-03-08&dest_id=-390625&dest_type=city&group_adults=2&req_adults=2&no_rooms=1&group_children=0&req_children=0&hpos=21&hapos=272&sr_order=popularity&srpvid=a6ce4e38ac41034b&srepoch=1737803271&all_sr_blocks=9066202_93238058_0_2_0&highlighted_blocks=9066202_93238058_0_2_0&matching_block_id=9066202_93238058_0_2_0&sr_pri_blocks=9066202_93238058_0_2_0__113670&from_sustainable_property_sr=1&from=searchresults
Porcel Ganivet,"Centro de Madrid, Madrid",https://www.booking.com/hotel/es/ganivet.es.html?label=gen173nr-1FCAEoggI46AdIClgEaEaIAQGYAQq4ARnIAQ_YAQHoAQH4AQKIAgGoAgO4ArL50rwGwAIB0gIkOGZlNzdlZTAtYjM2Ni00NjEwLWJjZDItYjc2NTUzNTkyZGM32AIF4AIB&sid=5ad11202ea9cc1c07c5ed8caaaf11387&aid=304142&ucfs=1&arphpl=1&checkin=2025-03-01&checkout=2025-03-08&dest_id=-390625&dest_type=city&group_adults=2&req_adults=2&no_rooms=1&group_children=0&req_children=0&hpos=22&hapos=273&sr_order=popularity&srpvid=a6ce4e38ac41034b&srepoch=1737803271&all_sr_blocks=9724301_88196767_0_2_0_390451&highlighted_blocks=9724301_88196767_0_2_0_390451&matching_block_id=9724301_88196767_0_2_0_390451&sr_pri_blocks=9724301_88196767_0_2_0_390451_94468&from=searchresults
Charming Puerta de Toledo II,"Arganzuela, Madrid",https://www.booking.com/hotel/es/charming-puerta-de-toledo-ii.es.html?label=gen173nr-1FCAEoggI46AdIClgEaEaIAQGYAQq4ARnIAQ_YAQHoAQH4AQKIAgGoAgO4ArL50rwGwAIB0gIkOGZlNzdlZTAtYjM2Ni00NjEwLWJjZDItYjc2NTUzNTkyZGM32AIF4AIB&sid=5ad11202ea9cc1c07c5ed8caaaf11387&aid=304142&ucfs=1&arphpl=1&checkin=2025-03-01&checkout=2025-03-08&dest_id=-390625&dest_type=city&group_adults=2&req_adults=2&no_rooms=1&group_children=0&req_children=0&hpos=23&hapos=274&sr_order=popularity&srpvid=a6ce4e38ac41034b&srepoch=1737803271&all_sr_blocks=437016401_130941294_2_0_0&highlighted_blocks=437016401_130941294_2_0_0&matching_block_id=437016401_130941294_2_0_0&sr_pri_blocks=437016401_130941294_2_0_0__73540&from=searchresults
Dobo Homes - G53,"Chamberí, Madrid",https://www.booking.com/hotel/es/dobo-homes-g53.es.html?label=gen173nr-1FCAEoggI46AdIClgEaEaIAQGYAQq4ARnIAQ_YAQHoAQH4AQKIAgGoAgO4ArL50rwGwAIB0gIkOGZlNzdlZTAtYjM2Ni00NjEwLWJjZDItYjc2NTUzNTkyZGM32AIF4AIB&sid=5ad11202ea9cc1c07c5ed8caaaf11387&aid=304142&ucfs=1&arphpl=1&checkin=2025-03-01&checkout=2025-03-08&dest_id=-390625&dest_type=city&group_adults=2&req_adults=2&no_rooms=1&group_children=0&req_children=0&hpos=24&hapos=275&sr_order=popularity&srpvid=a6ce4e38ac41034b&srepoch=1737803271&all_sr_blocks=1294006001_402357874_2_0_0&highlighted_blocks=1294006001_402357874_2_0_0&matching_block_id=1294006001_402357874_2_0_0&sr_pri_blocks=1294006001_402357874_2_0_0__73150&from=searchresults
Estudio en Plaza de España,"Moncloa - Aravaca, Madrid",https://www.booking.com/hotel/es/estudio-en-plaza-de-espana-madrid.es.html?label=gen173nr-1FCAEoggI46AdIClgEaEaIAQGYAQq4ARnIAQ_YAQHoAQH4AQKIAgGoAgO4ArL50rwGwAIB0gIkOGZlNzdlZTAtYjM2Ni00NjEwLWJjZDItYjc2NTUzNTkyZGM32AIF4AIB&sid=5ad11202ea9cc1c07c5ed8caaaf11387&aid=304142&ucfs=1&arphpl=1&checkin=2025-03-01&checkout=2025-03-08&dest_id=-390625&dest_type=city&group_adults=2&req_adults=2&no_rooms=1&group_children=0&req_children=0&hpos=25&hapos=276&sr_order=popularity&srpvid=a6ce4e38ac41034b&srepoch=1737803271&all_sr_blocks=1254740202_397988823_2_0_0&highlighted_blocks=1254740202_397988823_2_0_0&matching_block_id=1254740202_397988823_2_0_0&sr_pri_blocks=1254740202_397988823_2_0_0__88953&from=searchresults
Romantic Central Terrace,"Centro de Madrid, Madrid",https://www.booking.com/hotel/es/romantic-central-terrace.es.html?label=gen173nr-1FCAEoggI46AdIClgEaEaIAQGYAQq4ARnIAQ_YAQHoAQH4AQKIAgGoAgO4ArL50rwGwAIB0gIkOGZlNzdlZTAtYjM2Ni00NjEwLWJjZDItYjc2NTUzNTkyZGM32AIF4AIB&sid=5ad11202ea9cc1c07c5ed8caaaf11387&aid=304142&ucfs=1&arphpl=1&checkin=2025-03-01&checkout=2025-03-08&dest_id=-390625&dest_type=city&group_adults=2&req_adults=2&no_rooms=1&group_children=0&req_children=0&hpos=1&hapos=277&sr_order=popularity&srpvid=a6ce4e38ac41034b&srepoch=1737803273&all_sr_blocks=254896001_104076758_0_0_0&highlighted_blocks=254896001_104076758_0_0_0&matching_block_id=254896001_104076758_0_0_0&sr_pri_blocks=254896001_104076758_0_0_0__242346&from=searchresults
Home Art Apartments Bernabéu,"Tetuán, Madrid",https://www.booking.com/hotel/es/home-art-apartments-bernabeu.es.html?label=gen173nr-1FCAEoggI46AdIClgEaEaIAQGYAQq4ARnIAQ_YAQHoAQH4AQKIAgGoAgO4ArL50rwGwAIB0gIkOGZlNzdlZTAtYjM2Ni00NjEwLWJjZDItYjc2NTUzNTkyZGM32AIF4AIB&sid=5ad11202ea9cc1c07c5ed8caaaf11387&aid=304142&ucfs=1&arphpl=1&checkin=2025-03-01&checkout=2025-03-08&dest_id=-390625&dest_type=city&group_adults=2&req_adults=2&no_rooms=1&group_children=0&req_children=0&hpos=2&hapos=278&sr_order=popularity&srpvid=a6ce4e38ac41034b&srepoch=1737803273&all_sr_blocks=1315709901_404338011_2_0_0&highlighted_blocks=1315709901_404338011_2_0_0&matching_block_id=1315709901_404338011_2_0_0&sr_pri_blocks=1315709901_404338011_2_0_0__113692&from=searchresults
GuestReady -Marvelous Retreat near Plaza de España,"Centro de Madrid, Madrid",https://www.booking.com/hotel/es/guestready-marvelous-retreat-near-plaza-de-espana.es.html?label=gen173nr-1FCAEoggI46AdIClgEaEaIAQGYAQq4ARnIAQ_YAQHoAQH4AQKIAgGoAgO4ArL50rwGwAIB0gIkOGZlNzdlZTAtYjM2Ni00NjEwLWJjZDItYjc2NTUzNTkyZGM32AIF4AIB&sid=5ad11202ea9cc1c07c5ed8caaaf11387&aid=304142&ucfs=1&arphpl=1&checkin=2025-03-01&checkout=2025-03-08&dest_id=-390625&dest_type=city&group_adults=2&req_adults=2&no_rooms=1&group_children=0&req_children=0&hpos=3&hapos=279&sr_order=popularity&srpvid=a6ce4e38ac41034b&srepoch=1737803273&all_sr_blocks=1172234201_399042630_2_0_0&highlighted_blocks=1172234201_399042630_2_0_0&matching_block_id=1172234201_399042630_2_0_0&sr_pri_blocks=1172234201_399042630_2_0_0__245305&from=searchresults
Apartamentos Day Madrid PLAZA DE ESPAÑA Centro Gran Via Sol Malasaña,"Centro de Madrid, Madrid",https://www.booking.com/hotel/es/apartamentos-turisticos-plaza-espana.es.html?label=gen173nr-1FCAEoggI46AdIClgEaEaIAQGYAQq4ARnIAQ_YAQHoAQH4AQKIAgGoAgO4ArL50rwGwAIB0gIkOGZlNzdlZTAtYjM2Ni00NjEwLWJjZDItYjc2NTUzNTkyZGM32AIF4AIB&sid=5ad11202ea9cc1c07c5ed8caaaf11387&aid=304142&ucfs=1&arphpl=1&checkin=2025-03-01&checkout=2025-03-08&dest_id=-390625&dest_type=city&group_adults=2&req_adults=2&no_rooms=1&group_children=0&req_children=0&hpos=4&hapos=280&sr_order=popularity&srpvid=a6ce4e38ac41034b&srepoch=1737803273&all_sr_blocks=134478404_402771962_3_0_0&highlighted_blocks=134478404_402771962_3_0_0&matching_block_id=134478404_402771962_3_0_0&sr_pri_blocks=134478404_402771962_3_0_0__89710&from=searchresults
Wellington Hotel & Spa Madrid,"Salamanca, Madrid",https://www.booking.com/hotel/es/wellington-madrid.es.html?label=gen173nr-1FCAEoggI46AdIClgEaEaIAQGYAQq4ARnIAQ_YAQHoAQH4AQKIAgGoAgO4ArL50rwGwAIB0gIkOGZlNzdlZTAtYjM2Ni00NjEwLWJjZDItYjc2NTUzNTkyZGM32AIF4AIB&sid=5ad11202ea9cc1c07c5ed8caaaf11387&aid=304142&ucfs=1&arphpl=1&checkin=2025-03-01&checkout=2025-03-08&dest_id=-390625&dest_type=city&group_adults=2&req_adults=2&no_rooms=1&group_children=0&req_children=0&hpos=5&hapos=281&sr_order=popularity&srpvid=a6ce4e38ac41034b&srepoch=1737803273&all_sr_blocks=9235824_357009072_2_2_0&highlighted_blocks=9235824_357009072_2_2_0&matching_block_id=9235824_357009072_2_2_0&sr_pri_blocks=9235824_357009072_2_2_0__291500&from=searchresults
Ocean Drive Madrid,"Centro de Madrid, Madrid",https://www.booking.com/hotel/es/ocean-drive-madrid-madrid1.es.html?label=gen173nr-1FCAEoggI46AdIClgEaEaIAQGYAQq4ARnIAQ_YAQHoAQH4AQKIAgGoAgO4ArL50rwGwAIB0gIkOGZlNzdlZTAtYjM2Ni00NjEwLWJjZDItYjc2NTUzNTkyZGM32AIF4AIB&sid=5ad11202ea9cc1c07c5ed8caaaf11387&aid=304142&ucfs=1&arphpl=1&checkin=2025-03-01&checkout=2025-03-08&dest_id=-390625&dest_type=city&group_adults=2&req_adults=2&no_rooms=1&group_children=0&req_children=0&hpos=6&hapos=282&sr_order=popularity&srpvid=a6ce4e38ac41034b&srepoch=1737803273&all_sr_blocks=732161605_374073876_0_2_0&highlighted_blocks=732161605_374073876_0_2_0&matching_block_id=732161605_374073876_0_2_0&sr_pri_blocks=732161605_374073876_0_2_0__174384&from_sustainable_property_sr=1&from=searchresults
Barceló Torre de Madrid,"Moncloa - Aravaca, Madrid",https://www.booking.com/hotel/es/barcelo-torre-de-madrid.es.html?label=gen173nr-1FCAEoggI46AdIClgEaEaIAQGYAQq4ARnIAQ_YAQHoAQH4AQKIAgGoAgO4ArL50rwGwAIB0gIkOGZlNzdlZTAtYjM2Ni00NjEwLWJjZDItYjc2NTUzNTkyZGM32AIF4AIB&sid=5ad11202ea9cc1c07c5ed8caaaf11387&aid=304142&ucfs=1&arphpl=1&checkin=2025-03-01&checkout=2025-03-08&dest_id=-390625&dest_type=city&group_adults=2&req_adults=2&no_rooms=1&group_children=0&req_children=0&hpos=7&hapos=283&sr_order=popularity&srpvid=a6ce4e38ac41034b&srepoch=1737803273&all_sr_blocks=179950101_91281114_2_2_0&highlighted_blocks=179950101_91281114_2_2_0&matching_block_id=179950101_91281114_2_2_0&sr_pri_blocks=179950101_91281114_2_2_0__121560&from=searchresults
Hostal Esparteros,"Centro de Madrid, Madrid",https://www.booking.com/hotel/es/hostal-esparteros.es.html?label=gen173nr-1FCAEoggI46AdIClgEaEaIAQGYAQq4ARnIAQ_YAQHoAQH4AQKIAgGoAgO4ArL50rwGwAIB0gIkOGZlNzdlZTAtYjM2Ni00NjEwLWJjZDItYjc2NTUzNTkyZGM32AIF4AIB&sid=5ad11202ea9cc1c07c5ed8caaaf11387&aid=304142&ucfs=1&arphpl=1&checkin=2025-03-01&checkout=2025-03-08&dest_id=-390625&dest_type=city&group_adults=2&req_adults=2&no_rooms=1&group_children=0&req_children=0&hpos=8&hapos=284&sr_order=popularity&srpvid=a6ce4e38ac41034b&srepoch=1737803273&all_sr_blocks=216398309_398936948_2_0_0&highlighted_blocks=216398309_398936948_2_0_0&matching_block_id=216398309_398936948_2_0_0&sr_pri_blocks=216398309_398936948_2_0_0__152334&from=searchresults
Dobo Homes - D14,"Centro de Madrid, Madrid",https://www.booking.com/hotel/es/dobohomes-desengano.es.html?label=gen173nr-1FCAEoggI46AdIClgEaEaIAQGYAQq4ARnIAQ_YAQHoAQH4AQKIAgGoAgO4ArL50rwGwAIB0gIkOGZlNzdlZTAtYjM2Ni00NjEwLWJjZDItYjc2NTUzNTkyZGM32AIF4AIB&sid=5ad11202ea9cc1c07c5ed8caaaf11387&aid=304142&ucfs=1&arphpl=1&checkin=2025-03-01&checkout=2025-03-08&dest_id=-390625&dest_type=city&group_adults=2&req_adults=2&no_rooms=1&group_children=0&req_children=0&hpos=9&hapos=285&sr_order=popularity&srpvid=a6ce4e38ac41034b&srepoch=1737803273&all_sr_blocks=1135366304_386185222_2_0_0&highlighted_blocks=1135366304_386185222_2_0_0&matching_block_id=1135366304_386185222_2_0_0&sr_pri_blocks=1135366304_386185222_2_0_0__100177&from=searchresults
Pestana Plaza Mayor Madrid,"Centro de Madrid, Madrid",https://www.booking.com/hotel/es/pestana-plaza-mayor.es.html?label=gen173nr-1FCAEoggI46AdIClgEaEaIAQGYAQq4ARnIAQ_YAQHoAQH4AQKIAgGoAgO4ArL50rwGwAIB0gIkOGZlNzdlZTAtYjM2Ni00NjEwLWJjZDItYjc2NTUzNTkyZGM32AIF4AIB&sid=5ad11202ea9cc1c07c5ed8caaaf11387&aid=304142&ucfs=1&arphpl=1&checkin=2025-03-01&checkout=2025-03-08&dest_id=-390625&dest_type=city&group_adults=2&req_adults=2&no_rooms=1&group_children=0&req_children=0&hpos=10&hapos=286&sr_order=popularity&srpvid=a6ce4e38ac41034b&srepoch=1737803273&all_sr_blocks=461696901_387592353_0_2_0_665556&highlighted_blocks=461696901_387592353_0_2_0_665556&matching_block_id=461696901_387592353_0_2_0_665556&sr_pri_blocks=461696901_387592353_0_2_0_665556_181876&from=searchresults
Medina - Luxury suite apt. Madrid center,"Chamberí, Madrid",https://www.booking.com/hotel/es/medina-luxury-suite-apt-madrid-center.es.html?label=gen173nr-1FCAEoggI46AdIClgEaEaIAQGYAQq4ARnIAQ_YAQHoAQH4AQKIAgGoAgO4ArL50rwGwAIB0gIkOGZlNzdlZTAtYjM2Ni00NjEwLWJjZDItYjc2NTUzNTkyZGM32AIF4AIB&sid=5ad11202ea9cc1c07c5ed8caaaf11387&aid=304142&ucfs=1&arphpl=1&checkin=2025-03-01&checkout=2025-03-08&dest_id=-390625&dest_type=city&group_adults=2&req_adults=2&no_rooms=1&group_children=0&req_children=0&hpos=11&hapos=287&sr_order=popularity&srpvid=a6ce4e38ac41034b&srepoch=1737803273&all_sr_blocks=1021900601_374689349_2_2_0&highlighted_blocks=1021900601_374689349_2_2_0&matching_block_id=1021900601_374689349_2_2_0&sr_pri_blocks=1021900601_374689349_2_2_0__154468&from=searchresults
Encantador ático en el centro de Madrid by beBalmy,"Centro de Madrid, Madrid",https://www.booking.com/hotel/es/encantador-atico-en-lavapies-by-bebalmy.es.html?label=gen173nr-1FCAEoggI46AdIClgEaEaIAQGYAQq4ARnIAQ_YAQHoAQH4AQKIAgGoAgO4ArL50rwGwAIB0gIkOGZlNzdlZTAtYjM2Ni00NjEwLWJjZDItYjc2NTUzNTkyZGM32AIF4AIB&sid=5ad11202ea9cc1c07c5ed8caaaf11387&aid=304142&ucfs=1&arphpl=1&checkin=2025-03-01&checkout=2025-03-08&dest_id=-390625&dest_type=city&group_adults=2&req_adults=2&no_rooms=1&group_children=0&req_children=0&hpos=12&hapos=288&sr_order=popularity&srpvid=a6ce4e38ac41034b&srepoch=1737803273&all_sr_blocks=1224620901_394570143_2_0_0&highlighted_blocks=1224620901_394570143_2_0_0&matching_block_id=1224620901_394570143_2_0_0&sr_pri_blocks=1224620901_394570143_2_0_0__74920&from=searchresults
H10 Tribeca,"Tetuán, Madrid",https://www.booking.com/hotel/es/h10-tribeca.es.html?label=gen173nr-1FCAEoggI46AdIClgEaEaIAQGYAQq4ARnIAQ_YAQHoAQH4AQKIAgGoAgO4ArL50rwGwAIB0gIkOGZlNzdlZTAtYjM2Ni00NjEwLWJjZDItYjc2NTUzNTkyZGM32AIF4AIB&sid=5ad11202ea9cc1c07c5ed8caaaf11387&aid=304142&ucfs=1&arphpl=1&checkin=2025-03-01&checkout=2025-03-08&dest_id=-390625&dest_type=city&group_adults=2&req_adults=2&no_rooms=1&group_children=0&req_children=0&hpos=13&hapos=289&sr_order=popularity&srpvid=a6ce4e38ac41034b&srepoch=1737803273&all_sr_blocks=9073702_88189886_2_2_0&highlighted_blocks=9073702_88189886_2_2_0&matching_block_id=9073702_88189886_2_2_0&sr_pri_blocks=9073702_88189886_2_2_0__103500&from_sustainable_property_sr=1&from=searchresults
Apartamentos Day Madrid SAN ANTONIO Centro Gran Via Sol Malasaña,"Centro de Madrid, Madrid",https://www.booking.com/hotel/es/gran-via-madrid.es.html?label=gen173nr-1FCAEoggI46AdIClgEaEaIAQGYAQq4ARnIAQ_YAQHoAQH4AQKIAgGoAgO4ArL50rwGwAIB0gIkOGZlNzdlZTAtYjM2Ni00NjEwLWJjZDItYjc2NTUzNTkyZGM32AIF4AIB&sid=5ad11202ea9cc1c07c5ed8caaaf11387&aid=304142&ucfs=1&arphpl=1&checkin=2025-03-01&checkout=2025-03-08&dest_id=-390625&dest_type=city&group_adults=2&req_adults=2&no_rooms=1&group_children=0&req_children=0&hpos=14&hapos=290&sr_order=popularity&srpvid=a6ce4e38ac41034b&srepoch=1737803273&all_sr_blocks=124280303_402772470_4_0_0&highlighted_blocks=124280303_402772470_4_0_0&matching_block_id=124280303_402772470_4_0_0&sr_pri_blocks=124280303_402772470_4_0_0__106272&from=searchresults
SabiaNatura - boutiqueMadrid,"Centro de Madrid, Madrid",https://www.booking.com/hotel/es/sol-y-arena-madrid.es.html?label=gen173nr-1FCAEoggI46AdIClgEaEaIAQGYAQq4ARnIAQ_YAQHoAQH4AQKIAgGoAgO4ArL50rwGwAIB0gIkOGZlNzdlZTAtYjM2Ni00NjEwLWJjZDItYjc2NTUzNTkyZGM32AIF4AIB&sid=5ad11202ea9cc1c07c5ed8caaaf11387&aid=304142&ucfs=1&arphpl=1&checkin=2025-03-01&checkout=2025-03-08&dest_id=-390625&dest_type=city&group_adults=2&req_adults=2&no_rooms=1&group_children=0&req_children=0&hpos=15&hapos=291&sr_order=popularity&srpvid=a6ce4e38ac41034b&srepoch=1737803273&all_sr_blocks=993694411_372306438_2_0_0&highlighted_blocks=993694411_372306438_2_0_0&matching_block_id=993694411_372306438_2_0_0&sr_pri_blocks=993694411_372306438_2_0_0__93553&from=searchresults
LA LATINA - PLAZA MAYOR - CENTRICAL - MONTHS TOO,"Centro de Madrid, Madrid",https://www.booking.com/hotel/es/la-latina-plaza-mayor-centrical-months-too.es.html?label=gen173nr-1FCAEoggI46AdIClgEaEaIAQGYAQq4ARnIAQ_YAQHoAQH4AQKIAgGoAgO4ArL50rwGwAIB0gIkOGZlNzdlZTAtYjM2Ni00NjEwLWJjZDItYjc2NTUzNTkyZGM32AIF4AIB&sid=5ad11202ea9cc1c07c5ed8caaaf11387&aid=304142&ucfs=1&arphpl=1&checkin=2025-03-01&checkout=2025-03-08&dest_id=-390625&dest_type=city&group_adults=2&req_adults=2&no_rooms=1&group_children=0&req_children=0&hpos=16&hapos=292&sr_order=popularity&srpvid=a6ce4e38ac41034b&srepoch=1737803273&all_sr_blocks=1116676501_384546207_2_0_0&highlighted_blocks=1116676501_384546207_2_0_0&matching_block_id=1116676501_384546207_2_0_0&sr_pri_blocks=1116676501_384546207_2_0_0__75389&from=searchresults
GAC28 Piso Amplio Chamberi,"Chamberí, Madrid",https://www.booking.com/hotel/es/gac28-piso-amplio-chamberi.es.html?label=gen173nr-1FCAEoggI46AdIClgEaEaIAQGYAQq4ARnIAQ_YAQHoAQH4AQKIAgGoAgO4ArL50rwGwAIB0gIkOGZlNzdlZTAtYjM2Ni00NjEwLWJjZDItYjc2NTUzNTkyZGM32AIF4AIB&sid=5ad11202ea9cc1c07c5ed8caaaf11387&aid=304142&ucfs=1&arphpl=1&checkin=2025-03-01&checkout=2025-03-08&dest_id=-390625&dest_type=city&group_adults=2&req_adults=2&no_rooms=1&group_children=0&req_children=0&hpos=17&hapos=293&sr_order=popularity&srpvid=a6ce4e38ac41034b&srepoch=1737803273&all_sr_blocks=1239600401_399902699_4_0_0&highlighted_blocks=1239600401_399902699_4_0_0&matching_block_id=1239600401_399902699_4_0_0&sr_pri_blocks=1239600401_399902699_4_0_0__59000&from=searchresults
Ibis Madrid Centro las Ventas,"Salamanca, Madrid",https://www.booking.com/hotel/es/ibis-madrid-centro-las-ventas.es.html?label=gen173nr-1FCAEoggI46AdIClgEaEaIAQGYAQq4ARnIAQ_YAQHoAQH4AQKIAgGoAgO4ArL50rwGwAIB0gIkOGZlNzdlZTAtYjM2Ni00NjEwLWJjZDItYjc2NTUzNTkyZGM32AIF4AIB&sid=5ad11202ea9cc1c07c5ed8caaaf11387&aid=304142&ucfs=1&arphpl=1&checkin=2025-03-01&checkout=2025-03-08&dest_id=-390625&dest_type=city&group_adults=2&req_adults=2&no_rooms=1&group_children=0&req_children=0&hpos=18&hapos=294&sr_order=popularity&srpvid=a6ce4e38ac41034b&srepoch=1737803273&all_sr_blocks=44806301_93756763_2_2_0&highlighted_blocks=44806301_93756763_2_2_0&matching_block_id=44806301_93756763_2_2_0&sr_pri_blocks=44806301_93756763_2_2_0__85757&from=searchresults
Dobo Homes SF6,"Puente de Vallecas, Madrid",https://www.booking.com/hotel/es/dobo-homes-sf6-madrid.es.html?label=gen173nr-1FCAEoggI46AdIClgEaEaIAQGYAQq4ARnIAQ_YAQHoAQH4AQKIAgGoAgO4ArL50rwGwAIB0gIkOGZlNzdlZTAtYjM2Ni00NjEwLWJjZDItYjc2NTUzNTkyZGM32AIF4AIB&sid=5ad11202ea9cc1c07c5ed8caaaf11387&aid=304142&ucfs=1&arphpl=1&checkin=2025-03-01&checkout=2025-03-08&dest_id=-390625&dest_type=city&group_adults=2&req_adults=2&no_rooms=1&group_children=0&req_children=0&hpos=19&hapos=295&sr_order=popularity&srpvid=a6ce4e38ac41034b&srepoch=1737803273&all_sr_blocks=1321718507_404848547_3_0_0&highlighted_blocks=1321718507_404848547_3_0_0&matching_block_id=1321718507_404848547_3_0_0&sr_pri_blocks=1321718507_404848547_3_0_0__72604&from=searchresults
Hostel Ramon lujan 91,"Usera, Madrid",https://www.booking.com/hotel/es/hostel-ramon-lujan-91.es.html?label=gen173nr-1FCAEoggI46AdIClgEaEaIAQGYAQq4ARnIAQ_YAQHoAQH4AQKIAgGoAgO4ArL50rwGwAIB0gIkOGZlNzdlZTAtYjM2Ni00NjEwLWJjZDItYjc2NTUzNTkyZGM32AIF4AIB&sid=5ad11202ea9cc1c07c5ed8caaaf11387&aid=304142&ucfs=1&arphpl=1&checkin=2025-03-01&checkout=2025-03-08&dest_id=-390625&dest_type=city&group_adults=2&req_adults=2&no_rooms=1&group_children=0&req_children=0&hpos=20&hapos=296&sr_order=popularity&srpvid=a6ce4e38ac41034b&srepoch=1737803273&all_sr_blocks=1032641401_392875374_2_0_0&highlighted_blocks=1032641401_392875374_2_0_0&matching_block_id=1032641401_392875374_2_0_0&sr_pri_blocks=1032641401_392875374_2_0_0__52443&from=searchresults
AC Hotel Atocha by Marriott,"Arganzuela, Madrid",https://www.booking.com/hotel/es/ac-atocha.es.html?label=gen173nr-1FCAEoggI46AdIClgEaEaIAQGYAQq4ARnIAQ_YAQHoAQH4AQKIAgGoAgO4ArL50rwGwAIB0gIkOGZlNzdlZTAtYjM2Ni00NjEwLWJjZDItYjc2NTUzNTkyZGM32AIF4AIB&sid=5ad11202ea9cc1c07c5ed8caaaf11387&aid=304142&ucfs=1&arphpl=1&checkin=2025-03-01&checkout=2025-03-08&dest_id=-390625&dest_type=city&group_adults=2&req_adults=2&no_rooms=1&group_children=0&req_children=0&hpos=21&hapos=297&sr_order=popularity&srpvid=a6ce4e38ac41034b&srepoch=1737803273&all_sr_blocks=24309105_94362047_0_2_0&highlighted_blocks=24309105_94362047_0_2_0&matching_block_id=24309105_94362047_0_2_0&sr_pri_blocks=24309105_94362047_0_2_0__143990&from_sustainable_property_sr=1&from=searchresults
Apartamentos ALFISA Puerta del Sol,"Centro de Madrid, Madrid",https://www.booking.com/hotel/es/apartamentos-alfisa-puerta-del-sol.es.html?label=gen173nr-1FCAEoggI46AdIClgEaEaIAQGYAQq4ARnIAQ_YAQHoAQH4AQKIAgGoAgO4ArL50rwGwAIB0gIkOGZlNzdlZTAtYjM2Ni00NjEwLWJjZDItYjc2NTUzNTkyZGM32AIF4AIB&sid=5ad11202ea9cc1c07c5ed8caaaf11387&aid=304142&ucfs=1&arphpl=1&checkin=2025-03-01&checkout=2025-03-08&dest_id=-390625&dest_type=city&group_adults=2&req_adults=2&no_rooms=1&group_children=0&req_children=0&hpos=22&hapos=298&sr_order=popularity&srpvid=a6ce4e38ac41034b&srepoch=1737803273&all_sr_blocks=1252186704_399614623_2_0_0&highlighted_blocks=1252186704_399614623_2_0_0&matching_block_id=1252186704_399614623_2_0_0&sr_pri_blocks=1252186704_399614623_2_0_0__167170&from=searchresults
Cuidadosamente decorado apartamento junto al metro,"Puente de Vallecas, Madrid",https://www.booking.com/hotel/es/cuidadosamente-decorado-apartamento-junto-al-metro.es.html?label=gen173nr-1FCAEoggI46AdIClgEaEaIAQGYAQq4ARnIAQ_YAQHoAQH4AQKIAgGoAgO4ArL50rwGwAIB0gIkOGZlNzdlZTAtYjM2Ni00NjEwLWJjZDItYjc2NTUzNTkyZGM32AIF4AIB&sid=5ad11202ea9cc1c07c5ed8caaaf11387&aid=304142&ucfs=1&arphpl=1&checkin=2025-03-01&checkout=2025-03-08&dest_id=-390625&dest_type=city&group_adults=2&req_adults=2&no_rooms=1&group_children=0&req_children=0&hpos=23&hapos=299&sr_order=popularity&srpvid=a6ce4e38ac41034b&srepoch=1737803273&all_sr_blocks=817448401_346818742_2_0_0&highlighted_blocks=817448401_346818742_2_0_0&matching_block_id=817448401_346818742_2_0_0&sr_pri_blocks=817448401_346818742_2_0_0__68346&from=searchresults
Hostal Palacio Madrid,"Centro de Madrid, Madrid",https://www.booking.com/hotel/es/hostal-regional.es.html?label=gen173nr-1FCAEoggI46AdIClgEaEaIAQGYAQq4ARnIAQ_YAQHoAQH4AQKIAgGoAgO4ArL50rwGwAIB0gIkOGZlNzdlZTAtYjM2Ni00NjEwLWJjZDItYjc2NTUzNTkyZGM32AIF4AIB&sid=5ad11202ea9cc1c07c5ed8caaaf11387&aid=304142&ucfs=1&arphpl=1&checkin=2025-03-01&checkout=2025-03-08&dest_id=-390625&dest_type=city&group_adults=2&req_adults=2&no_rooms=1&group_children=0&req_children=0&hpos=24&hapos=300&sr_order=popularity&srpvid=a6ce4e38ac41034b&srepoch=1737803273&all_sr_blocks=19125307_88495315_0_0_0&highlighted_blocks=19125307_88495315_0_0_0&matching_block_id=19125307_88495315_0_0_0&sr_pri_blocks=19125307_88495315_0_0_0__87300&from=searchresults
Fly Rooms Madrid Airport,"Barajas, Madrid",https://www.booking.com/hotel/es/fly-rooms-madrid-airport.es.html?label=gen173nr-1FCAEoggI46AdIClgEaEaIAQGYAQq4ARnIAQ_YAQHoAQH4AQKIAgGoAgO4ArL50rwGwAIB0gIkOGZlNzdlZTAtYjM2Ni00NjEwLWJjZDItYjc2NTUzNTkyZGM32AIF4AIB&sid=5ad11202ea9cc1c07c5ed8caaaf11387&aid=304142&ucfs=1&arphpl=1&checkin=2025-03-01&checkout=2025-03-08&dest_id=-390625&dest_type=city&group_adults=2&req_adults=2&no_rooms=1&group_children=0&req_children=0&hpos=25&hapos=301&sr_order=popularity&srpvid=a6ce4e38ac41034b&srepoch=1737803273&all_sr_blocks=815336802_344324761_2_0_0&highlighted_blocks=815336802_344324761_2_0_0&matching_block_id=815336802_344324761_2_0_0&sr_pri_blocks=815336802_344324761_2_0_0__100000&from=searchresults
Beautiful duplex in the center,"Centro de Madrid, Madrid",https://www.booking.com/hotel/es/beautiful-duplex-in-the-center.es.html?label=gen173nr-1FCAEoggI46AdIClgEaEaIAQGYAQq4ARnIAQ_YAQHoAQH4AQKIAgGoAgO4ArL50rwGwAIB0gIkOGZlNzdlZTAtYjM2Ni00NjEwLWJjZDItYjc2NTUzNTkyZGM32AIF4AIB&sid=5ad11202ea9cc1c07c5ed8caaaf11387&aid=304142&ucfs=1&arphpl=1&checkin=2025-03-01&checkout=2025-03-08&dest_id=-390625&dest_type=city&group_adults=2&req_adults=2&no_rooms=1&group_children=0&req_children=0&hpos=1&hapos=302&sr_order=popularity&srpvid=a6ce4e38ac41034b&srepoch=1737803275&all_sr_blocks=1345763901_406929874_2_0_0&highlighted_blocks=1345763901_406929874_2_0_0&matching_block_id=1345763901_406929874_2_0_0&sr_pri_blocks=1345763901_406929874_2_0_0__81218&from=searchresults
Las Meninas de Cavero,"Hortaleza, Madrid",https://www.booking.com/hotel/es/las-meninas-de-cavero.es.html?label=gen173nr-1FCAEoggI46AdIClgEaEaIAQGYAQq4ARnIAQ_YAQHoAQH4AQKIAgGoAgO4ArL50rwGwAIB0gIkOGZlNzdlZTAtYjM2Ni00NjEwLWJjZDItYjc2NTUzNTkyZGM32AIF4AIB&sid=5ad11202ea9cc1c07c5ed8caaaf11387&aid=304142&ucfs=1&arphpl=1&checkin=2025-03-01&checkout=2025-03-08&dest_id=-390625&dest_type=city&group_adults=2&req_adults=2&no_rooms=1&group_children=0&req_children=0&hpos=2&hapos=303&sr_order=popularity&srpvid=a6ce4e38ac41034b&srepoch=1737803275&all_sr_blocks=844304601_406021651_6_0_0&highlighted_blocks=844304601_406021651_6_0_0&matching_block_id=844304601_406021651_6_0_0&sr_pri_blocks=844304601_406021651_6_0_0__238875&from=searchresults
Minty Stay - Valverde,"Centro de Madrid, Madrid",https://www.booking.com/hotel/es/1-bedroom-1-bathroom-furnished-malasana-downtown-cozy-minty-stay.es.html?label=gen173nr-1FCAEoggI46AdIClgEaEaIAQGYAQq4ARnIAQ_YAQHoAQH4AQKIAgGoAgO4ArL50rwGwAIB0gIkOGZlNzdlZTAtYjM2Ni00NjEwLWJjZDItYjc2NTUzNTkyZGM32AIF4AIB&sid=5ad11202ea9cc1c07c5ed8caaaf11387&aid=304142&ucfs=1&arphpl=1&checkin=2025-03-01&checkout=2025-03-08&dest_id=-390625&dest_type=city&group_adults=2&req_adults=2&no_rooms=1&group_children=0&req_children=0&hpos=3&hapos=304&sr_order=popularity&srpvid=a6ce4e38ac41034b&srepoch=1737803275&all_sr_blocks=673230702_275436620_2_0_0&highlighted_blocks=673230702_275436620_2_0_0&matching_block_id=673230702_275436620_2_0_0&sr_pri_blocks=673230702_275436620_2_0_0__100514&from=searchresults
FR68 Piso 2 dormitorios Chamberi,"Chamberí, Madrid",https://www.booking.com/hotel/es/fr68-piso-2-dormitorios-chamberi.es.html?label=gen173nr-1FCAEoggI46AdIClgEaEaIAQGYAQq4ARnIAQ_YAQHoAQH4AQKIAgGoAgO4ArL50rwGwAIB0gIkOGZlNzdlZTAtYjM2Ni00NjEwLWJjZDItYjc2NTUzNTkyZGM32AIF4AIB&sid=5ad11202ea9cc1c07c5ed8caaaf11387&aid=304142&ucfs=1&arphpl=1&checkin=2025-03-01&checkout=2025-03-08&dest_id=-390625&dest_type=city&group_adults=2&req_adults=2&no_rooms=1&group_children=0&req_children=0&hpos=4&hapos=305&sr_order=popularity&srpvid=a6ce4e38ac41034b&srepoch=1737803275&all_sr_blocks=1309210701_404281013_5_0_0&highlighted_blocks=1309210701_404281013_5_0_0&matching_block_id=1309210701_404281013_5_0_0&sr_pri_blocks=1309210701_404281013_5_0_0__63000&from=searchresults
INNSiDE by Meliá Madrid Valdebebas,"Hortaleza, Madrid",https://www.booking.com/hotel/es/innside-by-melia-madrid-valdebebas.es.html?label=gen173nr-1FCAEoggI46AdIClgEaEaIAQGYAQq4ARnIAQ_YAQHoAQH4AQKIAgGoAgO4ArL50rwGwAIB0gIkOGZlNzdlZTAtYjM2Ni00NjEwLWJjZDItYjc2NTUzNTkyZGM32AIF4AIB&sid=5ad11202ea9cc1c07c5ed8caaaf11387&aid=304142&ucfs=1&arphpl=1&checkin=2025-03-01&checkout=2025-03-08&dest_id=-390625&dest_type=city&group_adults=2&req_adults=2&no_rooms=1&group_children=0&req_children=0&hpos=5&hapos=306&sr_order=popularity&srpvid=a6ce4e38ac41034b&srepoch=1737803275&all_sr_blocks=1170513002_389607118_2_2_0&highlighted_blocks=1170513002_389607118_2_2_0&matching_block_id=1170513002_389607118_2_2_0&sr_pri_blocks=1170513002_389607118_2_2_0__99500&from=searchresults
Petit Palace Lealtad Plaza,"Retiro, Madrid",https://www.booking.com/hotel/es/petit-palace-lealtad-plaza.es.html?label=gen173nr-1FCAEoggI46AdIClgEaEaIAQGYAQq4ARnIAQ_YAQHoAQH4AQKIAgGoAgO4ArL50rwGwAIB0gIkOGZlNzdlZTAtYjM2Ni00NjEwLWJjZDItYjc2NTUzNTkyZGM32AIF4AIB&sid=5ad11202ea9cc1c07c5ed8caaaf11387&aid=304142&ucfs=1&arphpl=1&checkin=2025-03-01&checkout=2025-03-08&dest_id=-390625&dest_type=city&group_adults=2&req_adults=2&no_rooms=1&group_children=0&req_children=0&hpos=6&hapos=307&sr_order=popularity&srpvid=a6ce4e38ac41034b&srepoch=1737803275&all_sr_blocks=42887809_202717025_4_2_0_182158&highlighted_blocks=42887809_202717025_4_2_0_182158&matching_block_id=42887809_202717025_4_2_0_182158&sr_pri_blocks=42887809_202717025_4_2_0_182158_259987&from=searchresults
Bob W Arte,"Arganzuela, Madrid",https://www.booking.com/hotel/es/bob-w-atocha.es.html?label=gen173nr-1FCAEoggI46AdIClgEaEaIAQGYAQq4ARnIAQ_YAQHoAQH4AQKIAgGoAgO4ArL50rwGwAIB0gIkOGZlNzdlZTAtYjM2Ni00NjEwLWJjZDItYjc2NTUzNTkyZGM32AIF4AIB&sid=5ad11202ea9cc1c07c5ed8caaaf11387&aid=304142&ucfs=1&arphpl=1&checkin=2025-03-01&checkout=2025-03-08&dest_id=-390625&dest_type=city&group_adults=2&req_adults=2&no_rooms=1&group_children=0&req_children=0&hpos=7&hapos=308&sr_order=popularity&srpvid=a6ce4e38ac41034b&srepoch=1737803275&all_sr_blocks=890900304_367709931_0_0_0_709400&highlighted_blocks=890900304_367709931_0_0_0_709400&matching_block_id=890900304_367709931_0_0_0_709400&sr_pri_blocks=890900304_367709931_0_0_0_709400_100800&from=searchresults
Designer Apartment 3,"Chamartín, Madrid",https://www.booking.com/hotel/es/designer-apartment-3.es.html?label=gen173nr-1FCAEoggI46AdIClgEaEaIAQGYAQq4ARnIAQ_YAQHoAQH4AQKIAgGoAgO4ArL50rwGwAIB0gIkOGZlNzdlZTAtYjM2Ni00NjEwLWJjZDItYjc2NTUzNTkyZGM32AIF4AIB&sid=5ad11202ea9cc1c07c5ed8caaaf11387&aid=304142&ucfs=1&arphpl=1&checkin=2025-03-01&checkout=2025-03-08&dest_id=-390625&dest_type=city&group_adults=2&req_adults=2&no_rooms=1&group_children=0&req_children=0&hpos=8&hapos=309&sr_order=popularity&srpvid=a6ce4e38ac41034b&srepoch=1737803275&all_sr_blocks=1310709602_406833101_4_0_0&highlighted_blocks=1310709602_406833101_4_0_0&matching_block_id=1310709602_406833101_4_0_0&sr_pri_blocks=1310709602_406833101_4_0_0__127301&from=searchresults
Hotel Mirador de Chamartín,"Ciudad Lineal, Madrid",https://www.booking.com/hotel/es/husamiradordechamartin.es.html?label=gen173nr-1FCAEoggI46AdIClgEaEaIAQGYAQq4ARnIAQ_YAQHoAQH4AQKIAgGoAgO4ArL50rwGwAIB0gIkOGZlNzdlZTAtYjM2Ni00NjEwLWJjZDItYjc2NTUzNTkyZGM32AIF4AIB&sid=5ad11202ea9cc1c07c5ed8caaaf11387&aid=304142&ucfs=1&arphpl=1&checkin=2025-03-01&checkout=2025-03-08&dest_id=-390625&dest_type=city&group_adults=2&req_adults=2&no_rooms=1&group_children=0&req_children=0&hpos=9&hapos=310&sr_order=popularity&srpvid=a6ce4e38ac41034b&srepoch=1737803275&all_sr_blocks=9189317_88192006_2_1_0&highlighted_blocks=9189317_88192006_2_1_0&matching_block_id=9189317_88192006_2_1_0&sr_pri_blocks=9189317_88192006_2_1_0__91728&from=searchresults
Beautiful apartment with pool and padel - Belfast,"San Blas, Madrid",https://www.booking.com/hotel/es/beautiful-apartment-with-pool-and-padel-belfast.es.html?label=gen173nr-1FCAEoggI46AdIClgEaEaIAQGYAQq4ARnIAQ_YAQHoAQH4AQKIAgGoAgO4ArL50rwGwAIB0gIkOGZlNzdlZTAtYjM2Ni00NjEwLWJjZDItYjc2NTUzNTkyZGM32AIF4AIB&sid=5ad11202ea9cc1c07c5ed8caaaf11387&aid=304142&ucfs=1&arphpl=1&checkin=2025-03-01&checkout=2025-03-08&dest_id=-390625&dest_type=city&group_adults=2&req_adults=2&no_rooms=1&group_children=0&req_children=0&hpos=10&hapos=311&sr_order=popularity&srpvid=a6ce4e38ac41034b&srepoch=1737803275&all_sr_blocks=1240554101_395956303_4_0_0&highlighted_blocks=1240554101_395956303_4_0_0&matching_block_id=1240554101_395956303_4_0_0&sr_pri_blocks=1240554101_395956303_4_0_0__58761&from=searchresults
JL11SD Estudio Chamberi WIFI,"Chamberí, Madrid",https://www.booking.com/hotel/es/jl11sd-estudio-chamberi-wifi.es.html?label=gen173nr-1FCAEoggI46AdIClgEaEaIAQGYAQq4ARnIAQ_YAQHoAQH4AQKIAgGoAgO4ArL50rwGwAIB0gIkOGZlNzdlZTAtYjM2Ni00NjEwLWJjZDItYjc2NTUzNTkyZGM32AIF4AIB&sid=5ad11202ea9cc1c07c5ed8caaaf11387&aid=304142&ucfs=1&arphpl=1&checkin=2025-03-01&checkout=2025-03-08&dest_id=-390625&dest_type=city&group_adults=2&req_adults=2&no_rooms=1&group_children=0&req_children=0&hpos=11&hapos=312&sr_order=popularity&srpvid=a6ce4e38ac41034b&srepoch=1737803275&all_sr_blocks=1199390801_400380521_3_0_0&highlighted_blocks=1199390801_400380521_3_0_0&matching_block_id=1199390801_400380521_3_0_0&sr_pri_blocks=1199390801_400380521_3_0_0__49000&from=searchresults
Hostal Centro Sol Madrid,"Centro de Madrid, Madrid",https://www.booking.com/hotel/es/hostal-centro-sol.es.html?label=gen173nr-1FCAEoggI46AdIClgEaEaIAQGYAQq4ARnIAQ_YAQHoAQH4AQKIAgGoAgO4ArL50rwGwAIB0gIkOGZlNzdlZTAtYjM2Ni00NjEwLWJjZDItYjc2NTUzNTkyZGM32AIF4AIB&sid=5ad11202ea9cc1c07c5ed8caaaf11387&aid=304142&ucfs=1&arphpl=1&checkin=2025-03-01&checkout=2025-03-08&dest_id=-390625&dest_type=city&group_adults=2&req_adults=2&no_rooms=1&group_children=0&req_children=0&hpos=12&hapos=313&sr_order=popularity&srpvid=a6ce4e38ac41034b&srepoch=1737803275&all_sr_blocks=32653201_337599885_0_0_0&highlighted_blocks=32653201_337599885_0_0_0&matching_block_id=32653201_337599885_0_0_0&sr_pri_blocks=32653201_337599885_0_0_0__96600&from=searchresults
OXYGEN HOSTEL Capsula,"Arganzuela, Madrid",https://www.booking.com/hotel/es/oxygen-hostel.es.html?label=gen173nr-1FCAEoggI46AdIClgEaEaIAQGYAQq4ARnIAQ_YAQHoAQH4AQKIAgGoAgO4ArL50rwGwAIB0gIkOGZlNzdlZTAtYjM2Ni00NjEwLWJjZDItYjc2NTUzNTkyZGM32AIF4AIB&sid=5ad11202ea9cc1c07c5ed8caaaf11387&aid=304142&ucfs=1&arphpl=1&checkin=2025-03-01&checkout=2025-03-08&dest_id=-390625&dest_type=city&group_adults=2&req_adults=2&no_rooms=1&group_children=0&req_children=0&hpos=13&hapos=314&sr_order=popularity&srpvid=a6ce4e38ac41034b&srepoch=1737803275&all_sr_blocks=657420702_361352230_0_0_0_390983&highlighted_blocks=657420702_361352230_0_0_0_390983&matching_block_id=657420702_361352230_0_0_0_390983&sr_pri_blocks=657420702_361352230_0_0_0_390983_92820&from=searchresults
Rosewood Villa Magna,"Salamanca, Madrid",https://www.booking.com/hotel/es/villa-magna.es.html?label=gen173nr-1FCAEoggI46AdIClgEaEaIAQGYAQq4ARnIAQ_YAQHoAQH4AQKIAgGoAgO4ArL50rwGwAIB0gIkOGZlNzdlZTAtYjM2Ni00NjEwLWJjZDItYjc2NTUzNTkyZGM32AIF4AIB&sid=5ad11202ea9cc1c07c5ed8caaaf11387&aid=304142&ucfs=1&arphpl=1&checkin=2025-03-01&checkout=2025-03-08&dest_id=-390625&dest_type=city&group_adults=2&req_adults=2&no_rooms=1&group_children=0&req_children=0&hpos=14&hapos=315&sr_order=popularity&srpvid=a6ce4e38ac41034b&srepoch=1737803275&all_sr_blocks=18917105_175204398_2_2_0&highlighted_blocks=18917105_175204398_2_2_0&matching_block_id=18917105_175204398_2_2_0&sr_pri_blocks=18917105_175204398_2_2_0__526350&from=searchresults
Eurostars Casa de la Lírica,"Centro de Madrid, Madrid",https://www.booking.com/hotel/es/maria-elena-palace.es.html?label=gen173nr-1FCAEoggI46AdIClgEaEaIAQGYAQq4ARnIAQ_YAQHoAQH4AQKIAgGoAgO4ArL50rwGwAIB0gIkOGZlNzdlZTAtYjM2Ni00NjEwLWJjZDItYjc2NTUzNTkyZGM32AIF4AIB&sid=5ad11202ea9cc1c07c5ed8caaaf11387&aid=304142&ucfs=1&arphpl=1&checkin=2025-03-01&checkout=2025-03-08&dest_id=-390625&dest_type=city&group_adults=2&req_adults=2&no_rooms=1&group_children=0&req_children=0&hpos=15&hapos=316&sr_order=popularity&srpvid=a6ce4e38ac41034b&srepoch=1737803275&all_sr_blocks=9258708_0_2_0_0&highlighted_blocks=9258708_0_2_0_0&matching_block_id=9258708_0_2_0_0&sr_pri_blocks=9258708_0_2_0_0__130087&from_sustainable_property_sr=1&from=searchresults
"Hospes Puerta de Alcalá, a Member of Design Hotels","Salamanca, Madrid",https://www.booking.com/hotel/es/hospes-madrid.es.html?label=gen173nr-1FCAEoggI46AdIClgEaEaIAQGYAQq4ARnIAQ_YAQHoAQH4AQKIAgGoAgO4ArL50rwGwAIB0gIkOGZlNzdlZTAtYjM2Ni00NjEwLWJjZDItYjc2NTUzNTkyZGM32AIF4AIB&sid=5ad11202ea9cc1c07c5ed8caaaf11387&aid=304142&ucfs=1&arphpl=1&checkin=2025-03-01&checkout=2025-03-08&dest_id=-390625&dest_type=city&group_adults=2&req_adults=2&no_rooms=1&group_children=0&req_children=0&hpos=16&hapos=317&sr_order=popularity&srpvid=a6ce4e38ac41034b&srepoch=1737803275&all_sr_blocks=9395001_327936664_2_42_0_160379&highlighted_blocks=9395001_327936664_2_42_0_160379&matching_block_id=9395001_327936664_2_42_0_160379&sr_pri_blocks=9395001_327936664_2_42_0_160379_219725&from_sustainable_property_sr=1&from=searchresults
BERNABEU/ C.UNIVERSITARIA APARTMENTS,"Tetuán, Madrid",https://www.booking.com/hotel/es/bernabeu-cuniversitaria-apartments.es.html?label=gen173nr-1FCAEoggI46AdIClgEaEaIAQGYAQq4ARnIAQ_YAQHoAQH4AQKIAgGoAgO4ArL50rwGwAIB0gIkOGZlNzdlZTAtYjM2Ni00NjEwLWJjZDItYjc2NTUzNTkyZGM32AIF4AIB&sid=5ad11202ea9cc1c07c5ed8caaaf11387&aid=304142&ucfs=1&arphpl=1&checkin=2025-03-01&checkout=2025-03-08&dest_id=-390625&dest_type=city&group_adults=2&req_adults=2&no_rooms=1&group_children=0&req_children=0&hpos=17&hapos=318&sr_order=popularity&srpvid=a6ce4e38ac41034b&srepoch=1737803275&all_sr_blocks=953242904_367881641_3_0_0&highlighted_blocks=953242904_367881641_3_0_0&matching_block_id=953242904_367881641_3_0_0&sr_pri_blocks=953242904_367881641_3_0_0__111827&from=searchresults
Hostal María Luisa,"Centro de Madrid, Madrid",https://www.booking.com/hotel/es/hostal-maria-luisa.es.html?label=gen173nr-1FCAEoggI46AdIClgEaEaIAQGYAQq4ARnIAQ_YAQHoAQH4AQKIAgGoAgO4ArL50rwGwAIB0gIkOGZlNzdlZTAtYjM2Ni00NjEwLWJjZDItYjc2NTUzNTkyZGM32AIF4AIB&sid=5ad11202ea9cc1c07c5ed8caaaf11387&aid=304142&ucfs=1&arphpl=1&checkin=2025-03-01&checkout=2025-03-08&dest_id=-390625&dest_type=city&group_adults=2&req_adults=2&no_rooms=1&group_children=0&req_children=0&hpos=18&hapos=319&sr_order=popularity&srpvid=a6ce4e38ac41034b&srepoch=1737803275&all_sr_blocks=27289802_88205988_0_0_0&highlighted_blocks=27289802_88205988_0_0_0&matching_block_id=27289802_88205988_0_0_0&sr_pri_blocks=27289802_88205988_0_0_0__74529&from=searchresults
Canillas - Mintystay Apartments,"Chamartín, Madrid",https://www.booking.com/hotel/es/modern-and-bright-1bedroom-1bath-av-de-america.es.html?label=gen173nr-1FCAEoggI46AdIClgEaEaIAQGYAQq4ARnIAQ_YAQHoAQH4AQKIAgGoAgO4ArL50rwGwAIB0gIkOGZlNzdlZTAtYjM2Ni00NjEwLWJjZDItYjc2NTUzNTkyZGM32AIF4AIB&sid=5ad11202ea9cc1c07c5ed8caaaf11387&aid=304142&ucfs=1&arphpl=1&checkin=2025-03-01&checkout=2025-03-08&dest_id=-390625&dest_type=city&group_adults=2&req_adults=2&no_rooms=1&group_children=0&req_children=0&hpos=19&hapos=320&sr_order=popularity&srpvid=a6ce4e38ac41034b&srepoch=1737803275&all_sr_blocks=1206268115_393023754_0_0_0&highlighted_blocks=1206268115_393023754_0_0_0&matching_block_id=1206268115_393023754_0_0_0&sr_pri_blocks=1206268115_393023754_0_0_0__96842&from=searchresults
La Vivienda de Pedro Zerolo,"Centro de Madrid, Madrid",https://www.booking.com/hotel/es/el-escondite-de-zerolo.es.html?label=gen173nr-1FCAEoggI46AdIClgEaEaIAQGYAQq4ARnIAQ_YAQHoAQH4AQKIAgGoAgO4ArL50rwGwAIB0gIkOGZlNzdlZTAtYjM2Ni00NjEwLWJjZDItYjc2NTUzNTkyZGM32AIF4AIB&sid=5ad11202ea9cc1c07c5ed8caaaf11387&aid=304142&ucfs=1&arphpl=1&checkin=2025-03-01&checkout=2025-03-08&dest_id=-390625&dest_type=city&group_adults=2&req_adults=2&no_rooms=1&group_children=0&req_children=0&hpos=20&hapos=321&sr_order=popularity&srpvid=a6ce4e38ac41034b&srepoch=1737803275&all_sr_blocks=651970601_392537051_2_0_0&highlighted_blocks=651970601_392537051_2_0_0&matching_block_id=651970601_392537051_2_0_0&sr_pri_blocks=651970601_392537051_2_0_0__78352&from=searchresults
Estudio acogedor en zona norte,"Tetuán, Madrid",https://www.booking.com/hotel/es/estudio-acogedor-en-zona-norte.es.html?label=gen173nr-1FCAEoggI46AdIClgEaEaIAQGYAQq4ARnIAQ_YAQHoAQH4AQKIAgGoAgO4ArL50rwGwAIB0gIkOGZlNzdlZTAtYjM2Ni00NjEwLWJjZDItYjc2NTUzNTkyZGM32AIF4AIB&sid=5ad11202ea9cc1c07c5ed8caaaf11387&aid=304142&ucfs=1&arphpl=1&checkin=2025-03-01&checkout=2025-03-08&dest_id=-390625&dest_type=city&group_adults=2&req_adults=2&no_rooms=1&group_children=0&req_children=0&hpos=21&hapos=322&sr_order=popularity&srpvid=a6ce4e38ac41034b&srepoch=1737803275&all_sr_blocks=1112964801_384279209_2_0_0&highlighted_blocks=1112964801_384279209_2_0_0&matching_block_id=1112964801_384279209_2_0_0&sr_pri_blocks=1112964801_384279209_2_0_0__69430&from=searchresults
Alcala en Madrid,"Ciudad Lineal, Madrid",https://www.booking.com/hotel/es/alcala-en-madrid.es.html?label=gen173nr-1FCAEoggI46AdIClgEaEaIAQGYAQq4ARnIAQ_YAQHoAQH4AQKIAgGoAgO4ArL50rwGwAIB0gIkOGZlNzdlZTAtYjM2Ni00NjEwLWJjZDItYjc2NTUzNTkyZGM32AIF4AIB&sid=5ad11202ea9cc1c07c5ed8caaaf11387&aid=304142&ucfs=1&arphpl=1&checkin=2025-03-01&checkout=2025-03-08&dest_id=-390625&dest_type=city&group_adults=2&req_adults=2&no_rooms=1&group_children=0&req_children=0&hpos=22&hapos=323&sr_order=popularity&srpvid=a6ce4e38ac41034b&srepoch=1737803275&all_sr_blocks=1261529016_398770479_2_0_0&highlighted_blocks=1261529016_398770479_2_0_0&matching_block_id=1261529016_398770479_2_0_0&sr_pri_blocks=1261529016_398770479_2_0_0__76141&from=searchresults
Avani Alonso Martinez Madrid hotel -previously NH Alonso Martinez,"Chamberí, Madrid",https://www.booking.com/hotel/es/avani-alonso-martinez-madrid-hotel.es.html?label=gen173nr-1FCAEoggI46AdIClgEaEaIAQGYAQq4ARnIAQ_YAQHoAQH4AQKIAgGoAgO4ArL50rwGwAIB0gIkOGZlNzdlZTAtYjM2Ni00NjEwLWJjZDItYjc2NTUzNTkyZGM32AIF4AIB&sid=5ad11202ea9cc1c07c5ed8caaaf11387&aid=304142&ucfs=1&arphpl=1&checkin=2025-03-01&checkout=2025-03-08&dest_id=-390625&dest_type=city&group_adults=2&req_adults=2&no_rooms=1&group_children=0&req_children=0&hpos=23&hapos=324&sr_order=popularity&srpvid=a6ce4e38ac41034b&srepoch=1737803275&all_sr_blocks=9066002_93708894_0_1_0&highlighted_blocks=9066002_93708894_0_1_0&matching_block_id=9066002_93708894_0_1_0&sr_pri_blocks=9066002_93708894_0_1_0__152261&from_sustainable_property_sr=1&from=searchresults
Wonder Apartments,"Centro de Madrid, Madrid",https://www.booking.com/hotel/es/2a-nadal.es.html?label=gen173nr-1FCAEoggI46AdIClgEaEaIAQGYAQq4ARnIAQ_YAQHoAQH4AQKIAgGoAgO4ArL50rwGwAIB0gIkOGZlNzdlZTAtYjM2Ni00NjEwLWJjZDItYjc2NTUzNTkyZGM32AIF4AIB&sid=5ad11202ea9cc1c07c5ed8caaaf11387&aid=304142&ucfs=1&arphpl=1&checkin=2025-03-01&checkout=2025-03-08&dest_id=-390625&dest_type=city&group_adults=2&req_adults=2&no_rooms=1&group_children=0&req_children=0&hpos=24&hapos=325&sr_order=popularity&srpvid=a6ce4e38ac41034b&srepoch=1737803275&all_sr_blocks=659299501_400767632_4_0_0&highlighted_blocks=659299501_400767632_4_0_0&matching_block_id=659299501_400767632_4_0_0&sr_pri_blocks=659299501_400767632_4_0_0__131264&from=searchresults
BLESS Hotel Madrid - The Leading Hotels of the World,"Salamanca, Madrid",https://www.booking.com/hotel/es/bless-hotel-madrid.es.html?label=gen173nr-1FCAEoggI46AdIClgEaEaIAQGYAQq4ARnIAQ_YAQHoAQH4AQKIAgGoAgO4ArL50rwGwAIB0gIkOGZlNzdlZTAtYjM2Ni00NjEwLWJjZDItYjc2NTUzNTkyZGM32AIF4AIB&sid=5ad11202ea9cc1c07c5ed8caaaf11387&aid=304142&ucfs=1&arphpl=1&checkin=2025-03-01&checkout=2025-03-08&dest_id=-390625&dest_type=city&group_adults=2&req_adults=2&no_rooms=1&group_children=0&req_children=0&hpos=1&hapos=326&sr_order=popularity&srpvid=a6ce4e38ac41034b&srepoch=1737803277&all_sr_blocks=9258629_360214064_2_2_0_273705&highlighted_blocks=9258629_360214064_2_2_0_273705&matching_block_id=9258629_360214064_2_2_0_273705&sr_pri_blocks=9258629_360214064_2_2_0_273705_341250&from=searchresults
GuestReady - One fantástic city retreat,"Tetuán, Madrid",https://www.booking.com/hotel/es/guestready-one-fantastic-city-retreat.es.html?label=gen173nr-1FCAEoggI46AdIClgEaEaIAQGYAQq4ARnIAQ_YAQHoAQH4AQKIAgGoAgO4ArL50rwGwAIB0gIkOGZlNzdlZTAtYjM2Ni00NjEwLWJjZDItYjc2NTUzNTkyZGM32AIF4AIB&sid=5ad11202ea9cc1c07c5ed8caaaf11387&aid=304142&ucfs=1&arphpl=1&checkin=2025-03-01&checkout=2025-03-08&dest_id=-390625&dest_type=city&group_adults=2&req_adults=2&no_rooms=1&group_children=0&req_children=0&hpos=2&hapos=327&sr_order=popularity&srpvid=a6ce4e38ac41034b&srepoch=1737803277&all_sr_blocks=1070214101_399621141_5_0_0&highlighted_blocks=1070214101_399621141_5_0_0&matching_block_id=1070214101_399621141_5_0_0&sr_pri_blocks=1070214101_399621141_5_0_0__313048&from=searchresults
Apartamentos Day Madrid SANTO DOMINGO Centro Gran Via Sol Malasaña,"Centro de Madrid, Madrid",https://www.booking.com/hotel/es/apartamento-gran-via-37-gran-via-centro-puerta-sol.es.html?label=gen173nr-1FCAEoggI46AdIClgEaEaIAQGYAQq4ARnIAQ_YAQHoAQH4AQKIAgGoAgO4ArL50rwGwAIB0gIkOGZlNzdlZTAtYjM2Ni00NjEwLWJjZDItYjc2NTUzNTkyZGM32AIF4AIB&sid=5ad11202ea9cc1c07c5ed8caaaf11387&aid=304142&ucfs=1&arphpl=1&checkin=2025-03-01&checkout=2025-03-08&dest_id=-390625&dest_type=city&group_adults=2&req_adults=2&no_rooms=1&group_children=0&req_children=0&hpos=3&hapos=328&sr_order=popularity&srpvid=a6ce4e38ac41034b&srepoch=1737803277&all_sr_blocks=236449202_402769390_11_0_0&highlighted_blocks=236449202_402769390_11_0_0&matching_block_id=236449202_402769390_11_0_0&sr_pri_blocks=236449202_402769390_11_0_0__233487&from=searchresults
Modern Cozy - 1Bedroom 1Bathroom - Lavapies,"Centro de Madrid, Madrid",https://www.booking.com/hotel/es/modern-cozy-1bedroom-1bathroom-lavapies.es.html?label=gen173nr-1FCAEoggI46AdIClgEaEaIAQGYAQq4ARnIAQ_YAQHoAQH4AQKIAgGoAgO4ArL50rwGwAIB0gIkOGZlNzdlZTAtYjM2Ni00NjEwLWJjZDItYjc2NTUzNTkyZGM32AIF4AIB&sid=5ad11202ea9cc1c07c5ed8caaaf11387&aid=304142&ucfs=1&arphpl=1&checkin=2025-03-01&checkout=2025-03-08&dest_id=-390625&dest_type=city&group_adults=2&req_adults=2&no_rooms=1&group_children=0&req_children=0&hpos=4&hapos=329&sr_order=popularity&srpvid=a6ce4e38ac41034b&srepoch=1737803277&all_sr_blocks=1048206102_377438888_2_0_0&highlighted_blocks=1048206102_377438888_2_0_0&matching_block_id=1048206102_377438888_2_0_0&sr_pri_blocks=1048206102_377438888_2_0_0__85515&from=searchresults
The Social Hub Madrid,"Moncloa - Aravaca, Madrid",https://www.booking.com/hotel/es/the-social-hub-madrid.es.html?label=gen173nr-1FCAEoggI46AdIClgEaEaIAQGYAQq4ARnIAQ_YAQHoAQH4AQKIAgGoAgO4ArL50rwGwAIB0gIkOGZlNzdlZTAtYjM2Ni00NjEwLWJjZDItYjc2NTUzNTkyZGM32AIF4AIB&sid=5ad11202ea9cc1c07c5ed8caaaf11387&aid=304142&ucfs=1&arphpl=1&checkin=2025-03-01&checkout=2025-03-08&dest_id=-390625&dest_type=city&group_adults=2&req_adults=2&no_rooms=1&group_children=0&req_children=0&hpos=5&hapos=330&sr_order=popularity&srpvid=a6ce4e38ac41034b&srepoch=1737803277&all_sr_blocks=0_0_2_0_0&highlighted_blocks=0_0_2_0_0&matching_block_id=0_0_2_0_0&sr_pri_blocks=0_0_2_0_0__112986&from=searchresults
Travesia de las Beatas,"Centro de Madrid, Madrid",https://www.booking.com/hotel/es/1-bedroom-1-bathroom-furnished-malasana-comfortable-in-downtown-area-mint-madrid.es.html?label=gen173nr-1FCAEoggI46AdIClgEaEaIAQGYAQq4ARnIAQ_YAQHoAQH4AQKIAgGoAgO4ArL50rwGwAIB0gIkOGZlNzdlZTAtYjM2Ni00NjEwLWJjZDItYjc2NTUzNTkyZGM32AIF4AIB&sid=5ad11202ea9cc1c07c5ed8caaaf11387&aid=304142&ucfs=1&arphpl=1&checkin=2025-03-01&checkout=2025-03-08&dest_id=-390625&dest_type=city&group_adults=2&req_adults=2&no_rooms=1&group_children=0&req_children=0&hpos=6&hapos=331&sr_order=popularity&srpvid=a6ce4e38ac41034b&srepoch=1737803277&all_sr_blocks=837164202_359468658_2_0_0&highlighted_blocks=837164202_359468658_2_0_0&matching_block_id=837164202_359468658_2_0_0&sr_pri_blocks=837164202_359468658_2_0_0__92051&from=searchresults
Cozy apartment - 1Bedroom 1Bath -Cuatro Caminos,"Tetuán, Madrid",https://www.booking.com/hotel/es/cozy-apartment-1bedroom-1bath-cuatro-caminos.es.html?label=gen173nr-1FCAEoggI46AdIClgEaEaIAQGYAQq4ARnIAQ_YAQHoAQH4AQKIAgGoAgO4ArL50rwGwAIB0gIkOGZlNzdlZTAtYjM2Ni00NjEwLWJjZDItYjc2NTUzNTkyZGM32AIF4AIB&sid=5ad11202ea9cc1c07c5ed8caaaf11387&aid=304142&ucfs=1&arphpl=1&checkin=2025-03-01&checkout=2025-03-08&dest_id=-390625&dest_type=city&group_adults=2&req_adults=2&no_rooms=1&group_children=0&req_children=0&hpos=7&hapos=332&sr_order=popularity&srpvid=a6ce4e38ac41034b&srepoch=1737803277&all_sr_blocks=1143959902_387509908_2_0_0&highlighted_blocks=1143959902_387509908_2_0_0&matching_block_id=1143959902_387509908_2_0_0&sr_pri_blocks=1143959902_387509908_2_0_0__82924&from=searchresults
JW Marriott Hotel Madrid,"Centro de Madrid, Madrid",https://www.booking.com/hotel/es/jw-marriott.es.html?label=gen173nr-1FCAEoggI46AdIClgEaEaIAQGYAQq4ARnIAQ_YAQHoAQH4AQKIAgGoAgO4ArL50rwGwAIB0gIkOGZlNzdlZTAtYjM2Ni00NjEwLWJjZDItYjc2NTUzNTkyZGM32AIF4AIB&sid=5ad11202ea9cc1c07c5ed8caaaf11387&aid=304142&ucfs=1&arphpl=1&checkin=2025-03-01&checkout=2025-03-08&dest_id=-390625&dest_type=city&group_adults=2&req_adults=2&no_rooms=1&group_children=0&req_children=0&hpos=8&hapos=333&sr_order=popularity&srpvid=a6ce4e38ac41034b&srepoch=1737803277&all_sr_blocks=9258909_364475170_0_2_0&highlighted_blocks=9258909_364475170_0_2_0&matching_block_id=9258909_364475170_0_2_0&sr_pri_blocks=9258909_364475170_0_2_0__390016&from_sustainable_property_sr=1&from=searchresults
Luxury Apartment in Madrid,"Ciudad Lineal, Madrid",https://www.booking.com/hotel/es/luxury-apartment-in-madrid-madrid6.es.html?label=gen173nr-1FCAEoggI46AdIClgEaEaIAQGYAQq4ARnIAQ_YAQHoAQH4AQKIAgGoAgO4ArL50rwGwAIB0gIkOGZlNzdlZTAtYjM2Ni00NjEwLWJjZDItYjc2NTUzNTkyZGM32AIF4AIB&sid=5ad11202ea9cc1c07c5ed8caaaf11387&aid=304142&ucfs=1&arphpl=1&checkin=2025-03-01&checkout=2025-03-08&dest_id=-390625&dest_type=city&group_adults=2&req_adults=2&no_rooms=1&group_children=0&req_children=0&hpos=9&hapos=334&sr_order=popularity&srpvid=a6ce4e38ac41034b&srepoch=1737803277&all_sr_blocks=1243204802_396231867_4_0_0&highlighted_blocks=1243204802_396231867_4_0_0&matching_block_id=1243204802_396231867_4_0_0&sr_pri_blocks=1243204802_396231867_4_0_0__131686&from=searchresults
DH Estudios Lopez de Hoyos,"Chamartín, Madrid",https://www.booking.com/hotel/es/dh-estudios-lopez-de-hoyos.es.html?label=gen173nr-1FCAEoggI46AdIClgEaEaIAQGYAQq4ARnIAQ_YAQHoAQH4AQKIAgGoAgO4ArL50rwGwAIB0gIkOGZlNzdlZTAtYjM2Ni00NjEwLWJjZDItYjc2NTUzNTkyZGM32AIF4AIB&sid=5ad11202ea9cc1c07c5ed8caaaf11387&aid=304142&ucfs=1&arphpl=1&checkin=2025-03-01&checkout=2025-03-08&dest_id=-390625&dest_type=city&group_adults=2&req_adults=2&no_rooms=1&group_children=0&req_children=0&hpos=10&hapos=335&sr_order=popularity&srpvid=a6ce4e38ac41034b&srepoch=1737803277&all_sr_blocks=1165034701_400155128_2_0_0&highlighted_blocks=1165034701_400155128_2_0_0&matching_block_id=1165034701_400155128_2_0_0&sr_pri_blocks=1165034701_400155128_2_0_0__84699&from=searchresults
Generator Madrid,"Centro de Madrid, Madrid",https://www.booking.com/hotel/es/generator-madrid.es.html?label=gen173nr-1FCAEoggI46AdIClgEaEaIAQGYAQq4ARnIAQ_YAQHoAQH4AQKIAgGoAgO4ArL50rwGwAIB0gIkOGZlNzdlZTAtYjM2Ni00NjEwLWJjZDItYjc2NTUzNTkyZGM32AIF4AIB&sid=5ad11202ea9cc1c07c5ed8caaaf11387&aid=304142&ucfs=1&arphpl=1&checkin=2025-03-01&checkout=2025-03-08&dest_id=-390625&dest_type=city&group_adults=2&req_adults=2&no_rooms=1&group_children=0&req_children=0&hpos=11&hapos=336&sr_order=popularity&srpvid=a6ce4e38ac41034b&srepoch=1737803277&all_sr_blocks=309284430_139595413_0_2_0&highlighted_blocks=309284430_139595413_0_2_0&matching_block_id=309284430_139595413_0_2_0&sr_pri_blocks=309284430_139595413_0_2_0__107125&from_sustainable_property_sr=1&from=searchresults
Santa Cruz,"Centro de Madrid, Madrid",https://www.booking.com/hotel/es/santa-cruz-madrid1.es.html?label=gen173nr-1FCAEoggI46AdIClgEaEaIAQGYAQq4ARnIAQ_YAQHoAQH4AQKIAgGoAgO4ArL50rwGwAIB0gIkOGZlNzdlZTAtYjM2Ni00NjEwLWJjZDItYjc2NTUzNTkyZGM32AIF4AIB&sid=5ad11202ea9cc1c07c5ed8caaaf11387&aid=304142&ucfs=1&arphpl=1&checkin=2025-03-01&checkout=2025-03-08&dest_id=-390625&dest_type=city&group_adults=2&req_adults=2&no_rooms=1&group_children=0&req_children=0&hpos=12&hapos=337&sr_order=popularity&srpvid=a6ce4e38ac41034b&srepoch=1737803277&all_sr_blocks=1099297403_402359631_4_0_0&highlighted_blocks=1099297403_402359631_4_0_0&matching_block_id=1099297403_402359631_4_0_0&sr_pri_blocks=1099297403_402359631_4_0_0__187460&from=searchresults
LOFT DELUXE - MADRID RETIRO,"Retiro, Madrid",https://www.booking.com/hotel/es/loft-deluxe-madrid-retiro.es.html?label=gen173nr-1FCAEoggI46AdIClgEaEaIAQGYAQq4ARnIAQ_YAQHoAQH4AQKIAgGoAgO4ArL50rwGwAIB0gIkOGZlNzdlZTAtYjM2Ni00NjEwLWJjZDItYjc2NTUzNTkyZGM32AIF4AIB&sid=5ad11202ea9cc1c07c5ed8caaaf11387&aid=304142&ucfs=1&arphpl=1&checkin=2025-03-01&checkout=2025-03-08&dest_id=-390625&dest_type=city&group_adults=2&req_adults=2&no_rooms=1&group_children=0&req_children=0&hpos=13&hapos=338&sr_order=popularity&srpvid=a6ce4e38ac41034b&srepoch=1737803277&all_sr_blocks=1153443001_388181423_2_0_0&highlighted_blocks=1153443001_388181423_2_0_0&matching_block_id=1153443001_388181423_2_0_0&sr_pri_blocks=1153443001_388181423_2_0_0__98728&from=searchresults
Modular Rooms,"Centro de Madrid, Madrid",https://www.booking.com/hotel/es/modular-rooms-hotels.es.html?label=gen173nr-1FCAEoggI46AdIClgEaEaIAQGYAQq4ARnIAQ_YAQHoAQH4AQKIAgGoAgO4ArL50rwGwAIB0gIkOGZlNzdlZTAtYjM2Ni00NjEwLWJjZDItYjc2NTUzNTkyZGM32AIF4AIB&sid=5ad11202ea9cc1c07c5ed8caaaf11387&aid=304142&ucfs=1&arphpl=1&checkin=2025-03-01&checkout=2025-03-08&dest_id=-390625&dest_type=city&group_adults=2&req_adults=2&no_rooms=1&group_children=0&req_children=0&hpos=14&hapos=339&sr_order=popularity&srpvid=a6ce4e38ac41034b&srepoch=1737803277&all_sr_blocks=688347311_279537802_0_0_0&highlighted_blocks=688347311_279537802_0_0_0&matching_block_id=688347311_279537802_0_0_0&sr_pri_blocks=688347311_279537802_0_0_0__40156&from=searchresults
Madrisol,"Centro de Madrid, Madrid",https://www.booking.com/hotel/es/madrisol.es.html?label=gen173nr-1FCAEoggI46AdIClgEaEaIAQGYAQq4ARnIAQ_YAQHoAQH4AQKIAgGoAgO4ArL50rwGwAIB0gIkOGZlNzdlZTAtYjM2Ni00NjEwLWJjZDItYjc2NTUzNTkyZGM32AIF4AIB&sid=5ad11202ea9cc1c07c5ed8caaaf11387&aid=304142&ucfs=1&arphpl=1&checkin=2025-03-01&checkout=2025-03-08&dest_id=-390625&dest_type=city&group_adults=2&req_adults=2&no_rooms=1&group_children=0&req_children=0&hpos=15&hapos=340&sr_order=popularity&srpvid=a6ce4e38ac41034b&srepoch=1737803277&all_sr_blocks=17412303_0_2_1_0&highlighted_blocks=17412303_0_2_1_0&matching_block_id=17412303_0_2_1_0&sr_pri_blocks=17412303_0_2_1_0__116094&from=searchresults
Fuencarral Apartments,"Centro de Madrid, Madrid",https://www.booking.com/hotel/es/fuencarral-apartments.es.html?label=gen173nr-1FCAEoggI46AdIClgEaEaIAQGYAQq4ARnIAQ_YAQHoAQH4AQKIAgGoAgO4ArL50rwGwAIB0gIkOGZlNzdlZTAtYjM2Ni00NjEwLWJjZDItYjc2NTUzNTkyZGM32AIF4AIB&sid=5ad11202ea9cc1c07c5ed8caaaf11387&aid=304142&ucfs=1&arphpl=1&checkin=2025-03-01&checkout=2025-03-08&dest_id=-390625&dest_type=city&group_adults=2&req_adults=2&no_rooms=1&group_children=0&req_children=0&hpos=16&hapos=341&sr_order=popularity&srpvid=a6ce4e38ac41034b&srepoch=1737803277&all_sr_blocks=100078105_88506690_2_0_0&highlighted_blocks=100078105_88506690_2_0_0&matching_block_id=100078105_88506690_2_0_0&sr_pri_blocks=100078105_88506690_2_0_0__134045&from=searchresults
Minty Stay - Hortaleza Studio,"Centro de Madrid, Madrid",https://www.booking.com/hotel/es/1-bedroom-1-bathroom-furnished-malasana-cozy-modern-mintystay.es.html?label=gen173nr-1FCAEoggI46AdIClgEaEaIAQGYAQq4ARnIAQ_YAQHoAQH4AQKIAgGoAgO4ArL50rwGwAIB0gIkOGZlNzdlZTAtYjM2Ni00NjEwLWJjZDItYjc2NTUzNTkyZGM32AIF4AIB&sid=5ad11202ea9cc1c07c5ed8caaaf11387&aid=304142&ucfs=1&arphpl=1&checkin=2025-03-01&checkout=2025-03-08&dest_id=-390625&dest_type=city&group_adults=2&req_adults=2&no_rooms=1&group_children=0&req_children=0&hpos=17&hapos=342&sr_order=popularity&srpvid=a6ce4e38ac41034b&srepoch=1737803277&all_sr_blocks=836847302_351305243_2_0_0&highlighted_blocks=836847302_351305243_2_0_0&matching_block_id=836847302_351305243_2_0_0&sr_pri_blocks=836847302_351305243_2_0_0__85280&from=searchresults
Jc Rooms Jardines,"Centro de Madrid, Madrid",https://www.booking.com/hotel/es/jc-rooms-jardines.es.html?label=gen173nr-1FCAEoggI46AdIClgEaEaIAQGYAQq4ARnIAQ_YAQHoAQH4AQKIAgGoAgO4ArL50rwGwAIB0gIkOGZlNzdlZTAtYjM2Ni00NjEwLWJjZDItYjc2NTUzNTkyZGM32AIF4AIB&sid=5ad11202ea9cc1c07c5ed8caaaf11387&aid=304142&ucfs=1&arphpl=1&checkin=2025-03-01&checkout=2025-03-08&dest_id=-390625&dest_type=city&group_adults=2&req_adults=2&no_rooms=1&group_children=0&req_children=0&hpos=18&hapos=343&sr_order=popularity&srpvid=a6ce4e38ac41034b&srepoch=1737803277&all_sr_blocks=352369002_223928041_0_42_0&highlighted_blocks=352369002_223928041_0_42_0&matching_block_id=352369002_223928041_0_42_0&sr_pri_blocks=352369002_223928041_0_42_0__629300&from=searchresults
Rooms Aguacate,"Carabanchel, Madrid",https://www.booking.com/hotel/es/rooms-aguacate.es.html?label=gen173nr-1FCAEoggI46AdIClgEaEaIAQGYAQq4ARnIAQ_YAQHoAQH4AQKIAgGoAgO4ArL50rwGwAIB0gIkOGZlNzdlZTAtYjM2Ni00NjEwLWJjZDItYjc2NTUzNTkyZGM32AIF4AIB&sid=5ad11202ea9cc1c07c5ed8caaaf11387&aid=304142&ucfs=1&arphpl=1&checkin=2025-03-01&checkout=2025-03-08&dest_id=-390625&dest_type=city&group_adults=2&req_adults=2&no_rooms=1&group_children=0&req_children=0&hpos=19&hapos=344&sr_order=popularity&srpvid=a6ce4e38ac41034b&srepoch=1737803277&all_sr_blocks=1275897303_400463861_2_0_0&highlighted_blocks=1275897303_400463861_2_0_0&matching_block_id=1275897303_400463861_2_0_0&sr_pri_blocks=1275897303_400463861_2_0_0__41405&from=searchresults
Rafaelhoteles Atocha,"Arganzuela, Madrid",https://www.booking.com/hotel/es/rafaeltocha.es.html?label=gen173nr-1FCAEoggI46AdIClgEaEaIAQGYAQq4ARnIAQ_YAQHoAQH4AQKIAgGoAgO4ArL50rwGwAIB0gIkOGZlNzdlZTAtYjM2Ni00NjEwLWJjZDItYjc2NTUzNTkyZGM32AIF4AIB&sid=5ad11202ea9cc1c07c5ed8caaaf11387&aid=304142&ucfs=1&arphpl=1&checkin=2025-03-01&checkout=2025-03-08&dest_id=-390625&dest_type=city&group_adults=2&req_adults=2&no_rooms=1&group_children=0&req_children=0&hpos=20&hapos=345&sr_order=popularity&srpvid=a6ce4e38ac41034b&srepoch=1737803277&all_sr_blocks=9029109_91462661_0_2_0&highlighted_blocks=9029109_91462661_0_2_0&matching_block_id=9029109_91462661_0_2_0&sr_pri_blocks=9029109_91462661_0_2_0__113419&from=searchresults
Minty Stay - Paz,"Centro de Madrid, Madrid",https://www.booking.com/hotel/es/calle-paz-4.es.html?label=gen173nr-1FCAEoggI46AdIClgEaEaIAQGYAQq4ARnIAQ_YAQHoAQH4AQKIAgGoAgO4ArL50rwGwAIB0gIkOGZlNzdlZTAtYjM2Ni00NjEwLWJjZDItYjc2NTUzNTkyZGM32AIF4AIB&sid=5ad11202ea9cc1c07c5ed8caaaf11387&aid=304142&ucfs=1&arphpl=1&checkin=2025-03-01&checkout=2025-03-08&dest_id=-390625&dest_type=city&group_adults=2&req_adults=2&no_rooms=1&group_children=0&req_children=0&hpos=21&hapos=346&sr_order=popularity&srpvid=a6ce4e38ac41034b&srepoch=1737803277&all_sr_blocks=387659401_333142829_6_0_0&highlighted_blocks=387659401_333142829_6_0_0&matching_block_id=387659401_333142829_6_0_0&sr_pri_blocks=387659401_333142829_6_0_0__410113&from=searchresults
Good Stay Rooms,"Centro de Madrid, Madrid",https://www.booking.com/hotel/es/jqc-plaza-de-cascorro.es.html?label=gen173nr-1FCAEoggI46AdIClgEaEaIAQGYAQq4ARnIAQ_YAQHoAQH4AQKIAgGoAgO4ArL50rwGwAIB0gIkOGZlNzdlZTAtYjM2Ni00NjEwLWJjZDItYjc2NTUzNTkyZGM32AIF4AIB&sid=5ad11202ea9cc1c07c5ed8caaaf11387&aid=304142&ucfs=1&arphpl=1&checkin=2025-03-01&checkout=2025-03-08&dest_id=-390625&dest_type=city&group_adults=2&req_adults=2&no_rooms=1&group_children=0&req_children=0&hpos=22&hapos=347&sr_order=popularity&srpvid=a6ce4e38ac41034b&srepoch=1737803277&all_sr_blocks=525209002_184379980_0_0_0&highlighted_blocks=525209002_184379980_0_0_0&matching_block_id=525209002_184379980_0_0_0&sr_pri_blocks=525209002_184379980_0_0_0__79000&from=searchresults
Boutique Urban Madrid Serrano,"Salamanca, Madrid",https://www.booking.com/hotel/es/apartamentos-orion.es.html?label=gen173nr-1FCAEoggI46AdIClgEaEaIAQGYAQq4ARnIAQ_YAQHoAQH4AQKIAgGoAgO4ArL50rwGwAIB0gIkOGZlNzdlZTAtYjM2Ni00NjEwLWJjZDItYjc2NTUzNTkyZGM32AIF4AIB&sid=5ad11202ea9cc1c07c5ed8caaaf11387&aid=304142&ucfs=1&arphpl=1&checkin=2025-03-01&checkout=2025-03-08&dest_id=-390625&dest_type=city&group_adults=2&req_adults=2&no_rooms=1&group_children=0&req_children=0&hpos=23&hapos=348&sr_order=popularity&srpvid=a6ce4e38ac41034b&srepoch=1737803277&all_sr_blocks=0_0_2_0_0&highlighted_blocks=0_0_2_0_0&matching_block_id=0_0_2_0_0&sr_pri_blocks=0_0_2_0_0__83002&from=searchresults
Hard Rock Hotel Madrid,"Arganzuela, Madrid",https://www.booking.com/hotel/es/hard-rock-madrid.es.html?label=gen173nr-1FCAEoggI46AdIClgEaEaIAQGYAQq4ARnIAQ_YAQHoAQH4AQKIAgGoAgO4ArL50rwGwAIB0gIkOGZlNzdlZTAtYjM2Ni00NjEwLWJjZDItYjc2NTUzNTkyZGM32AIF4AIB&sid=5ad11202ea9cc1c07c5ed8caaaf11387&aid=304142&ucfs=1&arphpl=1&checkin=2025-03-01&checkout=2025-03-08&dest_id=-390625&dest_type=city&group_adults=2&req_adults=2&no_rooms=1&group_children=0&req_children=0&hpos=24&hapos=349&sr_order=popularity&srpvid=a6ce4e38ac41034b&srepoch=1737803277&all_sr_blocks=702021303_288750425_2_10_0&highlighted_blocks=702021303_288750425_2_10_0&matching_block_id=702021303_288750425_2_10_0&sr_pri_blocks=702021303_288750425_2_10_0__161229&from_sustainable_property_sr=1&from=searchresults
Coco Homes,"Fuencarral - El Pardo, Madrid",https://www.booking.com/hotel/es/coco-homes.es.html?label=gen173nr-1FCAEoggI46AdIClgEaEaIAQGYAQq4ARnIAQ_YAQHoAQH4AQKIAgGoAgO4ArL50rwGwAIB0gIkOGZlNzdlZTAtYjM2Ni00NjEwLWJjZDItYjc2NTUzNTkyZGM32AIF4AIB&sid=5ad11202ea9cc1c07c5ed8caaaf11387&aid=304142&ucfs=1&arphpl=1&checkin=2025-03-01&checkout=2025-03-08&dest_id=-390625&dest_type=city&group_adults=2&req_adults=2&no_rooms=1&group_children=0&req_children=0&hpos=25&hapos=350&sr_order=popularity&srpvid=a6ce4e38ac41034b&srepoch=1737803277&all_sr_blocks=799511701_350327363_2_0_0&highlighted_blocks=799511701_350327363_2_0_0&matching_block_id=799511701_350327363_2_0_0&sr_pri_blocks=799511701_350327363_2_0_0__73688&from=searchresults
IFEMA-Airport. 2 bed. AC,"Hortaleza, Madrid",https://www.booking.com/hotel/es/ifema-airport-2-bed-ac.es.html?label=gen173nr-1FCAEoggI46AdIClgEaEaIAQGYAQq4ARnIAQ_YAQHoAQH4AQKIAgGoAgO4ArL50rwGwAIB0gIkOGZlNzdlZTAtYjM2Ni00NjEwLWJjZDItYjc2NTUzNTkyZGM32AIF4AIB&sid=5ad11202ea9cc1c07c5ed8caaaf11387&aid=304142&ucfs=1&arphpl=1&checkin=2025-03-01&checkout=2025-03-08&dest_id=-390625&dest_type=city&group_adults=2&req_adults=2&no_rooms=1&group_children=0&req_children=0&hpos=1&hapos=351&sr_order=popularity&srpvid=a6ce4e38ac41034b&srepoch=1737803279&all_sr_blocks=1080599601_402217560_4_0_0&highlighted_blocks=1080599601_402217560_4_0_0&matching_block_id=1080599601_402217560_4_0_0&sr_pri_blocks=1080599601_402217560_4_0_0__95909&from=searchresults
"Santo Mauro, a Luxury Collection Hotel, Madrid","Chamberí, Madrid",https://www.booking.com/hotel/es/acsantomauro.es.html?label=gen173nr-1FCAEoggI46AdIClgEaEaIAQGYAQq4ARnIAQ_YAQHoAQH4AQKIAgGoAgO4ArL50rwGwAIB0gIkOGZlNzdlZTAtYjM2Ni00NjEwLWJjZDItYjc2NTUzNTkyZGM32AIF4AIB&sid=5ad11202ea9cc1c07c5ed8caaaf11387&aid=304142&ucfs=1&arphpl=1&checkin=2025-03-01&checkout=2025-03-08&dest_id=-390625&dest_type=city&group_adults=2&req_adults=2&no_rooms=1&group_children=0&req_children=0&hpos=2&hapos=352&sr_order=popularity&srpvid=a6ce4e38ac41034b&srepoch=1737803279&all_sr_blocks=9130417_274565079_0_2_0&highlighted_blocks=9130417_274565079_0_2_0&matching_block_id=9130417_274565079_0_2_0&sr_pri_blocks=9130417_274565079_0_2_0__568645&from=searchresults
Central Cozy -1Bedroom 1Bath -Anton Martin,"Centro de Madrid, Madrid",https://www.booking.com/hotel/es/central-cozy-1bedroom-1bath-anton-martin.es.html?label=gen173nr-1FCAEoggI46AdIClgEaEaIAQGYAQq4ARnIAQ_YAQHoAQH4AQKIAgGoAgO4ArL50rwGwAIB0gIkOGZlNzdlZTAtYjM2Ni00NjEwLWJjZDItYjc2NTUzNTkyZGM32AIF4AIB&sid=5ad11202ea9cc1c07c5ed8caaaf11387&aid=304142&ucfs=1&arphpl=1&checkin=2025-03-01&checkout=2025-03-08&dest_id=-390625&dest_type=city&group_adults=2&req_adults=2&no_rooms=1&group_children=0&req_children=0&hpos=3&hapos=353&sr_order=popularity&srpvid=a6ce4e38ac41034b&srepoch=1737803279&all_sr_blocks=1292747902_402349777_2_0_0&highlighted_blocks=1292747902_402349777_2_0_0&matching_block_id=1292747902_402349777_2_0_0&sr_pri_blocks=1292747902_402349777_2_0_0__83008&from=searchresults
BYPILLOW Crosstown,"Centro de Madrid, Madrid",https://www.booking.com/hotel/es/crosstown-by-pillow.es.html?label=gen173nr-1FCAEoggI46AdIClgEaEaIAQGYAQq4ARnIAQ_YAQHoAQH4AQKIAgGoAgO4ArL50rwGwAIB0gIkOGZlNzdlZTAtYjM2Ni00NjEwLWJjZDItYjc2NTUzNTkyZGM32AIF4AIB&sid=5ad11202ea9cc1c07c5ed8caaaf11387&aid=304142&ucfs=1&arphpl=1&checkin=2025-03-01&checkout=2025-03-08&dest_id=-390625&dest_type=city&group_adults=2&req_adults=2&no_rooms=1&group_children=0&req_children=0&hpos=4&hapos=354&sr_order=popularity&srpvid=a6ce4e38ac41034b&srepoch=1737803279&all_sr_blocks=966209603_369110527_0_0_0&highlighted_blocks=966209603_369110527_0_0_0&matching_block_id=966209603_369110527_0_0_0&sr_pri_blocks=966209603_369110527_0_0_0__131220&from=searchresults
NH Madrid Lagasca,"Salamanca, Madrid",https://www.booking.com/hotel/es/nhlagasca.es.html?label=gen173nr-1FCAEoggI46AdIClgEaEaIAQGYAQq4ARnIAQ_YAQHoAQH4AQKIAgGoAgO4ArL50rwGwAIB0gIkOGZlNzdlZTAtYjM2Ni00NjEwLWJjZDItYjc2NTUzNTkyZGM32AIF4AIB&sid=5ad11202ea9cc1c07c5ed8caaaf11387&aid=304142&ucfs=1&arphpl=1&checkin=2025-03-01&checkout=2025-03-08&dest_id=-390625&dest_type=city&group_adults=2&req_adults=2&no_rooms=1&group_children=0&req_children=0&hpos=5&hapos=355&sr_order=popularity&srpvid=a6ce4e38ac41034b&srepoch=1737803279&all_sr_blocks=9067602_93708920_0_2_0&highlighted_blocks=9067602_93708920_0_2_0&matching_block_id=9067602_93708920_0_2_0&sr_pri_blocks=9067602_93708920_0_2_0__151150&from_sustainable_property_sr=1&from=searchresults
Apartamentos con jacuzzi,"Centro de Madrid, Madrid",https://www.booking.com/hotel/es/oshun-wonderfull-apartment-tematic-in-gran-via.es.html?label=gen173nr-1FCAEoggI46AdIClgEaEaIAQGYAQq4ARnIAQ_YAQHoAQH4AQKIAgGoAgO4ArL50rwGwAIB0gIkOGZlNzdlZTAtYjM2Ni00NjEwLWJjZDItYjc2NTUzNTkyZGM32AIF4AIB&sid=5ad11202ea9cc1c07c5ed8caaaf11387&aid=304142&ucfs=1&arphpl=1&checkin=2025-03-01&checkout=2025-03-08&dest_id=-390625&dest_type=city&group_adults=2&req_adults=2&no_rooms=1&group_children=0&req_children=0&hpos=6&hapos=356&sr_order=popularity&srpvid=a6ce4e38ac41034b&srepoch=1737803279&all_sr_blocks=763608602_333435606_2_2_0&highlighted_blocks=763608602_333435606_2_2_0&matching_block_id=763608602_333435606_2_2_0&sr_pri_blocks=763608602_333435606_2_2_0__112943&from=searchresults
Siete Monos,"Centro de Madrid, Madrid",https://www.booking.com/hotel/es/siete-monos.es.html?label=gen173nr-1FCAEoggI46AdIClgEaEaIAQGYAQq4ARnIAQ_YAQHoAQH4AQKIAgGoAgO4ArL50rwGwAIB0gIkOGZlNzdlZTAtYjM2Ni00NjEwLWJjZDItYjc2NTUzNTkyZGM32AIF4AIB&sid=5ad11202ea9cc1c07c5ed8caaaf11387&aid=304142&ucfs=1&arphpl=1&checkin=2025-03-01&checkout=2025-03-08&dest_id=-390625&dest_type=city&group_adults=2&req_adults=2&no_rooms=1&group_children=0&req_children=0&hpos=7&hapos=357&sr_order=popularity&srpvid=a6ce4e38ac41034b&srepoch=1737803279&all_sr_blocks=995131702_382579216_2_0_0&highlighted_blocks=995131702_382579216_2_0_0&matching_block_id=995131702_382579216_2_0_0&sr_pri_blocks=995131702_382579216_2_0_0__111539&from=searchresults
Rubik en Madrid,"Ciudad Lineal, Madrid",https://www.booking.com/hotel/es/mit-house-rubik-en-madrid-madrid.es.html?label=gen173nr-1FCAEoggI46AdIClgEaEaIAQGYAQq4ARnIAQ_YAQHoAQH4AQKIAgGoAgO4ArL50rwGwAIB0gIkOGZlNzdlZTAtYjM2Ni00NjEwLWJjZDItYjc2NTUzNTkyZGM32AIF4AIB&sid=5ad11202ea9cc1c07c5ed8caaaf11387&aid=304142&ucfs=1&arphpl=1&checkin=2025-03-01&checkout=2025-03-08&dest_id=-390625&dest_type=city&group_adults=2&req_adults=2&no_rooms=1&group_children=0&req_children=0&hpos=8&hapos=358&sr_order=popularity&srpvid=a6ce4e38ac41034b&srepoch=1737803279&all_sr_blocks=935755010_365707926_2_0_0&highlighted_blocks=935755010_365707926_2_0_0&matching_block_id=935755010_365707926_2_0_0&sr_pri_blocks=935755010_365707926_2_0_0__82766&from=searchresults
NH Collection Madrid Colón,"Salamanca, Madrid",https://www.booking.com/hotel/es/nh-collection-madrid-colon.es.html?label=gen173nr-1FCAEoggI46AdIClgEaEaIAQGYAQq4ARnIAQ_YAQHoAQH4AQKIAgGoAgO4ArL50rwGwAIB0gIkOGZlNzdlZTAtYjM2Ni00NjEwLWJjZDItYjc2NTUzNTkyZGM32AIF4AIB&sid=5ad11202ea9cc1c07c5ed8caaaf11387&aid=304142&ucfs=1&arphpl=1&checkin=2025-03-01&checkout=2025-03-08&dest_id=-390625&dest_type=city&group_adults=2&req_adults=2&no_rooms=1&group_children=0&req_children=0&hpos=9&hapos=359&sr_order=popularity&srpvid=a6ce4e38ac41034b&srepoch=1737803279&all_sr_blocks=9037604_93708829_0_2_0&highlighted_blocks=9037604_93708829_0_2_0&matching_block_id=9037604_93708829_0_2_0&sr_pri_blocks=9037604_93708829_0_2_0__179501&from_sustainable_property_sr=1&from=searchresults
Minty Stay - Hortaleza,"Centro de Madrid, Madrid",https://www.booking.com/hotel/es/1-bedroom-1-bathroom-furnished-malasana-cozy-functional-mintystay.es.html?label=gen173nr-1FCAEoggI46AdIClgEaEaIAQGYAQq4ARnIAQ_YAQHoAQH4AQKIAgGoAgO4ArL50rwGwAIB0gIkOGZlNzdlZTAtYjM2Ni00NjEwLWJjZDItYjc2NTUzNTkyZGM32AIF4AIB&sid=5ad11202ea9cc1c07c5ed8caaaf11387&aid=304142&ucfs=1&arphpl=1&checkin=2025-03-01&checkout=2025-03-08&dest_id=-390625&dest_type=city&group_adults=2&req_adults=2&no_rooms=1&group_children=0&req_children=0&hpos=10&hapos=360&sr_order=popularity&srpvid=a6ce4e38ac41034b&srepoch=1737803279&all_sr_blocks=836846902_351305887_2_0_0&highlighted_blocks=836846902_351305887_2_0_0&matching_block_id=836846902_351305887_2_0_0&sr_pri_blocks=836846902_351305887_2_0_0__82923&from=searchresults
Grand Latina Apartment,"Centro de Madrid, Madrid",https://www.booking.com/hotel/es/grand-latina-apartment.es.html?label=gen173nr-1FCAEoggI46AdIClgEaEaIAQGYAQq4ARnIAQ_YAQHoAQH4AQKIAgGoAgO4ArL50rwGwAIB0gIkOGZlNzdlZTAtYjM2Ni00NjEwLWJjZDItYjc2NTUzNTkyZGM32AIF4AIB&sid=5ad11202ea9cc1c07c5ed8caaaf11387&aid=304142&ucfs=1&arphpl=1&checkin=2025-03-01&checkout=2025-03-08&dest_id=-390625&dest_type=city&group_adults=2&req_adults=2&no_rooms=1&group_children=0&req_children=0&hpos=11&hapos=361&sr_order=popularity&srpvid=a6ce4e38ac41034b&srepoch=1737803279&all_sr_blocks=119577801_376238205_10_0_0&highlighted_blocks=119577801_376238205_10_0_0&matching_block_id=119577801_376238205_10_0_0&sr_pri_blocks=119577801_376238205_10_0_0__1639000&from=searchresults
Charming Puerta de Toledo VII - Estancias Temporales,"Arganzuela, Madrid",https://www.booking.com/hotel/es/charming-puerta-de-toledo-vii-estancias-temporales.es.html?label=gen173nr-1FCAEoggI46AdIClgEaEaIAQGYAQq4ARnIAQ_YAQHoAQH4AQKIAgGoAgO4ArL50rwGwAIB0gIkOGZlNzdlZTAtYjM2Ni00NjEwLWJjZDItYjc2NTUzNTkyZGM32AIF4AIB&sid=5ad11202ea9cc1c07c5ed8caaaf11387&aid=304142&ucfs=1&arphpl=1&checkin=2025-03-01&checkout=2025-03-08&dest_id=-390625&dest_type=city&group_adults=2&req_adults=2&no_rooms=1&group_children=0&req_children=0&hpos=12&hapos=362&sr_order=popularity&srpvid=a6ce4e38ac41034b&srepoch=1737803279&all_sr_blocks=1095258501_382434739_2_0_0&highlighted_blocks=1095258501_382434739_2_0_0&matching_block_id=1095258501_382434739_2_0_0&sr_pri_blocks=1095258501_382434739_2_0_0__101371&from=searchresults
Modern studio-1Bathroom-Chueca,"Centro de Madrid, Madrid",https://www.booking.com/hotel/es/modern-studio-1bathroom-chueca.es.html?label=gen173nr-1FCAEoggI46AdIClgEaEaIAQGYAQq4ARnIAQ_YAQHoAQH4AQKIAgGoAgO4ArL50rwGwAIB0gIkOGZlNzdlZTAtYjM2Ni00NjEwLWJjZDItYjc2NTUzNTkyZGM32AIF4AIB&sid=5ad11202ea9cc1c07c5ed8caaaf11387&aid=304142&ucfs=1&arphpl=1&checkin=2025-03-01&checkout=2025-03-08&dest_id=-390625&dest_type=city&group_adults=2&req_adults=2&no_rooms=1&group_children=0&req_children=0&hpos=13&hapos=363&sr_order=popularity&srpvid=a6ce4e38ac41034b&srepoch=1737803279&all_sr_blocks=1171561702_390051729_2_0_0&highlighted_blocks=1171561702_390051729_2_0_0&matching_block_id=1171561702_390051729_2_0_0&sr_pri_blocks=1171561702_390051729_2_0_0__84894&from=searchresults
NH Madrid Las Tablas,"Fuencarral - El Pardo, Madrid",https://www.booking.com/hotel/es/tablas.es.html?label=gen173nr-1FCAEoggI46AdIClgEaEaIAQGYAQq4ARnIAQ_YAQHoAQH4AQKIAgGoAgO4ArL50rwGwAIB0gIkOGZlNzdlZTAtYjM2Ni00NjEwLWJjZDItYjc2NTUzNTkyZGM32AIF4AIB&sid=5ad11202ea9cc1c07c5ed8caaaf11387&aid=304142&ucfs=1&arphpl=1&checkin=2025-03-01&checkout=2025-03-08&dest_id=-390625&dest_type=city&group_adults=2&req_adults=2&no_rooms=1&group_children=0&req_children=0&hpos=14&hapos=364&sr_order=popularity&srpvid=a6ce4e38ac41034b&srepoch=1737803279&all_sr_blocks=1877601_95143616_0_2_0&highlighted_blocks=1877601_95143616_0_2_0&matching_block_id=1877601_95143616_0_2_0&sr_pri_blocks=1877601_95143616_0_2_0__91800&from_sustainable_property_sr=1&from=searchresults
Charming Central Madrid Loft,"Centro de Madrid, Madrid",https://www.booking.com/hotel/es/charming-central-madrid-loft.es.html?label=gen173nr-1FCAEoggI46AdIClgEaEaIAQGYAQq4ARnIAQ_YAQHoAQH4AQKIAgGoAgO4ArL50rwGwAIB0gIkOGZlNzdlZTAtYjM2Ni00NjEwLWJjZDItYjc2NTUzNTkyZGM32AIF4AIB&sid=5ad11202ea9cc1c07c5ed8caaaf11387&aid=304142&ucfs=1&arphpl=1&checkin=2025-03-01&checkout=2025-03-08&dest_id=-390625&dest_type=city&group_adults=2&req_adults=2&no_rooms=1&group_children=0&req_children=0&hpos=15&hapos=365&sr_order=popularity&srpvid=a6ce4e38ac41034b&srepoch=1737803279&all_sr_blocks=1220073801_394228642_2_0_0&highlighted_blocks=1220073801_394228642_2_0_0&matching_block_id=1220073801_394228642_2_0_0&sr_pri_blocks=1220073801_394228642_2_0_0__80024&from=searchresults
Bright- 1Bd 1Bth furnished - Sol,"Centro de Madrid, Madrid",https://www.booking.com/hotel/es/1-bedroom-1-bathroom-furnished-sol-bright-largue-mintystay.es.html?label=gen173nr-1FCAEoggI46AdIClgEaEaIAQGYAQq4ARnIAQ_YAQHoAQH4AQKIAgGoAgO4ArL50rwGwAIB0gIkOGZlNzdlZTAtYjM2Ni00NjEwLWJjZDItYjc2NTUzNTkyZGM32AIF4AIB&sid=5ad11202ea9cc1c07c5ed8caaaf11387&aid=304142&ucfs=1&arphpl=1&checkin=2025-03-01&checkout=2025-03-08&dest_id=-390625&dest_type=city&group_adults=2&req_adults=2&no_rooms=1&group_children=0&req_children=0&hpos=16&hapos=366&sr_order=popularity&srpvid=a6ce4e38ac41034b&srepoch=1737803279&all_sr_blocks=1139468502_387067362_2_0_0&highlighted_blocks=1139468502_387067362_2_0_0&matching_block_id=1139468502_387067362_2_0_0&sr_pri_blocks=1139468502_387067362_2_0_0__119106&from=searchresults
NH Madrid Atocha,"Retiro, Madrid",https://www.booking.com/hotel/es/nh-madrid-atocha.es.html?label=gen173nr-1FCAEoggI46AdIClgEaEaIAQGYAQq4ARnIAQ_YAQHoAQH4AQKIAgGoAgO4ArL50rwGwAIB0gIkOGZlNzdlZTAtYjM2Ni00NjEwLWJjZDItYjc2NTUzNTkyZGM32AIF4AIB&sid=5ad11202ea9cc1c07c5ed8caaaf11387&aid=304142&ucfs=1&arphpl=1&checkin=2025-03-01&checkout=2025-03-08&dest_id=-390625&dest_type=city&group_adults=2&req_adults=2&no_rooms=1&group_children=0&req_children=0&hpos=17&hapos=367&sr_order=popularity&srpvid=a6ce4e38ac41034b&srepoch=1737803279&all_sr_blocks=9045103_93708841_0_2_0&highlighted_blocks=9045103_93708841_0_2_0&matching_block_id=9045103_93708841_0_2_0&sr_pri_blocks=9045103_93708841_0_2_0__140952&from_sustainable_property_sr=1&from=searchresults
MyHouseSpain - Acogedor estudio en Madrid,"Centro de Madrid, Madrid",https://www.booking.com/hotel/es/myhousespain-acogedor-estudio-en-madrid.es.html?label=gen173nr-1FCAEoggI46AdIClgEaEaIAQGYAQq4ARnIAQ_YAQHoAQH4AQKIAgGoAgO4ArL50rwGwAIB0gIkOGZlNzdlZTAtYjM2Ni00NjEwLWJjZDItYjc2NTUzNTkyZGM32AIF4AIB&sid=5ad11202ea9cc1c07c5ed8caaaf11387&aid=304142&ucfs=1&arphpl=1&checkin=2025-03-01&checkout=2025-03-08&dest_id=-390625&dest_type=city&group_adults=2&req_adults=2&no_rooms=1&group_children=0&req_children=0&hpos=18&hapos=368&sr_order=popularity&srpvid=a6ce4e38ac41034b&srepoch=1737803279&all_sr_blocks=1346500601_407004453_3_0_0&highlighted_blocks=1346500601_407004453_3_0_0&matching_block_id=1346500601_407004453_3_0_0&sr_pri_blocks=1346500601_407004453_3_0_0__78347&from=searchresults
Apartment IFEMA-Airport,"Hortaleza, Madrid",https://www.booking.com/hotel/es/apartment-ifema-airport.es.html?label=gen173nr-1FCAEoggI46AdIClgEaEaIAQGYAQq4ARnIAQ_YAQHoAQH4AQKIAgGoAgO4ArL50rwGwAIB0gIkOGZlNzdlZTAtYjM2Ni00NjEwLWJjZDItYjc2NTUzNTkyZGM32AIF4AIB&sid=5ad11202ea9cc1c07c5ed8caaaf11387&aid=304142&ucfs=1&arphpl=1&checkin=2025-03-01&checkout=2025-03-08&dest_id=-390625&dest_type=city&group_adults=2&req_adults=2&no_rooms=1&group_children=0&req_children=0&hpos=19&hapos=369&sr_order=popularity&srpvid=a6ce4e38ac41034b&srepoch=1737803279&all_sr_blocks=422222402_179427390_2_0_0&highlighted_blocks=422222402_179427390_2_0_0&matching_block_id=422222402_179427390_2_0_0&sr_pri_blocks=422222402_179427390_2_0_0__74889&from=searchresults
Hotel Crowne Plaza Madrid Airport,"San Blas, Madrid",https://www.booking.com/hotel/es/crowne-plaza-madrid-airport.es.html?label=gen173nr-1FCAEoggI46AdIClgEaEaIAQGYAQq4ARnIAQ_YAQHoAQH4AQKIAgGoAgO4ArL50rwGwAIB0gIkOGZlNzdlZTAtYjM2Ni00NjEwLWJjZDItYjc2NTUzNTkyZGM32AIF4AIB&sid=5ad11202ea9cc1c07c5ed8caaaf11387&aid=304142&ucfs=1&arphpl=1&checkin=2025-03-01&checkout=2025-03-08&dest_id=-390625&dest_type=city&group_adults=2&req_adults=2&no_rooms=1&group_children=0&req_children=0&hpos=20&hapos=370&sr_order=popularity&srpvid=a6ce4e38ac41034b&srepoch=1737803279&all_sr_blocks=27698511_94387809_2_34_0&highlighted_blocks=27698511_94387809_2_34_0&matching_block_id=27698511_94387809_2_34_0&sr_pri_blocks=27698511_94387809_2_34_0__84400&from=searchresults
Puerto De la Cruz,"Fuencarral - El Pardo, Madrid",https://www.booking.com/hotel/es/puerto-de-la-cruz.es.html?label=gen173nr-1FCAEoggI46AdIClgEaEaIAQGYAQq4ARnIAQ_YAQHoAQH4AQKIAgGoAgO4ArL50rwGwAIB0gIkOGZlNzdlZTAtYjM2Ni00NjEwLWJjZDItYjc2NTUzNTkyZGM32AIF4AIB&sid=5ad11202ea9cc1c07c5ed8caaaf11387&aid=304142&ucfs=1&arphpl=1&checkin=2025-03-01&checkout=2025-03-08&dest_id=-390625&dest_type=city&group_adults=2&req_adults=2&no_rooms=1&group_children=0&req_children=0&hpos=21&hapos=371&sr_order=popularity&srpvid=a6ce4e38ac41034b&srepoch=1737803279&all_sr_blocks=269591401_350323193_4_0_0&highlighted_blocks=269591401_350323193_4_0_0&matching_block_id=269591401_350323193_4_0_0&sr_pri_blocks=269591401_350323193_4_0_0__87957&from=searchresults
Avenida America en Madrid Capital,"Salamanca, Madrid",https://www.booking.com/hotel/es/mit-house-avenida-america-en-madrid-capital.es.html?label=gen173nr-1FCAEoggI46AdIClgEaEaIAQGYAQq4ARnIAQ_YAQHoAQH4AQKIAgGoAgO4ArL50rwGwAIB0gIkOGZlNzdlZTAtYjM2Ni00NjEwLWJjZDItYjc2NTUzNTkyZGM32AIF4AIB&sid=5ad11202ea9cc1c07c5ed8caaaf11387&aid=304142&ucfs=1&arphpl=1&checkin=2025-03-01&checkout=2025-03-08&dest_id=-390625&dest_type=city&group_adults=2&req_adults=2&no_rooms=1&group_children=0&req_children=0&hpos=22&hapos=372&sr_order=popularity&srpvid=a6ce4e38ac41034b&srepoch=1737803279&all_sr_blocks=725932009_349518223_2_0_0&highlighted_blocks=725932009_349518223_2_0_0&matching_block_id=725932009_349518223_2_0_0&sr_pri_blocks=725932009_349518223_2_0_0__93230&from=searchresults
Cituspace Sandoval,"Chamberí, Madrid",https://www.booking.com/hotel/es/apartamentos-sandoval.es.html?label=gen173nr-1FCAEoggI46AdIClgEaEaIAQGYAQq4ARnIAQ_YAQHoAQH4AQKIAgGoAgO4ArL50rwGwAIB0gIkOGZlNzdlZTAtYjM2Ni00NjEwLWJjZDItYjc2NTUzNTkyZGM32AIF4AIB&sid=5ad11202ea9cc1c07c5ed8caaaf11387&aid=304142&ucfs=1&arphpl=1&checkin=2025-03-01&checkout=2025-03-08&dest_id=-390625&dest_type=city&group_adults=2&req_adults=2&no_rooms=1&group_children=0&req_children=0&hpos=23&hapos=373&sr_order=popularity&srpvid=a6ce4e38ac41034b&srepoch=1737803279&all_sr_blocks=48500901_88501335_2_0_0&highlighted_blocks=48500901_88501335_2_0_0&matching_block_id=48500901_88501335_2_0_0&sr_pri_blocks=48500901_88501335_2_0_0__117718&from=searchresults
Hostal Art Madrid,"Centro de Madrid, Madrid",https://www.booking.com/hotel/es/art-madrid-hostal.es.html?label=gen173nr-1FCAEoggI46AdIClgEaEaIAQGYAQq4ARnIAQ_YAQHoAQH4AQKIAgGoAgO4ArL50rwGwAIB0gIkOGZlNzdlZTAtYjM2Ni00NjEwLWJjZDItYjc2NTUzNTkyZGM32AIF4AIB&sid=5ad11202ea9cc1c07c5ed8caaaf11387&aid=304142&ucfs=1&arphpl=1&checkin=2025-03-01&checkout=2025-03-08&dest_id=-390625&dest_type=city&group_adults=2&req_adults=2&no_rooms=1&group_children=0&req_children=0&hpos=24&hapos=374&sr_order=popularity&srpvid=a6ce4e38ac41034b&srepoch=1737803279&all_sr_blocks=25535509_88205403_2_0_0_655175&highlighted_blocks=25535509_88205403_2_0_0_655175&matching_block_id=25535509_88205403_2_0_0_655175&sr_pri_blocks=25535509_88205403_2_0_0_655175_107027&from=searchresults
Boutique Urban Madrid Génova,"Chamberí, Madrid",https://www.booking.com/hotel/es/apartamentos-andromeda.es.html?label=gen173nr-1FCAEoggI46AdIClgEaEaIAQGYAQq4ARnIAQ_YAQHoAQH4AQKIAgGoAgO4ArL50rwGwAIB0gIkOGZlNzdlZTAtYjM2Ni00NjEwLWJjZDItYjc2NTUzNTkyZGM32AIF4AIB&sid=5ad11202ea9cc1c07c5ed8caaaf11387&aid=304142&ucfs=1&arphpl=1&checkin=2025-03-01&checkout=2025-03-08&dest_id=-390625&dest_type=city&group_adults=2&req_adults=2&no_rooms=1&group_children=0&req_children=0&hpos=25&hapos=375&sr_order=popularity&srpvid=a6ce4e38ac41034b&srepoch=1737803279&all_sr_blocks=4993602_88181230_0_2_0_417769&highlighted_blocks=4993602_88181230_0_2_0_417769&matching_block_id=4993602_88181230_0_2_0_417769&sr_pri_blocks=4993602_88181230_0_2_0_417769_84959&from=searchresults
Smartr Madrid Gran Via 47,"Centro de Madrid, Madrid",https://www.booking.com/hotel/es/smartrental-gran-via-47.es.html?label=gen173nr-1FCAEoggI46AdIClgEaEaIAQGYAQq4ARnIAQ_YAQHoAQH4AQKIAgGoAgO4ArL50rwGwAIB0gIkOGZlNzdlZTAtYjM2Ni00NjEwLWJjZDItYjc2NTUzNTkyZGM32AIF4AIB&sid=5ad11202ea9cc1c07c5ed8caaaf11387&aid=304142&ucfs=1&arphpl=1&checkin=2025-03-01&checkout=2025-03-08&dest_id=-390625&dest_type=city&group_adults=2&req_adults=2&no_rooms=1&group_children=0&req_children=0&hpos=1&hapos=376&sr_order=popularity&srpvid=a6ce4e38ac41034b&srepoch=1737803280&all_sr_blocks=623365009_242818836_2_2_0&highlighted_blocks=623365009_242818836_2_2_0&matching_block_id=623365009_242818836_2_2_0&sr_pri_blocks=623365009_242818836_2_2_0__117658&from=searchresults
MAD Apartments by Olala Homes,"Puente de Vallecas, Madrid",https://www.booking.com/hotel/es/olala-mad-apartments.es.html?label=gen173nr-1FCAEoggI46AdIClgEaEaIAQGYAQq4ARnIAQ_YAQHoAQH4AQKIAgGoAgO4ArL50rwGwAIB0gIkOGZlNzdlZTAtYjM2Ni00NjEwLWJjZDItYjc2NTUzNTkyZGM32AIF4AIB&sid=5ad11202ea9cc1c07c5ed8caaaf11387&aid=304142&ucfs=1&arphpl=1&checkin=2025-03-01&checkout=2025-03-08&dest_id=-390625&dest_type=city&group_adults=2&req_adults=2&no_rooms=1&group_children=0&req_children=0&hpos=2&hapos=377&sr_order=popularity&srpvid=a6ce4e38ac41034b&srepoch=1737803280&all_sr_blocks=456997904_372436881_2_0_0&highlighted_blocks=456997904_372436881_2_0_0&matching_block_id=456997904_372436881_2_0_0&sr_pri_blocks=456997904_372436881_2_0_0__108731&from=searchresults
Pensión Carrera,"Centro de Madrid, Madrid",https://www.booking.com/hotel/es/pension-carrera.es.html?label=gen173nr-1FCAEoggI46AdIClgEaEaIAQGYAQq4ARnIAQ_YAQHoAQH4AQKIAgGoAgO4ArL50rwGwAIB0gIkOGZlNzdlZTAtYjM2Ni00NjEwLWJjZDItYjc2NTUzNTkyZGM32AIF4AIB&sid=5ad11202ea9cc1c07c5ed8caaaf11387&aid=304142&ucfs=1&arphpl=1&checkin=2025-03-01&checkout=2025-03-08&dest_id=-390625&dest_type=city&group_adults=2&req_adults=2&no_rooms=1&group_children=0&req_children=0&hpos=3&hapos=378&sr_order=popularity&srpvid=a6ce4e38ac41034b&srepoch=1737803280&all_sr_blocks=9257605_91908395_0_0_0&highlighted_blocks=9257605_91908395_0_0_0&matching_block_id=9257605_91908395_0_0_0&sr_pri_blocks=9257605_91908395_0_0_0__72072&from=searchresults
Marqués de Vadillo2 Apartments,"Carabanchel, Madrid",https://www.booking.com/hotel/es/marques-de-vadillo2-apartments.es.html?label=gen173nr-1FCAEoggI46AdIClgEaEaIAQGYAQq4ARnIAQ_YAQHoAQH4AQKIAgGoAgO4ArL50rwGwAIB0gIkOGZlNzdlZTAtYjM2Ni00NjEwLWJjZDItYjc2NTUzNTkyZGM32AIF4AIB&sid=5ad11202ea9cc1c07c5ed8caaaf11387&aid=304142&ucfs=1&arphpl=1&checkin=2025-03-01&checkout=2025-03-08&dest_id=-390625&dest_type=city&group_adults=2&req_adults=2&no_rooms=1&group_children=0&req_children=0&hpos=4&hapos=379&sr_order=popularity&srpvid=a6ce4e38ac41034b&srepoch=1737803280&all_sr_blocks=966283201_376246516_2_0_0&highlighted_blocks=966283201_376246516_2_0_0&matching_block_id=966283201_376246516_2_0_0&sr_pri_blocks=966283201_376246516_2_0_0__70074&from=searchresults
Modern Bright - 1Bedroom 1 Bathroom - La Latina,"Centro de Madrid, Madrid",https://www.booking.com/hotel/es/modern-bright-1bedroom-1-bathroom-la-latina.es.html?label=gen173nr-1FCAEoggI46AdIClgEaEaIAQGYAQq4ARnIAQ_YAQHoAQH4AQKIAgGoAgO4ArL50rwGwAIB0gIkOGZlNzdlZTAtYjM2Ni00NjEwLWJjZDItYjc2NTUzNTkyZGM32AIF4AIB&sid=5ad11202ea9cc1c07c5ed8caaaf11387&aid=304142&ucfs=1&arphpl=1&checkin=2025-03-01&checkout=2025-03-08&dest_id=-390625&dest_type=city&group_adults=2&req_adults=2&no_rooms=1&group_children=0&req_children=0&hpos=5&hapos=380&sr_order=popularity&srpvid=a6ce4e38ac41034b&srepoch=1737803280&all_sr_blocks=1004168002_373537338_0_0_0&highlighted_blocks=1004168002_373537338_0_0_0&matching_block_id=1004168002_373537338_0_0_0&sr_pri_blocks=1004168002_373537338_0_0_0__103153&from=searchresults
B&B HOTEL Madrid Aeropuerto T1 T2 T3,"San Blas, Madrid",https://www.booking.com/hotel/es/b-amp-b-madrid-airport.es.html?label=gen173nr-1FCAEoggI46AdIClgEaEaIAQGYAQq4ARnIAQ_YAQHoAQH4AQKIAgGoAgO4ArL50rwGwAIB0gIkOGZlNzdlZTAtYjM2Ni00NjEwLWJjZDItYjc2NTUzNTkyZGM32AIF4AIB&sid=5ad11202ea9cc1c07c5ed8caaaf11387&aid=304142&ucfs=1&arphpl=1&checkin=2025-03-01&checkout=2025-03-08&dest_id=-390625&dest_type=city&group_adults=2&req_adults=2&no_rooms=1&group_children=0&req_children=0&hpos=6&hapos=381&sr_order=popularity&srpvid=a6ce4e38ac41034b&srepoch=1737803280&all_sr_blocks=0_0_2_0_0&highlighted_blocks=0_0_2_0_0&matching_block_id=0_0_2_0_0&sr_pri_blocks=0_0_2_0_0__55870&from_sustainable_property_sr=1&from=searchresults
Mola Hostel,"Centro de Madrid, Madrid",https://www.booking.com/hotel/es/mola-hostel.es.html?label=gen173nr-1FCAEoggI46AdIClgEaEaIAQGYAQq4ARnIAQ_YAQHoAQH4AQKIAgGoAgO4ArL50rwGwAIB0gIkOGZlNzdlZTAtYjM2Ni00NjEwLWJjZDItYjc2NTUzNTkyZGM32AIF4AIB&sid=5ad11202ea9cc1c07c5ed8caaaf11387&aid=304142&ucfs=1&arphpl=1&checkin=2025-03-01&checkout=2025-03-08&dest_id=-390625&dest_type=city&group_adults=2&req_adults=2&no_rooms=1&group_children=0&req_children=0&hpos=7&hapos=382&sr_order=popularity&srpvid=a6ce4e38ac41034b&srepoch=1737803280&all_sr_blocks=170115501_89956698_0_2_0&highlighted_blocks=170115501_89956698_0_2_0&matching_block_id=170115501_89956698_0_2_0&sr_pri_blocks=170115501_89956698_0_2_0__113240&from=searchresults
Melia Avenida de America,"San Blas, Madrid",https://www.booking.com/hotel/es/meliaavenidaamerica.es.html?label=gen173nr-1FCAEoggI46AdIClgEaEaIAQGYAQq4ARnIAQ_YAQHoAQH4AQKIAgGoAgO4ArL50rwGwAIB0gIkOGZlNzdlZTAtYjM2Ni00NjEwLWJjZDItYjc2NTUzNTkyZGM32AIF4AIB&sid=5ad11202ea9cc1c07c5ed8caaaf11387&aid=304142&ucfs=1&arphpl=1&checkin=2025-03-01&checkout=2025-03-08&dest_id=-390625&dest_type=city&group_adults=2&req_adults=2&no_rooms=1&group_children=0&req_children=0&hpos=8&hapos=383&sr_order=popularity&srpvid=a6ce4e38ac41034b&srepoch=1737803280&all_sr_blocks=9002428_0_2_0_0&highlighted_blocks=9002428_0_2_0_0&matching_block_id=9002428_0_2_0_0&sr_pri_blocks=9002428_0_2_0_0__106382&from=searchresults
Hostal Riesco,"Centro de Madrid, Madrid",https://www.booking.com/hotel/es/hostal-riesco.es.html?label=gen173nr-1FCAEoggI46AdIClgEaEaIAQGYAQq4ARnIAQ_YAQHoAQH4AQKIAgGoAgO4ArL50rwGwAIB0gIkOGZlNzdlZTAtYjM2Ni00NjEwLWJjZDItYjc2NTUzNTkyZGM32AIF4AIB&sid=5ad11202ea9cc1c07c5ed8caaaf11387&aid=304142&ucfs=1&arphpl=1&checkin=2025-03-01&checkout=2025-03-08&dest_id=-390625&dest_type=city&group_adults=2&req_adults=2&no_rooms=1&group_children=0&req_children=0&hpos=9&hapos=384&sr_order=popularity&srpvid=a6ce4e38ac41034b&srepoch=1737803280&all_sr_blocks=53958701_361294737_0_0_0&highlighted_blocks=53958701_361294737_0_0_0&matching_block_id=53958701_361294737_0_0_0&sr_pri_blocks=53958701_361294737_0_0_0__98000&from=searchresults
CUATRO CAMINOS,"Tetuán, Madrid",https://www.booking.com/hotel/es/cuatro-caminos-madrid1.es.html?label=gen173nr-1FCAEoggI46AdIClgEaEaIAQGYAQq4ARnIAQ_YAQHoAQH4AQKIAgGoAgO4ArL50rwGwAIB0gIkOGZlNzdlZTAtYjM2Ni00NjEwLWJjZDItYjc2NTUzNTkyZGM32AIF4AIB&sid=5ad11202ea9cc1c07c5ed8caaaf11387&aid=304142&ucfs=1&arphpl=1&checkin=2025-03-01&checkout=2025-03-08&dest_id=-390625&dest_type=city&group_adults=2&req_adults=2&no_rooms=1&group_children=0&req_children=0&hpos=10&hapos=385&sr_order=popularity&srpvid=a6ce4e38ac41034b&srepoch=1737803280&all_sr_blocks=986322101_371025391_2_0_0&highlighted_blocks=986322101_371025391_2_0_0&matching_block_id=986322101_371025391_2_0_0&sr_pri_blocks=986322101_371025391_2_0_0__69270&from=searchresults
Suite Estudio en Bravo Murillo,"Tetuán, Madrid",https://www.booking.com/hotel/es/suite-estudio-en-bravo-murillo.es.html?label=gen173nr-1FCAEoggI46AdIClgEaEaIAQGYAQq4ARnIAQ_YAQHoAQH4AQKIAgGoAgO4ArL50rwGwAIB0gIkOGZlNzdlZTAtYjM2Ni00NjEwLWJjZDItYjc2NTUzNTkyZGM32AIF4AIB&sid=5ad11202ea9cc1c07c5ed8caaaf11387&aid=304142&ucfs=1&arphpl=1&checkin=2025-03-01&checkout=2025-03-08&dest_id=-390625&dest_type=city&group_adults=2&req_adults=2&no_rooms=1&group_children=0&req_children=0&hpos=11&hapos=386&sr_order=popularity&srpvid=a6ce4e38ac41034b&srepoch=1737803280&all_sr_blocks=1315571501_404330872_2_0_0&highlighted_blocks=1315571501_404330872_2_0_0&matching_block_id=1315571501_404330872_2_0_0&sr_pri_blocks=1315571501_404330872_2_0_0__78254&from=searchresults
Novotel Campo De Las Naciones,"Barajas, Madrid",https://www.booking.com/hotel/es/novotel-campo-de-las-naciones.es.html?label=gen173nr-1FCAEoggI46AdIClgEaEaIAQGYAQq4ARnIAQ_YAQHoAQH4AQKIAgGoAgO4ArL50rwGwAIB0gIkOGZlNzdlZTAtYjM2Ni00NjEwLWJjZDItYjc2NTUzNTkyZGM32AIF4AIB&sid=5ad11202ea9cc1c07c5ed8caaaf11387&aid=304142&ucfs=1&arphpl=1&checkin=2025-03-01&checkout=2025-03-08&dest_id=-390625&dest_type=city&group_adults=2&req_adults=2&no_rooms=1&group_children=0&req_children=0&hpos=12&hapos=387&sr_order=popularity&srpvid=a6ce4e38ac41034b&srepoch=1737803280&all_sr_blocks=9354803_93709710_2_42_0&highlighted_blocks=9354803_93709710_2_42_0&matching_block_id=9354803_93709710_2_42_0&sr_pri_blocks=9354803_93709710_2_42_0__147630&from_sustainable_property_sr=1&from=searchresults
Acogedor Dúplex en Salamanca,"Salamanca, Madrid",https://www.booking.com/hotel/es/acogedor-duplex-en-salamanca.es.html?label=gen173nr-1FCAEoggI46AdIClgEaEaIAQGYAQq4ARnIAQ_YAQHoAQH4AQKIAgGoAgO4ArL50rwGwAIB0gIkOGZlNzdlZTAtYjM2Ni00NjEwLWJjZDItYjc2NTUzNTkyZGM32AIF4AIB&sid=5ad11202ea9cc1c07c5ed8caaaf11387&aid=304142&ucfs=1&arphpl=1&checkin=2025-03-01&checkout=2025-03-08&dest_id=-390625&dest_type=city&group_adults=2&req_adults=2&no_rooms=1&group_children=0&req_children=0&hpos=13&hapos=388&sr_order=popularity&srpvid=a6ce4e38ac41034b&srepoch=1737803280&all_sr_blocks=1148657401_387692938_2_0_0&highlighted_blocks=1148657401_387692938_2_0_0&matching_block_id=1148657401_387692938_2_0_0&sr_pri_blocks=1148657401_387692938_2_0_0__105202&from=searchresults
Eric Vökel Boutique Apartments - Atocha Suites,"Arganzuela, Madrid",https://www.booking.com/hotel/es/eric-vapkel-atocha-suites.es.html?label=gen173nr-1FCAEoggI46AdIClgEaEaIAQGYAQq4ARnIAQ_YAQHoAQH4AQKIAgGoAgO4ArL50rwGwAIB0gIkOGZlNzdlZTAtYjM2Ni00NjEwLWJjZDItYjc2NTUzNTkyZGM32AIF4AIB&sid=5ad11202ea9cc1c07c5ed8caaaf11387&aid=304142&ucfs=1&arphpl=1&checkin=2025-03-01&checkout=2025-03-08&dest_id=-390625&dest_type=city&group_adults=2&req_adults=2&no_rooms=1&group_children=0&req_children=0&hpos=14&hapos=389&sr_order=popularity&srpvid=a6ce4e38ac41034b&srepoch=1737803280&all_sr_blocks=62243402_88210354_2_0_0&highlighted_blocks=62243402_88210354_2_0_0&matching_block_id=62243402_88210354_2_0_0&sr_pri_blocks=62243402_88210354_2_0_0__136202&from=searchresults
Agradable apartamento Arturo Soria D1,"Ciudad Lineal, Madrid",https://www.booking.com/hotel/es/agradable-apartamento-arturo-soria-d1.es.html?label=gen173nr-1FCAEoggI46AdIClgEaEaIAQGYAQq4ARnIAQ_YAQHoAQH4AQKIAgGoAgO4ArL50rwGwAIB0gIkOGZlNzdlZTAtYjM2Ni00NjEwLWJjZDItYjc2NTUzNTkyZGM32AIF4AIB&sid=5ad11202ea9cc1c07c5ed8caaaf11387&aid=304142&ucfs=1&arphpl=1&checkin=2025-03-01&checkout=2025-03-08&dest_id=-390625&dest_type=city&group_adults=2&req_adults=2&no_rooms=1&group_children=0&req_children=0&hpos=15&hapos=390&sr_order=popularity&srpvid=a6ce4e38ac41034b&srepoch=1737803280&all_sr_blocks=871880501_373859972_4_0_0&highlighted_blocks=871880501_373859972_4_0_0&matching_block_id=871880501_373859972_4_0_0&sr_pri_blocks=871880501_373859972_4_0_0__85427&from=searchresults
Hostal Oriente,"Centro de Madrid, Madrid",https://www.booking.com/hotel/es/hostal-oriente.es.html?label=gen173nr-1FCAEoggI46AdIClgEaEaIAQGYAQq4ARnIAQ_YAQHoAQH4AQKIAgGoAgO4ArL50rwGwAIB0gIkOGZlNzdlZTAtYjM2Ni00NjEwLWJjZDItYjc2NTUzNTkyZGM32AIF4AIB&sid=5ad11202ea9cc1c07c5ed8caaaf11387&aid=304142&ucfs=1&arphpl=1&checkin=2025-03-01&checkout=2025-03-08&dest_id=-390625&dest_type=city&group_adults=2&req_adults=2&no_rooms=1&group_children=0&req_children=0&hpos=16&hapos=391&sr_order=popularity&srpvid=a6ce4e38ac41034b&srepoch=1737803280&all_sr_blocks=1269608_126224366_2_0_0&highlighted_blocks=1269608_126224366_2_0_0&matching_block_id=1269608_126224366_2_0_0&sr_pri_blocks=1269608_126224366_2_0_0__123700&from=searchresults
Habitaciones individuales en apartamento,"Ciudad Lineal, Madrid",https://www.booking.com/hotel/es/bonita-habitacion-2.es.html?label=gen173nr-1FCAEoggI46AdIClgEaEaIAQGYAQq4ARnIAQ_YAQHoAQH4AQKIAgGoAgO4ArL50rwGwAIB0gIkOGZlNzdlZTAtYjM2Ni00NjEwLWJjZDItYjc2NTUzNTkyZGM32AIF4AIB&sid=5ad11202ea9cc1c07c5ed8caaaf11387&aid=304142&ucfs=1&arphpl=1&checkin=2025-03-01&checkout=2025-03-08&dest_id=-390625&dest_type=city&group_adults=2&req_adults=2&no_rooms=1&group_children=0&req_children=0&hpos=17&hapos=392&sr_order=popularity&srpvid=a6ce4e38ac41034b&srepoch=1737803280&all_sr_blocks=1074841303_398813089_0_10_0&highlighted_blocks=1074841303_398813089_0_10_0&matching_block_id=1074841303_398813089_0_10_0&sr_pri_blocks=1074841303_398813089_0_10_0__47106&from=searchresults
"Piso nuevo lavapies, wifi, smart tv","Centro de Madrid, Madrid",https://www.booking.com/hotel/es/piso-nuevo-lavapies-wifi-smart-tv.es.html?label=gen173nr-1FCAEoggI46AdIClgEaEaIAQGYAQq4ARnIAQ_YAQHoAQH4AQKIAgGoAgO4ArL50rwGwAIB0gIkOGZlNzdlZTAtYjM2Ni00NjEwLWJjZDItYjc2NTUzNTkyZGM32AIF4AIB&sid=5ad11202ea9cc1c07c5ed8caaaf11387&aid=304142&ucfs=1&arphpl=1&checkin=2025-03-01&checkout=2025-03-08&dest_id=-390625&dest_type=city&group_adults=2&req_adults=2&no_rooms=1&group_children=0&req_children=0&hpos=18&hapos=393&sr_order=popularity&srpvid=a6ce4e38ac41034b&srepoch=1737803280&all_sr_blocks=1269607801_403933471_0_0_0&highlighted_blocks=1269607801_403933471_0_0_0&matching_block_id=1269607801_403933471_0_0_0&sr_pri_blocks=1269607801_403933471_0_0_0__75659&from=searchresults
easyHotel Madrid Centro Atocha,"Arganzuela, Madrid",https://www.booking.com/hotel/es/easyhotel-madrid-centro-atocha.es.html?label=gen173nr-1FCAEoggI46AdIClgEaEaIAQGYAQq4ARnIAQ_YAQHoAQH4AQKIAgGoAgO4ArL50rwGwAIB0gIkOGZlNzdlZTAtYjM2Ni00NjEwLWJjZDItYjc2NTUzNTkyZGM32AIF4AIB&sid=5ad11202ea9cc1c07c5ed8caaaf11387&aid=304142&ucfs=1&arphpl=1&checkin=2025-03-01&checkout=2025-03-08&dest_id=-390625&dest_type=city&group_adults=2&req_adults=2&no_rooms=1&group_children=0&req_children=0&hpos=19&hapos=394&sr_order=popularity&srpvid=a6ce4e38ac41034b&srepoch=1737803280&all_sr_blocks=896633202_0_2_0_0&highlighted_blocks=896633202_0_2_0_0&matching_block_id=896633202_0_2_0_0&sr_pri_blocks=896633202_0_2_0_0__70699&from_sustainable_property_sr=1&from=searchresults
NH Madrid Chamberí,"Chamberí, Madrid",https://www.booking.com/hotel/es/nh-madrid-chamberi.es.html?label=gen173nr-1FCAEoggI46AdIClgEaEaIAQGYAQq4ARnIAQ_YAQHoAQH4AQKIAgGoAgO4ArL50rwGwAIB0gIkOGZlNzdlZTAtYjM2Ni00NjEwLWJjZDItYjc2NTUzNTkyZGM32AIF4AIB&sid=5ad11202ea9cc1c07c5ed8caaaf11387&aid=304142&ucfs=1&arphpl=1&checkin=2025-03-01&checkout=2025-03-08&dest_id=-390625&dest_type=city&group_adults=2&req_adults=2&no_rooms=1&group_children=0&req_children=0&hpos=20&hapos=395&sr_order=popularity&srpvid=a6ce4e38ac41034b&srepoch=1737803280&all_sr_blocks=9068102_93708935_0_1_0&highlighted_blocks=9068102_93708935_0_1_0&matching_block_id=9068102_93708935_0_1_0&sr_pri_blocks=9068102_93708935_0_1_0__152011&from_sustainable_property_sr=1&from=searchresults
"Classy Studio close to Retiro Park, Madrid","Puente de Vallecas, Madrid",https://www.booking.com/hotel/es/classy-studio-close-to-retiro-park-madrid.es.html?label=gen173nr-1FCAEoggI46AdIClgEaEaIAQGYAQq4ARnIAQ_YAQHoAQH4AQKIAgGoAgO4ArL50rwGwAIB0gIkOGZlNzdlZTAtYjM2Ni00NjEwLWJjZDItYjc2NTUzNTkyZGM32AIF4AIB&sid=5ad11202ea9cc1c07c5ed8caaaf11387&aid=304142&ucfs=1&arphpl=1&checkin=2025-03-01&checkout=2025-03-08&dest_id=-390625&dest_type=city&group_adults=2&req_adults=2&no_rooms=1&group_children=0&req_children=0&hpos=21&hapos=396&sr_order=popularity&srpvid=a6ce4e38ac41034b&srepoch=1737803280&all_sr_blocks=1298080701_403039550_0_0_0&highlighted_blocks=1298080701_403039550_0_0_0&matching_block_id=1298080701_403039550_0_0_0&sr_pri_blocks=1298080701_403039550_0_0_0__88537&from=searchresults
Catalonia El Retiro,"Retiro, Madrid",https://www.booking.com/hotel/es/catalonia-el-retiro.es.html?label=gen173nr-1FCAEoggI46AdIClgEaEaIAQGYAQq4ARnIAQ_YAQHoAQH4AQKIAgGoAgO4ArL50rwGwAIB0gIkOGZlNzdlZTAtYjM2Ni00NjEwLWJjZDItYjc2NTUzNTkyZGM32AIF4AIB&sid=5ad11202ea9cc1c07c5ed8caaaf11387&aid=304142&ucfs=1&arphpl=1&checkin=2025-03-01&checkout=2025-03-08&dest_id=-390625&dest_type=city&group_adults=2&req_adults=2&no_rooms=1&group_children=0&req_children=0&hpos=22&hapos=397&sr_order=popularity&srpvid=a6ce4e38ac41034b&srepoch=1737803280&all_sr_blocks=9143801_93709356_0_2_0&highlighted_blocks=9143801_93709356_0_2_0&matching_block_id=9143801_93709356_0_2_0&sr_pri_blocks=9143801_93709356_0_2_0__97000&from_sustainable_property_sr=1&from=searchresults
"Hotel Indigo Madrid - Princesa, an IHG Hotel","Moncloa - Aravaca, Madrid",https://www.booking.com/hotel/es/t3-tirol.es.html?label=gen173nr-1FCAEoggI46AdIClgEaEaIAQGYAQq4ARnIAQ_YAQHoAQH4AQKIAgGoAgO4ArL50rwGwAIB0gIkOGZlNzdlZTAtYjM2Ni00NjEwLWJjZDItYjc2NTUzNTkyZGM32AIF4AIB&sid=5ad11202ea9cc1c07c5ed8caaaf11387&aid=304142&ucfs=1&arphpl=1&checkin=2025-03-01&checkout=2025-03-08&dest_id=-390625&dest_type=city&group_adults=2&req_adults=2&no_rooms=1&group_children=0&req_children=0&hpos=23&hapos=398&sr_order=popularity&srpvid=a6ce4e38ac41034b&srepoch=1737803280&all_sr_blocks=9229220_88192313_2_34_0_154212&highlighted_blocks=9229220_88192313_2_34_0_154212&matching_block_id=9229220_88192313_2_34_0_154212&sr_pri_blocks=9229220_88192313_2_34_0_154212_131200&from=searchresults
Hostal Ballesta,"Centro de Madrid, Madrid",https://www.booking.com/hotel/es/hostal-madrid-centro.es.html?label=gen173nr-1FCAEoggI46AdIClgEaEaIAQGYAQq4ARnIAQ_YAQHoAQH4AQKIAgGoAgO4ArL50rwGwAIB0gIkOGZlNzdlZTAtYjM2Ni00NjEwLWJjZDItYjc2NTUzNTkyZGM32AIF4AIB&sid=5ad11202ea9cc1c07c5ed8caaaf11387&aid=304142&ucfs=1&arphpl=1&checkin=2025-03-01&checkout=2025-03-08&dest_id=-390625&dest_type=city&group_adults=2&req_adults=2&no_rooms=1&group_children=0&req_children=0&hpos=24&hapos=399&sr_order=popularity&srpvid=a6ce4e38ac41034b&srepoch=1737803280&all_sr_blocks=1240601_0_2_0_0&highlighted_blocks=1240601_0_2_0_0&matching_block_id=1240601_0_2_0_0&sr_pri_blocks=1240601_0_2_0_0__93300&from=searchresults
Hostal Sardinero,"Centro de Madrid, Madrid",https://www.booking.com/hotel/es/hostal-sardinero.es.html?label=gen173nr-1FCAEoggI46AdIClgEaEaIAQGYAQq4ARnIAQ_YAQHoAQH4AQKIAgGoAgO4ArL50rwGwAIB0gIkOGZlNzdlZTAtYjM2Ni00NjEwLWJjZDItYjc2NTUzNTkyZGM32AIF4AIB&sid=5ad11202ea9cc1c07c5ed8caaaf11387&aid=304142&ucfs=1&arphpl=1&checkin=2025-03-01&checkout=2025-03-08&dest_id=-390625&dest_type=city&group_adults=2&req_adults=2&no_rooms=1&group_children=0&req_children=0&hpos=25&hapos=400&sr_order=popularity&srpvid=a6ce4e38ac41034b&srepoch=1737803280&all_sr_blocks=17287107_91910122_0_0_0&highlighted_blocks=17287107_91910122_0_0_0&matching_block_id=17287107_91910122_0_0_0&sr_pri_blocks=17287107_91910122_0_0_0__67404&from=searchresults
Petit Palace Triball,"Centro de Madrid, Madrid",https://www.booking.com/hotel/es/petitpalaceitaliamadrid.es.html?label=gen173nr-1FCAEoggI46AdIClgEaEaIAQGYAQq4ARnIAQ_YAQHoAQH4AQKIAgGoAgO4ArL50rwGwAIB0gIkOGZlNzdlZTAtYjM2Ni00NjEwLWJjZDItYjc2NTUzNTkyZGM32AIF4AIB&sid=5ad11202ea9cc1c07c5ed8caaaf11387&aid=304142&ucfs=1&arphpl=1&checkin=2025-03-01&checkout=2025-03-08&dest_id=-390625&dest_type=city&group_adults=2&req_adults=2&no_rooms=1&group_children=0&req_children=0&hpos=1&hapos=401&sr_order=popularity&srpvid=a6ce4e38ac41034b&srepoch=1737803283&all_sr_blocks=9114902_0_2_0_0&highlighted_blocks=9114902_0_2_0_0&matching_block_id=9114902_0_2_0_0&sr_pri_blocks=9114902_0_2_0_0__135844&from=searchresults
NH Madrid Nacional,"Centro de Madrid, Madrid",https://www.booking.com/hotel/es/nhnacional.es.html?label=gen173nr-1FCAEoggI46AdIClgEaEaIAQGYAQq4ARnIAQ_YAQHoAQH4AQKIAgGoAgO4ArL50rwGwAIB0gIkOGZlNzdlZTAtYjM2Ni00NjEwLWJjZDItYjc2NTUzNTkyZGM32AIF4AIB&sid=5ad11202ea9cc1c07c5ed8caaaf11387&aid=304142&ucfs=1&arphpl=1&checkin=2025-03-01&checkout=2025-03-08&dest_id=-390625&dest_type=city&group_adults=2&req_adults=2&no_rooms=1&group_children=0&req_children=0&hpos=2&hapos=402&sr_order=popularity&srpvid=a6ce4e38ac41034b&srepoch=1737803283&all_sr_blocks=9035814_93708809_0_34_0&highlighted_blocks=9035814_93708809_0_34_0&matching_block_id=9035814_93708809_0_34_0&sr_pri_blocks=9035814_93708809_0_34_0__175802&from_sustainable_property_sr=1&from=searchresults
Hostal Cervelo,"Centro de Madrid, Madrid",https://www.booking.com/hotel/es/hostal-cervelo.es.html?label=gen173nr-1FCAEoggI46AdIClgEaEaIAQGYAQq4ARnIAQ_YAQHoAQH4AQKIAgGoAgO4ArL50rwGwAIB0gIkOGZlNzdlZTAtYjM2Ni00NjEwLWJjZDItYjc2NTUzNTkyZGM32AIF4AIB&sid=5ad11202ea9cc1c07c5ed8caaaf11387&aid=304142&ucfs=1&arphpl=1&checkin=2025-03-01&checkout=2025-03-08&dest_id=-390625&dest_type=city&group_adults=2&req_adults=2&no_rooms=1&group_children=0&req_children=0&hpos=3&hapos=403&sr_order=popularity&srpvid=a6ce4e38ac41034b&srepoch=1737803283&all_sr_blocks=9344102_0_2_0_0&highlighted_blocks=9344102_0_2_0_0&matching_block_id=9344102_0_2_0_0&sr_pri_blocks=9344102_0_2_0_0__101932&from=searchresults
5 Calle Álamo,"Centro de Madrid, Madrid",https://www.booking.com/hotel/es/5-calle-alamo.es.html?label=gen173nr-1FCAEoggI46AdIClgEaEaIAQGYAQq4ARnIAQ_YAQHoAQH4AQKIAgGoAgO4ArL50rwGwAIB0gIkOGZlNzdlZTAtYjM2Ni00NjEwLWJjZDItYjc2NTUzNTkyZGM32AIF4AIB&sid=5ad11202ea9cc1c07c5ed8caaaf11387&aid=304142&ucfs=1&arphpl=1&checkin=2025-03-01&checkout=2025-03-08&dest_id=-390625&dest_type=city&group_adults=2&req_adults=2&no_rooms=1&group_children=0&req_children=0&hpos=4&hapos=404&sr_order=popularity&srpvid=a6ce4e38ac41034b&srepoch=1737803283&all_sr_blocks=403973501_335587204_3_0_0&highlighted_blocks=403973501_335587204_3_0_0&matching_block_id=403973501_335587204_3_0_0&sr_pri_blocks=403973501_335587204_3_0_0__215210&from=searchresults
Nuevo bien comunicado 1 dormitorio,"Tetuán, Madrid",https://www.booking.com/hotel/es/nuevo-bien-comunicado-1-dormitorio.es.html?label=gen173nr-1FCAEoggI46AdIClgEaEaIAQGYAQq4ARnIAQ_YAQHoAQH4AQKIAgGoAgO4ArL50rwGwAIB0gIkOGZlNzdlZTAtYjM2Ni00NjEwLWJjZDItYjc2NTUzNTkyZGM32AIF4AIB&sid=5ad11202ea9cc1c07c5ed8caaaf11387&aid=304142&ucfs=1&arphpl=1&checkin=2025-03-01&checkout=2025-03-08&dest_id=-390625&dest_type=city&group_adults=2&req_adults=2&no_rooms=1&group_children=0&req_children=0&hpos=5&hapos=405&sr_order=popularity&srpvid=a6ce4e38ac41034b&srepoch=1737803283&all_sr_blocks=976568801_370004970_2_0_0&highlighted_blocks=976568801_370004970_2_0_0&matching_block_id=976568801_370004970_2_0_0&sr_pri_blocks=976568801_370004970_2_0_0__79346&from=searchresults
"Hotel Madrid Centro, Affiliated by Meliá","Centro de Madrid, Madrid",https://www.booking.com/hotel/es/hotel-madrid-centro-melia.es.html?label=gen173nr-1FCAEoggI46AdIClgEaEaIAQGYAQq4ARnIAQ_YAQHoAQH4AQKIAgGoAgO4ArL50rwGwAIB0gIkOGZlNzdlZTAtYjM2Ni00NjEwLWJjZDItYjc2NTUzNTkyZGM32AIF4AIB&sid=5ad11202ea9cc1c07c5ed8caaaf11387&aid=304142&ucfs=1&arphpl=1&checkin=2025-03-01&checkout=2025-03-08&dest_id=-390625&dest_type=city&group_adults=2&req_adults=2&no_rooms=1&group_children=0&req_children=0&hpos=6&hapos=406&sr_order=popularity&srpvid=a6ce4e38ac41034b&srepoch=1737803283&all_sr_blocks=9164801_91989088_2_2_0&highlighted_blocks=9164801_91989088_2_2_0&matching_block_id=9164801_91989088_2_2_0&sr_pri_blocks=9164801_91989088_2_2_0__133400&from_sustainable_property_sr=1&from=searchresults
JQC Rooms,"Centro de Madrid, Madrid",https://www.booking.com/hotel/es/jqcrooms.es.html?label=gen173nr-1FCAEoggI46AdIClgEaEaIAQGYAQq4ARnIAQ_YAQHoAQH4AQKIAgGoAgO4ArL50rwGwAIB0gIkOGZlNzdlZTAtYjM2Ni00NjEwLWJjZDItYjc2NTUzNTkyZGM32AIF4AIB&sid=5ad11202ea9cc1c07c5ed8caaaf11387&aid=304142&ucfs=1&arphpl=1&checkin=2025-03-01&checkout=2025-03-08&dest_id=-390625&dest_type=city&group_adults=2&req_adults=2&no_rooms=1&group_children=0&req_children=0&hpos=7&hapos=407&sr_order=popularity&srpvid=a6ce4e38ac41034b&srepoch=1737803283&all_sr_blocks=107104307_280420864_2_0_0&highlighted_blocks=107104307_280420864_2_0_0&matching_block_id=107104307_280420864_2_0_0&sr_pri_blocks=107104307_280420864_2_0_0__85444&from=searchresults
Room Mate Mario,"Centro de Madrid, Madrid",https://www.booking.com/hotel/es/campomanes.es.html?label=gen173nr-1FCAEoggI46AdIClgEaEaIAQGYAQq4ARnIAQ_YAQHoAQH4AQKIAgGoAgO4ArL50rwGwAIB0gIkOGZlNzdlZTAtYjM2Ni00NjEwLWJjZDItYjc2NTUzNTkyZGM32AIF4AIB&sid=5ad11202ea9cc1c07c5ed8caaaf11387&aid=304142&ucfs=1&arphpl=1&checkin=2025-03-01&checkout=2025-03-08&dest_id=-390625&dest_type=city&group_adults=2&req_adults=2&no_rooms=1&group_children=0&req_children=0&hpos=8&hapos=408&sr_order=popularity&srpvid=a6ce4e38ac41034b&srepoch=1737803283&all_sr_blocks=9080402_88190047_0_2_0_310956&highlighted_blocks=9080402_88190047_0_2_0_310956&matching_block_id=9080402_88190047_0_2_0_310956&sr_pri_blocks=9080402_88190047_0_2_0_310956_119425&from=searchresults
1 bedrooms 1 bathroom furnished - Salamanca - cozy & equipped - MintyStay,"Salamanca, Madrid",https://www.booking.com/hotel/es/1-bedrooms-1-bathroom-furnished-salamanca-cozy-equipped-mintystay.es.html?label=gen173nr-1FCAEoggI46AdIClgEaEaIAQGYAQq4ARnIAQ_YAQHoAQH4AQKIAgGoAgO4ArL50rwGwAIB0gIkOGZlNzdlZTAtYjM2Ni00NjEwLWJjZDItYjc2NTUzNTkyZGM32AIF4AIB&sid=5ad11202ea9cc1c07c5ed8caaaf11387&aid=304142&ucfs=1&arphpl=1&checkin=2025-03-01&checkout=2025-03-08&dest_id=-390625&dest_type=city&group_adults=2&req_adults=2&no_rooms=1&group_children=0&req_children=0&hpos=9&hapos=409&sr_order=popularity&srpvid=a6ce4e38ac41034b&srepoch=1737803283&all_sr_blocks=837162002_372544730_2_0_0&highlighted_blocks=837162002_372544730_2_0_0&matching_block_id=837162002_372544730_2_0_0&sr_pri_blocks=837162002_372544730_2_0_0__95447&from=searchresults
"Crowne Plaza Madrid - Centre Retiro, an IHG Hotel","Retiro, Madrid",https://www.booking.com/hotel/es/crowne-plaza-madrid-centre-retiro.es.html?label=gen173nr-1FCAEoggI46AdIClgEaEaIAQGYAQq4ARnIAQ_YAQHoAQH4AQKIAgGoAgO4ArL50rwGwAIB0gIkOGZlNzdlZTAtYjM2Ni00NjEwLWJjZDItYjc2NTUzNTkyZGM32AIF4AIB&sid=5ad11202ea9cc1c07c5ed8caaaf11387&aid=304142&ucfs=1&arphpl=1&checkin=2025-03-01&checkout=2025-03-08&dest_id=-390625&dest_type=city&group_adults=2&req_adults=2&no_rooms=1&group_children=0&req_children=0&hpos=10&hapos=410&sr_order=popularity&srpvid=a6ce4e38ac41034b&srepoch=1737803283&all_sr_blocks=1019991505_374398263_2_34_0&highlighted_blocks=1019991505_374398263_2_34_0&matching_block_id=1019991505_374398263_2_34_0&sr_pri_blocks=1019991505_374398263_2_34_0__145180&from=searchresults
Apartamentos Torr en Madrid - Chamartín,"Chamartín, Madrid",https://www.booking.com/hotel/es/vivienda-turistica-tor-en-madrid-centro.es.html?label=gen173nr-1FCAEoggI46AdIClgEaEaIAQGYAQq4ARnIAQ_YAQHoAQH4AQKIAgGoAgO4ArL50rwGwAIB0gIkOGZlNzdlZTAtYjM2Ni00NjEwLWJjZDItYjc2NTUzNTkyZGM32AIF4AIB&sid=5ad11202ea9cc1c07c5ed8caaaf11387&aid=304142&ucfs=1&arphpl=1&checkin=2025-03-01&checkout=2025-03-08&dest_id=-390625&dest_type=city&group_adults=2&req_adults=2&no_rooms=1&group_children=0&req_children=0&hpos=11&hapos=411&sr_order=popularity&srpvid=a6ce4e38ac41034b&srepoch=1737803283&all_sr_blocks=263996605_170729551_2_0_0&highlighted_blocks=263996605_170729551_2_0_0&matching_block_id=263996605_170729551_2_0_0&sr_pri_blocks=263996605_170729551_2_0_0__76258&from=searchresults
Madrid Sur Apartments,"Usera, Madrid",https://www.booking.com/hotel/es/madrid-sur-apartments.es.html?label=gen173nr-1FCAEoggI46AdIClgEaEaIAQGYAQq4ARnIAQ_YAQHoAQH4AQKIAgGoAgO4ArL50rwGwAIB0gIkOGZlNzdlZTAtYjM2Ni00NjEwLWJjZDItYjc2NTUzNTkyZGM32AIF4AIB&sid=5ad11202ea9cc1c07c5ed8caaaf11387&aid=304142&ucfs=1&arphpl=1&checkin=2025-03-01&checkout=2025-03-08&dest_id=-390625&dest_type=city&group_adults=2&req_adults=2&no_rooms=1&group_children=0&req_children=0&hpos=12&hapos=412&sr_order=popularity&srpvid=a6ce4e38ac41034b&srepoch=1737803283&all_sr_blocks=1306303403_403458472_2_0_0&highlighted_blocks=1306303403_403458472_2_0_0&matching_block_id=1306303403_403458472_2_0_0&sr_pri_blocks=1306303403_403458472_2_0_0__47092&from=searchresults
Bohemian 2bedroom attic in Lavapies,"Centro de Madrid, Madrid",https://www.booking.com/hotel/es/bohemian-2bedroom-attic-in-lavapies.es.html?label=gen173nr-1FCAEoggI46AdIClgEaEaIAQGYAQq4ARnIAQ_YAQHoAQH4AQKIAgGoAgO4ArL50rwGwAIB0gIkOGZlNzdlZTAtYjM2Ni00NjEwLWJjZDItYjc2NTUzNTkyZGM32AIF4AIB&sid=5ad11202ea9cc1c07c5ed8caaaf11387&aid=304142&ucfs=1&arphpl=1&checkin=2025-03-01&checkout=2025-03-08&dest_id=-390625&dest_type=city&group_adults=2&req_adults=2&no_rooms=1&group_children=0&req_children=0&hpos=13&hapos=413&sr_order=popularity&srpvid=a6ce4e38ac41034b&srepoch=1737803283&all_sr_blocks=1051708501_377478616_2_0_0&highlighted_blocks=1051708501_377478616_2_0_0&matching_block_id=1051708501_377478616_2_0_0&sr_pri_blocks=1051708501_377478616_2_0_0__82810&from=searchresults
Radisson RED Madrid,"Centro de Madrid, Madrid",https://www.booking.com/hotel/es/husa-paseo-del-arte.es.html?label=gen173nr-1FCAEoggI46AdIClgEaEaIAQGYAQq4ARnIAQ_YAQHoAQH4AQKIAgGoAgO4ArL50rwGwAIB0gIkOGZlNzdlZTAtYjM2Ni00NjEwLWJjZDItYjc2NTUzNTkyZGM32AIF4AIB&sid=5ad11202ea9cc1c07c5ed8caaaf11387&aid=304142&ucfs=1&arphpl=1&checkin=2025-03-01&checkout=2025-03-08&dest_id=-390625&dest_type=city&group_adults=2&req_adults=2&no_rooms=1&group_children=0&req_children=0&hpos=14&hapos=414&sr_order=popularity&srpvid=a6ce4e38ac41034b&srepoch=1737803283&all_sr_blocks=9338763_91908467_2_2_0&highlighted_blocks=9338763_91908467_2_2_0&matching_block_id=9338763_91908467_2_2_0&sr_pri_blocks=9338763_91908467_2_2_0__179100&from=searchresults
"Hotel Madrid Plaza de España, Affiliated by Meliá","Centro de Madrid, Madrid",https://www.booking.com/hotel/es/hotel-madrid-plaza-espana.es.html?label=gen173nr-1FCAEoggI46AdIClgEaEaIAQGYAQq4ARnIAQ_YAQHoAQH4AQKIAgGoAgO4ArL50rwGwAIB0gIkOGZlNzdlZTAtYjM2Ni00NjEwLWJjZDItYjc2NTUzNTkyZGM32AIF4AIB&sid=5ad11202ea9cc1c07c5ed8caaaf11387&aid=304142&ucfs=1&arphpl=1&checkin=2025-03-01&checkout=2025-03-08&dest_id=-390625&dest_type=city&group_adults=2&req_adults=2&no_rooms=1&group_children=0&req_children=0&hpos=15&hapos=415&sr_order=popularity&srpvid=a6ce4e38ac41034b&srepoch=1737803283&all_sr_blocks=9163901_0_2_0_0&highlighted_blocks=9163901_0_2_0_0&matching_block_id=9163901_0_2_0_0&sr_pri_blocks=9163901_0_2_0_0__138489&from_sustainable_property_sr=1&from=searchresults
FER’s SPOT,"Centro de Madrid, Madrid",https://www.booking.com/hotel/es/fers-spot.es.html?label=gen173nr-1FCAEoggI46AdIClgEaEaIAQGYAQq4ARnIAQ_YAQHoAQH4AQKIAgGoAgO4ArL50rwGwAIB0gIkOGZlNzdlZTAtYjM2Ni00NjEwLWJjZDItYjc2NTUzNTkyZGM32AIF4AIB&sid=5ad11202ea9cc1c07c5ed8caaaf11387&aid=304142&ucfs=1&arphpl=1&checkin=2025-03-01&checkout=2025-03-08&dest_id=-390625&dest_type=city&group_adults=2&req_adults=2&no_rooms=1&group_children=0&req_children=0&hpos=16&hapos=416&sr_order=popularity&srpvid=a6ce4e38ac41034b&srepoch=1737803283&all_sr_blocks=1173033401_394581299_2_0_0&highlighted_blocks=1173033401_394581299_2_0_0&matching_block_id=1173033401_394581299_2_0_0&sr_pri_blocks=1173033401_394581299_2_0_0__103740&from=searchresults
NH Collection Madrid Gran Vía,"Centro de Madrid, Madrid",https://www.booking.com/hotel/es/nh-collection-madrid-gran-via.es.html?label=gen173nr-1FCAEoggI46AdIClgEaEaIAQGYAQq4ARnIAQ_YAQHoAQH4AQKIAgGoAgO4ArL50rwGwAIB0gIkOGZlNzdlZTAtYjM2Ni00NjEwLWJjZDItYjc2NTUzNTkyZGM32AIF4AIB&sid=5ad11202ea9cc1c07c5ed8caaaf11387&aid=304142&ucfs=1&arphpl=1&checkin=2025-03-01&checkout=2025-03-08&dest_id=-390625&dest_type=city&group_adults=2&req_adults=2&no_rooms=1&group_children=0&req_children=0&hpos=17&hapos=417&sr_order=popularity&srpvid=a6ce4e38ac41034b&srepoch=1737803283&all_sr_blocks=277574202_106831940_0_2_0&highlighted_blocks=277574202_106831940_0_2_0&matching_block_id=277574202_106831940_0_2_0&sr_pri_blocks=277574202_106831940_0_2_0__201301&from_sustainable_property_sr=1&from=searchresults
Style Suites by Olala Homes,"Puente de Vallecas, Madrid",https://www.booking.com/hotel/es/olala-style-suites.es.html?label=gen173nr-1FCAEoggI46AdIClgEaEaIAQGYAQq4ARnIAQ_YAQHoAQH4AQKIAgGoAgO4ArL50rwGwAIB0gIkOGZlNzdlZTAtYjM2Ni00NjEwLWJjZDItYjc2NTUzNTkyZGM32AIF4AIB&sid=5ad11202ea9cc1c07c5ed8caaaf11387&aid=304142&ucfs=1&arphpl=1&checkin=2025-03-01&checkout=2025-03-08&dest_id=-390625&dest_type=city&group_adults=2&req_adults=2&no_rooms=1&group_children=0&req_children=0&hpos=18&hapos=418&sr_order=popularity&srpvid=a6ce4e38ac41034b&srepoch=1737803283&all_sr_blocks=1076553602_380245410_2_0_0&highlighted_blocks=1076553602_380245410_2_0_0&matching_block_id=1076553602_380245410_2_0_0&sr_pri_blocks=1076553602_380245410_2_0_0__78577&from=searchresults
Hostal Edreira,"Centro de Madrid, Madrid",https://www.booking.com/hotel/es/hostal-edreira-madrid.es.html?label=gen173nr-1FCAEoggI46AdIClgEaEaIAQGYAQq4ARnIAQ_YAQHoAQH4AQKIAgGoAgO4ArL50rwGwAIB0gIkOGZlNzdlZTAtYjM2Ni00NjEwLWJjZDItYjc2NTUzNTkyZGM32AIF4AIB&sid=5ad11202ea9cc1c07c5ed8caaaf11387&aid=304142&ucfs=1&arphpl=1&checkin=2025-03-01&checkout=2025-03-08&dest_id=-390625&dest_type=city&group_adults=2&req_adults=2&no_rooms=1&group_children=0&req_children=0&hpos=19&hapos=419&sr_order=popularity&srpvid=a6ce4e38ac41034b&srepoch=1737803283&all_sr_blocks=46632803_0_2_0_0&highlighted_blocks=46632803_0_2_0_0&matching_block_id=46632803_0_2_0_0&sr_pri_blocks=46632803_0_2_0_0__94764&from=searchresults
Intelier Palacio San Martin,"Centro de Madrid, Madrid",https://www.booking.com/hotel/es/inturpalaciosanmartin.es.html?label=gen173nr-1FCAEoggI46AdIClgEaEaIAQGYAQq4ARnIAQ_YAQHoAQH4AQKIAgGoAgO4ArL50rwGwAIB0gIkOGZlNzdlZTAtYjM2Ni00NjEwLWJjZDItYjc2NTUzNTkyZGM32AIF4AIB&sid=5ad11202ea9cc1c07c5ed8caaaf11387&aid=304142&ucfs=1&arphpl=1&checkin=2025-03-01&checkout=2025-03-08&dest_id=-390625&dest_type=city&group_adults=2&req_adults=2&no_rooms=1&group_children=0&req_children=0&hpos=20&hapos=420&sr_order=popularity&srpvid=a6ce4e38ac41034b&srepoch=1737803283&all_sr_blocks=9073502_88189883_0_2_0&highlighted_blocks=9073502_88189883_0_2_0&matching_block_id=9073502_88189883_0_2_0&sr_pri_blocks=9073502_88189883_0_2_0__146200&from_sustainable_property_sr=1&from=searchresults
Smartr Atocha Reina Sofia,"Arganzuela, Madrid",https://www.booking.com/hotel/es/urban-vida-atocha.es.html?label=gen173nr-1FCAEoggI46AdIClgEaEaIAQGYAQq4ARnIAQ_YAQHoAQH4AQKIAgGoAgO4ArL50rwGwAIB0gIkOGZlNzdlZTAtYjM2Ni00NjEwLWJjZDItYjc2NTUzNTkyZGM32AIF4AIB&sid=5ad11202ea9cc1c07c5ed8caaaf11387&aid=304142&ucfs=1&arphpl=1&checkin=2025-03-01&checkout=2025-03-08&dest_id=-390625&dest_type=city&group_adults=2&req_adults=2&no_rooms=1&group_children=0&req_children=0&hpos=21&hapos=421&sr_order=popularity&srpvid=a6ce4e38ac41034b&srepoch=1737803283&all_sr_blocks=476044510_149140179_2_0_0&highlighted_blocks=476044510_149140179_2_0_0&matching_block_id=476044510_149140179_2_0_0&sr_pri_blocks=476044510_149140179_2_0_0__135964&from=searchresults
Apartamento Luna - SOLO ADULTOS,"Chamberí, Madrid",https://www.booking.com/hotel/es/apartamento-luna-solo-adultos.es.html?label=gen173nr-1FCAEoggI46AdIClgEaEaIAQGYAQq4ARnIAQ_YAQHoAQH4AQKIAgGoAgO4ArL50rwGwAIB0gIkOGZlNzdlZTAtYjM2Ni00NjEwLWJjZDItYjc2NTUzNTkyZGM32AIF4AIB&sid=5ad11202ea9cc1c07c5ed8caaaf11387&aid=304142&ucfs=1&arphpl=1&checkin=2025-03-01&checkout=2025-03-08&dest_id=-390625&dest_type=city&group_adults=2&req_adults=2&no_rooms=1&group_children=0&req_children=0&hpos=22&hapos=422&sr_order=popularity&srpvid=a6ce4e38ac41034b&srepoch=1737803283&all_sr_blocks=1292290501_402813878_2_0_0&highlighted_blocks=1292290501_402813878_2_0_0&matching_block_id=1292290501_402813878_2_0_0&sr_pri_blocks=1292290501_402813878_2_0_0__112800&from=searchresults
Duke 5torres Apartments,"Tetuán, Madrid",https://www.booking.com/hotel/es/duke-host-5torres-luxury-apartments.es.html?label=gen173nr-1FCAEoggI46AdIClgEaEaIAQGYAQq4ARnIAQ_YAQHoAQH4AQKIAgGoAgO4ArL50rwGwAIB0gIkOGZlNzdlZTAtYjM2Ni00NjEwLWJjZDItYjc2NTUzNTkyZGM32AIF4AIB&sid=5ad11202ea9cc1c07c5ed8caaaf11387&aid=304142&ucfs=1&arphpl=1&checkin=2025-03-01&checkout=2025-03-08&dest_id=-390625&dest_type=city&group_adults=2&req_adults=2&no_rooms=1&group_children=0&req_children=0&hpos=23&hapos=423&sr_order=popularity&srpvid=a6ce4e38ac41034b&srepoch=1737803283&all_sr_blocks=1316163601_404375171_4_0_0&highlighted_blocks=1316163601_404375171_4_0_0&matching_block_id=1316163601_404375171_4_0_0&sr_pri_blocks=1316163601_404375171_4_0_0__155527&from=searchresults
Coqueto ático en Tetuán para 2 personas 3 1,"Tetuán, Madrid",https://www.booking.com/hotel/es/coqueto-atico-en-tetuan-para-2-personas.es.html?label=gen173nr-1FCAEoggI46AdIClgEaEaIAQGYAQq4ARnIAQ_YAQHoAQH4AQKIAgGoAgO4ArL50rwGwAIB0gIkOGZlNzdlZTAtYjM2Ni00NjEwLWJjZDItYjc2NTUzNTkyZGM32AIF4AIB&sid=5ad11202ea9cc1c07c5ed8caaaf11387&aid=304142&ucfs=1&arphpl=1&checkin=2025-03-01&checkout=2025-03-08&dest_id=-390625&dest_type=city&group_adults=2&req_adults=2&no_rooms=1&group_children=0&req_children=0&hpos=24&hapos=424&sr_order=popularity&srpvid=a6ce4e38ac41034b&srepoch=1737803283&all_sr_blocks=1247930501_397147999_2_0_0&highlighted_blocks=1247930501_397147999_2_0_0&matching_block_id=1247930501_397147999_2_0_0&sr_pri_blocks=1247930501_397147999_2_0_0__68008&from=searchresults
Hostal Patria Madrid,"Centro de Madrid, Madrid",https://www.booking.com/hotel/es/hostal-patria.es.html?label=gen173nr-1FCAEoggI46AdIClgEaEaIAQGYAQq4ARnIAQ_YAQHoAQH4AQKIAgGoAgO4ArL50rwGwAIB0gIkOGZlNzdlZTAtYjM2Ni00NjEwLWJjZDItYjc2NTUzNTkyZGM32AIF4AIB&sid=5ad11202ea9cc1c07c5ed8caaaf11387&aid=304142&ucfs=1&arphpl=1&checkin=2025-03-01&checkout=2025-03-08&dest_id=-390625&dest_type=city&group_adults=2&req_adults=2&no_rooms=1&group_children=0&req_children=0&hpos=25&hapos=425&sr_order=popularity&srpvid=a6ce4e38ac41034b&srepoch=1737803283&all_sr_blocks=36233707_88498657_0_0_0&highlighted_blocks=36233707_88498657_0_0_0&matching_block_id=36233707_88498657_0_0_0&sr_pri_blocks=36233707_88498657_0_0_0__99375&from=searchresults
7 Islas Hotel,"Centro de Madrid, Madrid",https://www.booking.com/hotel/es/sieteislas.es.html?label=gen173nr-1FCAEoggI46AdIClgEaEaIAQGYAQq4ARnIAQ_YAQHoAQH4AQKIAgGoAgO4ArL50rwGwAIB0gIkOGZlNzdlZTAtYjM2Ni00NjEwLWJjZDItYjc2NTUzNTkyZGM32AIF4AIB&sid=5ad11202ea9cc1c07c5ed8caaaf11387&aid=304142&ucfs=1&arphpl=1&checkin=2025-03-01&checkout=2025-03-08&dest_id=-390625&dest_type=city&group_adults=2&req_adults=2&no_rooms=1&group_children=0&req_children=0&hpos=1&hapos=426&sr_order=popularity&srpvid=a6ce4e38ac41034b&srepoch=1737803285&all_sr_blocks=9110210_88190545_0_2_0&highlighted_blocks=9110210_88190545_0_2_0&matching_block_id=9110210_88190545_0_2_0&sr_pri_blocks=9110210_88190545_0_2_0__151200&from=searchresults
AC Hotel Carlton Madrid by Marriott,"Arganzuela, Madrid",https://www.booking.com/hotel/es/carlton.es.html?label=gen173nr-1FCAEoggI46AdIClgEaEaIAQGYAQq4ARnIAQ_YAQHoAQH4AQKIAgGoAgO4ArL50rwGwAIB0gIkOGZlNzdlZTAtYjM2Ni00NjEwLWJjZDItYjc2NTUzNTkyZGM32AIF4AIB&sid=5ad11202ea9cc1c07c5ed8caaaf11387&aid=304142&ucfs=1&arphpl=1&checkin=2025-03-01&checkout=2025-03-08&dest_id=-390625&dest_type=city&group_adults=2&req_adults=2&no_rooms=1&group_children=0&req_children=0&hpos=2&hapos=427&sr_order=popularity&srpvid=a6ce4e38ac41034b&srepoch=1737803285&all_sr_blocks=9002118_93708751_0_2_0&highlighted_blocks=9002118_93708751_0_2_0&matching_block_id=9002118_93708751_0_2_0&sr_pri_blocks=9002118_93708751_0_2_0__151371&from=searchresults
Hotel Casón del Tormes by HappyCulture,"Centro de Madrid, Madrid",https://www.booking.com/hotel/es/cason-del-tormes.es.html?label=gen173nr-1FCAEoggI46AdIClgEaEaIAQGYAQq4ARnIAQ_YAQHoAQH4AQKIAgGoAgO4ArL50rwGwAIB0gIkOGZlNzdlZTAtYjM2Ni00NjEwLWJjZDItYjc2NTUzNTkyZGM32AIF4AIB&sid=5ad11202ea9cc1c07c5ed8caaaf11387&aid=304142&ucfs=1&arphpl=1&checkin=2025-03-01&checkout=2025-03-08&dest_id=-390625&dest_type=city&group_adults=2&req_adults=2&no_rooms=1&group_children=0&req_children=0&hpos=3&hapos=428&sr_order=popularity&srpvid=a6ce4e38ac41034b&srepoch=1737803285&all_sr_blocks=1488207_95139630_0_2_0&highlighted_blocks=1488207_95139630_0_2_0&matching_block_id=1488207_95139630_0_2_0&sr_pri_blocks=1488207_95139630_0_2_0__145100&from=searchresults
Emperador,"Centro de Madrid, Madrid",https://www.booking.com/hotel/es/emperador.es.html?label=gen173nr-1FCAEoggI46AdIClgEaEaIAQGYAQq4ARnIAQ_YAQHoAQH4AQKIAgGoAgO4ArL50rwGwAIB0gIkOGZlNzdlZTAtYjM2Ni00NjEwLWJjZDItYjc2NTUzNTkyZGM32AIF4AIB&sid=5ad11202ea9cc1c07c5ed8caaaf11387&aid=304142&ucfs=1&arphpl=1&checkin=2025-03-01&checkout=2025-03-08&dest_id=-390625&dest_type=city&group_adults=2&req_adults=2&no_rooms=1&group_children=0&req_children=0&hpos=4&hapos=429&sr_order=popularity&srpvid=a6ce4e38ac41034b&srepoch=1737803285&all_sr_blocks=9360405_378197892_0_2_0&highlighted_blocks=9360405_378197892_0_2_0&matching_block_id=9360405_378197892_0_2_0&sr_pri_blocks=9360405_378197892_0_2_0__193030&from=searchresults
limehome Madrid Calle de Juan Hurtado de Mendoza,"Chamartín, Madrid",https://www.booking.com/hotel/es/limehome-madrid-calle-de-juan-hurtado-de-mendoza.es.html?label=gen173nr-1FCAEoggI46AdIClgEaEaIAQGYAQq4ARnIAQ_YAQHoAQH4AQKIAgGoAgO4ArL50rwGwAIB0gIkOGZlNzdlZTAtYjM2Ni00NjEwLWJjZDItYjc2NTUzNTkyZGM32AIF4AIB&sid=5ad11202ea9cc1c07c5ed8caaaf11387&aid=304142&ucfs=1&arphpl=1&checkin=2025-03-01&checkout=2025-03-08&dest_id=-390625&dest_type=city&group_adults=2&req_adults=2&no_rooms=1&group_children=0&req_children=0&hpos=5&hapos=430&sr_order=popularity&srpvid=a6ce4e38ac41034b&srepoch=1737803285&all_sr_blocks=1291199601_402080321_2_0_0&highlighted_blocks=1291199601_402080321_2_0_0&matching_block_id=1291199601_402080321_2_0_0&sr_pri_blocks=1291199601_402080321_2_0_0__100500&from=searchresults
Petit Palace Savoy Alfonso XII,"Retiro, Madrid",https://www.booking.com/hotel/es/petit-palace-savoy-alfonso-xii.es.html?label=gen173nr-1FCAEoggI46AdIClgEaEaIAQGYAQq4ARnIAQ_YAQHoAQH4AQKIAgGoAgO4ArL50rwGwAIB0gIkOGZlNzdlZTAtYjM2Ni00NjEwLWJjZDItYjc2NTUzNTkyZGM32AIF4AIB&sid=5ad11202ea9cc1c07c5ed8caaaf11387&aid=304142&ucfs=1&arphpl=1&checkin=2025-03-01&checkout=2025-03-08&dest_id=-390625&dest_type=city&group_adults=2&req_adults=2&no_rooms=1&group_children=0&req_children=0&hpos=6&hapos=431&sr_order=popularity&srpvid=a6ce4e38ac41034b&srepoch=1737803285&all_sr_blocks=31350402_88207136_0_2_0_182169&highlighted_blocks=31350402_88207136_0_2_0_182169&matching_block_id=31350402_88207136_0_2_0_182169&sr_pri_blocks=31350402_88207136_0_2_0_182169_154955&from=searchresults
Loft I en Madrid,"Arganzuela, Madrid",https://www.booking.com/hotel/es/loft-en-madrid-madrid1.es.html?label=gen173nr-1FCAEoggI46AdIClgEaEaIAQGYAQq4ARnIAQ_YAQHoAQH4AQKIAgGoAgO4ArL50rwGwAIB0gIkOGZlNzdlZTAtYjM2Ni00NjEwLWJjZDItYjc2NTUzNTkyZGM32AIF4AIB&sid=5ad11202ea9cc1c07c5ed8caaaf11387&aid=304142&ucfs=1&arphpl=1&checkin=2025-03-01&checkout=2025-03-08&dest_id=-390625&dest_type=city&group_adults=2&req_adults=2&no_rooms=1&group_children=0&req_children=0&hpos=7&hapos=432&sr_order=popularity&srpvid=a6ce4e38ac41034b&srepoch=1737803285&all_sr_blocks=1247743101_397117502_4_0_0&highlighted_blocks=1247743101_397117502_4_0_0&matching_block_id=1247743101_397117502_4_0_0&sr_pri_blocks=1247743101_397117502_4_0_0__84844&from=searchresults
Piramides 2 Apartment,"Arganzuela, Madrid",https://www.booking.com/hotel/es/piramides-2-apartment.es.html?label=gen173nr-1FCAEoggI46AdIClgEaEaIAQGYAQq4ARnIAQ_YAQHoAQH4AQKIAgGoAgO4ArL50rwGwAIB0gIkOGZlNzdlZTAtYjM2Ni00NjEwLWJjZDItYjc2NTUzNTkyZGM32AIF4AIB&sid=5ad11202ea9cc1c07c5ed8caaaf11387&aid=304142&ucfs=1&arphpl=1&checkin=2025-03-01&checkout=2025-03-08&dest_id=-390625&dest_type=city&group_adults=2&req_adults=2&no_rooms=1&group_children=0&req_children=0&hpos=8&hapos=433&sr_order=popularity&srpvid=a6ce4e38ac41034b&srepoch=1737803285&all_sr_blocks=194483901_93429278_2_0_0&highlighted_blocks=194483901_93429278_2_0_0&matching_block_id=194483901_93429278_2_0_0&sr_pri_blocks=194483901_93429278_2_0_0__44554&from=searchresults
Apartamentos Mayor Centro,"Centro de Madrid, Madrid",https://www.booking.com/hotel/es/apartamentos-mayor-centro.es.html?label=gen173nr-1FCAEoggI46AdIClgEaEaIAQGYAQq4ARnIAQ_YAQHoAQH4AQKIAgGoAgO4ArL50rwGwAIB0gIkOGZlNzdlZTAtYjM2Ni00NjEwLWJjZDItYjc2NTUzNTkyZGM32AIF4AIB&sid=5ad11202ea9cc1c07c5ed8caaaf11387&aid=304142&ucfs=1&arphpl=1&checkin=2025-03-01&checkout=2025-03-08&dest_id=-390625&dest_type=city&group_adults=2&req_adults=2&no_rooms=1&group_children=0&req_children=0&hpos=9&hapos=434&sr_order=popularity&srpvid=a6ce4e38ac41034b&srepoch=1737803285&all_sr_blocks=1905812_122010391_2_0_0&highlighted_blocks=1905812_122010391_2_0_0&matching_block_id=1905812_122010391_2_0_0&sr_pri_blocks=1905812_122010391_2_0_0__102543&from=searchresults
Hostal Anton Martin,"Centro de Madrid, Madrid",https://www.booking.com/hotel/es/hostal-anton-martin.es.html?label=gen173nr-1FCAEoggI46AdIClgEaEaIAQGYAQq4ARnIAQ_YAQHoAQH4AQKIAgGoAgO4ArL50rwGwAIB0gIkOGZlNzdlZTAtYjM2Ni00NjEwLWJjZDItYjc2NTUzNTkyZGM32AIF4AIB&sid=5ad11202ea9cc1c07c5ed8caaaf11387&aid=304142&ucfs=1&arphpl=1&checkin=2025-03-01&checkout=2025-03-08&dest_id=-390625&dest_type=city&group_adults=2&req_adults=2&no_rooms=1&group_children=0&req_children=0&hpos=10&hapos=435&sr_order=popularity&srpvid=a6ce4e38ac41034b&srepoch=1737803285&all_sr_blocks=27230501_88205961_2_2_0&highlighted_blocks=27230501_88205961_2_2_0&matching_block_id=27230501_88205961_2_2_0&sr_pri_blocks=27230501_88205961_2_2_0__116047&from=searchresults
Hostal Besaya,"Centro de Madrid, Madrid",https://www.booking.com/hotel/es/hostal-besaya.es.html?label=gen173nr-1FCAEoggI46AdIClgEaEaIAQGYAQq4ARnIAQ_YAQHoAQH4AQKIAgGoAgO4ArL50rwGwAIB0gIkOGZlNzdlZTAtYjM2Ni00NjEwLWJjZDItYjc2NTUzNTkyZGM32AIF4AIB&sid=5ad11202ea9cc1c07c5ed8caaaf11387&aid=304142&ucfs=1&arphpl=1&checkin=2025-03-01&checkout=2025-03-08&dest_id=-390625&dest_type=city&group_adults=2&req_adults=2&no_rooms=1&group_children=0&req_children=0&hpos=11&hapos=436&sr_order=popularity&srpvid=a6ce4e38ac41034b&srepoch=1737803285&all_sr_blocks=24131902_88204351_2_0_0&highlighted_blocks=24131902_88204351_2_0_0&matching_block_id=24131902_88204351_2_0_0&sr_pri_blocks=24131902_88204351_2_0_0__130400&from=searchresults
NH Collection Madrid Suecia,"Centro de Madrid, Madrid",https://www.booking.com/hotel/es/nh-collection-madrid-suecia.es.html?label=gen173nr-1FCAEoggI46AdIClgEaEaIAQGYAQq4ARnIAQ_YAQHoAQH4AQKIAgGoAgO4ArL50rwGwAIB0gIkOGZlNzdlZTAtYjM2Ni00NjEwLWJjZDItYjc2NTUzNTkyZGM32AIF4AIB&sid=5ad11202ea9cc1c07c5ed8caaaf11387&aid=304142&ucfs=1&arphpl=1&checkin=2025-03-01&checkout=2025-03-08&dest_id=-390625&dest_type=city&group_adults=2&req_adults=2&no_rooms=1&group_children=0&req_children=0&hpos=12&hapos=437&sr_order=popularity&srpvid=a6ce4e38ac41034b&srepoch=1737803285&all_sr_blocks=62812511_0_2_0_0&highlighted_blocks=62812511_0_2_0_0&matching_block_id=62812511_0_2_0_0&sr_pri_blocks=62812511_0_2_0_0__163979&from_sustainable_property_sr=1&from=searchresults
AmazINN Places Chamberi,"Chamberí, Madrid",https://www.booking.com/hotel/es/amazinn-places-chamberi.es.html?label=gen173nr-1FCAEoggI46AdIClgEaEaIAQGYAQq4ARnIAQ_YAQHoAQH4AQKIAgGoAgO4ArL50rwGwAIB0gIkOGZlNzdlZTAtYjM2Ni00NjEwLWJjZDItYjc2NTUzNTkyZGM32AIF4AIB&sid=5ad11202ea9cc1c07c5ed8caaaf11387&aid=304142&ucfs=1&arphpl=1&checkin=2025-03-01&checkout=2025-03-08&dest_id=-390625&dest_type=city&group_adults=2&req_adults=2&no_rooms=1&group_children=0&req_children=0&hpos=13&hapos=438&sr_order=popularity&srpvid=a6ce4e38ac41034b&srepoch=1737803285&all_sr_blocks=912527212_362593904_2_0_0&highlighted_blocks=912527212_362593904_2_0_0&matching_block_id=912527212_362593904_2_0_0&sr_pri_blocks=912527212_362593904_2_0_0__62072&from=searchresults
Hostal Las Vegas,"Tetuán, Madrid",https://www.booking.com/hotel/es/hostal-las-vegas.es.html?label=gen173nr-1FCAEoggI46AdIClgEaEaIAQGYAQq4ARnIAQ_YAQHoAQH4AQKIAgGoAgO4ArL50rwGwAIB0gIkOGZlNzdlZTAtYjM2Ni00NjEwLWJjZDItYjc2NTUzNTkyZGM32AIF4AIB&sid=5ad11202ea9cc1c07c5ed8caaaf11387&aid=304142&ucfs=1&arphpl=1&checkin=2025-03-01&checkout=2025-03-08&dest_id=-390625&dest_type=city&group_adults=2&req_adults=2&no_rooms=1&group_children=0&req_children=0&hpos=14&hapos=439&sr_order=popularity&srpvid=a6ce4e38ac41034b&srepoch=1737803285&all_sr_blocks=38991502_88208309_2_0_0&highlighted_blocks=38991502_88208309_2_0_0&matching_block_id=38991502_88208309_2_0_0&sr_pri_blocks=38991502_88208309_2_0_0__58900&from=searchresults
"Hotel Madrid Gran Via 25, Affiliated by Meliá","Centro de Madrid, Madrid",https://www.booking.com/hotel/es/hotel-madrid-gran-via-25.es.html?label=gen173nr-1FCAEoggI46AdIClgEaEaIAQGYAQq4ARnIAQ_YAQHoAQH4AQKIAgGoAgO4ArL50rwGwAIB0gIkOGZlNzdlZTAtYjM2Ni00NjEwLWJjZDItYjc2NTUzNTkyZGM32AIF4AIB&sid=5ad11202ea9cc1c07c5ed8caaaf11387&aid=304142&ucfs=1&arphpl=1&checkin=2025-03-01&checkout=2025-03-08&dest_id=-390625&dest_type=city&group_adults=2&req_adults=2&no_rooms=1&group_children=0&req_children=0&hpos=15&hapos=440&sr_order=popularity&srpvid=a6ce4e38ac41034b&srepoch=1737803285&all_sr_blocks=9161902_0_2_0_0&highlighted_blocks=9161902_0_2_0_0&matching_block_id=9161902_0_2_0_0&sr_pri_blocks=9161902_0_2_0_0__127089&from_sustainable_property_sr=1&from=searchresults
Hostal Rober,"Centro de Madrid, Madrid",https://www.booking.com/hotel/es/hostal-rober.es.html?label=gen173nr-1FCAEoggI46AdIClgEaEaIAQGYAQq4ARnIAQ_YAQHoAQH4AQKIAgGoAgO4ArL50rwGwAIB0gIkOGZlNzdlZTAtYjM2Ni00NjEwLWJjZDItYjc2NTUzNTkyZGM32AIF4AIB&sid=5ad11202ea9cc1c07c5ed8caaaf11387&aid=304142&ucfs=1&arphpl=1&checkin=2025-03-01&checkout=2025-03-08&dest_id=-390625&dest_type=city&group_adults=2&req_adults=2&no_rooms=1&group_children=0&req_children=0&hpos=16&hapos=441&sr_order=popularity&srpvid=a6ce4e38ac41034b&srepoch=1737803285&all_sr_blocks=29619301_0_2_0_0&highlighted_blocks=29619301_0_2_0_0&matching_block_id=29619301_0_2_0_0&sr_pri_blocks=29619301_0_2_0_0__82209&from=searchresults
Casa de Huéspedes 12 Octubre Rooms,"Usera, Madrid",https://www.booking.com/hotel/es/12-octubre-rooms.es.html?label=gen173nr-1FCAEoggI46AdIClgEaEaIAQGYAQq4ARnIAQ_YAQHoAQH4AQKIAgGoAgO4ArL50rwGwAIB0gIkOGZlNzdlZTAtYjM2Ni00NjEwLWJjZDItYjc2NTUzNTkyZGM32AIF4AIB&sid=5ad11202ea9cc1c07c5ed8caaaf11387&aid=304142&ucfs=1&arphpl=1&checkin=2025-03-01&checkout=2025-03-08&dest_id=-390625&dest_type=city&group_adults=2&req_adults=2&no_rooms=1&group_children=0&req_children=0&hpos=17&hapos=442&sr_order=popularity&srpvid=a6ce4e38ac41034b&srepoch=1737803285&all_sr_blocks=972654204_400155161_2_0_0&highlighted_blocks=972654204_400155161_2_0_0&matching_block_id=972654204_400155161_2_0_0&sr_pri_blocks=972654204_400155161_2_0_0__71364&from=searchresults
Hostal Rincón de Sol,"Centro de Madrid, Madrid",https://www.booking.com/hotel/es/hostal-rincon-del-sol.es.html?label=gen173nr-1FCAEoggI46AdIClgEaEaIAQGYAQq4ARnIAQ_YAQHoAQH4AQKIAgGoAgO4ArL50rwGwAIB0gIkOGZlNzdlZTAtYjM2Ni00NjEwLWJjZDItYjc2NTUzNTkyZGM32AIF4AIB&sid=5ad11202ea9cc1c07c5ed8caaaf11387&aid=304142&ucfs=1&arphpl=1&checkin=2025-03-01&checkout=2025-03-08&dest_id=-390625&dest_type=city&group_adults=2&req_adults=2&no_rooms=1&group_children=0&req_children=0&hpos=18&hapos=443&sr_order=popularity&srpvid=a6ce4e38ac41034b&srepoch=1737803285&all_sr_blocks=210673502_95882350_2_0_0&highlighted_blocks=210673502_95882350_2_0_0&matching_block_id=210673502_95882350_2_0_0&sr_pri_blocks=210673502_95882350_2_0_0__93555&from=searchresults
Rooms Rayo,"Puente de Vallecas, Madrid",https://www.booking.com/hotel/es/rooms-rayo.es.html?label=gen173nr-1FCAEoggI46AdIClgEaEaIAQGYAQq4ARnIAQ_YAQHoAQH4AQKIAgGoAgO4ArL50rwGwAIB0gIkOGZlNzdlZTAtYjM2Ni00NjEwLWJjZDItYjc2NTUzNTkyZGM32AIF4AIB&sid=5ad11202ea9cc1c07c5ed8caaaf11387&aid=304142&ucfs=1&arphpl=1&checkin=2025-03-01&checkout=2025-03-08&dest_id=-390625&dest_type=city&group_adults=2&req_adults=2&no_rooms=1&group_children=0&req_children=0&hpos=19&hapos=444&sr_order=popularity&srpvid=a6ce4e38ac41034b&srepoch=1737803285&all_sr_blocks=1298357701_402741764_2_0_0&highlighted_blocks=1298357701_402741764_2_0_0&matching_block_id=1298357701_402741764_2_0_0&sr_pri_blocks=1298357701_402741764_2_0_0__47115&from=searchresults
AC Hotel Aitana by Marriott,"Chamartín, Madrid",https://www.booking.com/hotel/es/acaitana.es.html?label=gen173nr-1FCAEoggI46AdIClgEaEaIAQGYAQq4ARnIAQ_YAQHoAQH4AQKIAgGoAgO4ArL50rwGwAIB0gIkOGZlNzdlZTAtYjM2Ni00NjEwLWJjZDItYjc2NTUzNTkyZGM32AIF4AIB&sid=5ad11202ea9cc1c07c5ed8caaaf11387&aid=304142&ucfs=1&arphpl=1&checkin=2025-03-01&checkout=2025-03-08&dest_id=-390625&dest_type=city&group_adults=2&req_adults=2&no_rooms=1&group_children=0&req_children=0&hpos=20&hapos=445&sr_order=popularity&srpvid=a6ce4e38ac41034b&srepoch=1737803285&all_sr_blocks=9080902_93709087_0_2_0&highlighted_blocks=9080902_93709087_0_2_0&matching_block_id=9080902_93709087_0_2_0&sr_pri_blocks=9080902_93709087_0_2_0__165605&from_sustainable_property_sr=1&from=searchresults
Suitur Apartment Hita II Centro Madrid,"Centro de Madrid, Madrid",https://www.booking.com/hotel/es/suitur-apartment-hita-ii-centro-madrid.es.html?label=gen173nr-1FCAEoggI46AdIClgEaEaIAQGYAQq4ARnIAQ_YAQHoAQH4AQKIAgGoAgO4ArL50rwGwAIB0gIkOGZlNzdlZTAtYjM2Ni00NjEwLWJjZDItYjc2NTUzNTkyZGM32AIF4AIB&sid=5ad11202ea9cc1c07c5ed8caaaf11387&aid=304142&ucfs=1&arphpl=1&checkin=2025-03-01&checkout=2025-03-08&dest_id=-390625&dest_type=city&group_adults=2&req_adults=2&no_rooms=1&group_children=0&req_children=0&hpos=21&hapos=446&sr_order=popularity&srpvid=a6ce4e38ac41034b&srepoch=1737803285&all_sr_blocks=831524402_373599593_2_0_0&highlighted_blocks=831524402_373599593_2_0_0&matching_block_id=831524402_373599593_2_0_0&sr_pri_blocks=831524402_373599593_2_0_0__86000&from=searchresults
Hostal Main Street Madrid,"Centro de Madrid, Madrid",https://www.booking.com/hotel/es/hostal-main-street-madrid.es.html?label=gen173nr-1FCAEoggI46AdIClgEaEaIAQGYAQq4ARnIAQ_YAQHoAQH4AQKIAgGoAgO4ArL50rwGwAIB0gIkOGZlNzdlZTAtYjM2Ni00NjEwLWJjZDItYjc2NTUzNTkyZGM32AIF4AIB&sid=5ad11202ea9cc1c07c5ed8caaaf11387&aid=304142&ucfs=1&arphpl=1&checkin=2025-03-01&checkout=2025-03-08&dest_id=-390625&dest_type=city&group_adults=2&req_adults=2&no_rooms=1&group_children=0&req_children=0&hpos=22&hapos=447&sr_order=popularity&srpvid=a6ce4e38ac41034b&srepoch=1737803285&all_sr_blocks=43074104_88500264_0_0_0&highlighted_blocks=43074104_88500264_0_0_0&matching_block_id=43074104_88500264_0_0_0&sr_pri_blocks=43074104_88500264_0_0_0__121635&from=searchresults
Hostal Evoke Madrid,"Centro de Madrid, Madrid",https://www.booking.com/hotel/es/hostal-bermejo.es.html?label=gen173nr-1FCAEoggI46AdIClgEaEaIAQGYAQq4ARnIAQ_YAQHoAQH4AQKIAgGoAgO4ArL50rwGwAIB0gIkOGZlNzdlZTAtYjM2Ni00NjEwLWJjZDItYjc2NTUzNTkyZGM32AIF4AIB&sid=5ad11202ea9cc1c07c5ed8caaaf11387&aid=304142&ucfs=1&arphpl=1&checkin=2025-03-01&checkout=2025-03-08&dest_id=-390625&dest_type=city&group_adults=2&req_adults=2&no_rooms=1&group_children=0&req_children=0&hpos=23&hapos=448&sr_order=popularity&srpvid=a6ce4e38ac41034b&srepoch=1737803285&all_sr_blocks=28133110_88206254_2_0_0_654603&highlighted_blocks=28133110_88206254_2_0_0_654603&matching_block_id=28133110_88206254_2_0_0_654603&sr_pri_blocks=28133110_88206254_2_0_0_654603_112379&from=searchresults
AYZ Villegas - Auto check-in property,"Hortaleza, Madrid",https://www.booking.com/hotel/es/a-amp-z-villegas.es.html?label=gen173nr-1FCAEoggI46AdIClgEaEaIAQGYAQq4ARnIAQ_YAQHoAQH4AQKIAgGoAgO4ArL50rwGwAIB0gIkOGZlNzdlZTAtYjM2Ni00NjEwLWJjZDItYjc2NTUzNTkyZGM32AIF4AIB&sid=5ad11202ea9cc1c07c5ed8caaaf11387&aid=304142&ucfs=1&arphpl=1&checkin=2025-03-01&checkout=2025-03-08&dest_id=-390625&dest_type=city&group_adults=2&req_adults=2&no_rooms=1&group_children=0&req_children=0&hpos=24&hapos=449&sr_order=popularity&srpvid=a6ce4e38ac41034b&srepoch=1737803285&all_sr_blocks=546049310_376304918_2_0_0&highlighted_blocks=546049310_376304918_2_0_0&matching_block_id=546049310_376304918_2_0_0&sr_pri_blocks=546049310_376304918_2_0_0__69014&from=searchresults
HOSTAL LA ESTACION TERRAZAS,"Arganzuela, Madrid",https://www.booking.com/hotel/es/hostal-la-estacion-terrazas.es.html?label=gen173nr-1FCAEoggI46AdIClgEaEaIAQGYAQq4ARnIAQ_YAQHoAQH4AQKIAgGoAgO4ArL50rwGwAIB0gIkOGZlNzdlZTAtYjM2Ni00NjEwLWJjZDItYjc2NTUzNTkyZGM32AIF4AIB&sid=5ad11202ea9cc1c07c5ed8caaaf11387&aid=304142&ucfs=1&arphpl=1&checkin=2025-03-01&checkout=2025-03-08&dest_id=-390625&dest_type=city&group_adults=2&req_adults=2&no_rooms=1&group_children=0&req_children=0&hpos=25&hapos=450&sr_order=popularity&srpvid=a6ce4e38ac41034b&srepoch=1737803285&all_sr_blocks=983666712_370796224_2_0_0&highlighted_blocks=983666712_370796224_2_0_0&matching_block_id=983666712_370796224_2_0_0&sr_pri_blocks=983666712_370796224_2_0_0__120870&from=searchresults
TGH Gran Vía Apartments,"Centro de Madrid, Madrid",https://www.booking.com/hotel/es/splendom-suites-gran-via.es.html?label=gen173nr-1FCAEoggI46AdIClgEaEaIAQGYAQq4ARnIAQ_YAQHoAQH4AQKIAgGoAgO4ArL50rwGwAIB0gIkOGZlNzdlZTAtYjM2Ni00NjEwLWJjZDItYjc2NTUzNTkyZGM32AIF4AIB&sid=5ad11202ea9cc1c07c5ed8caaaf11387&aid=304142&ucfs=1&arphpl=1&checkin=2025-03-01&checkout=2025-03-08&dest_id=-390625&dest_type=city&group_adults=2&req_adults=2&no_rooms=1&group_children=0&req_children=0&hpos=1&hapos=451&sr_order=popularity&srpvid=a6ce4e38ac41034b&srepoch=1737803288&all_sr_blocks=73521437_91938700_0_0_0&highlighted_blocks=73521437_91938700_0_0_0&matching_block_id=73521437_91938700_0_0_0&sr_pri_blocks=73521437_91938700_0_0_0__108300&from=searchresults
Hermosilla rooms,"Salamanca, Madrid",https://www.booking.com/hotel/es/hermosilla-rooms.es.html?label=gen173nr-1FCAEoggI46AdIClgEaEaIAQGYAQq4ARnIAQ_YAQHoAQH4AQKIAgGoAgO4ArL50rwGwAIB0gIkOGZlNzdlZTAtYjM2Ni00NjEwLWJjZDItYjc2NTUzNTkyZGM32AIF4AIB&sid=5ad11202ea9cc1c07c5ed8caaaf11387&aid=304142&ucfs=1&arphpl=1&checkin=2025-03-01&checkout=2025-03-08&dest_id=-390625&dest_type=city&group_adults=2&req_adults=2&no_rooms=1&group_children=0&req_children=0&hpos=2&hapos=452&sr_order=popularity&srpvid=a6ce4e38ac41034b&srepoch=1737803288&all_sr_blocks=1061523404_378615235_2_0_0&highlighted_blocks=1061523404_378615235_2_0_0&matching_block_id=1061523404_378615235_2_0_0&sr_pri_blocks=1061523404_378615235_2_0_0__35820&from=searchresults
Casa rústica en Madrid recién reformada,"San Blas, Madrid",https://www.booking.com/hotel/es/casa-rustica-en-madrid-recien-reformada.es.html?label=gen173nr-1FCAEoggI46AdIClgEaEaIAQGYAQq4ARnIAQ_YAQHoAQH4AQKIAgGoAgO4ArL50rwGwAIB0gIkOGZlNzdlZTAtYjM2Ni00NjEwLWJjZDItYjc2NTUzNTkyZGM32AIF4AIB&sid=5ad11202ea9cc1c07c5ed8caaaf11387&aid=304142&ucfs=1&arphpl=1&checkin=2025-03-01&checkout=2025-03-08&dest_id=-390625&dest_type=city&group_adults=2&req_adults=2&no_rooms=1&group_children=0&req_children=0&hpos=3&hapos=453&sr_order=popularity&srpvid=a6ce4e38ac41034b&srepoch=1737803288&all_sr_blocks=994734701_373811657_4_0_0&highlighted_blocks=994734701_373811657_4_0_0&matching_block_id=994734701_373811657_4_0_0&sr_pri_blocks=994734701_373811657_4_0_0__136080&from=searchresults
Encantador Alojamiento junto al corazón de Madrid Río,"Latina, Madrid",https://www.booking.com/hotel/es/collection-madrid-rio.es.html?label=gen173nr-1FCAEoggI46AdIClgEaEaIAQGYAQq4ARnIAQ_YAQHoAQH4AQKIAgGoAgO4ArL50rwGwAIB0gIkOGZlNzdlZTAtYjM2Ni00NjEwLWJjZDItYjc2NTUzNTkyZGM32AIF4AIB&sid=5ad11202ea9cc1c07c5ed8caaaf11387&aid=304142&ucfs=1&arphpl=1&checkin=2025-03-01&checkout=2025-03-08&dest_id=-390625&dest_type=city&group_adults=2&req_adults=2&no_rooms=1&group_children=0&req_children=0&hpos=4&hapos=454&sr_order=popularity&srpvid=a6ce4e38ac41034b&srepoch=1737803288&all_sr_blocks=900152005_360704451_0_2_0&highlighted_blocks=900152005_360704451_0_2_0&matching_block_id=900152005_360704451_0_2_0&sr_pri_blocks=900152005_360704451_0_2_0__100308&from=searchresults
Apartamento con terraza y vistas AlcaláRetiro,"Salamanca, Madrid",https://www.booking.com/hotel/es/apartamento-con-terraza-y-vistas-alcalaretiro.es.html?label=gen173nr-1FCAEoggI46AdIClgEaEaIAQGYAQq4ARnIAQ_YAQHoAQH4AQKIAgGoAgO4ArL50rwGwAIB0gIkOGZlNzdlZTAtYjM2Ni00NjEwLWJjZDItYjc2NTUzNTkyZGM32AIF4AIB&sid=5ad11202ea9cc1c07c5ed8caaaf11387&aid=304142&ucfs=1&arphpl=1&checkin=2025-03-01&checkout=2025-03-08&dest_id=-390625&dest_type=city&group_adults=2&req_adults=2&no_rooms=1&group_children=0&req_children=0&hpos=5&hapos=455&sr_order=popularity&srpvid=a6ce4e38ac41034b&srepoch=1737803288&all_sr_blocks=1114479802_384973352_2_0_0&highlighted_blocks=1114479802_384973352_2_0_0&matching_block_id=1114479802_384973352_2_0_0&sr_pri_blocks=1114479802_384973352_2_0_0__112256&from=searchresults
Apartamento IV AlcaláRetiro Ideal Parejas,"Salamanca, Madrid",https://www.booking.com/hotel/es/apartamento-iv-alcalaretiro-ideal-parejas.es.html?label=gen173nr-1FCAEoggI46AdIClgEaEaIAQGYAQq4ARnIAQ_YAQHoAQH4AQKIAgGoAgO4ArL50rwGwAIB0gIkOGZlNzdlZTAtYjM2Ni00NjEwLWJjZDItYjc2NTUzNTkyZGM32AIF4AIB&sid=5ad11202ea9cc1c07c5ed8caaaf11387&aid=304142&ucfs=1&arphpl=1&checkin=2025-03-01&checkout=2025-03-08&dest_id=-390625&dest_type=city&group_adults=2&req_adults=2&no_rooms=1&group_children=0&req_children=0&hpos=6&hapos=456&sr_order=popularity&srpvid=a6ce4e38ac41034b&srepoch=1737803288&all_sr_blocks=1025391102_384973345_2_0_0&highlighted_blocks=1025391102_384973345_2_0_0&matching_block_id=1025391102_384973345_2_0_0&sr_pri_blocks=1025391102_384973345_2_0_0__104524&from=searchresults
Espahotel Plaza Basílica,"Tetuán, Madrid",https://www.booking.com/hotel/es/espahotel-plaza-basilica.es.html?label=gen173nr-1FCAEoggI46AdIClgEaEaIAQGYAQq4ARnIAQ_YAQHoAQH4AQKIAgGoAgO4ArL50rwGwAIB0gIkOGZlNzdlZTAtYjM2Ni00NjEwLWJjZDItYjc2NTUzNTkyZGM32AIF4AIB&sid=5ad11202ea9cc1c07c5ed8caaaf11387&aid=304142&ucfs=1&arphpl=1&checkin=2025-03-01&checkout=2025-03-08&dest_id=-390625&dest_type=city&group_adults=2&req_adults=2&no_rooms=1&group_children=0&req_children=0&hpos=7&hapos=457&sr_order=popularity&srpvid=a6ce4e38ac41034b&srepoch=1737803288&all_sr_blocks=27439201_373768709_2_0_0&highlighted_blocks=27439201_373768709_2_0_0&matching_block_id=27439201_373768709_2_0_0&sr_pri_blocks=27439201_373768709_2_0_0__111150&from=searchresults
Barceló Imagine,"Chamartín, Madrid",https://www.booking.com/hotel/es/barcelo-imagine.es.html?label=gen173nr-1FCAEoggI46AdIClgEaEaIAQGYAQq4ARnIAQ_YAQHoAQH4AQKIAgGoAgO4ArL50rwGwAIB0gIkOGZlNzdlZTAtYjM2Ni00NjEwLWJjZDItYjc2NTUzNTkyZGM32AIF4AIB&sid=5ad11202ea9cc1c07c5ed8caaaf11387&aid=304142&ucfs=1&arphpl=1&checkin=2025-03-01&checkout=2025-03-08&dest_id=-390625&dest_type=city&group_adults=2&req_adults=2&no_rooms=1&group_children=0&req_children=0&hpos=8&hapos=458&sr_order=popularity&srpvid=a6ce4e38ac41034b&srepoch=1737803288&all_sr_blocks=9336009_112801640_2_2_0&highlighted_blocks=9336009_112801640_2_2_0&matching_block_id=9336009_112801640_2_2_0&sr_pri_blocks=9336009_112801640_2_2_0__143220&from=searchresults
Olavide en Madrid,"Chamberí, Madrid",https://www.booking.com/hotel/es/mit-house-olavide-en-madrid.es.html?label=gen173nr-1FCAEoggI46AdIClgEaEaIAQGYAQq4ARnIAQ_YAQHoAQH4AQKIAgGoAgO4ArL50rwGwAIB0gIkOGZlNzdlZTAtYjM2Ni00NjEwLWJjZDItYjc2NTUzNTkyZGM32AIF4AIB&sid=5ad11202ea9cc1c07c5ed8caaaf11387&aid=304142&ucfs=1&arphpl=1&checkin=2025-03-01&checkout=2025-03-08&dest_id=-390625&dest_type=city&group_adults=2&req_adults=2&no_rooms=1&group_children=0&req_children=0&hpos=9&hapos=459&sr_order=popularity&srpvid=a6ce4e38ac41034b&srepoch=1737803288&all_sr_blocks=728009503_349539459_2_0_0&highlighted_blocks=728009503_349539459_2_0_0&matching_block_id=728009503_349539459_2_0_0&sr_pri_blocks=728009503_349539459_2_0_0__112211&from=searchresults
Apartamentos Dana Sol,"Centro de Madrid, Madrid",https://www.booking.com/hotel/es/apartamentos-dana-sol.es.html?label=gen173nr-1FCAEoggI46AdIClgEaEaIAQGYAQq4ARnIAQ_YAQHoAQH4AQKIAgGoAgO4ArL50rwGwAIB0gIkOGZlNzdlZTAtYjM2Ni00NjEwLWJjZDItYjc2NTUzNTkyZGM32AIF4AIB&sid=5ad11202ea9cc1c07c5ed8caaaf11387&aid=304142&ucfs=1&arphpl=1&checkin=2025-03-01&checkout=2025-03-08&dest_id=-390625&dest_type=city&group_adults=2&req_adults=2&no_rooms=1&group_children=0&req_children=0&hpos=10&hapos=460&sr_order=popularity&srpvid=a6ce4e38ac41034b&srepoch=1737803288&all_sr_blocks=101500401_88506864_2_0_0&highlighted_blocks=101500401_88506864_2_0_0&matching_block_id=101500401_88506864_2_0_0&sr_pri_blocks=101500401_88506864_2_0_0__132655&from=searchresults
Hostal Alaska,"Centro de Madrid, Madrid",https://www.booking.com/hotel/es/hostal-alaska.es.html?label=gen173nr-1FCAEoggI46AdIClgEaEaIAQGYAQq4ARnIAQ_YAQHoAQH4AQKIAgGoAgO4ArL50rwGwAIB0gIkOGZlNzdlZTAtYjM2Ni00NjEwLWJjZDItYjc2NTUzNTkyZGM32AIF4AIB&sid=5ad11202ea9cc1c07c5ed8caaaf11387&aid=304142&ucfs=1&arphpl=1&checkin=2025-03-01&checkout=2025-03-08&dest_id=-390625&dest_type=city&group_adults=2&req_adults=2&no_rooms=1&group_children=0&req_children=0&hpos=11&hapos=461&sr_order=popularity&srpvid=a6ce4e38ac41034b&srepoch=1737803288&all_sr_blocks=27984303_385208770_2_0_0&highlighted_blocks=27984303_385208770_2_0_0&matching_block_id=27984303_385208770_2_0_0&sr_pri_blocks=27984303_385208770_2_0_0__81090&from=searchresults
La Posada de El Chaflán,"Chamartín, Madrid",https://www.booking.com/hotel/es/posada-chaflan.es.html?label=gen173nr-1FCAEoggI46AdIClgEaEaIAQGYAQq4ARnIAQ_YAQHoAQH4AQKIAgGoAgO4ArL50rwGwAIB0gIkOGZlNzdlZTAtYjM2Ni00NjEwLWJjZDItYjc2NTUzNTkyZGM32AIF4AIB&sid=5ad11202ea9cc1c07c5ed8caaaf11387&aid=304142&ucfs=1&arphpl=1&checkin=2025-03-01&checkout=2025-03-08&dest_id=-390625&dest_type=city&group_adults=2&req_adults=2&no_rooms=1&group_children=0&req_children=0&hpos=12&hapos=462&sr_order=popularity&srpvid=a6ce4e38ac41034b&srepoch=1737803288&all_sr_blocks=9002807_338516886_2_2_0&highlighted_blocks=9002807_338516886_2_2_0&matching_block_id=9002807_338516886_2_2_0&sr_pri_blocks=9002807_338516886_2_2_0__67512&from=searchresults
Hostal Palacios Fuencarral,"Centro de Madrid, Madrid",https://www.booking.com/hotel/es/hostal-palacios-madrid.es.html?label=gen173nr-1FCAEoggI46AdIClgEaEaIAQGYAQq4ARnIAQ_YAQHoAQH4AQKIAgGoAgO4ArL50rwGwAIB0gIkOGZlNzdlZTAtYjM2Ni00NjEwLWJjZDItYjc2NTUzNTkyZGM32AIF4AIB&sid=5ad11202ea9cc1c07c5ed8caaaf11387&aid=304142&ucfs=1&arphpl=1&checkin=2025-03-01&checkout=2025-03-08&dest_id=-390625&dest_type=city&group_adults=2&req_adults=2&no_rooms=1&group_children=0&req_children=0&hpos=13&hapos=463&sr_order=popularity&srpvid=a6ce4e38ac41034b&srepoch=1737803288&all_sr_blocks=34386102_340056025_2_0_0&highlighted_blocks=34386102_340056025_2_0_0&matching_block_id=34386102_340056025_2_0_0&sr_pri_blocks=34386102_340056025_2_0_0__87555&from=searchresults
Hilton Madrid Airport,"Barajas, Madrid",https://www.booking.com/hotel/es/madrid-airport.es.html?label=gen173nr-1FCAEoggI46AdIClgEaEaIAQGYAQq4ARnIAQ_YAQHoAQH4AQKIAgGoAgO4ArL50rwGwAIB0gIkOGZlNzdlZTAtYjM2Ni00NjEwLWJjZDItYjc2NTUzNTkyZGM32AIF4AIB&sid=5ad11202ea9cc1c07c5ed8caaaf11387&aid=304142&ucfs=1&arphpl=1&checkin=2025-03-01&checkout=2025-03-08&dest_id=-390625&dest_type=city&group_adults=2&req_adults=2&no_rooms=1&group_children=0&req_children=0&hpos=14&hapos=464&sr_order=popularity&srpvid=a6ce4e38ac41034b&srepoch=1737803288&all_sr_blocks=1279306_95136432_2_34_0&highlighted_blocks=1279306_95136432_2_34_0&matching_block_id=1279306_95136432_2_34_0&sr_pri_blocks=1279306_95136432_2_34_0__132937&from_sustainable_property_sr=1&from=searchresults
Exclusivo Dúplex en Salamanca,"Salamanca, Madrid",https://www.booking.com/hotel/es/exclusivo-duplex-en-salamanca.es.html?label=gen173nr-1FCAEoggI46AdIClgEaEaIAQGYAQq4ARnIAQ_YAQHoAQH4AQKIAgGoAgO4ArL50rwGwAIB0gIkOGZlNzdlZTAtYjM2Ni00NjEwLWJjZDItYjc2NTUzNTkyZGM32AIF4AIB&sid=5ad11202ea9cc1c07c5ed8caaaf11387&aid=304142&ucfs=1&arphpl=1&checkin=2025-03-01&checkout=2025-03-08&dest_id=-390625&dest_type=city&group_adults=2&req_adults=2&no_rooms=1&group_children=0&req_children=0&hpos=15&hapos=465&sr_order=popularity&srpvid=a6ce4e38ac41034b&srepoch=1737803288&all_sr_blocks=1143093501_387128863_2_0_0&highlighted_blocks=1143093501_387128863_2_0_0&matching_block_id=1143093501_387128863_2_0_0&sr_pri_blocks=1143093501_387128863_2_0_0__115326&from=searchresults
Charming Avenida América,"Chamartín, Madrid",https://www.booking.com/hotel/es/charming-avenida-america.es.html?label=gen173nr-1FCAEoggI46AdIClgEaEaIAQGYAQq4ARnIAQ_YAQHoAQH4AQKIAgGoAgO4ArL50rwGwAIB0gIkOGZlNzdlZTAtYjM2Ni00NjEwLWJjZDItYjc2NTUzNTkyZGM32AIF4AIB&sid=5ad11202ea9cc1c07c5ed8caaaf11387&aid=304142&ucfs=1&arphpl=1&checkin=2025-03-01&checkout=2025-03-08&dest_id=-390625&dest_type=city&group_adults=2&req_adults=2&no_rooms=1&group_children=0&req_children=0&hpos=16&hapos=466&sr_order=popularity&srpvid=a6ce4e38ac41034b&srepoch=1737803288&all_sr_blocks=775668601_335861646_2_0_0&highlighted_blocks=775668601_335861646_2_0_0&matching_block_id=775668601_335861646_2_0_0&sr_pri_blocks=775668601_335861646_2_0_0__102132&from=searchresults
Canopy by Hilton Madrid Castellana,"Tetuán, Madrid",https://www.booking.com/hotel/es/canopy-by-hilton-madrid-castellana.es.html?label=gen173nr-1FCAEoggI46AdIClgEaEaIAQGYAQq4ARnIAQ_YAQHoAQH4AQKIAgGoAgO4ArL50rwGwAIB0gIkOGZlNzdlZTAtYjM2Ni00NjEwLWJjZDItYjc2NTUzNTkyZGM32AIF4AIB&sid=5ad11202ea9cc1c07c5ed8caaaf11387&aid=304142&ucfs=1&arphpl=1&checkin=2025-03-01&checkout=2025-03-08&dest_id=-390625&dest_type=city&group_adults=2&req_adults=2&no_rooms=1&group_children=0&req_children=0&hpos=17&hapos=467&sr_order=popularity&srpvid=a6ce4e38ac41034b&srepoch=1737803288&all_sr_blocks=9225012_93709525_2_34_0&highlighted_blocks=9225012_93709525_2_34_0&matching_block_id=9225012_93709525_2_34_0&sr_pri_blocks=9225012_93709525_2_34_0__146965&from_sustainable_property_sr=1&from=searchresults
"Hotel Indigo Madrid - Gran Vía, an IHG Hotel","Centro de Madrid, Madrid",https://www.booking.com/hotel/es/indigo-madrid.es.html?label=gen173nr-1FCAEoggI46AdIClgEaEaIAQGYAQq4ARnIAQ_YAQHoAQH4AQKIAgGoAgO4ArL50rwGwAIB0gIkOGZlNzdlZTAtYjM2Ni00NjEwLWJjZDItYjc2NTUzNTkyZGM32AIF4AIB&sid=5ad11202ea9cc1c07c5ed8caaaf11387&aid=304142&ucfs=1&arphpl=1&checkin=2025-03-01&checkout=2025-03-08&dest_id=-390625&dest_type=city&group_adults=2&req_adults=2&no_rooms=1&group_children=0&req_children=0&hpos=18&hapos=468&sr_order=popularity&srpvid=a6ce4e38ac41034b&srepoch=1737803288&all_sr_blocks=74345301_94505506_2_34_0_154235&highlighted_blocks=74345301_94505506_2_34_0_154235&matching_block_id=74345301_94505506_2_34_0_154235&sr_pri_blocks=74345301_94505506_2_34_0_154235_145300&from=searchresults
2 habitaciones 2 baños- Moderno y Acogedor - Imperial,"Arganzuela, Madrid",https://www.booking.com/hotel/es/2-habitaciones-2-banos-moderno-y-acogedor-imperial.es.html?label=gen173nr-1FCAEoggI46AdIClgEaEaIAQGYAQq4ARnIAQ_YAQHoAQH4AQKIAgGoAgO4ArL50rwGwAIB0gIkOGZlNzdlZTAtYjM2Ni00NjEwLWJjZDItYjc2NTUzNTkyZGM32AIF4AIB&sid=5ad11202ea9cc1c07c5ed8caaaf11387&aid=304142&ucfs=1&arphpl=1&checkin=2025-03-01&checkout=2025-03-08&dest_id=-390625&dest_type=city&group_adults=2&req_adults=2&no_rooms=1&group_children=0&req_children=0&hpos=19&hapos=469&sr_order=popularity&srpvid=a6ce4e38ac41034b&srepoch=1737803288&all_sr_blocks=1076080202_380353569_0_0_0&highlighted_blocks=1076080202_380353569_0_0_0&matching_block_id=1076080202_380353569_0_0_0&sr_pri_blocks=1076080202_380353569_0_0_0__120058&from=searchresults
CASTILLA LUXURY B Apartments,"Tetuán, Madrid",https://www.booking.com/hotel/es/castilla-luxury-b-apartments.es.html?label=gen173nr-1FCAEoggI46AdIClgEaEaIAQGYAQq4ARnIAQ_YAQHoAQH4AQKIAgGoAgO4ArL50rwGwAIB0gIkOGZlNzdlZTAtYjM2Ni00NjEwLWJjZDItYjc2NTUzNTkyZGM32AIF4AIB&sid=5ad11202ea9cc1c07c5ed8caaaf11387&aid=304142&ucfs=1&arphpl=1&checkin=2025-03-01&checkout=2025-03-08&dest_id=-390625&dest_type=city&group_adults=2&req_adults=2&no_rooms=1&group_children=0&req_children=0&hpos=20&hapos=470&sr_order=popularity&srpvid=a6ce4e38ac41034b&srepoch=1737803288&all_sr_blocks=1094755402_400155139_2_0_0&highlighted_blocks=1094755402_400155139_2_0_0&matching_block_id=1094755402_400155139_2_0_0&sr_pri_blocks=1094755402_400155139_2_0_0__84087&from=searchresults
Suites Barrio de Salamanca,"Salamanca, Madrid",https://www.booking.com/hotel/es/barriodesalamanca.es.html?label=gen173nr-1FCAEoggI46AdIClgEaEaIAQGYAQq4ARnIAQ_YAQHoAQH4AQKIAgGoAgO4ArL50rwGwAIB0gIkOGZlNzdlZTAtYjM2Ni00NjEwLWJjZDItYjc2NTUzNTkyZGM32AIF4AIB&sid=5ad11202ea9cc1c07c5ed8caaaf11387&aid=304142&ucfs=1&arphpl=1&checkin=2025-03-01&checkout=2025-03-08&dest_id=-390625&dest_type=city&group_adults=2&req_adults=2&no_rooms=1&group_children=0&req_children=0&hpos=21&hapos=471&sr_order=popularity&srpvid=a6ce4e38ac41034b&srepoch=1737803288&all_sr_blocks=9028810_88181523_0_2_0&highlighted_blocks=9028810_88181523_0_2_0&matching_block_id=9028810_88181523_0_2_0&sr_pri_blocks=9028810_88181523_0_2_0__127199&from=searchresults
Cozy studio with pool-Salamanca,"Salamanca, Madrid",https://www.booking.com/hotel/es/cozy-studio-with-pool-salamanca.es.html?label=gen173nr-1FCAEoggI46AdIClgEaEaIAQGYAQq4ARnIAQ_YAQHoAQH4AQKIAgGoAgO4ArL50rwGwAIB0gIkOGZlNzdlZTAtYjM2Ni00NjEwLWJjZDItYjc2NTUzNTkyZGM32AIF4AIB&sid=5ad11202ea9cc1c07c5ed8caaaf11387&aid=304142&ucfs=1&arphpl=1&checkin=2025-03-01&checkout=2025-03-08&dest_id=-390625&dest_type=city&group_adults=2&req_adults=2&no_rooms=1&group_children=0&req_children=0&hpos=22&hapos=472&sr_order=popularity&srpvid=a6ce4e38ac41034b&srepoch=1737803288&all_sr_blocks=1216884102_394160058_2_0_0&highlighted_blocks=1216884102_394160058_2_0_0&matching_block_id=1216884102_394160058_2_0_0&sr_pri_blocks=1216884102_394160058_2_0_0__92952&from=searchresults
CH Antonio,"Centro de Madrid, Madrid",https://www.booking.com/hotel/es/pension-antonio.es.html?label=gen173nr-1FCAEoggI46AdIClgEaEaIAQGYAQq4ARnIAQ_YAQHoAQH4AQKIAgGoAgO4ArL50rwGwAIB0gIkOGZlNzdlZTAtYjM2Ni00NjEwLWJjZDItYjc2NTUzNTkyZGM32AIF4AIB&sid=5ad11202ea9cc1c07c5ed8caaaf11387&aid=304142&ucfs=1&arphpl=1&checkin=2025-03-01&checkout=2025-03-08&dest_id=-390625&dest_type=city&group_adults=2&req_adults=2&no_rooms=1&group_children=0&req_children=0&hpos=23&hapos=473&sr_order=popularity&srpvid=a6ce4e38ac41034b&srepoch=1737803288&all_sr_blocks=40255505_88209118_0_0_0&highlighted_blocks=40255505_88209118_0_0_0&matching_block_id=40255505_88209118_0_0_0&sr_pri_blocks=40255505_88209118_0_0_0__70756&from=searchresults
Ever House - ALCALA CIELO 1 ROOFTOP,"Ciudad Lineal, Madrid",https://www.booking.com/hotel/es/ever-house-alcala-cielo-1.es.html?label=gen173nr-1FCAEoggI46AdIClgEaEaIAQGYAQq4ARnIAQ_YAQHoAQH4AQKIAgGoAgO4ArL50rwGwAIB0gIkOGZlNzdlZTAtYjM2Ni00NjEwLWJjZDItYjc2NTUzNTkyZGM32AIF4AIB&sid=5ad11202ea9cc1c07c5ed8caaaf11387&aid=304142&ucfs=1&arphpl=1&checkin=2025-03-01&checkout=2025-03-08&dest_id=-390625&dest_type=city&group_adults=2&req_adults=2&no_rooms=1&group_children=0&req_children=0&hpos=24&hapos=474&sr_order=popularity&srpvid=a6ce4e38ac41034b&srepoch=1737803288&all_sr_blocks=516042701_367602529_4_0_0&highlighted_blocks=516042701_367602529_4_0_0&matching_block_id=516042701_367602529_4_0_0&sr_pri_blocks=516042701_367602529_4_0_0__90978&from=searchresults
Hostal Gran Via 44,"Centro de Madrid, Madrid",https://www.booking.com/hotel/es/hostal-gran-via-44.es.html?label=gen173nr-1FCAEoggI46AdIClgEaEaIAQGYAQq4ARnIAQ_YAQHoAQH4AQKIAgGoAgO4ArL50rwGwAIB0gIkOGZlNzdlZTAtYjM2Ni00NjEwLWJjZDItYjc2NTUzNTkyZGM32AIF4AIB&sid=5ad11202ea9cc1c07c5ed8caaaf11387&aid=304142&ucfs=1&arphpl=1&checkin=2025-03-01&checkout=2025-03-08&dest_id=-390625&dest_type=city&group_adults=2&req_adults=2&no_rooms=1&group_children=0&req_children=0&hpos=25&hapos=475&sr_order=popularity&srpvid=a6ce4e38ac41034b&srepoch=1737803288&all_sr_blocks=30744512_88206968_2_0_0&highlighted_blocks=30744512_88206968_2_0_0&matching_block_id=30744512_88206968_2_0_0&sr_pri_blocks=30744512_88206968_2_0_0__143325&from=searchresults
Hostal Tokio,"Centro de Madrid, Madrid",https://www.booking.com/hotel/es/hostal-tokio.es.html?label=gen173nr-1FCAEoggI46AdIClgEaEaIAQGYAQq4ARnIAQ_YAQHoAQH4AQKIAgGoAgO4ArL50rwGwAIB0gIkOGZlNzdlZTAtYjM2Ni00NjEwLWJjZDItYjc2NTUzNTkyZGM32AIF4AIB&sid=5ad11202ea9cc1c07c5ed8caaaf11387&aid=304142&ucfs=1&arphpl=1&checkin=2025-03-01&checkout=2025-03-08&dest_id=-390625&dest_type=city&group_adults=2&req_adults=2&no_rooms=1&group_children=0&req_children=0&hpos=1&hapos=476&sr_order=popularity&srpvid=a6ce4e38ac41034b&srepoch=1737803290&all_sr_blocks=29612402_88206535_2_0_0&highlighted_blocks=29612402_88206535_2_0_0&matching_block_id=29612402_88206535_2_0_0&sr_pri_blocks=29612402_88206535_2_0_0__78624&from=searchresults
Chamartin Centro Norte Apartment,"Chamartín, Madrid",https://www.booking.com/hotel/es/chamartin-centro-norte-apartment.es.html?label=gen173nr-1FCAEoggI46AdIClgEaEaIAQGYAQq4ARnIAQ_YAQHoAQH4AQKIAgGoAgO4ArL50rwGwAIB0gIkOGZlNzdlZTAtYjM2Ni00NjEwLWJjZDItYjc2NTUzNTkyZGM32AIF4AIB&sid=5ad11202ea9cc1c07c5ed8caaaf11387&aid=304142&ucfs=1&arphpl=1&checkin=2025-03-01&checkout=2025-03-08&dest_id=-390625&dest_type=city&group_adults=2&req_adults=2&no_rooms=1&group_children=0&req_children=0&hpos=2&hapos=477&sr_order=popularity&srpvid=a6ce4e38ac41034b&srepoch=1737803290&all_sr_blocks=1257790201_398328616_4_0_0&highlighted_blocks=1257790201_398328616_4_0_0&matching_block_id=1257790201_398328616_4_0_0&sr_pri_blocks=1257790201_398328616_4_0_0__96516&from=searchresults
Apartamentos Dana Madrid,"Centro de Madrid, Madrid",https://www.booking.com/hotel/es/apartamentos-dana-madrid.es.html?label=gen173nr-1FCAEoggI46AdIClgEaEaIAQGYAQq4ARnIAQ_YAQHoAQH4AQKIAgGoAgO4ArL50rwGwAIB0gIkOGZlNzdlZTAtYjM2Ni00NjEwLWJjZDItYjc2NTUzNTkyZGM32AIF4AIB&sid=5ad11202ea9cc1c07c5ed8caaaf11387&aid=304142&ucfs=1&arphpl=1&checkin=2025-03-01&checkout=2025-03-08&dest_id=-390625&dest_type=city&group_adults=2&req_adults=2&no_rooms=1&group_children=0&req_children=0&hpos=3&hapos=478&sr_order=popularity&srpvid=a6ce4e38ac41034b&srepoch=1737803290&all_sr_blocks=58087603_88210216_2_0_0&highlighted_blocks=58087603_88210216_2_0_0&matching_block_id=58087603_88210216_2_0_0&sr_pri_blocks=58087603_88210216_2_0_0__133770&from=searchresults
Platonic Love (4),"Centro de Madrid, Madrid",https://www.booking.com/hotel/es/platonic-love-4.es.html?label=gen173nr-1FCAEoggI46AdIClgEaEaIAQGYAQq4ARnIAQ_YAQHoAQH4AQKIAgGoAgO4ArL50rwGwAIB0gIkOGZlNzdlZTAtYjM2Ni00NjEwLWJjZDItYjc2NTUzNTkyZGM32AIF4AIB&sid=5ad11202ea9cc1c07c5ed8caaaf11387&aid=304142&ucfs=1&arphpl=1&checkin=2025-03-01&checkout=2025-03-08&dest_id=-390625&dest_type=city&group_adults=2&req_adults=2&no_rooms=1&group_children=0&req_children=0&hpos=4&hapos=479&sr_order=popularity&srpvid=a6ce4e38ac41034b&srepoch=1737803290&all_sr_blocks=923577401_377473268_2_0_0&highlighted_blocks=923577401_377473268_2_0_0&matching_block_id=923577401_377473268_2_0_0&sr_pri_blocks=923577401_377473268_2_0_0__95540&from=searchresults
Cool Apartments by Olala Homes,"Puente de Vallecas, Madrid",https://www.booking.com/hotel/es/olala-cool-apartments.es.html?label=gen173nr-1FCAEoggI46AdIClgEaEaIAQGYAQq4ARnIAQ_YAQHoAQH4AQKIAgGoAgO4ArL50rwGwAIB0gIkOGZlNzdlZTAtYjM2Ni00NjEwLWJjZDItYjc2NTUzNTkyZGM32AIF4AIB&sid=5ad11202ea9cc1c07c5ed8caaaf11387&aid=304142&ucfs=1&arphpl=1&checkin=2025-03-01&checkout=2025-03-08&dest_id=-390625&dest_type=city&group_adults=2&req_adults=2&no_rooms=1&group_children=0&req_children=0&hpos=5&hapos=480&sr_order=popularity&srpvid=a6ce4e38ac41034b&srepoch=1737803290&all_sr_blocks=639619204_372436916_2_0_0&highlighted_blocks=639619204_372436916_2_0_0&matching_block_id=639619204_372436916_2_0_0&sr_pri_blocks=639619204_372436916_2_0_0__108719&from=searchresults
TaCH Madrid Airport,"Barajas, Madrid",https://www.booking.com/hotel/es/tach-by-clementhoteles.es.html?label=gen173nr-1FCAEoggI46AdIClgEaEaIAQGYAQq4ARnIAQ_YAQHoAQH4AQKIAgGoAgO4ArL50rwGwAIB0gIkOGZlNzdlZTAtYjM2Ni00NjEwLWJjZDItYjc2NTUzNTkyZGM32AIF4AIB&sid=5ad11202ea9cc1c07c5ed8caaaf11387&aid=304142&ucfs=1&arphpl=1&checkin=2025-03-01&checkout=2025-03-08&dest_id=-390625&dest_type=city&group_adults=2&req_adults=2&no_rooms=1&group_children=0&req_children=0&hpos=6&hapos=481&sr_order=popularity&srpvid=a6ce4e38ac41034b&srepoch=1737803290&all_sr_blocks=0_0_2_0_0&highlighted_blocks=0_0_2_0_0&matching_block_id=0_0_2_0_0&sr_pri_blocks=0_0_2_0_0__80514&from=searchresults
2 bedrooms 2 bathrooms furnished - Bernabeu - Business area with terrace - Minty Stay,"Tetuán, Madrid",https://www.booking.com/hotel/es/2-bedrooms-2-bathrooms-furnished-bernabeu-business-area-with-terrace-minty-stay.es.html?label=gen173nr-1FCAEoggI46AdIClgEaEaIAQGYAQq4ARnIAQ_YAQHoAQH4AQKIAgGoAgO4ArL50rwGwAIB0gIkOGZlNzdlZTAtYjM2Ni00NjEwLWJjZDItYjc2NTUzNTkyZGM32AIF4AIB&sid=5ad11202ea9cc1c07c5ed8caaaf11387&aid=304142&ucfs=1&arphpl=1&checkin=2025-03-01&checkout=2025-03-08&dest_id=-390625&dest_type=city&group_adults=2&req_adults=2&no_rooms=1&group_children=0&req_children=0&hpos=7&hapos=482&sr_order=popularity&srpvid=a6ce4e38ac41034b&srepoch=1737803290&all_sr_blocks=673243602_378444632_4_0_0&highlighted_blocks=673243602_378444632_4_0_0&matching_block_id=673243602_378444632_4_0_0&sr_pri_blocks=673243602_378444632_4_0_0__127305&from=searchresults
Luxe apartments Madrid Rio by RentitUP,"Arganzuela, Madrid",https://www.booking.com/hotel/es/luxe-apartments-madrid-rio-by-rentitup-madrid2.es.html?label=gen173nr-1FCAEoggI46AdIClgEaEaIAQGYAQq4ARnIAQ_YAQHoAQH4AQKIAgGoAgO4ArL50rwGwAIB0gIkOGZlNzdlZTAtYjM2Ni00NjEwLWJjZDItYjc2NTUzNTkyZGM32AIF4AIB&sid=5ad11202ea9cc1c07c5ed8caaaf11387&aid=304142&ucfs=1&arphpl=1&checkin=2025-03-01&checkout=2025-03-08&dest_id=-390625&dest_type=city&group_adults=2&req_adults=2&no_rooms=1&group_children=0&req_children=0&hpos=8&hapos=483&sr_order=popularity&srpvid=a6ce4e38ac41034b&srepoch=1737803290&all_sr_blocks=1167100201_389338729_3_0_0&highlighted_blocks=1167100201_389338729_3_0_0&matching_block_id=1167100201_389338729_3_0_0&sr_pri_blocks=1167100201_389338729_3_0_0__87081&from=searchresults
Ibis Styles Madrid Prado,"Centro de Madrid, Madrid",https://www.booking.com/hotel/es/greenprado.es.html?label=gen173nr-1FCAEoggI46AdIClgEaEaIAQGYAQq4ARnIAQ_YAQHoAQH4AQKIAgGoAgO4ArL50rwGwAIB0gIkOGZlNzdlZTAtYjM2Ni00NjEwLWJjZDItYjc2NTUzNTkyZGM32AIF4AIB&sid=5ad11202ea9cc1c07c5ed8caaaf11387&aid=304142&ucfs=1&arphpl=1&checkin=2025-03-01&checkout=2025-03-08&dest_id=-390625&dest_type=city&group_adults=2&req_adults=2&no_rooms=1&group_children=0&req_children=0&hpos=9&hapos=484&sr_order=popularity&srpvid=a6ce4e38ac41034b&srepoch=1737803290&all_sr_blocks=9003315_93708753_2_2_0&highlighted_blocks=9003315_93708753_2_2_0&matching_block_id=9003315_93708753_2_2_0&sr_pri_blocks=9003315_93708753_2_2_0__139754&from=searchresults
Hostal Madrid Star,"Centro de Madrid, Madrid",https://www.booking.com/hotel/es/hostal-madrid-star.es.html?label=gen173nr-1FCAEoggI46AdIClgEaEaIAQGYAQq4ARnIAQ_YAQHoAQH4AQKIAgGoAgO4ArL50rwGwAIB0gIkOGZlNzdlZTAtYjM2Ni00NjEwLWJjZDItYjc2NTUzNTkyZGM32AIF4AIB&sid=5ad11202ea9cc1c07c5ed8caaaf11387&aid=304142&ucfs=1&arphpl=1&checkin=2025-03-01&checkout=2025-03-08&dest_id=-390625&dest_type=city&group_adults=2&req_adults=2&no_rooms=1&group_children=0&req_children=0&hpos=10&hapos=485&sr_order=popularity&srpvid=a6ce4e38ac41034b&srepoch=1737803290&all_sr_blocks=81626007_88211579_0_0_0&highlighted_blocks=81626007_88211579_0_0_0&matching_block_id=81626007_88211579_0_0_0&sr_pri_blocks=81626007_88211579_0_0_0__101329&from=searchresults
AMA MADRID Metropolitano 04,"San Blas, Madrid",https://www.booking.com/hotel/es/ama-madrid-metropolitano-04.es.html?label=gen173nr-1FCAEoggI46AdIClgEaEaIAQGYAQq4ARnIAQ_YAQHoAQH4AQKIAgGoAgO4ArL50rwGwAIB0gIkOGZlNzdlZTAtYjM2Ni00NjEwLWJjZDItYjc2NTUzNTkyZGM32AIF4AIB&sid=5ad11202ea9cc1c07c5ed8caaaf11387&aid=304142&ucfs=1&arphpl=1&checkin=2025-03-01&checkout=2025-03-08&dest_id=-390625&dest_type=city&group_adults=2&req_adults=2&no_rooms=1&group_children=0&req_children=0&hpos=11&hapos=486&sr_order=popularity&srpvid=a6ce4e38ac41034b&srepoch=1737803290&all_sr_blocks=1243964102_400711806_2_0_0&highlighted_blocks=1243964102_400711806_2_0_0&matching_block_id=1243964102_400711806_2_0_0&sr_pri_blocks=1243964102_400711806_2_0_0__47339&from=searchresults
For You Rentals Puerta del Sol Apartments TEMPORAL PRE10B,"Centro de Madrid, Madrid",https://www.booking.com/hotel/es/puerta-del-sol-5.es.html?label=gen173nr-1FCAEoggI46AdIClgEaEaIAQGYAQq4ARnIAQ_YAQHoAQH4AQKIAgGoAgO4ArL50rwGwAIB0gIkOGZlNzdlZTAtYjM2Ni00NjEwLWJjZDItYjc2NTUzNTkyZGM32AIF4AIB&sid=5ad11202ea9cc1c07c5ed8caaaf11387&aid=304142&ucfs=1&arphpl=1&checkin=2025-03-01&checkout=2025-03-08&dest_id=-390625&dest_type=city&group_adults=2&req_adults=2&no_rooms=1&group_children=0&req_children=0&hpos=12&hapos=487&sr_order=popularity&srpvid=a6ce4e38ac41034b&srepoch=1737803290&all_sr_blocks=157063001_392328444_4_0_0&highlighted_blocks=157063001_392328444_4_0_0&matching_block_id=157063001_392328444_4_0_0&sr_pri_blocks=157063001_392328444_4_0_0__110098&from=searchresults
Apartamentos Noviembre,"San Blas, Madrid",https://www.booking.com/hotel/es/apartamentos-noviembre.es.html?label=gen173nr-1FCAEoggI46AdIClgEaEaIAQGYAQq4ARnIAQ_YAQHoAQH4AQKIAgGoAgO4ArL50rwGwAIB0gIkOGZlNzdlZTAtYjM2Ni00NjEwLWJjZDItYjc2NTUzNTkyZGM32AIF4AIB&sid=5ad11202ea9cc1c07c5ed8caaaf11387&aid=304142&ucfs=1&arphpl=1&checkin=2025-03-01&checkout=2025-03-08&dest_id=-390625&dest_type=city&group_adults=2&req_adults=2&no_rooms=1&group_children=0&req_children=0&hpos=13&hapos=488&sr_order=popularity&srpvid=a6ce4e38ac41034b&srepoch=1737803290&all_sr_blocks=1235137510_406861447_2_0_0_535903&highlighted_blocks=1235137510_406861447_2_0_0_535903&matching_block_id=1235137510_406861447_2_0_0_535903&sr_pri_blocks=1235137510_406861447_2_0_0_535903_63275&from=searchresults
Charming Madrid Delicias III,"Arganzuela, Madrid",https://www.booking.com/hotel/es/charming-madrid-delicias-iii-madrid.es.html?label=gen173nr-1FCAEoggI46AdIClgEaEaIAQGYAQq4ARnIAQ_YAQHoAQH4AQKIAgGoAgO4ArL50rwGwAIB0gIkOGZlNzdlZTAtYjM2Ni00NjEwLWJjZDItYjc2NTUzNTkyZGM32AIF4AIB&sid=5ad11202ea9cc1c07c5ed8caaaf11387&aid=304142&ucfs=1&arphpl=1&checkin=2025-03-01&checkout=2025-03-08&dest_id=-390625&dest_type=city&group_adults=2&req_adults=2&no_rooms=1&group_children=0&req_children=0&hpos=14&hapos=489&sr_order=popularity&srpvid=a6ce4e38ac41034b&srepoch=1737803290&all_sr_blocks=1046132401_376929701_2_0_0&highlighted_blocks=1046132401_376929701_2_0_0&matching_block_id=1046132401_376929701_2_0_0&sr_pri_blocks=1046132401_376929701_2_0_0__60827&from=searchresults
Room Mate Alicia,"Centro de Madrid, Madrid",https://www.booking.com/hotel/es/alicia-room-mate.es.html?label=gen173nr-1FCAEoggI46AdIClgEaEaIAQGYAQq4ARnIAQ_YAQHoAQH4AQKIAgGoAgO4ArL50rwGwAIB0gIkOGZlNzdlZTAtYjM2Ni00NjEwLWJjZDItYjc2NTUzNTkyZGM32AIF4AIB&sid=5ad11202ea9cc1c07c5ed8caaaf11387&aid=304142&ucfs=1&arphpl=1&checkin=2025-03-01&checkout=2025-03-08&dest_id=-390625&dest_type=city&group_adults=2&req_adults=2&no_rooms=1&group_children=0&req_children=0&hpos=15&hapos=490&sr_order=popularity&srpvid=a6ce4e38ac41034b&srepoch=1737803290&all_sr_blocks=9274708_88192903_0_2_0_310955&highlighted_blocks=9274708_88192903_0_2_0_310955&matching_block_id=9274708_88192903_0_2_0_310955&sr_pri_blocks=9274708_88192903_0_2_0_310955_138892&from=searchresults
Homelike Lavapies 2 bedroom,"Centro de Madrid, Madrid",https://www.booking.com/hotel/es/homelike-lavapies-2-bedroom.es.html?label=gen173nr-1FCAEoggI46AdIClgEaEaIAQGYAQq4ARnIAQ_YAQHoAQH4AQKIAgGoAgO4ArL50rwGwAIB0gIkOGZlNzdlZTAtYjM2Ni00NjEwLWJjZDItYjc2NTUzNTkyZGM32AIF4AIB&sid=5ad11202ea9cc1c07c5ed8caaaf11387&aid=304142&ucfs=1&arphpl=1&checkin=2025-03-01&checkout=2025-03-08&dest_id=-390625&dest_type=city&group_adults=2&req_adults=2&no_rooms=1&group_children=0&req_children=0&hpos=16&hapos=491&sr_order=popularity&srpvid=a6ce4e38ac41034b&srepoch=1737803290&all_sr_blocks=1099462201_382811472_2_0_0&highlighted_blocks=1099462201_382811472_2_0_0&matching_block_id=1099462201_382811472_2_0_0&sr_pri_blocks=1099462201_382811472_2_0_0__94162&from=searchresults
DWO Yuste Alcalá,"San Blas, Madrid",https://www.booking.com/hotel/es/dwo-miguel-yuste.es.html?label=gen173nr-1FCAEoggI46AdIClgEaEaIAQGYAQq4ARnIAQ_YAQHoAQH4AQKIAgGoAgO4ArL50rwGwAIB0gIkOGZlNzdlZTAtYjM2Ni00NjEwLWJjZDItYjc2NTUzNTkyZGM32AIF4AIB&sid=5ad11202ea9cc1c07c5ed8caaaf11387&aid=304142&ucfs=1&arphpl=1&checkin=2025-03-01&checkout=2025-03-08&dest_id=-390625&dest_type=city&group_adults=2&req_adults=2&no_rooms=1&group_children=0&req_children=0&hpos=17&hapos=492&sr_order=popularity&srpvid=a6ce4e38ac41034b&srepoch=1737803290&all_sr_blocks=793630401_339228278_2_0_0&highlighted_blocks=793630401_339228278_2_0_0&matching_block_id=793630401_339228278_2_0_0&sr_pri_blocks=793630401_339228278_2_0_0__78700&from=searchresults
Manzanares Apartments,"Arganzuela, Madrid",https://www.booking.com/hotel/es/manzanares-apartments.es.html?label=gen173nr-1FCAEoggI46AdIClgEaEaIAQGYAQq4ARnIAQ_YAQHoAQH4AQKIAgGoAgO4ArL50rwGwAIB0gIkOGZlNzdlZTAtYjM2Ni00NjEwLWJjZDItYjc2NTUzNTkyZGM32AIF4AIB&sid=5ad11202ea9cc1c07c5ed8caaaf11387&aid=304142&ucfs=1&arphpl=1&checkin=2025-03-01&checkout=2025-03-08&dest_id=-390625&dest_type=city&group_adults=2&req_adults=2&no_rooms=1&group_children=0&req_children=0&hpos=18&hapos=493&sr_order=popularity&srpvid=a6ce4e38ac41034b&srepoch=1737803290&all_sr_blocks=1009454601_400155151_2_0_0&highlighted_blocks=1009454601_400155151_2_0_0&matching_block_id=1009454601_400155151_2_0_0&sr_pri_blocks=1009454601_400155151_2_0_0__88181&from=searchresults
Espacio Bernabéu,"Chamartín, Madrid",https://www.booking.com/hotel/es/espacio-bernabeu.es.html?label=gen173nr-1FCAEoggI46AdIClgEaEaIAQGYAQq4ARnIAQ_YAQHoAQH4AQKIAgGoAgO4ArL50rwGwAIB0gIkOGZlNzdlZTAtYjM2Ni00NjEwLWJjZDItYjc2NTUzNTkyZGM32AIF4AIB&sid=5ad11202ea9cc1c07c5ed8caaaf11387&aid=304142&ucfs=1&arphpl=1&checkin=2025-03-01&checkout=2025-03-08&dest_id=-390625&dest_type=city&group_adults=2&req_adults=2&no_rooms=1&group_children=0&req_children=0&hpos=19&hapos=494&sr_order=popularity&srpvid=a6ce4e38ac41034b&srepoch=1737803290&all_sr_blocks=1168974601_389463876_2_2_0&highlighted_blocks=1168974601_389463876_2_2_0&matching_block_id=1168974601_389463876_2_2_0&sr_pri_blocks=1168974601_389463876_2_2_0__112973&from=searchresults
The Social Hub Madrid 4 star,"Moncloa - Aravaca, Madrid",https://www.booking.com/hotel/es/the-social-hub-madrid-4.es.html?label=gen173nr-1FCAEoggI46AdIClgEaEaIAQGYAQq4ARnIAQ_YAQHoAQH4AQKIAgGoAgO4ArL50rwGwAIB0gIkOGZlNzdlZTAtYjM2Ni00NjEwLWJjZDItYjc2NTUzNTkyZGM32AIF4AIB&sid=5ad11202ea9cc1c07c5ed8caaaf11387&aid=304142&ucfs=1&arphpl=1&checkin=2025-03-01&checkout=2025-03-08&dest_id=-390625&dest_type=city&group_adults=2&req_adults=2&no_rooms=1&group_children=0&req_children=0&hpos=20&hapos=495&sr_order=popularity&srpvid=a6ce4e38ac41034b&srepoch=1737803290&all_sr_blocks=854736302_352958929_0_2_0&highlighted_blocks=854736302_352958929_0_2_0&matching_block_id=854736302_352958929_0_2_0&sr_pri_blocks=854736302_352958929_0_2_0__146610&from=searchresults
AP Hotel Madrid Airport,"Barajas, Madrid",https://www.booking.com/hotel/es/ap-madrid-airport.es.html?label=gen173nr-1FCAEoggI46AdIClgEaEaIAQGYAQq4ARnIAQ_YAQHoAQH4AQKIAgGoAgO4ArL50rwGwAIB0gIkOGZlNzdlZTAtYjM2Ni00NjEwLWJjZDItYjc2NTUzNTkyZGM32AIF4AIB&sid=5ad11202ea9cc1c07c5ed8caaaf11387&aid=304142&ucfs=1&arphpl=1&checkin=2025-03-01&checkout=2025-03-08&dest_id=-390625&dest_type=city&group_adults=2&req_adults=2&no_rooms=1&group_children=0&req_children=0&hpos=21&hapos=496&sr_order=popularity&srpvid=a6ce4e38ac41034b&srepoch=1737803290&all_sr_blocks=857651702_353453926_0_0_0&highlighted_blocks=857651702_353453926_0_0_0&matching_block_id=857651702_353453926_0_0_0&sr_pri_blocks=857651702_353453926_0_0_0__64414&from=searchresults
Far Home Gran Vía,"Centro de Madrid, Madrid",https://www.booking.com/hotel/es/far-home-hostel.es.html?label=gen173nr-1FCAEoggI46AdIClgEaEaIAQGYAQq4ARnIAQ_YAQHoAQH4AQKIAgGoAgO4ArL50rwGwAIB0gIkOGZlNzdlZTAtYjM2Ni00NjEwLWJjZDItYjc2NTUzNTkyZGM32AIF4AIB&sid=5ad11202ea9cc1c07c5ed8caaaf11387&aid=304142&ucfs=1&arphpl=1&checkin=2025-03-01&checkout=2025-03-08&dest_id=-390625&dest_type=city&group_adults=2&req_adults=2&no_rooms=1&group_children=0&req_children=0&hpos=22&hapos=497&sr_order=popularity&srpvid=a6ce4e38ac41034b&srepoch=1737803290&all_sr_blocks=43807725_91928782_2_0_0&highlighted_blocks=43807725_91928782_2_0_0&matching_block_id=43807725_91928782_2_0_0&sr_pri_blocks=43807725_91928782_2_0_0__108204&from=searchresults
Hispano Gran Vía,"Centro de Madrid, Madrid",https://www.booking.com/hotel/es/hostal-hispano.es.html?label=gen173nr-1FCAEoggI46AdIClgEaEaIAQGYAQq4ARnIAQ_YAQHoAQH4AQKIAgGoAgO4ArL50rwGwAIB0gIkOGZlNzdlZTAtYjM2Ni00NjEwLWJjZDItYjc2NTUzNTkyZGM32AIF4AIB&sid=5ad11202ea9cc1c07c5ed8caaaf11387&aid=304142&ucfs=1&arphpl=1&checkin=2025-03-01&checkout=2025-03-08&dest_id=-390625&dest_type=city&group_adults=2&req_adults=2&no_rooms=1&group_children=0&req_children=0&hpos=23&hapos=498&sr_order=popularity&srpvid=a6ce4e38ac41034b&srepoch=1737803290&all_sr_blocks=28849602_0_2_0_0&highlighted_blocks=28849602_0_2_0_0&matching_block_id=28849602_0_2_0_0&sr_pri_blocks=28849602_0_2_0_0__87257&from=searchresults
El Refugio de La Sierpe,"Centro de Madrid, Madrid",https://www.booking.com/hotel/es/el-escondrijo-de-la-sierpe-madrid1.es.html?label=gen173nr-1FCAEoggI46AdIClgEaEaIAQGYAQq4ARnIAQ_YAQHoAQH4AQKIAgGoAgO4ArL50rwGwAIB0gIkOGZlNzdlZTAtYjM2Ni00NjEwLWJjZDItYjc2NTUzNTkyZGM32AIF4AIB&sid=5ad11202ea9cc1c07c5ed8caaaf11387&aid=304142&ucfs=1&arphpl=1&checkin=2025-03-01&checkout=2025-03-08&dest_id=-390625&dest_type=city&group_adults=2&req_adults=2&no_rooms=1&group_children=0&req_children=0&hpos=24&hapos=499&sr_order=popularity&srpvid=a6ce4e38ac41034b&srepoch=1737803290&all_sr_blocks=874042902_392537027_2_0_0&highlighted_blocks=874042902_392537027_2_0_0&matching_block_id=874042902_392537027_2_0_0&sr_pri_blocks=874042902_392537027_2_0_0__70155&from=searchresults
Blume Cruz Suites,"Centro de Madrid, Madrid",https://www.booking.com/hotel/es/apartamentos-cruz.es.html?label=gen173nr-1FCAEoggI46AdIClgEaEaIAQGYAQq4ARnIAQ_YAQHoAQH4AQKIAgGoAgO4ArL50rwGwAIB0gIkOGZlNzdlZTAtYjM2Ni00NjEwLWJjZDItYjc2NTUzNTkyZGM32AIF4AIB&sid=5ad11202ea9cc1c07c5ed8caaaf11387&aid=304142&ucfs=1&arphpl=1&checkin=2025-03-01&checkout=2025-03-08&dest_id=-390625&dest_type=city&group_adults=2&req_adults=2&no_rooms=1&group_children=0&req_children=0&hpos=25&hapos=500&sr_order=popularity&srpvid=a6ce4e38ac41034b&srepoch=1737803290&all_sr_blocks=1225914_116758459_2_2_0&highlighted_blocks=1225914_116758459_2_2_0&matching_block_id=1225914_116758459_2_2_0&sr_pri_blocks=1225914_116758459_2_2_0__125871&from=searchresults
La casita de Valvanera,"Carabanchel, Madrid",https://www.booking.com/hotel/es/la-casita-de-valvanera.es.html?label=gen173nr-1FCAEoggI46AdIClgEaEaIAQGYAQq4ARnIAQ_YAQHoAQH4AQKIAgGoAgO4ArL50rwGwAIB0gIkOGZlNzdlZTAtYjM2Ni00NjEwLWJjZDItYjc2NTUzNTkyZGM32AIF4AIB&sid=5ad11202ea9cc1c07c5ed8caaaf11387&aid=304142&ucfs=1&arphpl=1&checkin=2025-03-01&checkout=2025-03-08&dest_id=-390625&dest_type=city&group_adults=2&req_adults=2&no_rooms=1&group_children=0&req_children=0&hpos=1&hapos=501&sr_order=popularity&srpvid=a6ce4e38ac41034b&srepoch=1737803292&all_sr_blocks=454987501_377066755_2_0_0&highlighted_blocks=454987501_377066755_2_0_0&matching_block_id=454987501_377066755_2_0_0&sr_pri_blocks=454987501_377066755_2_0_0__74722&from=searchresults
Petit Palace Chueca,"Centro de Madrid, Madrid",https://www.booking.com/hotel/es/petitpalaceducal.es.html?label=gen173nr-1FCAEoggI46AdIClgEaEaIAQGYAQq4ARnIAQ_YAQHoAQH4AQKIAgGoAgO4ArL50rwGwAIB0gIkOGZlNzdlZTAtYjM2Ni00NjEwLWJjZDItYjc2NTUzNTkyZGM32AIF4AIB&sid=5ad11202ea9cc1c07c5ed8caaaf11387&aid=304142&ucfs=1&arphpl=1&checkin=2025-03-01&checkout=2025-03-08&dest_id=-390625&dest_type=city&group_adults=2&req_adults=2&no_rooms=1&group_children=0&req_children=0&hpos=2&hapos=502&sr_order=popularity&srpvid=a6ce4e38ac41034b&srepoch=1737803292&all_sr_blocks=9039005_88181629_0_2_0_182233&highlighted_blocks=9039005_88181629_0_2_0_182233&matching_block_id=9039005_88181629_0_2_0_182233&sr_pri_blocks=9039005_88181629_0_2_0_182233_156960&from=searchresults
VISTALEGRE Apartments,"Carabanchel, Madrid",https://www.booking.com/hotel/es/vistalegre-apartments.es.html?label=gen173nr-1FCAEoggI46AdIClgEaEaIAQGYAQq4ARnIAQ_YAQHoAQH4AQKIAgGoAgO4ArL50rwGwAIB0gIkOGZlNzdlZTAtYjM2Ni00NjEwLWJjZDItYjc2NTUzNTkyZGM32AIF4AIB&sid=5ad11202ea9cc1c07c5ed8caaaf11387&aid=304142&ucfs=1&arphpl=1&checkin=2025-03-01&checkout=2025-03-08&dest_id=-390625&dest_type=city&group_adults=2&req_adults=2&no_rooms=1&group_children=0&req_children=0&hpos=3&hapos=503&sr_order=popularity&srpvid=a6ce4e38ac41034b&srepoch=1737803292&all_sr_blocks=1077126302_400155159_2_0_0&highlighted_blocks=1077126302_400155159_2_0_0&matching_block_id=1077126302_400155159_2_0_0&sr_pri_blocks=1077126302_400155159_2_0_0__91663&from=searchresults
Hostal El Pilar,"Centro de Madrid, Madrid",https://www.booking.com/hotel/es/el-pilar.es.html?label=gen173nr-1FCAEoggI46AdIClgEaEaIAQGYAQq4ARnIAQ_YAQHoAQH4AQKIAgGoAgO4ArL50rwGwAIB0gIkOGZlNzdlZTAtYjM2Ni00NjEwLWJjZDItYjc2NTUzNTkyZGM32AIF4AIB&sid=5ad11202ea9cc1c07c5ed8caaaf11387&aid=304142&ucfs=1&arphpl=1&checkin=2025-03-01&checkout=2025-03-08&dest_id=-390625&dest_type=city&group_adults=2&req_adults=2&no_rooms=1&group_children=0&req_children=0&hpos=4&hapos=504&sr_order=popularity&srpvid=a6ce4e38ac41034b&srepoch=1737803292&all_sr_blocks=24483902_0_2_0_0&highlighted_blocks=24483902_0_2_0_0&matching_block_id=24483902_0_2_0_0&sr_pri_blocks=24483902_0_2_0_0__97209&from=searchresults
Hostal Montaloya,"Centro de Madrid, Madrid",https://www.booking.com/hotel/es/hostal-montaloya.es.html?label=gen173nr-1FCAEoggI46AdIClgEaEaIAQGYAQq4ARnIAQ_YAQHoAQH4AQKIAgGoAgO4ArL50rwGwAIB0gIkOGZlNzdlZTAtYjM2Ni00NjEwLWJjZDItYjc2NTUzNTkyZGM32AIF4AIB&sid=5ad11202ea9cc1c07c5ed8caaaf11387&aid=304142&ucfs=1&arphpl=1&checkin=2025-03-01&checkout=2025-03-08&dest_id=-390625&dest_type=city&group_adults=2&req_adults=2&no_rooms=1&group_children=0&req_children=0&hpos=5&hapos=505&sr_order=popularity&srpvid=a6ce4e38ac41034b&srepoch=1737803292&all_sr_blocks=0_0_2_0_0&highlighted_blocks=0_0_2_0_0&matching_block_id=0_0_2_0_0&sr_pri_blocks=0_0_2_0_0__107813&from=searchresults
Hostal Los Arcos,"Centro de Madrid, Madrid",https://www.booking.com/hotel/es/los-arcos-madrid.es.html?label=gen173nr-1FCAEoggI46AdIClgEaEaIAQGYAQq4ARnIAQ_YAQHoAQH4AQKIAgGoAgO4ArL50rwGwAIB0gIkOGZlNzdlZTAtYjM2Ni00NjEwLWJjZDItYjc2NTUzNTkyZGM32AIF4AIB&sid=5ad11202ea9cc1c07c5ed8caaaf11387&aid=304142&ucfs=1&arphpl=1&checkin=2025-03-01&checkout=2025-03-08&dest_id=-390625&dest_type=city&group_adults=2&req_adults=2&no_rooms=1&group_children=0&req_children=0&hpos=6&hapos=506&sr_order=popularity&srpvid=a6ce4e38ac41034b&srepoch=1737803292&all_sr_blocks=69197802_0_2_0_0&highlighted_blocks=69197802_0_2_0_0&matching_block_id=69197802_0_2_0_0&sr_pri_blocks=69197802_0_2_0_0__61015&from=searchresults
Hotel Freedom,"Centro de Madrid, Madrid",https://www.booking.com/hotel/es/freedom-madrid.es.html?label=gen173nr-1FCAEoggI46AdIClgEaEaIAQGYAQq4ARnIAQ_YAQHoAQH4AQKIAgGoAgO4ArL50rwGwAIB0gIkOGZlNzdlZTAtYjM2Ni00NjEwLWJjZDItYjc2NTUzNTkyZGM32AIF4AIB&sid=5ad11202ea9cc1c07c5ed8caaaf11387&aid=304142&ucfs=1&arphpl=1&checkin=2025-03-01&checkout=2025-03-08&dest_id=-390625&dest_type=city&group_adults=2&req_adults=2&no_rooms=1&group_children=0&req_children=0&hpos=7&hapos=507&sr_order=popularity&srpvid=a6ce4e38ac41034b&srepoch=1737803292&all_sr_blocks=417198903_127164019_2_0_0&highlighted_blocks=417198903_127164019_2_0_0&matching_block_id=417198903_127164019_2_0_0&sr_pri_blocks=417198903_127164019_2_0_0__113000&from=searchresults
Aluche 2 Apartment,"Latina, Madrid",https://www.booking.com/hotel/es/aluche-2-apartment.es.html?label=gen173nr-1FCAEoggI46AdIClgEaEaIAQGYAQq4ARnIAQ_YAQHoAQH4AQKIAgGoAgO4ArL50rwGwAIB0gIkOGZlNzdlZTAtYjM2Ni00NjEwLWJjZDItYjc2NTUzNTkyZGM32AIF4AIB&sid=5ad11202ea9cc1c07c5ed8caaaf11387&aid=304142&ucfs=1&arphpl=1&checkin=2025-03-01&checkout=2025-03-08&dest_id=-390625&dest_type=city&group_adults=2&req_adults=2&no_rooms=1&group_children=0&req_children=0&hpos=8&hapos=508&sr_order=popularity&srpvid=a6ce4e38ac41034b&srepoch=1737803292&all_sr_blocks=1343491101_406727600_4_0_0&highlighted_blocks=1343491101_406727600_4_0_0&matching_block_id=1343491101_406727600_4_0_0&sr_pri_blocks=1343491101_406727600_4_0_0__96597&from=searchresults
Homeclub Modern Flat by Prado Museum & Retiro Moratin V,"Centro de Madrid, Madrid",https://www.booking.com/hotel/es/moratin-v.es.html?label=gen173nr-1FCAEoggI46AdIClgEaEaIAQGYAQq4ARnIAQ_YAQHoAQH4AQKIAgGoAgO4ArL50rwGwAIB0gIkOGZlNzdlZTAtYjM2Ni00NjEwLWJjZDItYjc2NTUzNTkyZGM32AIF4AIB&sid=5ad11202ea9cc1c07c5ed8caaaf11387&aid=304142&ucfs=1&arphpl=1&checkin=2025-03-01&checkout=2025-03-08&dest_id=-390625&dest_type=city&group_adults=2&req_adults=2&no_rooms=1&group_children=0&req_children=0&hpos=9&hapos=509&sr_order=popularity&srpvid=a6ce4e38ac41034b&srepoch=1737803292&all_sr_blocks=1292894002_402228290_2_0_0&highlighted_blocks=1292894002_402228290_2_0_0&matching_block_id=1292894002_402228290_2_0_0&sr_pri_blocks=1292894002_402228290_2_0_0__104276&from=searchresults
"Hotel Madrid Alameda Aeropuerto, Affiliated by Meliá","Barajas, Madrid",https://www.booking.com/hotel/es/hotel-madrid-alameda-aeropuerto-affiliated-by-melia.es.html?label=gen173nr-1FCAEoggI46AdIClgEaEaIAQGYAQq4ARnIAQ_YAQHoAQH4AQKIAgGoAgO4ArL50rwGwAIB0gIkOGZlNzdlZTAtYjM2Ni00NjEwLWJjZDItYjc2NTUzNTkyZGM32AIF4AIB&sid=5ad11202ea9cc1c07c5ed8caaaf11387&aid=304142&ucfs=1&arphpl=1&checkin=2025-03-01&checkout=2025-03-08&dest_id=-390625&dest_type=city&group_adults=2&req_adults=2&no_rooms=1&group_children=0&req_children=0&hpos=10&hapos=510&sr_order=popularity&srpvid=a6ce4e38ac41034b&srepoch=1737803292&all_sr_blocks=9176401_91989179_2_34_0&highlighted_blocks=9176401_91989179_2_34_0&matching_block_id=9176401_91989179_2_34_0&sr_pri_blocks=9176401_91989179_2_34_0__105800&from_sustainable_property_sr=1&from=searchresults
CH Velarde,"Centro de Madrid, Madrid",https://www.booking.com/hotel/es/pension-enebral.es.html?label=gen173nr-1FCAEoggI46AdIClgEaEaIAQGYAQq4ARnIAQ_YAQHoAQH4AQKIAgGoAgO4ArL50rwGwAIB0gIkOGZlNzdlZTAtYjM2Ni00NjEwLWJjZDItYjc2NTUzNTkyZGM32AIF4AIB&sid=5ad11202ea9cc1c07c5ed8caaaf11387&aid=304142&ucfs=1&arphpl=1&checkin=2025-03-01&checkout=2025-03-08&dest_id=-390625&dest_type=city&group_adults=2&req_adults=2&no_rooms=1&group_children=0&req_children=0&hpos=11&hapos=511&sr_order=popularity&srpvid=a6ce4e38ac41034b&srepoch=1737803292&all_sr_blocks=25629601_280811572_0_0_0&highlighted_blocks=25629601_280811572_0_0_0&matching_block_id=25629601_280811572_0_0_0&sr_pri_blocks=25629601_280811572_0_0_0__90100&from=searchresults
Centro Bernabeu Wizink Feria Aeropuerto,"Ciudad Lineal, Madrid",https://www.booking.com/hotel/es/apartamento-4-centro-aeropuerto-feria-wanda-metro.es.html?label=gen173nr-1FCAEoggI46AdIClgEaEaIAQGYAQq4ARnIAQ_YAQHoAQH4AQKIAgGoAgO4ArL50rwGwAIB0gIkOGZlNzdlZTAtYjM2Ni00NjEwLWJjZDItYjc2NTUzNTkyZGM32AIF4AIB&sid=5ad11202ea9cc1c07c5ed8caaaf11387&aid=304142&ucfs=1&arphpl=1&checkin=2025-03-01&checkout=2025-03-08&dest_id=-390625&dest_type=city&group_adults=2&req_adults=2&no_rooms=1&group_children=0&req_children=0&hpos=12&hapos=512&sr_order=popularity&srpvid=a6ce4e38ac41034b&srepoch=1737803292&all_sr_blocks=1055053301_382495880_2_0_0&highlighted_blocks=1055053301_382495880_2_0_0&matching_block_id=1055053301_382495880_2_0_0&sr_pri_blocks=1055053301_382495880_2_0_0__77429&from=searchresults
Cozy and modern-1Bedroom 1Bathroom-Chamberí,"Chamberí, Madrid",https://www.booking.com/hotel/es/cozy-and-modern-1bedroom-1bathroom-chamberi.es.html?label=gen173nr-1FCAEoggI46AdIClgEaEaIAQGYAQq4ARnIAQ_YAQHoAQH4AQKIAgGoAgO4ArL50rwGwAIB0gIkOGZlNzdlZTAtYjM2Ni00NjEwLWJjZDItYjc2NTUzNTkyZGM32AIF4AIB&sid=5ad11202ea9cc1c07c5ed8caaaf11387&aid=304142&ucfs=1&arphpl=1&checkin=2025-03-01&checkout=2025-03-08&dest_id=-390625&dest_type=city&group_adults=2&req_adults=2&no_rooms=1&group_children=0&req_children=0&hpos=13&hapos=513&sr_order=popularity&srpvid=a6ce4e38ac41034b&srepoch=1737803292&all_sr_blocks=1236272802_395871511_2_0_0&highlighted_blocks=1236272802_395871511_2_0_0&matching_block_id=1236272802_395871511_2_0_0&sr_pri_blocks=1236272802_395871511_2_0_0__95286&from=searchresults
Aravaca Village Hotel,"Moncloa - Aravaca, Madrid",https://www.booking.com/hotel/es/achotelsaravaca.es.html?label=gen173nr-1FCAEoggI46AdIClgEaEaIAQGYAQq4ARnIAQ_YAQHoAQH4AQKIAgGoAgO4ArL50rwGwAIB0gIkOGZlNzdlZTAtYjM2Ni00NjEwLWJjZDItYjc2NTUzNTkyZGM32AIF4AIB&sid=5ad11202ea9cc1c07c5ed8caaaf11387&aid=304142&ucfs=1&arphpl=1&checkin=2025-03-01&checkout=2025-03-08&dest_id=-390625&dest_type=city&group_adults=2&req_adults=2&no_rooms=1&group_children=0&req_children=0&hpos=14&hapos=514&sr_order=popularity&srpvid=a6ce4e38ac41034b&srepoch=1737803292&all_sr_blocks=9130705_0_2_0_0&highlighted_blocks=9130705_0_2_0_0&matching_block_id=9130705_0_2_0_0&sr_pri_blocks=9130705_0_2_0_0__98016&from=searchresults
VP Metropolitano,"Tetuán, Madrid",https://www.booking.com/hotel/es/jardin-metropolitano.es.html?label=gen173nr-1FCAEoggI46AdIClgEaEaIAQGYAQq4ARnIAQ_YAQHoAQH4AQKIAgGoAgO4ArL50rwGwAIB0gIkOGZlNzdlZTAtYjM2Ni00NjEwLWJjZDItYjc2NTUzNTkyZGM32AIF4AIB&sid=5ad11202ea9cc1c07c5ed8caaaf11387&aid=304142&ucfs=1&arphpl=1&checkin=2025-03-01&checkout=2025-03-08&dest_id=-390625&dest_type=city&group_adults=2&req_adults=2&no_rooms=1&group_children=0&req_children=0&hpos=15&hapos=515&sr_order=popularity&srpvid=a6ce4e38ac41034b&srepoch=1737803292&all_sr_blocks=9260708_88192756_2_1_0&highlighted_blocks=9260708_88192756_2_1_0&matching_block_id=9260708_88192756_2_1_0&sr_pri_blocks=9260708_88192756_2_1_0__106610&from=searchresults
Modular Suites Alfonso Gómez,"San Blas, Madrid",https://www.booking.com/hotel/es/modular-rooms-suites-alfonso-gomez.es.html?label=gen173nr-1FCAEoggI46AdIClgEaEaIAQGYAQq4ARnIAQ_YAQHoAQH4AQKIAgGoAgO4ArL50rwGwAIB0gIkOGZlNzdlZTAtYjM2Ni00NjEwLWJjZDItYjc2NTUzNTkyZGM32AIF4AIB&sid=5ad11202ea9cc1c07c5ed8caaaf11387&aid=304142&ucfs=1&arphpl=1&checkin=2025-03-01&checkout=2025-03-08&dest_id=-390625&dest_type=city&group_adults=2&req_adults=2&no_rooms=1&group_children=0&req_children=0&hpos=16&hapos=516&sr_order=popularity&srpvid=a6ce4e38ac41034b&srepoch=1737803292&all_sr_blocks=1034761402_376055713_3_0_0&highlighted_blocks=1034761402_376055713_3_0_0&matching_block_id=1034761402_376055713_3_0_0&sr_pri_blocks=1034761402_376055713_3_0_0__78727&from=searchresults
Intimate Studio in the heart of Madrid,"Centro de Madrid, Madrid",https://www.booking.com/hotel/es/intimate-studio-in-the-heart-of-madrid.es.html?label=gen173nr-1FCAEoggI46AdIClgEaEaIAQGYAQq4ARnIAQ_YAQHoAQH4AQKIAgGoAgO4ArL50rwGwAIB0gIkOGZlNzdlZTAtYjM2Ni00NjEwLWJjZDItYjc2NTUzNTkyZGM32AIF4AIB&sid=5ad11202ea9cc1c07c5ed8caaaf11387&aid=304142&ucfs=1&arphpl=1&checkin=2025-03-01&checkout=2025-03-08&dest_id=-390625&dest_type=city&group_adults=2&req_adults=2&no_rooms=1&group_children=0&req_children=0&hpos=17&hapos=517&sr_order=popularity&srpvid=a6ce4e38ac41034b&srepoch=1737803292&all_sr_blocks=1323017101_404971760_0_0_0&highlighted_blocks=1323017101_404971760_0_0_0&matching_block_id=1323017101_404971760_0_0_0&sr_pri_blocks=1323017101_404971760_0_0_0__84806&from=searchresults
Estudios Nuevos Madrid Centro,"Villaverde, Madrid",https://www.booking.com/hotel/es/hostal-villaverde-madrid.es.html?label=gen173nr-1FCAEoggI46AdIClgEaEaIAQGYAQq4ARnIAQ_YAQHoAQH4AQKIAgGoAgO4ArL50rwGwAIB0gIkOGZlNzdlZTAtYjM2Ni00NjEwLWJjZDItYjc2NTUzNTkyZGM32AIF4AIB&sid=5ad11202ea9cc1c07c5ed8caaaf11387&aid=304142&ucfs=1&arphpl=1&checkin=2025-03-01&checkout=2025-03-08&dest_id=-390625&dest_type=city&group_adults=2&req_adults=2&no_rooms=1&group_children=0&req_children=0&hpos=18&hapos=518&sr_order=popularity&srpvid=a6ce4e38ac41034b&srepoch=1737803292&all_sr_blocks=1202174802_399829347_2_0_0&highlighted_blocks=1202174802_399829347_2_0_0&matching_block_id=1202174802_399829347_2_0_0&sr_pri_blocks=1202174802_399829347_2_0_0__63370&from=searchresults
Victoria Apartments,"Centro de Madrid, Madrid",https://www.booking.com/hotel/es/victoria-apartments-madrid.es.html?label=gen173nr-1FCAEoggI46AdIClgEaEaIAQGYAQq4ARnIAQ_YAQHoAQH4AQKIAgGoAgO4ArL50rwGwAIB0gIkOGZlNzdlZTAtYjM2Ni00NjEwLWJjZDItYjc2NTUzNTkyZGM32AIF4AIB&sid=5ad11202ea9cc1c07c5ed8caaaf11387&aid=304142&ucfs=1&arphpl=1&checkin=2025-03-01&checkout=2025-03-08&dest_id=-390625&dest_type=city&group_adults=2&req_adults=2&no_rooms=1&group_children=0&req_children=0&hpos=19&hapos=519&sr_order=popularity&srpvid=a6ce4e38ac41034b&srepoch=1737803292&all_sr_blocks=1131005906_385752709_2_0_0&highlighted_blocks=1131005906_385752709_2_0_0&matching_block_id=1131005906_385752709_2_0_0&sr_pri_blocks=1131005906_385752709_2_0_0__84170&from=searchresults
BRIGHT FLAT Parking/Wanda Metropolitano/Airport,"San Blas, Madrid",https://www.booking.com/hotel/es/bright-flat-parking-wanda-metropolitano-airport-madrid.es.html?label=gen173nr-1FCAEoggI46AdIClgEaEaIAQGYAQq4ARnIAQ_YAQHoAQH4AQKIAgGoAgO4ArL50rwGwAIB0gIkOGZlNzdlZTAtYjM2Ni00NjEwLWJjZDItYjc2NTUzNTkyZGM32AIF4AIB&sid=5ad11202ea9cc1c07c5ed8caaaf11387&aid=304142&ucfs=1&arphpl=1&checkin=2025-03-01&checkout=2025-03-08&dest_id=-390625&dest_type=city&group_adults=2&req_adults=2&no_rooms=1&group_children=0&req_children=0&hpos=20&hapos=520&sr_order=popularity&srpvid=a6ce4e38ac41034b&srepoch=1737803292&all_sr_blocks=900210301_401386933_6_0_0&highlighted_blocks=900210301_401386933_6_0_0&matching_block_id=900210301_401386933_6_0_0&sr_pri_blocks=900210301_401386933_6_0_0__142622&from=searchresults
Alfonso XIII Apartments 1,"Chamartín, Madrid",https://www.booking.com/hotel/es/alfonso-xiii-aparments-1.es.html?label=gen173nr-1FCAEoggI46AdIClgEaEaIAQGYAQq4ARnIAQ_YAQHoAQH4AQKIAgGoAgO4ArL50rwGwAIB0gIkOGZlNzdlZTAtYjM2Ni00NjEwLWJjZDItYjc2NTUzNTkyZGM32AIF4AIB&sid=5ad11202ea9cc1c07c5ed8caaaf11387&aid=304142&ucfs=1&arphpl=1&checkin=2025-03-01&checkout=2025-03-08&dest_id=-390625&dest_type=city&group_adults=2&req_adults=2&no_rooms=1&group_children=0&req_children=0&hpos=21&hapos=521&sr_order=popularity&srpvid=a6ce4e38ac41034b&srepoch=1737803292&all_sr_blocks=1143651701_387219046_2_0_0&highlighted_blocks=1143651701_387219046_2_0_0&matching_block_id=1143651701_387219046_2_0_0&sr_pri_blocks=1143651701_387219046_2_0_0__60673&from=searchresults
Pullman Madrid Airport & Feria,"Barajas, Madrid",https://www.booking.com/hotel/es/pullman-madrid-airport-feria.es.html?label=gen173nr-1FCAEoggI46AdIClgEaEaIAQGYAQq4ARnIAQ_YAQHoAQH4AQKIAgGoAgO4ArL50rwGwAIB0gIkOGZlNzdlZTAtYjM2Ni00NjEwLWJjZDItYjc2NTUzNTkyZGM32AIF4AIB&sid=5ad11202ea9cc1c07c5ed8caaaf11387&aid=304142&ucfs=1&arphpl=1&checkin=2025-03-01&checkout=2025-03-08&dest_id=-390625&dest_type=city&group_adults=2&req_adults=2&no_rooms=1&group_children=0&req_children=0&hpos=22&hapos=522&sr_order=popularity&srpvid=a6ce4e38ac41034b&srepoch=1737803292&all_sr_blocks=9362717_93709717_2_34_0&highlighted_blocks=9362717_93709717_2_34_0&matching_block_id=9362717_93709717_2_34_0&sr_pri_blocks=9362717_93709717_2_34_0__126825&from_sustainable_property_sr=1&from=searchresults
Hostal Oliver,"Centro de Madrid, Madrid",https://www.booking.com/hotel/es/hostal-oliver.es.html?label=gen173nr-1FCAEoggI46AdIClgEaEaIAQGYAQq4ARnIAQ_YAQHoAQH4AQKIAgGoAgO4ArL50rwGwAIB0gIkOGZlNzdlZTAtYjM2Ni00NjEwLWJjZDItYjc2NTUzNTkyZGM32AIF4AIB&sid=5ad11202ea9cc1c07c5ed8caaaf11387&aid=304142&ucfs=1&arphpl=1&checkin=2025-03-01&checkout=2025-03-08&dest_id=-390625&dest_type=city&group_adults=2&req_adults=2&no_rooms=1&group_children=0&req_children=0&hpos=23&hapos=523&sr_order=popularity&srpvid=a6ce4e38ac41034b&srepoch=1737803292&all_sr_blocks=25586902_340055622_2_0_0&highlighted_blocks=25586902_340055622_2_0_0&matching_block_id=25586902_340055622_2_0_0&sr_pri_blocks=25586902_340055622_2_0_0__86953&from=searchresults
El Olivar de la Paz,"Centro de Madrid, Madrid",https://www.booking.com/hotel/es/el-olivar-de-la-paz.es.html?label=gen173nr-1FCAEoggI46AdIClgEaEaIAQGYAQq4ARnIAQ_YAQHoAQH4AQKIAgGoAgO4ArL50rwGwAIB0gIkOGZlNzdlZTAtYjM2Ni00NjEwLWJjZDItYjc2NTUzNTkyZGM32AIF4AIB&sid=5ad11202ea9cc1c07c5ed8caaaf11387&aid=304142&ucfs=1&arphpl=1&checkin=2025-03-01&checkout=2025-03-08&dest_id=-390625&dest_type=city&group_adults=2&req_adults=2&no_rooms=1&group_children=0&req_children=0&hpos=24&hapos=524&sr_order=popularity&srpvid=a6ce4e38ac41034b&srepoch=1737803292&all_sr_blocks=799017902_392537036_2_0_0&highlighted_blocks=799017902_392537036_2_0_0&matching_block_id=799017902_392537036_2_0_0&sr_pri_blocks=799017902_392537036_2_0_0__94900&from=searchresults
Clement Barajas,"Barajas, Madrid",https://www.booking.com/hotel/es/clement-barajas.es.html?label=gen173nr-1FCAEoggI46AdIClgEaEaIAQGYAQq4ARnIAQ_YAQHoAQH4AQKIAgGoAgO4ArL50rwGwAIB0gIkOGZlNzdlZTAtYjM2Ni00NjEwLWJjZDItYjc2NTUzNTkyZGM32AIF4AIB&sid=5ad11202ea9cc1c07c5ed8caaaf11387&aid=304142&ucfs=1&arphpl=1&checkin=2025-03-01&checkout=2025-03-08&dest_id=-390625&dest_type=city&group_adults=2&req_adults=2&no_rooms=1&group_children=0&req_children=0&hpos=25&hapos=525&sr_order=popularity&srpvid=a6ce4e38ac41034b&srepoch=1737803292&all_sr_blocks=9259007_329609415_0_34_0&highlighted_blocks=9259007_329609415_0_34_0&matching_block_id=9259007_329609415_0_34_0&sr_pri_blocks=9259007_329609415_0_34_0__84312&from=searchresults
Modern Bright -1Bedroom 1Bath -Cuatro Caminos,"Tetuán, Madrid",https://www.booking.com/hotel/es/modern-bright-1bedroom-1bath-cuatro-caminos.es.html?label=gen173nr-1FCAEoggI46AdIClgEaEaIAQGYAQq4ARnIAQ_YAQHoAQH4AQKIAgGoAgO4ArL50rwGwAIB0gIkOGZlNzdlZTAtYjM2Ni00NjEwLWJjZDItYjc2NTUzNTkyZGM32AIF4AIB&sid=5ad11202ea9cc1c07c5ed8caaaf11387&aid=304142&ucfs=1&arphpl=1&checkin=2025-03-01&checkout=2025-03-08&dest_id=-390625&dest_type=city&group_adults=2&req_adults=2&no_rooms=1&group_children=0&req_children=0&hpos=1&hapos=526&sr_order=popularity&srpvid=a6ce4e38ac41034b&srepoch=1737803295&all_sr_blocks=1048207502_377441878_2_0_0&highlighted_blocks=1048207502_377441878_2_0_0&matching_block_id=1048207502_377441878_2_0_0&sr_pri_blocks=1048207502_377441878_2_0_0__79774&from=searchresults
Lucero Madrid,"Latina, Madrid",https://www.booking.com/hotel/es/lucero-madrid.es.html?label=gen173nr-1FCAEoggI46AdIClgEaEaIAQGYAQq4ARnIAQ_YAQHoAQH4AQKIAgGoAgO4ArL50rwGwAIB0gIkOGZlNzdlZTAtYjM2Ni00NjEwLWJjZDItYjc2NTUzNTkyZGM32AIF4AIB&sid=5ad11202ea9cc1c07c5ed8caaaf11387&aid=304142&ucfs=1&arphpl=1&checkin=2025-03-01&checkout=2025-03-08&dest_id=-390625&dest_type=city&group_adults=2&req_adults=2&no_rooms=1&group_children=0&req_children=0&hpos=2&hapos=527&sr_order=popularity&srpvid=a6ce4e38ac41034b&srepoch=1737803295&all_sr_blocks=213407901_236047550_2_0_0&highlighted_blocks=213407901_236047550_2_0_0&matching_block_id=213407901_236047550_2_0_0&sr_pri_blocks=213407901_236047550_2_0_0__91910&from=searchresults
BYPILLOW The Citadel,"Centro de Madrid, Madrid",https://www.booking.com/hotel/es/the-citadel-guest-house.es.html?label=gen173nr-1FCAEoggI46AdIClgEaEaIAQGYAQq4ARnIAQ_YAQHoAQH4AQKIAgGoAgO4ArL50rwGwAIB0gIkOGZlNzdlZTAtYjM2Ni00NjEwLWJjZDItYjc2NTUzNTkyZGM32AIF4AIB&sid=5ad11202ea9cc1c07c5ed8caaaf11387&aid=304142&ucfs=1&arphpl=1&checkin=2025-03-01&checkout=2025-03-08&dest_id=-390625&dest_type=city&group_adults=2&req_adults=2&no_rooms=1&group_children=0&req_children=0&hpos=3&hapos=528&sr_order=popularity&srpvid=a6ce4e38ac41034b&srepoch=1737803295&all_sr_blocks=144288904_87185738_0_0_0&highlighted_blocks=144288904_87185738_0_0_0&matching_block_id=144288904_87185738_0_0_0&sr_pri_blocks=144288904_87185738_0_0_0__98614&from_sustainable_property_sr=1&from=searchresults
Global Home-Ocaña,"Latina, Madrid",https://www.booking.com/hotel/es/global-home-ocana.es.html?label=gen173nr-1FCAEoggI46AdIClgEaEaIAQGYAQq4ARnIAQ_YAQHoAQH4AQKIAgGoAgO4ArL50rwGwAIB0gIkOGZlNzdlZTAtYjM2Ni00NjEwLWJjZDItYjc2NTUzNTkyZGM32AIF4AIB&sid=5ad11202ea9cc1c07c5ed8caaaf11387&aid=304142&ucfs=1&arphpl=1&checkin=2025-03-01&checkout=2025-03-08&dest_id=-390625&dest_type=city&group_adults=2&req_adults=2&no_rooms=1&group_children=0&req_children=0&hpos=4&hapos=529&sr_order=popularity&srpvid=a6ce4e38ac41034b&srepoch=1737803295&all_sr_blocks=1210019702_393163525_0_0_0&highlighted_blocks=1210019702_393163525_0_0_0&matching_block_id=1210019702_393163525_0_0_0&sr_pri_blocks=1210019702_393163525_0_0_0__95887&from=searchresults
Minty Stay - Espoz y Mina,"Centro de Madrid, Madrid",https://www.booking.com/hotel/es/espoz-y-mina-20-1o-a.es.html?label=gen173nr-1FCAEoggI46AdIClgEaEaIAQGYAQq4ARnIAQ_YAQHoAQH4AQKIAgGoAgO4ArL50rwGwAIB0gIkOGZlNzdlZTAtYjM2Ni00NjEwLWJjZDItYjc2NTUzNTkyZGM32AIF4AIB&sid=5ad11202ea9cc1c07c5ed8caaaf11387&aid=304142&ucfs=1&arphpl=1&checkin=2025-03-01&checkout=2025-03-08&dest_id=-390625&dest_type=city&group_adults=2&req_adults=2&no_rooms=1&group_children=0&req_children=0&hpos=5&hapos=530&sr_order=popularity&srpvid=a6ce4e38ac41034b&srepoch=1737803295&all_sr_blocks=281914401_333142905_2_0_0&highlighted_blocks=281914401_333142905_2_0_0&matching_block_id=281914401_333142905_2_0_0&sr_pri_blocks=281914401_333142905_2_0_0__107130&from=searchresults
Stunning Studio in Plaza Mayor,"Centro de Madrid, Madrid",https://www.booking.com/hotel/es/stunning-studio-in-plaza-mayor.es.html?label=gen173nr-1FCAEoggI46AdIClgEaEaIAQGYAQq4ARnIAQ_YAQHoAQH4AQKIAgGoAgO4ArL50rwGwAIB0gIkOGZlNzdlZTAtYjM2Ni00NjEwLWJjZDItYjc2NTUzNTkyZGM32AIF4AIB&sid=5ad11202ea9cc1c07c5ed8caaaf11387&aid=304142&ucfs=1&arphpl=1&checkin=2025-03-01&checkout=2025-03-08&dest_id=-390625&dest_type=city&group_adults=2&req_adults=2&no_rooms=1&group_children=0&req_children=0&hpos=6&hapos=531&sr_order=popularity&srpvid=a6ce4e38ac41034b&srepoch=1737803295&all_sr_blocks=1241022001_396023024_0_0_0&highlighted_blocks=1241022001_396023024_0_0_0&matching_block_id=1241022001_396023024_0_0_0&sr_pri_blocks=1241022001_396023024_0_0_0__87081&from=searchresults
"Atocha Hotel Madrid, Tapestry Collection by Hilton","Centro de Madrid, Madrid",https://www.booking.com/hotel/es/atocha-107.es.html?label=gen173nr-1FCAEoggI46AdIClgEaEaIAQGYAQq4ARnIAQ_YAQHoAQH4AQKIAgGoAgO4ArL50rwGwAIB0gIkOGZlNzdlZTAtYjM2Ni00NjEwLWJjZDItYjc2NTUzNTkyZGM32AIF4AIB&sid=5ad11202ea9cc1c07c5ed8caaaf11387&aid=304142&ucfs=1&arphpl=1&checkin=2025-03-01&checkout=2025-03-08&dest_id=-390625&dest_type=city&group_adults=2&req_adults=2&no_rooms=1&group_children=0&req_children=0&hpos=7&hapos=532&sr_order=popularity&srpvid=a6ce4e38ac41034b&srepoch=1737803295&all_sr_blocks=37533109_88498950_2_34_0&highlighted_blocks=37533109_88498950_2_34_0&matching_block_id=37533109_88498950_2_34_0&sr_pri_blocks=37533109_88498950_2_34_0__161399&from_sustainable_property_sr=1&from=searchresults
De Madrid al cielo suites con wifi y Netflix,"Hortaleza, Madrid",https://www.booking.com/hotel/es/de-madrid-al-cielo-suites.es.html?label=gen173nr-1FCAEoggI46AdIClgEaEaIAQGYAQq4ARnIAQ_YAQHoAQH4AQKIAgGoAgO4ArL50rwGwAIB0gIkOGZlNzdlZTAtYjM2Ni00NjEwLWJjZDItYjc2NTUzNTkyZGM32AIF4AIB&sid=5ad11202ea9cc1c07c5ed8caaaf11387&aid=304142&ucfs=1&arphpl=1&checkin=2025-03-01&checkout=2025-03-08&dest_id=-390625&dest_type=city&group_adults=2&req_adults=2&no_rooms=1&group_children=0&req_children=0&hpos=8&hapos=533&sr_order=popularity&srpvid=a6ce4e38ac41034b&srepoch=1737803295&all_sr_blocks=1303971401_403260376_2_0_0&highlighted_blocks=1303971401_403260376_2_0_0&matching_block_id=1303971401_403260376_2_0_0&sr_pri_blocks=1303971401_403260376_2_0_0__73637&from=searchresults
Porcel Torre Garden,"Ciudad Lineal, Madrid",https://www.booking.com/hotel/es/silkentorregardenmadrid.es.html?label=gen173nr-1FCAEoggI46AdIClgEaEaIAQGYAQq4ARnIAQ_YAQHoAQH4AQKIAgGoAgO4ArL50rwGwAIB0gIkOGZlNzdlZTAtYjM2Ni00NjEwLWJjZDItYjc2NTUzNTkyZGM32AIF4AIB&sid=5ad11202ea9cc1c07c5ed8caaaf11387&aid=304142&ucfs=1&arphpl=1&checkin=2025-03-01&checkout=2025-03-08&dest_id=-390625&dest_type=city&group_adults=2&req_adults=2&no_rooms=1&group_children=0&req_children=0&hpos=9&hapos=534&sr_order=popularity&srpvid=a6ce4e38ac41034b&srepoch=1737803295&all_sr_blocks=9160203_93709393_2_2_0_390455&highlighted_blocks=9160203_93709393_2_2_0_390455&matching_block_id=9160203_93709393_2_2_0_390455&sr_pri_blocks=9160203_93709393_2_2_0_390455_65525&from=searchresults
Piso moderno en Hortaleza,"Hortaleza, Madrid",https://www.booking.com/hotel/es/estudio-moderno-en-hortaleza.es.html?label=gen173nr-1FCAEoggI46AdIClgEaEaIAQGYAQq4ARnIAQ_YAQHoAQH4AQKIAgGoAgO4ArL50rwGwAIB0gIkOGZlNzdlZTAtYjM2Ni00NjEwLWJjZDItYjc2NTUzNTkyZGM32AIF4AIB&sid=5ad11202ea9cc1c07c5ed8caaaf11387&aid=304142&ucfs=1&arphpl=1&checkin=2025-03-01&checkout=2025-03-08&dest_id=-390625&dest_type=city&group_adults=2&req_adults=2&no_rooms=1&group_children=0&req_children=0&hpos=10&hapos=535&sr_order=popularity&srpvid=a6ce4e38ac41034b&srepoch=1737803295&all_sr_blocks=1279196701_400818367_2_0_0&highlighted_blocks=1279196701_400818367_2_0_0&matching_block_id=1279196701_400818367_2_0_0&sr_pri_blocks=1279196701_400818367_2_0_0__45864&from=searchresults
Melia Castilla,"Tetuán, Madrid",https://www.booking.com/hotel/es/melia-castilla.es.html?label=gen173nr-1FCAEoggI46AdIClgEaEaIAQGYAQq4ARnIAQ_YAQHoAQH4AQKIAgGoAgO4ArL50rwGwAIB0gIkOGZlNzdlZTAtYjM2Ni00NjEwLWJjZDItYjc2NTUzNTkyZGM32AIF4AIB&sid=5ad11202ea9cc1c07c5ed8caaaf11387&aid=304142&ucfs=1&arphpl=1&checkin=2025-03-01&checkout=2025-03-08&dest_id=-390625&dest_type=city&group_adults=2&req_adults=2&no_rooms=1&group_children=0&req_children=0&hpos=11&hapos=536&sr_order=popularity&srpvid=a6ce4e38ac41034b&srepoch=1737803295&all_sr_blocks=9147113_0_2_0_0&highlighted_blocks=9147113_0_2_0_0&matching_block_id=9147113_0_2_0_0&sr_pri_blocks=9147113_0_2_0_0__166283&from_sustainable_property_sr=1&from=searchresults
Room Mate Alba,"Centro de Madrid, Madrid",https://www.booking.com/hotel/es/room-mate-alba.es.html?label=gen173nr-1FCAEoggI46AdIClgEaEaIAQGYAQq4ARnIAQ_YAQHoAQH4AQKIAgGoAgO4ArL50rwGwAIB0gIkOGZlNzdlZTAtYjM2Ni00NjEwLWJjZDItYjc2NTUzNTkyZGM32AIF4AIB&sid=5ad11202ea9cc1c07c5ed8caaaf11387&aid=304142&ucfs=1&arphpl=1&checkin=2025-03-01&checkout=2025-03-08&dest_id=-390625&dest_type=city&group_adults=2&req_adults=2&no_rooms=1&group_children=0&req_children=0&hpos=12&hapos=537&sr_order=popularity&srpvid=a6ce4e38ac41034b&srepoch=1737803295&all_sr_blocks=491307701_164109690_0_2_0_310951&highlighted_blocks=491307701_164109690_0_2_0_310951&matching_block_id=491307701_164109690_0_2_0_310951&sr_pri_blocks=491307701_164109690_0_2_0_310951_165665&from=searchresults
Dobo Homes - PF3,"Arganzuela, Madrid",https://www.booking.com/hotel/es/dobo-homes-pf3.es.html?label=gen173nr-1FCAEoggI46AdIClgEaEaIAQGYAQq4ARnIAQ_YAQHoAQH4AQKIAgGoAgO4ArL50rwGwAIB0gIkOGZlNzdlZTAtYjM2Ni00NjEwLWJjZDItYjc2NTUzNTkyZGM32AIF4AIB&sid=5ad11202ea9cc1c07c5ed8caaaf11387&aid=304142&ucfs=1&arphpl=1&checkin=2025-03-01&checkout=2025-03-08&dest_id=-390625&dest_type=city&group_adults=2&req_adults=2&no_rooms=1&group_children=0&req_children=0&hpos=13&hapos=538&sr_order=popularity&srpvid=a6ce4e38ac41034b&srepoch=1737803295&all_sr_blocks=1316954401_404475340_2_0_0&highlighted_blocks=1316954401_404475340_2_0_0&matching_block_id=1316954401_404475340_2_0_0&sr_pri_blocks=1316954401_404475340_2_0_0__74151&from=searchresults
Bastardo Hostel,"Centro de Madrid, Madrid",https://www.booking.com/hotel/es/bastardo-hostel.es.html?label=gen173nr-1FCAEoggI46AdIClgEaEaIAQGYAQq4ARnIAQ_YAQHoAQH4AQKIAgGoAgO4ArL50rwGwAIB0gIkOGZlNzdlZTAtYjM2Ni00NjEwLWJjZDItYjc2NTUzNTkyZGM32AIF4AIB&sid=5ad11202ea9cc1c07c5ed8caaaf11387&aid=304142&ucfs=1&arphpl=1&checkin=2025-03-01&checkout=2025-03-08&dest_id=-390625&dest_type=city&group_adults=2&req_adults=2&no_rooms=1&group_children=0&req_children=0&hpos=14&hapos=539&sr_order=popularity&srpvid=a6ce4e38ac41034b&srepoch=1737803295&all_sr_blocks=312133703_113274167_2_2_0&highlighted_blocks=312133703_113274167_2_2_0&matching_block_id=312133703_113274167_2_2_0&sr_pri_blocks=312133703_113274167_2_2_0__116938&from=searchresults
Catalonia Gran Vía Madrid,"Centro de Madrid, Madrid",https://www.booking.com/hotel/es/catalonia-gran-via.es.html?label=gen173nr-1FCAEoggI46AdIClgEaEaIAQGYAQq4ARnIAQ_YAQHoAQH4AQKIAgGoAgO4ArL50rwGwAIB0gIkOGZlNzdlZTAtYjM2Ni00NjEwLWJjZDItYjc2NTUzNTkyZGM32AIF4AIB&sid=5ad11202ea9cc1c07c5ed8caaaf11387&aid=304142&ucfs=1&arphpl=1&checkin=2025-03-01&checkout=2025-03-08&dest_id=-390625&dest_type=city&group_adults=2&req_adults=2&no_rooms=1&group_children=0&req_children=0&hpos=15&hapos=540&sr_order=popularity&srpvid=a6ce4e38ac41034b&srepoch=1737803295&all_sr_blocks=9057610_194605485_0_2_0&highlighted_blocks=9057610_194605485_0_2_0&matching_block_id=9057610_194605485_0_2_0&sr_pri_blocks=9057610_194605485_0_2_0__155000&from_sustainable_property_sr=1&from=searchresults
For You Rentals Coqueto y amplio Studio TEMPORAL en el Barrio Quintana ALE141º,"Ciudad Lineal, Madrid",https://www.booking.com/hotel/es/for-you-rentals-coqueto-y-amplio-studio-en-el-barrio-quintana-ale141o.es.html?label=gen173nr-1FCAEoggI46AdIClgEaEaIAQGYAQq4ARnIAQ_YAQHoAQH4AQKIAgGoAgO4ArL50rwGwAIB0gIkOGZlNzdlZTAtYjM2Ni00NjEwLWJjZDItYjc2NTUzNTkyZGM32AIF4AIB&sid=5ad11202ea9cc1c07c5ed8caaaf11387&aid=304142&ucfs=1&arphpl=1&checkin=2025-03-01&checkout=2025-03-08&dest_id=-390625&dest_type=city&group_adults=2&req_adults=2&no_rooms=1&group_children=0&req_children=0&hpos=16&hapos=541&sr_order=popularity&srpvid=a6ce4e38ac41034b&srepoch=1737803295&all_sr_blocks=1116205601_392328338_2_0_0&highlighted_blocks=1116205601_392328338_2_0_0&matching_block_id=1116205601_392328338_2_0_0&sr_pri_blocks=1116205601_392328338_2_0_0__99457&from=searchresults
Dobo Homes - L35,"Tetuán, Madrid",https://www.booking.com/hotel/es/dobo-homes-l35.es.html?label=gen173nr-1FCAEoggI46AdIClgEaEaIAQGYAQq4ARnIAQ_YAQHoAQH4AQKIAgGoAgO4ArL50rwGwAIB0gIkOGZlNzdlZTAtYjM2Ni00NjEwLWJjZDItYjc2NTUzNTkyZGM32AIF4AIB&sid=5ad11202ea9cc1c07c5ed8caaaf11387&aid=304142&ucfs=1&arphpl=1&checkin=2025-03-01&checkout=2025-03-08&dest_id=-390625&dest_type=city&group_adults=2&req_adults=2&no_rooms=1&group_children=0&req_children=0&hpos=17&hapos=542&sr_order=popularity&srpvid=a6ce4e38ac41034b&srepoch=1737803295&all_sr_blocks=1300987107_403049355_2_0_0&highlighted_blocks=1300987107_403049355_2_0_0&matching_block_id=1300987107_403049355_2_0_0&sr_pri_blocks=1300987107_403049355_2_0_0__89166&from=searchresults
Bright with views - 2Bd 1Bth- Av América,"Chamartín, Madrid",https://www.booking.com/hotel/es/2beds-1bath-furnished-av-america-brigth-mintystay.es.html?label=gen173nr-1FCAEoggI46AdIClgEaEaIAQGYAQq4ARnIAQ_YAQHoAQH4AQKIAgGoAgO4ArL50rwGwAIB0gIkOGZlNzdlZTAtYjM2Ni00NjEwLWJjZDItYjc2NTUzNTkyZGM32AIF4AIB&sid=5ad11202ea9cc1c07c5ed8caaaf11387&aid=304142&ucfs=1&arphpl=1&checkin=2025-03-01&checkout=2025-03-08&dest_id=-390625&dest_type=city&group_adults=2&req_adults=2&no_rooms=1&group_children=0&req_children=0&hpos=18&hapos=543&sr_order=popularity&srpvid=a6ce4e38ac41034b&srepoch=1737803295&all_sr_blocks=1131051002_386145099_3_0_0&highlighted_blocks=1131051002_386145099_3_0_0&matching_block_id=1131051002_386145099_3_0_0&sr_pri_blocks=1131051002_386145099_3_0_0__129915&from=searchresults
Sonder Sofia,"Arganzuela, Madrid",https://www.booking.com/hotel/es/sonder-sofia.es.html?label=gen173nr-1FCAEoggI46AdIClgEaEaIAQGYAQq4ARnIAQ_YAQHoAQH4AQKIAgGoAgO4ArL50rwGwAIB0gIkOGZlNzdlZTAtYjM2Ni00NjEwLWJjZDItYjc2NTUzNTkyZGM32AIF4AIB&sid=5ad11202ea9cc1c07c5ed8caaaf11387&aid=304142&ucfs=1&arphpl=1&checkin=2025-03-01&checkout=2025-03-08&dest_id=-390625&dest_type=city&group_adults=2&req_adults=2&no_rooms=1&group_children=0&req_children=0&hpos=19&hapos=544&sr_order=popularity&srpvid=a6ce4e38ac41034b&srepoch=1737803295&all_sr_blocks=1235849103_395521179_2_0_0&highlighted_blocks=1235849103_395521179_2_0_0&matching_block_id=1235849103_395521179_2_0_0&sr_pri_blocks=1235849103_395521179_2_0_0__96052&from=searchresults
Hotel Villa de Barajas,"Barajas, Madrid",https://www.booking.com/hotel/es/best-western-villa-de-barajas.es.html?label=gen173nr-1FCAEoggI46AdIClgEaEaIAQGYAQq4ARnIAQ_YAQHoAQH4AQKIAgGoAgO4ArL50rwGwAIB0gIkOGZlNzdlZTAtYjM2Ni00NjEwLWJjZDItYjc2NTUzNTkyZGM32AIF4AIB&sid=5ad11202ea9cc1c07c5ed8caaaf11387&aid=304142&ucfs=1&arphpl=1&checkin=2025-03-01&checkout=2025-03-08&dest_id=-390625&dest_type=city&group_adults=2&req_adults=2&no_rooms=1&group_children=0&req_children=0&hpos=20&hapos=545&sr_order=popularity&srpvid=a6ce4e38ac41034b&srepoch=1737803295&all_sr_blocks=9199803_0_2_0_0&highlighted_blocks=9199803_0_2_0_0&matching_block_id=9199803_0_2_0_0&sr_pri_blocks=9199803_0_2_0_0__78020&from=searchresults
Acogedor Piso Olivar,"Centro de Madrid, Madrid",https://www.booking.com/hotel/es/acogedor-piso-olivar.es.html?label=gen173nr-1FCAEoggI46AdIClgEaEaIAQGYAQq4ARnIAQ_YAQHoAQH4AQKIAgGoAgO4ArL50rwGwAIB0gIkOGZlNzdlZTAtYjM2Ni00NjEwLWJjZDItYjc2NTUzNTkyZGM32AIF4AIB&sid=5ad11202ea9cc1c07c5ed8caaaf11387&aid=304142&ucfs=1&arphpl=1&checkin=2025-03-01&checkout=2025-03-08&dest_id=-390625&dest_type=city&group_adults=2&req_adults=2&no_rooms=1&group_children=0&req_children=0&hpos=21&hapos=546&sr_order=popularity&srpvid=a6ce4e38ac41034b&srepoch=1737803295&all_sr_blocks=879741401_371652777_2_0_0&highlighted_blocks=879741401_371652777_2_0_0&matching_block_id=879741401_371652777_2_0_0&sr_pri_blocks=879741401_371652777_2_0_0__65768&from=searchresults
Estudio Loft en el centro de Madrid reformado en enero 2024,"Centro de Madrid, Madrid",https://www.booking.com/hotel/es/estudio-en-barrio-palacio-vistas-espectaculares.es.html?label=gen173nr-1FCAEoggI46AdIClgEaEaIAQGYAQq4ARnIAQ_YAQHoAQH4AQKIAgGoAgO4ArL50rwGwAIB0gIkOGZlNzdlZTAtYjM2Ni00NjEwLWJjZDItYjc2NTUzNTkyZGM32AIF4AIB&sid=5ad11202ea9cc1c07c5ed8caaaf11387&aid=304142&ucfs=1&arphpl=1&checkin=2025-03-01&checkout=2025-03-08&dest_id=-390625&dest_type=city&group_adults=2&req_adults=2&no_rooms=1&group_children=0&req_children=0&hpos=22&hapos=547&sr_order=popularity&srpvid=a6ce4e38ac41034b&srepoch=1737803295&all_sr_blocks=849773501_352185363_2_0_0&highlighted_blocks=849773501_352185363_2_0_0&matching_block_id=849773501_352185363_2_0_0&sr_pri_blocks=849773501_352185363_2_0_0__93951&from=searchresults
Charming Madrid Villaverde,"Villaverde, Madrid",https://www.booking.com/hotel/es/charming-madrid-villaverde.es.html?label=gen173nr-1FCAEoggI46AdIClgEaEaIAQGYAQq4ARnIAQ_YAQHoAQH4AQKIAgGoAgO4ArL50rwGwAIB0gIkOGZlNzdlZTAtYjM2Ni00NjEwLWJjZDItYjc2NTUzNTkyZGM32AIF4AIB&sid=5ad11202ea9cc1c07c5ed8caaaf11387&aid=304142&ucfs=1&arphpl=1&checkin=2025-03-01&checkout=2025-03-08&dest_id=-390625&dest_type=city&group_adults=2&req_adults=2&no_rooms=1&group_children=0&req_children=0&hpos=23&hapos=548&sr_order=popularity&srpvid=a6ce4e38ac41034b&srepoch=1737803295&all_sr_blocks=1188020004_391147651_0_0_0&highlighted_blocks=1188020004_391147651_0_0_0&matching_block_id=1188020004_391147651_0_0_0&sr_pri_blocks=1188020004_391147651_0_0_0__63894&from=searchresults
CITY SOL Madrid,"Centro de Madrid, Madrid",https://www.booking.com/hotel/es/city-sol-madrid.es.html?label=gen173nr-1FCAEoggI46AdIClgEaEaIAQGYAQq4ARnIAQ_YAQHoAQH4AQKIAgGoAgO4ArL50rwGwAIB0gIkOGZlNzdlZTAtYjM2Ni00NjEwLWJjZDItYjc2NTUzNTkyZGM32AIF4AIB&sid=5ad11202ea9cc1c07c5ed8caaaf11387&aid=304142&ucfs=1&arphpl=1&checkin=2025-03-01&checkout=2025-03-08&dest_id=-390625&dest_type=city&group_adults=2&req_adults=2&no_rooms=1&group_children=0&req_children=0&hpos=24&hapos=549&sr_order=popularity&srpvid=a6ce4e38ac41034b&srepoch=1737803295&all_sr_blocks=1286800101_401633802_2_0_0&highlighted_blocks=1286800101_401633802_2_0_0&matching_block_id=1286800101_401633802_2_0_0&sr_pri_blocks=1286800101_401633802_2_0_0__94418&from=searchresults
"Apartamento completo, Chamartín","Chamartín, Madrid",https://www.booking.com/hotel/es/aparte.es.html?label=gen173nr-1FCAEoggI46AdIClgEaEaIAQGYAQq4ARnIAQ_YAQHoAQH4AQKIAgGoAgO4ArL50rwGwAIB0gIkOGZlNzdlZTAtYjM2Ni00NjEwLWJjZDItYjc2NTUzNTkyZGM32AIF4AIB&sid=5ad11202ea9cc1c07c5ed8caaaf11387&aid=304142&ucfs=1&arphpl=1&checkin=2025-03-01&checkout=2025-03-08&dest_id=-390625&dest_type=city&group_adults=2&req_adults=2&no_rooms=1&group_children=0&req_children=0&hpos=25&hapos=550&sr_order=popularity&srpvid=a6ce4e38ac41034b&srepoch=1737803295&all_sr_blocks=1086738601_381606674_3_0_0&highlighted_blocks=1086738601_381606674_3_0_0&matching_block_id=1086738601_381606674_3_0_0&sr_pri_blocks=1086738601_381606674_3_0_0__120464&from=searchresults
Hostal La Zona,"Centro de Madrid, Madrid",https://www.booking.com/hotel/es/la-zona.es.html?label=gen173nr-1FCAEoggI46AdIClgEaEaIAQGYAQq4ARnIAQ_YAQHoAQH4AQKIAgGoAgO4ArL50rwGwAIB0gIkOGZlNzdlZTAtYjM2Ni00NjEwLWJjZDItYjc2NTUzNTkyZGM32AIF4AIB&sid=5ad11202ea9cc1c07c5ed8caaaf11387&aid=304142&ucfs=1&arphpl=1&checkin=2025-03-01&checkout=2025-03-08&dest_id=-390625&dest_type=city&group_adults=2&req_adults=2&no_rooms=1&group_children=0&req_children=0&hpos=1&hapos=551&sr_order=popularity&srpvid=a6ce4e38ac41034b&srepoch=1737803297&all_sr_blocks=36265911_0_2_0_0&highlighted_blocks=36265911_0_2_0_0&matching_block_id=36265911_0_2_0_0&sr_pri_blocks=36265911_0_2_0_0__106704&from=searchresults
Charming Retiro,"Retiro, Madrid",https://www.booking.com/hotel/es/charming-retiro.es.html?label=gen173nr-1FCAEoggI46AdIClgEaEaIAQGYAQq4ARnIAQ_YAQHoAQH4AQKIAgGoAgO4ArL50rwGwAIB0gIkOGZlNzdlZTAtYjM2Ni00NjEwLWJjZDItYjc2NTUzNTkyZGM32AIF4AIB&sid=5ad11202ea9cc1c07c5ed8caaaf11387&aid=304142&ucfs=1&arphpl=1&checkin=2025-03-01&checkout=2025-03-08&dest_id=-390625&dest_type=city&group_adults=2&req_adults=2&no_rooms=1&group_children=0&req_children=0&hpos=2&hapos=552&sr_order=popularity&srpvid=a6ce4e38ac41034b&srepoch=1737803297&all_sr_blocks=429424201_359801983_2_0_0&highlighted_blocks=429424201_359801983_2_0_0&matching_block_id=429424201_359801983_2_0_0&sr_pri_blocks=429424201_359801983_2_0_0__107936&from=searchresults
"Modern, Bright - 1Bd 1Bth -Lavapiés","Centro de Madrid, Madrid",https://www.booking.com/hotel/es/modern-and-bright-1-bedroom-1-bathroom-lavapies.es.html?label=gen173nr-1FCAEoggI46AdIClgEaEaIAQGYAQq4ARnIAQ_YAQHoAQH4AQKIAgGoAgO4ArL50rwGwAIB0gIkOGZlNzdlZTAtYjM2Ni00NjEwLWJjZDItYjc2NTUzNTkyZGM32AIF4AIB&sid=5ad11202ea9cc1c07c5ed8caaaf11387&aid=304142&ucfs=1&arphpl=1&checkin=2025-03-01&checkout=2025-03-08&dest_id=-390625&dest_type=city&group_adults=2&req_adults=2&no_rooms=1&group_children=0&req_children=0&hpos=3&hapos=553&sr_order=popularity&srpvid=a6ce4e38ac41034b&srepoch=1737803297&all_sr_blocks=995983202_386299590_0_0_0&highlighted_blocks=995983202_386299590_0_0_0&matching_block_id=995983202_386299590_0_0_0&sr_pri_blocks=995983202_386299590_0_0_0__104104&from=searchresults
La Estancia de la Ilustración,"Moncloa - Aravaca, Madrid",https://www.booking.com/hotel/es/el-templo-de-debod.es.html?label=gen173nr-1FCAEoggI46AdIClgEaEaIAQGYAQq4ARnIAQ_YAQHoAQH4AQKIAgGoAgO4ArL50rwGwAIB0gIkOGZlNzdlZTAtYjM2Ni00NjEwLWJjZDItYjc2NTUzNTkyZGM32AIF4AIB&sid=5ad11202ea9cc1c07c5ed8caaaf11387&aid=304142&ucfs=1&arphpl=1&checkin=2025-03-01&checkout=2025-03-08&dest_id=-390625&dest_type=city&group_adults=2&req_adults=2&no_rooms=1&group_children=0&req_children=0&hpos=4&hapos=554&sr_order=popularity&srpvid=a6ce4e38ac41034b&srepoch=1737803297&all_sr_blocks=1198935102_392536971_0_0_0&highlighted_blocks=1198935102_392536971_0_0_0&matching_block_id=1198935102_392536971_0_0_0&sr_pri_blocks=1198935102_392536971_0_0_0__105100&from=searchresults
Centric and bright- 1Bd 1Bth- San Bernardo,"Centro de Madrid, Madrid",https://www.booking.com/hotel/es/moderno-y-luminoso-1-dormitorio-1-bano-malasana.es.html?label=gen173nr-1FCAEoggI46AdIClgEaEaIAQGYAQq4ARnIAQ_YAQHoAQH4AQKIAgGoAgO4ArL50rwGwAIB0gIkOGZlNzdlZTAtYjM2Ni00NjEwLWJjZDItYjc2NTUzNTkyZGM32AIF4AIB&sid=5ad11202ea9cc1c07c5ed8caaaf11387&aid=304142&ucfs=1&arphpl=1&checkin=2025-03-01&checkout=2025-03-08&dest_id=-390625&dest_type=city&group_adults=2&req_adults=2&no_rooms=1&group_children=0&req_children=0&hpos=5&hapos=555&sr_order=popularity&srpvid=a6ce4e38ac41034b&srepoch=1737803297&all_sr_blocks=1135636502_386599118_0_0_0&highlighted_blocks=1135636502_386599118_0_0_0&matching_block_id=1135636502_386599118_0_0_0&sr_pri_blocks=1135636502_386599118_0_0_0__104460&from=searchresults
NH Collection Madrid Palacio de Tepa,"Centro de Madrid, Madrid",https://www.booking.com/hotel/es/nh-collection-palacio-de-tepa.es.html?label=gen173nr-1FCAEoggI46AdIClgEaEaIAQGYAQq4ARnIAQ_YAQHoAQH4AQKIAgGoAgO4ArL50rwGwAIB0gIkOGZlNzdlZTAtYjM2Ni00NjEwLWJjZDItYjc2NTUzNTkyZGM32AIF4AIB&sid=5ad11202ea9cc1c07c5ed8caaaf11387&aid=304142&ucfs=1&arphpl=1&checkin=2025-03-01&checkout=2025-03-08&dest_id=-390625&dest_type=city&group_adults=2&req_adults=2&no_rooms=1&group_children=0&req_children=0&hpos=6&hapos=556&sr_order=popularity&srpvid=a6ce4e38ac41034b&srepoch=1737803297&all_sr_blocks=25711708_93719599_0_1_0&highlighted_blocks=25711708_93719599_0_1_0&matching_block_id=25711708_93719599_0_1_0&sr_pri_blocks=25711708_93719599_0_1_0__202961&from_sustainable_property_sr=1&from=searchresults
Bright and Stylish - 2Bedroom 1Bathroom - Chamberí,"Chamberí, Madrid",https://www.booking.com/hotel/es/bright-and-stylish-2bedroom-1bathroom-chamberi.es.html?label=gen173nr-1FCAEoggI46AdIClgEaEaIAQGYAQq4ARnIAQ_YAQHoAQH4AQKIAgGoAgO4ArL50rwGwAIB0gIkOGZlNzdlZTAtYjM2Ni00NjEwLWJjZDItYjc2NTUzNTkyZGM32AIF4AIB&sid=5ad11202ea9cc1c07c5ed8caaaf11387&aid=304142&ucfs=1&arphpl=1&checkin=2025-03-01&checkout=2025-03-08&dest_id=-390625&dest_type=city&group_adults=2&req_adults=2&no_rooms=1&group_children=0&req_children=0&hpos=7&hapos=557&sr_order=popularity&srpvid=a6ce4e38ac41034b&srepoch=1737803297&all_sr_blocks=1212036602_393571970_4_0_0&highlighted_blocks=1212036602_393571970_4_0_0&matching_block_id=1212036602_393571970_4_0_0&sr_pri_blocks=1212036602_393571970_4_0_0__159049&from=searchresults
Apartamento Plaza de Toros Madrid NSGB,"Salamanca, Madrid",https://www.booking.com/hotel/es/apartamento-plaza-de-toros-madrid-madrid.es.html?label=gen173nr-1FCAEoggI46AdIClgEaEaIAQGYAQq4ARnIAQ_YAQHoAQH4AQKIAgGoAgO4ArL50rwGwAIB0gIkOGZlNzdlZTAtYjM2Ni00NjEwLWJjZDItYjc2NTUzNTkyZGM32AIF4AIB&sid=5ad11202ea9cc1c07c5ed8caaaf11387&aid=304142&ucfs=1&arphpl=1&checkin=2025-03-01&checkout=2025-03-08&dest_id=-390625&dest_type=city&group_adults=2&req_adults=2&no_rooms=1&group_children=0&req_children=0&hpos=8&hapos=558&sr_order=popularity&srpvid=a6ce4e38ac41034b&srepoch=1737803297&all_sr_blocks=1229294901_394961424_2_0_0&highlighted_blocks=1229294901_394961424_2_0_0&matching_block_id=1229294901_394961424_2_0_0&sr_pri_blocks=1229294901_394961424_2_0_0__88220&from=searchresults
Luxury Apartment in Puerta del Sol Madrid,"Centro de Madrid, Madrid",https://www.booking.com/hotel/es/luxury-apartment-in-puerta-del-sol-madrid.es.html?label=gen173nr-1FCAEoggI46AdIClgEaEaIAQGYAQq4ARnIAQ_YAQHoAQH4AQKIAgGoAgO4ArL50rwGwAIB0gIkOGZlNzdlZTAtYjM2Ni00NjEwLWJjZDItYjc2NTUzNTkyZGM32AIF4AIB&sid=5ad11202ea9cc1c07c5ed8caaaf11387&aid=304142&ucfs=1&arphpl=1&checkin=2025-03-01&checkout=2025-03-08&dest_id=-390625&dest_type=city&group_adults=2&req_adults=2&no_rooms=1&group_children=0&req_children=0&hpos=9&hapos=559&sr_order=popularity&srpvid=a6ce4e38ac41034b&srepoch=1737803297&all_sr_blocks=1167090801_389336180_4_0_0&highlighted_blocks=1167090801_389336180_4_0_0&matching_block_id=1167090801_389336180_4_0_0&sr_pri_blocks=1167090801_389336180_4_0_0__171846&from=searchresults
1 bedroom 1 bathroom furnished - Malasaña - Modern in downtown area - MintyStay,"Centro de Madrid, Madrid",https://www.booking.com/hotel/es/1-bedroom-1-bathroom-furnished-malasana-modern-in-downtown-area-mintystay.es.html?label=gen173nr-1FCAEoggI46AdIClgEaEaIAQGYAQq4ARnIAQ_YAQHoAQH4AQKIAgGoAgO4ArL50rwGwAIB0gIkOGZlNzdlZTAtYjM2Ni00NjEwLWJjZDItYjc2NTUzNTkyZGM32AIF4AIB&sid=5ad11202ea9cc1c07c5ed8caaaf11387&aid=304142&ucfs=1&arphpl=1&checkin=2025-03-01&checkout=2025-03-08&dest_id=-390625&dest_type=city&group_adults=2&req_adults=2&no_rooms=1&group_children=0&req_children=0&hpos=10&hapos=560&sr_order=popularity&srpvid=a6ce4e38ac41034b&srepoch=1737803297&all_sr_blocks=1131558002_386173232_2_0_0&highlighted_blocks=1131558002_386173232_2_0_0&matching_block_id=1131558002_386173232_2_0_0&sr_pri_blocks=1131558002_386173232_2_0_0__111366&from=searchresults
"G3 Apartamento Exclusivo, Madrid","Ciudad Lineal, Madrid",https://www.booking.com/hotel/es/g3-apartamento-exclusivo-madrid.es.html?label=gen173nr-1FCAEoggI46AdIClgEaEaIAQGYAQq4ARnIAQ_YAQHoAQH4AQKIAgGoAgO4ArL50rwGwAIB0gIkOGZlNzdlZTAtYjM2Ni00NjEwLWJjZDItYjc2NTUzNTkyZGM32AIF4AIB&sid=5ad11202ea9cc1c07c5ed8caaaf11387&aid=304142&ucfs=1&arphpl=1&checkin=2025-03-01&checkout=2025-03-08&dest_id=-390625&dest_type=city&group_adults=2&req_adults=2&no_rooms=1&group_children=0&req_children=0&hpos=11&hapos=561&sr_order=popularity&srpvid=a6ce4e38ac41034b&srepoch=1737803297&all_sr_blocks=1286286901_401566421_4_0_0&highlighted_blocks=1286286901_401566421_4_0_0&matching_block_id=1286286901_401566421_4_0_0&sr_pri_blocks=1286286901_401566421_4_0_0__85631&from=searchresults
Modern Cozy-2bedrooms 1Bathroom-Delicias,"Arganzuela, Madrid",https://www.booking.com/hotel/es/modern-cozy-2bedrooms-1bathroom-delicias.es.html?label=gen173nr-1FCAEoggI46AdIClgEaEaIAQGYAQq4ARnIAQ_YAQHoAQH4AQKIAgGoAgO4ArL50rwGwAIB0gIkOGZlNzdlZTAtYjM2Ni00NjEwLWJjZDItYjc2NTUzNTkyZGM32AIF4AIB&sid=5ad11202ea9cc1c07c5ed8caaaf11387&aid=304142&ucfs=1&arphpl=1&checkin=2025-03-01&checkout=2025-03-08&dest_id=-390625&dest_type=city&group_adults=2&req_adults=2&no_rooms=1&group_children=0&req_children=0&hpos=12&hapos=562&sr_order=popularity&srpvid=a6ce4e38ac41034b&srepoch=1737803297&all_sr_blocks=1236270202_395845451_4_0_0&highlighted_blocks=1236270202_395845451_4_0_0&matching_block_id=1236270202_395845451_4_0_0&sr_pri_blocks=1236270202_395845451_4_0_0__122913&from=searchresults
Ever House - IFEMA Canillas,"Hortaleza, Madrid",https://www.booking.com/hotel/es/ever-house-ifema-canillas.es.html?label=gen173nr-1FCAEoggI46AdIClgEaEaIAQGYAQq4ARnIAQ_YAQHoAQH4AQKIAgGoAgO4ArL50rwGwAIB0gIkOGZlNzdlZTAtYjM2Ni00NjEwLWJjZDItYjc2NTUzNTkyZGM32AIF4AIB&sid=5ad11202ea9cc1c07c5ed8caaaf11387&aid=304142&ucfs=1&arphpl=1&checkin=2025-03-01&checkout=2025-03-08&dest_id=-390625&dest_type=city&group_adults=2&req_adults=2&no_rooms=1&group_children=0&req_children=0&hpos=13&hapos=563&sr_order=popularity&srpvid=a6ce4e38ac41034b&srepoch=1737803297&all_sr_blocks=692991401_285350093_4_0_0&highlighted_blocks=692991401_285350093_4_0_0&matching_block_id=692991401_285350093_4_0_0&sr_pri_blocks=692991401_285350093_4_0_0__152321&from=searchresults
El Mesonero de La Puebla,"Centro de Madrid, Madrid",https://www.booking.com/hotel/es/el-mesonero-de-la-puebla.es.html?label=gen173nr-1FCAEoggI46AdIClgEaEaIAQGYAQq4ARnIAQ_YAQHoAQH4AQKIAgGoAgO4ArL50rwGwAIB0gIkOGZlNzdlZTAtYjM2Ni00NjEwLWJjZDItYjc2NTUzNTkyZGM32AIF4AIB&sid=5ad11202ea9cc1c07c5ed8caaaf11387&aid=304142&ucfs=1&arphpl=1&checkin=2025-03-01&checkout=2025-03-08&dest_id=-390625&dest_type=city&group_adults=2&req_adults=2&no_rooms=1&group_children=0&req_children=0&hpos=14&hapos=564&sr_order=popularity&srpvid=a6ce4e38ac41034b&srepoch=1737803297&all_sr_blocks=1222337302_395515010_0_0_0&highlighted_blocks=1222337302_395515010_0_0_0&matching_block_id=1222337302_395515010_0_0_0&sr_pri_blocks=1222337302_395515010_0_0_0__75658&from=searchresults
Madrid,"Centro de Madrid, Madrid",https://www.booking.com/hotel/es/madrid-madrid5.es.html?label=gen173nr-1FCAEoggI46AdIClgEaEaIAQGYAQq4ARnIAQ_YAQHoAQH4AQKIAgGoAgO4ArL50rwGwAIB0gIkOGZlNzdlZTAtYjM2Ni00NjEwLWJjZDItYjc2NTUzNTkyZGM32AIF4AIB&sid=5ad11202ea9cc1c07c5ed8caaaf11387&aid=304142&ucfs=1&arphpl=1&checkin=2025-03-01&checkout=2025-03-08&dest_id=-390625&dest_type=city&group_adults=2&req_adults=2&no_rooms=1&group_children=0&req_children=0&hpos=15&hapos=565&sr_order=popularity&srpvid=a6ce4e38ac41034b&srepoch=1737803297&all_sr_blocks=1234616604_400642899_2_0_0&highlighted_blocks=1234616604_400642899_2_0_0&matching_block_id=1234616604_400642899_2_0_0&sr_pri_blocks=1234616604_400642899_2_0_0__65968&from=searchresults
Salamanca V calle Alcántara 3BR 3BH,"Salamanca, Madrid",https://www.booking.com/hotel/es/luxury-flat-salamanca-i.es.html?label=gen173nr-1FCAEoggI46AdIClgEaEaIAQGYAQq4ARnIAQ_YAQHoAQH4AQKIAgGoAgO4ArL50rwGwAIB0gIkOGZlNzdlZTAtYjM2Ni00NjEwLWJjZDItYjc2NTUzNTkyZGM32AIF4AIB&sid=5ad11202ea9cc1c07c5ed8caaaf11387&aid=304142&ucfs=1&arphpl=1&checkin=2025-03-01&checkout=2025-03-08&dest_id=-390625&dest_type=city&group_adults=2&req_adults=2&no_rooms=1&group_children=0&req_children=0&hpos=16&hapos=566&sr_order=popularity&srpvid=a6ce4e38ac41034b&srepoch=1737803297&all_sr_blocks=1013466001_374069483_6_0_0&highlighted_blocks=1013466001_374069483_6_0_0&matching_block_id=1013466001_374069483_6_0_0&sr_pri_blocks=1013466001_374069483_6_0_0__239628&from=searchresults
Apartments Heart of Madrid,"Centro de Madrid, Madrid",https://www.booking.com/hotel/es/smartapart-heart-of-madrid.es.html?label=gen173nr-1FCAEoggI46AdIClgEaEaIAQGYAQq4ARnIAQ_YAQHoAQH4AQKIAgGoAgO4ArL50rwGwAIB0gIkOGZlNzdlZTAtYjM2Ni00NjEwLWJjZDItYjc2NTUzNTkyZGM32AIF4AIB&sid=5ad11202ea9cc1c07c5ed8caaaf11387&aid=304142&ucfs=1&arphpl=1&checkin=2025-03-01&checkout=2025-03-08&dest_id=-390625&dest_type=city&group_adults=2&req_adults=2&no_rooms=1&group_children=0&req_children=0&hpos=17&hapos=567&sr_order=popularity&srpvid=a6ce4e38ac41034b&srepoch=1737803297&all_sr_blocks=285126502_406000662_2_0_0&highlighted_blocks=285126502_406000662_2_0_0&matching_block_id=285126502_406000662_2_0_0&sr_pri_blocks=285126502_406000662_2_0_0__50575&from=searchresults
New Hortaleza Coliving,"Hortaleza, Madrid",https://www.booking.com/hotel/es/trinitarias-suite.es.html?label=gen173nr-1FCAEoggI46AdIClgEaEaIAQGYAQq4ARnIAQ_YAQHoAQH4AQKIAgGoAgO4ArL50rwGwAIB0gIkOGZlNzdlZTAtYjM2Ni00NjEwLWJjZDItYjc2NTUzNTkyZGM32AIF4AIB&sid=5ad11202ea9cc1c07c5ed8caaaf11387&aid=304142&ucfs=1&arphpl=1&checkin=2025-03-01&checkout=2025-03-08&dest_id=-390625&dest_type=city&group_adults=2&req_adults=2&no_rooms=1&group_children=0&req_children=0&hpos=18&hapos=568&sr_order=popularity&srpvid=a6ce4e38ac41034b&srepoch=1737803297&all_sr_blocks=657044208_269203338_2_0_0&highlighted_blocks=657044208_269203338_2_0_0&matching_block_id=657044208_269203338_2_0_0&sr_pri_blocks=657044208_269203338_2_0_0__67795&from=searchresults
Eric Vökel Boutique Apartments - Madrid Suites,"Centro de Madrid, Madrid",https://www.booking.com/hotel/es/eric-vapkel-madrid-suites.es.html?label=gen173nr-1FCAEoggI46AdIClgEaEaIAQGYAQq4ARnIAQ_YAQHoAQH4AQKIAgGoAgO4ArL50rwGwAIB0gIkOGZlNzdlZTAtYjM2Ni00NjEwLWJjZDItYjc2NTUzNTkyZGM32AIF4AIB&sid=5ad11202ea9cc1c07c5ed8caaaf11387&aid=304142&ucfs=1&arphpl=1&checkin=2025-03-01&checkout=2025-03-08&dest_id=-390625&dest_type=city&group_adults=2&req_adults=2&no_rooms=1&group_children=0&req_children=0&hpos=19&hapos=569&sr_order=popularity&srpvid=a6ce4e38ac41034b&srepoch=1737803297&all_sr_blocks=35969402_88207855_4_0_0&highlighted_blocks=35969402_88207855_4_0_0&matching_block_id=35969402_88207855_4_0_0&sr_pri_blocks=35969402_88207855_4_0_0__202037&from=searchresults
AP Leganitos -No Ascensor-,"Centro de Madrid, Madrid",https://www.booking.com/hotel/es/ap-leganitos.es.html?label=gen173nr-1FCAEoggI46AdIClgEaEaIAQGYAQq4ARnIAQ_YAQHoAQH4AQKIAgGoAgO4ArL50rwGwAIB0gIkOGZlNzdlZTAtYjM2Ni00NjEwLWJjZDItYjc2NTUzNTkyZGM32AIF4AIB&sid=5ad11202ea9cc1c07c5ed8caaaf11387&aid=304142&ucfs=1&arphpl=1&checkin=2025-03-01&checkout=2025-03-08&dest_id=-390625&dest_type=city&group_adults=2&req_adults=2&no_rooms=1&group_children=0&req_children=0&hpos=20&hapos=570&sr_order=popularity&srpvid=a6ce4e38ac41034b&srepoch=1737803297&all_sr_blocks=1301568401_403045733_2_0_0&highlighted_blocks=1301568401_403045733_2_0_0&matching_block_id=1301568401_403045733_2_0_0&sr_pri_blocks=1301568401_403045733_2_0_0__84815&from=searchresults
Hostel Sacromonte,"Usera, Madrid",https://www.booking.com/hotel/es/hostel-sacromonte.es.html?label=gen173nr-1FCAEoggI46AdIClgEaEaIAQGYAQq4ARnIAQ_YAQHoAQH4AQKIAgGoAgO4ArL50rwGwAIB0gIkOGZlNzdlZTAtYjM2Ni00NjEwLWJjZDItYjc2NTUzNTkyZGM32AIF4AIB&sid=5ad11202ea9cc1c07c5ed8caaaf11387&aid=304142&ucfs=1&arphpl=1&checkin=2025-03-01&checkout=2025-03-08&dest_id=-390625&dest_type=city&group_adults=2&req_adults=2&no_rooms=1&group_children=0&req_children=0&hpos=21&hapos=571&sr_order=popularity&srpvid=a6ce4e38ac41034b&srepoch=1737803297&all_sr_blocks=1023164304_392875178_2_0_0&highlighted_blocks=1023164304_392875178_2_0_0&matching_block_id=1023164304_392875178_2_0_0&sr_pri_blocks=1023164304_392875178_2_0_0__49593&from=searchresults
Loft Imperial,"Arganzuela, Madrid",https://www.booking.com/hotel/es/apartamentos-loft-imperial.es.html?label=gen173nr-1FCAEoggI46AdIClgEaEaIAQGYAQq4ARnIAQ_YAQHoAQH4AQKIAgGoAgO4ArL50rwGwAIB0gIkOGZlNzdlZTAtYjM2Ni00NjEwLWJjZDItYjc2NTUzNTkyZGM32AIF4AIB&sid=5ad11202ea9cc1c07c5ed8caaaf11387&aid=304142&ucfs=1&arphpl=1&checkin=2025-03-01&checkout=2025-03-08&dest_id=-390625&dest_type=city&group_adults=2&req_adults=2&no_rooms=1&group_children=0&req_children=0&hpos=22&hapos=572&sr_order=popularity&srpvid=a6ce4e38ac41034b&srepoch=1737803297&all_sr_blocks=1228668701_395378618_4_0_0&highlighted_blocks=1228668701_395378618_4_0_0&matching_block_id=1228668701_395378618_4_0_0&sr_pri_blocks=1228668701_395378618_4_0_0__164555&from=searchresults
Carla - SVF Malasaña,"Centro de Madrid, Madrid",https://www.booking.com/hotel/es/carla-svf-malasana.es.html?label=gen173nr-1FCAEoggI46AdIClgEaEaIAQGYAQq4ARnIAQ_YAQHoAQH4AQKIAgGoAgO4ArL50rwGwAIB0gIkOGZlNzdlZTAtYjM2Ni00NjEwLWJjZDItYjc2NTUzNTkyZGM32AIF4AIB&sid=5ad11202ea9cc1c07c5ed8caaaf11387&aid=304142&ucfs=1&arphpl=1&checkin=2025-03-01&checkout=2025-03-08&dest_id=-390625&dest_type=city&group_adults=2&req_adults=2&no_rooms=1&group_children=0&req_children=0&hpos=23&hapos=573&sr_order=popularity&srpvid=a6ce4e38ac41034b&srepoch=1737803297&all_sr_blocks=1347836601_407133426_2_0_0&highlighted_blocks=1347836601_407133426_2_0_0&matching_block_id=1347836601_407133426_2_0_0&sr_pri_blocks=1347836601_407133426_2_0_0__87695&from=searchresults
Dobo Homes - SB20,"Centro de Madrid, Madrid",https://www.booking.com/hotel/es/dobohomes-sb20.es.html?label=gen173nr-1FCAEoggI46AdIClgEaEaIAQGYAQq4ARnIAQ_YAQHoAQH4AQKIAgGoAgO4ArL50rwGwAIB0gIkOGZlNzdlZTAtYjM2Ni00NjEwLWJjZDItYjc2NTUzNTkyZGM32AIF4AIB&sid=5ad11202ea9cc1c07c5ed8caaaf11387&aid=304142&ucfs=1&arphpl=1&checkin=2025-03-01&checkout=2025-03-08&dest_id=-390625&dest_type=city&group_adults=2&req_adults=2&no_rooms=1&group_children=0&req_children=0&hpos=24&hapos=574&sr_order=popularity&srpvid=a6ce4e38ac41034b&srepoch=1737803297&all_sr_blocks=1172193005_389753601_2_0_0&highlighted_blocks=1172193005_389753601_2_0_0&matching_block_id=1172193005_389753601_2_0_0&sr_pri_blocks=1172193005_389753601_2_0_0__113300&from=searchresults
Apartamento entero Junto a Cuatro Caminos con licencia del Ayto de Madrid,"Tetuán, Madrid",https://www.booking.com/hotel/es/junto-a-cuatro-caminos-madrid.es.html?label=gen173nr-1FCAEoggI46AdIClgEaEaIAQGYAQq4ARnIAQ_YAQHoAQH4AQKIAgGoAgO4ArL50rwGwAIB0gIkOGZlNzdlZTAtYjM2Ni00NjEwLWJjZDItYjc2NTUzNTkyZGM32AIF4AIB&sid=5ad11202ea9cc1c07c5ed8caaaf11387&aid=304142&ucfs=1&arphpl=1&checkin=2025-03-01&checkout=2025-03-08&dest_id=-390625&dest_type=city&group_adults=2&req_adults=2&no_rooms=1&group_children=0&req_children=0&hpos=25&hapos=575&sr_order=popularity&srpvid=a6ce4e38ac41034b&srepoch=1737803297&all_sr_blocks=1276453201_402904707_4_0_0&highlighted_blocks=1276453201_402904707_4_0_0&matching_block_id=1276453201_402904707_4_0_0&sr_pri_blocks=1276453201_402904707_4_0_0__76488&from=searchresults
Central Gran Via,"Centro de Madrid, Madrid",https://www.booking.com/hotel/es/central-gran-via.es.html?label=gen173nr-1FCAEoggI46AdIClgEaEaIAQGYAQq4ARnIAQ_YAQHoAQH4AQKIAgGoAgO4ArL50rwGwAIB0gIkOGZlNzdlZTAtYjM2Ni00NjEwLWJjZDItYjc2NTUzNTkyZGM32AIF4AIB&sid=5ad11202ea9cc1c07c5ed8caaaf11387&aid=304142&ucfs=1&arphpl=1&checkin=2025-03-01&checkout=2025-03-08&dest_id=-390625&dest_type=city&group_adults=2&req_adults=2&no_rooms=1&group_children=0&req_children=0&hpos=1&hapos=576&sr_order=popularity&srpvid=a6ce4e38ac41034b&srepoch=1737803300&all_sr_blocks=458563501_270574793_2_0_0&highlighted_blocks=458563501_270574793_2_0_0&matching_block_id=458563501_270574793_2_0_0&sr_pri_blocks=458563501_270574793_2_0_0__148278&from=searchresults
Aparsol Apartments,"Centro de Madrid, Madrid",https://www.booking.com/hotel/es/aparsol-apartments.es.html?label=gen173nr-1FCAEoggI46AdIClgEaEaIAQGYAQq4ARnIAQ_YAQHoAQH4AQKIAgGoAgO4ArL50rwGwAIB0gIkOGZlNzdlZTAtYjM2Ni00NjEwLWJjZDItYjc2NTUzNTkyZGM32AIF4AIB&sid=5ad11202ea9cc1c07c5ed8caaaf11387&aid=304142&ucfs=1&arphpl=1&checkin=2025-03-01&checkout=2025-03-08&dest_id=-390625&dest_type=city&group_adults=2&req_adults=2&no_rooms=1&group_children=0&req_children=0&hpos=2&hapos=577&sr_order=popularity&srpvid=a6ce4e38ac41034b&srepoch=1737803300&all_sr_blocks=44280512_362658823_4_0_0&highlighted_blocks=44280512_362658823_4_0_0&matching_block_id=44280512_362658823_4_0_0&sr_pri_blocks=44280512_362658823_4_0_0__142750&from=searchresults
Acogedor estudio en Arturo Soria MD-Anderson E2,"Ciudad Lineal, Madrid",https://www.booking.com/hotel/es/acogedor-estudio-en-arturo-soria-md-anderson-e2.es.html?label=gen173nr-1FCAEoggI46AdIClgEaEaIAQGYAQq4ARnIAQ_YAQHoAQH4AQKIAgGoAgO4ArL50rwGwAIB0gIkOGZlNzdlZTAtYjM2Ni00NjEwLWJjZDItYjc2NTUzNTkyZGM32AIF4AIB&sid=5ad11202ea9cc1c07c5ed8caaaf11387&aid=304142&ucfs=1&arphpl=1&checkin=2025-03-01&checkout=2025-03-08&dest_id=-390625&dest_type=city&group_adults=2&req_adults=2&no_rooms=1&group_children=0&req_children=0&hpos=3&hapos=578&sr_order=popularity&srpvid=a6ce4e38ac41034b&srepoch=1737803300&all_sr_blocks=952173701_367803391_2_0_0&highlighted_blocks=952173701_367803391_2_0_0&matching_block_id=952173701_367803391_2_0_0&sr_pri_blocks=952173701_367803391_2_0_0__60311&from=searchresults
Room Mate Macarena – Gran Vía,"Centro de Madrid, Madrid",https://www.booking.com/hotel/es/room-mate-rex-gran-via.es.html?label=gen173nr-1FCAEoggI46AdIClgEaEaIAQGYAQq4ARnIAQ_YAQHoAQH4AQKIAgGoAgO4ArL50rwGwAIB0gIkOGZlNzdlZTAtYjM2Ni00NjEwLWJjZDItYjc2NTUzNTkyZGM32AIF4AIB&sid=5ad11202ea9cc1c07c5ed8caaaf11387&aid=304142&ucfs=1&arphpl=1&checkin=2025-03-01&checkout=2025-03-08&dest_id=-390625&dest_type=city&group_adults=2&req_adults=2&no_rooms=1&group_children=0&req_children=0&hpos=4&hapos=579&sr_order=popularity&srpvid=a6ce4e38ac41034b&srepoch=1737803300&all_sr_blocks=581131301_226038562_0_2_0_310950&highlighted_blocks=581131301_226038562_0_2_0_310950&matching_block_id=581131301_226038562_0_2_0_310950&sr_pri_blocks=581131301_226038562_0_2_0_310950_154105&from=searchresults
Home42,"Fuencarral - El Pardo, Madrid",https://www.booking.com/hotel/es/hostal-home42.es.html?label=gen173nr-1FCAEoggI46AdIClgEaEaIAQGYAQq4ARnIAQ_YAQHoAQH4AQKIAgGoAgO4ArL50rwGwAIB0gIkOGZlNzdlZTAtYjM2Ni00NjEwLWJjZDItYjc2NTUzNTkyZGM32AIF4AIB&sid=5ad11202ea9cc1c07c5ed8caaaf11387&aid=304142&ucfs=1&arphpl=1&checkin=2025-03-01&checkout=2025-03-08&dest_id=-390625&dest_type=city&group_adults=2&req_adults=2&no_rooms=1&group_children=0&req_children=0&hpos=5&hapos=580&sr_order=popularity&srpvid=a6ce4e38ac41034b&srepoch=1737803300&all_sr_blocks=711737101_404755968_2_2_0&highlighted_blocks=711737101_404755968_2_2_0&matching_block_id=711737101_404755968_2_2_0&sr_pri_blocks=711737101_404755968_2_2_0__80422&from=searchresults
Estudio vanguardista- 1B- Chamberí,"Chamberí, Madrid",https://www.booking.com/hotel/es/cozy-studio-with-1-bathroom-chamberi.es.html?label=gen173nr-1FCAEoggI46AdIClgEaEaIAQGYAQq4ARnIAQ_YAQHoAQH4AQKIAgGoAgO4ArL50rwGwAIB0gIkOGZlNzdlZTAtYjM2Ni00NjEwLWJjZDItYjc2NTUzNTkyZGM32AIF4AIB&sid=5ad11202ea9cc1c07c5ed8caaaf11387&aid=304142&ucfs=1&arphpl=1&checkin=2025-03-01&checkout=2025-03-08&dest_id=-390625&dest_type=city&group_adults=2&req_adults=2&no_rooms=1&group_children=0&req_children=0&hpos=6&hapos=581&sr_order=popularity&srpvid=a6ce4e38ac41034b&srepoch=1737803300&all_sr_blocks=1080597402_381337779_2_0_0&highlighted_blocks=1080597402_381337779_2_0_0&matching_block_id=1080597402_381337779_2_0_0&sr_pri_blocks=1080597402_381337779_2_0_0__101683&from=searchresults
limehome Madrid Calle de Don Ramón de la Cruz,"Salamanca, Madrid",https://www.booking.com/hotel/es/limehome-madrid-calle-de-don-ramon-de-la-cruz.es.html?label=gen173nr-1FCAEoggI46AdIClgEaEaIAQGYAQq4ARnIAQ_YAQHoAQH4AQKIAgGoAgO4ArL50rwGwAIB0gIkOGZlNzdlZTAtYjM2Ni00NjEwLWJjZDItYjc2NTUzNTkyZGM32AIF4AIB&sid=5ad11202ea9cc1c07c5ed8caaaf11387&aid=304142&ucfs=1&arphpl=1&checkin=2025-03-01&checkout=2025-03-08&dest_id=-390625&dest_type=city&group_adults=2&req_adults=2&no_rooms=1&group_children=0&req_children=0&hpos=7&hapos=582&sr_order=popularity&srpvid=a6ce4e38ac41034b&srepoch=1737803300&all_sr_blocks=768251103_334434387_2_0_0&highlighted_blocks=768251103_334434387_2_0_0&matching_block_id=768251103_334434387_2_0_0&sr_pri_blocks=768251103_334434387_2_0_0__159500&from=searchresults
Ama Madrid Metropolitano 11,"San Blas, Madrid",https://www.booking.com/hotel/es/ama-madrid-metropolitano-11.es.html?label=gen173nr-1FCAEoggI46AdIClgEaEaIAQGYAQq4ARnIAQ_YAQHoAQH4AQKIAgGoAgO4ArL50rwGwAIB0gIkOGZlNzdlZTAtYjM2Ni00NjEwLWJjZDItYjc2NTUzNTkyZGM32AIF4AIB&sid=5ad11202ea9cc1c07c5ed8caaaf11387&aid=304142&ucfs=1&arphpl=1&checkin=2025-03-01&checkout=2025-03-08&dest_id=-390625&dest_type=city&group_adults=2&req_adults=2&no_rooms=1&group_children=0&req_children=0&hpos=8&hapos=583&sr_order=popularity&srpvid=a6ce4e38ac41034b&srepoch=1737803300&all_sr_blocks=1282239601_401148316_2_0_0&highlighted_blocks=1282239601_401148316_2_0_0&matching_block_id=1282239601_401148316_2_0_0&sr_pri_blocks=1282239601_401148316_2_0_0__53946&from=searchresults
Bright apartment-1Bedroom 1Bath-Salamanca,"Salamanca, Madrid",https://www.booking.com/hotel/es/bright-apartment-1bedroom-1bath-salamanca.es.html?label=gen173nr-1FCAEoggI46AdIClgEaEaIAQGYAQq4ARnIAQ_YAQHoAQH4AQKIAgGoAgO4ArL50rwGwAIB0gIkOGZlNzdlZTAtYjM2Ni00NjEwLWJjZDItYjc2NTUzNTkyZGM32AIF4AIB&sid=5ad11202ea9cc1c07c5ed8caaaf11387&aid=304142&ucfs=1&arphpl=1&checkin=2025-03-01&checkout=2025-03-08&dest_id=-390625&dest_type=city&group_adults=2&req_adults=2&no_rooms=1&group_children=0&req_children=0&hpos=9&hapos=584&sr_order=popularity&srpvid=a6ce4e38ac41034b&srepoch=1737803300&all_sr_blocks=1236272502_395845547_2_0_0&highlighted_blocks=1236272502_395845547_2_0_0&matching_block_id=1236272502_395845547_2_0_0&sr_pri_blocks=1236272502_395845547_2_0_0__90272&from=searchresults
Boutique Apartments in the Heart of Madrid,"Centro de Madrid, Madrid",https://www.booking.com/hotel/es/boutique-apartments-in-the-heart-of-madrid.es.html?label=gen173nr-1FCAEoggI46AdIClgEaEaIAQGYAQq4ARnIAQ_YAQHoAQH4AQKIAgGoAgO4ArL50rwGwAIB0gIkOGZlNzdlZTAtYjM2Ni00NjEwLWJjZDItYjc2NTUzNTkyZGM32AIF4AIB&sid=5ad11202ea9cc1c07c5ed8caaaf11387&aid=304142&ucfs=1&arphpl=1&checkin=2025-03-01&checkout=2025-03-08&dest_id=-390625&dest_type=city&group_adults=2&req_adults=2&no_rooms=1&group_children=0&req_children=0&hpos=10&hapos=585&sr_order=popularity&srpvid=a6ce4e38ac41034b&srepoch=1737803300&all_sr_blocks=643801013_360731673_0_0_0&highlighted_blocks=643801013_360731673_0_0_0&matching_block_id=643801013_360731673_0_0_0&sr_pri_blocks=643801013_360731673_0_0_0__151903&from=searchresults
INNSIDE by Meliá Madrid Gran Vía,"Centro de Madrid, Madrid",https://www.booking.com/hotel/es/innside-by-melia-madrid-gran-via.es.html?label=gen173nr-1FCAEoggI46AdIClgEaEaIAQGYAQq4ARnIAQ_YAQHoAQH4AQKIAgGoAgO4ArL50rwGwAIB0gIkOGZlNzdlZTAtYjM2Ni00NjEwLWJjZDItYjc2NTUzNTkyZGM32AIF4AIB&sid=5ad11202ea9cc1c07c5ed8caaaf11387&aid=304142&ucfs=1&arphpl=1&checkin=2025-03-01&checkout=2025-03-08&dest_id=-390625&dest_type=city&group_adults=2&req_adults=2&no_rooms=1&group_children=0&req_children=0&hpos=11&hapos=586&sr_order=popularity&srpvid=a6ce4e38ac41034b&srepoch=1737803300&all_sr_blocks=9162002_91989065_2_2_0&highlighted_blocks=9162002_91989065_2_2_0&matching_block_id=9162002_91989065_2_2_0&sr_pri_blocks=9162002_91989065_2_2_0__169500&from_sustainable_property_sr=1&from=searchresults
Líbere Madrid Palacio Real,"Centro de Madrid, Madrid",https://www.booking.com/hotel/es/libere-madrid-palacio-real.es.html?label=gen173nr-1FCAEoggI46AdIClgEaEaIAQGYAQq4ARnIAQ_YAQHoAQH4AQKIAgGoAgO4ArL50rwGwAIB0gIkOGZlNzdlZTAtYjM2Ni00NjEwLWJjZDItYjc2NTUzNTkyZGM32AIF4AIB&sid=5ad11202ea9cc1c07c5ed8caaaf11387&aid=304142&ucfs=1&arphpl=1&checkin=2025-03-01&checkout=2025-03-08&dest_id=-390625&dest_type=city&group_adults=2&req_adults=2&no_rooms=1&group_children=0&req_children=0&hpos=12&hapos=587&sr_order=popularity&srpvid=a6ce4e38ac41034b&srepoch=1737803300&all_sr_blocks=9347411_0_2_0_0&highlighted_blocks=9347411_0_2_0_0&matching_block_id=9347411_0_2_0_0&sr_pri_blocks=9347411_0_2_0_0__118141&from=searchresults
Renovado dúplex en El Pilar by beBalmy,"Fuencarral - El Pardo, Madrid",https://www.booking.com/hotel/es/renovado-duplex-en-el-pilar-by-bebalmy.es.html?label=gen173nr-1FCAEoggI46AdIClgEaEaIAQGYAQq4ARnIAQ_YAQHoAQH4AQKIAgGoAgO4ArL50rwGwAIB0gIkOGZlNzdlZTAtYjM2Ni00NjEwLWJjZDItYjc2NTUzNTkyZGM32AIF4AIB&sid=5ad11202ea9cc1c07c5ed8caaaf11387&aid=304142&ucfs=1&arphpl=1&checkin=2025-03-01&checkout=2025-03-08&dest_id=-390625&dest_type=city&group_adults=2&req_adults=2&no_rooms=1&group_children=0&req_children=0&hpos=13&hapos=588&sr_order=popularity&srpvid=a6ce4e38ac41034b&srepoch=1737803300&all_sr_blocks=1313021201_404097757_4_0_0_724200&highlighted_blocks=1313021201_404097757_4_0_0_724200&matching_block_id=1313021201_404097757_4_0_0_724200&sr_pri_blocks=1313021201_404097757_4_0_0_724200_78301&from=searchresults
URBANSEA Atocha 113,"Centro de Madrid, Madrid",https://www.booking.com/hotel/es/chic-basic-atocha.es.html?label=gen173nr-1FCAEoggI46AdIClgEaEaIAQGYAQq4ARnIAQ_YAQHoAQH4AQKIAgGoAgO4ArL50rwGwAIB0gIkOGZlNzdlZTAtYjM2Ni00NjEwLWJjZDItYjc2NTUzNTkyZGM32AIF4AIB&sid=5ad11202ea9cc1c07c5ed8caaaf11387&aid=304142&ucfs=1&arphpl=1&checkin=2025-03-01&checkout=2025-03-08&dest_id=-390625&dest_type=city&group_adults=2&req_adults=2&no_rooms=1&group_children=0&req_children=0&hpos=14&hapos=589&sr_order=popularity&srpvid=a6ce4e38ac41034b&srepoch=1737803300&all_sr_blocks=18878003_88203188_0_0_0&highlighted_blocks=18878003_88203188_0_0_0&matching_block_id=18878003_88203188_0_0_0&sr_pri_blocks=18878003_88203188_0_0_0__109800&from=searchresults
Victoria 4 Puerta del Sol,"Centro de Madrid, Madrid",https://www.booking.com/hotel/es/hotelvictoria.es.html?label=gen173nr-1FCAEoggI46AdIClgEaEaIAQGYAQq4ARnIAQ_YAQHoAQH4AQKIAgGoAgO4ArL50rwGwAIB0gIkOGZlNzdlZTAtYjM2Ni00NjEwLWJjZDItYjc2NTUzNTkyZGM32AIF4AIB&sid=5ad11202ea9cc1c07c5ed8caaaf11387&aid=304142&ucfs=1&arphpl=1&checkin=2025-03-01&checkout=2025-03-08&dest_id=-390625&dest_type=city&group_adults=2&req_adults=2&no_rooms=1&group_children=0&req_children=0&hpos=15&hapos=590&sr_order=popularity&srpvid=a6ce4e38ac41034b&srepoch=1737803300&all_sr_blocks=9175602_88191722_0_42_0&highlighted_blocks=9175602_88191722_0_42_0&matching_block_id=9175602_88191722_0_42_0&sr_pri_blocks=9175602_88191722_0_42_0__135265&from=searchresults
DWO Colours Alcalá,"San Blas, Madrid",https://www.booking.com/hotel/es/dwo-alcala-norte-madrid.es.html?label=gen173nr-1FCAEoggI46AdIClgEaEaIAQGYAQq4ARnIAQ_YAQHoAQH4AQKIAgGoAgO4ArL50rwGwAIB0gIkOGZlNzdlZTAtYjM2Ni00NjEwLWJjZDItYjc2NTUzNTkyZGM32AIF4AIB&sid=5ad11202ea9cc1c07c5ed8caaaf11387&aid=304142&ucfs=1&arphpl=1&checkin=2025-03-01&checkout=2025-03-08&dest_id=-390625&dest_type=city&group_adults=2&req_adults=2&no_rooms=1&group_children=0&req_children=0&hpos=16&hapos=591&sr_order=popularity&srpvid=a6ce4e38ac41034b&srepoch=1737803300&all_sr_blocks=834381901_393824780_2_2_0&highlighted_blocks=834381901_393824780_2_2_0&matching_block_id=834381901_393824780_2_2_0&sr_pri_blocks=834381901_393824780_2_2_0__88110&from=searchresults
Acta Pirámides,"Arganzuela, Madrid",https://www.booking.com/hotel/es/actapiramides-hotel.es.html?label=gen173nr-1FCAEoggI46AdIClgEaEaIAQGYAQq4ARnIAQ_YAQHoAQH4AQKIAgGoAgO4ArL50rwGwAIB0gIkOGZlNzdlZTAtYjM2Ni00NjEwLWJjZDItYjc2NTUzNTkyZGM32AIF4AIB&sid=5ad11202ea9cc1c07c5ed8caaaf11387&aid=304142&ucfs=1&arphpl=1&checkin=2025-03-01&checkout=2025-03-08&dest_id=-390625&dest_type=city&group_adults=2&req_adults=2&no_rooms=1&group_children=0&req_children=0&hpos=17&hapos=592&sr_order=popularity&srpvid=a6ce4e38ac41034b&srepoch=1737803300&all_sr_blocks=9029033_94304095_0_2_0&highlighted_blocks=9029033_94304095_0_2_0&matching_block_id=9029033_94304095_0_2_0&sr_pri_blocks=9029033_94304095_0_2_0__112050&from=searchresults
"2 bedrooms 1,5bathrooms furnished - Sol - bright & functional - MintyStay","Centro de Madrid, Madrid",https://www.booking.com/hotel/es/2-bedrooms-2-bathrooms-furnished-sol-bright-functional-mintystay.es.html?label=gen173nr-1FCAEoggI46AdIClgEaEaIAQGYAQq4ARnIAQ_YAQHoAQH4AQKIAgGoAgO4ArL50rwGwAIB0gIkOGZlNzdlZTAtYjM2Ni00NjEwLWJjZDItYjc2NTUzNTkyZGM32AIF4AIB&sid=5ad11202ea9cc1c07c5ed8caaaf11387&aid=304142&ucfs=1&arphpl=1&checkin=2025-03-01&checkout=2025-03-08&dest_id=-390625&dest_type=city&group_adults=2&req_adults=2&no_rooms=1&group_children=0&req_children=0&hpos=18&hapos=593&sr_order=popularity&srpvid=a6ce4e38ac41034b&srepoch=1737803300&all_sr_blocks=673248902_389658568_4_0_0&highlighted_blocks=673248902_389658568_4_0_0&matching_block_id=673248902_389658568_4_0_0&sr_pri_blocks=673248902_389658568_4_0_0__121616&from=searchresults
LUCIENTE,"Centro de Madrid, Madrid",https://www.booking.com/hotel/es/luciente.es.html?label=gen173nr-1FCAEoggI46AdIClgEaEaIAQGYAQq4ARnIAQ_YAQHoAQH4AQKIAgGoAgO4ArL50rwGwAIB0gIkOGZlNzdlZTAtYjM2Ni00NjEwLWJjZDItYjc2NTUzNTkyZGM32AIF4AIB&sid=5ad11202ea9cc1c07c5ed8caaaf11387&aid=304142&ucfs=1&arphpl=1&checkin=2025-03-01&checkout=2025-03-08&dest_id=-390625&dest_type=city&group_adults=2&req_adults=2&no_rooms=1&group_children=0&req_children=0&hpos=19&hapos=594&sr_order=popularity&srpvid=a6ce4e38ac41034b&srepoch=1737803300&all_sr_blocks=797147601_384968067_2_0_0&highlighted_blocks=797147601_384968067_2_0_0&matching_block_id=797147601_384968067_2_0_0&sr_pri_blocks=797147601_384968067_2_0_0__89813&from=searchresults
Bright and cozy- 1D 1B- Plaza Castilla,"Tetuán, Madrid",https://www.booking.com/hotel/es/bright-and-cozy-1d-1b-plaza-castilla.es.html?label=gen173nr-1FCAEoggI46AdIClgEaEaIAQGYAQq4ARnIAQ_YAQHoAQH4AQKIAgGoAgO4ArL50rwGwAIB0gIkOGZlNzdlZTAtYjM2Ni00NjEwLWJjZDItYjc2NTUzNTkyZGM32AIF4AIB&sid=5ad11202ea9cc1c07c5ed8caaaf11387&aid=304142&ucfs=1&arphpl=1&checkin=2025-03-01&checkout=2025-03-08&dest_id=-390625&dest_type=city&group_adults=2&req_adults=2&no_rooms=1&group_children=0&req_children=0&hpos=20&hapos=595&sr_order=popularity&srpvid=a6ce4e38ac41034b&srepoch=1737803300&all_sr_blocks=1124634602_385557043_2_0_0&highlighted_blocks=1124634602_385557043_2_0_0&matching_block_id=1124634602_385557043_2_0_0&sr_pri_blocks=1124634602_385557043_2_0_0__82061&from=searchresults
Melia Barajas,"Barajas, Madrid",https://www.booking.com/hotel/es/melia-barajas.es.html?label=gen173nr-1FCAEoggI46AdIClgEaEaIAQGYAQq4ARnIAQ_YAQHoAQH4AQKIAgGoAgO4ArL50rwGwAIB0gIkOGZlNzdlZTAtYjM2Ni00NjEwLWJjZDItYjc2NTUzNTkyZGM32AIF4AIB&sid=5ad11202ea9cc1c07c5ed8caaaf11387&aid=304142&ucfs=1&arphpl=1&checkin=2025-03-01&checkout=2025-03-08&dest_id=-390625&dest_type=city&group_adults=2&req_adults=2&no_rooms=1&group_children=0&req_children=0&hpos=21&hapos=596&sr_order=popularity&srpvid=a6ce4e38ac41034b&srepoch=1737803300&all_sr_blocks=0_0_2_0_0&highlighted_blocks=0_0_2_0_0&matching_block_id=0_0_2_0_0&sr_pri_blocks=0_0_2_0_0__126714&from_sustainable_property_sr=1&from=searchresults
Room Mate Oscar,"Centro de Madrid, Madrid",https://www.booking.com/hotel/es/room-mate-oscar.es.html?label=gen173nr-1FCAEoggI46AdIClgEaEaIAQGYAQq4ARnIAQ_YAQHoAQH4AQKIAgGoAgO4ArL50rwGwAIB0gIkOGZlNzdlZTAtYjM2Ni00NjEwLWJjZDItYjc2NTUzNTkyZGM32AIF4AIB&sid=5ad11202ea9cc1c07c5ed8caaaf11387&aid=304142&ucfs=1&arphpl=1&checkin=2025-03-01&checkout=2025-03-08&dest_id=-390625&dest_type=city&group_adults=2&req_adults=2&no_rooms=1&group_children=0&req_children=0&hpos=22&hapos=597&sr_order=popularity&srpvid=a6ce4e38ac41034b&srepoch=1737803300&all_sr_blocks=9700301_88196586_0_2_0_310954&highlighted_blocks=9700301_88196586_0_2_0_310954&matching_block_id=9700301_88196586_0_2_0_310954&sr_pri_blocks=9700301_88196586_0_2_0_310954_154785&from=searchresults
"Hotel Urban, a Small Luxury Hotel of the World","Centro de Madrid, Madrid",https://www.booking.com/hotel/es/urbanmadrid.es.html?label=gen173nr-1FCAEoggI46AdIClgEaEaIAQGYAQq4ARnIAQ_YAQHoAQH4AQKIAgGoAgO4ArL50rwGwAIB0gIkOGZlNzdlZTAtYjM2Ni00NjEwLWJjZDItYjc2NTUzNTkyZGM32AIF4AIB&sid=5ad11202ea9cc1c07c5ed8caaaf11387&aid=304142&ucfs=1&arphpl=1&checkin=2025-03-01&checkout=2025-03-08&dest_id=-390625&dest_type=city&group_adults=2&req_adults=2&no_rooms=1&group_children=0&req_children=0&hpos=23&hapos=598&sr_order=popularity&srpvid=a6ce4e38ac41034b&srepoch=1737803300&all_sr_blocks=9050301_0_2_0_0&highlighted_blocks=9050301_0_2_0_0&matching_block_id=9050301_0_2_0_0&sr_pri_blocks=9050301_0_2_0_0__212602&from=searchresults
Hotel Puerta de Toledo,"Arganzuela, Madrid",https://www.booking.com/hotel/es/puertadetoledo.es.html?label=gen173nr-1FCAEoggI46AdIClgEaEaIAQGYAQq4ARnIAQ_YAQHoAQH4AQKIAgGoAgO4ArL50rwGwAIB0gIkOGZlNzdlZTAtYjM2Ni00NjEwLWJjZDItYjc2NTUzNTkyZGM32AIF4AIB&sid=5ad11202ea9cc1c07c5ed8caaaf11387&aid=304142&ucfs=1&arphpl=1&checkin=2025-03-01&checkout=2025-03-08&dest_id=-390625&dest_type=city&group_adults=2&req_adults=2&no_rooms=1&group_children=0&req_children=0&hpos=24&hapos=599&sr_order=popularity&srpvid=a6ce4e38ac41034b&srepoch=1737803300&all_sr_blocks=9135003_0_2_0_0&highlighted_blocks=9135003_0_2_0_0&matching_block_id=9135003_0_2_0_0&sr_pri_blocks=9135003_0_2_0_0__96710&from=searchresults
Hostal Mendoza,"Centro de Madrid, Madrid",https://www.booking.com/hotel/es/mendoza.es.html?label=gen173nr-1FCAEoggI46AdIClgEaEaIAQGYAQq4ARnIAQ_YAQHoAQH4AQKIAgGoAgO4ArL50rwGwAIB0gIkOGZlNzdlZTAtYjM2Ni00NjEwLWJjZDItYjc2NTUzNTkyZGM32AIF4AIB&sid=5ad11202ea9cc1c07c5ed8caaaf11387&aid=304142&ucfs=1&arphpl=1&checkin=2025-03-01&checkout=2025-03-08&dest_id=-390625&dest_type=city&group_adults=2&req_adults=2&no_rooms=1&group_children=0&req_children=0&hpos=25&hapos=600&sr_order=popularity&srpvid=a6ce4e38ac41034b&srepoch=1737803300&all_sr_blocks=43951104_88209536_0_0_0&highlighted_blocks=43951104_88209536_0_0_0&matching_block_id=43951104_88209536_0_0_0&sr_pri_blocks=43951104_88209536_0_0_0__150570&from=searchresults
"Radisson Blu Hotel, Madrid Prado","Centro de Madrid, Madrid",https://www.booking.com/hotel/es/radisson-blu-madrid-prado.es.html?label=gen173nr-1FCAEoggI46AdIClgEaEaIAQGYAQq4ARnIAQ_YAQHoAQH4AQKIAgGoAgO4ArL50rwGwAIB0gIkOGZlNzdlZTAtYjM2Ni00NjEwLWJjZDItYjc2NTUzNTkyZGM32AIF4AIB&sid=5ad11202ea9cc1c07c5ed8caaaf11387&aid=304142&ucfs=1&arphpl=1&checkin=2025-03-01&checkout=2025-03-08&dest_id=-390625&dest_type=city&group_adults=2&req_adults=2&no_rooms=1&group_children=0&req_children=0&hpos=1&hapos=601&sr_order=popularity&srpvid=a6ce4e38ac41034b&srepoch=1737803303&all_sr_blocks=18997103_93714790_2_2_0&highlighted_blocks=18997103_93714790_2_2_0&matching_block_id=18997103_93714790_2_2_0&sr_pri_blocks=18997103_93714790_2_2_0__205500&from=searchresults
Hostal Asunción,"Centro de Madrid, Madrid",https://www.booking.com/hotel/es/asuncion.es.html?label=gen173nr-1FCAEoggI46AdIClgEaEaIAQGYAQq4ARnIAQ_YAQHoAQH4AQKIAgGoAgO4ArL50rwGwAIB0gIkOGZlNzdlZTAtYjM2Ni00NjEwLWJjZDItYjc2NTUzNTkyZGM32AIF4AIB&sid=5ad11202ea9cc1c07c5ed8caaaf11387&aid=304142&ucfs=1&arphpl=1&checkin=2025-03-01&checkout=2025-03-08&dest_id=-390625&dest_type=city&group_adults=2&req_adults=2&no_rooms=1&group_children=0&req_children=0&hpos=2&hapos=602&sr_order=popularity&srpvid=a6ce4e38ac41034b&srepoch=1737803303&all_sr_blocks=1208203_384930496_0_0_0&highlighted_blocks=1208203_384930496_0_0_0&matching_block_id=1208203_384930496_0_0_0&sr_pri_blocks=1208203_384930496_0_0_0__118750&from=searchresults
Apartamentos Apolo,"Centro de Madrid, Madrid",https://www.booking.com/hotel/es/apartamentos-apolo-madrid.es.html?label=gen173nr-1FCAEoggI46AdIClgEaEaIAQGYAQq4ARnIAQ_YAQHoAQH4AQKIAgGoAgO4ArL50rwGwAIB0gIkOGZlNzdlZTAtYjM2Ni00NjEwLWJjZDItYjc2NTUzNTkyZGM32AIF4AIB&sid=5ad11202ea9cc1c07c5ed8caaaf11387&aid=304142&ucfs=1&arphpl=1&checkin=2025-03-01&checkout=2025-03-08&dest_id=-390625&dest_type=city&group_adults=2&req_adults=2&no_rooms=1&group_children=0&req_children=0&hpos=3&hapos=603&sr_order=popularity&srpvid=a6ce4e38ac41034b&srepoch=1737803303&all_sr_blocks=281994204_277342937_0_2_0&highlighted_blocks=281994204_277342937_0_2_0&matching_block_id=281994204_277342937_0_2_0&sr_pri_blocks=281994204_277342937_0_2_0__135830&from=searchresults
APARTAMENTOS SAN ANDRES,"Centro de Madrid, Madrid",https://www.booking.com/hotel/es/apartamentos-san-andres-madrid.es.html?label=gen173nr-1FCAEoggI46AdIClgEaEaIAQGYAQq4ARnIAQ_YAQHoAQH4AQKIAgGoAgO4ArL50rwGwAIB0gIkOGZlNzdlZTAtYjM2Ni00NjEwLWJjZDItYjc2NTUzNTkyZGM32AIF4AIB&sid=5ad11202ea9cc1c07c5ed8caaaf11387&aid=304142&ucfs=1&arphpl=1&checkin=2025-03-01&checkout=2025-03-08&dest_id=-390625&dest_type=city&group_adults=2&req_adults=2&no_rooms=1&group_children=0&req_children=0&hpos=4&hapos=604&sr_order=popularity&srpvid=a6ce4e38ac41034b&srepoch=1737803303&all_sr_blocks=813244706_343663553_3_0_0&highlighted_blocks=813244706_343663553_3_0_0&matching_block_id=813244706_343663553_3_0_0&sr_pri_blocks=813244706_343663553_3_0_0__116400&from=searchresults
BE Coliving Madrid Centro,"Centro de Madrid, Madrid",https://www.booking.com/hotel/es/uno-coliving-madrid-centro.es.html?label=gen173nr-1FCAEoggI46AdIClgEaEaIAQGYAQq4ARnIAQ_YAQHoAQH4AQKIAgGoAgO4ArL50rwGwAIB0gIkOGZlNzdlZTAtYjM2Ni00NjEwLWJjZDItYjc2NTUzNTkyZGM32AIF4AIB&sid=5ad11202ea9cc1c07c5ed8caaaf11387&aid=304142&ucfs=1&arphpl=1&checkin=2025-03-01&checkout=2025-03-08&dest_id=-390625&dest_type=city&group_adults=2&req_adults=2&no_rooms=1&group_children=0&req_children=0&hpos=5&hapos=605&sr_order=popularity&srpvid=a6ce4e38ac41034b&srepoch=1737803303&all_sr_blocks=1321104007_404801045_2_0_0&highlighted_blocks=1321104007_404801045_2_0_0&matching_block_id=1321104007_404801045_2_0_0&sr_pri_blocks=1321104007_404801045_2_0_0__102220&from=searchresults
AC Hotel Recoletos by Marriott,"Salamanca, Madrid",https://www.booking.com/hotel/es/ac-recoletos.es.html?label=gen173nr-1FCAEoggI46AdIClgEaEaIAQGYAQq4ARnIAQ_YAQHoAQH4AQKIAgGoAgO4ArL50rwGwAIB0gIkOGZlNzdlZTAtYjM2Ni00NjEwLWJjZDItYjc2NTUzNTkyZGM32AIF4AIB&sid=5ad11202ea9cc1c07c5ed8caaaf11387&aid=304142&ucfs=1&arphpl=1&checkin=2025-03-01&checkout=2025-03-08&dest_id=-390625&dest_type=city&group_adults=2&req_adults=2&no_rooms=1&group_children=0&req_children=0&hpos=6&hapos=606&sr_order=popularity&srpvid=a6ce4e38ac41034b&srepoch=1737803303&all_sr_blocks=9445504_93709807_2_2_0&highlighted_blocks=9445504_93709807_2_2_0&matching_block_id=9445504_93709807_2_2_0&sr_pri_blocks=9445504_93709807_2_2_0__218790&from_sustainable_property_sr=1&from=searchresults
Chamberi I calle Monteleón 2BR 2BH,"Chamberí, Madrid",https://www.booking.com/hotel/es/piso-lujo-monteleon-madrid.es.html?label=gen173nr-1FCAEoggI46AdIClgEaEaIAQGYAQq4ARnIAQ_YAQHoAQH4AQKIAgGoAgO4ArL50rwGwAIB0gIkOGZlNzdlZTAtYjM2Ni00NjEwLWJjZDItYjc2NTUzNTkyZGM32AIF4AIB&sid=5ad11202ea9cc1c07c5ed8caaaf11387&aid=304142&ucfs=1&arphpl=1&checkin=2025-03-01&checkout=2025-03-08&dest_id=-390625&dest_type=city&group_adults=2&req_adults=2&no_rooms=1&group_children=0&req_children=0&hpos=7&hapos=607&sr_order=popularity&srpvid=a6ce4e38ac41034b&srepoch=1737803303&all_sr_blocks=611157701_369648394_4_0_0&highlighted_blocks=611157701_369648394_4_0_0&matching_block_id=611157701_369648394_4_0_0&sr_pri_blocks=611157701_369648394_4_0_0__155845&from=searchresults
"S6 Apartamento nuevo, Madrid","Tetuán, Madrid",https://www.booking.com/hotel/es/s6-apartamento-nuevo-madrid.es.html?label=gen173nr-1FCAEoggI46AdIClgEaEaIAQGYAQq4ARnIAQ_YAQHoAQH4AQKIAgGoAgO4ArL50rwGwAIB0gIkOGZlNzdlZTAtYjM2Ni00NjEwLWJjZDItYjc2NTUzNTkyZGM32AIF4AIB&sid=5ad11202ea9cc1c07c5ed8caaaf11387&aid=304142&ucfs=1&arphpl=1&checkin=2025-03-01&checkout=2025-03-08&dest_id=-390625&dest_type=city&group_adults=2&req_adults=2&no_rooms=1&group_children=0&req_children=0&hpos=8&hapos=608&sr_order=popularity&srpvid=a6ce4e38ac41034b&srepoch=1737803303&all_sr_blocks=1228026901_394834333_4_0_0&highlighted_blocks=1228026901_394834333_4_0_0&matching_block_id=1228026901_394834333_4_0_0&sr_pri_blocks=1228026901_394834333_4_0_0__92183&from=searchresults
Hotel Miau,"Centro de Madrid, Madrid",https://www.booking.com/hotel/es/miau.es.html?label=gen173nr-1FCAEoggI46AdIClgEaEaIAQGYAQq4ARnIAQ_YAQHoAQH4AQKIAgGoAgO4ArL50rwGwAIB0gIkOGZlNzdlZTAtYjM2Ni00NjEwLWJjZDItYjc2NTUzNTkyZGM32AIF4AIB&sid=5ad11202ea9cc1c07c5ed8caaaf11387&aid=304142&ucfs=1&arphpl=1&checkin=2025-03-01&checkout=2025-03-08&dest_id=-390625&dest_type=city&group_adults=2&req_adults=2&no_rooms=1&group_children=0&req_children=0&hpos=9&hapos=609&sr_order=popularity&srpvid=a6ce4e38ac41034b&srepoch=1737803303&all_sr_blocks=1226001_333379906_0_2_0&highlighted_blocks=1226001_333379906_0_2_0&matching_block_id=1226001_333379906_0_2_0&sr_pri_blocks=1226001_333379906_0_2_0__182637&from=searchresults
"Hotel Villa Real, a member of Preferred Hotels & Resorts","Centro de Madrid, Madrid",https://www.booking.com/hotel/es/villareal.es.html?label=gen173nr-1FCAEoggI46AdIClgEaEaIAQGYAQq4ARnIAQ_YAQHoAQH4AQKIAgGoAgO4ArL50rwGwAIB0gIkOGZlNzdlZTAtYjM2Ni00NjEwLWJjZDItYjc2NTUzNTkyZGM32AIF4AIB&sid=5ad11202ea9cc1c07c5ed8caaaf11387&aid=304142&ucfs=1&arphpl=1&checkin=2025-03-01&checkout=2025-03-08&dest_id=-390625&dest_type=city&group_adults=2&req_adults=2&no_rooms=1&group_children=0&req_children=0&hpos=10&hapos=610&sr_order=popularity&srpvid=a6ce4e38ac41034b&srepoch=1737803303&all_sr_blocks=9002501_0_2_0_0&highlighted_blocks=9002501_0_2_0_0&matching_block_id=9002501_0_2_0_0&sr_pri_blocks=9002501_0_2_0_0__170215&from=searchresults
Apartamentos Torr Av América - López de Hoyos - Chamartín,"Chamartín, Madrid",https://www.booking.com/hotel/es/apartamentos-torr-en-madrid-av-america-lopez-de-hoyos.es.html?label=gen173nr-1FCAEoggI46AdIClgEaEaIAQGYAQq4ARnIAQ_YAQHoAQH4AQKIAgGoAgO4ArL50rwGwAIB0gIkOGZlNzdlZTAtYjM2Ni00NjEwLWJjZDItYjc2NTUzNTkyZGM32AIF4AIB&sid=5ad11202ea9cc1c07c5ed8caaaf11387&aid=304142&ucfs=1&arphpl=1&checkin=2025-03-01&checkout=2025-03-08&dest_id=-390625&dest_type=city&group_adults=2&req_adults=2&no_rooms=1&group_children=0&req_children=0&hpos=11&hapos=611&sr_order=popularity&srpvid=a6ce4e38ac41034b&srepoch=1737803303&all_sr_blocks=407634601_170729520_5_0_0&highlighted_blocks=407634601_170729520_5_0_0&matching_block_id=407634601_170729520_5_0_0&sr_pri_blocks=407634601_170729520_5_0_0__164528&from=searchresults
Adventure Hostel Madrid,"Centro de Madrid, Madrid",https://www.booking.com/hotel/es/the-adventure-hostel-madrid.es.html?label=gen173nr-1FCAEoggI46AdIClgEaEaIAQGYAQq4ARnIAQ_YAQHoAQH4AQKIAgGoAgO4ArL50rwGwAIB0gIkOGZlNzdlZTAtYjM2Ni00NjEwLWJjZDItYjc2NTUzNTkyZGM32AIF4AIB&sid=5ad11202ea9cc1c07c5ed8caaaf11387&aid=304142&ucfs=1&arphpl=1&checkin=2025-03-01&checkout=2025-03-08&dest_id=-390625&dest_type=city&group_adults=2&req_adults=2&no_rooms=1&group_children=0&req_children=0&hpos=12&hapos=612&sr_order=popularity&srpvid=a6ce4e38ac41034b&srepoch=1737803303&all_sr_blocks=1230418003_395031067_0_2_0&highlighted_blocks=1230418003_395031067_0_2_0&matching_block_id=1230418003_395031067_0_2_0&sr_pri_blocks=1230418003_395031067_0_2_0__208080&from=searchresults
ICON Embassy,"Salamanca, Madrid",https://www.booking.com/hotel/es/petitpalaceembassy.es.html?label=gen173nr-1FCAEoggI46AdIClgEaEaIAQGYAQq4ARnIAQ_YAQHoAQH4AQKIAgGoAgO4ArL50rwGwAIB0gIkOGZlNzdlZTAtYjM2Ni00NjEwLWJjZDItYjc2NTUzNTkyZGM32AIF4AIB&sid=5ad11202ea9cc1c07c5ed8caaaf11387&aid=304142&ucfs=1&arphpl=1&checkin=2025-03-01&checkout=2025-03-08&dest_id=-390625&dest_type=city&group_adults=2&req_adults=2&no_rooms=1&group_children=0&req_children=0&hpos=13&hapos=613&sr_order=popularity&srpvid=a6ce4e38ac41034b&srepoch=1737803303&all_sr_blocks=9143103_329609138_2_1_0_182241&highlighted_blocks=9143103_329609138_2_1_0_182241&matching_block_id=9143103_329609138_2_1_0_182241&sr_pri_blocks=9143103_329609138_2_1_0_182241_220229&from=searchresults
"TÓTEM Madrid, a Small Luxury Hotel of the World","Salamanca, Madrid",https://www.booking.com/hotel/es/totem-madrid.es.html?label=gen173nr-1FCAEoggI46AdIClgEaEaIAQGYAQq4ARnIAQ_YAQHoAQH4AQKIAgGoAgO4ArL50rwGwAIB0gIkOGZlNzdlZTAtYjM2Ni00NjEwLWJjZDItYjc2NTUzNTkyZGM32AIF4AIB&sid=5ad11202ea9cc1c07c5ed8caaaf11387&aid=304142&ucfs=1&arphpl=1&checkin=2025-03-01&checkout=2025-03-08&dest_id=-390625&dest_type=city&group_adults=2&req_adults=2&no_rooms=1&group_children=0&req_children=0&hpos=14&hapos=614&sr_order=popularity&srpvid=a6ce4e38ac41034b&srepoch=1737803303&all_sr_blocks=0_0_2_0_0&highlighted_blocks=0_0_2_0_0&matching_block_id=0_0_2_0_0&sr_pri_blocks=0_0_2_0_0__268370&from_sustainable_property_sr=1&from=searchresults
Apartamentos Libertad 24,"Centro de Madrid, Madrid",https://www.booking.com/hotel/es/your-liberty-apartment.es.html?label=gen173nr-1FCAEoggI46AdIClgEaEaIAQGYAQq4ARnIAQ_YAQHoAQH4AQKIAgGoAgO4ArL50rwGwAIB0gIkOGZlNzdlZTAtYjM2Ni00NjEwLWJjZDItYjc2NTUzNTkyZGM32AIF4AIB&sid=5ad11202ea9cc1c07c5ed8caaaf11387&aid=304142&ucfs=1&arphpl=1&checkin=2025-03-01&checkout=2025-03-08&dest_id=-390625&dest_type=city&group_adults=2&req_adults=2&no_rooms=1&group_children=0&req_children=0&hpos=15&hapos=615&sr_order=popularity&srpvid=a6ce4e38ac41034b&srepoch=1737803303&all_sr_blocks=1004596704_389860254_4_0_0&highlighted_blocks=1004596704_389860254_4_0_0&matching_block_id=1004596704_389860254_4_0_0&sr_pri_blocks=1004596704_389860254_4_0_0__233716&from=searchresults
Hostal JQ Madrid 1,"Centro de Madrid, Madrid",https://www.booking.com/hotel/es/hostal-jq-madrid-1.es.html?label=gen173nr-1FCAEoggI46AdIClgEaEaIAQGYAQq4ARnIAQ_YAQHoAQH4AQKIAgGoAgO4ArL50rwGwAIB0gIkOGZlNzdlZTAtYjM2Ni00NjEwLWJjZDItYjc2NTUzNTkyZGM32AIF4AIB&sid=5ad11202ea9cc1c07c5ed8caaaf11387&aid=304142&ucfs=1&arphpl=1&checkin=2025-03-01&checkout=2025-03-08&dest_id=-390625&dest_type=city&group_adults=2&req_adults=2&no_rooms=1&group_children=0&req_children=0&hpos=16&hapos=616&sr_order=popularity&srpvid=a6ce4e38ac41034b&srepoch=1737803303&all_sr_blocks=41689001_280435401_2_0_0&highlighted_blocks=41689001_280435401_2_0_0&matching_block_id=41689001_280435401_2_0_0&sr_pri_blocks=41689001_280435401_2_0_0__73404&from=searchresults
Ibis Budget Madrid Vallecas,"Villa de Vallecas, Madrid",https://www.booking.com/hotel/es/ibis-budget-madrid-vallecas.es.html?label=gen173nr-1FCAEoggI46AdIClgEaEaIAQGYAQq4ARnIAQ_YAQHoAQH4AQKIAgGoAgO4ArL50rwGwAIB0gIkOGZlNzdlZTAtYjM2Ni00NjEwLWJjZDItYjc2NTUzNTkyZGM32AIF4AIB&sid=5ad11202ea9cc1c07c5ed8caaaf11387&aid=304142&ucfs=1&arphpl=1&checkin=2025-03-01&checkout=2025-03-08&dest_id=-390625&dest_type=city&group_adults=2&req_adults=2&no_rooms=1&group_children=0&req_children=0&hpos=17&hapos=617&sr_order=popularity&srpvid=a6ce4e38ac41034b&srepoch=1737803303&all_sr_blocks=73404001_93770143_2_2_0&highlighted_blocks=73404001_93770143_2_2_0&matching_block_id=73404001_93770143_2_2_0&sr_pri_blocks=73404001_93770143_2_2_0__54815&from=searchresults
Dúplex Paseo de la Habana - Collection I,"Chamartín, Madrid",https://www.booking.com/hotel/es/duplex-paseo-de-la-habana-collection-i.es.html?label=gen173nr-1FCAEoggI46AdIClgEaEaIAQGYAQq4ARnIAQ_YAQHoAQH4AQKIAgGoAgO4ArL50rwGwAIB0gIkOGZlNzdlZTAtYjM2Ni00NjEwLWJjZDItYjc2NTUzNTkyZGM32AIF4AIB&sid=5ad11202ea9cc1c07c5ed8caaaf11387&aid=304142&ucfs=1&arphpl=1&checkin=2025-03-01&checkout=2025-03-08&dest_id=-390625&dest_type=city&group_adults=2&req_adults=2&no_rooms=1&group_children=0&req_children=0&hpos=18&hapos=618&sr_order=popularity&srpvid=a6ce4e38ac41034b&srepoch=1737803303&all_sr_blocks=955985701_368254233_0_0_0&highlighted_blocks=955985701_368254233_0_0_0&matching_block_id=955985701_368254233_0_0_0&sr_pri_blocks=955985701_368254233_0_0_0__139031&from=searchresults
Hyatt Regency Hesperia Madrid,"Chamberí, Madrid",https://www.booking.com/hotel/es/hesperiamadrid.es.html?label=gen173nr-1FCAEoggI46AdIClgEaEaIAQGYAQq4ARnIAQ_YAQHoAQH4AQKIAgGoAgO4ArL50rwGwAIB0gIkOGZlNzdlZTAtYjM2Ni00NjEwLWJjZDItYjc2NTUzNTkyZGM32AIF4AIB&sid=5ad11202ea9cc1c07c5ed8caaaf11387&aid=304142&ucfs=1&arphpl=1&checkin=2025-03-01&checkout=2025-03-08&dest_id=-390625&dest_type=city&group_adults=2&req_adults=2&no_rooms=1&group_children=0&req_children=0&hpos=19&hapos=619&sr_order=popularity&srpvid=a6ce4e38ac41034b&srepoch=1737803303&all_sr_blocks=9181247_91463011_2_2_0_742360&highlighted_blocks=9181247_91463011_2_2_0_742360&matching_block_id=9181247_91463011_2_2_0_742360&sr_pri_blocks=9181247_91463011_2_2_0_742360_184205&from_sustainable_property_sr=1&from=searchresults
Ever House - Atocha2 Superb Location,"Centro de Madrid, Madrid",https://www.booking.com/hotel/es/ever-house-atocha2-superb-location.es.html?label=gen173nr-1FCAEoggI46AdIClgEaEaIAQGYAQq4ARnIAQ_YAQHoAQH4AQKIAgGoAgO4ArL50rwGwAIB0gIkOGZlNzdlZTAtYjM2Ni00NjEwLWJjZDItYjc2NTUzNTkyZGM32AIF4AIB&sid=5ad11202ea9cc1c07c5ed8caaaf11387&aid=304142&ucfs=1&arphpl=1&checkin=2025-03-01&checkout=2025-03-08&dest_id=-390625&dest_type=city&group_adults=2&req_adults=2&no_rooms=1&group_children=0&req_children=0&hpos=20&hapos=620&sr_order=popularity&srpvid=a6ce4e38ac41034b&srepoch=1737803303&all_sr_blocks=905483101_361618524_2_0_0&highlighted_blocks=905483101_361618524_2_0_0&matching_block_id=905483101_361618524_2_0_0&sr_pri_blocks=905483101_361618524_2_0_0__179630&from=searchresults
Charming Sol Studios,"Centro de Madrid, Madrid",https://www.booking.com/hotel/es/charming-sol-studios.es.html?label=gen173nr-1FCAEoggI46AdIClgEaEaIAQGYAQq4ARnIAQ_YAQHoAQH4AQKIAgGoAgO4ArL50rwGwAIB0gIkOGZlNzdlZTAtYjM2Ni00NjEwLWJjZDItYjc2NTUzNTkyZGM32AIF4AIB&sid=5ad11202ea9cc1c07c5ed8caaaf11387&aid=304142&ucfs=1&arphpl=1&checkin=2025-03-01&checkout=2025-03-08&dest_id=-390625&dest_type=city&group_adults=2&req_adults=2&no_rooms=1&group_children=0&req_children=0&hpos=21&hapos=621&sr_order=popularity&srpvid=a6ce4e38ac41034b&srepoch=1737803303&all_sr_blocks=1151119501_387906108_2_0_0&highlighted_blocks=1151119501_387906108_2_0_0&matching_block_id=1151119501_387906108_2_0_0&sr_pri_blocks=1151119501_387906108_2_0_0__89220&from=searchresults
Apartamento Wanda Airport Ifema,"San Blas, Madrid",https://www.booking.com/hotel/es/apartamentos-wanda-airport-ifema.es.html?label=gen173nr-1FCAEoggI46AdIClgEaEaIAQGYAQq4ARnIAQ_YAQHoAQH4AQKIAgGoAgO4ArL50rwGwAIB0gIkOGZlNzdlZTAtYjM2Ni00NjEwLWJjZDItYjc2NTUzNTkyZGM32AIF4AIB&sid=5ad11202ea9cc1c07c5ed8caaaf11387&aid=304142&ucfs=1&arphpl=1&checkin=2025-03-01&checkout=2025-03-08&dest_id=-390625&dest_type=city&group_adults=2&req_adults=2&no_rooms=1&group_children=0&req_children=0&hpos=22&hapos=622&sr_order=popularity&srpvid=a6ce4e38ac41034b&srepoch=1737803303&all_sr_blocks=879181101_403403654_0_0_0&highlighted_blocks=879181101_403403654_0_0_0&matching_block_id=879181101_403403654_0_0_0&sr_pri_blocks=879181101_403403654_0_0_0__77179&from=searchresults
Apartamentos TravelStep La Latina,"Centro de Madrid, Madrid",https://www.booking.com/hotel/es/apartamentos-travelstep-la-latina.es.html?label=gen173nr-1FCAEoggI46AdIClgEaEaIAQGYAQq4ARnIAQ_YAQHoAQH4AQKIAgGoAgO4ArL50rwGwAIB0gIkOGZlNzdlZTAtYjM2Ni00NjEwLWJjZDItYjc2NTUzNTkyZGM32AIF4AIB&sid=5ad11202ea9cc1c07c5ed8caaaf11387&aid=304142&ucfs=1&arphpl=1&checkin=2025-03-01&checkout=2025-03-08&dest_id=-390625&dest_type=city&group_adults=2&req_adults=2&no_rooms=1&group_children=0&req_children=0&hpos=23&hapos=623&sr_order=popularity&srpvid=a6ce4e38ac41034b&srepoch=1737803303&all_sr_blocks=1017674401_374248157_0_0_0&highlighted_blocks=1017674401_374248157_0_0_0&matching_block_id=1017674401_374248157_0_0_0&sr_pri_blocks=1017674401_374248157_0_0_0__55738&from=searchresults
Rooms Mediavilla,"Puente de Vallecas, Madrid",https://www.booking.com/hotel/es/rooms-mediavilla.es.html?label=gen173nr-1FCAEoggI46AdIClgEaEaIAQGYAQq4ARnIAQ_YAQHoAQH4AQKIAgGoAgO4ArL50rwGwAIB0gIkOGZlNzdlZTAtYjM2Ni00NjEwLWJjZDItYjc2NTUzNTkyZGM32AIF4AIB&sid=5ad11202ea9cc1c07c5ed8caaaf11387&aid=304142&ucfs=1&arphpl=1&checkin=2025-03-01&checkout=2025-03-08&dest_id=-390625&dest_type=city&group_adults=2&req_adults=2&no_rooms=1&group_children=0&req_children=0&hpos=24&hapos=624&sr_order=popularity&srpvid=a6ce4e38ac41034b&srepoch=1737803303&all_sr_blocks=1170291205_389592716_0_0_0&highlighted_blocks=1170291205_389592716_0_0_0&matching_block_id=1170291205_389592716_0_0_0&sr_pri_blocks=1170291205_389592716_0_0_0__32994&from=searchresults
Ekilibrio Hotel & Apart-Suites,"Usera, Madrid",https://www.booking.com/hotel/es/e-kilibrio-amp-apart-suites.es.html?label=gen173nr-1FCAEoggI46AdIClgEaEaIAQGYAQq4ARnIAQ_YAQHoAQH4AQKIAgGoAgO4ArL50rwGwAIB0gIkOGZlNzdlZTAtYjM2Ni00NjEwLWJjZDItYjc2NTUzNTkyZGM32AIF4AIB&sid=5ad11202ea9cc1c07c5ed8caaaf11387&aid=304142&ucfs=1&arphpl=1&checkin=2025-03-01&checkout=2025-03-08&dest_id=-390625&dest_type=city&group_adults=2&req_adults=2&no_rooms=1&group_children=0&req_children=0&hpos=1&hapos=625&sr_order=popularity&srpvid=a6ce4e38ac41034b&srepoch=1737803306&all_sr_blocks=917120801_367263545_2_2_0_399701&highlighted_blocks=917120801_367263545_2_2_0_399701&matching_block_id=917120801_367263545_2_2_0_399701&sr_pri_blocks=917120801_367263545_2_2_0_399701_105000&from=searchresults
Marqués de Vadillo1 Apartments,"Carabanchel, Madrid",https://www.booking.com/hotel/es/marques-de-vadillo1-apartments.es.html?label=gen173nr-1FCAEoggI46AdIClgEaEaIAQGYAQq4ARnIAQ_YAQHoAQH4AQKIAgGoAgO4ArL50rwGwAIB0gIkOGZlNzdlZTAtYjM2Ni00NjEwLWJjZDItYjc2NTUzNTkyZGM32AIF4AIB&sid=5ad11202ea9cc1c07c5ed8caaaf11387&aid=304142&ucfs=1&arphpl=1&checkin=2025-03-01&checkout=2025-03-08&dest_id=-390625&dest_type=city&group_adults=2&req_adults=2&no_rooms=1&group_children=0&req_children=0&hpos=2&hapos=626&sr_order=popularity&srpvid=a6ce4e38ac41034b&srepoch=1737803306&all_sr_blocks=966268701_376246503_2_0_0&highlighted_blocks=966268701_376246503_2_0_0&matching_block_id=966268701_376246503_2_0_0&sr_pri_blocks=966268701_376246503_2_0_0__80520&from=searchresults
Apartamento Cibeles Studio en Madrid,"Centro de Madrid, Madrid",https://www.booking.com/hotel/es/mit-house-cibeles-studio-en-madrid.es.html?label=gen173nr-1FCAEoggI46AdIClgEaEaIAQGYAQq4ARnIAQ_YAQHoAQH4AQKIAgGoAgO4ArL50rwGwAIB0gIkOGZlNzdlZTAtYjM2Ni00NjEwLWJjZDItYjc2NTUzNTkyZGM32AIF4AIB&sid=5ad11202ea9cc1c07c5ed8caaaf11387&aid=304142&ucfs=1&arphpl=1&checkin=2025-03-01&checkout=2025-03-08&dest_id=-390625&dest_type=city&group_adults=2&req_adults=2&no_rooms=1&group_children=0&req_children=0&hpos=3&hapos=627&sr_order=popularity&srpvid=a6ce4e38ac41034b&srepoch=1737803306&all_sr_blocks=925209302_364322857_2_0_0&highlighted_blocks=925209302_364322857_2_0_0&matching_block_id=925209302_364322857_2_0_0&sr_pri_blocks=925209302_364322857_2_0_0__106372&from=searchresults
Apartamento VI AlcaláRetiro Ideal Parejas,"Salamanca, Madrid",https://www.booking.com/hotel/es/apartamento-alcalaretiro-vi-ideal-parejas.es.html?label=gen173nr-1FCAEoggI46AdIClgEaEaIAQGYAQq4ARnIAQ_YAQHoAQH4AQKIAgGoAgO4ArL50rwGwAIB0gIkOGZlNzdlZTAtYjM2Ni00NjEwLWJjZDItYjc2NTUzNTkyZGM32AIF4AIB&sid=5ad11202ea9cc1c07c5ed8caaaf11387&aid=304142&ucfs=1&arphpl=1&checkin=2025-03-01&checkout=2025-03-08&dest_id=-390625&dest_type=city&group_adults=2&req_adults=2&no_rooms=1&group_children=0&req_children=0&hpos=4&hapos=628&sr_order=popularity&srpvid=a6ce4e38ac41034b&srepoch=1737803306&all_sr_blocks=969271102_384973344_2_0_0&highlighted_blocks=969271102_384973344_2_0_0&matching_block_id=969271102_384973344_2_0_0&sr_pri_blocks=969271102_384973344_2_0_0__114544&from=searchresults
Apartamento Carlos-1,"Ciudad Lineal, Madrid",https://www.booking.com/hotel/es/apartamento-carlos-1.es.html?label=gen173nr-1FCAEoggI46AdIClgEaEaIAQGYAQq4ARnIAQ_YAQHoAQH4AQKIAgGoAgO4ArL50rwGwAIB0gIkOGZlNzdlZTAtYjM2Ni00NjEwLWJjZDItYjc2NTUzNTkyZGM32AIF4AIB&sid=5ad11202ea9cc1c07c5ed8caaaf11387&aid=304142&ucfs=1&arphpl=1&checkin=2025-03-01&checkout=2025-03-08&dest_id=-390625&dest_type=city&group_adults=2&req_adults=2&no_rooms=1&group_children=0&req_children=0&hpos=5&hapos=629&sr_order=popularity&srpvid=a6ce4e38ac41034b&srepoch=1737803306&all_sr_blocks=230264001_99865580_4_0_0&highlighted_blocks=230264001_99865580_4_0_0&matching_block_id=230264001_99865580_4_0_0&sr_pri_blocks=230264001_99865580_4_0_0__141500&from=searchresults
Suites Viena Plaza de España,"Moncloa - Aravaca, Madrid",https://www.booking.com/hotel/es/suites-viena.es.html?label=gen173nr-1FCAEoggI46AdIClgEaEaIAQGYAQq4ARnIAQ_YAQHoAQH4AQKIAgGoAgO4ArL50rwGwAIB0gIkOGZlNzdlZTAtYjM2Ni00NjEwLWJjZDItYjc2NTUzNTkyZGM32AIF4AIB&sid=5ad11202ea9cc1c07c5ed8caaaf11387&aid=304142&ucfs=1&arphpl=1&checkin=2025-03-01&checkout=2025-03-08&dest_id=-390625&dest_type=city&group_adults=2&req_adults=2&no_rooms=1&group_children=0&req_children=0&hpos=6&hapos=630&sr_order=popularity&srpvid=a6ce4e38ac41034b&srepoch=1737803306&all_sr_blocks=9376923_95174670_2_1_0&highlighted_blocks=9376923_95174670_2_1_0&matching_block_id=9376923_95174670_2_1_0&sr_pri_blocks=9376923_95174670_2_1_0__143669&from=searchresults
Woohoo Rooms Chueca,"Centro de Madrid, Madrid",https://www.booking.com/hotel/es/hostal-rao-mia-o.es.html?label=gen173nr-1FCAEoggI46AdIClgEaEaIAQGYAQq4ARnIAQ_YAQHoAQH4AQKIAgGoAgO4ArL50rwGwAIB0gIkOGZlNzdlZTAtYjM2Ni00NjEwLWJjZDItYjc2NTUzNTkyZGM32AIF4AIB&sid=5ad11202ea9cc1c07c5ed8caaaf11387&aid=304142&ucfs=1&arphpl=1&checkin=2025-03-01&checkout=2025-03-08&dest_id=-390625&dest_type=city&group_adults=2&req_adults=2&no_rooms=1&group_children=0&req_children=0&hpos=7&hapos=631&sr_order=popularity&srpvid=a6ce4e38ac41034b&srepoch=1737803306&all_sr_blocks=41732511_117013738_0_0_0&highlighted_blocks=41732511_117013738_0_0_0&matching_block_id=41732511_117013738_0_0_0&sr_pri_blocks=41732511_117013738_0_0_0__152370&from=searchresults
Centro Aeropuerto Wizink Feria Bernabeu,"Ciudad Lineal, Madrid",https://www.booking.com/hotel/es/san-capital-wizink-ifema-metropolitano-aeropuerto.es.html?label=gen173nr-1FCAEoggI46AdIClgEaEaIAQGYAQq4ARnIAQ_YAQHoAQH4AQKIAgGoAgO4ArL50rwGwAIB0gIkOGZlNzdlZTAtYjM2Ni00NjEwLWJjZDItYjc2NTUzNTkyZGM32AIF4AIB&sid=5ad11202ea9cc1c07c5ed8caaaf11387&aid=304142&ucfs=1&arphpl=1&checkin=2025-03-01&checkout=2025-03-08&dest_id=-390625&dest_type=city&group_adults=2&req_adults=2&no_rooms=1&group_children=0&req_children=0&hpos=8&hapos=632&sr_order=popularity&srpvid=a6ce4e38ac41034b&srepoch=1737803306&all_sr_blocks=1194007601_391705316_2_0_0&highlighted_blocks=1194007601_391705316_2_0_0&matching_block_id=1194007601_391705316_2_0_0&sr_pri_blocks=1194007601_391705316_2_0_0__77429&from=searchresults
Melia Madrid Princesa,"Moncloa - Aravaca, Madrid",https://www.booking.com/hotel/es/meliamadridprincesa.es.html?label=gen173nr-1FCAEoggI46AdIClgEaEaIAQGYAQq4ARnIAQ_YAQHoAQH4AQKIAgGoAgO4ArL50rwGwAIB0gIkOGZlNzdlZTAtYjM2Ni00NjEwLWJjZDItYjc2NTUzNTkyZGM32AIF4AIB&sid=5ad11202ea9cc1c07c5ed8caaaf11387&aid=304142&ucfs=1&arphpl=1&checkin=2025-03-01&checkout=2025-03-08&dest_id=-390625&dest_type=city&group_adults=2&req_adults=2&no_rooms=1&group_children=0&req_children=0&hpos=9&hapos=633&sr_order=popularity&srpvid=a6ce4e38ac41034b&srepoch=1737803306&all_sr_blocks=9179801_0_2_0_0&highlighted_blocks=9179801_0_2_0_0&matching_block_id=9179801_0_2_0_0&sr_pri_blocks=9179801_0_2_0_0__183000&from_sustainable_property_sr=1&from=searchresults
El Apartamento en Ópera Palacio Real,"Centro de Madrid, Madrid",https://www.booking.com/hotel/es/centrico-y-comodo-apto-en-opera-palacio-real.es.html?label=gen173nr-1FCAEoggI46AdIClgEaEaIAQGYAQq4ARnIAQ_YAQHoAQH4AQKIAgGoAgO4ArL50rwGwAIB0gIkOGZlNzdlZTAtYjM2Ni00NjEwLWJjZDItYjc2NTUzNTkyZGM32AIF4AIB&sid=5ad11202ea9cc1c07c5ed8caaaf11387&aid=304142&ucfs=1&arphpl=1&checkin=2025-03-01&checkout=2025-03-08&dest_id=-390625&dest_type=city&group_adults=2&req_adults=2&no_rooms=1&group_children=0&req_children=0&hpos=10&hapos=634&sr_order=popularity&srpvid=a6ce4e38ac41034b&srepoch=1737803306&all_sr_blocks=796848001_360260868_2_0_0&highlighted_blocks=796848001_360260868_2_0_0&matching_block_id=796848001_360260868_2_0_0&sr_pri_blocks=796848001_360260868_2_0_0__129504&from=searchresults
Loft de Lujo - A 20 min del centro,"Ciudad Lineal, Madrid",https://www.booking.com/hotel/es/loft-tranquilo-y-con-estilo-a-20-min-del-centro.es.html?label=gen173nr-1FCAEoggI46AdIClgEaEaIAQGYAQq4ARnIAQ_YAQHoAQH4AQKIAgGoAgO4ArL50rwGwAIB0gIkOGZlNzdlZTAtYjM2Ni00NjEwLWJjZDItYjc2NTUzNTkyZGM32AIF4AIB&sid=5ad11202ea9cc1c07c5ed8caaaf11387&aid=304142&ucfs=1&arphpl=1&checkin=2025-03-01&checkout=2025-03-08&dest_id=-390625&dest_type=city&group_adults=2&req_adults=2&no_rooms=1&group_children=0&req_children=0&hpos=11&hapos=635&sr_order=popularity&srpvid=a6ce4e38ac41034b&srepoch=1737803306&all_sr_blocks=1214529401_393668968_0_0_0&highlighted_blocks=1214529401_393668968_0_0_0&matching_block_id=1214529401_393668968_0_0_0&sr_pri_blocks=1214529401_393668968_0_0_0__81868&from=searchresults
Exyca Castellana,"Chamartín, Madrid",https://www.booking.com/hotel/es/exyca-plaza-castilla-madrid.es.html?label=gen173nr-1FCAEoggI46AdIClgEaEaIAQGYAQq4ARnIAQ_YAQHoAQH4AQKIAgGoAgO4ArL50rwGwAIB0gIkOGZlNzdlZTAtYjM2Ni00NjEwLWJjZDItYjc2NTUzNTkyZGM32AIF4AIB&sid=5ad11202ea9cc1c07c5ed8caaaf11387&aid=304142&ucfs=1&arphpl=1&checkin=2025-03-01&checkout=2025-03-08&dest_id=-390625&dest_type=city&group_adults=2&req_adults=2&no_rooms=1&group_children=0&req_children=0&hpos=12&hapos=636&sr_order=popularity&srpvid=a6ce4e38ac41034b&srepoch=1737803306&all_sr_blocks=1175703801_392269167_2_0_0&highlighted_blocks=1175703801_392269167_2_0_0&matching_block_id=1175703801_392269167_2_0_0&sr_pri_blocks=1175703801_392269167_2_0_0__72702&from=searchresults
Debod Hostel,"Moncloa - Aravaca, Madrid",https://www.booking.com/hotel/es/hostel-del-templo-de-debod-madrid.es.html?label=gen173nr-1FCAEoggI46AdIClgEaEaIAQGYAQq4ARnIAQ_YAQHoAQH4AQKIAgGoAgO4ArL50rwGwAIB0gIkOGZlNzdlZTAtYjM2Ni00NjEwLWJjZDItYjc2NTUzNTkyZGM32AIF4AIB&sid=5ad11202ea9cc1c07c5ed8caaaf11387&aid=304142&ucfs=1&arphpl=1&checkin=2025-03-01&checkout=2025-03-08&dest_id=-390625&dest_type=city&group_adults=2&req_adults=2&no_rooms=1&group_children=0&req_children=0&hpos=13&hapos=637&sr_order=popularity&srpvid=a6ce4e38ac41034b&srepoch=1737803306&all_sr_blocks=1080756523_380651769_2_0_0&highlighted_blocks=1080756523_380651769_2_0_0&matching_block_id=1080756523_380651769_2_0_0&sr_pri_blocks=1080756523_380651769_2_0_0__37125&from=searchresults
"Hotel Montera Madrid, Curio Collection By Hilton","Centro de Madrid, Madrid",https://www.booking.com/hotel/es/montera-madrid-curio-collection-by-hilton.es.html?label=gen173nr-1FCAEoggI46AdIClgEaEaIAQGYAQq4ARnIAQ_YAQHoAQH4AQKIAgGoAgO4ArL50rwGwAIB0gIkOGZlNzdlZTAtYjM2Ni00NjEwLWJjZDItYjc2NTUzNTkyZGM32AIF4AIB&sid=5ad11202ea9cc1c07c5ed8caaaf11387&aid=304142&ucfs=1&arphpl=1&checkin=2025-03-01&checkout=2025-03-08&dest_id=-390625&dest_type=city&group_adults=2&req_adults=2&no_rooms=1&group_children=0&req_children=0&hpos=14&hapos=638&sr_order=popularity&srpvid=a6ce4e38ac41034b&srepoch=1737803306&all_sr_blocks=898508001_360596651_2_34_0&highlighted_blocks=898508001_360596651_2_34_0&matching_block_id=898508001_360596651_2_34_0&sr_pri_blocks=898508001_360596651_2_34_0__205619&from=searchresults
Hostal Josefina-Gran Vía,"Centro de Madrid, Madrid",https://www.booking.com/hotel/es/hostal-josefina.es.html?label=gen173nr-1FCAEoggI46AdIClgEaEaIAQGYAQq4ARnIAQ_YAQHoAQH4AQKIAgGoAgO4ArL50rwGwAIB0gIkOGZlNzdlZTAtYjM2Ni00NjEwLWJjZDItYjc2NTUzNTkyZGM32AIF4AIB&sid=5ad11202ea9cc1c07c5ed8caaaf11387&aid=304142&ucfs=1&arphpl=1&checkin=2025-03-01&checkout=2025-03-08&dest_id=-390625&dest_type=city&group_adults=2&req_adults=2&no_rooms=1&group_children=0&req_children=0&hpos=15&hapos=639&sr_order=popularity&srpvid=a6ce4e38ac41034b&srepoch=1737803306&all_sr_blocks=4904905_391195704_2_2_0&highlighted_blocks=4904905_391195704_2_2_0&matching_block_id=4904905_391195704_2_2_0&sr_pri_blocks=4904905_391195704_2_2_0__96096&from=searchresults
Madrid Villa Suites Serenidad,"Centro de Madrid, Madrid",https://www.booking.com/hotel/es/madrid-villa-suites-serenidad.es.html?label=gen173nr-1FCAEoggI46AdIClgEaEaIAQGYAQq4ARnIAQ_YAQHoAQH4AQKIAgGoAgO4ArL50rwGwAIB0gIkOGZlNzdlZTAtYjM2Ni00NjEwLWJjZDItYjc2NTUzNTkyZGM32AIF4AIB&sid=5ad11202ea9cc1c07c5ed8caaaf11387&aid=304142&ucfs=1&arphpl=1&checkin=2025-03-01&checkout=2025-03-08&dest_id=-390625&dest_type=city&group_adults=2&req_adults=2&no_rooms=1&group_children=0&req_children=0&hpos=16&hapos=640&sr_order=popularity&srpvid=a6ce4e38ac41034b&srepoch=1737803306&all_sr_blocks=912530501_362594606_2_0_0&highlighted_blocks=912530501_362594606_2_0_0&matching_block_id=912530501_362594606_2_0_0&sr_pri_blocks=912530501_362594606_2_0_0__105420&from=searchresults
Apartamentos Madrid Rio,"Moncloa - Aravaca, Madrid",https://www.booking.com/hotel/es/apartamentos-aniceto-marinas.es.html?label=gen173nr-1FCAEoggI46AdIClgEaEaIAQGYAQq4ARnIAQ_YAQHoAQH4AQKIAgGoAgO4ArL50rwGwAIB0gIkOGZlNzdlZTAtYjM2Ni00NjEwLWJjZDItYjc2NTUzNTkyZGM32AIF4AIB&sid=5ad11202ea9cc1c07c5ed8caaaf11387&aid=304142&ucfs=1&arphpl=1&checkin=2025-03-01&checkout=2025-03-08&dest_id=-390625&dest_type=city&group_adults=2&req_adults=2&no_rooms=1&group_children=0&req_children=0&hpos=17&hapos=641&sr_order=popularity&srpvid=a6ce4e38ac41034b&srepoch=1737803306&all_sr_blocks=587859202_384077384_2_0_0&highlighted_blocks=587859202_384077384_2_0_0&matching_block_id=587859202_384077384_2_0_0&sr_pri_blocks=587859202_384077384_2_0_0__103918&from=searchresults
Hostal Continental,"Centro de Madrid, Madrid",https://www.booking.com/hotel/es/hostal-continental-madrid.es.html?label=gen173nr-1FCAEoggI46AdIClgEaEaIAQGYAQq4ARnIAQ_YAQHoAQH4AQKIAgGoAgO4ArL50rwGwAIB0gIkOGZlNzdlZTAtYjM2Ni00NjEwLWJjZDItYjc2NTUzNTkyZGM32AIF4AIB&sid=5ad11202ea9cc1c07c5ed8caaaf11387&aid=304142&ucfs=1&arphpl=1&checkin=2025-03-01&checkout=2025-03-08&dest_id=-390625&dest_type=city&group_adults=2&req_adults=2&no_rooms=1&group_children=0&req_children=0&hpos=18&hapos=642&sr_order=popularity&srpvid=a6ce4e38ac41034b&srepoch=1737803306&all_sr_blocks=4156602_88180756_0_0_0&highlighted_blocks=4156602_88180756_0_0_0&matching_block_id=4156602_88180756_0_0_0&sr_pri_blocks=4156602_88180756_0_0_0__71000&from=searchresults
Palacio Plaza Conde Miranda,"Centro de Madrid, Madrid",https://www.booking.com/hotel/es/palacio-plaza-conde-miranda.es.html?label=gen173nr-1FCAEoggI46AdIClgEaEaIAQGYAQq4ARnIAQ_YAQHoAQH4AQKIAgGoAgO4ArL50rwGwAIB0gIkOGZlNzdlZTAtYjM2Ni00NjEwLWJjZDItYjc2NTUzNTkyZGM32AIF4AIB&sid=5ad11202ea9cc1c07c5ed8caaaf11387&aid=304142&ucfs=1&arphpl=1&checkin=2025-03-01&checkout=2025-03-08&dest_id=-390625&dest_type=city&group_adults=2&req_adults=2&no_rooms=1&group_children=0&req_children=0&hpos=19&hapos=643&sr_order=popularity&srpvid=a6ce4e38ac41034b&srepoch=1737803306&all_sr_blocks=139913234_88512204_0_0_0&highlighted_blocks=139913234_88512204_0_0_0&matching_block_id=139913234_88512204_0_0_0&sr_pri_blocks=139913234_88512204_0_0_0__288810&from=searchresults
"InterContinental Madrid, an IHG Hotel","Chamberí, Madrid",https://www.booking.com/hotel/es/intercontinental-madrid.es.html?label=gen173nr-1FCAEoggI46AdIClgEaEaIAQGYAQq4ARnIAQ_YAQHoAQH4AQKIAgGoAgO4ArL50rwGwAIB0gIkOGZlNzdlZTAtYjM2Ni00NjEwLWJjZDItYjc2NTUzNTkyZGM32AIF4AIB&sid=5ad11202ea9cc1c07c5ed8caaaf11387&aid=304142&ucfs=1&arphpl=1&checkin=2025-03-01&checkout=2025-03-08&dest_id=-390625&dest_type=city&group_adults=2&req_adults=2&no_rooms=1&group_children=0&req_children=0&hpos=20&hapos=644&sr_order=popularity&srpvid=a6ce4e38ac41034b&srepoch=1737803306&all_sr_blocks=18865606_94341016_2_34_0&highlighted_blocks=18865606_94341016_2_34_0&matching_block_id=18865606_94341016_2_34_0&sr_pri_blocks=18865606_94341016_2_34_0__194370&from=searchresults
Aeropuerto Madrid Wanda,"San Blas, Madrid",https://www.booking.com/hotel/es/aeropuerto-madrid-wanda.es.html?label=gen173nr-1FCAEoggI46AdIClgEaEaIAQGYAQq4ARnIAQ_YAQHoAQH4AQKIAgGoAgO4ArL50rwGwAIB0gIkOGZlNzdlZTAtYjM2Ni00NjEwLWJjZDItYjc2NTUzNTkyZGM32AIF4AIB&sid=5ad11202ea9cc1c07c5ed8caaaf11387&aid=304142&ucfs=1&arphpl=1&checkin=2025-03-01&checkout=2025-03-08&dest_id=-390625&dest_type=city&group_adults=2&req_adults=2&no_rooms=1&group_children=0&req_children=0&hpos=21&hapos=645&sr_order=popularity&srpvid=a6ce4e38ac41034b&srepoch=1737803306&all_sr_blocks=1250246601_401878403_2_0_0&highlighted_blocks=1250246601_401878403_2_0_0&matching_block_id=1250246601_401878403_2_0_0&sr_pri_blocks=1250246601_401878403_2_0_0__76318&from=searchresults
Hostal Avenida Barajas,"Barajas, Madrid",https://www.booking.com/hotel/es/hostal-avenida-barajas.es.html?label=gen173nr-1FCAEoggI46AdIClgEaEaIAQGYAQq4ARnIAQ_YAQHoAQH4AQKIAgGoAgO4ArL50rwGwAIB0gIkOGZlNzdlZTAtYjM2Ni00NjEwLWJjZDItYjc2NTUzNTkyZGM32AIF4AIB&sid=5ad11202ea9cc1c07c5ed8caaaf11387&aid=304142&ucfs=1&arphpl=1&checkin=2025-03-01&checkout=2025-03-08&dest_id=-390625&dest_type=city&group_adults=2&req_adults=2&no_rooms=1&group_children=0&req_children=0&hpos=22&hapos=646&sr_order=popularity&srpvid=a6ce4e38ac41034b&srepoch=1737803306&all_sr_blocks=26188801_121657804_0_0_0&highlighted_blocks=26188801_121657804_0_0_0&matching_block_id=26188801_121657804_0_0_0&sr_pri_blocks=26188801_121657804_0_0_0__69000&from=searchresults
The Madrid EDITION,"Centro de Madrid, Madrid",https://www.booking.com/hotel/es/the-madrid-edition.es.html?label=gen173nr-1FCAEoggI46AdIClgEaEaIAQGYAQq4ARnIAQ_YAQHoAQH4AQKIAgGoAgO4ArL50rwGwAIB0gIkOGZlNzdlZTAtYjM2Ni00NjEwLWJjZDItYjc2NTUzNTkyZGM32AIF4AIB&sid=5ad11202ea9cc1c07c5ed8caaaf11387&aid=304142&ucfs=1&arphpl=1&checkin=2025-03-01&checkout=2025-03-08&dest_id=-390625&dest_type=city&group_adults=2&req_adults=2&no_rooms=1&group_children=0&req_children=0&hpos=23&hapos=647&sr_order=popularity&srpvid=a6ce4e38ac41034b&srepoch=1737803306&all_sr_blocks=817657801_344327309_2_2_0_456801&highlighted_blocks=817657801_344327309_2_2_0_456801&matching_block_id=817657801_344327309_2_2_0_456801&sr_pri_blocks=817657801_344327309_2_2_0_456801_251680&from=searchresults
Catalonia Goya,"Salamanca, Madrid",https://www.booking.com/hotel/es/catalonia-goya.es.html?label=gen173nr-1FCAEoggI46AdIClgEaEaIAQGYAQq4ARnIAQ_YAQHoAQH4AQKIAgGoAgO4ArL50rwGwAIB0gIkOGZlNzdlZTAtYjM2Ni00NjEwLWJjZDItYjc2NTUzNTkyZGM32AIF4AIB&sid=5ad11202ea9cc1c07c5ed8caaaf11387&aid=304142&ucfs=1&arphpl=1&checkin=2025-03-01&checkout=2025-03-08&dest_id=-390625&dest_type=city&group_adults=2&req_adults=2&no_rooms=1&group_children=0&req_children=0&hpos=24&hapos=648&sr_order=popularity&srpvid=a6ce4e38ac41034b&srepoch=1737803306&all_sr_blocks=9160406_198634744_0_2_0&highlighted_blocks=9160406_198634744_0_2_0&matching_block_id=9160406_198634744_0_2_0&sr_pri_blocks=9160406_198634744_0_2_0__171000&from_sustainable_property_sr=1&from=searchresults
Cozy apartment-1Bedroom 1Bathroom-Lavapiés,"Centro de Madrid, Madrid",https://www.booking.com/hotel/es/cozy-apartment-1bedroom-1bathroom-lavapies.es.html?label=gen173nr-1FCAEoggI46AdIClgEaEaIAQGYAQq4ARnIAQ_YAQHoAQH4AQKIAgGoAgO4ArL50rwGwAIB0gIkOGZlNzdlZTAtYjM2Ni00NjEwLWJjZDItYjc2NTUzNTkyZGM32AIF4AIB&sid=5ad11202ea9cc1c07c5ed8caaaf11387&aid=304142&ucfs=1&arphpl=1&checkin=2025-03-01&checkout=2025-03-08&dest_id=-390625&dest_type=city&group_adults=2&req_adults=2&no_rooms=1&group_children=0&req_children=0&hpos=25&hapos=649&sr_order=popularity&srpvid=a6ce4e38ac41034b&srepoch=1737803306&all_sr_blocks=1171561202_390051717_2_0_0&highlighted_blocks=1171561202_390051717_2_0_0&matching_block_id=1171561202_390051717_2_0_0&sr_pri_blocks=1171561202_390051717_2_0_0__91050&from=searchresults
The Garden Suites,"Centro de Madrid, Madrid",https://www.booking.com/hotel/es/the-garden-suites.es.html?label=gen173nr-1FCAEoggI46AdIClgEaEaIAQGYAQq4ARnIAQ_YAQHoAQH4AQKIAgGoAgO4ArL50rwGwAIB0gIkOGZlNzdlZTAtYjM2Ni00NjEwLWJjZDItYjc2NTUzNTkyZGM32AIF4AIB&sid=5ad11202ea9cc1c07c5ed8caaaf11387&aid=304142&ucfs=1&arphpl=1&checkin=2025-03-01&checkout=2025-03-08&dest_id=-390625&dest_type=city&group_adults=2&req_adults=2&no_rooms=1&group_children=0&req_children=0&hpos=1&hapos=650&sr_order=popularity&srpvid=a6ce4e38ac41034b&srepoch=1737803309&all_sr_blocks=529371504_186837644_2_0_0&highlighted_blocks=529371504_186837644_2_0_0&matching_block_id=529371504_186837644_2_0_0&sr_pri_blocks=529371504_186837644_2_0_0__178360&from=searchresults
Exyca Malasaña,"Centro de Madrid, Madrid",https://www.booking.com/hotel/es/exyca-malasana-madrid5.es.html?label=gen173nr-1FCAEoggI46AdIClgEaEaIAQGYAQq4ARnIAQ_YAQHoAQH4AQKIAgGoAgO4ArL50rwGwAIB0gIkOGZlNzdlZTAtYjM2Ni00NjEwLWJjZDItYjc2NTUzNTkyZGM32AIF4AIB&sid=5ad11202ea9cc1c07c5ed8caaaf11387&aid=304142&ucfs=1&arphpl=1&checkin=2025-03-01&checkout=2025-03-08&dest_id=-390625&dest_type=city&group_adults=2&req_adults=2&no_rooms=1&group_children=0&req_children=0&hpos=2&hapos=651&sr_order=popularity&srpvid=a6ce4e38ac41034b&srepoch=1737803309&all_sr_blocks=1317840201_404510986_2_0_0&highlighted_blocks=1317840201_404510986_2_0_0&matching_block_id=1317840201_404510986_2_0_0&sr_pri_blocks=1317840201_404510986_2_0_0__82075&from=searchresults
Retiro Apartment,"Retiro, Madrid",https://www.booking.com/hotel/es/retiro-apartment-madrid.es.html?label=gen173nr-1FCAEoggI46AdIClgEaEaIAQGYAQq4ARnIAQ_YAQHoAQH4AQKIAgGoAgO4ArL50rwGwAIB0gIkOGZlNzdlZTAtYjM2Ni00NjEwLWJjZDItYjc2NTUzNTkyZGM32AIF4AIB&sid=5ad11202ea9cc1c07c5ed8caaaf11387&aid=304142&ucfs=1&arphpl=1&checkin=2025-03-01&checkout=2025-03-08&dest_id=-390625&dest_type=city&group_adults=2&req_adults=2&no_rooms=1&group_children=0&req_children=0&hpos=3&hapos=652&sr_order=popularity&srpvid=a6ce4e38ac41034b&srepoch=1737803309&all_sr_blocks=155798101_90465093_2_0_0&highlighted_blocks=155798101_90465093_2_0_0&matching_block_id=155798101_90465093_2_0_0&sr_pri_blocks=155798101_90465093_2_0_0__164839&from=searchresults
Apartamento tipo Loft,"Hortaleza, Madrid",https://www.booking.com/hotel/es/apartamento-tipo-loft-madrid.es.html?label=gen173nr-1FCAEoggI46AdIClgEaEaIAQGYAQq4ARnIAQ_YAQHoAQH4AQKIAgGoAgO4ArL50rwGwAIB0gIkOGZlNzdlZTAtYjM2Ni00NjEwLWJjZDItYjc2NTUzNTkyZGM32AIF4AIB&sid=5ad11202ea9cc1c07c5ed8caaaf11387&aid=304142&ucfs=1&arphpl=1&checkin=2025-03-01&checkout=2025-03-08&dest_id=-390625&dest_type=city&group_adults=2&req_adults=2&no_rooms=1&group_children=0&req_children=0&hpos=4&hapos=653&sr_order=popularity&srpvid=a6ce4e38ac41034b&srepoch=1737803309&all_sr_blocks=1173862001_389964687_2_0_0&highlighted_blocks=1173862001_389964687_2_0_0&matching_block_id=1173862001_389964687_2_0_0&sr_pri_blocks=1173862001_389964687_2_0_0__97083&from=searchresults
"The Principal Madrid, Small Luxury Hotels","Centro de Madrid, Madrid",https://www.booking.com/hotel/es/theprincipalmadrid.es.html?label=gen173nr-1FCAEoggI46AdIClgEaEaIAQGYAQq4ARnIAQ_YAQHoAQH4AQKIAgGoAgO4ArL50rwGwAIB0gIkOGZlNzdlZTAtYjM2Ni00NjEwLWJjZDItYjc2NTUzNTkyZGM32AIF4AIB&sid=5ad11202ea9cc1c07c5ed8caaaf11387&aid=304142&ucfs=1&arphpl=1&checkin=2025-03-01&checkout=2025-03-08&dest_id=-390625&dest_type=city&group_adults=2&req_adults=2&no_rooms=1&group_children=0&req_children=0&hpos=5&hapos=654&sr_order=popularity&srpvid=a6ce4e38ac41034b&srepoch=1737803309&all_sr_blocks=4585215_88180965_2_2_0&highlighted_blocks=4585215_88180965_2_2_0&matching_block_id=4585215_88180965_2_2_0&sr_pri_blocks=4585215_88180965_2_2_0__218419&from=searchresults
DoubleTree by Hilton Madrid-Prado,"Centro de Madrid, Madrid",https://www.booking.com/hotel/es/doubletree-by-hilton-madrid-prado.es.html?label=gen173nr-1FCAEoggI46AdIClgEaEaIAQGYAQq4ARnIAQ_YAQHoAQH4AQKIAgGoAgO4ArL50rwGwAIB0gIkOGZlNzdlZTAtYjM2Ni00NjEwLWJjZDItYjc2NTUzNTkyZGM32AIF4AIB&sid=5ad11202ea9cc1c07c5ed8caaaf11387&aid=304142&ucfs=1&arphpl=1&checkin=2025-03-01&checkout=2025-03-08&dest_id=-390625&dest_type=city&group_adults=2&req_adults=2&no_rooms=1&group_children=0&req_children=0&hpos=6&hapos=655&sr_order=popularity&srpvid=a6ce4e38ac41034b&srepoch=1737803309&all_sr_blocks=190903707_97553167_2_2_0&highlighted_blocks=190903707_97553167_2_2_0&matching_block_id=190903707_97553167_2_2_0&sr_pri_blocks=190903707_97553167_2_2_0__181763&from_sustainable_property_sr=1&from=searchresults
Apartamentos Matute 11,"Centro de Madrid, Madrid",https://www.booking.com/hotel/es/matute.es.html?label=gen173nr-1FCAEoggI46AdIClgEaEaIAQGYAQq4ARnIAQ_YAQHoAQH4AQKIAgGoAgO4ArL50rwGwAIB0gIkOGZlNzdlZTAtYjM2Ni00NjEwLWJjZDItYjc2NTUzNTkyZGM32AIF4AIB&sid=5ad11202ea9cc1c07c5ed8caaaf11387&aid=304142&ucfs=1&arphpl=1&checkin=2025-03-01&checkout=2025-03-08&dest_id=-390625&dest_type=city&group_adults=2&req_adults=2&no_rooms=1&group_children=0&req_children=0&hpos=7&hapos=656&sr_order=popularity&srpvid=a6ce4e38ac41034b&srepoch=1737803309&all_sr_blocks=27839301_91917616_2_0_0&highlighted_blocks=27839301_91917616_2_0_0&matching_block_id=27839301_91917616_2_0_0&sr_pri_blocks=27839301_91917616_2_0_0__96069&from=searchresults
Cardeñosa habitaciones,"Puente de Vallecas, Madrid",https://www.booking.com/hotel/es/cardenosa-habitaciones.es.html?label=gen173nr-1FCAEoggI46AdIClgEaEaIAQGYAQq4ARnIAQ_YAQHoAQH4AQKIAgGoAgO4ArL50rwGwAIB0gIkOGZlNzdlZTAtYjM2Ni00NjEwLWJjZDItYjc2NTUzNTkyZGM32AIF4AIB&sid=5ad11202ea9cc1c07c5ed8caaaf11387&aid=304142&ucfs=1&arphpl=1&checkin=2025-03-01&checkout=2025-03-08&dest_id=-390625&dest_type=city&group_adults=2&req_adults=2&no_rooms=1&group_children=0&req_children=0&hpos=8&hapos=657&sr_order=popularity&srpvid=a6ce4e38ac41034b&srepoch=1737803309&all_sr_blocks=1154721904_388271889_2_0_0&highlighted_blocks=1154721904_388271889_2_0_0&matching_block_id=1154721904_388271889_2_0_0&sr_pri_blocks=1154721904_388271889_2_0_0__27900&from=searchresults
Apartamento de Lujo - A 10 minutos del centro,"Arganzuela, Madrid",https://www.booking.com/hotel/es/comodo-y-elegante-a-10-min-andando-del-centro.es.html?label=gen173nr-1FCAEoggI46AdIClgEaEaIAQGYAQq4ARnIAQ_YAQHoAQH4AQKIAgGoAgO4ArL50rwGwAIB0gIkOGZlNzdlZTAtYjM2Ni00NjEwLWJjZDItYjc2NTUzNTkyZGM32AIF4AIB&sid=5ad11202ea9cc1c07c5ed8caaaf11387&aid=304142&ucfs=1&arphpl=1&checkin=2025-03-01&checkout=2025-03-08&dest_id=-390625&dest_type=city&group_adults=2&req_adults=2&no_rooms=1&group_children=0&req_children=0&hpos=9&hapos=658&sr_order=popularity&srpvid=a6ce4e38ac41034b&srepoch=1737803309&all_sr_blocks=1157255701_388494848_2_0_0&highlighted_blocks=1157255701_388494848_2_0_0&matching_block_id=1157255701_388494848_2_0_0&sr_pri_blocks=1157255701_388494848_2_0_0__164259&from=searchresults
VP Madroño,"Salamanca, Madrid",https://www.booking.com/hotel/es/a-el-madrono.es.html?label=gen173nr-1FCAEoggI46AdIClgEaEaIAQGYAQq4ARnIAQ_YAQHoAQH4AQKIAgGoAgO4ArL50rwGwAIB0gIkOGZlNzdlZTAtYjM2Ni00NjEwLWJjZDItYjc2NTUzNTkyZGM32AIF4AIB&sid=5ad11202ea9cc1c07c5ed8caaaf11387&aid=304142&ucfs=1&arphpl=1&checkin=2025-03-01&checkout=2025-03-08&dest_id=-390625&dest_type=city&group_adults=2&req_adults=2&no_rooms=1&group_children=0&req_children=0&hpos=10&hapos=659&sr_order=popularity&srpvid=a6ce4e38ac41034b&srepoch=1737803309&all_sr_blocks=9260524_88192752_2_2_0&highlighted_blocks=9260524_88192752_2_2_0&matching_block_id=9260524_88192752_2_2_0&sr_pri_blocks=9260524_88192752_2_2_0__116960&from=searchresults
Stylish apartment- 1 Bedroom 1 Bathroom -Chueca,"Centro de Madrid, Madrid",https://www.booking.com/hotel/es/stylish-apartment-1-bedroom-1-bathroom-chueca.es.html?label=gen173nr-1FCAEoggI46AdIClgEaEaIAQGYAQq4ARnIAQ_YAQHoAQH4AQKIAgGoAgO4ArL50rwGwAIB0gIkOGZlNzdlZTAtYjM2Ni00NjEwLWJjZDItYjc2NTUzNTkyZGM32AIF4AIB&sid=5ad11202ea9cc1c07c5ed8caaaf11387&aid=304142&ucfs=1&arphpl=1&checkin=2025-03-01&checkout=2025-03-08&dest_id=-390625&dest_type=city&group_adults=2&req_adults=2&no_rooms=1&group_children=0&req_children=0&hpos=11&hapos=660&sr_order=popularity&srpvid=a6ce4e38ac41034b&srepoch=1737803309&all_sr_blocks=1011336602_373909857_2_0_0&highlighted_blocks=1011336602_373909857_2_0_0&matching_block_id=1011336602_373909857_2_0_0&sr_pri_blocks=1011336602_373909857_2_0_0__104794&from=searchresults
2 bedrooms 1 bathroom furnished - Anton Martin - Vintage - MintyStay,"Centro de Madrid, Madrid",https://www.booking.com/hotel/es/2-bedrooms-1-bathroom-furnished-anton-martin-vintage-mintystay.es.html?label=gen173nr-1FCAEoggI46AdIClgEaEaIAQGYAQq4ARnIAQ_YAQHoAQH4AQKIAgGoAgO4ArL50rwGwAIB0gIkOGZlNzdlZTAtYjM2Ni00NjEwLWJjZDItYjc2NTUzNTkyZGM32AIF4AIB&sid=5ad11202ea9cc1c07c5ed8caaaf11387&aid=304142&ucfs=1&arphpl=1&checkin=2025-03-01&checkout=2025-03-08&dest_id=-390625&dest_type=city&group_adults=2&req_adults=2&no_rooms=1&group_children=0&req_children=0&hpos=12&hapos=661&sr_order=popularity&srpvid=a6ce4e38ac41034b&srepoch=1737803309&all_sr_blocks=837170302_382946374_2_0_0&highlighted_blocks=837170302_382946374_2_0_0&matching_block_id=837170302_382946374_2_0_0&sr_pri_blocks=837170302_382946374_2_0_0__102044&from=searchresults
"Apartamentos Torr Zona Caja Mágica, Hospital 12 de Octubre - Con Garaje Gratis","Usera, Madrid",https://www.booking.com/hotel/es/vivienda-turistica-torr-zona-sur-caja-magica.es.html?label=gen173nr-1FCAEoggI46AdIClgEaEaIAQGYAQq4ARnIAQ_YAQHoAQH4AQKIAgGoAgO4ArL50rwGwAIB0gIkOGZlNzdlZTAtYjM2Ni00NjEwLWJjZDItYjc2NTUzNTkyZGM32AIF4AIB&sid=5ad11202ea9cc1c07c5ed8caaaf11387&aid=304142&ucfs=1&arphpl=1&checkin=2025-03-01&checkout=2025-03-08&dest_id=-390625&dest_type=city&group_adults=2&req_adults=2&no_rooms=1&group_children=0&req_children=0&hpos=13&hapos=662&sr_order=popularity&srpvid=a6ce4e38ac41034b&srepoch=1737803309&all_sr_blocks=320497101_170729536_5_0_0&highlighted_blocks=320497101_170729536_5_0_0&matching_block_id=320497101_170729536_5_0_0&sr_pri_blocks=320497101_170729536_5_0_0__164528&from=searchresults
"Wide and modern -1Bd 1,5 Bth- Malasaña","Centro de Madrid, Madrid",https://www.booking.com/hotel/es/wide-and-modern-1-bedroom-15-bathrooms-malasana.es.html?label=gen173nr-1FCAEoggI46AdIClgEaEaIAQGYAQq4ARnIAQ_YAQHoAQH4AQKIAgGoAgO4ArL50rwGwAIB0gIkOGZlNzdlZTAtYjM2Ni00NjEwLWJjZDItYjc2NTUzNTkyZGM32AIF4AIB&sid=5ad11202ea9cc1c07c5ed8caaaf11387&aid=304142&ucfs=1&arphpl=1&checkin=2025-03-01&checkout=2025-03-08&dest_id=-390625&dest_type=city&group_adults=2&req_adults=2&no_rooms=1&group_children=0&req_children=0&hpos=14&hapos=663&sr_order=popularity&srpvid=a6ce4e38ac41034b&srepoch=1737803309&all_sr_blocks=1028767402_375700931_2_0_0&highlighted_blocks=1028767402_375700931_2_0_0&matching_block_id=1028767402_375700931_2_0_0&sr_pri_blocks=1028767402_375700931_2_0_0__150214&from=searchresults
Suite Prado,"Centro de Madrid, Madrid",https://www.booking.com/hotel/es/suite-prado.es.html?label=gen173nr-1FCAEoggI46AdIClgEaEaIAQGYAQq4ARnIAQ_YAQHoAQH4AQKIAgGoAgO4ArL50rwGwAIB0gIkOGZlNzdlZTAtYjM2Ni00NjEwLWJjZDItYjc2NTUzNTkyZGM32AIF4AIB&sid=5ad11202ea9cc1c07c5ed8caaaf11387&aid=304142&ucfs=1&arphpl=1&checkin=2025-03-01&checkout=2025-03-08&dest_id=-390625&dest_type=city&group_adults=2&req_adults=2&no_rooms=1&group_children=0&req_children=0&hpos=15&hapos=664&sr_order=popularity&srpvid=a6ce4e38ac41034b&srepoch=1737803309&all_sr_blocks=9442705_374032303_2_2_0&highlighted_blocks=9442705_374032303_2_2_0&matching_block_id=9442705_374032303_2_2_0&sr_pri_blocks=9442705_374032303_2_2_0__146533&from=searchresults
2 bedrooms 2 bathrooms furnished - Malsaña - with pool - MintyStay,"Centro de Madrid, Madrid",https://www.booking.com/hotel/es/2-bedrooms-2-bathrooms-furnished-malsana-with-pool-mintystay.es.html?label=gen173nr-1FCAEoggI46AdIClgEaEaIAQGYAQq4ARnIAQ_YAQHoAQH4AQKIAgGoAgO4ArL50rwGwAIB0gIkOGZlNzdlZTAtYjM2Ni00NjEwLWJjZDItYjc2NTUzNTkyZGM32AIF4AIB&sid=5ad11202ea9cc1c07c5ed8caaaf11387&aid=304142&ucfs=1&arphpl=1&checkin=2025-03-01&checkout=2025-03-08&dest_id=-390625&dest_type=city&group_adults=2&req_adults=2&no_rooms=1&group_children=0&req_children=0&hpos=16&hapos=665&sr_order=popularity&srpvid=a6ce4e38ac41034b&srepoch=1737803309&all_sr_blocks=837173402_373901916_4_0_0&highlighted_blocks=837173402_373901916_4_0_0&matching_block_id=837173402_373901916_4_0_0&sr_pri_blocks=837173402_373901916_4_0_0__153094&from=searchresults
Only YOU Hotel Atocha,"Retiro, Madrid",https://www.booking.com/hotel/es/only-you-atocha.es.html?label=gen173nr-1FCAEoggI46AdIClgEaEaIAQGYAQq4ARnIAQ_YAQHoAQH4AQKIAgGoAgO4ArL50rwGwAIB0gIkOGZlNzdlZTAtYjM2Ni00NjEwLWJjZDItYjc2NTUzNTkyZGM32AIF4AIB&sid=5ad11202ea9cc1c07c5ed8caaaf11387&aid=304142&ucfs=1&arphpl=1&checkin=2025-03-01&checkout=2025-03-08&dest_id=-390625&dest_type=city&group_adults=2&req_adults=2&no_rooms=1&group_children=0&req_children=0&hpos=17&hapos=666&sr_order=popularity&srpvid=a6ce4e38ac41034b&srepoch=1737803309&all_sr_blocks=167424601_89627323_0_2_0&highlighted_blocks=167424601_89627323_0_2_0&matching_block_id=167424601_89627323_0_2_0&sr_pri_blocks=167424601_89627323_0_2_0__171353&from=searchresults
ART Coliving Madrid Centro,"Centro de Madrid, Madrid",https://www.booking.com/hotel/es/habitalavita-espectacular-cuarto-con-balcon-en-pleno-centro.es.html?label=gen173nr-1FCAEoggI46AdIClgEaEaIAQGYAQq4ARnIAQ_YAQHoAQH4AQKIAgGoAgO4ArL50rwGwAIB0gIkOGZlNzdlZTAtYjM2Ni00NjEwLWJjZDItYjc2NTUzNTkyZGM32AIF4AIB&sid=5ad11202ea9cc1c07c5ed8caaaf11387&aid=304142&ucfs=1&arphpl=1&checkin=2025-03-01&checkout=2025-03-08&dest_id=-390625&dest_type=city&group_adults=2&req_adults=2&no_rooms=1&group_children=0&req_children=0&hpos=18&hapos=667&sr_order=popularity&srpvid=a6ce4e38ac41034b&srepoch=1737803309&all_sr_blocks=1217768204_399157615_2_0_0&highlighted_blocks=1217768204_399157615_2_0_0&matching_block_id=1217768204_399157615_2_0_0&sr_pri_blocks=1217768204_399157615_2_0_0__85556&from=searchresults
Ibis Budget Madrid Centro Lavapies,"Centro de Madrid, Madrid",https://www.booking.com/hotel/es/ibis-budget-madrid-centro-lavapies.es.html?label=gen173nr-1FCAEoggI46AdIClgEaEaIAQGYAQq4ARnIAQ_YAQHoAQH4AQKIAgGoAgO4ArL50rwGwAIB0gIkOGZlNzdlZTAtYjM2Ni00NjEwLWJjZDItYjc2NTUzNTkyZGM32AIF4AIB&sid=5ad11202ea9cc1c07c5ed8caaaf11387&aid=304142&ucfs=1&arphpl=1&checkin=2025-03-01&checkout=2025-03-08&dest_id=-390625&dest_type=city&group_adults=2&req_adults=2&no_rooms=1&group_children=0&req_children=0&hpos=19&hapos=668&sr_order=popularity&srpvid=a6ce4e38ac41034b&srepoch=1737803309&all_sr_blocks=342266502_116912093_2_2_0&highlighted_blocks=342266502_116912093_2_2_0&matching_block_id=342266502_116912093_2_2_0&sr_pri_blocks=342266502_116912093_2_2_0__91486&from_sustainable_property_sr=1&from=searchresults
San vicente Ferrer 22,"Centro de Madrid, Madrid",https://www.booking.com/hotel/es/san-vicente-ferrer-22.es.html?label=gen173nr-1FCAEoggI46AdIClgEaEaIAQGYAQq4ARnIAQ_YAQHoAQH4AQKIAgGoAgO4ArL50rwGwAIB0gIkOGZlNzdlZTAtYjM2Ni00NjEwLWJjZDItYjc2NTUzNTkyZGM32AIF4AIB&sid=5ad11202ea9cc1c07c5ed8caaaf11387&aid=304142&ucfs=1&arphpl=1&checkin=2025-03-01&checkout=2025-03-08&dest_id=-390625&dest_type=city&group_adults=2&req_adults=2&no_rooms=1&group_children=0&req_children=0&hpos=20&hapos=669&sr_order=popularity&srpvid=a6ce4e38ac41034b&srepoch=1737803309&all_sr_blocks=295778601_333142862_4_0_0&highlighted_blocks=295778601_333142862_4_0_0&matching_block_id=295778601_333142862_4_0_0&sr_pri_blocks=295778601_333142862_4_0_0__125938&from=searchresults
Ever House - CHUECA-GRAN VIA,"Centro de Madrid, Madrid",https://www.booking.com/hotel/es/ever-house-chueca-gran-via-madrid.es.html?label=gen173nr-1FCAEoggI46AdIClgEaEaIAQGYAQq4ARnIAQ_YAQHoAQH4AQKIAgGoAgO4ArL50rwGwAIB0gIkOGZlNzdlZTAtYjM2Ni00NjEwLWJjZDItYjc2NTUzNTkyZGM32AIF4AIB&sid=5ad11202ea9cc1c07c5ed8caaaf11387&aid=304142&ucfs=1&arphpl=1&checkin=2025-03-01&checkout=2025-03-08&dest_id=-390625&dest_type=city&group_adults=2&req_adults=2&no_rooms=1&group_children=0&req_children=0&hpos=21&hapos=670&sr_order=popularity&srpvid=a6ce4e38ac41034b&srepoch=1737803309&all_sr_blocks=890313901_359102089_4_0_0&highlighted_blocks=890313901_359102089_4_0_0&matching_block_id=890313901_359102089_4_0_0&sr_pri_blocks=890313901_359102089_4_0_0__349844&from=searchresults
Petit Hostel Palacio Real,"Moncloa - Aravaca, Madrid",https://www.booking.com/hotel/es/petit-hostel-palacio-real.es.html?label=gen173nr-1FCAEoggI46AdIClgEaEaIAQGYAQq4ARnIAQ_YAQHoAQH4AQKIAgGoAgO4ArL50rwGwAIB0gIkOGZlNzdlZTAtYjM2Ni00NjEwLWJjZDItYjc2NTUzNTkyZGM32AIF4AIB&sid=5ad11202ea9cc1c07c5ed8caaaf11387&aid=304142&ucfs=1&arphpl=1&checkin=2025-03-01&checkout=2025-03-08&dest_id=-390625&dest_type=city&group_adults=2&req_adults=2&no_rooms=1&group_children=0&req_children=0&hpos=22&hapos=671&sr_order=popularity&srpvid=a6ce4e38ac41034b&srepoch=1737803309&all_sr_blocks=905952307_361677110_4_2_0&highlighted_blocks=905952307_361677110_4_2_0&matching_block_id=905952307_361677110_4_2_0&sr_pri_blocks=905952307_361677110_4_2_0__163096&from=searchresults
Madrid Apartaments,"Puente de Vallecas, Madrid",https://www.booking.com/hotel/es/madrid-apartaments.es.html?label=gen173nr-1FCAEoggI46AdIClgEaEaIAQGYAQq4ARnIAQ_YAQHoAQH4AQKIAgGoAgO4ArL50rwGwAIB0gIkOGZlNzdlZTAtYjM2Ni00NjEwLWJjZDItYjc2NTUzNTkyZGM32AIF4AIB&sid=5ad11202ea9cc1c07c5ed8caaaf11387&aid=304142&ucfs=1&arphpl=1&checkin=2025-03-01&checkout=2025-03-08&dest_id=-390625&dest_type=city&group_adults=2&req_adults=2&no_rooms=1&group_children=0&req_children=0&hpos=23&hapos=672&sr_order=popularity&srpvid=a6ce4e38ac41034b&srepoch=1737803309&all_sr_blocks=1330085502_405552922_3_0_0&highlighted_blocks=1330085502_405552922_3_0_0&matching_block_id=1330085502_405552922_3_0_0&sr_pri_blocks=1330085502_405552922_3_0_0__63150&from=searchresults
Apartamentos Sol Mayor,"Centro de Madrid, Madrid",https://www.booking.com/hotel/es/apartamentos-puerta-del-sol.es.html?label=gen173nr-1FCAEoggI46AdIClgEaEaIAQGYAQq4ARnIAQ_YAQHoAQH4AQKIAgGoAgO4ArL50rwGwAIB0gIkOGZlNzdlZTAtYjM2Ni00NjEwLWJjZDItYjc2NTUzNTkyZGM32AIF4AIB&sid=5ad11202ea9cc1c07c5ed8caaaf11387&aid=304142&ucfs=1&arphpl=1&checkin=2025-03-01&checkout=2025-03-08&dest_id=-390625&dest_type=city&group_adults=2&req_adults=2&no_rooms=1&group_children=0&req_children=0&hpos=24&hapos=673&sr_order=popularity&srpvid=a6ce4e38ac41034b&srepoch=1737803309&all_sr_blocks=26056405_387778968_4_0_0&highlighted_blocks=26056405_387778968_4_0_0&matching_block_id=26056405_387778968_4_0_0&sr_pri_blocks=26056405_387778968_4_0_0__190013&from=searchresults
Senator Barajas,"Barajas, Madrid",https://www.booking.com/hotel/es/senator-barajas.es.html?label=gen173nr-1FCAEoggI46AdIClgEaEaIAQGYAQq4ARnIAQ_YAQHoAQH4AQKIAgGoAgO4ArL50rwGwAIB0gIkOGZlNzdlZTAtYjM2Ni00NjEwLWJjZDItYjc2NTUzNTkyZGM32AIF4AIB&sid=5ad11202ea9cc1c07c5ed8caaaf11387&aid=304142&ucfs=1&arphpl=1&checkin=2025-03-01&checkout=2025-03-08&dest_id=-390625&dest_type=city&group_adults=2&req_adults=2&no_rooms=1&group_children=0&req_children=0&hpos=25&hapos=674&sr_order=popularity&srpvid=a6ce4e38ac41034b&srepoch=1737803309&all_sr_blocks=9171912_88191652_0_2_0_521893&highlighted_blocks=9171912_88191652_0_2_0_521893&matching_block_id=9171912_88191652_0_2_0_521893&sr_pri_blocks=9171912_88191652_0_2_0_521893_79859&from_sustainable_property_sr=1&from=searchresults
Canillas - Mintystay Apartments 2,"Chamartín, Madrid",https://www.booking.com/hotel/es/modern-and-bright-2bedrooms-2baths-av-de-america.es.html?label=gen173nr-1FCAEoggI46AdIClgEaEaIAQGYAQq4ARnIAQ_YAQHoAQH4AQKIAgGoAgO4ArL50rwGwAIB0gIkOGZlNzdlZTAtYjM2Ni00NjEwLWJjZDItYjc2NTUzNTkyZGM32AIF4AIB&sid=5ad11202ea9cc1c07c5ed8caaaf11387&aid=304142&ucfs=1&arphpl=1&checkin=2025-03-01&checkout=2025-03-08&dest_id=-390625&dest_type=city&group_adults=2&req_adults=2&no_rooms=1&group_children=0&req_children=0&hpos=1&hapos=675&sr_order=popularity&srpvid=a6ce4e38ac41034b&srepoch=1737803312&all_sr_blocks=1204358502_392920384_3_0_0&highlighted_blocks=1204358502_392920384_3_0_0&matching_block_id=1204358502_392920384_3_0_0&sr_pri_blocks=1204358502_392920384_3_0_0__139979&from=searchresults
Armesto Rooms,"Centro de Madrid, Madrid",https://www.booking.com/hotel/es/armesto.es.html?label=gen173nr-1FCAEoggI46AdIClgEaEaIAQGYAQq4ARnIAQ_YAQHoAQH4AQKIAgGoAgO4ArL50rwGwAIB0gIkOGZlNzdlZTAtYjM2Ni00NjEwLWJjZDItYjc2NTUzNTkyZGM32AIF4AIB&sid=5ad11202ea9cc1c07c5ed8caaaf11387&aid=304142&ucfs=1&arphpl=1&checkin=2025-03-01&checkout=2025-03-08&dest_id=-390625&dest_type=city&group_adults=2&req_adults=2&no_rooms=1&group_children=0&req_children=0&hpos=2&hapos=676&sr_order=popularity&srpvid=a6ce4e38ac41034b&srepoch=1737803312&all_sr_blocks=28617105_388132074_2_0_0&highlighted_blocks=28617105_388132074_2_0_0&matching_block_id=28617105_388132074_2_0_0&sr_pri_blocks=28617105_388132074_2_0_0__120200&from=searchresults
"Thompson Madrid, by Hyatt","Centro de Madrid, Madrid",https://www.booking.com/hotel/es/thompson-madrid.es.html?label=gen173nr-1FCAEoggI46AdIClgEaEaIAQGYAQq4ARnIAQ_YAQHoAQH4AQKIAgGoAgO4ArL50rwGwAIB0gIkOGZlNzdlZTAtYjM2Ni00NjEwLWJjZDItYjc2NTUzNTkyZGM32AIF4AIB&sid=5ad11202ea9cc1c07c5ed8caaaf11387&aid=304142&ucfs=1&arphpl=1&checkin=2025-03-01&checkout=2025-03-08&dest_id=-390625&dest_type=city&group_adults=2&req_adults=2&no_rooms=1&group_children=0&req_children=0&hpos=3&hapos=677&sr_order=popularity&srpvid=a6ce4e38ac41034b&srepoch=1737803312&all_sr_blocks=834651304_348850360_2_2_0&highlighted_blocks=834651304_348850360_2_2_0&matching_block_id=834651304_348850360_2_2_0&sr_pri_blocks=834651304_348850360_2_2_0__255605&from=searchresults
Smartr Madrid Chueca,"Centro de Madrid, Madrid",https://www.booking.com/hotel/es/chueca-ii-madrid.es.html?label=gen173nr-1FCAEoggI46AdIClgEaEaIAQGYAQq4ARnIAQ_YAQHoAQH4AQKIAgGoAgO4ArL50rwGwAIB0gIkOGZlNzdlZTAtYjM2Ni00NjEwLWJjZDItYjc2NTUzNTkyZGM32AIF4AIB&sid=5ad11202ea9cc1c07c5ed8caaaf11387&aid=304142&ucfs=1&arphpl=1&checkin=2025-03-01&checkout=2025-03-08&dest_id=-390625&dest_type=city&group_adults=2&req_adults=2&no_rooms=1&group_children=0&req_children=0&hpos=4&hapos=678&sr_order=popularity&srpvid=a6ce4e38ac41034b&srepoch=1737803312&all_sr_blocks=159829302_88812871_2_2_0&highlighted_blocks=159829302_88812871_2_2_0&matching_block_id=159829302_88812871_2_2_0&sr_pri_blocks=159829302_88812871_2_2_0__126217&from=searchresults
CC Atocha,"Arganzuela, Madrid",https://www.booking.com/hotel/es/hostal-cordoba.es.html?label=gen173nr-1FCAEoggI46AdIClgEaEaIAQGYAQq4ARnIAQ_YAQHoAQH4AQKIAgGoAgO4ArL50rwGwAIB0gIkOGZlNzdlZTAtYjM2Ni00NjEwLWJjZDItYjc2NTUzNTkyZGM32AIF4AIB&sid=5ad11202ea9cc1c07c5ed8caaaf11387&aid=304142&ucfs=1&arphpl=1&checkin=2025-03-01&checkout=2025-03-08&dest_id=-390625&dest_type=city&group_adults=2&req_adults=2&no_rooms=1&group_children=0&req_children=0&hpos=5&hapos=679&sr_order=popularity&srpvid=a6ce4e38ac41034b&srepoch=1737803312&all_sr_blocks=30512412_91920154_0_0_0&highlighted_blocks=30512412_91920154_0_0_0&matching_block_id=30512412_91920154_0_0_0&sr_pri_blocks=30512412_91920154_0_0_0__81400&from=searchresults
Dobo Homes - BQ38,"Centro de Madrid, Madrid",https://www.booking.com/hotel/es/dobohomes-barquillo.es.html?label=gen173nr-1FCAEoggI46AdIClgEaEaIAQGYAQq4ARnIAQ_YAQHoAQH4AQKIAgGoAgO4ArL50rwGwAIB0gIkOGZlNzdlZTAtYjM2Ni00NjEwLWJjZDItYjc2NTUzNTkyZGM32AIF4AIB&sid=5ad11202ea9cc1c07c5ed8caaaf11387&aid=304142&ucfs=1&arphpl=1&checkin=2025-03-01&checkout=2025-03-08&dest_id=-390625&dest_type=city&group_adults=2&req_adults=2&no_rooms=1&group_children=0&req_children=0&hpos=6&hapos=680&sr_order=popularity&srpvid=a6ce4e38ac41034b&srepoch=1737803312&all_sr_blocks=1286249905_401672976_2_0_0&highlighted_blocks=1286249905_401672976_2_0_0&matching_block_id=1286249905_401672976_2_0_0&sr_pri_blocks=1286249905_401672976_2_0_0__136667&from=searchresults
Madrid Space,"Puente de Vallecas, Madrid",https://www.booking.com/hotel/es/madrid-space.es.html?label=gen173nr-1FCAEoggI46AdIClgEaEaIAQGYAQq4ARnIAQ_YAQHoAQH4AQKIAgGoAgO4ArL50rwGwAIB0gIkOGZlNzdlZTAtYjM2Ni00NjEwLWJjZDItYjc2NTUzNTkyZGM32AIF4AIB&sid=5ad11202ea9cc1c07c5ed8caaaf11387&aid=304142&ucfs=1&arphpl=1&checkin=2025-03-01&checkout=2025-03-08&dest_id=-390625&dest_type=city&group_adults=2&req_adults=2&no_rooms=1&group_children=0&req_children=0&hpos=7&hapos=681&sr_order=popularity&srpvid=a6ce4e38ac41034b&srepoch=1737803312&all_sr_blocks=1343897401_407217670_0_0_0&highlighted_blocks=1343897401_407217670_0_0_0&matching_block_id=1343897401_407217670_0_0_0&sr_pri_blocks=1343897401_407217670_0_0_0__55559&from=searchresults
Garcia Noblejas Apartments,"Ciudad Lineal, Madrid",https://www.booking.com/hotel/es/garcia-noblejas-apartments-madrid.es.html?label=gen173nr-1FCAEoggI46AdIClgEaEaIAQGYAQq4ARnIAQ_YAQHoAQH4AQKIAgGoAgO4ArL50rwGwAIB0gIkOGZlNzdlZTAtYjM2Ni00NjEwLWJjZDItYjc2NTUzNTkyZGM32AIF4AIB&sid=5ad11202ea9cc1c07c5ed8caaaf11387&aid=304142&ucfs=1&arphpl=1&checkin=2025-03-01&checkout=2025-03-08&dest_id=-390625&dest_type=city&group_adults=2&req_adults=2&no_rooms=1&group_children=0&req_children=0&hpos=8&hapos=682&sr_order=popularity&srpvid=a6ce4e38ac41034b&srepoch=1737803312&all_sr_blocks=1034807302_376058622_2_0_0&highlighted_blocks=1034807302_376058622_2_0_0&matching_block_id=1034807302_376058622_2_0_0&sr_pri_blocks=1034807302_376058622_2_0_0__80782&from=searchresults
Hello Madrid,"Hortaleza, Madrid",https://www.booking.com/hotel/es/hello-madrid-madrid.es.html?label=gen173nr-1FCAEoggI46AdIClgEaEaIAQGYAQq4ARnIAQ_YAQHoAQH4AQKIAgGoAgO4ArL50rwGwAIB0gIkOGZlNzdlZTAtYjM2Ni00NjEwLWJjZDItYjc2NTUzNTkyZGM32AIF4AIB&sid=5ad11202ea9cc1c07c5ed8caaaf11387&aid=304142&ucfs=1&arphpl=1&checkin=2025-03-01&checkout=2025-03-08&dest_id=-390625&dest_type=city&group_adults=2&req_adults=2&no_rooms=1&group_children=0&req_children=0&hpos=9&hapos=683&sr_order=popularity&srpvid=a6ce4e38ac41034b&srepoch=1737803312&all_sr_blocks=616267408_360070633_2_0_0&highlighted_blocks=616267408_360070633_2_0_0&matching_block_id=616267408_360070633_2_0_0&sr_pri_blocks=616267408_360070633_2_0_0__183311&from=searchresults
Charming Madrid Delicias II,"Arganzuela, Madrid",https://www.booking.com/hotel/es/charming-madrid-delicias-ii.es.html?label=gen173nr-1FCAEoggI46AdIClgEaEaIAQGYAQq4ARnIAQ_YAQHoAQH4AQKIAgGoAgO4ArL50rwGwAIB0gIkOGZlNzdlZTAtYjM2Ni00NjEwLWJjZDItYjc2NTUzNTkyZGM32AIF4AIB&sid=5ad11202ea9cc1c07c5ed8caaaf11387&aid=304142&ucfs=1&arphpl=1&checkin=2025-03-01&checkout=2025-03-08&dest_id=-390625&dest_type=city&group_adults=2&req_adults=2&no_rooms=1&group_children=0&req_children=0&hpos=10&hapos=684&sr_order=popularity&srpvid=a6ce4e38ac41034b&srepoch=1737803312&all_sr_blocks=949509901_367612016_2_0_0&highlighted_blocks=949509901_367612016_2_0_0&matching_block_id=949509901_367612016_2_0_0&sr_pri_blocks=949509901_367612016_2_0_0__67152&from=searchresults
Das Carretas,"Centro de Madrid, Madrid",https://www.booking.com/hotel/es/das-carretas.es.html?label=gen173nr-1FCAEoggI46AdIClgEaEaIAQGYAQq4ARnIAQ_YAQHoAQH4AQKIAgGoAgO4ArL50rwGwAIB0gIkOGZlNzdlZTAtYjM2Ni00NjEwLWJjZDItYjc2NTUzNTkyZGM32AIF4AIB&sid=5ad11202ea9cc1c07c5ed8caaaf11387&aid=304142&ucfs=1&arphpl=1&checkin=2025-03-01&checkout=2025-03-08&dest_id=-390625&dest_type=city&group_adults=2&req_adults=2&no_rooms=1&group_children=0&req_children=0&hpos=11&hapos=685&sr_order=popularity&srpvid=a6ce4e38ac41034b&srepoch=1737803312&all_sr_blocks=1316317601_406792686_2_0_0&highlighted_blocks=1316317601_406792686_2_0_0&matching_block_id=1316317601_406792686_2_0_0&sr_pri_blocks=1316317601_406792686_2_0_0__91800&from=searchresults
Pestana CR7 Gran Vía Madrid,"Centro de Madrid, Madrid",https://www.booking.com/hotel/es/pestana-cr7-gran-via.es.html?label=gen173nr-1FCAEoggI46AdIClgEaEaIAQGYAQq4ARnIAQ_YAQHoAQH4AQKIAgGoAgO4ArL50rwGwAIB0gIkOGZlNzdlZTAtYjM2Ni00NjEwLWJjZDItYjc2NTUzNTkyZGM32AIF4AIB&sid=5ad11202ea9cc1c07c5ed8caaaf11387&aid=304142&ucfs=1&arphpl=1&checkin=2025-03-01&checkout=2025-03-08&dest_id=-390625&dest_type=city&group_adults=2&req_adults=2&no_rooms=1&group_children=0&req_children=0&hpos=12&hapos=686&sr_order=popularity&srpvid=a6ce4e38ac41034b&srepoch=1737803312&all_sr_blocks=723109803_387592167_0_2_0&highlighted_blocks=723109803_387592167_0_2_0&matching_block_id=723109803_387592167_0_2_0&sr_pri_blocks=723109803_387592167_0_2_0__145488&from=searchresults
Apto Centro Aeropuerto Feria Wizink,"Ciudad Lineal, Madrid",https://www.booking.com/hotel/es/achuri-centro-aeropuerto-feria.es.html?label=gen173nr-1FCAEoggI46AdIClgEaEaIAQGYAQq4ARnIAQ_YAQHoAQH4AQKIAgGoAgO4ArL50rwGwAIB0gIkOGZlNzdlZTAtYjM2Ni00NjEwLWJjZDItYjc2NTUzNTkyZGM32AIF4AIB&sid=5ad11202ea9cc1c07c5ed8caaaf11387&aid=304142&ucfs=1&arphpl=1&checkin=2025-03-01&checkout=2025-03-08&dest_id=-390625&dest_type=city&group_adults=2&req_adults=2&no_rooms=1&group_children=0&req_children=0&hpos=13&hapos=687&sr_order=popularity&srpvid=a6ce4e38ac41034b&srepoch=1737803312&all_sr_blocks=1288944601_401841009_0_0_0&highlighted_blocks=1288944601_401841009_0_0_0&matching_block_id=1288944601_401841009_0_0_0&sr_pri_blocks=1288944601_401841009_0_0_0__69976&from=searchresults
Aluche Apartments,"Latina, Madrid",https://www.booking.com/hotel/es/aluche-apartments.es.html?label=gen173nr-1FCAEoggI46AdIClgEaEaIAQGYAQq4ARnIAQ_YAQHoAQH4AQKIAgGoAgO4ArL50rwGwAIB0gIkOGZlNzdlZTAtYjM2Ni00NjEwLWJjZDItYjc2NTUzNTkyZGM32AIF4AIB&sid=5ad11202ea9cc1c07c5ed8caaaf11387&aid=304142&ucfs=1&arphpl=1&checkin=2025-03-01&checkout=2025-03-08&dest_id=-390625&dest_type=city&group_adults=2&req_adults=2&no_rooms=1&group_children=0&req_children=0&hpos=14&hapos=688&sr_order=popularity&srpvid=a6ce4e38ac41034b&srepoch=1737803312&all_sr_blocks=910226501_376245560_2_0_0&highlighted_blocks=910226501_376245560_2_0_0&matching_block_id=910226501_376245560_2_0_0&sr_pri_blocks=910226501_376245560_2_0_0__71118&from=searchresults
2 bedrooms 1 bathroom furnished - Lavapies - bright Modern - MintyStay,"Centro de Madrid, Madrid",https://www.booking.com/hotel/es/2-bedrooms-1-bathroom-furnished-lavapies-bright-modern-mintystay.es.html?label=gen173nr-1FCAEoggI46AdIClgEaEaIAQGYAQq4ARnIAQ_YAQHoAQH4AQKIAgGoAgO4ArL50rwGwAIB0gIkOGZlNzdlZTAtYjM2Ni00NjEwLWJjZDItYjc2NTUzNTkyZGM32AIF4AIB&sid=5ad11202ea9cc1c07c5ed8caaaf11387&aid=304142&ucfs=1&arphpl=1&checkin=2025-03-01&checkout=2025-03-08&dest_id=-390625&dest_type=city&group_adults=2&req_adults=2&no_rooms=1&group_children=0&req_children=0&hpos=15&hapos=689&sr_order=popularity&srpvid=a6ce4e38ac41034b&srepoch=1737803312&all_sr_blocks=1347173102_407081494_4_0_0&highlighted_blocks=1347173102_407081494_4_0_0&matching_block_id=1347173102_407081494_4_0_0&sr_pri_blocks=1347173102_407081494_4_0_0__119939&from=searchresults
El Hogar de Esteban,"Ciudad Lineal, Madrid",https://www.booking.com/hotel/es/el-apartamento-de-esteban-madrid.es.html?label=gen173nr-1FCAEoggI46AdIClgEaEaIAQGYAQq4ARnIAQ_YAQHoAQH4AQKIAgGoAgO4ArL50rwGwAIB0gIkOGZlNzdlZTAtYjM2Ni00NjEwLWJjZDItYjc2NTUzNTkyZGM32AIF4AIB&sid=5ad11202ea9cc1c07c5ed8caaaf11387&aid=304142&ucfs=1&arphpl=1&checkin=2025-03-01&checkout=2025-03-08&dest_id=-390625&dest_type=city&group_adults=2&req_adults=2&no_rooms=1&group_children=0&req_children=0&hpos=16&hapos=690&sr_order=popularity&srpvid=a6ce4e38ac41034b&srepoch=1737803312&all_sr_blocks=877418802_392537016_2_0_0&highlighted_blocks=877418802_392537016_2_0_0&matching_block_id=877418802_392537016_2_0_0&sr_pri_blocks=877418802_392537016_2_0_0__74505&from=searchresults
HOMEABOUT IMPERIAL APARTMENT,"Arganzuela, Madrid",https://www.booking.com/hotel/es/homeabout-imperial-apartment.es.html?label=gen173nr-1FCAEoggI46AdIClgEaEaIAQGYAQq4ARnIAQ_YAQHoAQH4AQKIAgGoAgO4ArL50rwGwAIB0gIkOGZlNzdlZTAtYjM2Ni00NjEwLWJjZDItYjc2NTUzNTkyZGM32AIF4AIB&sid=5ad11202ea9cc1c07c5ed8caaaf11387&aid=304142&ucfs=1&arphpl=1&checkin=2025-03-01&checkout=2025-03-08&dest_id=-390625&dest_type=city&group_adults=2&req_adults=2&no_rooms=1&group_children=0&req_children=0&hpos=17&hapos=691&sr_order=popularity&srpvid=a6ce4e38ac41034b&srepoch=1737803312&all_sr_blocks=789640004_338652479_0_0_0&highlighted_blocks=789640004_338652479_0_0_0&matching_block_id=789640004_338652479_0_0_0&sr_pri_blocks=789640004_338652479_0_0_0__79891&from=searchresults
Sonder Santa Ana,"Centro de Madrid, Madrid",https://www.booking.com/hotel/es/sonder-santa-ana.es.html?label=gen173nr-1FCAEoggI46AdIClgEaEaIAQGYAQq4ARnIAQ_YAQHoAQH4AQKIAgGoAgO4ArL50rwGwAIB0gIkOGZlNzdlZTAtYjM2Ni00NjEwLWJjZDItYjc2NTUzNTkyZGM32AIF4AIB&sid=5ad11202ea9cc1c07c5ed8caaaf11387&aid=304142&ucfs=1&arphpl=1&checkin=2025-03-01&checkout=2025-03-08&dest_id=-390625&dest_type=city&group_adults=2&req_adults=2&no_rooms=1&group_children=0&req_children=0&hpos=18&hapos=692&sr_order=popularity&srpvid=a6ce4e38ac41034b&srepoch=1737803312&all_sr_blocks=871295107_397234088_2_0_0&highlighted_blocks=871295107_397234088_2_0_0&matching_block_id=871295107_397234088_2_0_0&sr_pri_blocks=871295107_397234088_2_0_0__159054&from=searchresults
2 bedrooms 1 bathroom furnished - Lavapies - modern - MintyStay,"Centro de Madrid, Madrid",https://www.booking.com/hotel/es/2-bedrooms-1-bathroom-furnished-lavapies-modern-mintystay.es.html?label=gen173nr-1FCAEoggI46AdIClgEaEaIAQGYAQq4ARnIAQ_YAQHoAQH4AQKIAgGoAgO4ArL50rwGwAIB0gIkOGZlNzdlZTAtYjM2Ni00NjEwLWJjZDItYjc2NTUzNTkyZGM32AIF4AIB&sid=5ad11202ea9cc1c07c5ed8caaaf11387&aid=304142&ucfs=1&arphpl=1&checkin=2025-03-01&checkout=2025-03-08&dest_id=-390625&dest_type=city&group_adults=2&req_adults=2&no_rooms=1&group_children=0&req_children=0&hpos=19&hapos=693&sr_order=popularity&srpvid=a6ce4e38ac41034b&srepoch=1737803312&all_sr_blocks=837187202_370471997_4_0_0&highlighted_blocks=837187202_370471997_4_0_0&matching_block_id=837187202_370471997_4_0_0&sr_pri_blocks=837187202_370471997_4_0_0__139770&from=searchresults
"Círculo Gran Vía, Autograph Collection (Adults Only)","Centro de Madrid, Madrid",https://www.booking.com/hotel/es/circulo-gran-via-ca-autograph-collection.es.html?label=gen173nr-1FCAEoggI46AdIClgEaEaIAQGYAQq4ARnIAQ_YAQHoAQH4AQKIAgGoAgO4ArL50rwGwAIB0gIkOGZlNzdlZTAtYjM2Ni00NjEwLWJjZDItYjc2NTUzNTkyZGM32AIF4AIB&sid=5ad11202ea9cc1c07c5ed8caaaf11387&aid=304142&ucfs=1&arphpl=1&checkin=2025-03-01&checkout=2025-03-08&dest_id=-390625&dest_type=city&group_adults=2&req_adults=2&no_rooms=1&group_children=0&req_children=0&hpos=20&hapos=694&sr_order=popularity&srpvid=a6ce4e38ac41034b&srepoch=1737803312&all_sr_blocks=237677101_101261887_0_2_0&highlighted_blocks=237677101_101261887_0_2_0&matching_block_id=237677101_101261887_0_2_0&sr_pri_blocks=237677101_101261887_0_2_0__260865&from_sustainable_property_sr=1&from=searchresults
"S1 Estudio a estrenar, Madrid","Tetuán, Madrid",https://www.booking.com/hotel/es/s1-estudio-a-estrenar-madrid.es.html?label=gen173nr-1FCAEoggI46AdIClgEaEaIAQGYAQq4ARnIAQ_YAQHoAQH4AQKIAgGoAgO4ArL50rwGwAIB0gIkOGZlNzdlZTAtYjM2Ni00NjEwLWJjZDItYjc2NTUzNTkyZGM32AIF4AIB&sid=5ad11202ea9cc1c07c5ed8caaaf11387&aid=304142&ucfs=1&arphpl=1&checkin=2025-03-01&checkout=2025-03-08&dest_id=-390625&dest_type=city&group_adults=2&req_adults=2&no_rooms=1&group_children=0&req_children=0&hpos=21&hapos=695&sr_order=popularity&srpvid=a6ce4e38ac41034b&srepoch=1737803312&all_sr_blocks=1227027101_394737399_2_0_0&highlighted_blocks=1227027101_394737399_2_0_0&matching_block_id=1227027101_394737399_2_0_0&sr_pri_blocks=1227027101_394737399_2_0_0__62517&from=searchresults
Hostal A Nuestra Senora de La Paloma,"Centro de Madrid, Madrid",https://www.booking.com/hotel/es/nuestra-senora-de-la-paloma.es.html?label=gen173nr-1FCAEoggI46AdIClgEaEaIAQGYAQq4ARnIAQ_YAQHoAQH4AQKIAgGoAgO4ArL50rwGwAIB0gIkOGZlNzdlZTAtYjM2Ni00NjEwLWJjZDItYjc2NTUzNTkyZGM32AIF4AIB&sid=5ad11202ea9cc1c07c5ed8caaaf11387&aid=304142&ucfs=1&arphpl=1&checkin=2025-03-01&checkout=2025-03-08&dest_id=-390625&dest_type=city&group_adults=2&req_adults=2&no_rooms=1&group_children=0&req_children=0&hpos=22&hapos=696&sr_order=popularity&srpvid=a6ce4e38ac41034b&srepoch=1737803312&all_sr_blocks=1794414_398936951_2_0_0&highlighted_blocks=1794414_398936951_2_0_0&matching_block_id=1794414_398936951_2_0_0&sr_pri_blocks=1794414_398936951_2_0_0__141061&from=searchresults
"The Westin Palace, Madrid","Centro de Madrid, Madrid",https://www.booking.com/hotel/es/westinpalacemadrid.es.html?label=gen173nr-1FCAEoggI46AdIClgEaEaIAQGYAQq4ARnIAQ_YAQHoAQH4AQKIAgGoAgO4ArL50rwGwAIB0gIkOGZlNzdlZTAtYjM2Ni00NjEwLWJjZDItYjc2NTUzNTkyZGM32AIF4AIB&sid=5ad11202ea9cc1c07c5ed8caaaf11387&aid=304142&ucfs=1&arphpl=1&checkin=2025-03-01&checkout=2025-03-08&dest_id=-390625&dest_type=city&group_adults=2&req_adults=2&no_rooms=1&group_children=0&req_children=0&hpos=23&hapos=697&sr_order=popularity&srpvid=a6ce4e38ac41034b&srepoch=1737803312&all_sr_blocks=9111218_91295708_2_2_0&highlighted_blocks=9111218_91295708_2_2_0&matching_block_id=9111218_91295708_2_2_0&sr_pri_blocks=9111218_91295708_2_2_0__393360&from=searchresults
CoolRooms Palacio de Atocha,"Centro de Madrid, Madrid",https://www.booking.com/hotel/es/coolrooms-atocha.es.html?label=gen173nr-1FCAEoggI46AdIClgEaEaIAQGYAQq4ARnIAQ_YAQHoAQH4AQKIAgGoAgO4ArL50rwGwAIB0gIkOGZlNzdlZTAtYjM2Ni00NjEwLWJjZDItYjc2NTUzNTkyZGM32AIF4AIB&sid=5ad11202ea9cc1c07c5ed8caaaf11387&aid=304142&ucfs=1&arphpl=1&checkin=2025-03-01&checkout=2025-03-08&dest_id=-390625&dest_type=city&group_adults=2&req_adults=2&no_rooms=1&group_children=0&req_children=0&hpos=24&hapos=698&sr_order=popularity&srpvid=a6ce4e38ac41034b&srepoch=1737803312&all_sr_blocks=357290101_0_2_0_0&highlighted_blocks=357290101_0_2_0_0&matching_block_id=357290101_0_2_0_0&sr_pri_blocks=357290101_0_2_0_0__230274&from_sustainable_property_sr=1&from=searchresults
Modern Duplex-2Bedrooms 1.5Baths-Delicias,"Arganzuela, Madrid",https://www.booking.com/hotel/es/modern-duplex-2bedrooms-1-5baths-delicias.es.html?label=gen173nr-1FCAEoggI46AdIClgEaEaIAQGYAQq4ARnIAQ_YAQHoAQH4AQKIAgGoAgO4ArL50rwGwAIB0gIkOGZlNzdlZTAtYjM2Ni00NjEwLWJjZDItYjc2NTUzNTkyZGM32AIF4AIB&sid=5ad11202ea9cc1c07c5ed8caaaf11387&aid=304142&ucfs=1&arphpl=1&checkin=2025-03-01&checkout=2025-03-08&dest_id=-390625&dest_type=city&group_adults=2&req_adults=2&no_rooms=1&group_children=0&req_children=0&hpos=25&hapos=699&sr_order=popularity&srpvid=a6ce4e38ac41034b&srepoch=1737803312&all_sr_blocks=1203658802_392854528_3_0_0&highlighted_blocks=1203658802_392854528_3_0_0&matching_block_id=1203658802_392854528_3_0_0&sr_pri_blocks=1203658802_392854528_3_0_0__112055&from=searchresults
Hyatt Regency Madrid Residences,"Salamanca, Madrid",https://www.booking.com/hotel/es/hyatt-regency-madrid-residences.es.html?label=gen173nr-1FCAEoggI46AdIClgEaEaIAQGYAQq4ARnIAQ_YAQHoAQH4AQKIAgGoAgO4ArL50rwGwAIB0gIkOGZlNzdlZTAtYjM2Ni00NjEwLWJjZDItYjc2NTUzNTkyZGM32AIF4AIB&sid=5ad11202ea9cc1c07c5ed8caaaf11387&aid=304142&ucfs=1&arphpl=1&checkin=2025-03-01&checkout=2025-03-08&dest_id=-390625&dest_type=city&group_adults=2&req_adults=2&no_rooms=1&group_children=0&req_children=0&hpos=1&hapos=700&sr_order=popularity&srpvid=a6ce4e38ac41034b&srepoch=1737803315&all_sr_blocks=777104401_336021041_2_0_0&highlighted_blocks=777104401_336021041_2_0_0&matching_block_id=777104401_336021041_2_0_0&sr_pri_blocks=777104401_336021041_2_0_0__238504&from=searchresults
Ibis Madrid Aeropuerto Barajas,"Barajas, Madrid",https://www.booking.com/hotel/es/ibis-madrid-aeropuerto-barajas.es.html?label=gen173nr-1FCAEoggI46AdIClgEaEaIAQGYAQq4ARnIAQ_YAQHoAQH4AQKIAgGoAgO4ArL50rwGwAIB0gIkOGZlNzdlZTAtYjM2Ni00NjEwLWJjZDItYjc2NTUzNTkyZGM32AIF4AIB&sid=5ad11202ea9cc1c07c5ed8caaaf11387&aid=304142&ucfs=1&arphpl=1&checkin=2025-03-01&checkout=2025-03-08&dest_id=-390625&dest_type=city&group_adults=2&req_adults=2&no_rooms=1&group_children=0&req_children=0&hpos=2&hapos=701&sr_order=popularity&srpvid=a6ce4e38ac41034b&srepoch=1737803315&all_sr_blocks=27146405_94383750_2_42_0&highlighted_blocks=27146405_94383750_2_42_0&matching_block_id=27146405_94383750_2_42_0&sr_pri_blocks=27146405_94383750_2_42_0__77075&from=searchresults
Sonder Malasaña,"Centro de Madrid, Madrid",https://www.booking.com/hotel/es/sonder-at-malasana.es.html?label=gen173nr-1FCAEoggI46AdIClgEaEaIAQGYAQq4ARnIAQ_YAQHoAQH4AQKIAgGoAgO4ArL50rwGwAIB0gIkOGZlNzdlZTAtYjM2Ni00NjEwLWJjZDItYjc2NTUzNTkyZGM32AIF4AIB&sid=5ad11202ea9cc1c07c5ed8caaaf11387&aid=304142&ucfs=1&arphpl=1&checkin=2025-03-01&checkout=2025-03-08&dest_id=-390625&dest_type=city&group_adults=2&req_adults=2&no_rooms=1&group_children=0&req_children=0&hpos=3&hapos=702&sr_order=popularity&srpvid=a6ce4e38ac41034b&srepoch=1737803315&all_sr_blocks=698580204_396860273_3_0_0&highlighted_blocks=698580204_396860273_3_0_0&matching_block_id=698580204_396860273_3_0_0&sr_pri_blocks=698580204_396860273_3_0_0__172289&from=searchresults
Only YOU Boutique Hotel Madrid,"Centro de Madrid, Madrid",https://www.booking.com/hotel/es/only-you-amp-lounge.es.html?label=gen173nr-1FCAEoggI46AdIClgEaEaIAQGYAQq4ARnIAQ_YAQHoAQH4AQKIAgGoAgO4ArL50rwGwAIB0gIkOGZlNzdlZTAtYjM2Ni00NjEwLWJjZDItYjc2NTUzNTkyZGM32AIF4AIB&sid=5ad11202ea9cc1c07c5ed8caaaf11387&aid=304142&ucfs=1&arphpl=1&checkin=2025-03-01&checkout=2025-03-08&dest_id=-390625&dest_type=city&group_adults=2&req_adults=2&no_rooms=1&group_children=0&req_children=0&hpos=4&hapos=703&sr_order=popularity&srpvid=a6ce4e38ac41034b&srepoch=1737803315&all_sr_blocks=59048804_88210262_0_2_0&highlighted_blocks=59048804_88210262_0_2_0&matching_block_id=59048804_88210262_0_2_0&sr_pri_blocks=59048804_88210262_0_2_0__227928&from=searchresults
60 Balconies Art,"Centro de Madrid, Madrid",https://www.booking.com/hotel/es/60-balconies-urban-stay.es.html?label=gen173nr-1FCAEoggI46AdIClgEaEaIAQGYAQq4ARnIAQ_YAQHoAQH4AQKIAgGoAgO4ArL50rwGwAIB0gIkOGZlNzdlZTAtYjM2Ni00NjEwLWJjZDItYjc2NTUzNTkyZGM32AIF4AIB&sid=5ad11202ea9cc1c07c5ed8caaaf11387&aid=304142&ucfs=1&arphpl=1&checkin=2025-03-01&checkout=2025-03-08&dest_id=-390625&dest_type=city&group_adults=2&req_adults=2&no_rooms=1&group_children=0&req_children=0&hpos=5&hapos=704&sr_order=popularity&srpvid=a6ce4e38ac41034b&srepoch=1737803315&all_sr_blocks=62929004_88210362_2_0_0&highlighted_blocks=62929004_88210362_2_0_0&matching_block_id=62929004_88210362_2_0_0&sr_pri_blocks=62929004_88210362_2_0_0__176220&from=searchresults
San Bernardo - Darya Living,"Centro de Madrid, Madrid",https://www.booking.com/hotel/es/san-bernardo-darya-living-madrid.es.html?label=gen173nr-1FCAEoggI46AdIClgEaEaIAQGYAQq4ARnIAQ_YAQHoAQH4AQKIAgGoAgO4ArL50rwGwAIB0gIkOGZlNzdlZTAtYjM2Ni00NjEwLWJjZDItYjc2NTUzNTkyZGM32AIF4AIB&sid=5ad11202ea9cc1c07c5ed8caaaf11387&aid=304142&ucfs=1&arphpl=1&checkin=2025-03-01&checkout=2025-03-08&dest_id=-390625&dest_type=city&group_adults=2&req_adults=2&no_rooms=1&group_children=0&req_children=0&hpos=6&hapos=705&sr_order=popularity&srpvid=a6ce4e38ac41034b&srepoch=1737803315&all_sr_blocks=1145782102_402342094_4_0_0&highlighted_blocks=1145782102_402342094_4_0_0&matching_block_id=1145782102_402342094_4_0_0&sr_pri_blocks=1145782102_402342094_4_0_0__175888&from=searchresults
General Oráa - Darya Living,"Salamanca, Madrid",https://www.booking.com/hotel/es/general-oraa.es.html?label=gen173nr-1FCAEoggI46AdIClgEaEaIAQGYAQq4ARnIAQ_YAQHoAQH4AQKIAgGoAgO4ArL50rwGwAIB0gIkOGZlNzdlZTAtYjM2Ni00NjEwLWJjZDItYjc2NTUzNTkyZGM32AIF4AIB&sid=5ad11202ea9cc1c07c5ed8caaaf11387&aid=304142&ucfs=1&arphpl=1&checkin=2025-03-01&checkout=2025-03-08&dest_id=-390625&dest_type=city&group_adults=2&req_adults=2&no_rooms=1&group_children=0&req_children=0&hpos=7&hapos=706&sr_order=popularity&srpvid=a6ce4e38ac41034b&srepoch=1737803315&all_sr_blocks=929653510_402342526_0_0_0&highlighted_blocks=929653510_402342526_0_0_0&matching_block_id=929653510_402342526_0_0_0&sr_pri_blocks=929653510_402342526_0_0_0__205200&from=searchresults
Vallecas Suites by Olala Homes,"Puente de Vallecas, Madrid",https://www.booking.com/hotel/es/olala-vallecas-mini.es.html?label=gen173nr-1FCAEoggI46AdIClgEaEaIAQGYAQq4ARnIAQ_YAQHoAQH4AQKIAgGoAgO4ArL50rwGwAIB0gIkOGZlNzdlZTAtYjM2Ni00NjEwLWJjZDItYjc2NTUzNTkyZGM32AIF4AIB&sid=5ad11202ea9cc1c07c5ed8caaaf11387&aid=304142&ucfs=1&arphpl=1&checkin=2025-03-01&checkout=2025-03-08&dest_id=-390625&dest_type=city&group_adults=2&req_adults=2&no_rooms=1&group_children=0&req_children=0&hpos=8&hapos=707&sr_order=popularity&srpvid=a6ce4e38ac41034b&srepoch=1737803315&all_sr_blocks=934524202_365571064_2_0_0_736538&highlighted_blocks=934524202_365571064_2_0_0_736538&matching_block_id=934524202_365571064_2_0_0_736538&sr_pri_blocks=934524202_365571064_2_0_0_736538_76651&from=searchresults
Apartamento-Estudio B-3.,"Usera, Madrid",https://www.booking.com/hotel/es/apartamento-estudio-b-3.es.html?label=gen173nr-1FCAEoggI46AdIClgEaEaIAQGYAQq4ARnIAQ_YAQHoAQH4AQKIAgGoAgO4ArL50rwGwAIB0gIkOGZlNzdlZTAtYjM2Ni00NjEwLWJjZDItYjc2NTUzNTkyZGM32AIF4AIB&sid=5ad11202ea9cc1c07c5ed8caaaf11387&aid=304142&ucfs=1&arphpl=1&checkin=2025-03-01&checkout=2025-03-08&dest_id=-390625&dest_type=city&group_adults=2&req_adults=2&no_rooms=1&group_children=0&req_children=0&hpos=9&hapos=708&sr_order=popularity&srpvid=a6ce4e38ac41034b&srepoch=1737803315&all_sr_blocks=940161201_366297417_2_0_0&highlighted_blocks=940161201_366297417_2_0_0&matching_block_id=940161201_366297417_2_0_0&sr_pri_blocks=940161201_366297417_2_0_0__58399&from=searchresults
Apartamentos Deluxe Barajas,"Barajas, Madrid",https://www.booking.com/hotel/es/apartamento-barajas.es.html?label=gen173nr-1FCAEoggI46AdIClgEaEaIAQGYAQq4ARnIAQ_YAQHoAQH4AQKIAgGoAgO4ArL50rwGwAIB0gIkOGZlNzdlZTAtYjM2Ni00NjEwLWJjZDItYjc2NTUzNTkyZGM32AIF4AIB&sid=5ad11202ea9cc1c07c5ed8caaaf11387&aid=304142&ucfs=1&arphpl=1&checkin=2025-03-01&checkout=2025-03-08&dest_id=-390625&dest_type=city&group_adults=2&req_adults=2&no_rooms=1&group_children=0&req_children=0&hpos=10&hapos=709&sr_order=popularity&srpvid=a6ce4e38ac41034b&srepoch=1737803315&all_sr_blocks=477960403_151583924_2_0_0&highlighted_blocks=477960403_151583924_2_0_0&matching_block_id=477960403_151583924_2_0_0&sr_pri_blocks=477960403_151583924_2_0_0__106260&from=searchresults
Nuevo Hola Madrid BIS,"Fuencarral - El Pardo, Madrid",https://www.booking.com/hotel/es/nuevo-hola-madrid-bis.es.html?label=gen173nr-1FCAEoggI46AdIClgEaEaIAQGYAQq4ARnIAQ_YAQHoAQH4AQKIAgGoAgO4ArL50rwGwAIB0gIkOGZlNzdlZTAtYjM2Ni00NjEwLWJjZDItYjc2NTUzNTkyZGM32AIF4AIB&sid=5ad11202ea9cc1c07c5ed8caaaf11387&aid=304142&ucfs=1&arphpl=1&checkin=2025-03-01&checkout=2025-03-08&dest_id=-390625&dest_type=city&group_adults=2&req_adults=2&no_rooms=1&group_children=0&req_children=0&hpos=11&hapos=710&sr_order=popularity&srpvid=a6ce4e38ac41034b&srepoch=1737803315&all_sr_blocks=1106910201_383474303_2_0_0_155405&highlighted_blocks=1106910201_383474303_2_0_0_155405&matching_block_id=1106910201_383474303_2_0_0_155405&sr_pri_blocks=1106910201_383474303_2_0_0_155405_137004&from=searchresults
Refugio Madrileño,"Villaverde, Madrid",https://www.booking.com/hotel/es/apartamento-en-madrid-madrid14.es.html?label=gen173nr-1FCAEoggI46AdIClgEaEaIAQGYAQq4ARnIAQ_YAQHoAQH4AQKIAgGoAgO4ArL50rwGwAIB0gIkOGZlNzdlZTAtYjM2Ni00NjEwLWJjZDItYjc2NTUzNTkyZGM32AIF4AIB&sid=5ad11202ea9cc1c07c5ed8caaaf11387&aid=304142&ucfs=1&arphpl=1&checkin=2025-03-01&checkout=2025-03-08&dest_id=-390625&dest_type=city&group_adults=2&req_adults=2&no_rooms=1&group_children=0&req_children=0&hpos=12&hapos=711&sr_order=popularity&srpvid=a6ce4e38ac41034b&srepoch=1737803315&all_sr_blocks=1330975901_405807438_0_0_0&highlighted_blocks=1330975901_405807438_0_0_0&matching_block_id=1330975901_405807438_0_0_0&sr_pri_blocks=1330975901_405807438_0_0_0__64980&from=searchresults
Smartr Madrid Gran Via Apartments,"Centro de Madrid, Madrid",https://www.booking.com/hotel/es/smartrental-madrid-gran-via-apartments.es.html?label=gen173nr-1FCAEoggI46AdIClgEaEaIAQGYAQq4ARnIAQ_YAQHoAQH4AQKIAgGoAgO4ArL50rwGwAIB0gIkOGZlNzdlZTAtYjM2Ni00NjEwLWJjZDItYjc2NTUzNTkyZGM32AIF4AIB&sid=5ad11202ea9cc1c07c5ed8caaaf11387&aid=304142&ucfs=1&arphpl=1&checkin=2025-03-01&checkout=2025-03-08&dest_id=-390625&dest_type=city&group_adults=2&req_adults=2&no_rooms=1&group_children=0&req_children=0&hpos=13&hapos=712&sr_order=popularity&srpvid=a6ce4e38ac41034b&srepoch=1737803315&all_sr_blocks=817217001_344217465_4_34_0&highlighted_blocks=817217001_344217465_4_34_0&matching_block_id=817217001_344217465_4_34_0&sr_pri_blocks=817217001_344217465_4_34_0__263492&from=searchresults
APARTMENT TURIST MADRID TETUÁN BERNABÉU,"Tetuán, Madrid",https://www.booking.com/hotel/es/apartment-turist-madrid-tetuan-bernabeu.es.html?label=gen173nr-1FCAEoggI46AdIClgEaEaIAQGYAQq4ARnIAQ_YAQHoAQH4AQKIAgGoAgO4ArL50rwGwAIB0gIkOGZlNzdlZTAtYjM2Ni00NjEwLWJjZDItYjc2NTUzNTkyZGM32AIF4AIB&sid=5ad11202ea9cc1c07c5ed8caaaf11387&aid=304142&ucfs=1&arphpl=1&checkin=2025-03-01&checkout=2025-03-08&dest_id=-390625&dest_type=city&group_adults=2&req_adults=2&no_rooms=1&group_children=0&req_children=0&hpos=14&hapos=713&sr_order=popularity&srpvid=a6ce4e38ac41034b&srepoch=1737803315&all_sr_blocks=483257701_157147722_4_0_0&highlighted_blocks=483257701_157147722_4_0_0&matching_block_id=483257701_157147722_4_0_0&sr_pri_blocks=483257701_157147722_4_0_0__116387&from=searchresults
60 Balconies Iconic,"Centro de Madrid, Madrid",https://www.booking.com/hotel/es/60-balconies-iconic.es.html?label=gen173nr-1FCAEoggI46AdIClgEaEaIAQGYAQq4ARnIAQ_YAQHoAQH4AQKIAgGoAgO4ArL50rwGwAIB0gIkOGZlNzdlZTAtYjM2Ni00NjEwLWJjZDItYjc2NTUzNTkyZGM32AIF4AIB&sid=5ad11202ea9cc1c07c5ed8caaaf11387&aid=304142&ucfs=1&arphpl=1&checkin=2025-03-01&checkout=2025-03-08&dest_id=-390625&dest_type=city&group_adults=2&req_adults=2&no_rooms=1&group_children=0&req_children=0&hpos=15&hapos=714&sr_order=popularity&srpvid=a6ce4e38ac41034b&srepoch=1737803315&all_sr_blocks=825043005_346806548_0_0_0&highlighted_blocks=825043005_346806548_0_0_0&matching_block_id=825043005_346806548_0_0_0&sr_pri_blocks=825043005_346806548_0_0_0__184592&from=searchresults
"Apartments Plaza Mayor, Madrid Center","Centro de Madrid, Madrid",https://www.booking.com/hotel/es/madrid-centro-sun-and-space.es.html?label=gen173nr-1FCAEoggI46AdIClgEaEaIAQGYAQq4ARnIAQ_YAQHoAQH4AQKIAgGoAgO4ArL50rwGwAIB0gIkOGZlNzdlZTAtYjM2Ni00NjEwLWJjZDItYjc2NTUzNTkyZGM32AIF4AIB&sid=5ad11202ea9cc1c07c5ed8caaaf11387&aid=304142&ucfs=1&arphpl=1&checkin=2025-03-01&checkout=2025-03-08&dest_id=-390625&dest_type=city&group_adults=2&req_adults=2&no_rooms=1&group_children=0&req_children=0&hpos=16&hapos=715&sr_order=popularity&srpvid=a6ce4e38ac41034b&srepoch=1737803315&all_sr_blocks=256567602_404122057_2_0_0&highlighted_blocks=256567602_404122057_2_0_0&matching_block_id=256567602_404122057_2_0_0&sr_pri_blocks=256567602_404122057_2_0_0__63315&from=searchresults
Casa de Huéspedes Prada,"Centro de Madrid, Madrid",https://www.booking.com/hotel/es/hostal-casa-de-huespedes-prada.es.html?label=gen173nr-1FCAEoggI46AdIClgEaEaIAQGYAQq4ARnIAQ_YAQHoAQH4AQKIAgGoAgO4ArL50rwGwAIB0gIkOGZlNzdlZTAtYjM2Ni00NjEwLWJjZDItYjc2NTUzNTkyZGM32AIF4AIB&sid=5ad11202ea9cc1c07c5ed8caaaf11387&aid=304142&ucfs=1&arphpl=1&checkin=2025-03-01&checkout=2025-03-08&dest_id=-390625&dest_type=city&group_adults=2&req_adults=2&no_rooms=1&group_children=0&req_children=0&hpos=17&hapos=716&sr_order=popularity&srpvid=a6ce4e38ac41034b&srepoch=1737803315&all_sr_blocks=88309708_88506190_0_0_0&highlighted_blocks=88309708_88506190_0_0_0&matching_block_id=88309708_88506190_0_0_0&sr_pri_blocks=88309708_88506190_0_0_0__75300&from=searchresults
New Point Opera,"Centro de Madrid, Madrid",https://www.booking.com/hotel/es/new-point-opera.es.html?label=gen173nr-1FCAEoggI46AdIClgEaEaIAQGYAQq4ARnIAQ_YAQHoAQH4AQKIAgGoAgO4ArL50rwGwAIB0gIkOGZlNzdlZTAtYjM2Ni00NjEwLWJjZDItYjc2NTUzNTkyZGM32AIF4AIB&sid=5ad11202ea9cc1c07c5ed8caaaf11387&aid=304142&ucfs=1&arphpl=1&checkin=2025-03-01&checkout=2025-03-08&dest_id=-390625&dest_type=city&group_adults=2&req_adults=2&no_rooms=1&group_children=0&req_children=0&hpos=18&hapos=717&sr_order=popularity&srpvid=a6ce4e38ac41034b&srepoch=1737803315&all_sr_blocks=540899309_329653583_0_0_0&highlighted_blocks=540899309_329653583_0_0_0&matching_block_id=540899309_329653583_0_0_0&sr_pri_blocks=540899309_329653583_0_0_0__208880&from=searchresults
HelloSky Air Rooms Madrid,"Barajas, Madrid",https://www.booking.com/hotel/es/air-rooms-madrid.es.html?label=gen173nr-1FCAEoggI46AdIClgEaEaIAQGYAQq4ARnIAQ_YAQHoAQH4AQKIAgGoAgO4ArL50rwGwAIB0gIkOGZlNzdlZTAtYjM2Ni00NjEwLWJjZDItYjc2NTUzNTkyZGM32AIF4AIB&sid=5ad11202ea9cc1c07c5ed8caaaf11387&aid=304142&ucfs=1&arphpl=1&checkin=2025-03-01&checkout=2025-03-08&dest_id=-390625&dest_type=city&group_adults=2&req_adults=2&no_rooms=1&group_children=0&req_children=0&hpos=19&hapos=718&sr_order=popularity&srpvid=a6ce4e38ac41034b&srepoch=1737803315&all_sr_blocks=89125603_266383721_0_2_0_630262&highlighted_blocks=89125603_266383721_0_2_0_630262&matching_block_id=89125603_266383721_0_2_0_630262&sr_pri_blocks=89125603_266383721_0_2_0_630262_205300&from=searchresults
Apartamento Cuatro Torres,"Fuencarral - El Pardo, Madrid",https://www.booking.com/hotel/es/apartamento-cuatro-torres.es.html?label=gen173nr-1FCAEoggI46AdIClgEaEaIAQGYAQq4ARnIAQ_YAQHoAQH4AQKIAgGoAgO4ArL50rwGwAIB0gIkOGZlNzdlZTAtYjM2Ni00NjEwLWJjZDItYjc2NTUzNTkyZGM32AIF4AIB&sid=5ad11202ea9cc1c07c5ed8caaaf11387&aid=304142&ucfs=1&arphpl=1&checkin=2025-03-01&checkout=2025-03-08&dest_id=-390625&dest_type=city&group_adults=2&req_adults=2&no_rooms=1&group_children=0&req_children=0&hpos=20&hapos=719&sr_order=popularity&srpvid=a6ce4e38ac41034b&srepoch=1737803315&all_sr_blocks=156637901_195068671_2_0_0&highlighted_blocks=156637901_195068671_2_0_0&matching_block_id=156637901_195068671_2_0_0&sr_pri_blocks=156637901_195068671_2_0_0__81263&from=searchresults
CASA DE HUÉSPEDES ALMIRANTE MADRID,"Centro de Madrid, Madrid",https://www.booking.com/hotel/es/casa-de-huespedes-almirante-madrid.es.html?label=gen173nr-1FCAEoggI46AdIClgEaEaIAQGYAQq4ARnIAQ_YAQHoAQH4AQKIAgGoAgO4ArL50rwGwAIB0gIkOGZlNzdlZTAtYjM2Ni00NjEwLWJjZDItYjc2NTUzNTkyZGM32AIF4AIB&sid=5ad11202ea9cc1c07c5ed8caaaf11387&aid=304142&ucfs=1&arphpl=1&checkin=2025-03-01&checkout=2025-03-08&dest_id=-390625&dest_type=city&group_adults=2&req_adults=2&no_rooms=1&group_children=0&req_children=0&hpos=21&hapos=720&sr_order=popularity&srpvid=a6ce4e38ac41034b&srepoch=1737803315&all_sr_blocks=1152258903_404462230_0_0_0&highlighted_blocks=1152258903_404462230_0_0_0&matching_block_id=1152258903_404462230_0_0_0&sr_pri_blocks=1152258903_404462230_0_0_0__117670&from=searchresults
Charming Valverde Malasaña,"Centro de Madrid, Madrid",https://www.booking.com/hotel/es/charming-valverde-malasana.es.html?label=gen173nr-1FCAEoggI46AdIClgEaEaIAQGYAQq4ARnIAQ_YAQHoAQH4AQKIAgGoAgO4ArL50rwGwAIB0gIkOGZlNzdlZTAtYjM2Ni00NjEwLWJjZDItYjc2NTUzNTkyZGM32AIF4AIB&sid=5ad11202ea9cc1c07c5ed8caaaf11387&aid=304142&ucfs=1&arphpl=1&checkin=2025-03-01&checkout=2025-03-08&dest_id=-390625&dest_type=city&group_adults=2&req_adults=2&no_rooms=1&group_children=0&req_children=0&hpos=22&hapos=721&sr_order=popularity&srpvid=a6ce4e38ac41034b&srepoch=1737803315&all_sr_blocks=794650801_339548977_2_0_0&highlighted_blocks=794650801_339548977_2_0_0&matching_block_id=794650801_339548977_2_0_0&sr_pri_blocks=794650801_339548977_2_0_0__73086&from=searchresults
"URSO Hotel & Spa, a Small Luxury Hotel of the World","Centro de Madrid, Madrid",https://www.booking.com/hotel/es/urso.es.html?label=gen173nr-1FCAEoggI46AdIClgEaEaIAQGYAQq4ARnIAQ_YAQHoAQH4AQKIAgGoAgO4ArL50rwGwAIB0gIkOGZlNzdlZTAtYjM2Ni00NjEwLWJjZDItYjc2NTUzNTkyZGM32AIF4AIB&sid=5ad11202ea9cc1c07c5ed8caaaf11387&aid=304142&ucfs=1&arphpl=1&checkin=2025-03-01&checkout=2025-03-08&dest_id=-390625&dest_type=city&group_adults=2&req_adults=2&no_rooms=1&group_children=0&req_children=0&hpos=23&hapos=722&sr_order=popularity&srpvid=a6ce4e38ac41034b&srepoch=1737803315&all_sr_blocks=106641501_0_2_0_0&highlighted_blocks=106641501_0_2_0_0&matching_block_id=106641501_0_2_0_0&sr_pri_blocks=106641501_0_2_0_0__272546&from_sustainable_property_sr=1&from=searchresults
LAUREL-MintyStay Apartments 2,"Arganzuela, Madrid",https://www.booking.com/hotel/es/spacious-and-renovated-2bedrooms-1bath-delicias.es.html?label=gen173nr-1FCAEoggI46AdIClgEaEaIAQGYAQq4ARnIAQ_YAQHoAQH4AQKIAgGoAgO4ArL50rwGwAIB0gIkOGZlNzdlZTAtYjM2Ni00NjEwLWJjZDItYjc2NTUzNTkyZGM32AIF4AIB&sid=5ad11202ea9cc1c07c5ed8caaaf11387&aid=304142&ucfs=1&arphpl=1&checkin=2025-03-01&checkout=2025-03-08&dest_id=-390625&dest_type=city&group_adults=2&req_adults=2&no_rooms=1&group_children=0&req_children=0&hpos=24&hapos=723&sr_order=popularity&srpvid=a6ce4e38ac41034b&srepoch=1737803315&all_sr_blocks=1248753203_397878591_4_0_0&highlighted_blocks=1248753203_397878591_4_0_0&matching_block_id=1248753203_397878591_4_0_0&sr_pri_blocks=1248753203_397878591_4_0_0__118626&from=searchresults
Hostal Zabala,"Centro de Madrid, Madrid",https://www.booking.com/hotel/es/hostel-zabala.es.html?label=gen173nr-1FCAEoggI46AdIClgEaEaIAQGYAQq4ARnIAQ_YAQHoAQH4AQKIAgGoAgO4ArL50rwGwAIB0gIkOGZlNzdlZTAtYjM2Ni00NjEwLWJjZDItYjc2NTUzNTkyZGM32AIF4AIB&sid=5ad11202ea9cc1c07c5ed8caaaf11387&aid=304142&ucfs=1&arphpl=1&checkin=2025-03-01&checkout=2025-03-08&dest_id=-390625&dest_type=city&group_adults=2&req_adults=2&no_rooms=1&group_children=0&req_children=0&hpos=25&hapos=724&sr_order=popularity&srpvid=a6ce4e38ac41034b&srepoch=1737803315&all_sr_blocks=31138101_91920661_0_0_0_415202&highlighted_blocks=31138101_91920661_0_0_0_415202&matching_block_id=31138101_91920661_0_0_0_415202&sr_pri_blocks=31138101_91920661_0_0_0_415202_598500&from=searchresults
Luxe apartments Madrid Rio by RentitUP,"Arganzuela, Madrid",https://www.booking.com/hotel/es/luxe-apartments-madrid-rio-by-rentitup-madrid1.es.html?label=gen173nr-1FCAEoggI46AdIClgEaEaIAQGYAQq4ARnIAQ_YAQHoAQH4AQKIAgGoAgO4ArL50rwGwAIB0gIkOGZlNzdlZTAtYjM2Ni00NjEwLWJjZDItYjc2NTUzNTkyZGM32AIF4AIB&sid=5ad11202ea9cc1c07c5ed8caaaf11387&aid=304142&ucfs=1&arphpl=1&checkin=2025-03-01&checkout=2025-03-08&dest_id=-390625&dest_type=city&group_adults=2&req_adults=2&no_rooms=1&group_children=0&req_children=0&hpos=1&hapos=725&sr_order=popularity&srpvid=a6ce4e38ac41034b&srepoch=1737803318&all_sr_blocks=1167097701_389338624_3_0_0&highlighted_blocks=1167097701_389338624_3_0_0&matching_block_id=1167097701_389338624_3_0_0&sr_pri_blocks=1167097701_389338624_3_0_0__89993&from=searchresults
Hoom Apartments Juan Bravo,"Salamanca, Madrid",https://www.booking.com/hotel/es/apartamentos-juan-bravo-56.es.html?label=gen173nr-1FCAEoggI46AdIClgEaEaIAQGYAQq4ARnIAQ_YAQHoAQH4AQKIAgGoAgO4ArL50rwGwAIB0gIkOGZlNzdlZTAtYjM2Ni00NjEwLWJjZDItYjc2NTUzNTkyZGM32AIF4AIB&sid=5ad11202ea9cc1c07c5ed8caaaf11387&aid=304142&ucfs=1&arphpl=1&checkin=2025-03-01&checkout=2025-03-08&dest_id=-390625&dest_type=city&group_adults=2&req_adults=2&no_rooms=1&group_children=0&req_children=0&hpos=2&hapos=726&sr_order=popularity&srpvid=a6ce4e38ac41034b&srepoch=1737803318&all_sr_blocks=399268701_123335587_2_0_0_152641&highlighted_blocks=399268701_123335587_2_0_0_152641&matching_block_id=399268701_123335587_2_0_0_152641&sr_pri_blocks=399268701_123335587_2_0_0_152641_172669&from=searchresults
Fancy One-bedroom La Latina,"Centro de Madrid, Madrid",https://www.booking.com/hotel/es/1-bedroom-1-bathroom-furnished-la-latina-cozy-in-downtown-area-mintystay.es.html?label=gen173nr-1FCAEoggI46AdIClgEaEaIAQGYAQq4ARnIAQ_YAQHoAQH4AQKIAgGoAgO4ArL50rwGwAIB0gIkOGZlNzdlZTAtYjM2Ni00NjEwLWJjZDItYjc2NTUzNTkyZGM32AIF4AIB&sid=5ad11202ea9cc1c07c5ed8caaaf11387&aid=304142&ucfs=1&arphpl=1&checkin=2025-03-01&checkout=2025-03-08&dest_id=-390625&dest_type=city&group_adults=2&req_adults=2&no_rooms=1&group_children=0&req_children=0&hpos=3&hapos=727&sr_order=popularity&srpvid=a6ce4e38ac41034b&srepoch=1737803318&all_sr_blocks=673228102_376043606_2_0_0&highlighted_blocks=673228102_376043606_2_0_0&matching_block_id=673228102_376043606_2_0_0&sr_pri_blocks=673228102_376043606_2_0_0__83547&from=searchresults
Apartamento estudio con baño privado en el centro de Madrid,"Latina, Madrid",https://www.booking.com/hotel/es/apartamento-estudio-con-bano-privado-en-el-centro-de-madrid.es.html?label=gen173nr-1FCAEoggI46AdIClgEaEaIAQGYAQq4ARnIAQ_YAQHoAQH4AQKIAgGoAgO4ArL50rwGwAIB0gIkOGZlNzdlZTAtYjM2Ni00NjEwLWJjZDItYjc2NTUzNTkyZGM32AIF4AIB&sid=5ad11202ea9cc1c07c5ed8caaaf11387&aid=304142&ucfs=1&arphpl=1&checkin=2025-03-01&checkout=2025-03-08&dest_id=-390625&dest_type=city&group_adults=2&req_adults=2&no_rooms=1&group_children=0&req_children=0&hpos=4&hapos=728&sr_order=popularity&srpvid=a6ce4e38ac41034b&srepoch=1737803318&all_sr_blocks=1334767601_405960910_2_0_0&highlighted_blocks=1334767601_405960910_2_0_0&matching_block_id=1334767601_405960910_2_0_0&sr_pri_blocks=1334767601_405960910_2_0_0__77969&from=searchresults
Quintana-Alcalá Apartments,"Ciudad Lineal, Madrid",https://www.booking.com/hotel/es/quintana-alcala-apartments.es.html?label=gen173nr-1FCAEoggI46AdIClgEaEaIAQGYAQq4ARnIAQ_YAQHoAQH4AQKIAgGoAgO4ArL50rwGwAIB0gIkOGZlNzdlZTAtYjM2Ni00NjEwLWJjZDItYjc2NTUzNTkyZGM32AIF4AIB&sid=5ad11202ea9cc1c07c5ed8caaaf11387&aid=304142&ucfs=1&arphpl=1&checkin=2025-03-01&checkout=2025-03-08&dest_id=-390625&dest_type=city&group_adults=2&req_adults=2&no_rooms=1&group_children=0&req_children=0&hpos=5&hapos=729&sr_order=popularity&srpvid=a6ce4e38ac41034b&srepoch=1737803318&all_sr_blocks=1147872701_387637149_0_0_0&highlighted_blocks=1147872701_387637149_0_0_0&matching_block_id=1147872701_387637149_0_0_0&sr_pri_blocks=1147872701_387637149_0_0_0__67154&from=searchresults
60 Balconies Design,"Centro de Madrid, Madrid",https://www.booking.com/hotel/es/60-balconies-recoletos.es.html?label=gen173nr-1FCAEoggI46AdIClgEaEaIAQGYAQq4ARnIAQ_YAQHoAQH4AQKIAgGoAgO4ArL50rwGwAIB0gIkOGZlNzdlZTAtYjM2Ni00NjEwLWJjZDItYjc2NTUzNTkyZGM32AIF4AIB&sid=5ad11202ea9cc1c07c5ed8caaaf11387&aid=304142&ucfs=1&arphpl=1&checkin=2025-03-01&checkout=2025-03-08&dest_id=-390625&dest_type=city&group_adults=2&req_adults=2&no_rooms=1&group_children=0&req_children=0&hpos=6&hapos=730&sr_order=popularity&srpvid=a6ce4e38ac41034b&srepoch=1737803318&all_sr_blocks=190561503_92813524_4_0_0&highlighted_blocks=190561503_92813524_4_0_0&matching_block_id=190561503_92813524_4_0_0&sr_pri_blocks=190561503_92813524_4_0_0__266085&from=searchresults
Cozy Studio In Madrid Temporal ATL43,"Carabanchel, Madrid",https://www.booking.com/hotel/es/cozy-studio-in-madrid-temporal-atl43.es.html?label=gen173nr-1FCAEoggI46AdIClgEaEaIAQGYAQq4ARnIAQ_YAQHoAQH4AQKIAgGoAgO4ArL50rwGwAIB0gIkOGZlNzdlZTAtYjM2Ni00NjEwLWJjZDItYjc2NTUzNTkyZGM32AIF4AIB&sid=5ad11202ea9cc1c07c5ed8caaaf11387&aid=304142&ucfs=1&arphpl=1&checkin=2025-03-01&checkout=2025-03-08&dest_id=-390625&dest_type=city&group_adults=2&req_adults=2&no_rooms=1&group_children=0&req_children=0&hpos=7&hapos=731&sr_order=popularity&srpvid=a6ce4e38ac41034b&srepoch=1737803318&all_sr_blocks=1343747501_406743318_2_0_0&highlighted_blocks=1343747501_406743318_2_0_0&matching_block_id=1343747501_406743318_2_0_0&sr_pri_blocks=1343747501_406743318_2_0_0__70538&from=searchresults
Casa du Soleil,"Centro de Madrid, Madrid",https://www.booking.com/hotel/es/casa-du-soleil.es.html?label=gen173nr-1FCAEoggI46AdIClgEaEaIAQGYAQq4ARnIAQ_YAQHoAQH4AQKIAgGoAgO4ArL50rwGwAIB0gIkOGZlNzdlZTAtYjM2Ni00NjEwLWJjZDItYjc2NTUzNTkyZGM32AIF4AIB&sid=5ad11202ea9cc1c07c5ed8caaaf11387&aid=304142&ucfs=1&arphpl=1&checkin=2025-03-01&checkout=2025-03-08&dest_id=-390625&dest_type=city&group_adults=2&req_adults=2&no_rooms=1&group_children=0&req_children=0&hpos=8&hapos=732&sr_order=popularity&srpvid=a6ce4e38ac41034b&srepoch=1737803318&all_sr_blocks=784354603_368326663_2_0_0&highlighted_blocks=784354603_368326663_2_0_0&matching_block_id=784354603_368326663_2_0_0&sr_pri_blocks=784354603_368326663_2_0_0__131294&from=searchresults
Fomento by Wynwood House,"Centro de Madrid, Madrid",https://www.booking.com/hotel/es/fomento-by-wynwood-house.es.html?label=gen173nr-1FCAEoggI46AdIClgEaEaIAQGYAQq4ARnIAQ_YAQHoAQH4AQKIAgGoAgO4ArL50rwGwAIB0gIkOGZlNzdlZTAtYjM2Ni00NjEwLWJjZDItYjc2NTUzNTkyZGM32AIF4AIB&sid=5ad11202ea9cc1c07c5ed8caaaf11387&aid=304142&ucfs=1&arphpl=1&checkin=2025-03-01&checkout=2025-03-08&dest_id=-390625&dest_type=city&group_adults=2&req_adults=2&no_rooms=1&group_children=0&req_children=0&hpos=9&hapos=733&sr_order=popularity&srpvid=a6ce4e38ac41034b&srepoch=1737803318&all_sr_blocks=1154435709_407012702_2_0_0&highlighted_blocks=1154435709_407012702_2_0_0&matching_block_id=1154435709_407012702_2_0_0&sr_pri_blocks=1154435709_407012702_2_0_0__160040&from=searchresults
Alhambra Suites,"Centro de Madrid, Madrid",https://www.booking.com/hotel/es/hostal-alhambra-suites.es.html?label=gen173nr-1FCAEoggI46AdIClgEaEaIAQGYAQq4ARnIAQ_YAQHoAQH4AQKIAgGoAgO4ArL50rwGwAIB0gIkOGZlNzdlZTAtYjM2Ni00NjEwLWJjZDItYjc2NTUzNTkyZGM32AIF4AIB&sid=5ad11202ea9cc1c07c5ed8caaaf11387&aid=304142&ucfs=1&arphpl=1&checkin=2025-03-01&checkout=2025-03-08&dest_id=-390625&dest_type=city&group_adults=2&req_adults=2&no_rooms=1&group_children=0&req_children=0&hpos=10&hapos=734&sr_order=popularity&srpvid=a6ce4e38ac41034b&srepoch=1737803318&all_sr_blocks=4974306_370341489_2_1_0&highlighted_blocks=4974306_370341489_2_1_0&matching_block_id=4974306_370341489_2_1_0&sr_pri_blocks=4974306_370341489_2_1_0__108000&from=searchresults
Petit Palace Tres Cruces,"Centro de Madrid, Madrid",https://www.booking.com/hotel/es/petit-palace-tres-cruces.es.html?label=gen173nr-1FCAEoggI46AdIClgEaEaIAQGYAQq4ARnIAQ_YAQHoAQH4AQKIAgGoAgO4ArL50rwGwAIB0gIkOGZlNzdlZTAtYjM2Ni00NjEwLWJjZDItYjc2NTUzNTkyZGM32AIF4AIB&sid=5ad11202ea9cc1c07c5ed8caaaf11387&aid=304142&ucfs=1&arphpl=1&checkin=2025-03-01&checkout=2025-03-08&dest_id=-390625&dest_type=city&group_adults=2&req_adults=2&no_rooms=1&group_children=0&req_children=0&hpos=11&hapos=735&sr_order=popularity&srpvid=a6ce4e38ac41034b&srepoch=1737803318&all_sr_blocks=9229801_0_2_0_0&highlighted_blocks=9229801_0_2_0_0&matching_block_id=9229801_0_2_0_0&sr_pri_blocks=9229801_0_2_0_0__149332&from=searchresults
"Stylish 3-Bedroom Apartment in the Heart of Barrio Salamanca Perfect for Shopping & Leisure, Castello IV","Salamanca, Madrid",https://www.booking.com/hotel/es/castello-iv.es.html?label=gen173nr-1FCAEoggI46AdIClgEaEaIAQGYAQq4ARnIAQ_YAQHoAQH4AQKIAgGoAgO4ArL50rwGwAIB0gIkOGZlNzdlZTAtYjM2Ni00NjEwLWJjZDItYjc2NTUzNTkyZGM32AIF4AIB&sid=5ad11202ea9cc1c07c5ed8caaaf11387&aid=304142&ucfs=1&arphpl=1&checkin=2025-03-01&checkout=2025-03-08&dest_id=-390625&dest_type=city&group_adults=2&req_adults=2&no_rooms=1&group_children=0&req_children=0&hpos=12&hapos=736&sr_order=popularity&srpvid=a6ce4e38ac41034b&srepoch=1737803318&all_sr_blocks=586964602_330606281_5_0_0&highlighted_blocks=586964602_330606281_5_0_0&matching_block_id=586964602_330606281_5_0_0&sr_pri_blocks=586964602_330606281_5_0_0__281808&from=searchresults
2 bedroom 2 bathroom furnished - Salamanca - bright & Stylish - MintyStay,"Salamanca, Madrid",https://www.booking.com/hotel/es/2-bedroom-2-bathroom-furnished-salamanca-bright-stylish-mintystay.es.html?label=gen173nr-1FCAEoggI46AdIClgEaEaIAQGYAQq4ARnIAQ_YAQHoAQH4AQKIAgGoAgO4ArL50rwGwAIB0gIkOGZlNzdlZTAtYjM2Ni00NjEwLWJjZDItYjc2NTUzNTkyZGM32AIF4AIB&sid=5ad11202ea9cc1c07c5ed8caaaf11387&aid=304142&ucfs=1&arphpl=1&checkin=2025-03-01&checkout=2025-03-08&dest_id=-390625&dest_type=city&group_adults=2&req_adults=2&no_rooms=1&group_children=0&req_children=0&hpos=13&hapos=737&sr_order=popularity&srpvid=a6ce4e38ac41034b&srepoch=1737803318&all_sr_blocks=673235202_385296482_4_0_0&highlighted_blocks=673235202_385296482_4_0_0&matching_block_id=673235202_385296482_4_0_0&sr_pri_blocks=673235202_385296482_4_0_0__205926&from=searchresults
Casa Faraona Luxury Residences,"Salamanca, Madrid",https://www.booking.com/hotel/es/casa-faraona.es.html?label=gen173nr-1FCAEoggI46AdIClgEaEaIAQGYAQq4ARnIAQ_YAQHoAQH4AQKIAgGoAgO4ArL50rwGwAIB0gIkOGZlNzdlZTAtYjM2Ni00NjEwLWJjZDItYjc2NTUzNTkyZGM32AIF4AIB&sid=5ad11202ea9cc1c07c5ed8caaaf11387&aid=304142&ucfs=1&arphpl=1&checkin=2025-03-01&checkout=2025-03-08&dest_id=-390625&dest_type=city&group_adults=2&req_adults=2&no_rooms=1&group_children=0&req_children=0&hpos=14&hapos=738&sr_order=popularity&srpvid=a6ce4e38ac41034b&srepoch=1737803318&all_sr_blocks=1174109302_389990990_2_1_0_739439&highlighted_blocks=1174109302_389990990_2_1_0_739439&matching_block_id=1174109302_389990990_2_1_0_739439&sr_pri_blocks=1174109302_389990990_2_1_0_739439_301644&from=searchresults
Heima Puerta del Sol - Palacio Real,"Centro de Madrid, Madrid",https://www.booking.com/hotel/es/apartment-teatro-real.es.html?label=gen173nr-1FCAEoggI46AdIClgEaEaIAQGYAQq4ARnIAQ_YAQHoAQH4AQKIAgGoAgO4ArL50rwGwAIB0gIkOGZlNzdlZTAtYjM2Ni00NjEwLWJjZDItYjc2NTUzNTkyZGM32AIF4AIB&sid=5ad11202ea9cc1c07c5ed8caaaf11387&aid=304142&ucfs=1&arphpl=1&checkin=2025-03-01&checkout=2025-03-08&dest_id=-390625&dest_type=city&group_adults=2&req_adults=2&no_rooms=1&group_children=0&req_children=0&hpos=15&hapos=739&sr_order=popularity&srpvid=a6ce4e38ac41034b&srepoch=1737803318&all_sr_blocks=169020102_187899181_7_0_0&highlighted_blocks=169020102_187899181_7_0_0&matching_block_id=169020102_187899181_7_0_0&sr_pri_blocks=169020102_187899181_7_0_0__665640&from=searchresults
Heima Puerta del Sol - Plaza Santa Ana,"Centro de Madrid, Madrid",https://www.booking.com/hotel/es/heima-home-prado.es.html?label=gen173nr-1FCAEoggI46AdIClgEaEaIAQGYAQq4ARnIAQ_YAQHoAQH4AQKIAgGoAgO4ArL50rwGwAIB0gIkOGZlNzdlZTAtYjM2Ni00NjEwLWJjZDItYjc2NTUzNTkyZGM32AIF4AIB&sid=5ad11202ea9cc1c07c5ed8caaaf11387&aid=304142&ucfs=1&arphpl=1&checkin=2025-03-01&checkout=2025-03-08&dest_id=-390625&dest_type=city&group_adults=2&req_adults=2&no_rooms=1&group_children=0&req_children=0&hpos=16&hapos=740&sr_order=popularity&srpvid=a6ce4e38ac41034b&srepoch=1737803318&all_sr_blocks=268883501_187899149_7_0_0&highlighted_blocks=268883501_187899149_7_0_0&matching_block_id=268883501_187899149_7_0_0&sr_pri_blocks=268883501_187899149_7_0_0__650934&from=searchresults
Preciosos apartamentos en el centro de Madrid,"Centro de Madrid, Madrid",https://www.booking.com/hotel/es/precioso-apartamento-en-el-centro-de-madrid-madrid.es.html?label=gen173nr-1FCAEoggI46AdIClgEaEaIAQGYAQq4ARnIAQ_YAQHoAQH4AQKIAgGoAgO4ArL50rwGwAIB0gIkOGZlNzdlZTAtYjM2Ni00NjEwLWJjZDItYjc2NTUzNTkyZGM32AIF4AIB&sid=5ad11202ea9cc1c07c5ed8caaaf11387&aid=304142&ucfs=1&arphpl=1&checkin=2025-03-01&checkout=2025-03-08&dest_id=-390625&dest_type=city&group_adults=2&req_adults=2&no_rooms=1&group_children=0&req_children=0&hpos=17&hapos=741&sr_order=popularity&srpvid=a6ce4e38ac41034b&srepoch=1737803318&all_sr_blocks=741232207_364450496_0_0_0&highlighted_blocks=741232207_364450496_0_0_0&matching_block_id=741232207_364450496_0_0_0&sr_pri_blocks=741232207_364450496_0_0_0__238900&from=searchresults
Studios Solmayor,"Centro de Madrid, Madrid",https://www.booking.com/hotel/es/studios-solmayor.es.html?label=gen173nr-1FCAEoggI46AdIClgEaEaIAQGYAQq4ARnIAQ_YAQHoAQH4AQKIAgGoAgO4ArL50rwGwAIB0gIkOGZlNzdlZTAtYjM2Ni00NjEwLWJjZDItYjc2NTUzNTkyZGM32AIF4AIB&sid=5ad11202ea9cc1c07c5ed8caaaf11387&aid=304142&ucfs=1&arphpl=1&checkin=2025-03-01&checkout=2025-03-08&dest_id=-390625&dest_type=city&group_adults=2&req_adults=2&no_rooms=1&group_children=0&req_children=0&hpos=18&hapos=742&sr_order=popularity&srpvid=a6ce4e38ac41034b&srepoch=1737803318&all_sr_blocks=207067303_362660640_0_0_0&highlighted_blocks=207067303_362660640_0_0_0&matching_block_id=207067303_362660640_0_0_0&sr_pri_blocks=207067303_362660640_0_0_0__193461&from=searchresults
Brach Madrid - Evok Collection,"Centro de Madrid, Madrid",https://www.booking.com/hotel/es/brach-madrid-evok-collection.es.html?label=gen173nr-1FCAEoggI46AdIClgEaEaIAQGYAQq4ARnIAQ_YAQHoAQH4AQKIAgGoAgO4ArL50rwGwAIB0gIkOGZlNzdlZTAtYjM2Ni00NjEwLWJjZDItYjc2NTUzNTkyZGM32AIF4AIB&sid=5ad11202ea9cc1c07c5ed8caaaf11387&aid=304142&ucfs=1&arphpl=1&checkin=2025-03-01&checkout=2025-03-08&dest_id=-390625&dest_type=city&group_adults=2&req_adults=2&no_rooms=1&group_children=0&req_children=0&hpos=19&hapos=743&sr_order=popularity&srpvid=a6ce4e38ac41034b&srepoch=1737803318&all_sr_blocks=1142864001_387116054_2_42_0_255719&highlighted_blocks=1142864001_387116054_2_42_0_255719&matching_block_id=1142864001_387116054_2_42_0_255719&sr_pri_blocks=1142864001_387116054_2_42_0_255719_446000&from=searchresults
Torreon Sol Apartment,"Centro de Madrid, Madrid",https://www.booking.com/hotel/es/torreon-sol-apartment.es.html?label=gen173nr-1FCAEoggI46AdIClgEaEaIAQGYAQq4ARnIAQ_YAQHoAQH4AQKIAgGoAgO4ArL50rwGwAIB0gIkOGZlNzdlZTAtYjM2Ni00NjEwLWJjZDItYjc2NTUzNTkyZGM32AIF4AIB&sid=5ad11202ea9cc1c07c5ed8caaaf11387&aid=304142&ucfs=1&arphpl=1&checkin=2025-03-01&checkout=2025-03-08&dest_id=-390625&dest_type=city&group_adults=2&req_adults=2&no_rooms=1&group_children=0&req_children=0&hpos=20&hapos=744&sr_order=popularity&srpvid=a6ce4e38ac41034b&srepoch=1737803318&all_sr_blocks=150470102_378345941_4_0_0&highlighted_blocks=150470102_378345941_4_0_0&matching_block_id=150470102_378345941_4_0_0&sr_pri_blocks=150470102_378345941_4_0_0__199513&from=searchresults
MyHouseSpain - Great apartment 6 PAX MADRID CITY CENTER,"Centro de Madrid, Madrid",https://www.booking.com/hotel/es/great-apartment-6-pax-madrid-city-center.es.html?label=gen173nr-1FCAEoggI46AdIClgEaEaIAQGYAQq4ARnIAQ_YAQHoAQH4AQKIAgGoAgO4ArL50rwGwAIB0gIkOGZlNzdlZTAtYjM2Ni00NjEwLWJjZDItYjc2NTUzNTkyZGM32AIF4AIB&sid=5ad11202ea9cc1c07c5ed8caaaf11387&aid=304142&ucfs=1&arphpl=1&checkin=2025-03-01&checkout=2025-03-08&dest_id=-390625&dest_type=city&group_adults=2&req_adults=2&no_rooms=1&group_children=0&req_children=0&hpos=21&hapos=745&sr_order=popularity&srpvid=a6ce4e38ac41034b&srepoch=1737803318&all_sr_blocks=657168101_368905332_0_0_0&highlighted_blocks=657168101_368905332_0_0_0&matching_block_id=657168101_368905332_0_0_0&sr_pri_blocks=657168101_368905332_0_0_0__97093&from=searchresults
Acogedor y moderno - 1Dormitorio 1Baño - Imperial,"Centro de Madrid, Madrid",https://www.booking.com/hotel/es/apartamento-nuria-y-javier.es.html?label=gen173nr-1FCAEoggI46AdIClgEaEaIAQGYAQq4ARnIAQ_YAQHoAQH4AQKIAgGoAgO4ArL50rwGwAIB0gIkOGZlNzdlZTAtYjM2Ni00NjEwLWJjZDItYjc2NTUzNTkyZGM32AIF4AIB&sid=5ad11202ea9cc1c07c5ed8caaaf11387&aid=304142&ucfs=1&arphpl=1&checkin=2025-03-01&checkout=2025-03-08&dest_id=-390625&dest_type=city&group_adults=2&req_adults=2&no_rooms=1&group_children=0&req_children=0&hpos=22&hapos=746&sr_order=popularity&srpvid=a6ce4e38ac41034b&srepoch=1737803318&all_sr_blocks=220292001_333029640_2_0_0&highlighted_blocks=220292001_333029640_2_0_0&matching_block_id=220292001_333029640_2_0_0&sr_pri_blocks=220292001_333029640_2_0_0__89958&from=searchresults
2 bedrooms 1 bathroom furnished - Lavapies - Modern Cozy - MintyStay,"Centro de Madrid, Madrid",https://www.booking.com/hotel/es/2-bedrooms-1-bathroom-furnished-lavapies-modern-cozy-mintystay.es.html?label=gen173nr-1FCAEoggI46AdIClgEaEaIAQGYAQq4ARnIAQ_YAQHoAQH4AQKIAgGoAgO4ArL50rwGwAIB0gIkOGZlNzdlZTAtYjM2Ni00NjEwLWJjZDItYjc2NTUzNTkyZGM32AIF4AIB&sid=5ad11202ea9cc1c07c5ed8caaaf11387&aid=304142&ucfs=1&arphpl=1&checkin=2025-03-01&checkout=2025-03-08&dest_id=-390625&dest_type=city&group_adults=2&req_adults=2&no_rooms=1&group_children=0&req_children=0&hpos=23&hapos=747&sr_order=popularity&srpvid=a6ce4e38ac41034b&srepoch=1737803318&all_sr_blocks=1171680102_390135783_4_0_0&highlighted_blocks=1171680102_390135783_4_0_0&matching_block_id=1171680102_390135783_4_0_0&sr_pri_blocks=1171680102_390135783_4_0_0__147983&from=searchresults
Antonio Lopez en Madrid,"Carabanchel, Madrid",https://www.booking.com/hotel/es/mit-house-antonio-lopez-en-madrid.es.html?label=gen173nr-1FCAEoggI46AdIClgEaEaIAQGYAQq4ARnIAQ_YAQHoAQH4AQKIAgGoAgO4ArL50rwGwAIB0gIkOGZlNzdlZTAtYjM2Ni00NjEwLWJjZDItYjc2NTUzNTkyZGM32AIF4AIB&sid=5ad11202ea9cc1c07c5ed8caaaf11387&aid=304142&ucfs=1&arphpl=1&checkin=2025-03-01&checkout=2025-03-08&dest_id=-390625&dest_type=city&group_adults=2&req_adults=2&no_rooms=1&group_children=0&req_children=0&hpos=24&hapos=748&sr_order=popularity&srpvid=a6ce4e38ac41034b&srepoch=1737803318&all_sr_blocks=801792210_349491930_4_0_0&highlighted_blocks=801792210_349491930_4_0_0&matching_block_id=801792210_349491930_4_0_0&sr_pri_blocks=801792210_349491930_4_0_0__110318&from=searchresults
Studio en el centro de Madrid,"Centro de Madrid, Madrid",https://www.booking.com/hotel/es/studio-en-el-centro-de-madrid.es.html?label=gen173nr-1FCAEoggI46AdIClgEaEaIAQGYAQq4ARnIAQ_YAQHoAQH4AQKIAgGoAgO4ArL50rwGwAIB0gIkOGZlNzdlZTAtYjM2Ni00NjEwLWJjZDItYjc2NTUzNTkyZGM32AIF4AIB&sid=5ad11202ea9cc1c07c5ed8caaaf11387&aid=304142&ucfs=1&arphpl=1&checkin=2025-03-01&checkout=2025-03-08&dest_id=-390625&dest_type=city&group_adults=2&req_adults=2&no_rooms=1&group_children=0&req_children=0&hpos=25&hapos=749&sr_order=popularity&srpvid=a6ce4e38ac41034b&srepoch=1737803318&all_sr_blocks=1262896201_402238540_2_0_0&highlighted_blocks=1262896201_402238540_2_0_0&matching_block_id=1262896201_402238540_2_0_0&sr_pri_blocks=1262896201_402238540_2_0_0__104837&from=searchresults
Charming La Elipa II - Amplio apartamento para 6,"Ciudad Lineal, Madrid",https://www.booking.com/hotel/es/charming-la-elipa-ii-amplio-apartamento-para-6.es.html?label=gen173nr-1FCAEoggI46AdIClgEaEaIAQGYAQq4ARnIAQ_YAQHoAQH4AQKIAgGoAgO4ArL50rwGwAIB0gIkOGZlNzdlZTAtYjM2Ni00NjEwLWJjZDItYjc2NTUzNTkyZGM32AIF4AIB&sid=5ad11202ea9cc1c07c5ed8caaaf11387&aid=304142&ucfs=1&arphpl=1&checkin=2025-03-01&checkout=2025-03-08&dest_id=-390625&dest_type=city&group_adults=2&req_adults=2&no_rooms=1&group_children=0&req_children=0&hpos=1&hapos=750&sr_order=popularity&srpvid=a6ce4e38ac41034b&srepoch=1737803321&all_sr_blocks=1329429201_405497485_2_0_0&highlighted_blocks=1329429201_405497485_2_0_0&matching_block_id=1329429201_405497485_2_0_0&sr_pri_blocks=1329429201_405497485_2_0_0__86814&from=searchresults
Heima Serrano Penthouse,"Salamanca, Madrid",https://www.booking.com/hotel/es/heimas-serrano-premium-penthouse.es.html?label=gen173nr-1FCAEoggI46AdIClgEaEaIAQGYAQq4ARnIAQ_YAQHoAQH4AQKIAgGoAgO4ArL50rwGwAIB0gIkOGZlNzdlZTAtYjM2Ni00NjEwLWJjZDItYjc2NTUzNTkyZGM32AIF4AIB&sid=5ad11202ea9cc1c07c5ed8caaaf11387&aid=304142&ucfs=1&arphpl=1&checkin=2025-03-01&checkout=2025-03-08&dest_id=-390625&dest_type=city&group_adults=2&req_adults=2&no_rooms=1&group_children=0&req_children=0&hpos=2&hapos=751&sr_order=popularity&srpvid=a6ce4e38ac41034b&srepoch=1737803321&all_sr_blocks=212348701_187899171_8_0_0&highlighted_blocks=212348701_187899171_8_0_0&matching_block_id=212348701_187899171_8_0_0&sr_pri_blocks=212348701_187899171_8_0_0__828347&from=searchresults
Hostal Jemasaca-Palma61,"Centro de Madrid, Madrid",https://www.booking.com/hotel/es/hostal-jemasaca-palma61.es.html?label=gen173nr-1FCAEoggI46AdIClgEaEaIAQGYAQq4ARnIAQ_YAQHoAQH4AQKIAgGoAgO4ArL50rwGwAIB0gIkOGZlNzdlZTAtYjM2Ni00NjEwLWJjZDItYjc2NTUzNTkyZGM32AIF4AIB&sid=5ad11202ea9cc1c07c5ed8caaaf11387&aid=304142&ucfs=1&arphpl=1&checkin=2025-03-01&checkout=2025-03-08&dest_id=-390625&dest_type=city&group_adults=2&req_adults=2&no_rooms=1&group_children=0&req_children=0&hpos=3&hapos=752&sr_order=popularity&srpvid=a6ce4e38ac41034b&srepoch=1737803321&all_sr_blocks=28088810_91917876_0_2_0&highlighted_blocks=28088810_91917876_0_2_0&matching_block_id=28088810_91917876_0_2_0&sr_pri_blocks=28088810_91917876_0_2_0__63675&from=searchresults
Dobo Homes - GC21,"Tetuán, Madrid",https://www.booking.com/hotel/es/dobohomes-general-cabrera-21.es.html?label=gen173nr-1FCAEoggI46AdIClgEaEaIAQGYAQq4ARnIAQ_YAQHoAQH4AQKIAgGoAgO4ArL50rwGwAIB0gIkOGZlNzdlZTAtYjM2Ni00NjEwLWJjZDItYjc2NTUzNTkyZGM32AIF4AIB&sid=5ad11202ea9cc1c07c5ed8caaaf11387&aid=304142&ucfs=1&arphpl=1&checkin=2025-03-01&checkout=2025-03-08&dest_id=-390625&dest_type=city&group_adults=2&req_adults=2&no_rooms=1&group_children=0&req_children=0&hpos=4&hapos=753&sr_order=popularity&srpvid=a6ce4e38ac41034b&srepoch=1737803321&all_sr_blocks=972835101_369681223_2_0_0&highlighted_blocks=972835101_369681223_2_0_0&matching_block_id=972835101_369681223_2_0_0&sr_pri_blocks=972835101_369681223_2_0_0__81002&from=searchresults
#10OCA6 - Apartamento en Vista Alegre,"Carabanchel, Madrid",https://www.booking.com/hotel/es/apartamento-en-vista-alegre.es.html?label=gen173nr-1FCAEoggI46AdIClgEaEaIAQGYAQq4ARnIAQ_YAQHoAQH4AQKIAgGoAgO4ArL50rwGwAIB0gIkOGZlNzdlZTAtYjM2Ni00NjEwLWJjZDItYjc2NTUzNTkyZGM32AIF4AIB&sid=5ad11202ea9cc1c07c5ed8caaaf11387&aid=304142&ucfs=1&arphpl=1&checkin=2025-03-01&checkout=2025-03-08&dest_id=-390625&dest_type=city&group_adults=2&req_adults=2&no_rooms=1&group_children=0&req_children=0&hpos=5&hapos=754&sr_order=popularity&srpvid=a6ce4e38ac41034b&srepoch=1737803321&all_sr_blocks=1173518801_389890123_2_0_0&highlighted_blocks=1173518801_389890123_2_0_0&matching_block_id=1173518801_389890123_2_0_0&sr_pri_blocks=1173518801_389890123_2_0_0__87666&from=searchresults
Parsa Residencial House,"Centro de Madrid, Madrid",https://www.booking.com/hotel/es/parsa-residencial-house.es.html?label=gen173nr-1FCAEoggI46AdIClgEaEaIAQGYAQq4ARnIAQ_YAQHoAQH4AQKIAgGoAgO4ArL50rwGwAIB0gIkOGZlNzdlZTAtYjM2Ni00NjEwLWJjZDItYjc2NTUzNTkyZGM32AIF4AIB&sid=5ad11202ea9cc1c07c5ed8caaaf11387&aid=304142&ucfs=1&arphpl=1&checkin=2025-03-01&checkout=2025-03-08&dest_id=-390625&dest_type=city&group_adults=2&req_adults=2&no_rooms=1&group_children=0&req_children=0&hpos=6&hapos=755&sr_order=popularity&srpvid=a6ce4e38ac41034b&srepoch=1737803321&all_sr_blocks=1146715201_392545095_3_0_0&highlighted_blocks=1146715201_392545095_3_0_0&matching_block_id=1146715201_392545095_3_0_0&sr_pri_blocks=1146715201_392545095_3_0_0__63695&from=searchresults
FANTÁSTICO APARTAMENTO MADRID RIÓ-PUERTA DEL ÁNGEL,"Latina, Madrid",https://www.booking.com/hotel/es/fantastico-apartamento-madrid-rio-puerta-del-angel.es.html?label=gen173nr-1FCAEoggI46AdIClgEaEaIAQGYAQq4ARnIAQ_YAQHoAQH4AQKIAgGoAgO4ArL50rwGwAIB0gIkOGZlNzdlZTAtYjM2Ni00NjEwLWJjZDItYjc2NTUzNTkyZGM32AIF4AIB&sid=5ad11202ea9cc1c07c5ed8caaaf11387&aid=304142&ucfs=1&arphpl=1&checkin=2025-03-01&checkout=2025-03-08&dest_id=-390625&dest_type=city&group_adults=2&req_adults=2&no_rooms=1&group_children=0&req_children=0&hpos=7&hapos=756&sr_order=popularity&srpvid=a6ce4e38ac41034b&srepoch=1737803321&all_sr_blocks=894563301_359943259_4_0_0&highlighted_blocks=894563301_359943259_4_0_0&matching_block_id=894563301_359943259_4_0_0&sr_pri_blocks=894563301_359943259_4_0_0__145455&from=searchresults
GuestReady - Confy Retreat in Madrid,"Arganzuela, Madrid",https://www.booking.com/hotel/es/guestready-cosy-retreat-in-madrid.es.html?label=gen173nr-1FCAEoggI46AdIClgEaEaIAQGYAQq4ARnIAQ_YAQHoAQH4AQKIAgGoAgO4ArL50rwGwAIB0gIkOGZlNzdlZTAtYjM2Ni00NjEwLWJjZDItYjc2NTUzNTkyZGM32AIF4AIB&sid=5ad11202ea9cc1c07c5ed8caaaf11387&aid=304142&ucfs=1&arphpl=1&checkin=2025-03-01&checkout=2025-03-08&dest_id=-390625&dest_type=city&group_adults=2&req_adults=2&no_rooms=1&group_children=0&req_children=0&hpos=8&hapos=757&sr_order=popularity&srpvid=a6ce4e38ac41034b&srepoch=1737803321&all_sr_blocks=1166605201_399625216_2_0_0&highlighted_blocks=1166605201_399625216_2_0_0&matching_block_id=1166605201_399625216_2_0_0&sr_pri_blocks=1166605201_399625216_2_0_0__111283&from=searchresults
Modern Apartment I in Madrid,"Centro de Madrid, Madrid",https://www.booking.com/hotel/es/apartamento-moderno-i.es.html?label=gen173nr-1FCAEoggI46AdIClgEaEaIAQGYAQq4ARnIAQ_YAQHoAQH4AQKIAgGoAgO4ArL50rwGwAIB0gIkOGZlNzdlZTAtYjM2Ni00NjEwLWJjZDItYjc2NTUzNTkyZGM32AIF4AIB&sid=5ad11202ea9cc1c07c5ed8caaaf11387&aid=304142&ucfs=1&arphpl=1&checkin=2025-03-01&checkout=2025-03-08&dest_id=-390625&dest_type=city&group_adults=2&req_adults=2&no_rooms=1&group_children=0&req_children=0&hpos=9&hapos=758&sr_order=popularity&srpvid=a6ce4e38ac41034b&srepoch=1737803321&all_sr_blocks=1239749201_395911816_4_0_0&highlighted_blocks=1239749201_395911816_4_0_0&matching_block_id=1239749201_395911816_4_0_0&sr_pri_blocks=1239749201_395911816_4_0_0__108067&from=searchresults
Luxury Apartment in Moncloa-Aravaca,"Moncloa - Aravaca, Madrid",https://www.booking.com/hotel/es/deluxe-5-bedroom-apartment-in-la-florida-aravaca.es.html?label=gen173nr-1FCAEoggI46AdIClgEaEaIAQGYAQq4ARnIAQ_YAQHoAQH4AQKIAgGoAgO4ArL50rwGwAIB0gIkOGZlNzdlZTAtYjM2Ni00NjEwLWJjZDItYjc2NTUzNTkyZGM32AIF4AIB&sid=5ad11202ea9cc1c07c5ed8caaaf11387&aid=304142&ucfs=1&arphpl=1&checkin=2025-03-01&checkout=2025-03-08&dest_id=-390625&dest_type=city&group_adults=2&req_adults=2&no_rooms=1&group_children=0&req_children=0&hpos=10&hapos=759&sr_order=popularity&srpvid=a6ce4e38ac41034b&srepoch=1737803321&all_sr_blocks=580888802_225834841_4_0_0&highlighted_blocks=580888802_225834841_4_0_0&matching_block_id=580888802_225834841_4_0_0&sr_pri_blocks=580888802_225834841_4_0_0__206127&from=searchresults
Piso Madrid Pacifico M-30,"Puente de Vallecas, Madrid",https://www.booking.com/hotel/es/piso-madrid-pacifico-m-30.es.html?label=gen173nr-1FCAEoggI46AdIClgEaEaIAQGYAQq4ARnIAQ_YAQHoAQH4AQKIAgGoAgO4ArL50rwGwAIB0gIkOGZlNzdlZTAtYjM2Ni00NjEwLWJjZDItYjc2NTUzNTkyZGM32AIF4AIB&sid=5ad11202ea9cc1c07c5ed8caaaf11387&aid=304142&ucfs=1&arphpl=1&checkin=2025-03-01&checkout=2025-03-08&dest_id=-390625&dest_type=city&group_adults=2&req_adults=2&no_rooms=1&group_children=0&req_children=0&hpos=11&hapos=760&sr_order=popularity&srpvid=a6ce4e38ac41034b&srepoch=1737803321&all_sr_blocks=642434001_266430431_8_0_0&highlighted_blocks=642434001_266430431_8_0_0&matching_block_id=642434001_266430431_8_0_0&sr_pri_blocks=642434001_266430431_8_0_0__114660&from=searchresults
Bernabeu Place en Madrid,"Chamartín, Madrid",https://www.booking.com/hotel/es/mit-house-bernabeu-place-en-madrid.es.html?label=gen173nr-1FCAEoggI46AdIClgEaEaIAQGYAQq4ARnIAQ_YAQHoAQH4AQKIAgGoAgO4ArL50rwGwAIB0gIkOGZlNzdlZTAtYjM2Ni00NjEwLWJjZDItYjc2NTUzNTkyZGM32AIF4AIB&sid=5ad11202ea9cc1c07c5ed8caaaf11387&aid=304142&ucfs=1&arphpl=1&checkin=2025-03-01&checkout=2025-03-08&dest_id=-390625&dest_type=city&group_adults=2&req_adults=2&no_rooms=1&group_children=0&req_children=0&hpos=12&hapos=761&sr_order=popularity&srpvid=a6ce4e38ac41034b&srepoch=1737803321&all_sr_blocks=1175692312_390110016_2_0_0&highlighted_blocks=1175692312_390110016_2_0_0&matching_block_id=1175692312_390110016_2_0_0&sr_pri_blocks=1175692312_390110016_2_0_0__103747&from=searchresults
Modern apartment-2Bedrooms 1Bath-Cuatro Caminos,"Tetuán, Madrid",https://www.booking.com/hotel/es/modern-apartment-2bedrooms-1bath-cuatro-caminos.es.html?label=gen173nr-1FCAEoggI46AdIClgEaEaIAQGYAQq4ARnIAQ_YAQHoAQH4AQKIAgGoAgO4ArL50rwGwAIB0gIkOGZlNzdlZTAtYjM2Ni00NjEwLWJjZDItYjc2NTUzNTkyZGM32AIF4AIB&sid=5ad11202ea9cc1c07c5ed8caaaf11387&aid=304142&ucfs=1&arphpl=1&checkin=2025-03-01&checkout=2025-03-08&dest_id=-390625&dest_type=city&group_adults=2&req_adults=2&no_rooms=1&group_children=0&req_children=0&hpos=13&hapos=762&sr_order=popularity&srpvid=a6ce4e38ac41034b&srepoch=1737803321&all_sr_blocks=1198226002_392490057_4_0_0&highlighted_blocks=1198226002_392490057_4_0_0&matching_block_id=1198226002_392490057_4_0_0&sr_pri_blocks=1198226002_392490057_4_0_0__134638&from=searchresults
Modern Cozy -2Bedrooms 1Bathroom-Delicias,"Arganzuela, Madrid",https://www.booking.com/hotel/es/modern-cozy-2bedrooms-1bathroom-delicias-madrid.es.html?label=gen173nr-1FCAEoggI46AdIClgEaEaIAQGYAQq4ARnIAQ_YAQHoAQH4AQKIAgGoAgO4ArL50rwGwAIB0gIkOGZlNzdlZTAtYjM2Ni00NjEwLWJjZDItYjc2NTUzNTkyZGM32AIF4AIB&sid=5ad11202ea9cc1c07c5ed8caaaf11387&aid=304142&ucfs=1&arphpl=1&checkin=2025-03-01&checkout=2025-03-08&dest_id=-390625&dest_type=city&group_adults=2&req_adults=2&no_rooms=1&group_children=0&req_children=0&hpos=14&hapos=763&sr_order=popularity&srpvid=a6ce4e38ac41034b&srepoch=1737803321&all_sr_blocks=1277555302_401150427_5_0_0&highlighted_blocks=1277555302_401150427_5_0_0&matching_block_id=1277555302_401150427_5_0_0&sr_pri_blocks=1277555302_401150427_5_0_0__124003&from=searchresults
Ensanche Apartments,"Villa de Vallecas, Madrid",https://www.booking.com/hotel/es/ensanche-apartments.es.html?label=gen173nr-1FCAEoggI46AdIClgEaEaIAQGYAQq4ARnIAQ_YAQHoAQH4AQKIAgGoAgO4ArL50rwGwAIB0gIkOGZlNzdlZTAtYjM2Ni00NjEwLWJjZDItYjc2NTUzNTkyZGM32AIF4AIB&sid=5ad11202ea9cc1c07c5ed8caaaf11387&aid=304142&ucfs=1&arphpl=1&checkin=2025-03-01&checkout=2025-03-08&dest_id=-390625&dest_type=city&group_adults=2&req_adults=2&no_rooms=1&group_children=0&req_children=0&hpos=15&hapos=764&sr_order=popularity&srpvid=a6ce4e38ac41034b&srepoch=1737803321&all_sr_blocks=979186501_380529931_2_0_0&highlighted_blocks=979186501_380529931_2_0_0&matching_block_id=979186501_380529931_2_0_0&sr_pri_blocks=979186501_380529931_2_0_0__59454&from=searchresults
Dobo Homes - RM21,"Retiro, Madrid",https://www.booking.com/hotel/es/dobohomes-reyes-magos.es.html?label=gen173nr-1FCAEoggI46AdIClgEaEaIAQGYAQq4ARnIAQ_YAQHoAQH4AQKIAgGoAgO4ArL50rwGwAIB0gIkOGZlNzdlZTAtYjM2Ni00NjEwLWJjZDItYjc2NTUzNTkyZGM32AIF4AIB&sid=5ad11202ea9cc1c07c5ed8caaaf11387&aid=304142&ucfs=1&arphpl=1&checkin=2025-03-01&checkout=2025-03-08&dest_id=-390625&dest_type=city&group_adults=2&req_adults=2&no_rooms=1&group_children=0&req_children=0&hpos=16&hapos=765&sr_order=popularity&srpvid=a6ce4e38ac41034b&srepoch=1737803321&all_sr_blocks=1212448802_393507809_2_0_0&highlighted_blocks=1212448802_393507809_2_0_0&matching_block_id=1212448802_393507809_2_0_0&sr_pri_blocks=1212448802_393507809_2_0_0__135391&from=searchresults
Petit Palace Preciados,"Centro de Madrid, Madrid",https://www.booking.com/hotel/es/londres.es.html?label=gen173nr-1FCAEoggI46AdIClgEaEaIAQGYAQq4ARnIAQ_YAQHoAQH4AQKIAgGoAgO4ArL50rwGwAIB0gIkOGZlNzdlZTAtYjM2Ni00NjEwLWJjZDItYjc2NTUzNTkyZGM32AIF4AIB&sid=5ad11202ea9cc1c07c5ed8caaaf11387&aid=304142&ucfs=1&arphpl=1&checkin=2025-03-01&checkout=2025-03-08&dest_id=-390625&dest_type=city&group_adults=2&req_adults=2&no_rooms=1&group_children=0&req_children=0&hpos=17&hapos=766&sr_order=popularity&srpvid=a6ce4e38ac41034b&srepoch=1737803321&all_sr_blocks=9003506_0_2_1_0&highlighted_blocks=9003506_0_2_1_0&matching_block_id=9003506_0_2_1_0&sr_pri_blocks=9003506_0_2_1_0__144353&from=searchresults
"Estudio cerca de Metropolitano, Aeropuerto y IFEMA","San Blas, Madrid",https://www.booking.com/hotel/es/estudio-cerca-de-metropolitano-aeropuerto-y-ifema.es.html?label=gen173nr-1FCAEoggI46AdIClgEaEaIAQGYAQq4ARnIAQ_YAQHoAQH4AQKIAgGoAgO4ArL50rwGwAIB0gIkOGZlNzdlZTAtYjM2Ni00NjEwLWJjZDItYjc2NTUzNTkyZGM32AIF4AIB&sid=5ad11202ea9cc1c07c5ed8caaaf11387&aid=304142&ucfs=1&arphpl=1&checkin=2025-03-01&checkout=2025-03-08&dest_id=-390625&dest_type=city&group_adults=2&req_adults=2&no_rooms=1&group_children=0&req_children=0&hpos=18&hapos=767&sr_order=popularity&srpvid=a6ce4e38ac41034b&srepoch=1737803321&all_sr_blocks=1312918001_404893418_2_0_0&highlighted_blocks=1312918001_404893418_2_0_0&matching_block_id=1312918001_404893418_2_0_0&sr_pri_blocks=1312918001_404893418_2_0_0__69615&from=searchresults
Almagro Apartments,"Chamberí, Madrid",https://www.booking.com/hotel/es/alonso-martinez-apartments.es.html?label=gen173nr-1FCAEoggI46AdIClgEaEaIAQGYAQq4ARnIAQ_YAQHoAQH4AQKIAgGoAgO4ArL50rwGwAIB0gIkOGZlNzdlZTAtYjM2Ni00NjEwLWJjZDItYjc2NTUzNTkyZGM32AIF4AIB&sid=5ad11202ea9cc1c07c5ed8caaaf11387&aid=304142&ucfs=1&arphpl=1&checkin=2025-03-01&checkout=2025-03-08&dest_id=-390625&dest_type=city&group_adults=2&req_adults=2&no_rooms=1&group_children=0&req_children=0&hpos=19&hapos=768&sr_order=popularity&srpvid=a6ce4e38ac41034b&srepoch=1737803321&all_sr_blocks=1034779701_376057372_4_0_0&highlighted_blocks=1034779701_376057372_4_0_0&matching_block_id=1034779701_376057372_4_0_0&sr_pri_blocks=1034779701_376057372_4_0_0__108811&from=searchresults
Colón Vistas,"Centro de Madrid, Madrid",https://www.booking.com/hotel/es/colon-vistas.es.html?label=gen173nr-1FCAEoggI46AdIClgEaEaIAQGYAQq4ARnIAQ_YAQHoAQH4AQKIAgGoAgO4ArL50rwGwAIB0gIkOGZlNzdlZTAtYjM2Ni00NjEwLWJjZDItYjc2NTUzNTkyZGM32AIF4AIB&sid=5ad11202ea9cc1c07c5ed8caaaf11387&aid=304142&ucfs=1&arphpl=1&checkin=2025-03-01&checkout=2025-03-08&dest_id=-390625&dest_type=city&group_adults=2&req_adults=2&no_rooms=1&group_children=0&req_children=0&hpos=20&hapos=769&sr_order=popularity&srpvid=a6ce4e38ac41034b&srepoch=1737803321&all_sr_blocks=1079918001_380584373_4_0_0&highlighted_blocks=1079918001_380584373_4_0_0&matching_block_id=1079918001_380584373_4_0_0&sr_pri_blocks=1079918001_380584373_4_0_0__120979&from=searchresults
Charming Río Manzanares,"Usera, Madrid",https://www.booking.com/hotel/es/charming-almendrales.es.html?label=gen173nr-1FCAEoggI46AdIClgEaEaIAQGYAQq4ARnIAQ_YAQHoAQH4AQKIAgGoAgO4ArL50rwGwAIB0gIkOGZlNzdlZTAtYjM2Ni00NjEwLWJjZDItYjc2NTUzNTkyZGM32AIF4AIB&sid=5ad11202ea9cc1c07c5ed8caaaf11387&aid=304142&ucfs=1&arphpl=1&checkin=2025-03-01&checkout=2025-03-08&dest_id=-390625&dest_type=city&group_adults=2&req_adults=2&no_rooms=1&group_children=0&req_children=0&hpos=21&hapos=770&sr_order=popularity&srpvid=a6ce4e38ac41034b&srepoch=1737803321&all_sr_blocks=1254677901_397983532_2_0_0&highlighted_blocks=1254677901_397983532_2_0_0&matching_block_id=1254677901_397983532_2_0_0&sr_pri_blocks=1254677901_397983532_2_0_0__61164&from=searchresults
La Gata Madrid,"Latina, Madrid",https://www.booking.com/hotel/es/la-gata-madrid.es.html?label=gen173nr-1FCAEoggI46AdIClgEaEaIAQGYAQq4ARnIAQ_YAQHoAQH4AQKIAgGoAgO4ArL50rwGwAIB0gIkOGZlNzdlZTAtYjM2Ni00NjEwLWJjZDItYjc2NTUzNTkyZGM32AIF4AIB&sid=5ad11202ea9cc1c07c5ed8caaaf11387&aid=304142&ucfs=1&arphpl=1&checkin=2025-03-01&checkout=2025-03-08&dest_id=-390625&dest_type=city&group_adults=2&req_adults=2&no_rooms=1&group_children=0&req_children=0&hpos=22&hapos=771&sr_order=popularity&srpvid=a6ce4e38ac41034b&srepoch=1737803321&all_sr_blocks=240719601_236047736_2_0_0&highlighted_blocks=240719601_236047736_2_0_0&matching_block_id=240719601_236047736_2_0_0&sr_pri_blocks=240719601_236047736_2_0_0__103240&from=searchresults
El Hostall,"Centro de Madrid, Madrid",https://www.booking.com/hotel/es/el-hostall-madrid.es.html?label=gen173nr-1FCAEoggI46AdIClgEaEaIAQGYAQq4ARnIAQ_YAQHoAQH4AQKIAgGoAgO4ArL50rwGwAIB0gIkOGZlNzdlZTAtYjM2Ni00NjEwLWJjZDItYjc2NTUzNTkyZGM32AIF4AIB&sid=5ad11202ea9cc1c07c5ed8caaaf11387&aid=304142&ucfs=1&arphpl=1&checkin=2025-03-01&checkout=2025-03-08&dest_id=-390625&dest_type=city&group_adults=2&req_adults=2&no_rooms=1&group_children=0&req_children=0&hpos=23&hapos=772&sr_order=popularity&srpvid=a6ce4e38ac41034b&srepoch=1737803321&all_sr_blocks=132511001_89056063_2_0_0&highlighted_blocks=132511001_89056063_2_0_0&matching_block_id=132511001_89056063_2_0_0&sr_pri_blocks=132511001_89056063_2_0_0__89500&from=searchresults
AP Edificio Embajadores -No Ascensor-,"Arganzuela, Madrid",https://www.booking.com/hotel/es/amazinn-places-embajadores-6c.es.html?label=gen173nr-1FCAEoggI46AdIClgEaEaIAQGYAQq4ARnIAQ_YAQHoAQH4AQKIAgGoAgO4ArL50rwGwAIB0gIkOGZlNzdlZTAtYjM2Ni00NjEwLWJjZDItYjc2NTUzNTkyZGM32AIF4AIB&sid=5ad11202ea9cc1c07c5ed8caaaf11387&aid=304142&ucfs=1&arphpl=1&checkin=2025-03-01&checkout=2025-03-08&dest_id=-390625&dest_type=city&group_adults=2&req_adults=2&no_rooms=1&group_children=0&req_children=0&hpos=24&hapos=773&sr_order=popularity&srpvid=a6ce4e38ac41034b&srepoch=1737803321&all_sr_blocks=912791404_362645292_2_0_0_636057&highlighted_blocks=912791404_362645292_2_0_0_636057&matching_block_id=912791404_362645292_2_0_0_636057&sr_pri_blocks=912791404_362645292_2_0_0_636057_91537&from=searchresults
"Accessible 2-Single Bed Apartment in Chamberí Adapted Bathroom, Quevedo III","Chamberí, Madrid",https://www.booking.com/hotel/es/2-single-beds-in-chamberi-quevedo-iii.es.html?label=gen173nr-1FCAEoggI46AdIClgEaEaIAQGYAQq4ARnIAQ_YAQHoAQH4AQKIAgGoAgO4ArL50rwGwAIB0gIkOGZlNzdlZTAtYjM2Ni00NjEwLWJjZDItYjc2NTUzNTkyZGM32AIF4AIB&sid=5ad11202ea9cc1c07c5ed8caaaf11387&aid=304142&ucfs=1&arphpl=1&checkin=2025-03-01&checkout=2025-03-08&dest_id=-390625&dest_type=city&group_adults=2&req_adults=2&no_rooms=1&group_children=0&req_children=0&hpos=25&hapos=774&sr_order=popularity&srpvid=a6ce4e38ac41034b&srepoch=1737803321&all_sr_blocks=1139599202_387592380_0_0_0&highlighted_blocks=1139599202_387592380_0_0_0&matching_block_id=1139599202_387592380_0_0_0&sr_pri_blocks=1139599202_387592380_0_0_0__96282&from=searchresults
Minty Stay - Plaza España,"Moncloa - Aravaca, Madrid",https://www.booking.com/hotel/es/2-bedrooms-1-bathrooms-furnished-plaza-de-espana-bright-and-modern-mintystay.es.html?label=gen173nr-1FCAEoggI46AdIClgEaEaIAQGYAQq4ARnIAQ_YAQHoAQH4AQKIAgGoAgO4ArL50rwGwAIB0gIkOGZlNzdlZTAtYjM2Ni00NjEwLWJjZDItYjc2NTUzNTkyZGM32AIF4AIB&sid=5ad11202ea9cc1c07c5ed8caaaf11387&aid=304142&ucfs=1&arphpl=1&checkin=2025-03-01&checkout=2025-03-08&dest_id=-390625&dest_type=city&group_adults=2&req_adults=2&no_rooms=1&group_children=0&req_children=0&hpos=1&hapos=775&sr_order=popularity&srpvid=a6ce4e38ac41034b&srepoch=1737803325&all_sr_blocks=836910902_355741826_0_0_0&highlighted_blocks=836910902_355741826_0_0_0&matching_block_id=836910902_355741826_0_0_0&sr_pri_blocks=836910902_355741826_0_0_0__132232&from=searchresults
Calle Pelayo - Apartamento en CHUECA,"Centro de Madrid, Madrid",https://www.booking.com/hotel/es/pelayo45-apartamento-chueca-3-personas.es.html?label=gen173nr-1FCAEoggI46AdIClgEaEaIAQGYAQq4ARnIAQ_YAQHoAQH4AQKIAgGoAgO4ArL50rwGwAIB0gIkOGZlNzdlZTAtYjM2Ni00NjEwLWJjZDItYjc2NTUzNTkyZGM32AIF4AIB&sid=5ad11202ea9cc1c07c5ed8caaaf11387&aid=304142&ucfs=1&arphpl=1&checkin=2025-03-01&checkout=2025-03-08&dest_id=-390625&dest_type=city&group_adults=2&req_adults=2&no_rooms=1&group_children=0&req_children=0&hpos=2&hapos=776&sr_order=popularity&srpvid=a6ce4e38ac41034b&srepoch=1737803325&all_sr_blocks=1083411301_381257404_3_0_0&highlighted_blocks=1083411301_381257404_3_0_0&matching_block_id=1083411301_381257404_3_0_0&sr_pri_blocks=1083411301_381257404_3_0_0__76490&from=searchresults
Luxury apartments in Barrio Palacio,"Centro de Madrid, Madrid",https://www.booking.com/hotel/es/exclusive-apartments-in-barrio-palacio.es.html?label=gen173nr-1FCAEoggI46AdIClgEaEaIAQGYAQq4ARnIAQ_YAQHoAQH4AQKIAgGoAgO4ArL50rwGwAIB0gIkOGZlNzdlZTAtYjM2Ni00NjEwLWJjZDItYjc2NTUzNTkyZGM32AIF4AIB&sid=5ad11202ea9cc1c07c5ed8caaaf11387&aid=304142&ucfs=1&arphpl=1&checkin=2025-03-01&checkout=2025-03-08&dest_id=-390625&dest_type=city&group_adults=2&req_adults=2&no_rooms=1&group_children=0&req_children=0&hpos=3&hapos=777&sr_order=popularity&srpvid=a6ce4e38ac41034b&srepoch=1737803325&all_sr_blocks=981925021_373943935_2_0_0&highlighted_blocks=981925021_373943935_2_0_0&matching_block_id=981925021_373943935_2_0_0&sr_pri_blocks=981925021_373943935_2_0_0__107330&from=searchresults
apartamentos en la avda de la albufera,"Puente de Vallecas, Madrid",https://www.booking.com/hotel/es/apartamentos-en-la-avda-de-la-albufera.es.html?label=gen173nr-1FCAEoggI46AdIClgEaEaIAQGYAQq4ARnIAQ_YAQHoAQH4AQKIAgGoAgO4ArL50rwGwAIB0gIkOGZlNzdlZTAtYjM2Ni00NjEwLWJjZDItYjc2NTUzNTkyZGM32AIF4AIB&sid=5ad11202ea9cc1c07c5ed8caaaf11387&aid=304142&ucfs=1&arphpl=1&checkin=2025-03-01&checkout=2025-03-08&dest_id=-390625&dest_type=city&group_adults=2&req_adults=2&no_rooms=1&group_children=0&req_children=0&hpos=4&hapos=778&sr_order=popularity&srpvid=a6ce4e38ac41034b&srepoch=1737803325&all_sr_blocks=1103781002_383208413_4_0_0&highlighted_blocks=1103781002_383208413_4_0_0&matching_block_id=1103781002_383208413_4_0_0&sr_pri_blocks=1103781002_383208413_4_0_0__83042&from=searchresults
Universidad en Madrid,"Tetuán, Madrid",https://www.booking.com/hotel/es/adela-balboa.es.html?label=gen173nr-1FCAEoggI46AdIClgEaEaIAQGYAQq4ARnIAQ_YAQHoAQH4AQKIAgGoAgO4ArL50rwGwAIB0gIkOGZlNzdlZTAtYjM2Ni00NjEwLWJjZDItYjc2NTUzNTkyZGM32AIF4AIB&sid=5ad11202ea9cc1c07c5ed8caaaf11387&aid=304142&ucfs=1&arphpl=1&checkin=2025-03-01&checkout=2025-03-08&dest_id=-390625&dest_type=city&group_adults=2&req_adults=2&no_rooms=1&group_children=0&req_children=0&hpos=5&hapos=779&sr_order=popularity&srpvid=a6ce4e38ac41034b&srepoch=1737803325&all_sr_blocks=797634907_339963870_2_0_0&highlighted_blocks=797634907_339963870_2_0_0&matching_block_id=797634907_339963870_2_0_0&sr_pri_blocks=797634907_339963870_2_0_0__97962&from=searchresults
MyHouseSpain - Con parking junto a IFEMA y Barajas,"San Blas, Madrid",https://www.booking.com/hotel/es/myhousespain-con-parking-junto-a-ifema-y-barajas.es.html?label=gen173nr-1FCAEoggI46AdIClgEaEaIAQGYAQq4ARnIAQ_YAQHoAQH4AQKIAgGoAgO4ArL50rwGwAIB0gIkOGZlNzdlZTAtYjM2Ni00NjEwLWJjZDItYjc2NTUzNTkyZGM32AIF4AIB&sid=5ad11202ea9cc1c07c5ed8caaaf11387&aid=304142&ucfs=1&arphpl=1&checkin=2025-03-01&checkout=2025-03-08&dest_id=-390625&dest_type=city&group_adults=2&req_adults=2&no_rooms=1&group_children=0&req_children=0&hpos=6&hapos=780&sr_order=popularity&srpvid=a6ce4e38ac41034b&srepoch=1737803325&all_sr_blocks=1305888001_403423007_4_0_0&highlighted_blocks=1305888001_403423007_4_0_0&matching_block_id=1305888001_403423007_4_0_0&sr_pri_blocks=1305888001_403423007_4_0_0__83579&from=searchresults
Hostal Vara Madrid,"Arganzuela, Madrid",https://www.booking.com/hotel/es/hostal-vara-madrid.es.html?label=gen173nr-1FCAEoggI46AdIClgEaEaIAQGYAQq4ARnIAQ_YAQHoAQH4AQKIAgGoAgO4ArL50rwGwAIB0gIkOGZlNzdlZTAtYjM2Ni00NjEwLWJjZDItYjc2NTUzNTkyZGM32AIF4AIB&sid=5ad11202ea9cc1c07c5ed8caaaf11387&aid=304142&ucfs=1&arphpl=1&checkin=2025-03-01&checkout=2025-03-08&dest_id=-390625&dest_type=city&group_adults=2&req_adults=2&no_rooms=1&group_children=0&req_children=0&hpos=7&hapos=781&sr_order=popularity&srpvid=a6ce4e38ac41034b&srepoch=1737803325&all_sr_blocks=854279101_352869421_2_0_0&highlighted_blocks=854279101_352869421_2_0_0&matching_block_id=854279101_352869421_2_0_0&sr_pri_blocks=854279101_352869421_2_0_0__70224&from=searchresults
Global Home-Pico Cebollera,"Puente de Vallecas, Madrid",https://www.booking.com/hotel/es/dobohomes-pico-cebollera-madrid.es.html?label=gen173nr-1FCAEoggI46AdIClgEaEaIAQGYAQq4ARnIAQ_YAQHoAQH4AQKIAgGoAgO4ArL50rwGwAIB0gIkOGZlNzdlZTAtYjM2Ni00NjEwLWJjZDItYjc2NTUzNTkyZGM32AIF4AIB&sid=5ad11202ea9cc1c07c5ed8caaaf11387&aid=304142&ucfs=1&arphpl=1&checkin=2025-03-01&checkout=2025-03-08&dest_id=-390625&dest_type=city&group_adults=2&req_adults=2&no_rooms=1&group_children=0&req_children=0&hpos=8&hapos=782&sr_order=popularity&srpvid=a6ce4e38ac41034b&srepoch=1737803325&all_sr_blocks=927010801_364469388_4_0_0&highlighted_blocks=927010801_364469388_4_0_0&matching_block_id=927010801_364469388_4_0_0&sr_pri_blocks=927010801_364469388_4_0_0__105525&from=searchresults
Charming Madrid Studio - Largas Estancias,"Salamanca, Madrid",https://www.booking.com/hotel/es/charming-madrid-studio-largas-estancias.es.html?label=gen173nr-1FCAEoggI46AdIClgEaEaIAQGYAQq4ARnIAQ_YAQHoAQH4AQKIAgGoAgO4ArL50rwGwAIB0gIkOGZlNzdlZTAtYjM2Ni00NjEwLWJjZDItYjc2NTUzNTkyZGM32AIF4AIB&sid=5ad11202ea9cc1c07c5ed8caaaf11387&aid=304142&ucfs=1&arphpl=1&checkin=2025-03-01&checkout=2025-03-08&dest_id=-390625&dest_type=city&group_adults=2&req_adults=2&no_rooms=1&group_children=0&req_children=0&hpos=9&hapos=783&sr_order=popularity&srpvid=a6ce4e38ac41034b&srepoch=1737803325&all_sr_blocks=866243601_354826266_0_0_0&highlighted_blocks=866243601_354826266_0_0_0&matching_block_id=866243601_354826266_0_0_0&sr_pri_blocks=866243601_354826266_0_0_0__99955&from=searchresults
AmazINN Places Palacio Real,"Latina, Madrid",https://www.booking.com/hotel/es/amazinn-places-palacio-real.es.html?label=gen173nr-1FCAEoggI46AdIClgEaEaIAQGYAQq4ARnIAQ_YAQHoAQH4AQKIAgGoAgO4ArL50rwGwAIB0gIkOGZlNzdlZTAtYjM2Ni00NjEwLWJjZDItYjc2NTUzNTkyZGM32AIF4AIB&sid=5ad11202ea9cc1c07c5ed8caaaf11387&aid=304142&ucfs=1&arphpl=1&checkin=2025-03-01&checkout=2025-03-08&dest_id=-390625&dest_type=city&group_adults=2&req_adults=2&no_rooms=1&group_children=0&req_children=0&hpos=10&hapos=784&sr_order=popularity&srpvid=a6ce4e38ac41034b&srepoch=1737803325&all_sr_blocks=1069840812_379497985_2_0_0&highlighted_blocks=1069840812_379497985_2_0_0&matching_block_id=1069840812_379497985_2_0_0&sr_pri_blocks=1069840812_379497985_2_0_0__75196&from=searchresults
Los herradores de San Miguel,"Centro de Madrid, Madrid",https://www.booking.com/hotel/es/los-herradores-de-san-miguel.es.html?label=gen173nr-1FCAEoggI46AdIClgEaEaIAQGYAQq4ARnIAQ_YAQHoAQH4AQKIAgGoAgO4ArL50rwGwAIB0gIkOGZlNzdlZTAtYjM2Ni00NjEwLWJjZDItYjc2NTUzNTkyZGM32AIF4AIB&sid=5ad11202ea9cc1c07c5ed8caaaf11387&aid=304142&ucfs=1&arphpl=1&checkin=2025-03-01&checkout=2025-03-08&dest_id=-390625&dest_type=city&group_adults=2&req_adults=2&no_rooms=1&group_children=0&req_children=0&hpos=11&hapos=785&sr_order=popularity&srpvid=a6ce4e38ac41034b&srepoch=1737803325&all_sr_blocks=1197975202_392536999_2_0_0&highlighted_blocks=1197975202_392536999_2_0_0&matching_block_id=1197975202_392536999_2_0_0&sr_pri_blocks=1197975202_392536999_2_0_0__89500&from=searchresults
Hostal Villamañez,"Centro de Madrid, Madrid",https://www.booking.com/hotel/es/villamanez.es.html?label=gen173nr-1FCAEoggI46AdIClgEaEaIAQGYAQq4ARnIAQ_YAQHoAQH4AQKIAgGoAgO4ArL50rwGwAIB0gIkOGZlNzdlZTAtYjM2Ni00NjEwLWJjZDItYjc2NTUzNTkyZGM32AIF4AIB&sid=5ad11202ea9cc1c07c5ed8caaaf11387&aid=304142&ucfs=1&arphpl=1&checkin=2025-03-01&checkout=2025-03-08&dest_id=-390625&dest_type=city&group_adults=2&req_adults=2&no_rooms=1&group_children=0&req_children=0&hpos=12&hapos=786&sr_order=popularity&srpvid=a6ce4e38ac41034b&srepoch=1737803325&all_sr_blocks=27260201_402560626_2_0_0&highlighted_blocks=27260201_402560626_2_0_0&matching_block_id=27260201_402560626_2_0_0&sr_pri_blocks=27260201_402560626_2_0_0__61560&from=searchresults
Plaza de España Skyline,"Moncloa - Aravaca, Madrid",https://www.booking.com/hotel/es/plaza-espana-skyline-by-bemate.es.html?label=gen173nr-1FCAEoggI46AdIClgEaEaIAQGYAQq4ARnIAQ_YAQHoAQH4AQKIAgGoAgO4ArL50rwGwAIB0gIkOGZlNzdlZTAtYjM2Ni00NjEwLWJjZDItYjc2NTUzNTkyZGM32AIF4AIB&sid=5ad11202ea9cc1c07c5ed8caaaf11387&aid=304142&ucfs=1&arphpl=1&checkin=2025-03-01&checkout=2025-03-08&dest_id=-390625&dest_type=city&group_adults=2&req_adults=2&no_rooms=1&group_children=0&req_children=0&hpos=13&hapos=787&sr_order=popularity&srpvid=a6ce4e38ac41034b&srepoch=1737803325&all_sr_blocks=285806102_344684390_2_0_0_388720&highlighted_blocks=285806102_344684390_2_0_0_388720&matching_block_id=285806102_344684390_2_0_0_388720&sr_pri_blocks=285806102_344684390_2_0_0_388720_209900&from=searchresults
HOSTAL ANDREA GRANVIA,"Centro de Madrid, Madrid",https://www.booking.com/hotel/es/hostal-andrea-granvia.es.html?label=gen173nr-1FCAEoggI46AdIClgEaEaIAQGYAQq4ARnIAQ_YAQHoAQH4AQKIAgGoAgO4ArL50rwGwAIB0gIkOGZlNzdlZTAtYjM2Ni00NjEwLWJjZDItYjc2NTUzNTkyZGM32AIF4AIB&sid=5ad11202ea9cc1c07c5ed8caaaf11387&aid=304142&ucfs=1&arphpl=1&checkin=2025-03-01&checkout=2025-03-08&dest_id=-390625&dest_type=city&group_adults=2&req_adults=2&no_rooms=1&group_children=0&req_children=0&hpos=14&hapos=788&sr_order=popularity&srpvid=a6ce4e38ac41034b&srepoch=1737803325&all_sr_blocks=1105023201_386162197_2_0_0&highlighted_blocks=1105023201_386162197_2_0_0&matching_block_id=1105023201_386162197_2_0_0&sr_pri_blocks=1105023201_386162197_2_0_0__122700&from=searchresults
NODIS MADRID POZUELO,Madrid,https://www.booking.com/hotel/es/nodis-madrid-pozuelo.es.html?label=gen173nr-1FCAEoggI46AdIClgEaEaIAQGYAQq4ARnIAQ_YAQHoAQH4AQKIAgGoAgO4ArL50rwGwAIB0gIkOGZlNzdlZTAtYjM2Ni00NjEwLWJjZDItYjc2NTUzNTkyZGM32AIF4AIB&sid=5ad11202ea9cc1c07c5ed8caaaf11387&aid=304142&ucfs=1&arphpl=1&checkin=2025-03-01&checkout=2025-03-08&dest_id=-390625&dest_type=city&group_adults=2&req_adults=2&no_rooms=1&group_children=0&req_children=0&hpos=15&hapos=789&sr_order=popularity&srpvid=a6ce4e38ac41034b&srepoch=1737803325&all_sr_blocks=1083363701_384116652_2_0_0_373388&highlighted_blocks=1083363701_384116652_2_0_0_373388&matching_block_id=1083363701_384116652_2_0_0_373388&sr_pri_blocks=1083363701_384116652_2_0_0_373388_101000&from=searchresults
Apartamento Roco,"Latina, Madrid",https://www.booking.com/hotel/es/apartamento-roco.es.html?label=gen173nr-1FCAEoggI46AdIClgEaEaIAQGYAQq4ARnIAQ_YAQHoAQH4AQKIAgGoAgO4ArL50rwGwAIB0gIkOGZlNzdlZTAtYjM2Ni00NjEwLWJjZDItYjc2NTUzNTkyZGM32AIF4AIB&sid=5ad11202ea9cc1c07c5ed8caaaf11387&aid=304142&ucfs=1&arphpl=1&checkin=2025-03-01&checkout=2025-03-08&dest_id=-390625&dest_type=city&group_adults=2&req_adults=2&no_rooms=1&group_children=0&req_children=0&hpos=16&hapos=790&sr_order=popularity&srpvid=a6ce4e38ac41034b&srepoch=1737803325&all_sr_blocks=975892601_369952376_2_0_0&highlighted_blocks=975892601_369952376_2_0_0&matching_block_id=975892601_369952376_2_0_0&sr_pri_blocks=975892601_369952376_2_0_0__120360&from=searchresults
Salamanca Luxury,"Salamanca, Madrid",https://www.booking.com/hotel/es/habitalavita-piso-en-barrio-salamanca.es.html?label=gen173nr-1FCAEoggI46AdIClgEaEaIAQGYAQq4ARnIAQ_YAQHoAQH4AQKIAgGoAgO4ArL50rwGwAIB0gIkOGZlNzdlZTAtYjM2Ni00NjEwLWJjZDItYjc2NTUzNTkyZGM32AIF4AIB&sid=5ad11202ea9cc1c07c5ed8caaaf11387&aid=304142&ucfs=1&arphpl=1&checkin=2025-03-01&checkout=2025-03-08&dest_id=-390625&dest_type=city&group_adults=2&req_adults=2&no_rooms=1&group_children=0&req_children=0&hpos=17&hapos=791&sr_order=popularity&srpvid=a6ce4e38ac41034b&srepoch=1737803325&all_sr_blocks=1230437201_398604685_4_0_0&highlighted_blocks=1230437201_398604685_4_0_0&matching_block_id=1230437201_398604685_4_0_0&sr_pri_blocks=1230437201_398604685_4_0_0__152070&from=searchresults
Tranquilo y elegante - Cerca de IFEMA y Aeropuerto,"Hortaleza, Madrid",https://www.booking.com/hotel/es/tranquilo-y-elegante-cerca-de-ifema-y-aeropuerto.es.html?label=gen173nr-1FCAEoggI46AdIClgEaEaIAQGYAQq4ARnIAQ_YAQHoAQH4AQKIAgGoAgO4ArL50rwGwAIB0gIkOGZlNzdlZTAtYjM2Ni00NjEwLWJjZDItYjc2NTUzNTkyZGM32AIF4AIB&sid=5ad11202ea9cc1c07c5ed8caaaf11387&aid=304142&ucfs=1&arphpl=1&checkin=2025-03-01&checkout=2025-03-08&dest_id=-390625&dest_type=city&group_adults=2&req_adults=2&no_rooms=1&group_children=0&req_children=0&hpos=18&hapos=792&sr_order=popularity&srpvid=a6ce4e38ac41034b&srepoch=1737803325&all_sr_blocks=1341611701_406566865_2_0_0&highlighted_blocks=1341611701_406566865_2_0_0&matching_block_id=1341611701_406566865_2_0_0&sr_pri_blocks=1341611701_406566865_2_0_0__81753&from=searchresults
Camping Osuna,"Barajas, Madrid",https://www.booking.com/hotel/es/camping-osuna.es.html?label=gen173nr-1FCAEoggI46AdIClgEaEaIAQGYAQq4ARnIAQ_YAQHoAQH4AQKIAgGoAgO4ArL50rwGwAIB0gIkOGZlNzdlZTAtYjM2Ni00NjEwLWJjZDItYjc2NTUzNTkyZGM32AIF4AIB&sid=5ad11202ea9cc1c07c5ed8caaaf11387&aid=304142&ucfs=1&arphpl=1&checkin=2025-03-01&checkout=2025-03-08&dest_id=-390625&dest_type=city&group_adults=2&req_adults=2&no_rooms=1&group_children=0&req_children=0&hpos=19&hapos=793&sr_order=popularity&srpvid=a6ce4e38ac41034b&srepoch=1737803325&all_sr_blocks=884772205_360913699_2_0_0&highlighted_blocks=884772205_360913699_2_0_0&matching_block_id=884772205_360913699_2_0_0&sr_pri_blocks=884772205_360913699_2_0_0__58850&from=searchresults
La Residencia de Barceló,"Centro de Madrid, Madrid",https://www.booking.com/hotel/es/el-apartamento-de-barcelo.es.html?label=gen173nr-1FCAEoggI46AdIClgEaEaIAQGYAQq4ARnIAQ_YAQHoAQH4AQKIAgGoAgO4ArL50rwGwAIB0gIkOGZlNzdlZTAtYjM2Ni00NjEwLWJjZDItYjc2NTUzNTkyZGM32AIF4AIB&sid=5ad11202ea9cc1c07c5ed8caaaf11387&aid=304142&ucfs=1&arphpl=1&checkin=2025-03-01&checkout=2025-03-08&dest_id=-390625&dest_type=city&group_adults=2&req_adults=2&no_rooms=1&group_children=0&req_children=0&hpos=20&hapos=794&sr_order=popularity&srpvid=a6ce4e38ac41034b&srepoch=1737803325&all_sr_blocks=659863201_392537045_2_0_0&highlighted_blocks=659863201_392537045_2_0_0&matching_block_id=659863201_392537045_2_0_0&sr_pri_blocks=659863201_392537045_2_0_0__83137&from=searchresults
Elegant apartment with yard for 4 pax in Tetuan - 1,"Tetuán, Madrid",https://www.booking.com/hotel/es/elegant-apartment-with-yard-for-4-pax-in-tetuan-1.es.html?label=gen173nr-1FCAEoggI46AdIClgEaEaIAQGYAQq4ARnIAQ_YAQHoAQH4AQKIAgGoAgO4ArL50rwGwAIB0gIkOGZlNzdlZTAtYjM2Ni00NjEwLWJjZDItYjc2NTUzNTkyZGM32AIF4AIB&sid=5ad11202ea9cc1c07c5ed8caaaf11387&aid=304142&ucfs=1&arphpl=1&checkin=2025-03-01&checkout=2025-03-08&dest_id=-390625&dest_type=city&group_adults=2&req_adults=2&no_rooms=1&group_children=0&req_children=0&hpos=21&hapos=795&sr_order=popularity&srpvid=a6ce4e38ac41034b&srepoch=1737803325&all_sr_blocks=1201988201_392467554_4_0_0&highlighted_blocks=1201988201_392467554_4_0_0&matching_block_id=1201988201_392467554_4_0_0&sr_pri_blocks=1201988201_392467554_4_0_0__113470&from=searchresults
Casa Huésped Magdalena,"Centro de Madrid, Madrid",https://www.booking.com/hotel/es/pension-magdalena.es.html?label=gen173nr-1FCAEoggI46AdIClgEaEaIAQGYAQq4ARnIAQ_YAQHoAQH4AQKIAgGoAgO4ArL50rwGwAIB0gIkOGZlNzdlZTAtYjM2Ni00NjEwLWJjZDItYjc2NTUzNTkyZGM32AIF4AIB&sid=5ad11202ea9cc1c07c5ed8caaaf11387&aid=304142&ucfs=1&arphpl=1&checkin=2025-03-01&checkout=2025-03-08&dest_id=-390625&dest_type=city&group_adults=2&req_adults=2&no_rooms=1&group_children=0&req_children=0&hpos=22&hapos=796&sr_order=popularity&srpvid=a6ce4e38ac41034b&srepoch=1737803325&all_sr_blocks=31994504_88207262_0_0_0_466748&highlighted_blocks=31994504_88207262_0_0_0_466748&matching_block_id=31994504_88207262_0_0_0_466748&sr_pri_blocks=31994504_88207262_0_0_0_466748_47700&from=searchresults
Palacio Real Ópera La latina,"Centro de Madrid, Madrid",https://www.booking.com/hotel/es/palacio-real-opera-la-latina.es.html?label=gen173nr-1FCAEoggI46AdIClgEaEaIAQGYAQq4ARnIAQ_YAQHoAQH4AQKIAgGoAgO4ArL50rwGwAIB0gIkOGZlNzdlZTAtYjM2Ni00NjEwLWJjZDItYjc2NTUzNTkyZGM32AIF4AIB&sid=5ad11202ea9cc1c07c5ed8caaaf11387&aid=304142&ucfs=1&arphpl=1&checkin=2025-03-01&checkout=2025-03-08&dest_id=-390625&dest_type=city&group_adults=2&req_adults=2&no_rooms=1&group_children=0&req_children=0&hpos=23&hapos=797&sr_order=popularity&srpvid=a6ce4e38ac41034b&srepoch=1737803325&all_sr_blocks=1109998101_384967780_2_0_0&highlighted_blocks=1109998101_384967780_2_0_0&matching_block_id=1109998101_384967780_2_0_0&sr_pri_blocks=1109998101_384967780_2_0_0__81441&from=searchresults
Lujo en Las 4 Torres! Business Area,"Chamartín, Madrid",https://www.booking.com/hotel/es/lujo-en-las-4-torres-business-area.es.html?label=gen173nr-1FCAEoggI46AdIClgEaEaIAQGYAQq4ARnIAQ_YAQHoAQH4AQKIAgGoAgO4ArL50rwGwAIB0gIkOGZlNzdlZTAtYjM2Ni00NjEwLWJjZDItYjc2NTUzNTkyZGM32AIF4AIB&sid=5ad11202ea9cc1c07c5ed8caaaf11387&aid=304142&ucfs=1&arphpl=1&checkin=2025-03-01&checkout=2025-03-08&dest_id=-390625&dest_type=city&group_adults=2&req_adults=2&no_rooms=1&group_children=0&req_children=0&hpos=24&hapos=798&sr_order=popularity&srpvid=a6ce4e38ac41034b&srepoch=1737803325&all_sr_blocks=928526101_392331047_2_0_0&highlighted_blocks=928526101_392331047_2_0_0&matching_block_id=928526101_392331047_2_0_0&sr_pri_blocks=928526101_392331047_2_0_0__113331&from=searchresults
Piso con Terraza en Madrid Río,"Latina, Madrid",https://www.booking.com/hotel/es/piso-con-terraza-en-madrid-rio.es.html?label=gen173nr-1FCAEoggI46AdIClgEaEaIAQGYAQq4ARnIAQ_YAQHoAQH4AQKIAgGoAgO4ArL50rwGwAIB0gIkOGZlNzdlZTAtYjM2Ni00NjEwLWJjZDItYjc2NTUzNTkyZGM32AIF4AIB&sid=5ad11202ea9cc1c07c5ed8caaaf11387&aid=304142&ucfs=1&arphpl=1&checkin=2025-03-01&checkout=2025-03-08&dest_id=-390625&dest_type=city&group_adults=2&req_adults=2&no_rooms=1&group_children=0&req_children=0&hpos=25&hapos=799&sr_order=popularity&srpvid=a6ce4e38ac41034b&srepoch=1737803325&all_sr_blocks=1276050001_400487858_0_0_0&highlighted_blocks=1276050001_400487858_0_0_0&matching_block_id=1276050001_400487858_0_0_0&sr_pri_blocks=1276050001_400487858_0_0_0__98735&from=searchresults
Cozy Apartment Cueca Cibeles Pta de Sol Gran Via,"Centro de Madrid, Madrid",https://www.booking.com/hotel/es/cozy-apartment-cibeles-gran-via-pta-del-sol-chueca.es.html?label=gen173nr-1FCAEoggI46AdIClgEaEaIAQGYAQq4ARnIAQ_YAQHoAQH4AQKIAgGoAgO4ArL50rwGwAIB0gIkOGZlNzdlZTAtYjM2Ni00NjEwLWJjZDItYjc2NTUzNTkyZGM32AIF4AIB&sid=5ad11202ea9cc1c07c5ed8caaaf11387&aid=304142&ucfs=1&arphpl=1&checkin=2025-03-01&checkout=2025-03-08&dest_id=-390625&dest_type=city&group_adults=2&req_adults=2&no_rooms=1&group_children=0&req_children=0&hpos=1&hapos=800&sr_order=popularity&srpvid=a6ce4e38ac41034b&srepoch=1737803328&all_sr_blocks=1282416701_401161430_2_0_0&highlighted_blocks=1282416701_401161430_2_0_0&matching_block_id=1282416701_401161430_2_0_0&sr_pri_blocks=1282416701_401161430_2_0_0__89676&from=searchresults
Modern duplex-3Bedrooms 3Bathrooms-Lavapiés,"Centro de Madrid, Madrid",https://www.booking.com/hotel/es/modern-duplex-3bedrooms-3bathrooms-lavapies.es.html?label=gen173nr-1FCAEoggI46AdIClgEaEaIAQGYAQq4ARnIAQ_YAQHoAQH4AQKIAgGoAgO4ArL50rwGwAIB0gIkOGZlNzdlZTAtYjM2Ni00NjEwLWJjZDItYjc2NTUzNTkyZGM32AIF4AIB&sid=5ad11202ea9cc1c07c5ed8caaaf11387&aid=304142&ucfs=1&arphpl=1&checkin=2025-03-01&checkout=2025-03-08&dest_id=-390625&dest_type=city&group_adults=2&req_adults=2&no_rooms=1&group_children=0&req_children=0&hpos=2&hapos=801&sr_order=popularity&srpvid=a6ce4e38ac41034b&srepoch=1737803328&all_sr_blocks=1165119402_389400094_0_0_0&highlighted_blocks=1165119402_389400094_0_0_0&matching_block_id=1165119402_389400094_0_0_0&sr_pri_blocks=1165119402_389400094_0_0_0__282925&from=searchresults
Acogedoras Habitaciónes en Madrid,"Carabanchel, Madrid",https://www.booking.com/hotel/es/acogedora-habitacion-en-madrid.es.html?label=gen173nr-1FCAEoggI46AdIClgEaEaIAQGYAQq4ARnIAQ_YAQHoAQH4AQKIAgGoAgO4ArL50rwGwAIB0gIkOGZlNzdlZTAtYjM2Ni00NjEwLWJjZDItYjc2NTUzNTkyZGM32AIF4AIB&sid=5ad11202ea9cc1c07c5ed8caaaf11387&aid=304142&ucfs=1&arphpl=1&checkin=2025-03-01&checkout=2025-03-08&dest_id=-390625&dest_type=city&group_adults=2&req_adults=2&no_rooms=1&group_children=0&req_children=0&hpos=3&hapos=802&sr_order=popularity&srpvid=a6ce4e38ac41034b&srepoch=1737803328&all_sr_blocks=946453602_375341886_2_0_0&highlighted_blocks=946453602_375341886_2_0_0&matching_block_id=946453602_375341886_2_0_0&sr_pri_blocks=946453602_375341886_2_0_0__40600&from=searchresults
Heima Wonderful Loft in the Historic City Center,"Centro de Madrid, Madrid",https://www.booking.com/hotel/es/heima-wonderful-loft-in-the-historic-city-center.es.html?label=gen173nr-1FCAEoggI46AdIClgEaEaIAQGYAQq4ARnIAQ_YAQHoAQH4AQKIAgGoAgO4ArL50rwGwAIB0gIkOGZlNzdlZTAtYjM2Ni00NjEwLWJjZDItYjc2NTUzNTkyZGM32AIF4AIB&sid=5ad11202ea9cc1c07c5ed8caaaf11387&aid=304142&ucfs=1&arphpl=1&checkin=2025-03-01&checkout=2025-03-08&dest_id=-390625&dest_type=city&group_adults=2&req_adults=2&no_rooms=1&group_children=0&req_children=0&hpos=4&hapos=803&sr_order=popularity&srpvid=a6ce4e38ac41034b&srepoch=1737803328&all_sr_blocks=1032419401_375885026_2_0_0&highlighted_blocks=1032419401_375885026_2_0_0&matching_block_id=1032419401_375885026_2_0_0&sr_pri_blocks=1032419401_375885026_2_0_0__140704&from=searchresults
For You Rentals Chueca Apartment TEMPORAL BRC42,"Centro de Madrid, Madrid",https://www.booking.com/hotel/es/apartamento-diseno-chueca-malasana-brc42.es.html?label=gen173nr-1FCAEoggI46AdIClgEaEaIAQGYAQq4ARnIAQ_YAQHoAQH4AQKIAgGoAgO4ArL50rwGwAIB0gIkOGZlNzdlZTAtYjM2Ni00NjEwLWJjZDItYjc2NTUzNTkyZGM32AIF4AIB&sid=5ad11202ea9cc1c07c5ed8caaaf11387&aid=304142&ucfs=1&arphpl=1&checkin=2025-03-01&checkout=2025-03-08&dest_id=-390625&dest_type=city&group_adults=2&req_adults=2&no_rooms=1&group_children=0&req_children=0&hpos=5&hapos=804&sr_order=popularity&srpvid=a6ce4e38ac41034b&srepoch=1737803328&all_sr_blocks=470413901_392328430_4_0_0&highlighted_blocks=470413901_392328430_4_0_0&matching_block_id=470413901_392328430_4_0_0&sr_pri_blocks=470413901_392328430_4_0_0__89162&from=searchresults
Madrid Private Rooms - Ferrer,"Centro de Madrid, Madrid",https://www.booking.com/hotel/es/madrid-private-rooms-ferrer.es.html?label=gen173nr-1FCAEoggI46AdIClgEaEaIAQGYAQq4ARnIAQ_YAQHoAQH4AQKIAgGoAgO4ArL50rwGwAIB0gIkOGZlNzdlZTAtYjM2Ni00NjEwLWJjZDItYjc2NTUzNTkyZGM32AIF4AIB&sid=5ad11202ea9cc1c07c5ed8caaaf11387&aid=304142&ucfs=1&arphpl=1&checkin=2025-03-01&checkout=2025-03-08&dest_id=-390625&dest_type=city&group_adults=2&req_adults=2&no_rooms=1&group_children=0&req_children=0&hpos=6&hapos=805&sr_order=popularity&srpvid=a6ce4e38ac41034b&srepoch=1737803328&all_sr_blocks=1295148903_402423018_2_0_0&highlighted_blocks=1295148903_402423018_2_0_0&matching_block_id=1295148903_402423018_2_0_0&sr_pri_blocks=1295148903_402423018_2_0_0__63000&from=searchresults
Charming Madrid Comillas,"Carabanchel, Madrid",https://www.booking.com/hotel/es/charming-madrid-comillas.es.html?label=gen173nr-1FCAEoggI46AdIClgEaEaIAQGYAQq4ARnIAQ_YAQHoAQH4AQKIAgGoAgO4ArL50rwGwAIB0gIkOGZlNzdlZTAtYjM2Ni00NjEwLWJjZDItYjc2NTUzNTkyZGM32AIF4AIB&sid=5ad11202ea9cc1c07c5ed8caaaf11387&aid=304142&ucfs=1&arphpl=1&checkin=2025-03-01&checkout=2025-03-08&dest_id=-390625&dest_type=city&group_adults=2&req_adults=2&no_rooms=1&group_children=0&req_children=0&hpos=7&hapos=806&sr_order=popularity&srpvid=a6ce4e38ac41034b&srepoch=1737803328&all_sr_blocks=1188604401_391203245_2_0_0&highlighted_blocks=1188604401_391203245_2_0_0&matching_block_id=1188604401_391203245_2_0_0&sr_pri_blocks=1188604401_391203245_2_0_0__86606&from=searchresults
Madrid Rooms - Callao CH,"Centro de Madrid, Madrid",https://www.booking.com/hotel/es/madrid-rooms-callao-ch.es.html?label=gen173nr-1FCAEoggI46AdIClgEaEaIAQGYAQq4ARnIAQ_YAQHoAQH4AQKIAgGoAgO4ArL50rwGwAIB0gIkOGZlNzdlZTAtYjM2Ni00NjEwLWJjZDItYjc2NTUzNTkyZGM32AIF4AIB&sid=5ad11202ea9cc1c07c5ed8caaaf11387&aid=304142&ucfs=1&arphpl=1&checkin=2025-03-01&checkout=2025-03-08&dest_id=-390625&dest_type=city&group_adults=2&req_adults=2&no_rooms=1&group_children=0&req_children=0&hpos=8&hapos=807&sr_order=popularity&srpvid=a6ce4e38ac41034b&srepoch=1737803328&all_sr_blocks=1295154302_402423411_2_0_0&highlighted_blocks=1295154302_402423411_2_0_0&matching_block_id=1295154302_402423411_2_0_0&sr_pri_blocks=1295154302_402423411_2_0_0__61000&from=searchresults
70m2 Loft with Patio only 20mn from Plaza Castilla C2,"Tetuán, Madrid",https://www.booking.com/hotel/es/70m2-loft-with-patio-only-20mn-from-plaza-castilla-c2.es.html?label=gen173nr-1FCAEoggI46AdIClgEaEaIAQGYAQq4ARnIAQ_YAQHoAQH4AQKIAgGoAgO4ArL50rwGwAIB0gIkOGZlNzdlZTAtYjM2Ni00NjEwLWJjZDItYjc2NTUzNTkyZGM32AIF4AIB&sid=5ad11202ea9cc1c07c5ed8caaaf11387&aid=304142&ucfs=1&arphpl=1&checkin=2025-03-01&checkout=2025-03-08&dest_id=-390625&dest_type=city&group_adults=2&req_adults=2&no_rooms=1&group_children=0&req_children=0&hpos=9&hapos=808&sr_order=popularity&srpvid=a6ce4e38ac41034b&srepoch=1737803328&all_sr_blocks=1171650601_389704496_4_0_0&highlighted_blocks=1171650601_389704496_4_0_0&matching_block_id=1171650601_389704496_4_0_0&sr_pri_blocks=1171650601_389704496_4_0_0__76866&from=searchresults
Charming La Casa de La Castellana,"Tetuán, Madrid",https://www.booking.com/hotel/es/charming-la-casa-de-la-castellana.es.html?label=gen173nr-1FCAEoggI46AdIClgEaEaIAQGYAQq4ARnIAQ_YAQHoAQH4AQKIAgGoAgO4ArL50rwGwAIB0gIkOGZlNzdlZTAtYjM2Ni00NjEwLWJjZDItYjc2NTUzNTkyZGM32AIF4AIB&sid=5ad11202ea9cc1c07c5ed8caaaf11387&aid=304142&ucfs=1&arphpl=1&checkin=2025-03-01&checkout=2025-03-08&dest_id=-390625&dest_type=city&group_adults=2&req_adults=2&no_rooms=1&group_children=0&req_children=0&hpos=10&hapos=809&sr_order=popularity&srpvid=a6ce4e38ac41034b&srepoch=1737803328&all_sr_blocks=786989401_338419540_2_0_0&highlighted_blocks=786989401_338419540_2_0_0&matching_block_id=786989401_338419540_2_0_0&sr_pri_blocks=786989401_338419540_2_0_0__141057&from=searchresults
Lemon Apartment & Hotels Bernabeu,"Tetuán, Madrid",https://www.booking.com/hotel/es/lemon-apartment-bernabeu.es.html?label=gen173nr-1FCAEoggI46AdIClgEaEaIAQGYAQq4ARnIAQ_YAQHoAQH4AQKIAgGoAgO4ArL50rwGwAIB0gIkOGZlNzdlZTAtYjM2Ni00NjEwLWJjZDItYjc2NTUzNTkyZGM32AIF4AIB&sid=5ad11202ea9cc1c07c5ed8caaaf11387&aid=304142&ucfs=1&arphpl=1&checkin=2025-03-01&checkout=2025-03-08&dest_id=-390625&dest_type=city&group_adults=2&req_adults=2&no_rooms=1&group_children=0&req_children=0&hpos=11&hapos=810&sr_order=popularity&srpvid=a6ce4e38ac41034b&srepoch=1737803328&all_sr_blocks=1275145103_403988469_0_0_0&highlighted_blocks=1275145103_403988469_0_0_0&matching_block_id=1275145103_403988469_0_0_0&sr_pri_blocks=1275145103_403988469_0_0_0__96390&from=searchresults
Bravo en Madrid,"Salamanca, Madrid",https://www.booking.com/hotel/es/mit-house-bravo-en-madrid.es.html?label=gen173nr-1FCAEoggI46AdIClgEaEaIAQGYAQq4ARnIAQ_YAQHoAQH4AQKIAgGoAgO4ArL50rwGwAIB0gIkOGZlNzdlZTAtYjM2Ni00NjEwLWJjZDItYjc2NTUzNTkyZGM32AIF4AIB&sid=5ad11202ea9cc1c07c5ed8caaaf11387&aid=304142&ucfs=1&arphpl=1&checkin=2025-03-01&checkout=2025-03-08&dest_id=-390625&dest_type=city&group_adults=2&req_adults=2&no_rooms=1&group_children=0&req_children=0&hpos=12&hapos=811&sr_order=popularity&srpvid=a6ce4e38ac41034b&srepoch=1737803328&all_sr_blocks=729652012_325509502_2_0_0&highlighted_blocks=729652012_325509502_2_0_0&matching_block_id=729652012_325509502_2_0_0&sr_pri_blocks=729652012_325509502_2_0_0__100854&from=searchresults
Modern and cozy- 3Bedrooms 2Bathrooms- Chamberi,"Chamberí, Madrid",https://www.booking.com/hotel/es/modern-and-cozy-3bedrooms-2bathrooms-chamberi.es.html?label=gen173nr-1FCAEoggI46AdIClgEaEaIAQGYAQq4ARnIAQ_YAQHoAQH4AQKIAgGoAgO4ArL50rwGwAIB0gIkOGZlNzdlZTAtYjM2Ni00NjEwLWJjZDItYjc2NTUzNTkyZGM32AIF4AIB&sid=5ad11202ea9cc1c07c5ed8caaaf11387&aid=304142&ucfs=1&arphpl=1&checkin=2025-03-01&checkout=2025-03-08&dest_id=-390625&dest_type=city&group_adults=2&req_adults=2&no_rooms=1&group_children=0&req_children=0&hpos=13&hapos=812&sr_order=popularity&srpvid=a6ce4e38ac41034b&srepoch=1737803328&all_sr_blocks=1107051702_383576282_6_0_0&highlighted_blocks=1107051702_383576282_6_0_0&matching_block_id=1107051702_383576282_6_0_0&sr_pri_blocks=1107051702_383576282_6_0_0__189910&from=searchresults
Apartamentos Day Madrid CHUECA Centro Gran Via Sol Malasaña,"Centro de Madrid, Madrid",https://www.booking.com/hotel/es/hostal-day-madrid.es.html?label=gen173nr-1FCAEoggI46AdIClgEaEaIAQGYAQq4ARnIAQ_YAQHoAQH4AQKIAgGoAgO4ArL50rwGwAIB0gIkOGZlNzdlZTAtYjM2Ni00NjEwLWJjZDItYjc2NTUzNTkyZGM32AIF4AIB&sid=5ad11202ea9cc1c07c5ed8caaaf11387&aid=304142&ucfs=1&arphpl=1&checkin=2025-03-01&checkout=2025-03-08&dest_id=-390625&dest_type=city&group_adults=2&req_adults=2&no_rooms=1&group_children=0&req_children=0&hpos=14&hapos=813&sr_order=popularity&srpvid=a6ce4e38ac41034b&srepoch=1737803328&all_sr_blocks=183902106_402769917_2_0_0&highlighted_blocks=183902106_402769917_2_0_0&matching_block_id=183902106_402769917_2_0_0&sr_pri_blocks=183902106_402769917_2_0_0__90800&from=searchresults
Luxe Apartment in Malasaña Hub,"Centro de Madrid, Madrid",https://www.booking.com/hotel/es/malasana-hub.es.html?label=gen173nr-1FCAEoggI46AdIClgEaEaIAQGYAQq4ARnIAQ_YAQHoAQH4AQKIAgGoAgO4ArL50rwGwAIB0gIkOGZlNzdlZTAtYjM2Ni00NjEwLWJjZDItYjc2NTUzNTkyZGM32AIF4AIB&sid=5ad11202ea9cc1c07c5ed8caaaf11387&aid=304142&ucfs=1&arphpl=1&checkin=2025-03-01&checkout=2025-03-08&dest_id=-390625&dest_type=city&group_adults=2&req_adults=2&no_rooms=1&group_children=0&req_children=0&hpos=15&hapos=814&sr_order=popularity&srpvid=a6ce4e38ac41034b&srepoch=1737803328&all_sr_blocks=1163493001_389039425_3_0_0&highlighted_blocks=1163493001_389039425_3_0_0&matching_block_id=1163493001_389039425_3_0_0&sr_pri_blocks=1163493001_389039425_3_0_0__108194&from=searchresults
Apartamentos San Isidro,"Centro de Madrid, Madrid",https://www.booking.com/hotel/es/golden-carlos-v.es.html?label=gen173nr-1FCAEoggI46AdIClgEaEaIAQGYAQq4ARnIAQ_YAQHoAQH4AQKIAgGoAgO4ArL50rwGwAIB0gIkOGZlNzdlZTAtYjM2Ni00NjEwLWJjZDItYjc2NTUzNTkyZGM32AIF4AIB&sid=5ad11202ea9cc1c07c5ed8caaaf11387&aid=304142&ucfs=1&arphpl=1&checkin=2025-03-01&checkout=2025-03-08&dest_id=-390625&dest_type=city&group_adults=2&req_adults=2&no_rooms=1&group_children=0&req_children=0&hpos=16&hapos=815&sr_order=popularity&srpvid=a6ce4e38ac41034b&srepoch=1737803328&all_sr_blocks=794980306_339582878_3_0_0&highlighted_blocks=794980306_339582878_3_0_0&matching_block_id=794980306_339582878_3_0_0&sr_pri_blocks=794980306_339582878_3_0_0__115600&from=searchresults
Chueca II calle Barco 2BR 2BH,"Centro de Madrid, Madrid",https://www.booking.com/hotel/es/luxury-flat-malasana-i.es.html?label=gen173nr-1FCAEoggI46AdIClgEaEaIAQGYAQq4ARnIAQ_YAQHoAQH4AQKIAgGoAgO4ArL50rwGwAIB0gIkOGZlNzdlZTAtYjM2Ni00NjEwLWJjZDItYjc2NTUzNTkyZGM32AIF4AIB&sid=5ad11202ea9cc1c07c5ed8caaaf11387&aid=304142&ucfs=1&arphpl=1&checkin=2025-03-01&checkout=2025-03-08&dest_id=-390625&dest_type=city&group_adults=2&req_adults=2&no_rooms=1&group_children=0&req_children=0&hpos=17&hapos=816&sr_order=popularity&srpvid=a6ce4e38ac41034b&srepoch=1737803328&all_sr_blocks=983049201_370750021_4_0_0&highlighted_blocks=983049201_370750021_4_0_0&matching_block_id=983049201_370750021_4_0_0&sr_pri_blocks=983049201_370750021_4_0_0__192919&from=searchresults
Rio by Wynwood House,"Centro de Madrid, Madrid",https://www.booking.com/hotel/es/rio-by-wynwood-house.es.html?label=gen173nr-1FCAEoggI46AdIClgEaEaIAQGYAQq4ARnIAQ_YAQHoAQH4AQKIAgGoAgO4ArL50rwGwAIB0gIkOGZlNzdlZTAtYjM2Ni00NjEwLWJjZDItYjc2NTUzNTkyZGM32AIF4AIB&sid=5ad11202ea9cc1c07c5ed8caaaf11387&aid=304142&ucfs=1&arphpl=1&checkin=2025-03-01&checkout=2025-03-08&dest_id=-390625&dest_type=city&group_adults=2&req_adults=2&no_rooms=1&group_children=0&req_children=0&hpos=18&hapos=817&sr_order=popularity&srpvid=a6ce4e38ac41034b&srepoch=1737803328&all_sr_blocks=1133014901_405616962_2_0_0&highlighted_blocks=1133014901_405616962_2_0_0&matching_block_id=1133014901_405616962_2_0_0&sr_pri_blocks=1133014901_405616962_2_0_0__153210&from=searchresults
Rooms San Jorge,"Puente de Vallecas, Madrid",https://www.booking.com/hotel/es/rooms-san-jorge.es.html?label=gen173nr-1FCAEoggI46AdIClgEaEaIAQGYAQq4ARnIAQ_YAQHoAQH4AQKIAgGoAgO4ArL50rwGwAIB0gIkOGZlNzdlZTAtYjM2Ni00NjEwLWJjZDItYjc2NTUzNTkyZGM32AIF4AIB&sid=5ad11202ea9cc1c07c5ed8caaaf11387&aid=304142&ucfs=1&arphpl=1&checkin=2025-03-01&checkout=2025-03-08&dest_id=-390625&dest_type=city&group_adults=2&req_adults=2&no_rooms=1&group_children=0&req_children=0&hpos=19&hapos=818&sr_order=popularity&srpvid=a6ce4e38ac41034b&srepoch=1737803328&all_sr_blocks=1252600602_397771839_2_0_0&highlighted_blocks=1252600602_397771839_2_0_0&matching_block_id=1252600602_397771839_2_0_0&sr_pri_blocks=1252600602_397771839_2_0_0__35100&from=searchresults
AYZ Sierra de Meira - Auto check-in property,"Puente de Vallecas, Madrid",https://www.booking.com/hotel/es/a-amp-z-sierra-de-meira.es.html?label=gen173nr-1FCAEoggI46AdIClgEaEaIAQGYAQq4ARnIAQ_YAQHoAQH4AQKIAgGoAgO4ArL50rwGwAIB0gIkOGZlNzdlZTAtYjM2Ni00NjEwLWJjZDItYjc2NTUzNTkyZGM32AIF4AIB&sid=5ad11202ea9cc1c07c5ed8caaaf11387&aid=304142&ucfs=1&arphpl=1&checkin=2025-03-01&checkout=2025-03-08&dest_id=-390625&dest_type=city&group_adults=2&req_adults=2&no_rooms=1&group_children=0&req_children=0&hpos=20&hapos=819&sr_order=popularity&srpvid=a6ce4e38ac41034b&srepoch=1737803328&all_sr_blocks=444278601_376565853_2_0_0_690635&highlighted_blocks=444278601_376565853_2_0_0_690635&matching_block_id=444278601_376565853_2_0_0_690635&sr_pri_blocks=444278601_376565853_2_0_0_690635_38421&from=searchresults
Precioso piso en Malasaña a 200mts de Gran Via,"Centro de Madrid, Madrid",https://www.booking.com/hotel/es/precioso-piso-en-malasana-a-200mts-de-gran-via.es.html?label=gen173nr-1FCAEoggI46AdIClgEaEaIAQGYAQq4ARnIAQ_YAQHoAQH4AQKIAgGoAgO4ArL50rwGwAIB0gIkOGZlNzdlZTAtYjM2Ni00NjEwLWJjZDItYjc2NTUzNTkyZGM32AIF4AIB&sid=5ad11202ea9cc1c07c5ed8caaaf11387&aid=304142&ucfs=1&arphpl=1&checkin=2025-03-01&checkout=2025-03-08&dest_id=-390625&dest_type=city&group_adults=2&req_adults=2&no_rooms=1&group_children=0&req_children=0&hpos=21&hapos=820&sr_order=popularity&srpvid=a6ce4e38ac41034b&srepoch=1737803328&all_sr_blocks=948355601_368263792_4_0_0&highlighted_blocks=948355601_368263792_4_0_0&matching_block_id=948355601_368263792_4_0_0&sr_pri_blocks=948355601_368263792_4_0_0__142739&from=searchresults
Plaza de la Cebada,"Centro de Madrid, Madrid",https://www.booking.com/hotel/es/plaza-de-la-cebada-madrid2.es.html?label=gen173nr-1FCAEoggI46AdIClgEaEaIAQGYAQq4ARnIAQ_YAQHoAQH4AQKIAgGoAgO4ArL50rwGwAIB0gIkOGZlNzdlZTAtYjM2Ni00NjEwLWJjZDItYjc2NTUzNTkyZGM32AIF4AIB&sid=5ad11202ea9cc1c07c5ed8caaaf11387&aid=304142&ucfs=1&arphpl=1&checkin=2025-03-01&checkout=2025-03-08&dest_id=-390625&dest_type=city&group_adults=2&req_adults=2&no_rooms=1&group_children=0&req_children=0&hpos=22&hapos=821&sr_order=popularity&srpvid=a6ce4e38ac41034b&srepoch=1737803328&all_sr_blocks=1297671501_402871219_2_0_0&highlighted_blocks=1297671501_402871219_2_0_0&matching_block_id=1297671501_402871219_2_0_0&sr_pri_blocks=1297671501_402871219_2_0_0__52662&from=searchresults
TOP Gran Vía Houses,"Centro de Madrid, Madrid",https://www.booking.com/hotel/es/gran-via-luxury-studio.es.html?label=gen173nr-1FCAEoggI46AdIClgEaEaIAQGYAQq4ARnIAQ_YAQHoAQH4AQKIAgGoAgO4ArL50rwGwAIB0gIkOGZlNzdlZTAtYjM2Ni00NjEwLWJjZDItYjc2NTUzNTkyZGM32AIF4AIB&sid=5ad11202ea9cc1c07c5ed8caaaf11387&aid=304142&ucfs=1&arphpl=1&checkin=2025-03-01&checkout=2025-03-08&dest_id=-390625&dest_type=city&group_adults=2&req_adults=2&no_rooms=1&group_children=0&req_children=0&hpos=23&hapos=822&sr_order=popularity&srpvid=a6ce4e38ac41034b&srepoch=1737803328&all_sr_blocks=1277042401_400605908_2_0_0&highlighted_blocks=1277042401_400605908_2_0_0&matching_block_id=1277042401_400605908_2_0_0&sr_pri_blocks=1277042401_400605908_2_0_0__178561&from=searchresults
Luxe apartments Madrid Rio by RentitUP,"Arganzuela, Madrid",https://www.booking.com/hotel/es/luxe-apartments-madrid-rio-by-rentitup-madrid.es.html?label=gen173nr-1FCAEoggI46AdIClgEaEaIAQGYAQq4ARnIAQ_YAQHoAQH4AQKIAgGoAgO4ArL50rwGwAIB0gIkOGZlNzdlZTAtYjM2Ni00NjEwLWJjZDItYjc2NTUzNTkyZGM32AIF4AIB&sid=5ad11202ea9cc1c07c5ed8caaaf11387&aid=304142&ucfs=1&arphpl=1&checkin=2025-03-01&checkout=2025-03-08&dest_id=-390625&dest_type=city&group_adults=2&req_adults=2&no_rooms=1&group_children=0&req_children=0&hpos=24&hapos=823&sr_order=popularity&srpvid=a6ce4e38ac41034b&srepoch=1737803328&all_sr_blocks=1167095801_389338372_3_0_0&highlighted_blocks=1167095801_389338372_3_0_0&matching_block_id=1167095801_389338372_3_0_0&sr_pri_blocks=1167095801_389338372_3_0_0__85716&from=searchresults
Bright Stylish - 2Bedrooms 1Bathroom - Sol,"Centro de Madrid, Madrid",https://www.booking.com/hotel/es/bright-stylish-2bedrooms-1bathroom-sol.es.html?label=gen173nr-1FCAEoggI46AdIClgEaEaIAQGYAQq4ARnIAQ_YAQHoAQH4AQKIAgGoAgO4ArL50rwGwAIB0gIkOGZlNzdlZTAtYjM2Ni00NjEwLWJjZDItYjc2NTUzNTkyZGM32AIF4AIB&sid=5ad11202ea9cc1c07c5ed8caaaf11387&aid=304142&ucfs=1&arphpl=1&checkin=2025-03-01&checkout=2025-03-08&dest_id=-390625&dest_type=city&group_adults=2&req_adults=2&no_rooms=1&group_children=0&req_children=0&hpos=25&hapos=824&sr_order=popularity&srpvid=a6ce4e38ac41034b&srepoch=1737803328&all_sr_blocks=1347175702_407081509_4_0_0&highlighted_blocks=1347175702_407081509_4_0_0&matching_block_id=1347175702_407081509_4_0_0&sr_pri_blocks=1347175702_407081509_4_0_0__124521&from=searchresults
Beautiful Loft para 3pax en Huertas-Cortes,"Centro de Madrid, Madrid",https://www.booking.com/hotel/es/beautiful-loft-para-3pax-en-huertas-cortes-madrid.es.html?label=gen173nr-1FCAEoggI46AdIClgEaEaIAQGYAQq4ARnIAQ_YAQHoAQH4AQKIAgGoAgO4ArL50rwGwAIB0gIkOGZlNzdlZTAtYjM2Ni00NjEwLWJjZDItYjc2NTUzNTkyZGM32AIF4AIB&sid=5ad11202ea9cc1c07c5ed8caaaf11387&aid=304142&ucfs=1&arphpl=1&checkin=2025-03-01&checkout=2025-03-08&dest_id=-390625&dest_type=city&group_adults=2&req_adults=2&no_rooms=1&group_children=0&req_children=0&hpos=1&hapos=825&sr_order=popularity&srpvid=a6ce4e38ac41034b&srepoch=1737803332&all_sr_blocks=1136264902_386256222_3_0_0&highlighted_blocks=1136264902_386256222_3_0_0&matching_block_id=1136264902_386256222_3_0_0&sr_pri_blocks=1136264902_386256222_3_0_0__113625&from=searchresults
Apartamentos exclusivos en el Norte de Madrid,"Hortaleza, Madrid",https://www.booking.com/hotel/es/apartamentos-exclusivos-en-el-norte-de-madrid.es.html?label=gen173nr-1FCAEoggI46AdIClgEaEaIAQGYAQq4ARnIAQ_YAQHoAQH4AQKIAgGoAgO4ArL50rwGwAIB0gIkOGZlNzdlZTAtYjM2Ni00NjEwLWJjZDItYjc2NTUzNTkyZGM32AIF4AIB&sid=5ad11202ea9cc1c07c5ed8caaaf11387&aid=304142&ucfs=1&arphpl=1&checkin=2025-03-01&checkout=2025-03-08&dest_id=-390625&dest_type=city&group_adults=2&req_adults=2&no_rooms=1&group_children=0&req_children=0&hpos=2&hapos=826&sr_order=popularity&srpvid=a6ce4e38ac41034b&srepoch=1737803332&all_sr_blocks=1348376401_407180442_2_0_0&highlighted_blocks=1348376401_407180442_2_0_0&matching_block_id=1348376401_407180442_2_0_0&sr_pri_blocks=1348376401_407180442_2_0_0__78803&from=searchresults
"Bravo Murillo 9, corrala histórica junto al metro Quevedo","Chamberí, Madrid",https://www.booking.com/hotel/es/quevedo-metro-apartamento-muy-tranquilo-en-bravo-murillo-9-corrala-historica.es.html?label=gen173nr-1FCAEoggI46AdIClgEaEaIAQGYAQq4ARnIAQ_YAQHoAQH4AQKIAgGoAgO4ArL50rwGwAIB0gIkOGZlNzdlZTAtYjM2Ni00NjEwLWJjZDItYjc2NTUzNTkyZGM32AIF4AIB&sid=5ad11202ea9cc1c07c5ed8caaaf11387&aid=304142&ucfs=1&arphpl=1&checkin=2025-03-01&checkout=2025-03-08&dest_id=-390625&dest_type=city&group_adults=2&req_adults=2&no_rooms=1&group_children=0&req_children=0&hpos=3&hapos=827&sr_order=popularity&srpvid=a6ce4e38ac41034b&srepoch=1737803332&all_sr_blocks=1258079901_398358993_2_0_0&highlighted_blocks=1258079901_398358993_2_0_0&matching_block_id=1258079901_398358993_2_0_0&sr_pri_blocks=1258079901_398358993_2_0_0__65918&from=searchresults
Iriarte en Madrid,"Salamanca, Madrid",https://www.booking.com/hotel/es/mit-house-iriarte-en-madrid.es.html?label=gen173nr-1FCAEoggI46AdIClgEaEaIAQGYAQq4ARnIAQ_YAQHoAQH4AQKIAgGoAgO4ArL50rwGwAIB0gIkOGZlNzdlZTAtYjM2Ni00NjEwLWJjZDItYjc2NTUzNTkyZGM32AIF4AIB&sid=5ad11202ea9cc1c07c5ed8caaaf11387&aid=304142&ucfs=1&arphpl=1&checkin=2025-03-01&checkout=2025-03-08&dest_id=-390625&dest_type=city&group_adults=2&req_adults=2&no_rooms=1&group_children=0&req_children=0&hpos=4&hapos=828&sr_order=popularity&srpvid=a6ce4e38ac41034b&srepoch=1737803332&all_sr_blocks=729771602_349533433_2_0_0&highlighted_blocks=729771602_349533433_2_0_0&matching_block_id=729771602_349533433_2_0_0&sr_pri_blocks=729771602_349533433_2_0_0__98962&from=searchresults
Centric Creative Rooms,"Centro de Madrid, Madrid",https://www.booking.com/hotel/es/centric-creative-rooms.es.html?label=gen173nr-1FCAEoggI46AdIClgEaEaIAQGYAQq4ARnIAQ_YAQHoAQH4AQKIAgGoAgO4ArL50rwGwAIB0gIkOGZlNzdlZTAtYjM2Ni00NjEwLWJjZDItYjc2NTUzNTkyZGM32AIF4AIB&sid=5ad11202ea9cc1c07c5ed8caaaf11387&aid=304142&ucfs=1&arphpl=1&checkin=2025-03-01&checkout=2025-03-08&dest_id=-390625&dest_type=city&group_adults=2&req_adults=2&no_rooms=1&group_children=0&req_children=0&hpos=5&hapos=829&sr_order=popularity&srpvid=a6ce4e38ac41034b&srepoch=1737803332&all_sr_blocks=1152198102_388010812_2_0_0&highlighted_blocks=1152198102_388010812_2_0_0&matching_block_id=1152198102_388010812_2_0_0&sr_pri_blocks=1152198102_388010812_2_0_0__67657&from=searchresults
Estudio a 20' del centro A1 Guindalera-Salamanca,"Salamanca, Madrid",https://www.booking.com/hotel/es/estudio-a-20-del-centro-a1-guindalera-salamanca.es.html?label=gen173nr-1FCAEoggI46AdIClgEaEaIAQGYAQq4ARnIAQ_YAQHoAQH4AQKIAgGoAgO4ArL50rwGwAIB0gIkOGZlNzdlZTAtYjM2Ni00NjEwLWJjZDItYjc2NTUzNTkyZGM32AIF4AIB&sid=5ad11202ea9cc1c07c5ed8caaaf11387&aid=304142&ucfs=1&arphpl=1&checkin=2025-03-01&checkout=2025-03-08&dest_id=-390625&dest_type=city&group_adults=2&req_adults=2&no_rooms=1&group_children=0&req_children=0&hpos=6&hapos=830&sr_order=popularity&srpvid=a6ce4e38ac41034b&srepoch=1737803332&all_sr_blocks=1317928001_404519441_2_0_0&highlighted_blocks=1317928001_404519441_2_0_0&matching_block_id=1317928001_404519441_2_0_0&sr_pri_blocks=1317928001_404519441_2_0_0__67601&from=searchresults
La Estancia de Pizarro,"Centro de Madrid, Madrid",https://www.booking.com/hotel/es/el-laurel-de-pizarro.es.html?label=gen173nr-1FCAEoggI46AdIClgEaEaIAQGYAQq4ARnIAQ_YAQHoAQH4AQKIAgGoAgO4ArL50rwGwAIB0gIkOGZlNzdlZTAtYjM2Ni00NjEwLWJjZDItYjc2NTUzNTkyZGM32AIF4AIB&sid=5ad11202ea9cc1c07c5ed8caaaf11387&aid=304142&ucfs=1&arphpl=1&checkin=2025-03-01&checkout=2025-03-08&dest_id=-390625&dest_type=city&group_adults=2&req_adults=2&no_rooms=1&group_children=0&req_children=0&hpos=7&hapos=831&sr_order=popularity&srpvid=a6ce4e38ac41034b&srepoch=1737803332&all_sr_blocks=877423202_392537013_2_0_0&highlighted_blocks=877423202_392537013_2_0_0&matching_block_id=877423202_392537013_2_0_0&sr_pri_blocks=877423202_392537013_2_0_0__81983&from=searchresults
Lovely Apartments - Alójate en el corazón de Madrid,"Centro de Madrid, Madrid",https://www.booking.com/hotel/es/apartamento-en-plaza-mayor-el-corazon-de-madrid.es.html?label=gen173nr-1FCAEoggI46AdIClgEaEaIAQGYAQq4ARnIAQ_YAQHoAQH4AQKIAgGoAgO4ArL50rwGwAIB0gIkOGZlNzdlZTAtYjM2Ni00NjEwLWJjZDItYjc2NTUzNTkyZGM32AIF4AIB&sid=5ad11202ea9cc1c07c5ed8caaaf11387&aid=304142&ucfs=1&arphpl=1&checkin=2025-03-01&checkout=2025-03-08&dest_id=-390625&dest_type=city&group_adults=2&req_adults=2&no_rooms=1&group_children=0&req_children=0&hpos=8&hapos=832&sr_order=popularity&srpvid=a6ce4e38ac41034b&srepoch=1737803332&all_sr_blocks=1117324704_393452535_4_0_0&highlighted_blocks=1117324704_393452535_4_0_0&matching_block_id=1117324704_393452535_4_0_0&sr_pri_blocks=1117324704_393452535_4_0_0__183400&from=searchresults
Apartamento exclusivo en Madrid,"Fuencarral - El Pardo, Madrid",https://www.booking.com/hotel/es/apartamento-exclusivo-en-madrid.es.html?label=gen173nr-1FCAEoggI46AdIClgEaEaIAQGYAQq4ARnIAQ_YAQHoAQH4AQKIAgGoAgO4ArL50rwGwAIB0gIkOGZlNzdlZTAtYjM2Ni00NjEwLWJjZDItYjc2NTUzNTkyZGM32AIF4AIB&sid=5ad11202ea9cc1c07c5ed8caaaf11387&aid=304142&ucfs=1&arphpl=1&checkin=2025-03-01&checkout=2025-03-08&dest_id=-390625&dest_type=city&group_adults=2&req_adults=2&no_rooms=1&group_children=0&req_children=0&hpos=9&hapos=833&sr_order=popularity&srpvid=a6ce4e38ac41034b&srepoch=1737803332&all_sr_blocks=1194168101_392704534_2_0_0_433403&highlighted_blocks=1194168101_392704534_2_0_0_433403&matching_block_id=1194168101_392704534_2_0_0_433403&sr_pri_blocks=1194168101_392704534_2_0_0_433403_115240&from=searchresults
My City Home - Incredible apartment at Salamanca,"Salamanca, Madrid",https://www.booking.com/hotel/es/increible-apartamento-en-salamanca.es.html?label=gen173nr-1FCAEoggI46AdIClgEaEaIAQGYAQq4ARnIAQ_YAQHoAQH4AQKIAgGoAgO4ArL50rwGwAIB0gIkOGZlNzdlZTAtYjM2Ni00NjEwLWJjZDItYjc2NTUzNTkyZGM32AIF4AIB&sid=5ad11202ea9cc1c07c5ed8caaaf11387&aid=304142&ucfs=1&arphpl=1&checkin=2025-03-01&checkout=2025-03-08&dest_id=-390625&dest_type=city&group_adults=2&req_adults=2&no_rooms=1&group_children=0&req_children=0&hpos=10&hapos=834&sr_order=popularity&srpvid=a6ce4e38ac41034b&srepoch=1737803332&all_sr_blocks=738580901_405409026_3_0_0&highlighted_blocks=738580901_405409026_3_0_0&matching_block_id=738580901_405409026_3_0_0&sr_pri_blocks=738580901_405409026_3_0_0__149801&from=searchresults
"Guernica Luxury Duplex - Location, Light, and Art","Salamanca, Madrid",https://www.booking.com/hotel/es/guernica-luxury-duplex-location-light-and-art.es.html?label=gen173nr-1FCAEoggI46AdIClgEaEaIAQGYAQq4ARnIAQ_YAQHoAQH4AQKIAgGoAgO4ArL50rwGwAIB0gIkOGZlNzdlZTAtYjM2Ni00NjEwLWJjZDItYjc2NTUzNTkyZGM32AIF4AIB&sid=5ad11202ea9cc1c07c5ed8caaaf11387&aid=304142&ucfs=1&arphpl=1&checkin=2025-03-01&checkout=2025-03-08&dest_id=-390625&dest_type=city&group_adults=2&req_adults=2&no_rooms=1&group_children=0&req_children=0&hpos=11&hapos=835&sr_order=popularity&srpvid=a6ce4e38ac41034b&srepoch=1737803332&all_sr_blocks=1266976001_405068275_0_0_0&highlighted_blocks=1266976001_405068275_0_0_0&matching_block_id=1266976001_405068275_0_0_0&sr_pri_blocks=1266976001_405068275_0_0_0__123851&from=searchresults
El aposento de Espronceda,"Chamberí, Madrid",https://www.booking.com/hotel/es/el-aposento-de-espronceda.es.html?label=gen173nr-1FCAEoggI46AdIClgEaEaIAQGYAQq4ARnIAQ_YAQHoAQH4AQKIAgGoAgO4ArL50rwGwAIB0gIkOGZlNzdlZTAtYjM2Ni00NjEwLWJjZDItYjc2NTUzNTkyZGM32AIF4AIB&sid=5ad11202ea9cc1c07c5ed8caaaf11387&aid=304142&ucfs=1&arphpl=1&checkin=2025-03-01&checkout=2025-03-08&dest_id=-390625&dest_type=city&group_adults=2&req_adults=2&no_rooms=1&group_children=0&req_children=0&hpos=12&hapos=836&sr_order=popularity&srpvid=a6ce4e38ac41034b&srepoch=1737803332&all_sr_blocks=1204109702_392661801_0_0_0&highlighted_blocks=1204109702_392661801_0_0_0&matching_block_id=1204109702_392661801_0_0_0&sr_pri_blocks=1204109702_392661801_0_0_0__75700&from=searchresults
Mejorana habitaciones,"Puente de Vallecas, Madrid",https://www.booking.com/hotel/es/mejorana-habitaciones.es.html?label=gen173nr-1FCAEoggI46AdIClgEaEaIAQGYAQq4ARnIAQ_YAQHoAQH4AQKIAgGoAgO4ArL50rwGwAIB0gIkOGZlNzdlZTAtYjM2Ni00NjEwLWJjZDItYjc2NTUzNTkyZGM32AIF4AIB&sid=5ad11202ea9cc1c07c5ed8caaaf11387&aid=304142&ucfs=1&arphpl=1&checkin=2025-03-01&checkout=2025-03-08&dest_id=-390625&dest_type=city&group_adults=2&req_adults=2&no_rooms=1&group_children=0&req_children=0&hpos=13&hapos=837&sr_order=popularity&srpvid=a6ce4e38ac41034b&srepoch=1737803332&all_sr_blocks=1325027302_405131067_2_0_0&highlighted_blocks=1325027302_405131067_2_0_0&matching_block_id=1325027302_405131067_2_0_0&sr_pri_blocks=1325027302_405131067_2_0_0__27900&from=searchresults
Cozy Apartment up to 6 persons 3 min to Metro,"Fuencarral - El Pardo, Madrid",https://www.booking.com/hotel/es/madrid-oasis-apartment-city-center-for-6.es.html?label=gen173nr-1FCAEoggI46AdIClgEaEaIAQGYAQq4ARnIAQ_YAQHoAQH4AQKIAgGoAgO4ArL50rwGwAIB0gIkOGZlNzdlZTAtYjM2Ni00NjEwLWJjZDItYjc2NTUzNTkyZGM32AIF4AIB&sid=5ad11202ea9cc1c07c5ed8caaaf11387&aid=304142&ucfs=1&arphpl=1&checkin=2025-03-01&checkout=2025-03-08&dest_id=-390625&dest_type=city&group_adults=2&req_adults=2&no_rooms=1&group_children=0&req_children=0&hpos=14&hapos=838&sr_order=popularity&srpvid=a6ce4e38ac41034b&srepoch=1737803332&all_sr_blocks=1233059302_395266326_6_0_0&highlighted_blocks=1233059302_395266326_6_0_0&matching_block_id=1233059302_395266326_6_0_0&sr_pri_blocks=1233059302_395266326_6_0_0__81262&from=searchresults
GuestReady - Cozy nest in Madrid,"Salamanca, Madrid",https://www.booking.com/hotel/es/guestready-cozy-nest-in-madrid.es.html?label=gen173nr-1FCAEoggI46AdIClgEaEaIAQGYAQq4ARnIAQ_YAQHoAQH4AQKIAgGoAgO4ArL50rwGwAIB0gIkOGZlNzdlZTAtYjM2Ni00NjEwLWJjZDItYjc2NTUzNTkyZGM32AIF4AIB&sid=5ad11202ea9cc1c07c5ed8caaaf11387&aid=304142&ucfs=1&arphpl=1&checkin=2025-03-01&checkout=2025-03-08&dest_id=-390625&dest_type=city&group_adults=2&req_adults=2&no_rooms=1&group_children=0&req_children=0&hpos=15&hapos=839&sr_order=popularity&srpvid=a6ce4e38ac41034b&srepoch=1737803332&all_sr_blocks=1064682201_399045029_2_0_0&highlighted_blocks=1064682201_399045029_2_0_0&matching_block_id=1064682201_399045029_2_0_0&sr_pri_blocks=1064682201_399045029_2_0_0__117009&from=searchresults
Pensión Rivera,"Arganzuela, Madrid",https://www.booking.com/hotel/es/rivera.es.html?label=gen173nr-1FCAEoggI46AdIClgEaEaIAQGYAQq4ARnIAQ_YAQHoAQH4AQKIAgGoAgO4ArL50rwGwAIB0gIkOGZlNzdlZTAtYjM2Ni00NjEwLWJjZDItYjc2NTUzNTkyZGM32AIF4AIB&sid=5ad11202ea9cc1c07c5ed8caaaf11387&aid=304142&ucfs=1&arphpl=1&checkin=2025-03-01&checkout=2025-03-08&dest_id=-390625&dest_type=city&group_adults=2&req_adults=2&no_rooms=1&group_children=0&req_children=0&hpos=16&hapos=840&sr_order=popularity&srpvid=a6ce4e38ac41034b&srepoch=1737803332&all_sr_blocks=33171601_262718419_0_0_0&highlighted_blocks=33171601_262718419_0_0_0&matching_block_id=33171601_262718419_0_0_0&sr_pri_blocks=33171601_262718419_0_0_0__43200&from=searchresults
Encanto y Comodidad Cerca del Estadio Bernabéu,"Tetuán, Madrid",https://www.booking.com/hotel/es/encanto-y-comodidad-cerca-del-estadio-bernabeu.es.html?label=gen173nr-1FCAEoggI46AdIClgEaEaIAQGYAQq4ARnIAQ_YAQHoAQH4AQKIAgGoAgO4ArL50rwGwAIB0gIkOGZlNzdlZTAtYjM2Ni00NjEwLWJjZDItYjc2NTUzNTkyZGM32AIF4AIB&sid=5ad11202ea9cc1c07c5ed8caaaf11387&aid=304142&ucfs=1&arphpl=1&checkin=2025-03-01&checkout=2025-03-08&dest_id=-390625&dest_type=city&group_adults=2&req_adults=2&no_rooms=1&group_children=0&req_children=0&hpos=17&hapos=841&sr_order=popularity&srpvid=a6ce4e38ac41034b&srepoch=1737803332&all_sr_blocks=1061453802_401020654_4_0_0&highlighted_blocks=1061453802_401020654_4_0_0&matching_block_id=1061453802_401020654_4_0_0&sr_pri_blocks=1061453802_401020654_4_0_0__129081&from=searchresults
Madrid Live Coworking - SELF SERVICE -,"Latina, Madrid",https://www.booking.com/hotel/es/madrid-live-coworking.es.html?label=gen173nr-1FCAEoggI46AdIClgEaEaIAQGYAQq4ARnIAQ_YAQHoAQH4AQKIAgGoAgO4ArL50rwGwAIB0gIkOGZlNzdlZTAtYjM2Ni00NjEwLWJjZDItYjc2NTUzNTkyZGM32AIF4AIB&sid=5ad11202ea9cc1c07c5ed8caaaf11387&aid=304142&ucfs=1&arphpl=1&checkin=2025-03-01&checkout=2025-03-08&dest_id=-390625&dest_type=city&group_adults=2&req_adults=2&no_rooms=1&group_children=0&req_children=0&hpos=18&hapos=842&sr_order=popularity&srpvid=a6ce4e38ac41034b&srepoch=1737803332&all_sr_blocks=1175718213_401040968_0_0_0&highlighted_blocks=1175718213_401040968_0_0_0&matching_block_id=1175718213_401040968_0_0_0&sr_pri_blocks=1175718213_401040968_0_0_0__75189&from=searchresults
limehome Madrid La Bolsa,"Centro de Madrid, Madrid",https://www.booking.com/hotel/es/apartamentos-la-bolsa.es.html?label=gen173nr-1FCAEoggI46AdIClgEaEaIAQGYAQq4ARnIAQ_YAQHoAQH4AQKIAgGoAgO4ArL50rwGwAIB0gIkOGZlNzdlZTAtYjM2Ni00NjEwLWJjZDItYjc2NTUzNTkyZGM32AIF4AIB&sid=5ad11202ea9cc1c07c5ed8caaaf11387&aid=304142&ucfs=1&arphpl=1&checkin=2025-03-01&checkout=2025-03-08&dest_id=-390625&dest_type=city&group_adults=2&req_adults=2&no_rooms=1&group_children=0&req_children=0&hpos=19&hapos=843&sr_order=popularity&srpvid=a6ce4e38ac41034b&srepoch=1737803332&all_sr_blocks=694970316_285646209_2_0_0&highlighted_blocks=694970316_285646209_2_0_0&matching_block_id=694970316_285646209_2_0_0&sr_pri_blocks=694970316_285646209_2_0_0__120800&from=searchresults
Castilla Luxury 2D Apartment,"Tetuán, Madrid",https://www.booking.com/hotel/es/castilla-luxury-2d-apartment.es.html?label=gen173nr-1FCAEoggI46AdIClgEaEaIAQGYAQq4ARnIAQ_YAQHoAQH4AQKIAgGoAgO4ArL50rwGwAIB0gIkOGZlNzdlZTAtYjM2Ni00NjEwLWJjZDItYjc2NTUzNTkyZGM32AIF4AIB&sid=5ad11202ea9cc1c07c5ed8caaaf11387&aid=304142&ucfs=1&arphpl=1&checkin=2025-03-01&checkout=2025-03-08&dest_id=-390625&dest_type=city&group_adults=2&req_adults=2&no_rooms=1&group_children=0&req_children=0&hpos=20&hapos=844&sr_order=popularity&srpvid=a6ce4e38ac41034b&srepoch=1737803332&all_sr_blocks=1100911302_382928408_2_0_0&highlighted_blocks=1100911302_382928408_2_0_0&matching_block_id=1100911302_382928408_2_0_0&sr_pri_blocks=1100911302_382928408_2_0_0__120303&from=searchresults
Suite Kintsugi by Justine Apartments Apartamento turístico en Madrid Río,"Usera, Madrid",https://www.booking.com/hotel/es/justine-apartments.es.html?label=gen173nr-1FCAEoggI46AdIClgEaEaIAQGYAQq4ARnIAQ_YAQHoAQH4AQKIAgGoAgO4ArL50rwGwAIB0gIkOGZlNzdlZTAtYjM2Ni00NjEwLWJjZDItYjc2NTUzNTkyZGM32AIF4AIB&sid=5ad11202ea9cc1c07c5ed8caaaf11387&aid=304142&ucfs=1&arphpl=1&checkin=2025-03-01&checkout=2025-03-08&dest_id=-390625&dest_type=city&group_adults=2&req_adults=2&no_rooms=1&group_children=0&req_children=0&hpos=21&hapos=845&sr_order=popularity&srpvid=a6ce4e38ac41034b&srepoch=1737803332&all_sr_blocks=720370704_379781517_0_0_0&highlighted_blocks=720370704_379781517_0_0_0&matching_block_id=720370704_379781517_0_0_0&sr_pri_blocks=720370704_379781517_0_0_0__85304&from=searchresults
"Madrid Suites Moncloa-Aravaca, ALOJAMIENTO Y CHECK IN ON LINE","Moncloa - Aravaca, Madrid",https://www.booking.com/hotel/es/madrid-suites-madrid3.es.html?label=gen173nr-1FCAEoggI46AdIClgEaEaIAQGYAQq4ARnIAQ_YAQHoAQH4AQKIAgGoAgO4ArL50rwGwAIB0gIkOGZlNzdlZTAtYjM2Ni00NjEwLWJjZDItYjc2NTUzNTkyZGM32AIF4AIB&sid=5ad11202ea9cc1c07c5ed8caaaf11387&aid=304142&ucfs=1&arphpl=1&checkin=2025-03-01&checkout=2025-03-08&dest_id=-390625&dest_type=city&group_adults=2&req_adults=2&no_rooms=1&group_children=0&req_children=0&hpos=22&hapos=846&sr_order=popularity&srpvid=a6ce4e38ac41034b&srepoch=1737803332&all_sr_blocks=1287103402_401667688_2_0_0&highlighted_blocks=1287103402_401667688_2_0_0&matching_block_id=1287103402_401667688_2_0_0&sr_pri_blocks=1287103402_401667688_2_0_0__112000&from=searchresults
Metro Avenida de America 02,"Chamartín, Madrid",https://www.booking.com/hotel/es/metro-avenida-de-america-02-madrid.es.html?label=gen173nr-1FCAEoggI46AdIClgEaEaIAQGYAQq4ARnIAQ_YAQHoAQH4AQKIAgGoAgO4ArL50rwGwAIB0gIkOGZlNzdlZTAtYjM2Ni00NjEwLWJjZDItYjc2NTUzNTkyZGM32AIF4AIB&sid=5ad11202ea9cc1c07c5ed8caaaf11387&aid=304142&ucfs=1&arphpl=1&checkin=2025-03-01&checkout=2025-03-08&dest_id=-390625&dest_type=city&group_adults=2&req_adults=2&no_rooms=1&group_children=0&req_children=0&hpos=23&hapos=847&sr_order=popularity&srpvid=a6ce4e38ac41034b&srepoch=1737803332&all_sr_blocks=1274107001_400226604_2_0_0&highlighted_blocks=1274107001_400226604_2_0_0&matching_block_id=1274107001_400226604_2_0_0&sr_pri_blocks=1274107001_400226604_2_0_0__56311&from=searchresults
"G1 Apartamento Exclusivo, Madrid","Ciudad Lineal, Madrid",https://www.booking.com/hotel/es/g1-apartamento-exclusivo-madrid.es.html?label=gen173nr-1FCAEoggI46AdIClgEaEaIAQGYAQq4ARnIAQ_YAQHoAQH4AQKIAgGoAgO4ArL50rwGwAIB0gIkOGZlNzdlZTAtYjM2Ni00NjEwLWJjZDItYjc2NTUzNTkyZGM32AIF4AIB&sid=5ad11202ea9cc1c07c5ed8caaaf11387&aid=304142&ucfs=1&arphpl=1&checkin=2025-03-01&checkout=2025-03-08&dest_id=-390625&dest_type=city&group_adults=2&req_adults=2&no_rooms=1&group_children=0&req_children=0&hpos=24&hapos=848&sr_order=popularity&srpvid=a6ce4e38ac41034b&srepoch=1737803332&all_sr_blocks=1286268201_401566178_4_0_0&highlighted_blocks=1286268201_401566178_4_0_0&matching_block_id=1286268201_401566178_4_0_0&sr_pri_blocks=1286268201_401566178_4_0_0__85631&from=searchresults
New&Smart Apt para 4pax en Madrid Rio con Parking,"Arganzuela, Madrid",https://www.booking.com/hotel/es/new-amp-smart-apt-para-4pax-en-madrid-rio-con-parking.es.html?label=gen173nr-1FCAEoggI46AdIClgEaEaIAQGYAQq4ARnIAQ_YAQHoAQH4AQKIAgGoAgO4ArL50rwGwAIB0gIkOGZlNzdlZTAtYjM2Ni00NjEwLWJjZDItYjc2NTUzNTkyZGM32AIF4AIB&sid=5ad11202ea9cc1c07c5ed8caaaf11387&aid=304142&ucfs=1&arphpl=1&checkin=2025-03-01&checkout=2025-03-08&dest_id=-390625&dest_type=city&group_adults=2&req_adults=2&no_rooms=1&group_children=0&req_children=0&hpos=25&hapos=849&sr_order=popularity&srpvid=a6ce4e38ac41034b&srepoch=1737803332&all_sr_blocks=1276931701_400594165_4_0_0&highlighted_blocks=1276931701_400594165_4_0_0&matching_block_id=1276931701_400594165_4_0_0&sr_pri_blocks=1276931701_400594165_4_0_0__111623&from=searchresults
Apartamento con parking y piscina,"Chamartín, Madrid",https://www.booking.com/hotel/es/apartamento-con-parking-y-piscina-madrid.es.html?label=gen173nr-1FCAEoggI46AdIClgEaEaIAQGYAQq4ARnIAQ_YAQHoAQH4AQKIAgGoAgO4ArL50rwGwAIB0gIkOGZlNzdlZTAtYjM2Ni00NjEwLWJjZDItYjc2NTUzNTkyZGM32AIF4AIB&sid=5ad11202ea9cc1c07c5ed8caaaf11387&aid=304142&ucfs=1&arphpl=1&checkin=2025-03-01&checkout=2025-03-08&dest_id=-390625&dest_type=city&group_adults=2&req_adults=2&no_rooms=1&group_children=0&req_children=0&hpos=1&hapos=850&sr_order=popularity&srpvid=a6ce4e38ac41034b&srepoch=1737803336&all_sr_blocks=1175540601_390097335_3_0_0&highlighted_blocks=1175540601_390097335_3_0_0&matching_block_id=1175540601_390097335_3_0_0&sr_pri_blocks=1175540601_390097335_3_0_0__87625&from=searchresults
PISOS NUEVOS MONCLOA ARGUELLES,"Chamberí, Madrid",https://www.booking.com/hotel/es/pisos-nuevos-moncloa-arguelles-madrid.es.html?label=gen173nr-1FCAEoggI46AdIClgEaEaIAQGYAQq4ARnIAQ_YAQHoAQH4AQKIAgGoAgO4ArL50rwGwAIB0gIkOGZlNzdlZTAtYjM2Ni00NjEwLWJjZDItYjc2NTUzNTkyZGM32AIF4AIB&sid=5ad11202ea9cc1c07c5ed8caaaf11387&aid=304142&ucfs=1&arphpl=1&checkin=2025-03-01&checkout=2025-03-08&dest_id=-390625&dest_type=city&group_adults=2&req_adults=2&no_rooms=1&group_children=0&req_children=0&hpos=2&hapos=851&sr_order=popularity&srpvid=a6ce4e38ac41034b&srepoch=1737803336&all_sr_blocks=961926602_368801247_3_0_0&highlighted_blocks=961926602_368801247_3_0_0&matching_block_id=961926602_368801247_3_0_0&sr_pri_blocks=961926602_368801247_3_0_0__120645&from=searchresults
Luminoso apartamento 6 personas,"Hortaleza, Madrid",https://www.booking.com/hotel/es/luminoso-apartamento-6-personas.es.html?label=gen173nr-1FCAEoggI46AdIClgEaEaIAQGYAQq4ARnIAQ_YAQHoAQH4AQKIAgGoAgO4ArL50rwGwAIB0gIkOGZlNzdlZTAtYjM2Ni00NjEwLWJjZDItYjc2NTUzNTkyZGM32AIF4AIB&sid=5ad11202ea9cc1c07c5ed8caaaf11387&aid=304142&ucfs=1&arphpl=1&checkin=2025-03-01&checkout=2025-03-08&dest_id=-390625&dest_type=city&group_adults=2&req_adults=2&no_rooms=1&group_children=0&req_children=0&hpos=3&hapos=852&sr_order=popularity&srpvid=a6ce4e38ac41034b&srepoch=1737803336&all_sr_blocks=1154349101_388236914_2_0_0&highlighted_blocks=1154349101_388236914_2_0_0&matching_block_id=1154349101_388236914_2_0_0&sr_pri_blocks=1154349101_388236914_2_0_0__69930&from=searchresults
Hostal Abitum Madrid,"Tetuán, Madrid",https://www.booking.com/hotel/es/hostal-bravo-murillo.es.html?label=gen173nr-1FCAEoggI46AdIClgEaEaIAQGYAQq4ARnIAQ_YAQHoAQH4AQKIAgGoAgO4ArL50rwGwAIB0gIkOGZlNzdlZTAtYjM2Ni00NjEwLWJjZDItYjc2NTUzNTkyZGM32AIF4AIB&sid=5ad11202ea9cc1c07c5ed8caaaf11387&aid=304142&ucfs=1&arphpl=1&checkin=2025-03-01&checkout=2025-03-08&dest_id=-390625&dest_type=city&group_adults=2&req_adults=2&no_rooms=1&group_children=0&req_children=0&hpos=4&hapos=853&sr_order=popularity&srpvid=a6ce4e38ac41034b&srepoch=1737803336&all_sr_blocks=161918601_116201120_0_0_0&highlighted_blocks=161918601_116201120_0_0_0&matching_block_id=161918601_116201120_0_0_0&sr_pri_blocks=161918601_116201120_0_0_0__75600&from=searchresults
Castilla Luxury 2B Apartment,"Tetuán, Madrid",https://www.booking.com/hotel/es/castilla-luxury-2b-apartment.es.html?label=gen173nr-1FCAEoggI46AdIClgEaEaIAQGYAQq4ARnIAQ_YAQHoAQH4AQKIAgGoAgO4ArL50rwGwAIB0gIkOGZlNzdlZTAtYjM2Ni00NjEwLWJjZDItYjc2NTUzNTkyZGM32AIF4AIB&sid=5ad11202ea9cc1c07c5ed8caaaf11387&aid=304142&ucfs=1&arphpl=1&checkin=2025-03-01&checkout=2025-03-08&dest_id=-390625&dest_type=city&group_adults=2&req_adults=2&no_rooms=1&group_children=0&req_children=0&hpos=5&hapos=854&sr_order=popularity&srpvid=a6ce4e38ac41034b&srepoch=1737803336&all_sr_blocks=1094756102_382385754_2_0_0&highlighted_blocks=1094756102_382385754_2_0_0&matching_block_id=1094756102_382385754_2_0_0&sr_pri_blocks=1094756102_382385754_2_0_0__94447&from=searchresults
HOSPEDAJE LA PAZ,"Fuencarral - El Pardo, Madrid",https://www.booking.com/hotel/es/hospedaje-la-paz.es.html?label=gen173nr-1FCAEoggI46AdIClgEaEaIAQGYAQq4ARnIAQ_YAQHoAQH4AQKIAgGoAgO4ArL50rwGwAIB0gIkOGZlNzdlZTAtYjM2Ni00NjEwLWJjZDItYjc2NTUzNTkyZGM32AIF4AIB&sid=5ad11202ea9cc1c07c5ed8caaaf11387&aid=304142&ucfs=1&arphpl=1&checkin=2025-03-01&checkout=2025-03-08&dest_id=-390625&dest_type=city&group_adults=2&req_adults=2&no_rooms=1&group_children=0&req_children=0&hpos=6&hapos=855&sr_order=popularity&srpvid=a6ce4e38ac41034b&srepoch=1737803336&all_sr_blocks=770329602_341824503_2_0_0&highlighted_blocks=770329602_341824503_2_0_0&matching_block_id=770329602_341824503_2_0_0&sr_pri_blocks=770329602_341824503_2_0_0__58000&from=searchresults
Castilla Luxury 1B Apartment,"Tetuán, Madrid",https://www.booking.com/hotel/es/castilla-luxury-1b-apartment.es.html?label=gen173nr-1FCAEoggI46AdIClgEaEaIAQGYAQq4ARnIAQ_YAQHoAQH4AQKIAgGoAgO4ArL50rwGwAIB0gIkOGZlNzdlZTAtYjM2Ni00NjEwLWJjZDItYjc2NTUzNTkyZGM32AIF4AIB&sid=5ad11202ea9cc1c07c5ed8caaaf11387&aid=304142&ucfs=1&arphpl=1&checkin=2025-03-01&checkout=2025-03-08&dest_id=-390625&dest_type=city&group_adults=2&req_adults=2&no_rooms=1&group_children=0&req_children=0&hpos=7&hapos=856&sr_order=popularity&srpvid=a6ce4e38ac41034b&srepoch=1737803336&all_sr_blocks=1094755802_382385739_2_0_0&highlighted_blocks=1094755802_382385739_2_0_0&matching_block_id=1094755802_382385739_2_0_0&sr_pri_blocks=1094755802_382385739_2_0_0__94447&from=searchresults
Moratalaz Apartments,"Moratalaz, Madrid",https://www.booking.com/hotel/es/moratalaz-apartments.es.html?label=gen173nr-1FCAEoggI46AdIClgEaEaIAQGYAQq4ARnIAQ_YAQHoAQH4AQKIAgGoAgO4ArL50rwGwAIB0gIkOGZlNzdlZTAtYjM2Ni00NjEwLWJjZDItYjc2NTUzNTkyZGM32AIF4AIB&sid=5ad11202ea9cc1c07c5ed8caaaf11387&aid=304142&ucfs=1&arphpl=1&checkin=2025-03-01&checkout=2025-03-08&dest_id=-390625&dest_type=city&group_adults=2&req_adults=2&no_rooms=1&group_children=0&req_children=0&hpos=8&hapos=857&sr_order=popularity&srpvid=a6ce4e38ac41034b&srepoch=1737803336&all_sr_blocks=1129451401_385594008_2_0_0&highlighted_blocks=1129451401_385594008_2_0_0&matching_block_id=1129451401_385594008_2_0_0&sr_pri_blocks=1129451401_385594008_2_0_0__92621&from=searchresults
"Modern and wide- 3Bd 2,5 Bth- Plaza Castilla","Tetuán, Madrid",https://www.booking.com/hotel/es/modern-and-wide-3bd-25-bth-plaza-castilla.es.html?label=gen173nr-1FCAEoggI46AdIClgEaEaIAQGYAQq4ARnIAQ_YAQHoAQH4AQKIAgGoAgO4ArL50rwGwAIB0gIkOGZlNzdlZTAtYjM2Ni00NjEwLWJjZDItYjc2NTUzNTkyZGM32AIF4AIB&sid=5ad11202ea9cc1c07c5ed8caaaf11387&aid=304142&ucfs=1&arphpl=1&checkin=2025-03-01&checkout=2025-03-08&dest_id=-390625&dest_type=city&group_adults=2&req_adults=2&no_rooms=1&group_children=0&req_children=0&hpos=9&hapos=858&sr_order=popularity&srpvid=a6ce4e38ac41034b&srepoch=1737803336&all_sr_blocks=1124633202_385525063_6_0_0&highlighted_blocks=1124633202_385525063_6_0_0&matching_block_id=1124633202_385525063_6_0_0&sr_pri_blocks=1124633202_385525063_6_0_0__179578&from=searchresults
GuestReady - Barrio de las Letras Nest,"Centro de Madrid, Madrid",https://www.booking.com/hotel/es/guestready-barrio-de-las-letras-nest.es.html?label=gen173nr-1FCAEoggI46AdIClgEaEaIAQGYAQq4ARnIAQ_YAQHoAQH4AQKIAgGoAgO4ArL50rwGwAIB0gIkOGZlNzdlZTAtYjM2Ni00NjEwLWJjZDItYjc2NTUzNTkyZGM32AIF4AIB&sid=5ad11202ea9cc1c07c5ed8caaaf11387&aid=304142&ucfs=1&arphpl=1&checkin=2025-03-01&checkout=2025-03-08&dest_id=-390625&dest_type=city&group_adults=2&req_adults=2&no_rooms=1&group_children=0&req_children=0&hpos=10&hapos=859&sr_order=popularity&srpvid=a6ce4e38ac41034b&srepoch=1737803336&all_sr_blocks=1084771901_399501270_2_0_0&highlighted_blocks=1084771901_399501270_2_0_0&matching_block_id=1084771901_399501270_2_0_0&sr_pri_blocks=1084771901_399501270_2_0_0__143996&from=searchresults
Hello Feria,"Hortaleza, Madrid",https://www.booking.com/hotel/es/hello-ifema.es.html?label=gen173nr-1FCAEoggI46AdIClgEaEaIAQGYAQq4ARnIAQ_YAQHoAQH4AQKIAgGoAgO4ArL50rwGwAIB0gIkOGZlNzdlZTAtYjM2Ni00NjEwLWJjZDItYjc2NTUzNTkyZGM32AIF4AIB&sid=5ad11202ea9cc1c07c5ed8caaaf11387&aid=304142&ucfs=1&arphpl=1&checkin=2025-03-01&checkout=2025-03-08&dest_id=-390625&dest_type=city&group_adults=2&req_adults=2&no_rooms=1&group_children=0&req_children=0&hpos=11&hapos=860&sr_order=popularity&srpvid=a6ce4e38ac41034b&srepoch=1737803336&all_sr_blocks=328172206_115252822_2_0_0&highlighted_blocks=328172206_115252822_2_0_0&matching_block_id=328172206_115252822_2_0_0&sr_pri_blocks=328172206_115252822_2_0_0__52536&from=searchresults
"Large with terrace- 2Bd 1,5Bth- Plaza Castilla","Tetuán, Madrid",https://www.booking.com/hotel/es/large-with-terrace-2bd-1-5bth-plaza-castilla.es.html?label=gen173nr-1FCAEoggI46AdIClgEaEaIAQGYAQq4ARnIAQ_YAQHoAQH4AQKIAgGoAgO4ArL50rwGwAIB0gIkOGZlNzdlZTAtYjM2Ni00NjEwLWJjZDItYjc2NTUzNTkyZGM32AIF4AIB&sid=5ad11202ea9cc1c07c5ed8caaaf11387&aid=304142&ucfs=1&arphpl=1&checkin=2025-03-01&checkout=2025-03-08&dest_id=-390625&dest_type=city&group_adults=2&req_adults=2&no_rooms=1&group_children=0&req_children=0&hpos=12&hapos=861&sr_order=popularity&srpvid=a6ce4e38ac41034b&srepoch=1737803336&all_sr_blocks=1124636602_385563453_4_0_0&highlighted_blocks=1124636602_385563453_4_0_0&matching_block_id=1124636602_385563453_4_0_0&sr_pri_blocks=1124636602_385563453_4_0_0__161336&from=searchresults
2 bedrooms 2 bathrooms furnished - Malasaña - Bright Stylish - MintyStay,"Centro de Madrid, Madrid",https://www.booking.com/hotel/es/2-bedrooms-2-bathrooms-furnished-malasana-bright-stylish-mintystay.es.html?label=gen173nr-1FCAEoggI46AdIClgEaEaIAQGYAQq4ARnIAQ_YAQHoAQH4AQKIAgGoAgO4ArL50rwGwAIB0gIkOGZlNzdlZTAtYjM2Ni00NjEwLWJjZDItYjc2NTUzNTkyZGM32AIF4AIB&sid=5ad11202ea9cc1c07c5ed8caaaf11387&aid=304142&ucfs=1&arphpl=1&checkin=2025-03-01&checkout=2025-03-08&dest_id=-390625&dest_type=city&group_adults=2&req_adults=2&no_rooms=1&group_children=0&req_children=0&hpos=13&hapos=862&sr_order=popularity&srpvid=a6ce4e38ac41034b&srepoch=1737803336&all_sr_blocks=1030897502_375931799_4_0_0&highlighted_blocks=1030897502_375931799_4_0_0&matching_block_id=1030897502_375931799_4_0_0&sr_pri_blocks=1030897502_375931799_4_0_0__148226&from=searchresults
Hostal El Descanso,"Hortaleza, Madrid",https://www.booking.com/hotel/es/hostal-el-descanso.es.html?label=gen173nr-1FCAEoggI46AdIClgEaEaIAQGYAQq4ARnIAQ_YAQHoAQH4AQKIAgGoAgO4ArL50rwGwAIB0gIkOGZlNzdlZTAtYjM2Ni00NjEwLWJjZDItYjc2NTUzNTkyZGM32AIF4AIB&sid=5ad11202ea9cc1c07c5ed8caaaf11387&aid=304142&ucfs=1&arphpl=1&checkin=2025-03-01&checkout=2025-03-08&dest_id=-390625&dest_type=city&group_adults=2&req_adults=2&no_rooms=1&group_children=0&req_children=0&hpos=14&hapos=863&sr_order=popularity&srpvid=a6ce4e38ac41034b&srepoch=1737803336&all_sr_blocks=42892302_88209450_0_40_0&highlighted_blocks=42892302_88209450_0_40_0&matching_block_id=42892302_88209450_0_40_0&sr_pri_blocks=42892302_88209450_0_40_0__57225&from=searchresults
Cómodo y precioso apartamento,"Retiro, Madrid",https://www.booking.com/hotel/es/apartamento-silencioso-en-el-centro-de-madrid-madrid.es.html?label=gen173nr-1FCAEoggI46AdIClgEaEaIAQGYAQq4ARnIAQ_YAQHoAQH4AQKIAgGoAgO4ArL50rwGwAIB0gIkOGZlNzdlZTAtYjM2Ni00NjEwLWJjZDItYjc2NTUzNTkyZGM32AIF4AIB&sid=5ad11202ea9cc1c07c5ed8caaaf11387&aid=304142&ucfs=1&arphpl=1&checkin=2025-03-01&checkout=2025-03-08&dest_id=-390625&dest_type=city&group_adults=2&req_adults=2&no_rooms=1&group_children=0&req_children=0&hpos=15&hapos=864&sr_order=popularity&srpvid=a6ce4e38ac41034b&srepoch=1737803336&all_sr_blocks=1328509201_405430516_2_0_0&highlighted_blocks=1328509201_405430516_2_0_0&matching_block_id=1328509201_405430516_2_0_0&sr_pri_blocks=1328509201_405430516_2_0_0__122093&from=searchresults
Bonito apartamento en Madrid centro,"Centro de Madrid, Madrid",https://www.booking.com/hotel/es/bonito-apartamento-en-madrid-centro.es.html?label=gen173nr-1FCAEoggI46AdIClgEaEaIAQGYAQq4ARnIAQ_YAQHoAQH4AQKIAgGoAgO4ArL50rwGwAIB0gIkOGZlNzdlZTAtYjM2Ni00NjEwLWJjZDItYjc2NTUzNTkyZGM32AIF4AIB&sid=5ad11202ea9cc1c07c5ed8caaaf11387&aid=304142&ucfs=1&arphpl=1&checkin=2025-03-01&checkout=2025-03-08&dest_id=-390625&dest_type=city&group_adults=2&req_adults=2&no_rooms=1&group_children=0&req_children=0&hpos=16&hapos=865&sr_order=popularity&srpvid=a6ce4e38ac41034b&srepoch=1737803336&all_sr_blocks=1306318001_403459406_2_0_0&highlighted_blocks=1306318001_403459406_2_0_0&matching_block_id=1306318001_403459406_2_0_0&sr_pri_blocks=1306318001_403459406_2_0_0__116975&from=searchresults
VR LATINA APARTMENTS,"Centro de Madrid, Madrid",https://www.booking.com/hotel/es/vr-latina-apartments.es.html?label=gen173nr-1FCAEoggI46AdIClgEaEaIAQGYAQq4ARnIAQ_YAQHoAQH4AQKIAgGoAgO4ArL50rwGwAIB0gIkOGZlNzdlZTAtYjM2Ni00NjEwLWJjZDItYjc2NTUzNTkyZGM32AIF4AIB&sid=5ad11202ea9cc1c07c5ed8caaaf11387&aid=304142&ucfs=1&arphpl=1&checkin=2025-03-01&checkout=2025-03-08&dest_id=-390625&dest_type=city&group_adults=2&req_adults=2&no_rooms=1&group_children=0&req_children=0&hpos=17&hapos=866&sr_order=popularity&srpvid=a6ce4e38ac41034b&srepoch=1737803336&all_sr_blocks=1106562001_383456640_2_0_0&highlighted_blocks=1106562001_383456640_2_0_0&matching_block_id=1106562001_383456640_2_0_0&sr_pri_blocks=1106562001_383456640_2_0_0__127400&from=searchresults
Spacious Central-3Bedrooms 3Bathrooms-Sol,"Centro de Madrid, Madrid",https://www.booking.com/hotel/es/spacious-central-3bedrooms-3bathrooms-sol.es.html?label=gen173nr-1FCAEoggI46AdIClgEaEaIAQGYAQq4ARnIAQ_YAQHoAQH4AQKIAgGoAgO4ArL50rwGwAIB0gIkOGZlNzdlZTAtYjM2Ni00NjEwLWJjZDItYjc2NTUzNTkyZGM32AIF4AIB&sid=5ad11202ea9cc1c07c5ed8caaaf11387&aid=304142&ucfs=1&arphpl=1&checkin=2025-03-01&checkout=2025-03-08&dest_id=-390625&dest_type=city&group_adults=2&req_adults=2&no_rooms=1&group_children=0&req_children=0&hpos=18&hapos=867&sr_order=popularity&srpvid=a6ce4e38ac41034b&srepoch=1737803336&all_sr_blocks=1135634302_386558744_6_0_0&highlighted_blocks=1135634302_386558744_6_0_0&matching_block_id=1135634302_386558744_6_0_0&sr_pri_blocks=1135634302_386558744_6_0_0__257740&from=searchresults
Apartamentos Principe 7,"Centro de Madrid, Madrid",https://www.booking.com/hotel/es/apartamentos-principe-madrid.es.html?label=gen173nr-1FCAEoggI46AdIClgEaEaIAQGYAQq4ARnIAQ_YAQHoAQH4AQKIAgGoAgO4ArL50rwGwAIB0gIkOGZlNzdlZTAtYjM2Ni00NjEwLWJjZDItYjc2NTUzNTkyZGM32AIF4AIB&sid=5ad11202ea9cc1c07c5ed8caaaf11387&aid=304142&ucfs=1&arphpl=1&checkin=2025-03-01&checkout=2025-03-08&dest_id=-390625&dest_type=city&group_adults=2&req_adults=2&no_rooms=1&group_children=0&req_children=0&hpos=19&hapos=868&sr_order=popularity&srpvid=a6ce4e38ac41034b&srepoch=1737803336&all_sr_blocks=547807301_376357839_2_0_0&highlighted_blocks=547807301_376357839_2_0_0&matching_block_id=547807301_376357839_2_0_0&sr_pri_blocks=547807301_376357839_2_0_0__183893&from=searchresults
GuestReady - A city break in Madrid,"Ciudad Lineal, Madrid",https://www.booking.com/hotel/es/guestready-a-city-break-in-madrid.es.html?label=gen173nr-1FCAEoggI46AdIClgEaEaIAQGYAQq4ARnIAQ_YAQHoAQH4AQKIAgGoAgO4ArL50rwGwAIB0gIkOGZlNzdlZTAtYjM2Ni00NjEwLWJjZDItYjc2NTUzNTkyZGM32AIF4AIB&sid=5ad11202ea9cc1c07c5ed8caaaf11387&aid=304142&ucfs=1&arphpl=1&checkin=2025-03-01&checkout=2025-03-08&dest_id=-390625&dest_type=city&group_adults=2&req_adults=2&no_rooms=1&group_children=0&req_children=0&hpos=20&hapos=869&sr_order=popularity&srpvid=a6ce4e38ac41034b&srepoch=1737803336&all_sr_blocks=1173515601_399046012_2_0_0&highlighted_blocks=1173515601_399046012_2_0_0&matching_block_id=1173515601_399046012_2_0_0&sr_pri_blocks=1173515601_399046012_2_0_0__114206&from=searchresults
Apartamento en Madrid,"San Blas, Madrid",https://www.booking.com/hotel/es/piso-en-alquiler-en-plenilunio-madrid.es.html?label=gen173nr-1FCAEoggI46AdIClgEaEaIAQGYAQq4ARnIAQ_YAQHoAQH4AQKIAgGoAgO4ArL50rwGwAIB0gIkOGZlNzdlZTAtYjM2Ni00NjEwLWJjZDItYjc2NTUzNTkyZGM32AIF4AIB&sid=5ad11202ea9cc1c07c5ed8caaaf11387&aid=304142&ucfs=1&arphpl=1&checkin=2025-03-01&checkout=2025-03-08&dest_id=-390625&dest_type=city&group_adults=2&req_adults=2&no_rooms=1&group_children=0&req_children=0&hpos=21&hapos=870&sr_order=popularity&srpvid=a6ce4e38ac41034b&srepoch=1737803336&all_sr_blocks=860737301_364453836_2_0_0&highlighted_blocks=860737301_364453836_2_0_0&matching_block_id=860737301_364453836_2_0_0&sr_pri_blocks=860737301_364453836_2_0_0__83402&from=searchresults
Luxe Apartment in Ponzano,"Chamberí, Madrid",https://www.booking.com/hotel/es/luxe-apartment-in-ponzano.es.html?label=gen173nr-1FCAEoggI46AdIClgEaEaIAQGYAQq4ARnIAQ_YAQHoAQH4AQKIAgGoAgO4ArL50rwGwAIB0gIkOGZlNzdlZTAtYjM2Ni00NjEwLWJjZDItYjc2NTUzNTkyZGM32AIF4AIB&sid=5ad11202ea9cc1c07c5ed8caaaf11387&aid=304142&ucfs=1&arphpl=1&checkin=2025-03-01&checkout=2025-03-08&dest_id=-390625&dest_type=city&group_adults=2&req_adults=2&no_rooms=1&group_children=0&req_children=0&hpos=22&hapos=871&sr_order=popularity&srpvid=a6ce4e38ac41034b&srepoch=1737803336&all_sr_blocks=1191494401_391465852_2_0_0&highlighted_blocks=1191494401_391465852_2_0_0&matching_block_id=1191494401_391465852_2_0_0&sr_pri_blocks=1191494401_391465852_2_0_0__108381&from=searchresults
Oporto 1 Apartments,"Carabanchel, Madrid",https://www.booking.com/hotel/es/oporto-1-apartments.es.html?label=gen173nr-1FCAEoggI46AdIClgEaEaIAQGYAQq4ARnIAQ_YAQHoAQH4AQKIAgGoAgO4ArL50rwGwAIB0gIkOGZlNzdlZTAtYjM2Ni00NjEwLWJjZDItYjc2NTUzNTkyZGM32AIF4AIB&sid=5ad11202ea9cc1c07c5ed8caaaf11387&aid=304142&ucfs=1&arphpl=1&checkin=2025-03-01&checkout=2025-03-08&dest_id=-390625&dest_type=city&group_adults=2&req_adults=2&no_rooms=1&group_children=0&req_children=0&hpos=23&hapos=872&sr_order=popularity&srpvid=a6ce4e38ac41034b&srepoch=1737803336&all_sr_blocks=1278133201_400725952_2_0_0&highlighted_blocks=1278133201_400725952_2_0_0&matching_block_id=1278133201_400725952_2_0_0&sr_pri_blocks=1278133201_400725952_2_0_0__77385&from=searchresults
Be Mate Gran Vía Suites,"Centro de Madrid, Madrid",https://www.booking.com/hotel/es/be-mate-gran-via-suites.es.html?label=gen173nr-1FCAEoggI46AdIClgEaEaIAQGYAQq4ARnIAQ_YAQHoAQH4AQKIAgGoAgO4ArL50rwGwAIB0gIkOGZlNzdlZTAtYjM2Ni00NjEwLWJjZDItYjc2NTUzNTkyZGM32AIF4AIB&sid=5ad11202ea9cc1c07c5ed8caaaf11387&aid=304142&ucfs=1&arphpl=1&checkin=2025-03-01&checkout=2025-03-08&dest_id=-390625&dest_type=city&group_adults=2&req_adults=2&no_rooms=1&group_children=0&req_children=0&hpos=24&hapos=873&sr_order=popularity&srpvid=a6ce4e38ac41034b&srepoch=1737803336&all_sr_blocks=252782818_259498393_2_0_0&highlighted_blocks=252782818_259498393_2_0_0&matching_block_id=252782818_259498393_2_0_0&sr_pri_blocks=252782818_259498393_2_0_0__118673&from=searchresults
Moderno apartamento en el centro by beBalmy,"Centro de Madrid, Madrid",https://www.booking.com/hotel/es/moderno-apartamento-en-el-centro-by-bebalmy.es.html?label=gen173nr-1FCAEoggI46AdIClgEaEaIAQGYAQq4ARnIAQ_YAQHoAQH4AQKIAgGoAgO4ArL50rwGwAIB0gIkOGZlNzdlZTAtYjM2Ni00NjEwLWJjZDItYjc2NTUzNTkyZGM32AIF4AIB&sid=5ad11202ea9cc1c07c5ed8caaaf11387&aid=304142&ucfs=1&arphpl=1&checkin=2025-03-01&checkout=2025-03-08&dest_id=-390625&dest_type=city&group_adults=2&req_adults=2&no_rooms=1&group_children=0&req_children=0&hpos=25&hapos=874&sr_order=popularity&srpvid=a6ce4e38ac41034b&srepoch=1737803336&all_sr_blocks=1331172501_405649609_3_0_0&highlighted_blocks=1331172501_405649609_3_0_0&matching_block_id=1331172501_405649609_3_0_0&sr_pri_blocks=1331172501_405649609_3_0_0__90785&from=searchresults
Madrid Executive Bright y Central,"Moncloa - Aravaca, Madrid",https://www.booking.com/hotel/es/princesa-96.es.html?label=gen173nr-1FCAEoggI46AdIClgEaEaIAQGYAQq4ARnIAQ_YAQHoAQH4AQKIAgGoAgO4ArL50rwGwAIB0gIkOGZlNzdlZTAtYjM2Ni00NjEwLWJjZDItYjc2NTUzNTkyZGM32AIF4AIB&sid=5ad11202ea9cc1c07c5ed8caaaf11387&aid=304142&ucfs=1&arphpl=1&checkin=2025-03-01&checkout=2025-03-08&dest_id=-390625&dest_type=city&group_adults=2&req_adults=2&no_rooms=1&group_children=0&req_children=0&hpos=1&hapos=875&sr_order=popularity&srpvid=a6ce4e38ac41034b&srepoch=1737803339&all_sr_blocks=281907801_384068244_2_0_0&highlighted_blocks=281907801_384068244_2_0_0&matching_block_id=281907801_384068244_2_0_0&sr_pri_blocks=281907801_384068244_2_0_0__169856&from=searchresults
1 bed Madrid Rio-Carabanchel,"Carabanchel, Madrid",https://www.booking.com/hotel/es/1-bed-madrid-rio-carabanchel.es.html?label=gen173nr-1FCAEoggI46AdIClgEaEaIAQGYAQq4ARnIAQ_YAQHoAQH4AQKIAgGoAgO4ArL50rwGwAIB0gIkOGZlNzdlZTAtYjM2Ni00NjEwLWJjZDItYjc2NTUzNTkyZGM32AIF4AIB&sid=5ad11202ea9cc1c07c5ed8caaaf11387&aid=304142&ucfs=1&arphpl=1&checkin=2025-03-01&checkout=2025-03-08&dest_id=-390625&dest_type=city&group_adults=2&req_adults=2&no_rooms=1&group_children=0&req_children=0&hpos=2&hapos=876&sr_order=popularity&srpvid=a6ce4e38ac41034b&srepoch=1737803339&all_sr_blocks=1286329101_403244179_2_0_0&highlighted_blocks=1286329101_403244179_2_0_0&matching_block_id=1286329101_403244179_2_0_0&sr_pri_blocks=1286329101_403244179_2_0_0__108280&from=searchresults
Apartamento GFB17,"Chamartín, Madrid",https://www.booking.com/hotel/es/apartamento-gfb17.es.html?label=gen173nr-1FCAEoggI46AdIClgEaEaIAQGYAQq4ARnIAQ_YAQHoAQH4AQKIAgGoAgO4ArL50rwGwAIB0gIkOGZlNzdlZTAtYjM2Ni00NjEwLWJjZDItYjc2NTUzNTkyZGM32AIF4AIB&sid=5ad11202ea9cc1c07c5ed8caaaf11387&aid=304142&ucfs=1&arphpl=1&checkin=2025-03-01&checkout=2025-03-08&dest_id=-390625&dest_type=city&group_adults=2&req_adults=2&no_rooms=1&group_children=0&req_children=0&hpos=3&hapos=877&sr_order=popularity&srpvid=a6ce4e38ac41034b&srepoch=1737803339&all_sr_blocks=1274149901_400234986_2_0_0&highlighted_blocks=1274149901_400234986_2_0_0&matching_block_id=1274149901_400234986_2_0_0&sr_pri_blocks=1274149901_400234986_2_0_0__157794&from=searchresults
Aeropuerto Ifema Wanda CR,"San Blas, Madrid",https://www.booking.com/hotel/es/aeropuerto-ifema-wanda-madrid.es.html?label=gen173nr-1FCAEoggI46AdIClgEaEaIAQGYAQq4ARnIAQ_YAQHoAQH4AQKIAgGoAgO4ArL50rwGwAIB0gIkOGZlNzdlZTAtYjM2Ni00NjEwLWJjZDItYjc2NTUzNTkyZGM32AIF4AIB&sid=5ad11202ea9cc1c07c5ed8caaaf11387&aid=304142&ucfs=1&arphpl=1&checkin=2025-03-01&checkout=2025-03-08&dest_id=-390625&dest_type=city&group_adults=2&req_adults=2&no_rooms=1&group_children=0&req_children=0&hpos=4&hapos=878&sr_order=popularity&srpvid=a6ce4e38ac41034b&srepoch=1737803339&all_sr_blocks=949195101_378066504_2_0_0&highlighted_blocks=949195101_378066504_2_0_0&matching_block_id=949195101_378066504_2_0_0&sr_pri_blocks=949195101_378066504_2_0_0__86055&from=searchresults
2 bedrooms 1 bathroom furnished - Las Letras - Bright - MintyStay,"Centro de Madrid, Madrid",https://www.booking.com/hotel/es/2-bedrooms-1-bathroom-furnished-las-letras-bright-mintystay.es.html?label=gen173nr-1FCAEoggI46AdIClgEaEaIAQGYAQq4ARnIAQ_YAQHoAQH4AQKIAgGoAgO4ArL50rwGwAIB0gIkOGZlNzdlZTAtYjM2Ni00NjEwLWJjZDItYjc2NTUzNTkyZGM32AIF4AIB&sid=5ad11202ea9cc1c07c5ed8caaaf11387&aid=304142&ucfs=1&arphpl=1&checkin=2025-03-01&checkout=2025-03-08&dest_id=-390625&dest_type=city&group_adults=2&req_adults=2&no_rooms=1&group_children=0&req_children=0&hpos=5&hapos=879&sr_order=popularity&srpvid=a6ce4e38ac41034b&srepoch=1737803339&all_sr_blocks=837186502_370469867_0_0_0&highlighted_blocks=837186502_370469867_0_0_0&matching_block_id=837186502_370469867_0_0_0&sr_pri_blocks=837186502_370469867_0_0_0__159188&from=searchresults
Apartamento Barquillo Duplex en Madrid,"Centro de Madrid, Madrid",https://www.booking.com/hotel/es/mit-house-barquillo-duplex-en-madrid.es.html?label=gen173nr-1FCAEoggI46AdIClgEaEaIAQGYAQq4ARnIAQ_YAQHoAQH4AQKIAgGoAgO4ArL50rwGwAIB0gIkOGZlNzdlZTAtYjM2Ni00NjEwLWJjZDItYjc2NTUzNTkyZGM32AIF4AIB&sid=5ad11202ea9cc1c07c5ed8caaaf11387&aid=304142&ucfs=1&arphpl=1&checkin=2025-03-01&checkout=2025-03-08&dest_id=-390625&dest_type=city&group_adults=2&req_adults=2&no_rooms=1&group_children=0&req_children=0&hpos=6&hapos=880&sr_order=popularity&srpvid=a6ce4e38ac41034b&srepoch=1737803339&all_sr_blocks=707145502_349521134_2_0_0&highlighted_blocks=707145502_349521134_2_0_0&matching_block_id=707145502_349521134_2_0_0&sr_pri_blocks=707145502_349521134_2_0_0__107372&from=searchresults
C3 Exclusiva zona Madrid,"Chamartín, Madrid",https://www.booking.com/hotel/es/c3-exclusiva-zona-madrid.es.html?label=gen173nr-1FCAEoggI46AdIClgEaEaIAQGYAQq4ARnIAQ_YAQHoAQH4AQKIAgGoAgO4ArL50rwGwAIB0gIkOGZlNzdlZTAtYjM2Ni00NjEwLWJjZDItYjc2NTUzNTkyZGM32AIF4AIB&sid=5ad11202ea9cc1c07c5ed8caaaf11387&aid=304142&ucfs=1&arphpl=1&checkin=2025-03-01&checkout=2025-03-08&dest_id=-390625&dest_type=city&group_adults=2&req_adults=2&no_rooms=1&group_children=0&req_children=0&hpos=7&hapos=881&sr_order=popularity&srpvid=a6ce4e38ac41034b&srepoch=1737803339&all_sr_blocks=1062939501_378639397_3_0_0&highlighted_blocks=1062939501_378639397_3_0_0&matching_block_id=1062939501_378639397_3_0_0&sr_pri_blocks=1062939501_378639397_3_0_0__95332&from=searchresults
Exclusivo Piso en el centro - 1,"Centro de Madrid, Madrid",https://www.booking.com/hotel/es/exclusivo-piso-en-el-centro-1.es.html?label=gen173nr-1FCAEoggI46AdIClgEaEaIAQGYAQq4ARnIAQ_YAQHoAQH4AQKIAgGoAgO4ArL50rwGwAIB0gIkOGZlNzdlZTAtYjM2Ni00NjEwLWJjZDItYjc2NTUzNTkyZGM32AIF4AIB&sid=5ad11202ea9cc1c07c5ed8caaaf11387&aid=304142&ucfs=1&arphpl=1&checkin=2025-03-01&checkout=2025-03-08&dest_id=-390625&dest_type=city&group_adults=2&req_adults=2&no_rooms=1&group_children=0&req_children=0&hpos=8&hapos=882&sr_order=popularity&srpvid=a6ce4e38ac41034b&srepoch=1737803339&all_sr_blocks=1325100801_405134096_2_0_0&highlighted_blocks=1325100801_405134096_2_0_0&matching_block_id=1325100801_405134096_2_0_0&sr_pri_blocks=1325100801_405134096_2_0_0__131466&from=searchresults
VR OBREGON APARTMENTS,"Arganzuela, Madrid",https://www.booking.com/hotel/es/vr-obregon-apartments.es.html?label=gen173nr-1FCAEoggI46AdIClgEaEaIAQGYAQq4ARnIAQ_YAQHoAQH4AQKIAgGoAgO4ArL50rwGwAIB0gIkOGZlNzdlZTAtYjM2Ni00NjEwLWJjZDItYjc2NTUzNTkyZGM32AIF4AIB&sid=5ad11202ea9cc1c07c5ed8caaaf11387&aid=304142&ucfs=1&arphpl=1&checkin=2025-03-01&checkout=2025-03-08&dest_id=-390625&dest_type=city&group_adults=2&req_adults=2&no_rooms=1&group_children=0&req_children=0&hpos=9&hapos=883&sr_order=popularity&srpvid=a6ce4e38ac41034b&srepoch=1737803339&all_sr_blocks=1041101901_378583542_2_0_0&highlighted_blocks=1041101901_378583542_2_0_0&matching_block_id=1041101901_378583542_2_0_0&sr_pri_blocks=1041101901_378583542_2_0_0__131950&from=searchresults
Amazing apartment-3Bedrooms 3Bathrooms-Lavapiés,"Centro de Madrid, Madrid",https://www.booking.com/hotel/es/amazing-apartment-3bedrooms-3bathrooms-lavapies.es.html?label=gen173nr-1FCAEoggI46AdIClgEaEaIAQGYAQq4ARnIAQ_YAQHoAQH4AQKIAgGoAgO4ArL50rwGwAIB0gIkOGZlNzdlZTAtYjM2Ni00NjEwLWJjZDItYjc2NTUzNTkyZGM32AIF4AIB&sid=5ad11202ea9cc1c07c5ed8caaaf11387&aid=304142&ucfs=1&arphpl=1&checkin=2025-03-01&checkout=2025-03-08&dest_id=-390625&dest_type=city&group_adults=2&req_adults=2&no_rooms=1&group_children=0&req_children=0&hpos=10&hapos=884&sr_order=popularity&srpvid=a6ce4e38ac41034b&srepoch=1737803339&all_sr_blocks=1171675602_399445683_7_0_0&highlighted_blocks=1171675602_399445683_7_0_0&matching_block_id=1171675602_399445683_7_0_0&sr_pri_blocks=1171675602_399445683_7_0_0__251256&from=searchresults
Apartamentos Day Madrid CALLAO Centro Gran Via Sol Malasaña,"Centro de Madrid, Madrid",https://www.booking.com/hotel/es/apartamentos-centro-gran-via-puerta-del-sol-malasana.es.html?label=gen173nr-1FCAEoggI46AdIClgEaEaIAQGYAQq4ARnIAQ_YAQHoAQH4AQKIAgGoAgO4ArL50rwGwAIB0gIkOGZlNzdlZTAtYjM2Ni00NjEwLWJjZDItYjc2NTUzNTkyZGM32AIF4AIB&sid=5ad11202ea9cc1c07c5ed8caaaf11387&aid=304142&ucfs=1&arphpl=1&checkin=2025-03-01&checkout=2025-03-08&dest_id=-390625&dest_type=city&group_adults=2&req_adults=2&no_rooms=1&group_children=0&req_children=0&hpos=11&hapos=885&sr_order=popularity&srpvid=a6ce4e38ac41034b&srepoch=1737803339&all_sr_blocks=641803002_402769187_2_0_0&highlighted_blocks=641803002_402769187_2_0_0&matching_block_id=641803002_402769187_2_0_0&sr_pri_blocks=641803002_402769187_2_0_0__79429&from=searchresults
Chueca - Pedro Zerolo by SharingCo,"Centro de Madrid, Madrid",https://www.booking.com/hotel/es/madsa005vic1c.es.html?label=gen173nr-1FCAEoggI46AdIClgEaEaIAQGYAQq4ARnIAQ_YAQHoAQH4AQKIAgGoAgO4ArL50rwGwAIB0gIkOGZlNzdlZTAtYjM2Ni00NjEwLWJjZDItYjc2NTUzNTkyZGM32AIF4AIB&sid=5ad11202ea9cc1c07c5ed8caaaf11387&aid=304142&ucfs=1&arphpl=1&checkin=2025-03-01&checkout=2025-03-08&dest_id=-390625&dest_type=city&group_adults=2&req_adults=2&no_rooms=1&group_children=0&req_children=0&hpos=12&hapos=886&sr_order=popularity&srpvid=a6ce4e38ac41034b&srepoch=1737803339&all_sr_blocks=1145784502_387413911_2_0_0&highlighted_blocks=1145784502_387413911_2_0_0&matching_block_id=1145784502_387413911_2_0_0&sr_pri_blocks=1145784502_387413911_2_0_0__97861&from=searchresults
Apartamentos Day Madrid TRIBUNAL Centro Gran Via Sol,"Centro de Madrid, Madrid",https://www.booking.com/hotel/es/apartamentos-turisticos-malasana-centro-de-madrid.es.html?label=gen173nr-1FCAEoggI46AdIClgEaEaIAQGYAQq4ARnIAQ_YAQHoAQH4AQKIAgGoAgO4ArL50rwGwAIB0gIkOGZlNzdlZTAtYjM2Ni00NjEwLWJjZDItYjc2NTUzNTkyZGM32AIF4AIB&sid=5ad11202ea9cc1c07c5ed8caaaf11387&aid=304142&ucfs=1&arphpl=1&checkin=2025-03-01&checkout=2025-03-08&dest_id=-390625&dest_type=city&group_adults=2&req_adults=2&no_rooms=1&group_children=0&req_children=0&hpos=13&hapos=887&sr_order=popularity&srpvid=a6ce4e38ac41034b&srepoch=1737803339&all_sr_blocks=750402701_402762840_2_0_0&highlighted_blocks=750402701_402762840_2_0_0&matching_block_id=750402701_402762840_2_0_0&sr_pri_blocks=750402701_402762840_2_0_0__81429&from=searchresults
P CasaCafe Madrid Calle Carlos Dubois 3,"Moncloa - Aravaca, Madrid",https://www.booking.com/hotel/es/p1-habitacion-familiar-2-a-4-per-bano-compartido.es.html?label=gen173nr-1FCAEoggI46AdIClgEaEaIAQGYAQq4ARnIAQ_YAQHoAQH4AQKIAgGoAgO4ArL50rwGwAIB0gIkOGZlNzdlZTAtYjM2Ni00NjEwLWJjZDItYjc2NTUzNTkyZGM32AIF4AIB&sid=5ad11202ea9cc1c07c5ed8caaaf11387&aid=304142&ucfs=1&arphpl=1&checkin=2025-03-01&checkout=2025-03-08&dest_id=-390625&dest_type=city&group_adults=2&req_adults=2&no_rooms=1&group_children=0&req_children=0&hpos=14&hapos=888&sr_order=popularity&srpvid=a6ce4e38ac41034b&srepoch=1737803339&all_sr_blocks=1295872701_402496506_3_0_0&highlighted_blocks=1295872701_402496506_3_0_0&matching_block_id=1295872701_402496506_3_0_0&sr_pri_blocks=1295872701_402496506_3_0_0__47077&from=searchresults
AP Moderno y Acogedor Apartamento Madrid Centro,"Arganzuela, Madrid",https://www.booking.com/hotel/es/ap-apartamento-funcional-embajadores.es.html?label=gen173nr-1FCAEoggI46AdIClgEaEaIAQGYAQq4ARnIAQ_YAQHoAQH4AQKIAgGoAgO4ArL50rwGwAIB0gIkOGZlNzdlZTAtYjM2Ni00NjEwLWJjZDItYjc2NTUzNTkyZGM32AIF4AIB&sid=5ad11202ea9cc1c07c5ed8caaaf11387&aid=304142&ucfs=1&arphpl=1&checkin=2025-03-01&checkout=2025-03-08&dest_id=-390625&dest_type=city&group_adults=2&req_adults=2&no_rooms=1&group_children=0&req_children=0&hpos=15&hapos=889&sr_order=popularity&srpvid=a6ce4e38ac41034b&srepoch=1737803339&all_sr_blocks=1327619602_405354457_2_0_0&highlighted_blocks=1327619602_405354457_2_0_0&matching_block_id=1327619602_405354457_2_0_0&sr_pri_blocks=1327619602_405354457_2_0_0__82755&from=searchresults
LA MADRILEÑA,"Arganzuela, Madrid",https://www.booking.com/hotel/es/la-madrilena.es.html?label=gen173nr-1FCAEoggI46AdIClgEaEaIAQGYAQq4ARnIAQ_YAQHoAQH4AQKIAgGoAgO4ArL50rwGwAIB0gIkOGZlNzdlZTAtYjM2Ni00NjEwLWJjZDItYjc2NTUzNTkyZGM32AIF4AIB&sid=5ad11202ea9cc1c07c5ed8caaaf11387&aid=304142&ucfs=1&arphpl=1&checkin=2025-03-01&checkout=2025-03-08&dest_id=-390625&dest_type=city&group_adults=2&req_adults=2&no_rooms=1&group_children=0&req_children=0&hpos=16&hapos=890&sr_order=popularity&srpvid=a6ce4e38ac41034b&srepoch=1737803339&all_sr_blocks=1188534802_395671561_2_0_0&highlighted_blocks=1188534802_395671561_2_0_0&matching_block_id=1188534802_395671561_2_0_0&sr_pri_blocks=1188534802_395671561_2_0_0__128670&from=searchresults
Encantador apartamento en Barajas by beBalmy,"Barajas, Madrid",https://www.booking.com/hotel/es/encantador-apartamento-en-barajas-by-bebalmy.es.html?label=gen173nr-1FCAEoggI46AdIClgEaEaIAQGYAQq4ARnIAQ_YAQHoAQH4AQKIAgGoAgO4ArL50rwGwAIB0gIkOGZlNzdlZTAtYjM2Ni00NjEwLWJjZDItYjc2NTUzNTkyZGM32AIF4AIB&sid=5ad11202ea9cc1c07c5ed8caaaf11387&aid=304142&ucfs=1&arphpl=1&checkin=2025-03-01&checkout=2025-03-08&dest_id=-390625&dest_type=city&group_adults=2&req_adults=2&no_rooms=1&group_children=0&req_children=0&hpos=17&hapos=891&sr_order=popularity&srpvid=a6ce4e38ac41034b&srepoch=1737803339&all_sr_blocks=1344386801_406800922_4_0_0&highlighted_blocks=1344386801_406800922_4_0_0&matching_block_id=1344386801_406800922_4_0_0&sr_pri_blocks=1344386801_406800922_4_0_0__87050&from=searchresults
Cómodo piso cerca del Aeropuerto by beBalmy,"Barajas, Madrid",https://www.booking.com/hotel/es/comfortable-apartment-near-airport-by-bebalmy.es.html?label=gen173nr-1FCAEoggI46AdIClgEaEaIAQGYAQq4ARnIAQ_YAQHoAQH4AQKIAgGoAgO4ArL50rwGwAIB0gIkOGZlNzdlZTAtYjM2Ni00NjEwLWJjZDItYjc2NTUzNTkyZGM32AIF4AIB&sid=5ad11202ea9cc1c07c5ed8caaaf11387&aid=304142&ucfs=1&arphpl=1&checkin=2025-03-01&checkout=2025-03-08&dest_id=-390625&dest_type=city&group_adults=2&req_adults=2&no_rooms=1&group_children=0&req_children=0&hpos=18&hapos=892&sr_order=popularity&srpvid=a6ce4e38ac41034b&srepoch=1737803339&all_sr_blocks=1256675401_398212346_4_0_0&highlighted_blocks=1256675401_398212346_4_0_0&matching_block_id=1256675401_398212346_4_0_0&sr_pri_blocks=1256675401_398212346_4_0_0__79434&from=searchresults
Chamberí Living - Nuevos Apartamentos de Lujo,"Chamberí, Madrid",https://www.booking.com/hotel/es/chamberi-living-nuevos-apartamentos-de-lujo.es.html?label=gen173nr-1FCAEoggI46AdIClgEaEaIAQGYAQq4ARnIAQ_YAQHoAQH4AQKIAgGoAgO4ArL50rwGwAIB0gIkOGZlNzdlZTAtYjM2Ni00NjEwLWJjZDItYjc2NTUzNTkyZGM32AIF4AIB&sid=5ad11202ea9cc1c07c5ed8caaaf11387&aid=304142&ucfs=1&arphpl=1&checkin=2025-03-01&checkout=2025-03-08&dest_id=-390625&dest_type=city&group_adults=2&req_adults=2&no_rooms=1&group_children=0&req_children=0&hpos=19&hapos=893&sr_order=popularity&srpvid=a6ce4e38ac41034b&srepoch=1737803339&all_sr_blocks=1060047803_378334387_4_0_0&highlighted_blocks=1060047803_378334387_4_0_0&matching_block_id=1060047803_378334387_4_0_0&sr_pri_blocks=1060047803_378334387_4_0_0__149483&from=searchresults
Cozy 2 bedroom apartment with patio,"Carabanchel, Madrid",https://www.booking.com/hotel/es/cozy-2-bedroom-apartment-with-patio.es.html?label=gen173nr-1FCAEoggI46AdIClgEaEaIAQGYAQq4ARnIAQ_YAQHoAQH4AQKIAgGoAgO4ArL50rwGwAIB0gIkOGZlNzdlZTAtYjM2Ni00NjEwLWJjZDItYjc2NTUzNTkyZGM32AIF4AIB&sid=5ad11202ea9cc1c07c5ed8caaaf11387&aid=304142&ucfs=1&arphpl=1&checkin=2025-03-01&checkout=2025-03-08&dest_id=-390625&dest_type=city&group_adults=2&req_adults=2&no_rooms=1&group_children=0&req_children=0&hpos=20&hapos=894&sr_order=popularity&srpvid=a6ce4e38ac41034b&srepoch=1737803339&all_sr_blocks=1066087201_381922282_4_0_0&highlighted_blocks=1066087201_381922282_4_0_0&matching_block_id=1066087201_381922282_4_0_0&sr_pri_blocks=1066087201_381922282_4_0_0__122767&from=searchresults
Calle Regueros Loft para 3pax en pleno Chueca,"Centro de Madrid, Madrid",https://www.booking.com/hotel/es/calle-regueros-loft-para-3pax-en-pleno-chueca.es.html?label=gen173nr-1FCAEoggI46AdIClgEaEaIAQGYAQq4ARnIAQ_YAQHoAQH4AQKIAgGoAgO4ArL50rwGwAIB0gIkOGZlNzdlZTAtYjM2Ni00NjEwLWJjZDItYjc2NTUzNTkyZGM32AIF4AIB&sid=5ad11202ea9cc1c07c5ed8caaaf11387&aid=304142&ucfs=1&arphpl=1&checkin=2025-03-01&checkout=2025-03-08&dest_id=-390625&dest_type=city&group_adults=2&req_adults=2&no_rooms=1&group_children=0&req_children=0&hpos=21&hapos=895&sr_order=popularity&srpvid=a6ce4e38ac41034b&srepoch=1737803339&all_sr_blocks=1136273502_386256620_3_0_0&highlighted_blocks=1136273502_386256620_3_0_0&matching_block_id=1136273502_386256620_3_0_0&sr_pri_blocks=1136273502_386256620_3_0_0__113625&from=searchresults
Centro Mirasierra - Metro Usera 02,"Usera, Madrid",https://www.booking.com/hotel/es/centro-usera-47-mirasierra-2.es.html?label=gen173nr-1FCAEoggI46AdIClgEaEaIAQGYAQq4ARnIAQ_YAQHoAQH4AQKIAgGoAgO4ArL50rwGwAIB0gIkOGZlNzdlZTAtYjM2Ni00NjEwLWJjZDItYjc2NTUzNTkyZGM32AIF4AIB&sid=5ad11202ea9cc1c07c5ed8caaaf11387&aid=304142&ucfs=1&arphpl=1&checkin=2025-03-01&checkout=2025-03-08&dest_id=-390625&dest_type=city&group_adults=2&req_adults=2&no_rooms=1&group_children=0&req_children=0&hpos=22&hapos=896&sr_order=popularity&srpvid=a6ce4e38ac41034b&srepoch=1737803339&all_sr_blocks=788789301_338522342_2_0_0&highlighted_blocks=788789301_338522342_2_0_0&matching_block_id=788789301_338522342_2_0_0&sr_pri_blocks=788789301_338522342_2_0_0__48812&from=searchresults
Acogedor y luminoso ZONA BERNABEU,"Chamartín, Madrid",https://www.booking.com/hotel/es/acogedor-y-luminoso-zona-bernabeu.es.html?label=gen173nr-1FCAEoggI46AdIClgEaEaIAQGYAQq4ARnIAQ_YAQHoAQH4AQKIAgGoAgO4ArL50rwGwAIB0gIkOGZlNzdlZTAtYjM2Ni00NjEwLWJjZDItYjc2NTUzNTkyZGM32AIF4AIB&sid=5ad11202ea9cc1c07c5ed8caaaf11387&aid=304142&ucfs=1&arphpl=1&checkin=2025-03-01&checkout=2025-03-08&dest_id=-390625&dest_type=city&group_adults=2&req_adults=2&no_rooms=1&group_children=0&req_children=0&hpos=23&hapos=897&sr_order=popularity&srpvid=a6ce4e38ac41034b&srepoch=1737803339&all_sr_blocks=1236763301_399068548_2_0_0&highlighted_blocks=1236763301_399068548_2_0_0&matching_block_id=1236763301_399068548_2_0_0&sr_pri_blocks=1236763301_399068548_2_0_0__75070&from=searchresults
Palacete de la Almudayna,"Chamberí, Madrid",https://www.booking.com/hotel/es/residencial-dona-berenguela.es.html?label=gen173nr-1FCAEoggI46AdIClgEaEaIAQGYAQq4ARnIAQ_YAQHoAQH4AQKIAgGoAgO4ArL50rwGwAIB0gIkOGZlNzdlZTAtYjM2Ni00NjEwLWJjZDItYjc2NTUzNTkyZGM32AIF4AIB&sid=5ad11202ea9cc1c07c5ed8caaaf11387&aid=304142&ucfs=1&arphpl=1&checkin=2025-03-01&checkout=2025-03-08&dest_id=-390625&dest_type=city&group_adults=2&req_adults=2&no_rooms=1&group_children=0&req_children=0&hpos=24&hapos=898&sr_order=popularity&srpvid=a6ce4e38ac41034b&srepoch=1737803339&all_sr_blocks=182297413_91527785_2_0_0&highlighted_blocks=182297413_91527785_2_0_0&matching_block_id=182297413_91527785_2_0_0&sr_pri_blocks=182297413_91527785_2_0_0__87878&from=searchresults
Hostel Space Capsule,"Usera, Madrid",https://www.booking.com/hotel/es/hostel-napoles.es.html?label=gen173nr-1FCAEoggI46AdIClgEaEaIAQGYAQq4ARnIAQ_YAQHoAQH4AQKIAgGoAgO4ArL50rwGwAIB0gIkOGZlNzdlZTAtYjM2Ni00NjEwLWJjZDItYjc2NTUzNTkyZGM32AIF4AIB&sid=5ad11202ea9cc1c07c5ed8caaaf11387&aid=304142&ucfs=1&arphpl=1&checkin=2025-03-01&checkout=2025-03-08&dest_id=-390625&dest_type=city&group_adults=2&req_adults=2&no_rooms=1&group_children=0&req_children=0&hpos=25&hapos=899&sr_order=popularity&srpvid=a6ce4e38ac41034b&srepoch=1737803339&all_sr_blocks=789764002_344838811_2_0_0&highlighted_blocks=789764002_344838811_2_0_0&matching_block_id=789764002_344838811_2_0_0&sr_pri_blocks=789764002_344838811_2_0_0__25300&from=searchresults
Ristbe Rooms,"Centro de Madrid, Madrid",https://www.booking.com/hotel/es/ristbe-rooms.es.html?label=gen173nr-1FCAEoggI46AdIClgEaEaIAQGYAQq4ARnIAQ_YAQHoAQH4AQKIAgGoAgO4ArL50rwGwAIB0gIkOGZlNzdlZTAtYjM2Ni00NjEwLWJjZDItYjc2NTUzNTkyZGM32AIF4AIB&sid=5ad11202ea9cc1c07c5ed8caaaf11387&aid=304142&ucfs=1&arphpl=1&checkin=2025-03-01&checkout=2025-03-08&dest_id=-390625&dest_type=city&group_adults=2&req_adults=2&no_rooms=1&group_children=0&req_children=0&hpos=1&hapos=900&sr_order=popularity&srpvid=a6ce4e38ac41034b&srepoch=1737803344&all_sr_blocks=1280011601_400936592_2_0_0&highlighted_blocks=1280011601_400936592_2_0_0&matching_block_id=1280011601_400936592_2_0_0&sr_pri_blocks=1280011601_400936592_2_0_0__78500&from=searchresults
Madrid Aeropuerto Metropolitano AR,"San Blas, Madrid",https://www.booking.com/hotel/es/madrid-aeropuerto-metropolitano-ar.es.html?label=gen173nr-1FCAEoggI46AdIClgEaEaIAQGYAQq4ARnIAQ_YAQHoAQH4AQKIAgGoAgO4ArL50rwGwAIB0gIkOGZlNzdlZTAtYjM2Ni00NjEwLWJjZDItYjc2NTUzNTkyZGM32AIF4AIB&sid=5ad11202ea9cc1c07c5ed8caaaf11387&aid=304142&ucfs=1&arphpl=1&checkin=2025-03-01&checkout=2025-03-08&dest_id=-390625&dest_type=city&group_adults=2&req_adults=2&no_rooms=1&group_children=0&req_children=0&hpos=2&hapos=901&sr_order=popularity&srpvid=a6ce4e38ac41034b&srepoch=1737803344&all_sr_blocks=1205944701_401878008_2_0_0&highlighted_blocks=1205944701_401878008_2_0_0&matching_block_id=1205944701_401878008_2_0_0&sr_pri_blocks=1205944701_401878008_2_0_0__75508&from=searchresults
Charming Sol Apartment III,"Centro de Madrid, Madrid",https://www.booking.com/hotel/es/charming-sol-apartments.es.html?label=gen173nr-1FCAEoggI46AdIClgEaEaIAQGYAQq4ARnIAQ_YAQHoAQH4AQKIAgGoAgO4ArL50rwGwAIB0gIkOGZlNzdlZTAtYjM2Ni00NjEwLWJjZDItYjc2NTUzNTkyZGM32AIF4AIB&sid=5ad11202ea9cc1c07c5ed8caaaf11387&aid=304142&ucfs=1&arphpl=1&checkin=2025-03-01&checkout=2025-03-08&dest_id=-390625&dest_type=city&group_adults=2&req_adults=2&no_rooms=1&group_children=0&req_children=0&hpos=3&hapos=902&sr_order=popularity&srpvid=a6ce4e38ac41034b&srepoch=1737803344&all_sr_blocks=1212932103_393503427_2_0_0&highlighted_blocks=1212932103_393503427_2_0_0&matching_block_id=1212932103_393503427_2_0_0&sr_pri_blocks=1212932103_393503427_2_0_0__82749&from=searchresults
Precioso apartamento de 2 habitaciones by beBalmy,"Chamberí, Madrid",https://www.booking.com/hotel/es/precioso-apartamento-de-2-habitaciones.es.html?label=gen173nr-1FCAEoggI46AdIClgEaEaIAQGYAQq4ARnIAQ_YAQHoAQH4AQKIAgGoAgO4ArL50rwGwAIB0gIkOGZlNzdlZTAtYjM2Ni00NjEwLWJjZDItYjc2NTUzNTkyZGM32AIF4AIB&sid=5ad11202ea9cc1c07c5ed8caaaf11387&aid=304142&ucfs=1&arphpl=1&checkin=2025-03-01&checkout=2025-03-08&dest_id=-390625&dest_type=city&group_adults=2&req_adults=2&no_rooms=1&group_children=0&req_children=0&hpos=4&hapos=903&sr_order=popularity&srpvid=a6ce4e38ac41034b&srepoch=1737803344&all_sr_blocks=904537201_365075645_4_0_0&highlighted_blocks=904537201_365075645_4_0_0&matching_block_id=904537201_365075645_4_0_0&sr_pri_blocks=904537201_365075645_4_0_0__141444&from=searchresults
Modern Apartment with Terrace near the Center,"Carabanchel, Madrid",https://www.booking.com/hotel/es/modern-apartment-with-terrace-near-the-center-madrid.es.html?label=gen173nr-1FCAEoggI46AdIClgEaEaIAQGYAQq4ARnIAQ_YAQHoAQH4AQKIAgGoAgO4ArL50rwGwAIB0gIkOGZlNzdlZTAtYjM2Ni00NjEwLWJjZDItYjc2NTUzNTkyZGM32AIF4AIB&sid=5ad11202ea9cc1c07c5ed8caaaf11387&aid=304142&ucfs=1&arphpl=1&checkin=2025-03-01&checkout=2025-03-08&dest_id=-390625&dest_type=city&group_adults=2&req_adults=2&no_rooms=1&group_children=0&req_children=0&hpos=5&hapos=904&sr_order=popularity&srpvid=a6ce4e38ac41034b&srepoch=1737803344&all_sr_blocks=1347916801_407139885_3_0_0&highlighted_blocks=1347916801_407139885_3_0_0&matching_block_id=1347916801_407139885_3_0_0&sr_pri_blocks=1347916801_407139885_3_0_0__53071&from=searchresults
"Juan Pantoja, apartamento para 2 en metro Alvarado","Tetuán, Madrid",https://www.booking.com/hotel/es/juan-pantoja-16-metro-alvarado.es.html?label=gen173nr-1FCAEoggI46AdIClgEaEaIAQGYAQq4ARnIAQ_YAQHoAQH4AQKIAgGoAgO4ArL50rwGwAIB0gIkOGZlNzdlZTAtYjM2Ni00NjEwLWJjZDItYjc2NTUzNTkyZGM32AIF4AIB&sid=5ad11202ea9cc1c07c5ed8caaaf11387&aid=304142&ucfs=1&arphpl=1&checkin=2025-03-01&checkout=2025-03-08&dest_id=-390625&dest_type=city&group_adults=2&req_adults=2&no_rooms=1&group_children=0&req_children=0&hpos=6&hapos=905&sr_order=popularity&srpvid=a6ce4e38ac41034b&srepoch=1737803344&all_sr_blocks=1119119001_384731566_2_0_0&highlighted_blocks=1119119001_384731566_2_0_0&matching_block_id=1119119001_384731566_2_0_0&sr_pri_blocks=1119119001_384731566_2_0_0__59910&from=searchresults
BNBHolder CALLAO es MIA,"Centro de Madrid, Madrid",https://www.booking.com/hotel/es/callao-es-mia.es.html?label=gen173nr-1FCAEoggI46AdIClgEaEaIAQGYAQq4ARnIAQ_YAQHoAQH4AQKIAgGoAgO4ArL50rwGwAIB0gIkOGZlNzdlZTAtYjM2Ni00NjEwLWJjZDItYjc2NTUzNTkyZGM32AIF4AIB&sid=5ad11202ea9cc1c07c5ed8caaaf11387&aid=304142&ucfs=1&arphpl=1&checkin=2025-03-01&checkout=2025-03-08&dest_id=-390625&dest_type=city&group_adults=2&req_adults=2&no_rooms=1&group_children=0&req_children=0&hpos=7&hapos=906&sr_order=popularity&srpvid=a6ce4e38ac41034b&srepoch=1737803344&all_sr_blocks=428860702_383725065_2_0_0&highlighted_blocks=428860702_383725065_2_0_0&matching_block_id=428860702_383725065_2_0_0&sr_pri_blocks=428860702_383725065_2_0_0__111196&from=searchresults
Apartamento Mercurio- Barajas 1B,"Barajas, Madrid",https://www.booking.com/hotel/es/apartamento-mercurio-barajas-1b.es.html?label=gen173nr-1FCAEoggI46AdIClgEaEaIAQGYAQq4ARnIAQ_YAQHoAQH4AQKIAgGoAgO4ArL50rwGwAIB0gIkOGZlNzdlZTAtYjM2Ni00NjEwLWJjZDItYjc2NTUzNTkyZGM32AIF4AIB&sid=5ad11202ea9cc1c07c5ed8caaaf11387&aid=304142&ucfs=1&arphpl=1&checkin=2025-03-01&checkout=2025-03-08&dest_id=-390625&dest_type=city&group_adults=2&req_adults=2&no_rooms=1&group_children=0&req_children=0&hpos=8&hapos=907&sr_order=popularity&srpvid=a6ce4e38ac41034b&srepoch=1737803344&all_sr_blocks=1332959501_405811847_2_0_0&highlighted_blocks=1332959501_405811847_2_0_0&matching_block_id=1332959501_405811847_2_0_0&sr_pri_blocks=1332959501_405811847_2_0_0__72560&from=searchresults
Petit Palace Santa Bárbara,"Centro de Madrid, Madrid",https://www.booking.com/hotel/es/petit-palace-santa-barbara.es.html?label=gen173nr-1FCAEoggI46AdIClgEaEaIAQGYAQq4ARnIAQ_YAQHoAQH4AQKIAgGoAgO4ArL50rwGwAIB0gIkOGZlNzdlZTAtYjM2Ni00NjEwLWJjZDItYjc2NTUzNTkyZGM32AIF4AIB&sid=5ad11202ea9cc1c07c5ed8caaaf11387&aid=304142&ucfs=1&arphpl=1&checkin=2025-03-01&checkout=2025-03-08&dest_id=-390625&dest_type=city&group_adults=2&req_adults=2&no_rooms=1&group_children=0&req_children=0&hpos=9&hapos=908&sr_order=popularity&srpvid=a6ce4e38ac41034b&srepoch=1737803344&all_sr_blocks=3840301_0_2_1_0&highlighted_blocks=3840301_0_2_1_0&matching_block_id=3840301_0_2_1_0&sr_pri_blocks=3840301_0_2_1_0__174192&from=searchresults
El Mercado de San Miguel,"Centro de Madrid, Madrid",https://www.booking.com/hotel/es/el-mercado-de-san-miguel.es.html?label=gen173nr-1FCAEoggI46AdIClgEaEaIAQGYAQq4ARnIAQ_YAQHoAQH4AQKIAgGoAgO4ArL50rwGwAIB0gIkOGZlNzdlZTAtYjM2Ni00NjEwLWJjZDItYjc2NTUzNTkyZGM32AIF4AIB&sid=5ad11202ea9cc1c07c5ed8caaaf11387&aid=304142&ucfs=1&arphpl=1&checkin=2025-03-01&checkout=2025-03-08&dest_id=-390625&dest_type=city&group_adults=2&req_adults=2&no_rooms=1&group_children=0&req_children=0&hpos=10&hapos=909&sr_order=popularity&srpvid=a6ce4e38ac41034b&srepoch=1737803344&all_sr_blocks=937548502_392537005_0_0_0&highlighted_blocks=937548502_392537005_0_0_0&matching_block_id=937548502_392537005_0_0_0&sr_pri_blocks=937548502_392537005_0_0_0__86590&from=searchresults
"Santa Isabel Apartments, Madrid Centre","Centro de Madrid, Madrid",https://www.booking.com/hotel/es/smarapart-madrid-centre-sta-isabel.es.html?label=gen173nr-1FCAEoggI46AdIClgEaEaIAQGYAQq4ARnIAQ_YAQHoAQH4AQKIAgGoAgO4ArL50rwGwAIB0gIkOGZlNzdlZTAtYjM2Ni00NjEwLWJjZDItYjc2NTUzNTkyZGM32AIF4AIB&sid=5ad11202ea9cc1c07c5ed8caaaf11387&aid=304142&ucfs=1&arphpl=1&checkin=2025-03-01&checkout=2025-03-08&dest_id=-390625&dest_type=city&group_adults=2&req_adults=2&no_rooms=1&group_children=0&req_children=0&hpos=11&hapos=910&sr_order=popularity&srpvid=a6ce4e38ac41034b&srepoch=1737803344&all_sr_blocks=496317702_166967949_2_0_0&highlighted_blocks=496317702_166967949_2_0_0&matching_block_id=496317702_166967949_2_0_0&sr_pri_blocks=496317702_166967949_2_0_0__58282&from=searchresults
Casa de Huespedes Carabanchel2,"Carabanchel, Madrid",https://www.booking.com/hotel/es/casa-de-huespedes-carabanchel2.es.html?label=gen173nr-1FCAEoggI46AdIClgEaEaIAQGYAQq4ARnIAQ_YAQHoAQH4AQKIAgGoAgO4ArL50rwGwAIB0gIkOGZlNzdlZTAtYjM2Ni00NjEwLWJjZDItYjc2NTUzNTkyZGM32AIF4AIB&sid=5ad11202ea9cc1c07c5ed8caaaf11387&aid=304142&ucfs=1&arphpl=1&checkin=2025-03-01&checkout=2025-03-08&dest_id=-390625&dest_type=city&group_adults=2&req_adults=2&no_rooms=1&group_children=0&req_children=0&hpos=12&hapos=911&sr_order=popularity&srpvid=a6ce4e38ac41034b&srepoch=1737803344&all_sr_blocks=1216400401_393825796_2_0_0&highlighted_blocks=1216400401_393825796_2_0_0&matching_block_id=1216400401_393825796_2_0_0&sr_pri_blocks=1216400401_393825796_2_0_0__67241&from=searchresults
Alojamiento Mediavilla,"Puente de Vallecas, Madrid",https://www.booking.com/hotel/es/apartamentos-mediavilla-madrid.es.html?label=gen173nr-1FCAEoggI46AdIClgEaEaIAQGYAQq4ARnIAQ_YAQHoAQH4AQKIAgGoAgO4ArL50rwGwAIB0gIkOGZlNzdlZTAtYjM2Ni00NjEwLWJjZDItYjc2NTUzNTkyZGM32AIF4AIB&sid=5ad11202ea9cc1c07c5ed8caaaf11387&aid=304142&ucfs=1&arphpl=1&checkin=2025-03-01&checkout=2025-03-08&dest_id=-390625&dest_type=city&group_adults=2&req_adults=2&no_rooms=1&group_children=0&req_children=0&hpos=13&hapos=912&sr_order=popularity&srpvid=a6ce4e38ac41034b&srepoch=1737803344&all_sr_blocks=996955802_372565022_2_0_0&highlighted_blocks=996955802_372565022_2_0_0&matching_block_id=996955802_372565022_2_0_0&sr_pri_blocks=996955802_372565022_2_0_0__35100&from=searchresults
Hotel Nido Príncipe Pío,"Moncloa - Aravaca, Madrid",https://www.booking.com/hotel/es/nido-principe-pio.es.html?label=gen173nr-1FCAEoggI46AdIClgEaEaIAQGYAQq4ARnIAQ_YAQHoAQH4AQKIAgGoAgO4ArL50rwGwAIB0gIkOGZlNzdlZTAtYjM2Ni00NjEwLWJjZDItYjc2NTUzNTkyZGM32AIF4AIB&sid=5ad11202ea9cc1c07c5ed8caaaf11387&aid=304142&ucfs=1&arphpl=1&checkin=2025-03-01&checkout=2025-03-08&dest_id=-390625&dest_type=city&group_adults=2&req_adults=2&no_rooms=1&group_children=0&req_children=0&hpos=14&hapos=913&sr_order=popularity&srpvid=a6ce4e38ac41034b&srepoch=1737803344&all_sr_blocks=1305888601_403422947_2_1_0&highlighted_blocks=1305888601_403422947_2_1_0&matching_block_id=1305888601_403422947_2_1_0&sr_pri_blocks=1305888601_403422947_2_1_0__120060&from=searchresults
2 bedrooms 2bathrooms furnished - Chamberi - refurbished - MintyStay,"Chamberí, Madrid",https://www.booking.com/hotel/es/2-bedrooms-2bathrooms-furnished-chamberi-refurbished-mintystay.es.html?label=gen173nr-1FCAEoggI46AdIClgEaEaIAQGYAQq4ARnIAQ_YAQHoAQH4AQKIAgGoAgO4ArL50rwGwAIB0gIkOGZlNzdlZTAtYjM2Ni00NjEwLWJjZDItYjc2NTUzNTkyZGM32AIF4AIB&sid=5ad11202ea9cc1c07c5ed8caaaf11387&aid=304142&ucfs=1&arphpl=1&checkin=2025-03-01&checkout=2025-03-08&dest_id=-390625&dest_type=city&group_adults=2&req_adults=2&no_rooms=1&group_children=0&req_children=0&hpos=15&hapos=914&sr_order=popularity&srpvid=a6ce4e38ac41034b&srepoch=1737803344&all_sr_blocks=1171674102_390294024_4_0_0&highlighted_blocks=1171674102_390294024_4_0_0&matching_block_id=1171674102_390294024_4_0_0&sr_pri_blocks=1171674102_390294024_4_0_0__157196&from=searchresults
Nuevo apartamento cerca del IFEMA by beBalmy,"Hortaleza, Madrid",https://www.booking.com/hotel/es/nuevo-apartamento-cerca-del-ifema-by-bebalmy.es.html?label=gen173nr-1FCAEoggI46AdIClgEaEaIAQGYAQq4ARnIAQ_YAQHoAQH4AQKIAgGoAgO4ArL50rwGwAIB0gIkOGZlNzdlZTAtYjM2Ni00NjEwLWJjZDItYjc2NTUzNTkyZGM32AIF4AIB&sid=5ad11202ea9cc1c07c5ed8caaaf11387&aid=304142&ucfs=1&arphpl=1&checkin=2025-03-01&checkout=2025-03-08&dest_id=-390625&dest_type=city&group_adults=2&req_adults=2&no_rooms=1&group_children=0&req_children=0&hpos=16&hapos=915&sr_order=popularity&srpvid=a6ce4e38ac41034b&srepoch=1737803344&all_sr_blocks=1253039601_397818934_4_0_0&highlighted_blocks=1253039601_397818934_4_0_0&matching_block_id=1253039601_397818934_4_0_0&sr_pri_blocks=1253039601_397818934_4_0_0__127901&from=searchresults
"Location, style & comfort","Chamberí, Madrid",https://www.booking.com/hotel/es/location-style-amp-comfort.es.html?label=gen173nr-1FCAEoggI46AdIClgEaEaIAQGYAQq4ARnIAQ_YAQHoAQH4AQKIAgGoAgO4ArL50rwGwAIB0gIkOGZlNzdlZTAtYjM2Ni00NjEwLWJjZDItYjc2NTUzNTkyZGM32AIF4AIB&sid=5ad11202ea9cc1c07c5ed8caaaf11387&aid=304142&ucfs=1&arphpl=1&checkin=2025-03-01&checkout=2025-03-08&dest_id=-390625&dest_type=city&group_adults=2&req_adults=2&no_rooms=1&group_children=0&req_children=0&hpos=17&hapos=916&sr_order=popularity&srpvid=a6ce4e38ac41034b&srepoch=1737803344&all_sr_blocks=1341793301_406580669_2_0_0&highlighted_blocks=1341793301_406580669_2_0_0&matching_block_id=1341793301_406580669_2_0_0&sr_pri_blocks=1341793301_406580669_2_0_0__93289&from=searchresults
Hostal Santa Barbara,"Centro de Madrid, Madrid",https://www.booking.com/hotel/es/santa-barbara-madrid.es.html?label=gen173nr-1FCAEoggI46AdIClgEaEaIAQGYAQq4ARnIAQ_YAQHoAQH4AQKIAgGoAgO4ArL50rwGwAIB0gIkOGZlNzdlZTAtYjM2Ni00NjEwLWJjZDItYjc2NTUzNTkyZGM32AIF4AIB&sid=5ad11202ea9cc1c07c5ed8caaaf11387&aid=304142&ucfs=1&arphpl=1&checkin=2025-03-01&checkout=2025-03-08&dest_id=-390625&dest_type=city&group_adults=2&req_adults=2&no_rooms=1&group_children=0&req_children=0&hpos=18&hapos=917&sr_order=popularity&srpvid=a6ce4e38ac41034b&srepoch=1737803344&all_sr_blocks=32049702_338925366_0_0_0&highlighted_blocks=32049702_338925366_0_0_0&matching_block_id=32049702_338925366_0_0_0&sr_pri_blocks=32049702_338925366_0_0_0__67500&from=searchresults
Cozy and comfortable - 1Bd 1Bth- Malasaña,"Centro de Madrid, Madrid",https://www.booking.com/hotel/es/1-bedroom-1-bathroom-furnished-malasana-comfortable-in-downtown-area-mintystay.es.html?label=gen173nr-1FCAEoggI46AdIClgEaEaIAQGYAQq4ARnIAQ_YAQHoAQH4AQKIAgGoAgO4ArL50rwGwAIB0gIkOGZlNzdlZTAtYjM2Ni00NjEwLWJjZDItYjc2NTUzNTkyZGM32AIF4AIB&sid=5ad11202ea9cc1c07c5ed8caaaf11387&aid=304142&ucfs=1&arphpl=1&checkin=2025-03-01&checkout=2025-03-08&dest_id=-390625&dest_type=city&group_adults=2&req_adults=2&no_rooms=1&group_children=0&req_children=0&hpos=19&hapos=918&sr_order=popularity&srpvid=a6ce4e38ac41034b&srepoch=1737803344&all_sr_blocks=673230202_383113514_4_0_0&highlighted_blocks=673230202_383113514_4_0_0&matching_block_id=673230202_383113514_4_0_0&sr_pri_blocks=673230202_383113514_4_0_0__117942&from=searchresults
"Fantástico Piso en La Latina, Madrid 6 personas","Centro de Madrid, Madrid",https://www.booking.com/hotel/es/fantastico-piso-en-la-latina-madrid.es.html?label=gen173nr-1FCAEoggI46AdIClgEaEaIAQGYAQq4ARnIAQ_YAQHoAQH4AQKIAgGoAgO4ArL50rwGwAIB0gIkOGZlNzdlZTAtYjM2Ni00NjEwLWJjZDItYjc2NTUzNTkyZGM32AIF4AIB&sid=5ad11202ea9cc1c07c5ed8caaaf11387&aid=304142&ucfs=1&arphpl=1&checkin=2025-03-01&checkout=2025-03-08&dest_id=-390625&dest_type=city&group_adults=2&req_adults=2&no_rooms=1&group_children=0&req_children=0&hpos=20&hapos=919&sr_order=popularity&srpvid=a6ce4e38ac41034b&srepoch=1737803344&all_sr_blocks=900342801_360717333_6_0_0&highlighted_blocks=900342801_360717333_6_0_0&matching_block_id=900342801_360717333_6_0_0&sr_pri_blocks=900342801_360717333_6_0_0__257429&from=searchresults
Madrid javalambre 3,"Puente de Vallecas, Madrid",https://www.booking.com/hotel/es/madrid-javalambre-b.es.html?label=gen173nr-1FCAEoggI46AdIClgEaEaIAQGYAQq4ARnIAQ_YAQHoAQH4AQKIAgGoAgO4ArL50rwGwAIB0gIkOGZlNzdlZTAtYjM2Ni00NjEwLWJjZDItYjc2NTUzNTkyZGM32AIF4AIB&sid=5ad11202ea9cc1c07c5ed8caaaf11387&aid=304142&ucfs=1&arphpl=1&checkin=2025-03-01&checkout=2025-03-08&dest_id=-390625&dest_type=city&group_adults=2&req_adults=2&no_rooms=1&group_children=0&req_children=0&hpos=21&hapos=920&sr_order=popularity&srpvid=a6ce4e38ac41034b&srepoch=1737803344&all_sr_blocks=1339640501_406382115_2_0_0&highlighted_blocks=1339640501_406382115_2_0_0&matching_block_id=1339640501_406382115_2_0_0&sr_pri_blocks=1339640501_406382115_2_0_0__86157&from=searchresults
Posada del Dragón Boutique Hotel,"Centro de Madrid, Madrid",https://www.booking.com/hotel/es/posada-del-dragon.es.html?label=gen173nr-1FCAEoggI46AdIClgEaEaIAQGYAQq4ARnIAQ_YAQHoAQH4AQKIAgGoAgO4ArL50rwGwAIB0gIkOGZlNzdlZTAtYjM2Ni00NjEwLWJjZDItYjc2NTUzNTkyZGM32AIF4AIB&sid=5ad11202ea9cc1c07c5ed8caaaf11387&aid=304142&ucfs=1&arphpl=1&checkin=2025-03-01&checkout=2025-03-08&dest_id=-390625&dest_type=city&group_adults=2&req_adults=2&no_rooms=1&group_children=0&req_children=0&hpos=22&hapos=921&sr_order=popularity&srpvid=a6ce4e38ac41034b&srepoch=1737803344&all_sr_blocks=30230002_308160597_0_2_0_474679&highlighted_blocks=30230002_308160597_0_2_0_474679&matching_block_id=30230002_308160597_0_2_0_474679&sr_pri_blocks=30230002_308160597_0_2_0_474679_158300&from=searchresults
MintyStay - Granada 41,"Retiro, Madrid",https://www.booking.com/hotel/es/3-bedrooms-2-bathrooms-furnished-retiro-spacious-mintystay.es.html?label=gen173nr-1FCAEoggI46AdIClgEaEaIAQGYAQq4ARnIAQ_YAQHoAQH4AQKIAgGoAgO4ArL50rwGwAIB0gIkOGZlNzdlZTAtYjM2Ni00NjEwLWJjZDItYjc2NTUzNTkyZGM32AIF4AIB&sid=5ad11202ea9cc1c07c5ed8caaaf11387&aid=304142&ucfs=1&arphpl=1&checkin=2025-03-01&checkout=2025-03-08&dest_id=-390625&dest_type=city&group_adults=2&req_adults=2&no_rooms=1&group_children=0&req_children=0&hpos=23&hapos=922&sr_order=popularity&srpvid=a6ce4e38ac41034b&srepoch=1737803344&all_sr_blocks=673253102_356738751_6_0_0&highlighted_blocks=673253102_356738751_6_0_0&matching_block_id=673253102_356738751_6_0_0&sr_pri_blocks=673253102_356738751_6_0_0__175940&from=searchresults
New Heima Gran Vía 2A,"Centro de Madrid, Madrid",https://www.booking.com/hotel/es/new-heima-homes-gran-via-2a-madrid.es.html?label=gen173nr-1FCAEoggI46AdIClgEaEaIAQGYAQq4ARnIAQ_YAQHoAQH4AQKIAgGoAgO4ArL50rwGwAIB0gIkOGZlNzdlZTAtYjM2Ni00NjEwLWJjZDItYjc2NTUzNTkyZGM32AIF4AIB&sid=5ad11202ea9cc1c07c5ed8caaaf11387&aid=304142&ucfs=1&arphpl=1&checkin=2025-03-01&checkout=2025-03-08&dest_id=-390625&dest_type=city&group_adults=2&req_adults=2&no_rooms=1&group_children=0&req_children=0&hpos=24&hapos=923&sr_order=popularity&srpvid=a6ce4e38ac41034b&srepoch=1737803344&all_sr_blocks=936281401_365784306_3_0_0&highlighted_blocks=936281401_365784306_3_0_0&matching_block_id=936281401_365784306_3_0_0&sr_pri_blocks=936281401_365784306_3_0_0__141761&from=searchresults
New Loft 1hab 3px en plena Plaza de Chueca,"Centro de Madrid, Madrid",https://www.booking.com/hotel/es/new-loft-1hab-3px-en-plena-plaza-de-chueca.es.html?label=gen173nr-1FCAEoggI46AdIClgEaEaIAQGYAQq4ARnIAQ_YAQHoAQH4AQKIAgGoAgO4ArL50rwGwAIB0gIkOGZlNzdlZTAtYjM2Ni00NjEwLWJjZDItYjc2NTUzNTkyZGM32AIF4AIB&sid=5ad11202ea9cc1c07c5ed8caaaf11387&aid=304142&ucfs=1&arphpl=1&checkin=2025-03-01&checkout=2025-03-08&dest_id=-390625&dest_type=city&group_adults=2&req_adults=2&no_rooms=1&group_children=0&req_children=0&hpos=25&hapos=924&sr_order=popularity&srpvid=a6ce4e38ac41034b&srepoch=1737803344&all_sr_blocks=1136271802_386256498_3_0_0&highlighted_blocks=1136271802_386256498_3_0_0&matching_block_id=1136271802_386256498_3_0_0&sr_pri_blocks=1136271802_386256498_3_0_0__100074&from=searchresults
LOFT cerca de calle de Alcalá,"San Blas, Madrid",https://www.booking.com/hotel/es/loft-luminoso-y-moderno.es.html?label=gen173nr-1FCAEoggI46AdIClgEaEaIAQGYAQq4ARnIAQ_YAQHoAQH4AQKIAgGoAgO4ArL50rwGwAIB0gIkOGZlNzdlZTAtYjM2Ni00NjEwLWJjZDItYjc2NTUzNTkyZGM32AIF4AIB&sid=5ad11202ea9cc1c07c5ed8caaaf11387&aid=304142&ucfs=1&arphpl=1&checkin=2025-03-01&checkout=2025-03-08&dest_id=-390625&dest_type=city&group_adults=2&req_adults=2&no_rooms=1&group_children=0&req_children=0&hpos=1&hapos=925&sr_order=popularity&srpvid=a6ce4e38ac41034b&srepoch=1737803348&all_sr_blocks=1012762401_373898361_4_0_0&highlighted_blocks=1012762401_373898361_4_0_0&matching_block_id=1012762401_373898361_4_0_0&sr_pri_blocks=1012762401_373898361_4_0_0__97640&from=searchresults
Madrid Ensanche de Vallecas Flat,"Villa de Vallecas, Madrid",https://www.booking.com/hotel/es/madrid-flat.es.html?label=gen173nr-1FCAEoggI46AdIClgEaEaIAQGYAQq4ARnIAQ_YAQHoAQH4AQKIAgGoAgO4ArL50rwGwAIB0gIkOGZlNzdlZTAtYjM2Ni00NjEwLWJjZDItYjc2NTUzNTkyZGM32AIF4AIB&sid=5ad11202ea9cc1c07c5ed8caaaf11387&aid=304142&ucfs=1&arphpl=1&checkin=2025-03-01&checkout=2025-03-08&dest_id=-390625&dest_type=city&group_adults=2&req_adults=2&no_rooms=1&group_children=0&req_children=0&hpos=2&hapos=926&sr_order=popularity&srpvid=a6ce4e38ac41034b&srepoch=1737803348&all_sr_blocks=593825901_392588087_2_0_0&highlighted_blocks=593825901_392588087_2_0_0&matching_block_id=593825901_392588087_2_0_0&sr_pri_blocks=593825901_392588087_2_0_0__74592&from=searchresults
Stunning flat to enjoy Madrid,"Puente de Vallecas, Madrid",https://www.booking.com/hotel/es/stunning-flat-to-enjoy-madrid.es.html?label=gen173nr-1FCAEoggI46AdIClgEaEaIAQGYAQq4ARnIAQ_YAQHoAQH4AQKIAgGoAgO4ArL50rwGwAIB0gIkOGZlNzdlZTAtYjM2Ni00NjEwLWJjZDItYjc2NTUzNTkyZGM32AIF4AIB&sid=5ad11202ea9cc1c07c5ed8caaaf11387&aid=304142&ucfs=1&arphpl=1&checkin=2025-03-01&checkout=2025-03-08&dest_id=-390625&dest_type=city&group_adults=2&req_adults=2&no_rooms=1&group_children=0&req_children=0&hpos=3&hapos=927&sr_order=popularity&srpvid=a6ce4e38ac41034b&srepoch=1737803348&all_sr_blocks=1116121101_387549788_4_0_0&highlighted_blocks=1116121101_387549788_4_0_0&matching_block_id=1116121101_387549788_4_0_0&sr_pri_blocks=1116121101_387549788_4_0_0__98229&from=searchresults
Color Apartments by Olala Homes,"Puente de Vallecas, Madrid",https://www.booking.com/hotel/es/olala-color-apartments.es.html?label=gen173nr-1FCAEoggI46AdIClgEaEaIAQGYAQq4ARnIAQ_YAQHoAQH4AQKIAgGoAgO4ArL50rwGwAIB0gIkOGZlNzdlZTAtYjM2Ni00NjEwLWJjZDItYjc2NTUzNTkyZGM32AIF4AIB&sid=5ad11202ea9cc1c07c5ed8caaaf11387&aid=304142&ucfs=1&arphpl=1&checkin=2025-03-01&checkout=2025-03-08&dest_id=-390625&dest_type=city&group_adults=2&req_adults=2&no_rooms=1&group_children=0&req_children=0&hpos=4&hapos=928&sr_order=popularity&srpvid=a6ce4e38ac41034b&srepoch=1737803348&all_sr_blocks=584110907_372436950_2_0_0&highlighted_blocks=584110907_372436950_2_0_0&matching_block_id=584110907_372436950_2_0_0&sr_pri_blocks=584110907_372436950_2_0_0__102576&from=searchresults
Modern and bright- 1Bd 1Bth- Marqués de Santa Ana,"Centro de Madrid, Madrid",https://www.booking.com/hotel/es/1-bedroom-1-bathroom-furnished-malasana-beautiful-in-downtown-area-mintystay.es.html?label=gen173nr-1FCAEoggI46AdIClgEaEaIAQGYAQq4ARnIAQ_YAQHoAQH4AQKIAgGoAgO4ArL50rwGwAIB0gIkOGZlNzdlZTAtYjM2Ni00NjEwLWJjZDItYjc2NTUzNTkyZGM32AIF4AIB&sid=5ad11202ea9cc1c07c5ed8caaaf11387&aid=304142&ucfs=1&arphpl=1&checkin=2025-03-01&checkout=2025-03-08&dest_id=-390625&dest_type=city&group_adults=2&req_adults=2&no_rooms=1&group_children=0&req_children=0&hpos=5&hapos=929&sr_order=popularity&srpvid=a6ce4e38ac41034b&srepoch=1737803348&all_sr_blocks=673229202_385018311_2_0_0&highlighted_blocks=673229202_385018311_2_0_0&matching_block_id=673229202_385018311_2_0_0&sr_pri_blocks=673229202_385018311_2_0_0__129000&from=searchresults
Tranquil loft in Bernabéu,"Chamartín, Madrid",https://www.booking.com/hotel/es/tranquil-loft-in-bernabeu.es.html?label=gen173nr-1FCAEoggI46AdIClgEaEaIAQGYAQq4ARnIAQ_YAQHoAQH4AQKIAgGoAgO4ArL50rwGwAIB0gIkOGZlNzdlZTAtYjM2Ni00NjEwLWJjZDItYjc2NTUzNTkyZGM32AIF4AIB&sid=5ad11202ea9cc1c07c5ed8caaaf11387&aid=304142&ucfs=1&arphpl=1&checkin=2025-03-01&checkout=2025-03-08&dest_id=-390625&dest_type=city&group_adults=2&req_adults=2&no_rooms=1&group_children=0&req_children=0&hpos=6&hapos=930&sr_order=popularity&srpvid=a6ce4e38ac41034b&srepoch=1737803348&all_sr_blocks=1346628001_407014185_2_0_0&highlighted_blocks=1346628001_407014185_2_0_0&matching_block_id=1346628001_407014185_2_0_0&sr_pri_blocks=1346628001_407014185_2_0_0__98559&from=searchresults
Oso Madrid Studios,"Centro de Madrid, Madrid",https://www.booking.com/hotel/es/oso-madrid-studios.es.html?label=gen173nr-1FCAEoggI46AdIClgEaEaIAQGYAQq4ARnIAQ_YAQHoAQH4AQKIAgGoAgO4ArL50rwGwAIB0gIkOGZlNzdlZTAtYjM2Ni00NjEwLWJjZDItYjc2NTUzNTkyZGM32AIF4AIB&sid=5ad11202ea9cc1c07c5ed8caaaf11387&aid=304142&ucfs=1&arphpl=1&checkin=2025-03-01&checkout=2025-03-08&dest_id=-390625&dest_type=city&group_adults=2&req_adults=2&no_rooms=1&group_children=0&req_children=0&hpos=7&hapos=931&sr_order=popularity&srpvid=a6ce4e38ac41034b&srepoch=1737803348&all_sr_blocks=1028724002_375717097_0_0_0&highlighted_blocks=1028724002_375717097_0_0_0&matching_block_id=1028724002_375717097_0_0_0&sr_pri_blocks=1028724002_375717097_0_0_0__114604&from=searchresults
Hostal Andrea,"Centro de Madrid, Madrid",https://www.booking.com/hotel/es/hostal-andrea-madrid.es.html?label=gen173nr-1FCAEoggI46AdIClgEaEaIAQGYAQq4ARnIAQ_YAQHoAQH4AQKIAgGoAgO4ArL50rwGwAIB0gIkOGZlNzdlZTAtYjM2Ni00NjEwLWJjZDItYjc2NTUzNTkyZGM32AIF4AIB&sid=5ad11202ea9cc1c07c5ed8caaaf11387&aid=304142&ucfs=1&arphpl=1&checkin=2025-03-01&checkout=2025-03-08&dest_id=-390625&dest_type=city&group_adults=2&req_adults=2&no_rooms=1&group_children=0&req_children=0&hpos=8&hapos=932&sr_order=popularity&srpvid=a6ce4e38ac41034b&srepoch=1737803348&all_sr_blocks=726715404_385967515_2_0_0&highlighted_blocks=726715404_385967515_2_0_0&matching_block_id=726715404_385967515_2_0_0&sr_pri_blocks=726715404_385967515_2_0_0__116000&from=searchresults
"Pequeño paraíso para 4, en Plaza de Chueca","Centro de Madrid, Madrid",https://www.booking.com/hotel/es/cool-apt-1hab-para-4pax-en-la-plaza-de-chueca.es.html?label=gen173nr-1FCAEoggI46AdIClgEaEaIAQGYAQq4ARnIAQ_YAQHoAQH4AQKIAgGoAgO4ArL50rwGwAIB0gIkOGZlNzdlZTAtYjM2Ni00NjEwLWJjZDItYjc2NTUzNTkyZGM32AIF4AIB&sid=5ad11202ea9cc1c07c5ed8caaaf11387&aid=304142&ucfs=1&arphpl=1&checkin=2025-03-01&checkout=2025-03-08&dest_id=-390625&dest_type=city&group_adults=2&req_adults=2&no_rooms=1&group_children=0&req_children=0&hpos=9&hapos=933&sr_order=popularity&srpvid=a6ce4e38ac41034b&srepoch=1737803348&all_sr_blocks=1136261702_386256077_3_0_0&highlighted_blocks=1136261702_386256077_3_0_0&matching_block_id=1136261702_386256077_3_0_0&sr_pri_blocks=1136261702_386256077_3_0_0__100074&from=searchresults
My City Home - Acogedor apartamento en Chamberí,"Chamberí, Madrid",https://www.booking.com/hotel/es/my-city-home-acogedor-apartamento-en-chamberi.es.html?label=gen173nr-1FCAEoggI46AdIClgEaEaIAQGYAQq4ARnIAQ_YAQHoAQH4AQKIAgGoAgO4ArL50rwGwAIB0gIkOGZlNzdlZTAtYjM2Ni00NjEwLWJjZDItYjc2NTUzNTkyZGM32AIF4AIB&sid=5ad11202ea9cc1c07c5ed8caaaf11387&aid=304142&ucfs=1&arphpl=1&checkin=2025-03-01&checkout=2025-03-08&dest_id=-390625&dest_type=city&group_adults=2&req_adults=2&no_rooms=1&group_children=0&req_children=0&hpos=10&hapos=934&sr_order=popularity&srpvid=a6ce4e38ac41034b&srepoch=1737803348&all_sr_blocks=1301507801_403041300_2_0_0&highlighted_blocks=1301507801_403041300_2_0_0&matching_block_id=1301507801_403041300_2_0_0&sr_pri_blocks=1301507801_403041300_2_0_0__107464&from=searchresults
GuestReady - Trendy residence near Plaza Mayor,"Centro de Madrid, Madrid",https://www.booking.com/hotel/es/guestready-trendy-residence-near-plaza-mayor.es.html?label=gen173nr-1FCAEoggI46AdIClgEaEaIAQGYAQq4ARnIAQ_YAQHoAQH4AQKIAgGoAgO4ArL50rwGwAIB0gIkOGZlNzdlZTAtYjM2Ni00NjEwLWJjZDItYjc2NTUzNTkyZGM32AIF4AIB&sid=5ad11202ea9cc1c07c5ed8caaaf11387&aid=304142&ucfs=1&arphpl=1&checkin=2025-03-01&checkout=2025-03-08&dest_id=-390625&dest_type=city&group_adults=2&req_adults=2&no_rooms=1&group_children=0&req_children=0&hpos=11&hapos=935&sr_order=popularity&srpvid=a6ce4e38ac41034b&srepoch=1737803348&all_sr_blocks=1093615601_399045062_2_0_0&highlighted_blocks=1093615601_399045062_2_0_0&matching_block_id=1093615601_399045062_2_0_0&sr_pri_blocks=1093615601_399045062_2_0_0__192604&from=searchresults
Acogedor Estudio Chueca,"Centro de Madrid, Madrid",https://www.booking.com/hotel/es/acogedor-estudio-chueca.es.html?label=gen173nr-1FCAEoggI46AdIClgEaEaIAQGYAQq4ARnIAQ_YAQHoAQH4AQKIAgGoAgO4ArL50rwGwAIB0gIkOGZlNzdlZTAtYjM2Ni00NjEwLWJjZDItYjc2NTUzNTkyZGM32AIF4AIB&sid=5ad11202ea9cc1c07c5ed8caaaf11387&aid=304142&ucfs=1&arphpl=1&checkin=2025-03-01&checkout=2025-03-08&dest_id=-390625&dest_type=city&group_adults=2&req_adults=2&no_rooms=1&group_children=0&req_children=0&hpos=12&hapos=936&sr_order=popularity&srpvid=a6ce4e38ac41034b&srepoch=1737803348&all_sr_blocks=952805901_392916405_0_0_0&highlighted_blocks=952805901_392916405_0_0_0&matching_block_id=952805901_392916405_0_0_0&sr_pri_blocks=952805901_392916405_0_0_0__101985&from=searchresults
Charming Madrid Vistillas,"Centro de Madrid, Madrid",https://www.booking.com/hotel/es/charming-madrid-vistillas.es.html?label=gen173nr-1FCAEoggI46AdIClgEaEaIAQGYAQq4ARnIAQ_YAQHoAQH4AQKIAgGoAgO4ArL50rwGwAIB0gIkOGZlNzdlZTAtYjM2Ni00NjEwLWJjZDItYjc2NTUzNTkyZGM32AIF4AIB&sid=5ad11202ea9cc1c07c5ed8caaaf11387&aid=304142&ucfs=1&arphpl=1&checkin=2025-03-01&checkout=2025-03-08&dest_id=-390625&dest_type=city&group_adults=2&req_adults=2&no_rooms=1&group_children=0&req_children=0&hpos=13&hapos=937&sr_order=popularity&srpvid=a6ce4e38ac41034b&srepoch=1737803348&all_sr_blocks=976495802_369998108_2_0_0&highlighted_blocks=976495802_369998108_2_0_0&matching_block_id=976495802_369998108_2_0_0&sr_pri_blocks=976495802_369998108_2_0_0__88701&from=searchresults
Valverde Apartment,"Centro de Madrid, Madrid",https://www.booking.com/hotel/es/valverde-19-esc-interior-3o-izq.es.html?label=gen173nr-1FCAEoggI46AdIClgEaEaIAQGYAQq4ARnIAQ_YAQHoAQH4AQKIAgGoAgO4ArL50rwGwAIB0gIkOGZlNzdlZTAtYjM2Ni00NjEwLWJjZDItYjc2NTUzNTkyZGM32AIF4AIB&sid=5ad11202ea9cc1c07c5ed8caaaf11387&aid=304142&ucfs=1&arphpl=1&checkin=2025-03-01&checkout=2025-03-08&dest_id=-390625&dest_type=city&group_adults=2&req_adults=2&no_rooms=1&group_children=0&req_children=0&hpos=14&hapos=938&sr_order=popularity&srpvid=a6ce4e38ac41034b&srepoch=1737803348&all_sr_blocks=281913401_333142910_2_0_0&highlighted_blocks=281913401_333142910_2_0_0&matching_block_id=281913401_333142910_2_0_0&sr_pri_blocks=281913401_333142910_2_0_0__105055&from=searchresults
AMA MADRID Metropolitano 15,"San Blas, Madrid",https://www.booking.com/hotel/es/ama-madrid-metropolitano-15.es.html?label=gen173nr-1FCAEoggI46AdIClgEaEaIAQGYAQq4ARnIAQ_YAQHoAQH4AQKIAgGoAgO4ArL50rwGwAIB0gIkOGZlNzdlZTAtYjM2Ni00NjEwLWJjZDItYjc2NTUzNTkyZGM32AIF4AIB&sid=5ad11202ea9cc1c07c5ed8caaaf11387&aid=304142&ucfs=1&arphpl=1&checkin=2025-03-01&checkout=2025-03-08&dest_id=-390625&dest_type=city&group_adults=2&req_adults=2&no_rooms=1&group_children=0&req_children=0&hpos=15&hapos=939&sr_order=popularity&srpvid=a6ce4e38ac41034b&srepoch=1737803348&all_sr_blocks=1243979201_400711800_2_0_0&highlighted_blocks=1243979201_400711800_2_0_0&matching_block_id=1243979201_400711800_2_0_0&sr_pri_blocks=1243979201_400711800_2_0_0__64097&from=searchresults
Apartamentos EconoStay Callao,"Centro de Madrid, Madrid",https://www.booking.com/hotel/es/apartamentos-econostay-callao.es.html?label=gen173nr-1FCAEoggI46AdIClgEaEaIAQGYAQq4ARnIAQ_YAQHoAQH4AQKIAgGoAgO4ArL50rwGwAIB0gIkOGZlNzdlZTAtYjM2Ni00NjEwLWJjZDItYjc2NTUzNTkyZGM32AIF4AIB&sid=5ad11202ea9cc1c07c5ed8caaaf11387&aid=304142&ucfs=1&arphpl=1&checkin=2025-03-01&checkout=2025-03-08&dest_id=-390625&dest_type=city&group_adults=2&req_adults=2&no_rooms=1&group_children=0&req_children=0&hpos=16&hapos=940&sr_order=popularity&srpvid=a6ce4e38ac41034b&srepoch=1737803348&all_sr_blocks=1332427201_405755510_3_0_0&highlighted_blocks=1332427201_405755510_3_0_0&matching_block_id=1332427201_405755510_3_0_0&sr_pri_blocks=1332427201_405755510_3_0_0__88734&from=searchresults
Casa de Huéspedes Carabanchel1,"Carabanchel, Madrid",https://www.booking.com/hotel/es/casa-de-huespedes-carabanchel1.es.html?label=gen173nr-1FCAEoggI46AdIClgEaEaIAQGYAQq4ARnIAQ_YAQHoAQH4AQKIAgGoAgO4ArL50rwGwAIB0gIkOGZlNzdlZTAtYjM2Ni00NjEwLWJjZDItYjc2NTUzNTkyZGM32AIF4AIB&sid=5ad11202ea9cc1c07c5ed8caaaf11387&aid=304142&ucfs=1&arphpl=1&checkin=2025-03-01&checkout=2025-03-08&dest_id=-390625&dest_type=city&group_adults=2&req_adults=2&no_rooms=1&group_children=0&req_children=0&hpos=17&hapos=941&sr_order=popularity&srpvid=a6ce4e38ac41034b&srepoch=1737803348&all_sr_blocks=1216506101_393868627_4_0_0&highlighted_blocks=1216506101_393868627_4_0_0&matching_block_id=1216506101_393868627_4_0_0&sr_pri_blocks=1216506101_393868627_4_0_0__88765&from=searchresults
Vitium Urban Suites,"Centro de Madrid, Madrid",https://www.booking.com/hotel/es/vitium-hostal-boutiq.es.html?label=gen173nr-1FCAEoggI46AdIClgEaEaIAQGYAQq4ARnIAQ_YAQHoAQH4AQKIAgGoAgO4ArL50rwGwAIB0gIkOGZlNzdlZTAtYjM2Ni00NjEwLWJjZDItYjc2NTUzNTkyZGM32AIF4AIB&sid=5ad11202ea9cc1c07c5ed8caaaf11387&aid=304142&ucfs=1&arphpl=1&checkin=2025-03-01&checkout=2025-03-08&dest_id=-390625&dest_type=city&group_adults=2&req_adults=2&no_rooms=1&group_children=0&req_children=0&hpos=18&hapos=942&sr_order=popularity&srpvid=a6ce4e38ac41034b&srepoch=1737803348&all_sr_blocks=72606201_0_2_0_0&highlighted_blocks=72606201_0_2_0_0&matching_block_id=72606201_0_2_0_0&sr_pri_blocks=72606201_0_2_0_0__110248&from=searchresults
Maravilloso estudio en Chamberi. Metro Quevedo,"Chamberí, Madrid",https://www.booking.com/hotel/es/maravilloso-estudio-en-chamberi-metro-quevedo.es.html?label=gen173nr-1FCAEoggI46AdIClgEaEaIAQGYAQq4ARnIAQ_YAQHoAQH4AQKIAgGoAgO4ArL50rwGwAIB0gIkOGZlNzdlZTAtYjM2Ni00NjEwLWJjZDItYjc2NTUzNTkyZGM32AIF4AIB&sid=5ad11202ea9cc1c07c5ed8caaaf11387&aid=304142&ucfs=1&arphpl=1&checkin=2025-03-01&checkout=2025-03-08&dest_id=-390625&dest_type=city&group_adults=2&req_adults=2&no_rooms=1&group_children=0&req_children=0&hpos=19&hapos=943&sr_order=popularity&srpvid=a6ce4e38ac41034b&srepoch=1737803348&all_sr_blocks=1171879901_389722741_3_0_0&highlighted_blocks=1171879901_389722741_3_0_0&matching_block_id=1171879901_389722741_3_0_0&sr_pri_blocks=1171879901_389722741_3_0_0__133966&from=searchresults
C9 Magnífico apartamento en zona tranquila,"Chamartín, Madrid",https://www.booking.com/hotel/es/c9-exclusiva-zona-madrid.es.html?label=gen173nr-1FCAEoggI46AdIClgEaEaIAQGYAQq4ARnIAQ_YAQHoAQH4AQKIAgGoAgO4ArL50rwGwAIB0gIkOGZlNzdlZTAtYjM2Ni00NjEwLWJjZDItYjc2NTUzNTkyZGM32AIF4AIB&sid=5ad11202ea9cc1c07c5ed8caaaf11387&aid=304142&ucfs=1&arphpl=1&checkin=2025-03-01&checkout=2025-03-08&dest_id=-390625&dest_type=city&group_adults=2&req_adults=2&no_rooms=1&group_children=0&req_children=0&hpos=20&hapos=944&sr_order=popularity&srpvid=a6ce4e38ac41034b&srepoch=1737803348&all_sr_blocks=1062952501_378641680_4_0_0&highlighted_blocks=1062952501_378641680_4_0_0&matching_block_id=1062952501_378641680_4_0_0&sr_pri_blocks=1062952501_378641680_4_0_0__119792&from=searchresults
B&B Eco Cubes,"Centro de Madrid, Madrid",https://www.booking.com/hotel/es/b-amp-b-eco-cubes.es.html?label=gen173nr-1FCAEoggI46AdIClgEaEaIAQGYAQq4ARnIAQ_YAQHoAQH4AQKIAgGoAgO4ArL50rwGwAIB0gIkOGZlNzdlZTAtYjM2Ni00NjEwLWJjZDItYjc2NTUzNTkyZGM32AIF4AIB&sid=5ad11202ea9cc1c07c5ed8caaaf11387&aid=304142&ucfs=1&arphpl=1&checkin=2025-03-01&checkout=2025-03-08&dest_id=-390625&dest_type=city&group_adults=2&req_adults=2&no_rooms=1&group_children=0&req_children=0&hpos=21&hapos=945&sr_order=popularity&srpvid=a6ce4e38ac41034b&srepoch=1737803348&all_sr_blocks=1326608901_405269887_2_2_0&highlighted_blocks=1326608901_405269887_2_2_0&matching_block_id=1326608901_405269887_2_2_0&sr_pri_blocks=1326608901_405269887_2_2_0__80598&from=searchresults
NH Madrid Principe de Vergara,"Salamanca, Madrid",https://www.booking.com/hotel/es/nhprincipedevergara.es.html?label=gen173nr-1FCAEoggI46AdIClgEaEaIAQGYAQq4ARnIAQ_YAQHoAQH4AQKIAgGoAgO4ArL50rwGwAIB0gIkOGZlNzdlZTAtYjM2Ni00NjEwLWJjZDItYjc2NTUzNTkyZGM32AIF4AIB&sid=5ad11202ea9cc1c07c5ed8caaaf11387&aid=304142&ucfs=1&arphpl=1&checkin=2025-03-01&checkout=2025-03-08&dest_id=-390625&dest_type=city&group_adults=2&req_adults=2&no_rooms=1&group_children=0&req_children=0&hpos=22&hapos=946&sr_order=popularity&srpvid=a6ce4e38ac41034b&srepoch=1737803348&all_sr_blocks=9066502_93708908_0_42_0&highlighted_blocks=9066502_93708908_0_42_0&matching_block_id=9066502_93708908_0_42_0&sr_pri_blocks=9066502_93708908_0_42_0__140901&from_sustainable_property_sr=1&from=searchresults
Hostal Hispano - Argentino Gran Vía,"Centro de Madrid, Madrid",https://www.booking.com/hotel/es/hispano-argentino.es.html?label=gen173nr-1FCAEoggI46AdIClgEaEaIAQGYAQq4ARnIAQ_YAQHoAQH4AQKIAgGoAgO4ArL50rwGwAIB0gIkOGZlNzdlZTAtYjM2Ni00NjEwLWJjZDItYjc2NTUzNTkyZGM32AIF4AIB&sid=5ad11202ea9cc1c07c5ed8caaaf11387&aid=304142&ucfs=1&arphpl=1&checkin=2025-03-01&checkout=2025-03-08&dest_id=-390625&dest_type=city&group_adults=2&req_adults=2&no_rooms=1&group_children=0&req_children=0&hpos=23&hapos=947&sr_order=popularity&srpvid=a6ce4e38ac41034b&srepoch=1737803348&all_sr_blocks=9001202_90119643_0_0_0&highlighted_blocks=9001202_90119643_0_0_0&matching_block_id=9001202_90119643_0_0_0&sr_pri_blocks=9001202_90119643_0_0_0__90300&from=searchresults
New Apt 1hab para 3 pax en plena Plaza de Chueca,"Centro de Madrid, Madrid",https://www.booking.com/hotel/es/new-apt-1hab-para-3-pax-en-plena-plaza-de-chueca.es.html?label=gen173nr-1FCAEoggI46AdIClgEaEaIAQGYAQq4ARnIAQ_YAQHoAQH4AQKIAgGoAgO4ArL50rwGwAIB0gIkOGZlNzdlZTAtYjM2Ni00NjEwLWJjZDItYjc2NTUzNTkyZGM32AIF4AIB&sid=5ad11202ea9cc1c07c5ed8caaaf11387&aid=304142&ucfs=1&arphpl=1&checkin=2025-03-01&checkout=2025-03-08&dest_id=-390625&dest_type=city&group_adults=2&req_adults=2&no_rooms=1&group_children=0&req_children=0&hpos=24&hapos=948&sr_order=popularity&srpvid=a6ce4e38ac41034b&srepoch=1737803348&all_sr_blocks=1136268402_386256401_3_0_0&highlighted_blocks=1136268402_386256401_3_0_0&matching_block_id=1136268402_386256401_3_0_0&sr_pri_blocks=1136268402_386256401_3_0_0__100074&from=searchresults
Cozy and Bright-1Bedroom 1Bathroom-Chamberí,"Chamberí, Madrid",https://www.booking.com/hotel/es/cozy-and-bright-1bedroom-1bathroom-chamberi.es.html?label=gen173nr-1FCAEoggI46AdIClgEaEaIAQGYAQq4ARnIAQ_YAQHoAQH4AQKIAgGoAgO4ArL50rwGwAIB0gIkOGZlNzdlZTAtYjM2Ni00NjEwLWJjZDItYjc2NTUzNTkyZGM32AIF4AIB&sid=5ad11202ea9cc1c07c5ed8caaaf11387&aid=304142&ucfs=1&arphpl=1&checkin=2025-03-01&checkout=2025-03-08&dest_id=-390625&dest_type=city&group_adults=2&req_adults=2&no_rooms=1&group_children=0&req_children=0&hpos=25&hapos=949&sr_order=popularity&srpvid=a6ce4e38ac41034b&srepoch=1737803348&all_sr_blocks=1165024502_389335943_2_0_0&highlighted_blocks=1165024502_389335943_2_0_0&matching_block_id=1165024502_389335943_2_0_0&sr_pri_blocks=1165024502_389335943_2_0_0__103412&from=searchresults
4 bedrooms 2 bathrooms furnished - Salamanca - refurbished - MintyStay,"Salamanca, Madrid",https://www.booking.com/hotel/es/4-bedrooms-2-bathrooms-furnished-salamanca-refurbished-mintystay.es.html?label=gen173nr-1FCAEoggI46AdIClgEaEaIAQGYAQq4ARnIAQ_YAQHoAQH4AQKIAgGoAgO4ArL50rwGwAIB0gIkOGZlNzdlZTAtYjM2Ni00NjEwLWJjZDItYjc2NTUzNTkyZGM32AIF4AIB&sid=5ad11202ea9cc1c07c5ed8caaaf11387&aid=304142&ucfs=1&arphpl=1&checkin=2025-03-01&checkout=2025-03-08&dest_id=-390625&dest_type=city&group_adults=2&req_adults=2&no_rooms=1&group_children=0&req_children=0&hpos=1&hapos=950&sr_order=popularity&srpvid=a6ce4e38ac41034b&srepoch=1737803352&all_sr_blocks=1347076902_407068539_7_0_0&highlighted_blocks=1347076902_407068539_7_0_0&matching_block_id=1347076902_407068539_7_0_0&sr_pri_blocks=1347076902_407068539_7_0_0__201288&from=searchresults
My City Home - Duplex en Puerta de Hierro II,"Moncloa - Aravaca, Madrid",https://www.booking.com/hotel/es/my-city-home-duplex-en-puerta-de-hierro-ii.es.html?label=gen173nr-1FCAEoggI46AdIClgEaEaIAQGYAQq4ARnIAQ_YAQHoAQH4AQKIAgGoAgO4ArL50rwGwAIB0gIkOGZlNzdlZTAtYjM2Ni00NjEwLWJjZDItYjc2NTUzNTkyZGM32AIF4AIB&sid=5ad11202ea9cc1c07c5ed8caaaf11387&aid=304142&ucfs=1&arphpl=1&checkin=2025-03-01&checkout=2025-03-08&dest_id=-390625&dest_type=city&group_adults=2&req_adults=2&no_rooms=1&group_children=0&req_children=0&hpos=2&hapos=951&sr_order=popularity&srpvid=a6ce4e38ac41034b&srepoch=1737803352&all_sr_blocks=1119319401_405409022_4_0_0&highlighted_blocks=1119319401_405409022_4_0_0&matching_block_id=1119319401_405409022_4_0_0&sr_pri_blocks=1119319401_405409022_4_0_0__91084&from=searchresults
Posada del León de Oro Boutique Hotel,"Centro de Madrid, Madrid",https://www.booking.com/hotel/es/posada-del-leon-de-oro.es.html?label=gen173nr-1FCAEoggI46AdIClgEaEaIAQGYAQq4ARnIAQ_YAQHoAQH4AQKIAgGoAgO4ArL50rwGwAIB0gIkOGZlNzdlZTAtYjM2Ni00NjEwLWJjZDItYjc2NTUzNTkyZGM32AIF4AIB&sid=5ad11202ea9cc1c07c5ed8caaaf11387&aid=304142&ucfs=1&arphpl=1&checkin=2025-03-01&checkout=2025-03-08&dest_id=-390625&dest_type=city&group_adults=2&req_adults=2&no_rooms=1&group_children=0&req_children=0&hpos=3&hapos=952&sr_order=popularity&srpvid=a6ce4e38ac41034b&srepoch=1737803352&all_sr_blocks=26771002_306660164_0_2_0_474667&highlighted_blocks=26771002_306660164_0_2_0_474667&matching_block_id=26771002_306660164_0_2_0_474667&sr_pri_blocks=26771002_306660164_0_2_0_474667_162300&from=searchresults
Oshun Neo,"Centro de Madrid, Madrid",https://www.booking.com/hotel/es/oshun-neo.es.html?label=gen173nr-1FCAEoggI46AdIClgEaEaIAQGYAQq4ARnIAQ_YAQHoAQH4AQKIAgGoAgO4ArL50rwGwAIB0gIkOGZlNzdlZTAtYjM2Ni00NjEwLWJjZDItYjc2NTUzNTkyZGM32AIF4AIB&sid=5ad11202ea9cc1c07c5ed8caaaf11387&aid=304142&ucfs=1&arphpl=1&checkin=2025-03-01&checkout=2025-03-08&dest_id=-390625&dest_type=city&group_adults=2&req_adults=2&no_rooms=1&group_children=0&req_children=0&hpos=4&hapos=953&sr_order=popularity&srpvid=a6ce4e38ac41034b&srepoch=1737803352&all_sr_blocks=1285105801_401445863_2_0_0&highlighted_blocks=1285105801_401445863_2_0_0&matching_block_id=1285105801_401445863_2_0_0&sr_pri_blocks=1285105801_401445863_2_0_0__93652&from=searchresults
Plaza de Castilla II,"Tetuán, Madrid",https://www.booking.com/hotel/es/alterhome-plaza-de-castilla-ii.es.html?label=gen173nr-1FCAEoggI46AdIClgEaEaIAQGYAQq4ARnIAQ_YAQHoAQH4AQKIAgGoAgO4ArL50rwGwAIB0gIkOGZlNzdlZTAtYjM2Ni00NjEwLWJjZDItYjc2NTUzNTkyZGM32AIF4AIB&sid=5ad11202ea9cc1c07c5ed8caaaf11387&aid=304142&ucfs=1&arphpl=1&checkin=2025-03-01&checkout=2025-03-08&dest_id=-390625&dest_type=city&group_adults=2&req_adults=2&no_rooms=1&group_children=0&req_children=0&hpos=5&hapos=954&sr_order=popularity&srpvid=a6ce4e38ac41034b&srepoch=1737803352&all_sr_blocks=309562701_392565077_4_2_0&highlighted_blocks=309562701_392565077_4_2_0&matching_block_id=309562701_392565077_4_2_0&sr_pri_blocks=309562701_392565077_4_2_0__168927&from=searchresults
Luxe Apartment in Tetuan,"Tetuán, Madrid",https://www.booking.com/hotel/es/luxe-apartment-in-tetuan.es.html?label=gen173nr-1FCAEoggI46AdIClgEaEaIAQGYAQq4ARnIAQ_YAQHoAQH4AQKIAgGoAgO4ArL50rwGwAIB0gIkOGZlNzdlZTAtYjM2Ni00NjEwLWJjZDItYjc2NTUzNTkyZGM32AIF4AIB&sid=5ad11202ea9cc1c07c5ed8caaaf11387&aid=304142&ucfs=1&arphpl=1&checkin=2025-03-01&checkout=2025-03-08&dest_id=-390625&dest_type=city&group_adults=2&req_adults=2&no_rooms=1&group_children=0&req_children=0&hpos=6&hapos=955&sr_order=popularity&srpvid=a6ce4e38ac41034b&srepoch=1737803352&all_sr_blocks=1243980801_396389932_3_0_0&highlighted_blocks=1243980801_396389932_3_0_0&matching_block_id=1243980801_396389932_3_0_0&sr_pri_blocks=1243980801_396389932_3_0_0__78573&from=searchresults
4 Ways en Madrid,"Tetuán, Madrid",https://www.booking.com/hotel/es/mit-house-bravo-murillo-en-madrid.es.html?label=gen173nr-1FCAEoggI46AdIClgEaEaIAQGYAQq4ARnIAQ_YAQHoAQH4AQKIAgGoAgO4ArL50rwGwAIB0gIkOGZlNzdlZTAtYjM2Ni00NjEwLWJjZDItYjc2NTUzNTkyZGM32AIF4AIB&sid=5ad11202ea9cc1c07c5ed8caaaf11387&aid=304142&ucfs=1&arphpl=1&checkin=2025-03-01&checkout=2025-03-08&dest_id=-390625&dest_type=city&group_adults=2&req_adults=2&no_rooms=1&group_children=0&req_children=0&hpos=7&hapos=956&sr_order=popularity&srpvid=a6ce4e38ac41034b&srepoch=1737803352&all_sr_blocks=904730205_361445695_4_0_0&highlighted_blocks=904730205_361445695_4_0_0&matching_block_id=904730205_361445695_4_0_0&sr_pri_blocks=904730205_361445695_4_0_0__142996&from=searchresults
limehome Madrid Calle de la Madera - Digital Access,"Centro de Madrid, Madrid",https://www.booking.com/hotel/es/behap-madrid-malasana.es.html?label=gen173nr-1FCAEoggI46AdIClgEaEaIAQGYAQq4ARnIAQ_YAQHoAQH4AQKIAgGoAgO4ArL50rwGwAIB0gIkOGZlNzdlZTAtYjM2Ni00NjEwLWJjZDItYjc2NTUzNTkyZGM32AIF4AIB&sid=5ad11202ea9cc1c07c5ed8caaaf11387&aid=304142&ucfs=1&arphpl=1&checkin=2025-03-01&checkout=2025-03-08&dest_id=-390625&dest_type=city&group_adults=2&req_adults=2&no_rooms=1&group_children=0&req_children=0&hpos=8&hapos=957&sr_order=popularity&srpvid=a6ce4e38ac41034b&srepoch=1737803352&all_sr_blocks=487918218_333471585_2_0_0&highlighted_blocks=487918218_333471585_2_0_0&matching_block_id=487918218_333471585_2_0_0&sr_pri_blocks=487918218_333471585_2_0_0__134771&from=searchresults
Cotrades 2 San Blas-canillejas,"San Blas, Madrid",https://www.booking.com/hotel/es/coworking-en-san-blas-canillejas-madrid.es.html?label=gen173nr-1FCAEoggI46AdIClgEaEaIAQGYAQq4ARnIAQ_YAQHoAQH4AQKIAgGoAgO4ArL50rwGwAIB0gIkOGZlNzdlZTAtYjM2Ni00NjEwLWJjZDItYjc2NTUzNTkyZGM32AIF4AIB&sid=5ad11202ea9cc1c07c5ed8caaaf11387&aid=304142&ucfs=1&arphpl=1&checkin=2025-03-01&checkout=2025-03-08&dest_id=-390625&dest_type=city&group_adults=2&req_adults=2&no_rooms=1&group_children=0&req_children=0&hpos=9&hapos=958&sr_order=popularity&srpvid=a6ce4e38ac41034b&srepoch=1737803352&all_sr_blocks=1136881301_386594897_2_0_0&highlighted_blocks=1136881301_386594897_2_0_0&matching_block_id=1136881301_386594897_2_0_0&sr_pri_blocks=1136881301_386594897_2_0_0__64815&from=searchresults
Hostal Atocha Almudena Martín,"Centro de Madrid, Madrid",https://www.booking.com/hotel/es/hostal-martin-madrid.es.html?label=gen173nr-1FCAEoggI46AdIClgEaEaIAQGYAQq4ARnIAQ_YAQHoAQH4AQKIAgGoAgO4ArL50rwGwAIB0gIkOGZlNzdlZTAtYjM2Ni00NjEwLWJjZDItYjc2NTUzNTkyZGM32AIF4AIB&sid=5ad11202ea9cc1c07c5ed8caaaf11387&aid=304142&ucfs=1&arphpl=1&checkin=2025-03-01&checkout=2025-03-08&dest_id=-390625&dest_type=city&group_adults=2&req_adults=2&no_rooms=1&group_children=0&req_children=0&hpos=10&hapos=959&sr_order=popularity&srpvid=a6ce4e38ac41034b&srepoch=1737803352&all_sr_blocks=18882403_88203224_2_0_0&highlighted_blocks=18882403_88203224_2_0_0&matching_block_id=18882403_88203224_2_0_0&sr_pri_blocks=18882403_88203224_2_0_0__87591&from=searchresults
Ático Plaza Mayor,"Centro de Madrid, Madrid",https://www.booking.com/hotel/es/alterhome-atico-en-la-plaza-mayor.es.html?label=gen173nr-1FCAEoggI46AdIClgEaEaIAQGYAQq4ARnIAQ_YAQHoAQH4AQKIAgGoAgO4ArL50rwGwAIB0gIkOGZlNzdlZTAtYjM2Ni00NjEwLWJjZDItYjc2NTUzNTkyZGM32AIF4AIB&sid=5ad11202ea9cc1c07c5ed8caaaf11387&aid=304142&ucfs=1&arphpl=1&checkin=2025-03-01&checkout=2025-03-08&dest_id=-390625&dest_type=city&group_adults=2&req_adults=2&no_rooms=1&group_children=0&req_children=0&hpos=11&hapos=960&sr_order=popularity&srpvid=a6ce4e38ac41034b&srepoch=1737803352&all_sr_blocks=268183401_392565083_5_0_0&highlighted_blocks=268183401_392565083_5_0_0&matching_block_id=268183401_392565083_5_0_0&sr_pri_blocks=268183401_392565083_5_0_0__150131&from=searchresults
Apartamentos TH La Florida,"Moncloa - Aravaca, Madrid",https://www.booking.com/hotel/es/thlaflorida.es.html?label=gen173nr-1FCAEoggI46AdIClgEaEaIAQGYAQq4ARnIAQ_YAQHoAQH4AQKIAgGoAgO4ArL50rwGwAIB0gIkOGZlNzdlZTAtYjM2Ni00NjEwLWJjZDItYjc2NTUzNTkyZGM32AIF4AIB&sid=5ad11202ea9cc1c07c5ed8caaaf11387&aid=304142&ucfs=1&arphpl=1&checkin=2025-03-01&checkout=2025-03-08&dest_id=-390625&dest_type=city&group_adults=2&req_adults=2&no_rooms=1&group_children=0&req_children=0&hpos=12&hapos=961&sr_order=popularity&srpvid=a6ce4e38ac41034b&srepoch=1737803352&all_sr_blocks=9069202_125439968_0_2_0&highlighted_blocks=9069202_125439968_0_2_0&matching_block_id=9069202_125439968_0_2_0&sr_pri_blocks=9069202_125439968_0_2_0__58800&from=searchresults
Apartamento Nuevo y Reformado al lado de la Gran Vía Madrileña,"Centro de Madrid, Madrid",https://www.booking.com/hotel/es/nuevo-y-reformado-apartamento-a-50mts-de-la-gran-via-de-madrid.es.html?label=gen173nr-1FCAEoggI46AdIClgEaEaIAQGYAQq4ARnIAQ_YAQHoAQH4AQKIAgGoAgO4ArL50rwGwAIB0gIkOGZlNzdlZTAtYjM2Ni00NjEwLWJjZDItYjc2NTUzNTkyZGM32AIF4AIB&sid=5ad11202ea9cc1c07c5ed8caaaf11387&aid=304142&ucfs=1&arphpl=1&checkin=2025-03-01&checkout=2025-03-08&dest_id=-390625&dest_type=city&group_adults=2&req_adults=2&no_rooms=1&group_children=0&req_children=0&hpos=13&hapos=962&sr_order=popularity&srpvid=a6ce4e38ac41034b&srepoch=1737803352&all_sr_blocks=676995201_406313563_4_0_0&highlighted_blocks=676995201_406313563_4_0_0&matching_block_id=676995201_406313563_4_0_0&sr_pri_blocks=676995201_406313563_4_0_0__165570&from=searchresults
Hostal Maria Ronda,"Carabanchel, Madrid",https://www.booking.com/hotel/es/hostal-maria-ronda.es.html?label=gen173nr-1FCAEoggI46AdIClgEaEaIAQGYAQq4ARnIAQ_YAQHoAQH4AQKIAgGoAgO4ArL50rwGwAIB0gIkOGZlNzdlZTAtYjM2Ni00NjEwLWJjZDItYjc2NTUzNTkyZGM32AIF4AIB&sid=5ad11202ea9cc1c07c5ed8caaaf11387&aid=304142&ucfs=1&arphpl=1&checkin=2025-03-01&checkout=2025-03-08&dest_id=-390625&dest_type=city&group_adults=2&req_adults=2&no_rooms=1&group_children=0&req_children=0&hpos=14&hapos=963&sr_order=popularity&srpvid=a6ce4e38ac41034b&srepoch=1737803352&all_sr_blocks=26293606_93720352_2_0_0_415023&highlighted_blocks=26293606_93720352_2_0_0_415023&matching_block_id=26293606_93720352_2_0_0_415023&sr_pri_blocks=26293606_93720352_2_0_0_415023_78750&from=searchresults
Charming Gran Vía Callao,"Centro de Madrid, Madrid",https://www.booking.com/hotel/es/gran-via-palacio-prensa-madrid.es.html?label=gen173nr-1FCAEoggI46AdIClgEaEaIAQGYAQq4ARnIAQ_YAQHoAQH4AQKIAgGoAgO4ArL50rwGwAIB0gIkOGZlNzdlZTAtYjM2Ni00NjEwLWJjZDItYjc2NTUzNTkyZGM32AIF4AIB&sid=5ad11202ea9cc1c07c5ed8caaaf11387&aid=304142&ucfs=1&arphpl=1&checkin=2025-03-01&checkout=2025-03-08&dest_id=-390625&dest_type=city&group_adults=2&req_adults=2&no_rooms=1&group_children=0&req_children=0&hpos=15&hapos=964&sr_order=popularity&srpvid=a6ce4e38ac41034b&srepoch=1737803352&all_sr_blocks=557897506_208093476_2_0_0&highlighted_blocks=557897506_208093476_2_0_0&matching_block_id=557897506_208093476_2_0_0&sr_pri_blocks=557897506_208093476_2_0_0__123244&from=searchresults
Apartamento de Diseño en Caleido,"Tetuán, Madrid",https://www.booking.com/hotel/es/apartamento-de-diseno-en-caleido.es.html?label=gen173nr-1FCAEoggI46AdIClgEaEaIAQGYAQq4ARnIAQ_YAQHoAQH4AQKIAgGoAgO4ArL50rwGwAIB0gIkOGZlNzdlZTAtYjM2Ni00NjEwLWJjZDItYjc2NTUzNTkyZGM32AIF4AIB&sid=5ad11202ea9cc1c07c5ed8caaaf11387&aid=304142&ucfs=1&arphpl=1&checkin=2025-03-01&checkout=2025-03-08&dest_id=-390625&dest_type=city&group_adults=2&req_adults=2&no_rooms=1&group_children=0&req_children=0&hpos=16&hapos=965&sr_order=popularity&srpvid=a6ce4e38ac41034b&srepoch=1737803352&all_sr_blocks=1234399501_395393954_2_0_0&highlighted_blocks=1234399501_395393954_2_0_0&matching_block_id=1234399501_395393954_2_0_0&sr_pri_blocks=1234399501_395393954_2_0_0__78887&from=searchresults
MyHouseSpain - Luminoso piso con Terraza,"Salamanca, Madrid",https://www.booking.com/hotel/es/myhousespain-luminoso-piso-con-terraza.es.html?label=gen173nr-1FCAEoggI46AdIClgEaEaIAQGYAQq4ARnIAQ_YAQHoAQH4AQKIAgGoAgO4ArL50rwGwAIB0gIkOGZlNzdlZTAtYjM2Ni00NjEwLWJjZDItYjc2NTUzNTkyZGM32AIF4AIB&sid=5ad11202ea9cc1c07c5ed8caaaf11387&aid=304142&ucfs=1&arphpl=1&checkin=2025-03-01&checkout=2025-03-08&dest_id=-390625&dest_type=city&group_adults=2&req_adults=2&no_rooms=1&group_children=0&req_children=0&hpos=17&hapos=966&sr_order=popularity&srpvid=a6ce4e38ac41034b&srepoch=1737803352&all_sr_blocks=1342996101_406682798_4_0_0&highlighted_blocks=1342996101_406682798_4_0_0&matching_block_id=1342996101_406682798_4_0_0&sr_pri_blocks=1342996101_406682798_4_0_0__121388&from=searchresults
Charming Apartment up to 4 persons 3 min to Metro,"Fuencarral - El Pardo, Madrid",https://www.booking.com/hotel/es/madrid-city-center-apartment-with-modern-amenities.es.html?label=gen173nr-1FCAEoggI46AdIClgEaEaIAQGYAQq4ARnIAQ_YAQHoAQH4AQKIAgGoAgO4ArL50rwGwAIB0gIkOGZlNzdlZTAtYjM2Ni00NjEwLWJjZDItYjc2NTUzNTkyZGM32AIF4AIB&sid=5ad11202ea9cc1c07c5ed8caaaf11387&aid=304142&ucfs=1&arphpl=1&checkin=2025-03-01&checkout=2025-03-08&dest_id=-390625&dest_type=city&group_adults=2&req_adults=2&no_rooms=1&group_children=0&req_children=0&hpos=18&hapos=967&sr_order=popularity&srpvid=a6ce4e38ac41034b&srepoch=1737803352&all_sr_blocks=1230245802_395013454_4_0_0&highlighted_blocks=1230245802_395013454_4_0_0&matching_block_id=1230245802_395013454_4_0_0&sr_pri_blocks=1230245802_395013454_4_0_0__81262&from=searchresults
Charming Madrid Principe Pio,"Moncloa - Aravaca, Madrid",https://www.booking.com/hotel/es/charming-madrid-principe-pio.es.html?label=gen173nr-1FCAEoggI46AdIClgEaEaIAQGYAQq4ARnIAQ_YAQHoAQH4AQKIAgGoAgO4ArL50rwGwAIB0gIkOGZlNzdlZTAtYjM2Ni00NjEwLWJjZDItYjc2NTUzNTkyZGM32AIF4AIB&sid=5ad11202ea9cc1c07c5ed8caaaf11387&aid=304142&ucfs=1&arphpl=1&checkin=2025-03-01&checkout=2025-03-08&dest_id=-390625&dest_type=city&group_adults=2&req_adults=2&no_rooms=1&group_children=0&req_children=0&hpos=19&hapos=968&sr_order=popularity&srpvid=a6ce4e38ac41034b&srepoch=1737803352&all_sr_blocks=1110562601_384038723_2_0_0&highlighted_blocks=1110562601_384038723_2_0_0&matching_block_id=1110562601_384038723_2_0_0&sr_pri_blocks=1110562601_384038723_2_0_0__108828&from=searchresults
"Pequeño rincón para 3, en Plaza de Chueca","Centro de Madrid, Madrid",https://www.booking.com/hotel/es/central-apt-1hab-para-3pax-en-plena-plaza-de-chueca.es.html?label=gen173nr-1FCAEoggI46AdIClgEaEaIAQGYAQq4ARnIAQ_YAQHoAQH4AQKIAgGoAgO4ArL50rwGwAIB0gIkOGZlNzdlZTAtYjM2Ni00NjEwLWJjZDItYjc2NTUzNTkyZGM32AIF4AIB&sid=5ad11202ea9cc1c07c5ed8caaaf11387&aid=304142&ucfs=1&arphpl=1&checkin=2025-03-01&checkout=2025-03-08&dest_id=-390625&dest_type=city&group_adults=2&req_adults=2&no_rooms=1&group_children=0&req_children=0&hpos=20&hapos=969&sr_order=popularity&srpvid=a6ce4e38ac41034b&srepoch=1737803352&all_sr_blocks=1136276002_386256753_3_0_0&highlighted_blocks=1136276002_386256753_3_0_0&matching_block_id=1136276002_386256753_3_0_0&sr_pri_blocks=1136276002_386256753_3_0_0__100074&from=searchresults
GuestReady - Pleasent stay in Madrid,"Ciudad Lineal, Madrid",https://www.booking.com/hotel/es/guestready-concepcion-city-sports-arena-stay.es.html?label=gen173nr-1FCAEoggI46AdIClgEaEaIAQGYAQq4ARnIAQ_YAQHoAQH4AQKIAgGoAgO4ArL50rwGwAIB0gIkOGZlNzdlZTAtYjM2Ni00NjEwLWJjZDItYjc2NTUzNTkyZGM32AIF4AIB&sid=5ad11202ea9cc1c07c5ed8caaaf11387&aid=304142&ucfs=1&arphpl=1&checkin=2025-03-01&checkout=2025-03-08&dest_id=-390625&dest_type=city&group_adults=2&req_adults=2&no_rooms=1&group_children=0&req_children=0&hpos=21&hapos=970&sr_order=popularity&srpvid=a6ce4e38ac41034b&srepoch=1737803352&all_sr_blocks=1055469801_399501206_3_0_0&highlighted_blocks=1055469801_399501206_3_0_0&matching_block_id=1055469801_399501206_3_0_0&sr_pri_blocks=1055469801_399501206_3_0_0__140030&from=searchresults
Boutique Hotel H10 Villa de la Reina,"Centro de Madrid, Madrid",https://www.booking.com/hotel/es/villadelareina.es.html?label=gen173nr-1FCAEoggI46AdIClgEaEaIAQGYAQq4ARnIAQ_YAQHoAQH4AQKIAgGoAgO4ArL50rwGwAIB0gIkOGZlNzdlZTAtYjM2Ni00NjEwLWJjZDItYjc2NTUzNTkyZGM32AIF4AIB&sid=5ad11202ea9cc1c07c5ed8caaaf11387&aid=304142&ucfs=1&arphpl=1&checkin=2025-03-01&checkout=2025-03-08&dest_id=-390625&dest_type=city&group_adults=2&req_adults=2&no_rooms=1&group_children=0&req_children=0&hpos=22&hapos=971&sr_order=popularity&srpvid=a6ce4e38ac41034b&srepoch=1737803352&all_sr_blocks=9031912_203889685_0_34_0_225196&highlighted_blocks=9031912_203889685_0_34_0_225196&matching_block_id=9031912_203889685_0_34_0_225196&sr_pri_blocks=9031912_203889685_0_34_0_225196_198000&from_sustainable_property_sr=1&from=searchresults
Increíble loft en el corazón de Madrid,"Centro de Madrid, Madrid",https://www.booking.com/hotel/es/lovely-apartments-increible-loft-en-el-corazon-de-madrid.es.html?label=gen173nr-1FCAEoggI46AdIClgEaEaIAQGYAQq4ARnIAQ_YAQHoAQH4AQKIAgGoAgO4ArL50rwGwAIB0gIkOGZlNzdlZTAtYjM2Ni00NjEwLWJjZDItYjc2NTUzNTkyZGM32AIF4AIB&sid=5ad11202ea9cc1c07c5ed8caaaf11387&aid=304142&ucfs=1&arphpl=1&checkin=2025-03-01&checkout=2025-03-08&dest_id=-390625&dest_type=city&group_adults=2&req_adults=2&no_rooms=1&group_children=0&req_children=0&hpos=23&hapos=972&sr_order=popularity&srpvid=a6ce4e38ac41034b&srepoch=1737803352&all_sr_blocks=1119109703_401432623_4_0_0&highlighted_blocks=1119109703_401432623_4_0_0&matching_block_id=1119109703_401432623_4_0_0&sr_pri_blocks=1119109703_401432623_4_0_0__230600&from=searchresults
Encantador Alojamiento cerca a IFEMA,"Hortaleza, Madrid",https://www.booking.com/hotel/es/encantador-alojamiento-cerca-a-ifema.es.html?label=gen173nr-1FCAEoggI46AdIClgEaEaIAQGYAQq4ARnIAQ_YAQHoAQH4AQKIAgGoAgO4ArL50rwGwAIB0gIkOGZlNzdlZTAtYjM2Ni00NjEwLWJjZDItYjc2NTUzNTkyZGM32AIF4AIB&sid=5ad11202ea9cc1c07c5ed8caaaf11387&aid=304142&ucfs=1&arphpl=1&checkin=2025-03-01&checkout=2025-03-08&dest_id=-390625&dest_type=city&group_adults=2&req_adults=2&no_rooms=1&group_children=0&req_children=0&hpos=24&hapos=973&sr_order=popularity&srpvid=a6ce4e38ac41034b&srepoch=1737803352&all_sr_blocks=1237362401_395810977_2_0_0&highlighted_blocks=1237362401_395810977_2_0_0&matching_block_id=1237362401_395810977_2_0_0&sr_pri_blocks=1237362401_395810977_2_0_0__107328&from=searchresults
MyHouseSpain - Acogedor piso cerca de Gran Vía,"Centro de Madrid, Madrid",https://www.booking.com/hotel/es/myhousespain-acogedor-piso-cerca-de-gran-via.es.html?label=gen173nr-1FCAEoggI46AdIClgEaEaIAQGYAQq4ARnIAQ_YAQHoAQH4AQKIAgGoAgO4ArL50rwGwAIB0gIkOGZlNzdlZTAtYjM2Ni00NjEwLWJjZDItYjc2NTUzNTkyZGM32AIF4AIB&sid=5ad11202ea9cc1c07c5ed8caaaf11387&aid=304142&ucfs=1&arphpl=1&checkin=2025-03-01&checkout=2025-03-08&dest_id=-390625&dest_type=city&group_adults=2&req_adults=2&no_rooms=1&group_children=0&req_children=0&hpos=25&hapos=974&sr_order=popularity&srpvid=a6ce4e38ac41034b&srepoch=1737803352&all_sr_blocks=1169873801_389553985_2_0_0&highlighted_blocks=1169873801_389553985_2_0_0&matching_block_id=1169873801_389553985_2_0_0&sr_pri_blocks=1169873801_389553985_2_0_0__80986&from=searchresults
Sunny studio with AC in Hortaleza,"Hortaleza, Madrid",https://www.booking.com/hotel/es/sunny-studio-with-ac-in-hortaleza.es.html?label=gen173nr-1FCAEoggI46AdIClgEaEaIAQGYAQq4ARnIAQ_YAQHoAQH4AQKIAgGoAgO4ArL50rwGwAIB0gIkOGZlNzdlZTAtYjM2Ni00NjEwLWJjZDItYjc2NTUzNTkyZGM32AIF4AIB&sid=5ad11202ea9cc1c07c5ed8caaaf11387&aid=304142&ucfs=1&arphpl=1&checkin=2025-03-01&checkout=2025-03-08&dest_id=-390625&dest_type=city&group_adults=2&req_adults=2&no_rooms=1&group_children=0&req_children=0&hpos=1&hapos=975&sr_order=popularity&srpvid=a6ce4e38ac41034b&srepoch=1737803356&all_sr_blocks=1334374801_405920375_3_0_0&highlighted_blocks=1334374801_405920375_3_0_0&matching_block_id=1334374801_405920375_3_0_0&sr_pri_blocks=1334374801_405920375_3_0_0__104275&from=searchresults
Apartamento Gran Via,"Centro de Madrid, Madrid",https://www.booking.com/hotel/es/apartamento-gran-via-madrid5.es.html?label=gen173nr-1FCAEoggI46AdIClgEaEaIAQGYAQq4ARnIAQ_YAQHoAQH4AQKIAgGoAgO4ArL50rwGwAIB0gIkOGZlNzdlZTAtYjM2Ni00NjEwLWJjZDItYjc2NTUzNTkyZGM32AIF4AIB&sid=5ad11202ea9cc1c07c5ed8caaaf11387&aid=304142&ucfs=1&arphpl=1&checkin=2025-03-01&checkout=2025-03-08&dest_id=-390625&dest_type=city&group_adults=2&req_adults=2&no_rooms=1&group_children=0&req_children=0&hpos=2&hapos=976&sr_order=popularity&srpvid=a6ce4e38ac41034b&srepoch=1737803356&all_sr_blocks=1306954101_403514381_4_0_0&highlighted_blocks=1306954101_403514381_4_0_0&matching_block_id=1306954101_403514381_4_0_0&sr_pri_blocks=1306954101_403514381_4_0_0__154882&from=searchresults
Exclusivo piso en el centro - 2,"Centro de Madrid, Madrid",https://www.booking.com/hotel/es/exclusivo-piso-en-el-centro-2.es.html?label=gen173nr-1FCAEoggI46AdIClgEaEaIAQGYAQq4ARnIAQ_YAQHoAQH4AQKIAgGoAgO4ArL50rwGwAIB0gIkOGZlNzdlZTAtYjM2Ni00NjEwLWJjZDItYjc2NTUzNTkyZGM32AIF4AIB&sid=5ad11202ea9cc1c07c5ed8caaaf11387&aid=304142&ucfs=1&arphpl=1&checkin=2025-03-01&checkout=2025-03-08&dest_id=-390625&dest_type=city&group_adults=2&req_adults=2&no_rooms=1&group_children=0&req_children=0&hpos=3&hapos=977&sr_order=popularity&srpvid=a6ce4e38ac41034b&srepoch=1737803356&all_sr_blocks=1325161401_405136419_2_0_0&highlighted_blocks=1325161401_405136419_2_0_0&matching_block_id=1325161401_405136419_2_0_0&sr_pri_blocks=1325161401_405136419_2_0_0__143947&from=searchresults
C4 Exclusiva zona Madrid,"Chamartín, Madrid",https://www.booking.com/hotel/es/c4-exclusiva-zona-madrid.es.html?label=gen173nr-1FCAEoggI46AdIClgEaEaIAQGYAQq4ARnIAQ_YAQHoAQH4AQKIAgGoAgO4ArL50rwGwAIB0gIkOGZlNzdlZTAtYjM2Ni00NjEwLWJjZDItYjc2NTUzNTkyZGM32AIF4AIB&sid=5ad11202ea9cc1c07c5ed8caaaf11387&aid=304142&ucfs=1&arphpl=1&checkin=2025-03-01&checkout=2025-03-08&dest_id=-390625&dest_type=city&group_adults=2&req_adults=2&no_rooms=1&group_children=0&req_children=0&hpos=4&hapos=978&sr_order=popularity&srpvid=a6ce4e38ac41034b&srepoch=1737803356&all_sr_blocks=1062941201_378639527_4_0_0&highlighted_blocks=1062941201_378639527_4_0_0&matching_block_id=1062941201_378639527_4_0_0&sr_pri_blocks=1062941201_378639527_4_0_0__104723&from=searchresults
Hotel Mediodia,"Centro de Madrid, Madrid",https://www.booking.com/hotel/es/mediodia-madrid.es.html?label=gen173nr-1FCAEoggI46AdIClgEaEaIAQGYAQq4ARnIAQ_YAQHoAQH4AQKIAgGoAgO4ArL50rwGwAIB0gIkOGZlNzdlZTAtYjM2Ni00NjEwLWJjZDItYjc2NTUzNTkyZGM32AIF4AIB&sid=5ad11202ea9cc1c07c5ed8caaaf11387&aid=304142&ucfs=1&arphpl=1&checkin=2025-03-01&checkout=2025-03-08&dest_id=-390625&dest_type=city&group_adults=2&req_adults=2&no_rooms=1&group_children=0&req_children=0&hpos=5&hapos=979&sr_order=popularity&srpvid=a6ce4e38ac41034b&srepoch=1737803356&all_sr_blocks=4620002_93572155_0_2_0&highlighted_blocks=4620002_93572155_0_2_0&matching_block_id=4620002_93572155_0_2_0&sr_pri_blocks=4620002_93572155_0_2_0__108900&from=searchresults
Alojamiento Edison,"Puente de Vallecas, Madrid",https://www.booking.com/hotel/es/alojamiento-edison.es.html?label=gen173nr-1FCAEoggI46AdIClgEaEaIAQGYAQq4ARnIAQ_YAQHoAQH4AQKIAgGoAgO4ArL50rwGwAIB0gIkOGZlNzdlZTAtYjM2Ni00NjEwLWJjZDItYjc2NTUzNTkyZGM32AIF4AIB&sid=5ad11202ea9cc1c07c5ed8caaaf11387&aid=304142&ucfs=1&arphpl=1&checkin=2025-03-01&checkout=2025-03-08&dest_id=-390625&dest_type=city&group_adults=2&req_adults=2&no_rooms=1&group_children=0&req_children=0&hpos=6&hapos=980&sr_order=popularity&srpvid=a6ce4e38ac41034b&srepoch=1737803356&all_sr_blocks=1321318301_404815916_2_0_0&highlighted_blocks=1321318301_404815916_2_0_0&matching_block_id=1321318301_404815916_2_0_0&sr_pri_blocks=1321318301_404815916_2_0_0__33320&from=searchresults
Alojamiento con todas las comodidades a pasos de Atocha,"Arganzuela, Madrid",https://www.booking.com/hotel/es/atocha-viii.es.html?label=gen173nr-1FCAEoggI46AdIClgEaEaIAQGYAQq4ARnIAQ_YAQHoAQH4AQKIAgGoAgO4ArL50rwGwAIB0gIkOGZlNzdlZTAtYjM2Ni00NjEwLWJjZDItYjc2NTUzNTkyZGM32AIF4AIB&sid=5ad11202ea9cc1c07c5ed8caaaf11387&aid=304142&ucfs=1&arphpl=1&checkin=2025-03-01&checkout=2025-03-08&dest_id=-390625&dest_type=city&group_adults=2&req_adults=2&no_rooms=1&group_children=0&req_children=0&hpos=7&hapos=981&sr_order=popularity&srpvid=a6ce4e38ac41034b&srepoch=1737803356&all_sr_blocks=851753601_353556166_2_0_0&highlighted_blocks=851753601_353556166_2_0_0&matching_block_id=851753601_353556166_2_0_0&sr_pri_blocks=851753601_353556166_2_0_0__106725&from=searchresults
Design and elegance in the heart of Madrid,"Centro de Madrid, Madrid",https://www.booking.com/hotel/es/design-and-elegance-in-the-heart-of-madrid.es.html?label=gen173nr-1FCAEoggI46AdIClgEaEaIAQGYAQq4ARnIAQ_YAQHoAQH4AQKIAgGoAgO4ArL50rwGwAIB0gIkOGZlNzdlZTAtYjM2Ni00NjEwLWJjZDItYjc2NTUzNTkyZGM32AIF4AIB&sid=5ad11202ea9cc1c07c5ed8caaaf11387&aid=304142&ucfs=1&arphpl=1&checkin=2025-03-01&checkout=2025-03-08&dest_id=-390625&dest_type=city&group_adults=2&req_adults=2&no_rooms=1&group_children=0&req_children=0&hpos=8&hapos=982&sr_order=popularity&srpvid=a6ce4e38ac41034b&srepoch=1737803356&all_sr_blocks=1124506401_387549786_4_0_0&highlighted_blocks=1124506401_387549786_4_0_0&matching_block_id=1124506401_387549786_4_0_0&sr_pri_blocks=1124506401_387549786_4_0_0__129713&from=searchresults
Spacious bright- 2Bd 2Bth- Recoletos,"Salamanca, Madrid",https://www.booking.com/hotel/es/2-bedrooms-2-bathrooms-furnished-recoletos-spacious-bright-mintystay.es.html?label=gen173nr-1FCAEoggI46AdIClgEaEaIAQGYAQq4ARnIAQ_YAQHoAQH4AQKIAgGoAgO4ArL50rwGwAIB0gIkOGZlNzdlZTAtYjM2Ni00NjEwLWJjZDItYjc2NTUzNTkyZGM32AIF4AIB&sid=5ad11202ea9cc1c07c5ed8caaaf11387&aid=304142&ucfs=1&arphpl=1&checkin=2025-03-01&checkout=2025-03-08&dest_id=-390625&dest_type=city&group_adults=2&req_adults=2&no_rooms=1&group_children=0&req_children=0&hpos=9&hapos=983&sr_order=popularity&srpvid=a6ce4e38ac41034b&srepoch=1737803356&all_sr_blocks=1143955002_387461319_4_0_0&highlighted_blocks=1143955002_387461319_4_0_0&matching_block_id=1143955002_387461319_4_0_0&sr_pri_blocks=1143955002_387461319_4_0_0__237456&from=searchresults
Apartamento Bernabeu Comfort en Madrid,"Chamartín, Madrid",https://www.booking.com/hotel/es/mit-house-neruda-en-madrid.es.html?label=gen173nr-1FCAEoggI46AdIClgEaEaIAQGYAQq4ARnIAQ_YAQHoAQH4AQKIAgGoAgO4ArL50rwGwAIB0gIkOGZlNzdlZTAtYjM2Ni00NjEwLWJjZDItYjc2NTUzNTkyZGM32AIF4AIB&sid=5ad11202ea9cc1c07c5ed8caaaf11387&aid=304142&ucfs=1&arphpl=1&checkin=2025-03-01&checkout=2025-03-08&dest_id=-390625&dest_type=city&group_adults=2&req_adults=2&no_rooms=1&group_children=0&req_children=0&hpos=10&hapos=984&sr_order=popularity&srpvid=a6ce4e38ac41034b&srepoch=1737803356&all_sr_blocks=809169802_342504688_2_0_0&highlighted_blocks=809169802_342504688_2_0_0&matching_block_id=809169802_342504688_2_0_0&sr_pri_blocks=809169802_342504688_2_0_0__96962&from=searchresults
Vip Apartment Malasaña 6 pax,"Centro de Madrid, Madrid",https://www.booking.com/hotel/es/vip-apartment-malasana-6-pax.es.html?label=gen173nr-1FCAEoggI46AdIClgEaEaIAQGYAQq4ARnIAQ_YAQHoAQH4AQKIAgGoAgO4ArL50rwGwAIB0gIkOGZlNzdlZTAtYjM2Ni00NjEwLWJjZDItYjc2NTUzNTkyZGM32AIF4AIB&sid=5ad11202ea9cc1c07c5ed8caaaf11387&aid=304142&ucfs=1&arphpl=1&checkin=2025-03-01&checkout=2025-03-08&dest_id=-390625&dest_type=city&group_adults=2&req_adults=2&no_rooms=1&group_children=0&req_children=0&hpos=11&hapos=985&sr_order=popularity&srpvid=a6ce4e38ac41034b&srepoch=1737803356&all_sr_blocks=1313831301_404160051_6_0_0&highlighted_blocks=1313831301_404160051_6_0_0&matching_block_id=1313831301_404160051_6_0_0&sr_pri_blocks=1313831301_404160051_6_0_0__231400&from=searchresults
"Aesthetic Apt, 15min Gran Vía, Sol, Theme park","Latina, Madrid",https://www.booking.com/hotel/es/aesthetic-apt-15min-gran-via-sol-theme-park.es.html?label=gen173nr-1FCAEoggI46AdIClgEaEaIAQGYAQq4ARnIAQ_YAQHoAQH4AQKIAgGoAgO4ArL50rwGwAIB0gIkOGZlNzdlZTAtYjM2Ni00NjEwLWJjZDItYjc2NTUzNTkyZGM32AIF4AIB&sid=5ad11202ea9cc1c07c5ed8caaaf11387&aid=304142&ucfs=1&arphpl=1&checkin=2025-03-01&checkout=2025-03-08&dest_id=-390625&dest_type=city&group_adults=2&req_adults=2&no_rooms=1&group_children=0&req_children=0&hpos=12&hapos=986&sr_order=popularity&srpvid=a6ce4e38ac41034b&srepoch=1737803356&all_sr_blocks=1195884101_391864688_6_0_0&highlighted_blocks=1195884101_391864688_6_0_0&matching_block_id=1195884101_391864688_6_0_0&sr_pri_blocks=1195884101_391864688_6_0_0__134037&from=searchresults
LOFT 2 DORMITORIOS,"Villaverde, Madrid",https://www.booking.com/hotel/es/loft-2-dormitorios.es.html?label=gen173nr-1FCAEoggI46AdIClgEaEaIAQGYAQq4ARnIAQ_YAQHoAQH4AQKIAgGoAgO4ArL50rwGwAIB0gIkOGZlNzdlZTAtYjM2Ni00NjEwLWJjZDItYjc2NTUzNTkyZGM32AIF4AIB&sid=5ad11202ea9cc1c07c5ed8caaaf11387&aid=304142&ucfs=1&arphpl=1&checkin=2025-03-01&checkout=2025-03-08&dest_id=-390625&dest_type=city&group_adults=2&req_adults=2&no_rooms=1&group_children=0&req_children=0&hpos=13&hapos=987&sr_order=popularity&srpvid=a6ce4e38ac41034b&srepoch=1737803356&all_sr_blocks=803911201_341740066_2_0_0&highlighted_blocks=803911201_341740066_2_0_0&matching_block_id=803911201_341740066_2_0_0&sr_pri_blocks=803911201_341740066_2_0_0__91728&from=searchresults
L&H Callao Selection Adults Only,"Centro de Madrid, Madrid",https://www.booking.com/hotel/es/l-amp-h-callao-selection.es.html?label=gen173nr-1FCAEoggI46AdIClgEaEaIAQGYAQq4ARnIAQ_YAQHoAQH4AQKIAgGoAgO4ArL50rwGwAIB0gIkOGZlNzdlZTAtYjM2Ni00NjEwLWJjZDItYjc2NTUzNTkyZGM32AIF4AIB&sid=5ad11202ea9cc1c07c5ed8caaaf11387&aid=304142&ucfs=1&arphpl=1&checkin=2025-03-01&checkout=2025-03-08&dest_id=-390625&dest_type=city&group_adults=2&req_adults=2&no_rooms=1&group_children=0&req_children=0&hpos=14&hapos=988&sr_order=popularity&srpvid=a6ce4e38ac41034b&srepoch=1737803356&all_sr_blocks=1309690201_405390449_2_0_0&highlighted_blocks=1309690201_405390449_2_0_0&matching_block_id=1309690201_405390449_2_0_0&sr_pri_blocks=1309690201_405390449_2_0_0__145754&from=searchresults
Exyca Plaza Castilla,"Chamartín, Madrid",https://www.booking.com/hotel/es/exyca-plaza-castilla-madrid1.es.html?label=gen173nr-1FCAEoggI46AdIClgEaEaIAQGYAQq4ARnIAQ_YAQHoAQH4AQKIAgGoAgO4ArL50rwGwAIB0gIkOGZlNzdlZTAtYjM2Ni00NjEwLWJjZDItYjc2NTUzNTkyZGM32AIF4AIB&sid=5ad11202ea9cc1c07c5ed8caaaf11387&aid=304142&ucfs=1&arphpl=1&checkin=2025-03-01&checkout=2025-03-08&dest_id=-390625&dest_type=city&group_adults=2&req_adults=2&no_rooms=1&group_children=0&req_children=0&hpos=15&hapos=989&sr_order=popularity&srpvid=a6ce4e38ac41034b&srepoch=1737803356&all_sr_blocks=1273723801_400183579_3_0_0&highlighted_blocks=1273723801_400183579_3_0_0&matching_block_id=1273723801_400183579_3_0_0&sr_pri_blocks=1273723801_400183579_3_0_0__72702&from=searchresults
2 bedrooms 1 bathroom furnished - Malasaña - Modern in downtown area - MintyStay,"Centro de Madrid, Madrid",https://www.booking.com/hotel/es/2-bedrooms-1-bathroom-furnished-malasana-modern-in-downtown-area-mintystay.es.html?label=gen173nr-1FCAEoggI46AdIClgEaEaIAQGYAQq4ARnIAQ_YAQHoAQH4AQKIAgGoAgO4ArL50rwGwAIB0gIkOGZlNzdlZTAtYjM2Ni00NjEwLWJjZDItYjc2NTUzNTkyZGM32AIF4AIB&sid=5ad11202ea9cc1c07c5ed8caaaf11387&aid=304142&ucfs=1&arphpl=1&checkin=2025-03-01&checkout=2025-03-08&dest_id=-390625&dest_type=city&group_adults=2&req_adults=2&no_rooms=1&group_children=0&req_children=0&hpos=16&hapos=990&sr_order=popularity&srpvid=a6ce4e38ac41034b&srepoch=1737803356&all_sr_blocks=837187602_373503851_4_0_0&highlighted_blocks=837187602_373503851_4_0_0&matching_block_id=837187602_373503851_4_0_0&sr_pri_blocks=837187602_373503851_4_0_0__127667&from=searchresults
Apartamento nuevo Manoteras - Hospital Sanchinarro,"Hortaleza, Madrid",https://www.booking.com/hotel/es/apartamento-nuevo-manoteras-hospital-sanchinarro.es.html?label=gen173nr-1FCAEoggI46AdIClgEaEaIAQGYAQq4ARnIAQ_YAQHoAQH4AQKIAgGoAgO4ArL50rwGwAIB0gIkOGZlNzdlZTAtYjM2Ni00NjEwLWJjZDItYjc2NTUzNTkyZGM32AIF4AIB&sid=5ad11202ea9cc1c07c5ed8caaaf11387&aid=304142&ucfs=1&arphpl=1&checkin=2025-03-01&checkout=2025-03-08&dest_id=-390625&dest_type=city&group_adults=2&req_adults=2&no_rooms=1&group_children=0&req_children=0&hpos=17&hapos=991&sr_order=popularity&srpvid=a6ce4e38ac41034b&srepoch=1737803356&all_sr_blocks=1303685201_403229586_2_0_0_750711&highlighted_blocks=1303685201_403229586_2_0_0_750711&matching_block_id=1303685201_403229586_2_0_0_750711&sr_pri_blocks=1303685201_403229586_2_0_0_750711_73582&from=searchresults
Tetuan Ground Floor with wifi,"Tetuán, Madrid",https://www.booking.com/hotel/es/tetuan-ground-floor-with-wifi.es.html?label=gen173nr-1FCAEoggI46AdIClgEaEaIAQGYAQq4ARnIAQ_YAQHoAQH4AQKIAgGoAgO4ArL50rwGwAIB0gIkOGZlNzdlZTAtYjM2Ni00NjEwLWJjZDItYjc2NTUzNTkyZGM32AIF4AIB&sid=5ad11202ea9cc1c07c5ed8caaaf11387&aid=304142&ucfs=1&arphpl=1&checkin=2025-03-01&checkout=2025-03-08&dest_id=-390625&dest_type=city&group_adults=2&req_adults=2&no_rooms=1&group_children=0&req_children=0&hpos=18&hapos=992&sr_order=popularity&srpvid=a6ce4e38ac41034b&srepoch=1737803356&all_sr_blocks=1309448501_403733631_4_0_0&highlighted_blocks=1309448501_403733631_4_0_0&matching_block_id=1309448501_403733631_4_0_0&sr_pri_blocks=1309448501_403733631_4_0_0__105276&from=searchresults
DOWN TOWN IN METRO IN 5 Station straigh WIFI AC,"Carabanchel, Madrid",https://www.booking.com/hotel/es/oca-10-wifi-ac-garaje.es.html?label=gen173nr-1FCAEoggI46AdIClgEaEaIAQGYAQq4ARnIAQ_YAQHoAQH4AQKIAgGoAgO4ArL50rwGwAIB0gIkOGZlNzdlZTAtYjM2Ni00NjEwLWJjZDItYjc2NTUzNTkyZGM32AIF4AIB&sid=5ad11202ea9cc1c07c5ed8caaaf11387&aid=304142&ucfs=1&arphpl=1&checkin=2025-03-01&checkout=2025-03-08&dest_id=-390625&dest_type=city&group_adults=2&req_adults=2&no_rooms=1&group_children=0&req_children=0&hpos=19&hapos=993&sr_order=popularity&srpvid=a6ce4e38ac41034b&srepoch=1737803356&all_sr_blocks=1341427701_406552426_2_0_0_772212&highlighted_blocks=1341427701_406552426_2_0_0_772212&matching_block_id=1341427701_406552426_2_0_0_772212&sr_pri_blocks=1341427701_406552426_2_0_0_772212_98617&from=searchresults
Salamanca hermoso amplio con mucha luz,"Salamanca, Madrid",https://www.booking.com/hotel/es/distrito-salamanca-hermoso-amplio-con-mucha-luz.es.html?label=gen173nr-1FCAEoggI46AdIClgEaEaIAQGYAQq4ARnIAQ_YAQHoAQH4AQKIAgGoAgO4ArL50rwGwAIB0gIkOGZlNzdlZTAtYjM2Ni00NjEwLWJjZDItYjc2NTUzNTkyZGM32AIF4AIB&sid=5ad11202ea9cc1c07c5ed8caaaf11387&aid=304142&ucfs=1&arphpl=1&checkin=2025-03-01&checkout=2025-03-08&dest_id=-390625&dest_type=city&group_adults=2&req_adults=2&no_rooms=1&group_children=0&req_children=0&hpos=20&hapos=994&sr_order=popularity&srpvid=a6ce4e38ac41034b&srepoch=1737803356&all_sr_blocks=1139884601_386862961_2_0_0&highlighted_blocks=1139884601_386862961_2_0_0&matching_block_id=1139884601_386862961_2_0_0&sr_pri_blocks=1139884601_386862961_2_0_0__92753&from=searchresults
Madrid Homely Apartment,"Puente de Vallecas, Madrid",https://www.booking.com/hotel/es/madrid-homely-apartment.es.html?label=gen173nr-1FCAEoggI46AdIClgEaEaIAQGYAQq4ARnIAQ_YAQHoAQH4AQKIAgGoAgO4ArL50rwGwAIB0gIkOGZlNzdlZTAtYjM2Ni00NjEwLWJjZDItYjc2NTUzNTkyZGM32AIF4AIB&sid=5ad11202ea9cc1c07c5ed8caaaf11387&aid=304142&ucfs=1&arphpl=1&checkin=2025-03-01&checkout=2025-03-08&dest_id=-390625&dest_type=city&group_adults=2&req_adults=2&no_rooms=1&group_children=0&req_children=0&hpos=21&hapos=995&sr_order=popularity&srpvid=a6ce4e38ac41034b&srepoch=1737803356&all_sr_blocks=1188217301_391162090_6_0_0&highlighted_blocks=1188217301_391162090_6_0_0&matching_block_id=1188217301_391162090_6_0_0&sr_pri_blocks=1188217301_391162090_6_0_0__84080&from=searchresults
Méndez Álvaro Callejo Street,"Puente de Vallecas, Madrid",https://www.booking.com/hotel/es/mendez-alvaro-callejo-street.es.html?label=gen173nr-1FCAEoggI46AdIClgEaEaIAQGYAQq4ARnIAQ_YAQHoAQH4AQKIAgGoAgO4ArL50rwGwAIB0gIkOGZlNzdlZTAtYjM2Ni00NjEwLWJjZDItYjc2NTUzNTkyZGM32AIF4AIB&sid=5ad11202ea9cc1c07c5ed8caaaf11387&aid=304142&ucfs=1&arphpl=1&checkin=2025-03-01&checkout=2025-03-08&dest_id=-390625&dest_type=city&group_adults=2&req_adults=2&no_rooms=1&group_children=0&req_children=0&hpos=22&hapos=996&sr_order=popularity&srpvid=a6ce4e38ac41034b&srepoch=1737803356&all_sr_blocks=1021552301_374670400_2_0_0&highlighted_blocks=1021552301_374670400_2_0_0&matching_block_id=1021552301_374670400_2_0_0&sr_pri_blocks=1021552301_374670400_2_0_0__45482&from=searchresults
Urban Chic Apartment at great location in Madrid,"Chamartín, Madrid",https://www.booking.com/hotel/es/urban-chic-apartment-at-great-location-in-madrid-madrid.es.html?label=gen173nr-1FCAEoggI46AdIClgEaEaIAQGYAQq4ARnIAQ_YAQHoAQH4AQKIAgGoAgO4ArL50rwGwAIB0gIkOGZlNzdlZTAtYjM2Ni00NjEwLWJjZDItYjc2NTUzNTkyZGM32AIF4AIB&sid=5ad11202ea9cc1c07c5ed8caaaf11387&aid=304142&ucfs=1&arphpl=1&checkin=2025-03-01&checkout=2025-03-08&dest_id=-390625&dest_type=city&group_adults=2&req_adults=2&no_rooms=1&group_children=0&req_children=0&hpos=23&hapos=997&sr_order=popularity&srpvid=a6ce4e38ac41034b&srepoch=1737803356&all_sr_blocks=1211852501_393346020_2_0_0&highlighted_blocks=1211852501_393346020_2_0_0&matching_block_id=1211852501_393346020_2_0_0&sr_pri_blocks=1211852501_393346020_2_0_0__78351&from=searchresults
Suite Shibari by Justine Apartments Sobria Elegante y Pecaminosa Apartamento turístico en Madrid Río,"Usera, Madrid",https://www.booking.com/hotel/es/shibari-by-justine-apartments.es.html?label=gen173nr-1FCAEoggI46AdIClgEaEaIAQGYAQq4ARnIAQ_YAQHoAQH4AQKIAgGoAgO4ArL50rwGwAIB0gIkOGZlNzdlZTAtYjM2Ni00NjEwLWJjZDItYjc2NTUzNTkyZGM32AIF4AIB&sid=5ad11202ea9cc1c07c5ed8caaaf11387&aid=304142&ucfs=1&arphpl=1&checkin=2025-03-01&checkout=2025-03-08&dest_id=-390625&dest_type=city&group_adults=2&req_adults=2&no_rooms=1&group_children=0&req_children=0&hpos=24&hapos=998&sr_order=popularity&srpvid=a6ce4e38ac41034b&srepoch=1737803356&all_sr_blocks=720386101_380058623_0_0_0&highlighted_blocks=720386101_380058623_0_0_0&matching_block_id=720386101_380058623_0_0_0&sr_pri_blocks=720386101_380058623_0_0_0__85304&from=searchresults
Charming Parque de la Emperatriz,"Carabanchel, Madrid",https://www.booking.com/hotel/es/charming-abrantes-madrid.es.html?label=gen173nr-1FCAEoggI46AdIClgEaEaIAQGYAQq4ARnIAQ_YAQHoAQH4AQKIAgGoAgO4ArL50rwGwAIB0gIkOGZlNzdlZTAtYjM2Ni00NjEwLWJjZDItYjc2NTUzNTkyZGM32AIF4AIB&sid=5ad11202ea9cc1c07c5ed8caaaf11387&aid=304142&ucfs=1&arphpl=1&checkin=2025-03-01&checkout=2025-03-08&dest_id=-390625&dest_type=city&group_adults=2&req_adults=2&no_rooms=1&group_children=0&req_children=0&hpos=25&hapos=999&sr_order=popularity&srpvid=a6ce4e38ac41034b&srepoch=1737803356&all_sr_blocks=1315826402_404344325_2_0_0&highlighted_blocks=1315826402_404344325_2_0_0&matching_block_id=1315826402_404344325_2_0_0&sr_pri_blocks=1315826402_404344325_2_0_0__61164&from=searchresults
