hotel_name,neighborhood,url
Be Mate Paseo de Gracia,"Gràcia, Barcelona",https://www.booking.com/hotel/es/be-mate-bcn-pg-115.html?label=gen173nr-1BCAEoggI46AdSAnVzWARoRogBAZgBMbgBGcgBD9gBAegBAYgCAagCA7gC-NjpvAbAAgHSAiQ4ZGVlZWVhMi1mOTI5LTRmOWQtOTk0OC0xMzU5MWFkYWNlODjYAgXgAgE&sid=f990c8e44d8a49a026ee40f8b9e3b3a2&aid=304142&ucfs=1&arphpl=1&checkin=2025-02-09&checkout=2025-02-16&dest_id=-372490&dest_type=city&group_adults=2&req_adults=2&no_rooms=1&group_children=0&req_children=0&hpos=1&hapos=1&sr_order=popularity&srpvid=91357ea171dd08a0&srepoch=1738173745&all_sr_blocks=297780510_110184487_0_0_0&highlighted_blocks=297780510_110184487_0_0_0&matching_block_id=297780510_110184487_0_0_0&sr_pri_blocks=297780510_110184487_0_0_0__127919&from=searchresults
Tembo Barcelona,Barcelona,https://www.booking.com/hotel/es/tembo-barcelona.html?label=gen173nr-1BCAEoggI46AdSAnVzWARoRogBAZgBMbgBGcgBD9gBAegBAYgCAagCA7gC-NjpvAbAAgHSAiQ4ZGVlZWVhMi1mOTI5LTRmOWQtOTk0OC0xMzU5MWFkYWNlODjYAgXgAgE&sid=f990c8e44d8a49a026ee40f8b9e3b3a2&aid=304142&ucfs=1&arphpl=1&checkin=2025-02-09&checkout=2025-02-16&dest_id=-372490&dest_type=city&group_adults=2&req_adults=2&no_rooms=1&group_children=0&req_children=0&hpos=3&hapos=3&sr_order=popularity&srpvid=91357ea171dd08a0&srepoch=1738173745&all_sr_blocks=1094597714_403048137_2_2_0_432379&highlighted_blocks=1094597714_403048137_2_2_0_432379&matching_block_id=1094597714_403048137_2_2_0_432379&sr_pri_blocks=1094597714_403048137_2_2_0_432379_152423&from=searchresults
Moxy Barcelona,"Sants-Montjuïc, Barcelona",https://www.booking.com/hotel/es/expo-barcelona.html?label=gen173nr-1BCAEoggI46AdSAnVzWARoRogBAZgBMbgBGcgBD9gBAegBAYgCAagCA7gC-NjpvAbAAgHSAiQ4ZGVlZWVhMi1mOTI5LTRmOWQtOTk0OC0xMzU5MWFkYWNlODjYAgXgAgE&sid=f990c8e44d8a49a026ee40f8b9e3b3a2&aid=304142&ucfs=1&arphpl=1&checkin=2025-02-09&checkout=2025-02-16&dest_id=-372490&dest_type=city&group_adults=2&req_adults=2&no_rooms=1&group_children=0&req_children=0&hpos=4&hapos=4&sr_order=popularity&srpvid=91357ea171dd08a0&srepoch=1738173745&all_sr_blocks=9197175_88192220_0_42_0&highlighted_blocks=9197175_88192220_0_42_0&matching_block_id=9197175_88192220_0_42_0&sr_pri_blocks=9197175_88192220_0_42_0__84238&from=searchresults
Pol & Grace Hotel,"Sarrià-St. Gervasi, Barcelona",https://www.booking.com/hotel/es/guillermo-tell.html?label=gen173nr-1BCAEoggI46AdSAnVzWARoRogBAZgBMbgBGcgBD9gBAegBAYgCAagCA7gC-NjpvAbAAgHSAiQ4ZGVlZWVhMi1mOTI5LTRmOWQtOTk0OC0xMzU5MWFkYWNlODjYAgXgAgE&sid=f990c8e44d8a49a026ee40f8b9e3b3a2&aid=304142&ucfs=1&arphpl=1&checkin=2025-02-09&checkout=2025-02-16&dest_id=-372490&dest_type=city&group_adults=2&req_adults=2&no_rooms=1&group_children=0&req_children=0&hpos=5&hapos=5&sr_order=popularity&srpvid=91357ea171dd08a0&srepoch=1738173745&all_sr_blocks=9235702_91908354_0_2_0&highlighted_blocks=9235702_91908354_0_2_0&matching_block_id=9235702_91908354_0_2_0&sr_pri_blocks=9235702_91908354_0_2_0__69740&from=searchresults
Motel One Barcelona-Ciutadella,"Sant Martí, Barcelona",https://www.booking.com/hotel/es/motel-one-barcelona-ciutadella-barcelona12345.html?label=gen173nr-1BCAEoggI46AdSAnVzWARoRogBAZgBMbgBGcgBD9gBAegBAYgCAagCA7gC-NjpvAbAAgHSAiQ4ZGVlZWVhMi1mOTI5LTRmOWQtOTk0OC0xMzU5MWFkYWNlODjYAgXgAgE&sid=f990c8e44d8a49a026ee40f8b9e3b3a2&aid=304142&ucfs=1&arphpl=1&checkin=2025-02-09&checkout=2025-02-16&dest_id=-372490&dest_type=city&group_adults=2&req_adults=2&no_rooms=1&group_children=0&req_children=0&hpos=6&hapos=6&sr_order=popularity&srpvid=91357ea171dd08a0&srepoch=1738173745&all_sr_blocks=282215403_326155865_2_2_0&highlighted_blocks=282215403_326155865_2_2_0&matching_block_id=282215403_326155865_2_2_0&sr_pri_blocks=282215403_326155865_2_2_0__110000&from_sustainable_property_sr=1&from=searchresults
NH Barcelona Diagonal Center,"Sant Martí, Barcelona",https://www.booking.com/hotel/es/nh-diagonal-center.html?label=gen173nr-1BCAEoggI46AdSAnVzWARoRogBAZgBMbgBGcgBD9gBAegBAYgCAagCA7gC-NjpvAbAAgHSAiQ4ZGVlZWVhMi1mOTI5LTRmOWQtOTk0OC0xMzU5MWFkYWNlODjYAgXgAgE&sid=f990c8e44d8a49a026ee40f8b9e3b3a2&aid=304142&ucfs=1&arphpl=1&checkin=2025-02-09&checkout=2025-02-16&dest_id=-372490&dest_type=city&group_adults=2&req_adults=2&no_rooms=1&group_children=0&req_children=0&hpos=7&hapos=7&sr_order=popularity&srpvid=91357ea171dd08a0&srepoch=1738173745&all_sr_blocks=33678001_94417644_0_2_0&highlighted_blocks=33678001_94417644_0_2_0&matching_block_id=33678001_94417644_0_2_0&sr_pri_blocks=33678001_94417644_0_2_0__74771&from_sustainable_property_sr=1&from=searchresults
Occidental Barcelona 1929,"Sants-Montjuïc, Barcelona",https://www.booking.com/hotel/es/ona-hotels-terra.html?label=gen173nr-1BCAEoggI46AdSAnVzWARoRogBAZgBMbgBGcgBD9gBAegBAYgCAagCA7gC-NjpvAbAAgHSAiQ4ZGVlZWVhMi1mOTI5LTRmOWQtOTk0OC0xMzU5MWFkYWNlODjYAgXgAgE&sid=f990c8e44d8a49a026ee40f8b9e3b3a2&aid=304142&ucfs=1&arphpl=1&checkin=2025-02-09&checkout=2025-02-16&dest_id=-372490&dest_type=city&group_adults=2&req_adults=2&no_rooms=1&group_children=0&req_children=0&hpos=8&hapos=8&sr_order=popularity&srpvid=91357ea171dd08a0&srepoch=1738173745&all_sr_blocks=509109921_175423472_2_2_0&highlighted_blocks=509109921_175423472_2_2_0&matching_block_id=509109921_175423472_2_2_0&sr_pri_blocks=509109921_175423472_2_2_0__93200&from=searchresults
BARCELONA GOTIC Guesthouse,"Ciutat Vella, Barcelona",https://www.booking.com/hotel/es/guesthouse-barcelona-gotic.html?label=gen173nr-1BCAEoggI46AdSAnVzWARoRogBAZgBMbgBGcgBD9gBAegBAYgCAagCA7gC-NjpvAbAAgHSAiQ4ZGVlZWVhMi1mOTI5LTRmOWQtOTk0OC0xMzU5MWFkYWNlODjYAgXgAgE&sid=f990c8e44d8a49a026ee40f8b9e3b3a2&aid=304142&ucfs=1&arphpl=1&checkin=2025-02-09&checkout=2025-02-16&dest_id=-372490&dest_type=city&group_adults=2&req_adults=2&no_rooms=1&group_children=0&req_children=0&hpos=9&hapos=9&sr_order=popularity&srpvid=91357ea171dd08a0&srepoch=1738173745&all_sr_blocks=67502217_96934025_2_0_0&highlighted_blocks=67502217_96934025_2_0_0&matching_block_id=67502217_96934025_2_0_0&sr_pri_blocks=67502217_96934025_2_0_0__51630&from=searchresults
Hotel Villa Emilia,"Eixample, Barcelona",https://www.booking.com/hotel/es/villa-emilia.html?label=gen173nr-1BCAEoggI46AdSAnVzWARoRogBAZgBMbgBGcgBD9gBAegBAYgCAagCA7gC-NjpvAbAAgHSAiQ4ZGVlZWVhMi1mOTI5LTRmOWQtOTk0OC0xMzU5MWFkYWNlODjYAgXgAgE&sid=f990c8e44d8a49a026ee40f8b9e3b3a2&aid=304142&ucfs=1&arphpl=1&checkin=2025-02-09&checkout=2025-02-16&dest_id=-372490&dest_type=city&group_adults=2&req_adults=2&no_rooms=1&group_children=0&req_children=0&hpos=10&hapos=10&sr_order=popularity&srpvid=91357ea171dd08a0&srepoch=1738173745&all_sr_blocks=9345001_0_2_0_0&highlighted_blocks=9345001_0_2_0_0&matching_block_id=9345001_0_2_0_0&sr_pri_blocks=9345001_0_2_0_0__96824&from_sustainable_property_sr=1&from=searchresults
Citadines Ramblas Barcelona,"Ciutat Vella, Barcelona",https://www.booking.com/hotel/es/citadines.html?label=gen173nr-1BCAEoggI46AdSAnVzWARoRogBAZgBMbgBGcgBD9gBAegBAYgCAagCA7gC-NjpvAbAAgHSAiQ4ZGVlZWVhMi1mOTI5LTRmOWQtOTk0OC0xMzU5MWFkYWNlODjYAgXgAgE&sid=f990c8e44d8a49a026ee40f8b9e3b3a2&aid=304142&ucfs=1&arphpl=1&checkin=2025-02-09&checkout=2025-02-16&dest_id=-372490&dest_type=city&group_adults=2&req_adults=2&no_rooms=1&group_children=0&req_children=0&hpos=11&hapos=11&sr_order=popularity&srpvid=91357ea171dd08a0&srepoch=1738173745&all_sr_blocks=9015515_88181413_2_2_0_396656&highlighted_blocks=9015515_88181413_2_2_0_396656&matching_block_id=9015515_88181413_2_2_0_396656&sr_pri_blocks=9015515_88181413_2_2_0_396656_97800&from=searchresults
Inside Barcelona Apartments Sants,"Sants-Montjuïc, Barcelona",https://www.booking.com/hotel/es/inside-bcn-apartments-sants.html?label=gen173nr-1BCAEoggI46AdSAnVzWARoRogBAZgBMbgBGcgBD9gBAegBAYgCAagCA7gC-NjpvAbAAgHSAiQ4ZGVlZWVhMi1mOTI5LTRmOWQtOTk0OC0xMzU5MWFkYWNlODjYAgXgAgE&sid=f990c8e44d8a49a026ee40f8b9e3b3a2&aid=304142&ucfs=1&arphpl=1&checkin=2025-02-09&checkout=2025-02-16&dest_id=-372490&dest_type=city&group_adults=2&req_adults=2&no_rooms=1&group_children=0&req_children=0&hpos=12&hapos=12&sr_order=popularity&srpvid=91357ea171dd08a0&srepoch=1738173745&all_sr_blocks=18956401_88203749_2_0_0&highlighted_blocks=18956401_88203749_2_0_0&matching_block_id=18956401_88203749_2_0_0&sr_pri_blocks=18956401_88203749_2_0_0__84017&from=searchresults
Hotel Condal,"Ciutat Vella, Barcelona",https://www.booking.com/hotel/es/condal-barcelona.html?label=gen173nr-1BCAEoggI46AdSAnVzWARoRogBAZgBMbgBGcgBD9gBAegBAYgCAagCA7gC-NjpvAbAAgHSAiQ4ZGVlZWVhMi1mOTI5LTRmOWQtOTk0OC0xMzU5MWFkYWNlODjYAgXgAgE&sid=f990c8e44d8a49a026ee40f8b9e3b3a2&aid=304142&ucfs=1&arphpl=1&checkin=2025-02-09&checkout=2025-02-16&dest_id=-372490&dest_type=city&group_adults=2&req_adults=2&no_rooms=1&group_children=0&req_children=0&hpos=13&hapos=13&sr_order=popularity&srpvid=91357ea171dd08a0&srepoch=1738173745&all_sr_blocks=23826305_88204202_2_2_0&highlighted_blocks=23826305_88204202_2_2_0&matching_block_id=23826305_88204202_2_2_0&sr_pri_blocks=23826305_88204202_2_2_0__77497&from=searchresults
Aparthotel Bcn Montjuic,"Sants-Montjuïc, Barcelona",https://www.booking.com/hotel/es/bcn-montjuic.html?label=gen173nr-1BCAEoggI46AdSAnVzWARoRogBAZgBMbgBGcgBD9gBAegBAYgCAagCA7gC-NjpvAbAAgHSAiQ4ZGVlZWVhMi1mOTI5LTRmOWQtOTk0OC0xMzU5MWFkYWNlODjYAgXgAgE&sid=f990c8e44d8a49a026ee40f8b9e3b3a2&aid=304142&ucfs=1&arphpl=1&checkin=2025-02-09&checkout=2025-02-16&dest_id=-372490&dest_type=city&group_adults=2&req_adults=2&no_rooms=1&group_children=0&req_children=0&hpos=14&hapos=14&sr_order=popularity&srpvid=91357ea171dd08a0&srepoch=1738173745&all_sr_blocks=9458101_0_2_0_0&highlighted_blocks=9458101_0_2_0_0&matching_block_id=9458101_0_2_0_0&sr_pri_blocks=9458101_0_2_0_0__78560&from_sustainable_property_sr=1&from=searchresults
Hotel Cortes Rambla,"Ciutat Vella, Barcelona",https://www.booking.com/hotel/es/cortes-boutique.html?label=gen173nr-1BCAEoggI46AdSAnVzWARoRogBAZgBMbgBGcgBD9gBAegBAYgCAagCA7gC-NjpvAbAAgHSAiQ4ZGVlZWVhMi1mOTI5LTRmOWQtOTk0OC0xMzU5MWFkYWNlODjYAgXgAgE&sid=f990c8e44d8a49a026ee40f8b9e3b3a2&aid=304142&ucfs=1&arphpl=1&checkin=2025-02-09&checkout=2025-02-16&dest_id=-372490&dest_type=city&group_adults=2&req_adults=2&no_rooms=1&group_children=0&req_children=0&hpos=15&hapos=15&sr_order=popularity&srpvid=91357ea171dd08a0&srepoch=1738173745&all_sr_blocks=1011517803_373820432_0_0_0&highlighted_blocks=1011517803_373820432_0_0_0&matching_block_id=1011517803_373820432_0_0_0&sr_pri_blocks=1011517803_373820432_0_0_0__102956&from=searchresults
Residència Erasmus Gracia,"Gràcia, Barcelona",https://www.booking.com/hotel/es/residencia-erasmus.html?label=gen173nr-1BCAEoggI46AdSAnVzWARoRogBAZgBMbgBGcgBD9gBAegBAYgCAagCA7gC-NjpvAbAAgHSAiQ4ZGVlZWVhMi1mOTI5LTRmOWQtOTk0OC0xMzU5MWFkYWNlODjYAgXgAgE&sid=f990c8e44d8a49a026ee40f8b9e3b3a2&aid=304142&ucfs=1&arphpl=1&checkin=2025-02-09&checkout=2025-02-16&dest_id=-372490&dest_type=city&group_adults=2&req_adults=2&no_rooms=1&group_children=0&req_children=0&hpos=16&hapos=16&sr_order=popularity&srpvid=91357ea171dd08a0&srepoch=1738173745&all_sr_blocks=9417701_339234993_0_2_0&highlighted_blocks=9417701_339234993_0_2_0&matching_block_id=9417701_339234993_0_2_0&sr_pri_blocks=9417701_339234993_0_2_0__65431&from=searchresults
Exe Plaza Catalunya,"Eixample, Barcelona",https://www.booking.com/hotel/es/exe-plaza-catalunya.html?label=gen173nr-1BCAEoggI46AdSAnVzWARoRogBAZgBMbgBGcgBD9gBAegBAYgCAagCA7gC-NjpvAbAAgHSAiQ4ZGVlZWVhMi1mOTI5LTRmOWQtOTk0OC0xMzU5MWFkYWNlODjYAgXgAgE&sid=f990c8e44d8a49a026ee40f8b9e3b3a2&aid=304142&ucfs=1&arphpl=1&checkin=2025-02-09&checkout=2025-02-16&dest_id=-372490&dest_type=city&group_adults=2&req_adults=2&no_rooms=1&group_children=0&req_children=0&hpos=17&hapos=17&sr_order=popularity&srpvid=91357ea171dd08a0&srepoch=1738173745&all_sr_blocks=391689102_0_2_0_0&highlighted_blocks=391689102_0_2_0_0&matching_block_id=391689102_0_2_0_0&sr_pri_blocks=391689102_0_2_0_0__115566&from_sustainable_property_sr=1&from=searchresults
Paral·lel,"Sants-Montjuïc, Barcelona",https://www.booking.com/hotel/es/parallel.html?label=gen173nr-1BCAEoggI46AdSAnVzWARoRogBAZgBMbgBGcgBD9gBAegBAYgCAagCA7gC-NjpvAbAAgHSAiQ4ZGVlZWVhMi1mOTI5LTRmOWQtOTk0OC0xMzU5MWFkYWNlODjYAgXgAgE&sid=f990c8e44d8a49a026ee40f8b9e3b3a2&aid=304142&ucfs=1&arphpl=1&checkin=2025-02-09&checkout=2025-02-16&dest_id=-372490&dest_type=city&group_adults=2&req_adults=2&no_rooms=1&group_children=0&req_children=0&hpos=18&hapos=18&sr_order=popularity&srpvid=91357ea171dd08a0&srepoch=1738173745&all_sr_blocks=9041211_0_2_0_0&highlighted_blocks=9041211_0_2_0_0&matching_block_id=9041211_0_2_0_0&sr_pri_blocks=9041211_0_2_0_0__81207&from_sustainable_property_sr=1&from=searchresults
Sallés Hotel Pere IV,"Sant Martí, Barcelona",https://www.booking.com/hotel/es/pereiv.html?label=gen173nr-1BCAEoggI46AdSAnVzWARoRogBAZgBMbgBGcgBD9gBAegBAYgCAagCA7gC-NjpvAbAAgHSAiQ4ZGVlZWVhMi1mOTI5LTRmOWQtOTk0OC0xMzU5MWFkYWNlODjYAgXgAgE&sid=f990c8e44d8a49a026ee40f8b9e3b3a2&aid=304142&ucfs=1&arphpl=1&checkin=2025-02-09&checkout=2025-02-16&dest_id=-372490&dest_type=city&group_adults=2&req_adults=2&no_rooms=1&group_children=0&req_children=0&hpos=19&hapos=19&sr_order=popularity&srpvid=91357ea171dd08a0&srepoch=1738173745&all_sr_blocks=9094311_0_2_0_0&highlighted_blocks=9094311_0_2_0_0&matching_block_id=9094311_0_2_0_0&sr_pri_blocks=9094311_0_2_0_0__94886&from_sustainable_property_sr=1&from=searchresults
Catalonia Eixample 1864,"Eixample, Barcelona",https://www.booking.com/hotel/es/catalonia-eixample-1864.html?label=gen173nr-1BCAEoggI46AdSAnVzWARoRogBAZgBMbgBGcgBD9gBAegBAYgCAagCA7gC-NjpvAbAAgHSAiQ4ZGVlZWVhMi1mOTI5LTRmOWQtOTk0OC0xMzU5MWFkYWNlODjYAgXgAgE&sid=f990c8e44d8a49a026ee40f8b9e3b3a2&aid=304142&ucfs=1&arphpl=1&checkin=2025-02-09&checkout=2025-02-16&dest_id=-372490&dest_type=city&group_adults=2&req_adults=2&no_rooms=1&group_children=0&req_children=0&hpos=20&hapos=20&sr_order=popularity&srpvid=91357ea171dd08a0&srepoch=1738173745&all_sr_blocks=9058506_194606341_0_2_0&highlighted_blocks=9058506_194606341_0_2_0&matching_block_id=9058506_194606341_0_2_0&sr_pri_blocks=9058506_194606341_0_2_0__102278&from_sustainable_property_sr=1&from=searchresults
Hotel Oasis,"Ciutat Vella, Barcelona",https://www.booking.com/hotel/es/oasis-barcelona.html?label=gen173nr-1BCAEoggI46AdSAnVzWARoRogBAZgBMbgBGcgBD9gBAegBAYgCAagCA7gC-NjpvAbAAgHSAiQ4ZGVlZWVhMi1mOTI5LTRmOWQtOTk0OC0xMzU5MWFkYWNlODjYAgXgAgE&sid=f990c8e44d8a49a026ee40f8b9e3b3a2&aid=304142&ucfs=1&arphpl=1&checkin=2025-02-09&checkout=2025-02-16&dest_id=-372490&dest_type=city&group_adults=2&req_adults=2&no_rooms=1&group_children=0&req_children=0&hpos=21&hapos=21&sr_order=popularity&srpvid=91357ea171dd08a0&srepoch=1738173745&all_sr_blocks=9289211_88154464_0_2_0&highlighted_blocks=9289211_88154464_0_2_0&matching_block_id=9289211_88154464_0_2_0&sr_pri_blocks=9289211_88154464_0_2_0__86788&from_sustainable_property_sr=1&from=searchresults
Hotel Barcelona Universal,"Ciutat Vella, Barcelona",https://www.booking.com/hotel/es/universal.html?label=gen173nr-1BCAEoggI46AdSAnVzWARoRogBAZgBMbgBGcgBD9gBAegBAYgCAagCA7gC-NjpvAbAAgHSAiQ4ZGVlZWVhMi1mOTI5LTRmOWQtOTk0OC0xMzU5MWFkYWNlODjYAgXgAgE&sid=f990c8e44d8a49a026ee40f8b9e3b3a2&aid=304142&ucfs=1&arphpl=1&checkin=2025-02-09&checkout=2025-02-16&dest_id=-372490&dest_type=city&group_adults=2&req_adults=2&no_rooms=1&group_children=0&req_children=0&hpos=22&hapos=22&sr_order=popularity&srpvid=91357ea171dd08a0&srepoch=1738173745&all_sr_blocks=9023102_93708782_0_34_0&highlighted_blocks=9023102_93708782_0_34_0&matching_block_id=9023102_93708782_0_34_0&sr_pri_blocks=9023102_93708782_0_34_0__94278&from_sustainable_property_sr=1&from=searchresults
Hotel Soho,"Eixample, Barcelona",https://www.booking.com/hotel/es/soho.html?label=gen173nr-1BCAEoggI46AdSAnVzWARoRogBAZgBMbgBGcgBD9gBAegBAYgCAagCA7gC-NjpvAbAAgHSAiQ4ZGVlZWVhMi1mOTI5LTRmOWQtOTk0OC0xMzU5MWFkYWNlODjYAgXgAgE&sid=f990c8e44d8a49a026ee40f8b9e3b3a2&aid=304142&ucfs=1&arphpl=1&checkin=2025-02-09&checkout=2025-02-16&dest_id=-372490&dest_type=city&group_adults=2&req_adults=2&no_rooms=1&group_children=0&req_children=0&hpos=23&hapos=23&sr_order=popularity&srpvid=91357ea171dd08a0&srepoch=1738173745&all_sr_blocks=9344901_88193737_0_2_0&highlighted_blocks=9344901_88193737_0_2_0&matching_block_id=9344901_88193737_0_2_0&sr_pri_blocks=9344901_88193737_0_2_0__105800&from_sustainable_property_sr=1&from=searchresults
Hotel Rec Barcelona - Adults Only,"Ciutat Vella, Barcelona",https://www.booking.com/hotel/es/rec-barcelona.html?label=gen173nr-1BCAEoggI46AdSAnVzWARoRogBAZgBMbgBGcgBD9gBAegBAYgCAagCA7gC-NjpvAbAAgHSAiQ4ZGVlZWVhMi1mOTI5LTRmOWQtOTk0OC0xMzU5MWFkYWNlODjYAgXgAgE&sid=f990c8e44d8a49a026ee40f8b9e3b3a2&aid=304142&ucfs=1&arphpl=1&checkin=2025-02-09&checkout=2025-02-16&dest_id=-372490&dest_type=city&group_adults=2&req_adults=2&no_rooms=1&group_children=0&req_children=0&hpos=24&hapos=24&sr_order=popularity&srpvid=91357ea171dd08a0&srepoch=1738173745&all_sr_blocks=286132801_108085029_0_2_0&highlighted_blocks=286132801_108085029_0_2_0&matching_block_id=286132801_108085029_0_2_0&sr_pri_blocks=286132801_108085029_0_2_0__103460&from_sustainable_property_sr=1&from=searchresults
Oriente Atiram,"Ciutat Vella, Barcelona",https://www.booking.com/hotel/es/atiramoriente.html?label=gen173nr-1BCAEoggI46AdSAnVzWARoRogBAZgBMbgBGcgBD9gBAegBAYgCAagCA7gC-NjpvAbAAgHSAiQ4ZGVlZWVhMi1mOTI5LTRmOWQtOTk0OC0xMzU5MWFkYWNlODjYAgXgAgE&sid=f990c8e44d8a49a026ee40f8b9e3b3a2&aid=304142&ucfs=1&arphpl=1&checkin=2025-02-09&checkout=2025-02-16&dest_id=-372490&dest_type=city&group_adults=2&req_adults=2&no_rooms=1&group_children=0&req_children=0&hpos=25&hapos=25&sr_order=popularity&srpvid=91357ea171dd08a0&srepoch=1738173745&all_sr_blocks=0_0_2_0_0&highlighted_blocks=0_0_2_0_0&matching_block_id=0_0_2_0_0&sr_pri_blocks=0_0_2_0_0__85522&from=searchresults
Silken Sant Gervasi,"Sarrià-St. Gervasi, Barcelona",https://www.booking.com/hotel/es/stgervasi.html?label=gen173nr-1BCAEoggI46AdSAnVzWARoRogBAZgBMbgBGcgBD9gBAegBAYgCAagCA7gC-NjpvAbAAgHSAiQ4ZGVlZWVhMi1mOTI5LTRmOWQtOTk0OC0xMzU5MWFkYWNlODjYAgXgAgE&sid=f990c8e44d8a49a026ee40f8b9e3b3a2&aid=304142&ucfs=1&arphpl=1&checkin=2025-02-09&checkout=2025-02-16&dest_id=-372490&dest_type=city&group_adults=2&req_adults=2&no_rooms=1&group_children=0&req_children=0&hpos=26&hapos=26&sr_order=popularity&srpvid=91357ea171dd08a0&srepoch=1738173745&all_sr_blocks=9115201_91462822_0_2_0_88000&highlighted_blocks=9115201_91462822_0_2_0_88000&matching_block_id=9115201_91462822_0_2_0_88000&sr_pri_blocks=9115201_91462822_0_2_0_88000_74846&from_sustainable_property_sr=1&from=searchresults
NH Sants Barcelona,"Les Corts, Barcelona",https://www.booking.com/hotel/es/nh-sants-barcelona.html?label=gen173nr-1BCAEoggI46AdSAnVzWARoRogBAZgBMbgBGcgBD9gBAegBAYgCAagCA7gC-NjpvAbAAgHSAiQ4ZGVlZWVhMi1mOTI5LTRmOWQtOTk0OC0xMzU5MWFkYWNlODjYAgXgAgE&sid=f990c8e44d8a49a026ee40f8b9e3b3a2&aid=304142&ucfs=1&arphpl=1&checkin=2025-02-09&checkout=2025-02-16&dest_id=-372490&dest_type=city&group_adults=2&req_adults=2&no_rooms=1&group_children=0&req_children=0&hpos=1&hapos=27&sr_order=popularity&srpvid=91357ea171dd08a0&srepoch=1738173642&all_sr_blocks=9076202_93709023_0_2_0&highlighted_blocks=9076202_93709023_0_2_0&matching_block_id=9076202_93709023_0_2_0&sr_pri_blocks=9076202_93709023_0_2_0__85479&from_sustainable_property_sr=1&from=searchresults
Vincci Maritimo,"Sant Martí, Barcelona",https://www.booking.com/hotel/es/vinccimaritimo.html?label=gen173nr-1BCAEoggI46AdSAnVzWARoRogBAZgBMbgBGcgBD9gBAegBAYgCAagCA7gC-NjpvAbAAgHSAiQ4ZGVlZWVhMi1mOTI5LTRmOWQtOTk0OC0xMzU5MWFkYWNlODjYAgXgAgE&sid=f990c8e44d8a49a026ee40f8b9e3b3a2&aid=304142&ucfs=1&arphpl=1&checkin=2025-02-09&checkout=2025-02-16&dest_id=-372490&dest_type=city&group_adults=2&req_adults=2&no_rooms=1&group_children=0&req_children=0&hpos=2&hapos=28&sr_order=popularity&srpvid=91357ea171dd08a0&srepoch=1738173642&all_sr_blocks=9117502_401721053_0_2_0_203780&highlighted_blocks=9117502_401721053_0_2_0_203780&matching_block_id=9117502_401721053_0_2_0_203780&sr_pri_blocks=9117502_401721053_0_2_0_203780_87310&from_sustainable_property_sr=1&from=searchresults
Exe Ramblas Boquería,"Ciutat Vella, Barcelona",https://www.booking.com/hotel/es/eurostars-ramblas-boqueria.html?label=gen173nr-1BCAEoggI46AdSAnVzWARoRogBAZgBMbgBGcgBD9gBAegBAYgCAagCA7gC-NjpvAbAAgHSAiQ4ZGVlZWVhMi1mOTI5LTRmOWQtOTk0OC0xMzU5MWFkYWNlODjYAgXgAgE&sid=f990c8e44d8a49a026ee40f8b9e3b3a2&aid=304142&ucfs=1&arphpl=1&checkin=2025-02-09&checkout=2025-02-16&dest_id=-372490&dest_type=city&group_adults=2&req_adults=2&no_rooms=1&group_children=0&req_children=0&hpos=3&hapos=29&sr_order=popularity&srpvid=91357ea171dd08a0&srepoch=1738173642&all_sr_blocks=1930801_95144068_2_2_0&highlighted_blocks=1930801_95144068_2_2_0&matching_block_id=1930801_95144068_2_2_0&sr_pri_blocks=1930801_95144068_2_2_0__105267&from_sustainable_property_sr=1&from=searchresults
Cram Hotel,"Eixample, Barcelona",https://www.booking.com/hotel/es/crambarcelona.html?label=gen173nr-1BCAEoggI46AdSAnVzWARoRogBAZgBMbgBGcgBD9gBAegBAYgCAagCA7gC-NjpvAbAAgHSAiQ4ZGVlZWVhMi1mOTI5LTRmOWQtOTk0OC0xMzU5MWFkYWNlODjYAgXgAgE&sid=f990c8e44d8a49a026ee40f8b9e3b3a2&aid=304142&ucfs=1&arphpl=1&checkin=2025-02-09&checkout=2025-02-16&dest_id=-372490&dest_type=city&group_adults=2&req_adults=2&no_rooms=1&group_children=0&req_children=0&hpos=4&hapos=30&sr_order=popularity&srpvid=91357ea171dd08a0&srepoch=1738173642&all_sr_blocks=9122601_389642147_2_2_0&highlighted_blocks=9122601_389642147_2_2_0&matching_block_id=9122601_389642147_2_2_0&sr_pri_blocks=9122601_389642147_2_2_0__98978&from=searchresults
Room Mate Pau,"Eixample, Barcelona",https://www.booking.com/hotel/es/room-mate-pau.html?label=gen173nr-1BCAEoggI46AdSAnVzWARoRogBAZgBMbgBGcgBD9gBAegBAYgCAagCA7gC-NjpvAbAAgHSAiQ4ZGVlZWVhMi1mOTI5LTRmOWQtOTk0OC0xMzU5MWFkYWNlODjYAgXgAgE&sid=f990c8e44d8a49a026ee40f8b9e3b3a2&aid=304142&ucfs=1&arphpl=1&checkin=2025-02-09&checkout=2025-02-16&dest_id=-372490&dest_type=city&group_adults=2&req_adults=2&no_rooms=1&group_children=0&req_children=0&hpos=5&hapos=31&sr_order=popularity&srpvid=91357ea171dd08a0&srepoch=1738173642&all_sr_blocks=40157001_0_2_0_0&highlighted_blocks=40157001_0_2_0_0&matching_block_id=40157001_0_2_0_0&sr_pri_blocks=40157001_0_2_0_0__104331&from=searchresults
Vincci Gala,"Eixample, Barcelona",https://www.booking.com/hotel/es/vincci-gala.html?label=gen173nr-1BCAEoggI46AdSAnVzWARoRogBAZgBMbgBGcgBD9gBAegBAYgCAagCA7gC-NjpvAbAAgHSAiQ4ZGVlZWVhMi1mOTI5LTRmOWQtOTk0OC0xMzU5MWFkYWNlODjYAgXgAgE&sid=f990c8e44d8a49a026ee40f8b9e3b3a2&aid=304142&ucfs=1&arphpl=1&checkin=2025-02-09&checkout=2025-02-16&dest_id=-372490&dest_type=city&group_adults=2&req_adults=2&no_rooms=1&group_children=0&req_children=0&hpos=6&hapos=32&sr_order=popularity&srpvid=91357ea171dd08a0&srepoch=1738173642&all_sr_blocks=73847401_0_2_0_0&highlighted_blocks=73847401_0_2_0_0&matching_block_id=73847401_0_2_0_0&sr_pri_blocks=73847401_0_2_0_0__121023&from_sustainable_property_sr=1&from=searchresults
The Moods Oasis,"Sarrià-St. Gervasi, Barcelona",https://www.booking.com/hotel/es/the-moods-oasis-barcelona.html?label=gen173nr-1BCAEoggI46AdSAnVzWARoRogBAZgBMbgBGcgBD9gBAegBAYgCAagCA7gC-NjpvAbAAgHSAiQ4ZGVlZWVhMi1mOTI5LTRmOWQtOTk0OC0xMzU5MWFkYWNlODjYAgXgAgE&sid=f990c8e44d8a49a026ee40f8b9e3b3a2&aid=304142&ucfs=1&arphpl=1&checkin=2025-02-09&checkout=2025-02-16&dest_id=-372490&dest_type=city&group_adults=2&req_adults=2&no_rooms=1&group_children=0&req_children=0&hpos=7&hapos=33&sr_order=popularity&srpvid=91357ea171dd08a0&srepoch=1738173642&all_sr_blocks=575403801_222118039_2_2_0&highlighted_blocks=575403801_222118039_2_2_0&matching_block_id=575403801_222118039_2_2_0&sr_pri_blocks=575403801_222118039_2_2_0__89200&from=searchresults
Golden Hotel Barcelona,"Sant Martí, Barcelona",https://www.booking.com/hotel/es/golden-tulip-barcelona.html?label=gen173nr-1BCAEoggI46AdSAnVzWARoRogBAZgBMbgBGcgBD9gBAegBAYgCAagCA7gC-NjpvAbAAgHSAiQ4ZGVlZWVhMi1mOTI5LTRmOWQtOTk0OC0xMzU5MWFkYWNlODjYAgXgAgE&sid=f990c8e44d8a49a026ee40f8b9e3b3a2&aid=304142&ucfs=1&arphpl=1&checkin=2025-02-09&checkout=2025-02-16&dest_id=-372490&dest_type=city&group_adults=2&req_adults=2&no_rooms=1&group_children=0&req_children=0&hpos=8&hapos=34&sr_order=popularity&srpvid=91357ea171dd08a0&srepoch=1738173642&all_sr_blocks=231129002_0_2_0_0&highlighted_blocks=231129002_0_2_0_0&matching_block_id=231129002_0_2_0_0&sr_pri_blocks=231129002_0_2_0_0__83704&from_sustainable_property_sr=1&from=searchresults
Chic & Basic Velvet,"Eixample, Barcelona",https://www.booking.com/hotel/es/santangelo-barcelona.html?label=gen173nr-1BCAEoggI46AdSAnVzWARoRogBAZgBMbgBGcgBD9gBAegBAYgCAagCA7gC-NjpvAbAAgHSAiQ4ZGVlZWVhMi1mOTI5LTRmOWQtOTk0OC0xMzU5MWFkYWNlODjYAgXgAgE&sid=f990c8e44d8a49a026ee40f8b9e3b3a2&aid=304142&ucfs=1&arphpl=1&checkin=2025-02-09&checkout=2025-02-16&dest_id=-372490&dest_type=city&group_adults=2&req_adults=2&no_rooms=1&group_children=0&req_children=0&hpos=9&hapos=35&sr_order=popularity&srpvid=91357ea171dd08a0&srepoch=1738173642&all_sr_blocks=9096610_88190298_0_2_0&highlighted_blocks=9096610_88190298_0_2_0&matching_block_id=9096610_88190298_0_2_0&sr_pri_blocks=9096610_88190298_0_2_0__77678&from_sustainable_property_sr=1&from=searchresults
Hotel Pulitzer Barcelona,"Eixample, Barcelona",https://www.booking.com/hotel/es/hotelpulitzer.html?label=gen173nr-1BCAEoggI46AdSAnVzWARoRogBAZgBMbgBGcgBD9gBAegBAYgCAagCA7gC-NjpvAbAAgHSAiQ4ZGVlZWVhMi1mOTI5LTRmOWQtOTk0OC0xMzU5MWFkYWNlODjYAgXgAgE&sid=f990c8e44d8a49a026ee40f8b9e3b3a2&aid=304142&ucfs=1&arphpl=1&checkin=2025-02-09&checkout=2025-02-16&dest_id=-372490&dest_type=city&group_adults=2&req_adults=2&no_rooms=1&group_children=0&req_children=0&hpos=10&hapos=36&sr_order=popularity&srpvid=91357ea171dd08a0&srepoch=1738173642&all_sr_blocks=9175901_88191734_2_2_0&highlighted_blocks=9175901_88191734_2_2_0&matching_block_id=9175901_88191734_2_2_0&sr_pri_blocks=9175901_88191734_2_2_0__126948&from_sustainable_property_sr=1&from=searchresults
Ikonik Ramblas,"Ciutat Vella, Barcelona",https://www.booking.com/hotel/es/eurostars-ramblas.html?label=gen173nr-1BCAEoggI46AdSAnVzWARoRogBAZgBMbgBGcgBD9gBAegBAYgCAagCA7gC-NjpvAbAAgHSAiQ4ZGVlZWVhMi1mOTI5LTRmOWQtOTk0OC0xMzU5MWFkYWNlODjYAgXgAgE&sid=f990c8e44d8a49a026ee40f8b9e3b3a2&aid=304142&ucfs=1&arphpl=1&checkin=2025-02-09&checkout=2025-02-16&dest_id=-372490&dest_type=city&group_adults=2&req_adults=2&no_rooms=1&group_children=0&req_children=0&hpos=11&hapos=37&sr_order=popularity&srpvid=91357ea171dd08a0&srepoch=1738173642&all_sr_blocks=34646001_93736275_2_2_0&highlighted_blocks=34646001_93736275_2_2_0&matching_block_id=34646001_93736275_2_2_0&sr_pri_blocks=34646001_93736275_2_2_0__91935&from_sustainable_property_sr=1&from=searchresults
Hotel SERHS Del Port,"Ciutat Vella, Barcelona",https://www.booking.com/hotel/es/hotelserhsdelport.html?label=gen173nr-1BCAEoggI46AdSAnVzWARoRogBAZgBMbgBGcgBD9gBAegBAYgCAagCA7gC-NjpvAbAAgHSAiQ4ZGVlZWVhMi1mOTI5LTRmOWQtOTk0OC0xMzU5MWFkYWNlODjYAgXgAgE&sid=f990c8e44d8a49a026ee40f8b9e3b3a2&aid=304142&ucfs=1&arphpl=1&checkin=2025-02-09&checkout=2025-02-16&dest_id=-372490&dest_type=city&group_adults=2&req_adults=2&no_rooms=1&group_children=0&req_children=0&hpos=12&hapos=38&sr_order=popularity&srpvid=91357ea171dd08a0&srepoch=1738173642&all_sr_blocks=9181701_0_2_0_0&highlighted_blocks=9181701_0_2_0_0&matching_block_id=9181701_0_2_0_0&sr_pri_blocks=9181701_0_2_0_0__81849&from=searchresults
Catalonia Plaza Catalunya,"Eixample, Barcelona",https://www.booking.com/hotel/es/cataloniaduques.html?label=gen173nr-1BCAEoggI46AdSAnVzWARoRogBAZgBMbgBGcgBD9gBAegBAYgCAagCA7gC-NjpvAbAAgHSAiQ4ZGVlZWVhMi1mOTI5LTRmOWQtOTk0OC0xMzU5MWFkYWNlODjYAgXgAgE&sid=f990c8e44d8a49a026ee40f8b9e3b3a2&aid=304142&ucfs=1&arphpl=1&checkin=2025-02-09&checkout=2025-02-16&dest_id=-372490&dest_type=city&group_adults=2&req_adults=2&no_rooms=1&group_children=0&req_children=0&hpos=13&hapos=39&sr_order=popularity&srpvid=91357ea171dd08a0&srepoch=1738173642&all_sr_blocks=9058012_88181903_0_42_0&highlighted_blocks=9058012_88181903_0_42_0&matching_block_id=9058012_88181903_0_42_0&sr_pri_blocks=9058012_88181903_0_42_0__114778&from_sustainable_property_sr=1&from=searchresults
SERHS Carlit Boutique Hotel,"Eixample, Barcelona",https://www.booking.com/hotel/es/carlit.html?label=gen173nr-1BCAEoggI46AdSAnVzWARoRogBAZgBMbgBGcgBD9gBAegBAYgCAagCA7gC-NjpvAbAAgHSAiQ4ZGVlZWVhMi1mOTI5LTRmOWQtOTk0OC0xMzU5MWFkYWNlODjYAgXgAgE&sid=f990c8e44d8a49a026ee40f8b9e3b3a2&aid=304142&ucfs=1&arphpl=1&checkin=2025-02-09&checkout=2025-02-16&dest_id=-372490&dest_type=city&group_adults=2&req_adults=2&no_rooms=1&group_children=0&req_children=0&hpos=14&hapos=40&sr_order=popularity&srpvid=91357ea171dd08a0&srepoch=1738173642&all_sr_blocks=44646402_91474863_0_2_0_488885&highlighted_blocks=44646402_91474863_0_2_0_488885&matching_block_id=44646402_91474863_0_2_0_488885&sr_pri_blocks=44646402_91474863_0_2_0_488885_99655&from=searchresults
Vincci Mae,"Sarrià-St. Gervasi, Barcelona",https://www.booking.com/hotel/es/vincci-mae.html?label=gen173nr-1BCAEoggI46AdSAnVzWARoRogBAZgBMbgBGcgBD9gBAegBAYgCAagCA7gC-NjpvAbAAgHSAiQ4ZGVlZWVhMi1mOTI5LTRmOWQtOTk0OC0xMzU5MWFkYWNlODjYAgXgAgE&sid=f990c8e44d8a49a026ee40f8b9e3b3a2&aid=304142&ucfs=1&arphpl=1&checkin=2025-02-09&checkout=2025-02-16&dest_id=-372490&dest_type=city&group_adults=2&req_adults=2&no_rooms=1&group_children=0&req_children=0&hpos=15&hapos=41&sr_order=popularity&srpvid=91357ea171dd08a0&srepoch=1738173642&all_sr_blocks=195646506_401722917_0_2_0_203796&highlighted_blocks=195646506_401722917_0_2_0_203796&matching_block_id=195646506_401722917_0_2_0_203796&sr_pri_blocks=195646506_401722917_0_2_0_203796_115055&from_sustainable_property_sr=1&from=searchresults
Exe Mitre,"Sarrià-St. Gervasi, Barcelona",https://www.booking.com/hotel/es/mitre.html?label=gen173nr-1BCAEoggI46AdSAnVzWARoRogBAZgBMbgBGcgBD9gBAegBAYgCAagCA7gC-NjpvAbAAgHSAiQ4ZGVlZWVhMi1mOTI5LTRmOWQtOTk0OC0xMzU5MWFkYWNlODjYAgXgAgE&sid=f990c8e44d8a49a026ee40f8b9e3b3a2&aid=304142&ucfs=1&arphpl=1&checkin=2025-02-09&checkout=2025-02-16&dest_id=-372490&dest_type=city&group_adults=2&req_adults=2&no_rooms=1&group_children=0&req_children=0&hpos=16&hapos=42&sr_order=popularity&srpvid=91357ea171dd08a0&srepoch=1738173642&all_sr_blocks=9008303_91462634_2_2_0&highlighted_blocks=9008303_91462634_2_2_0&matching_block_id=9008303_91462634_2_2_0&sr_pri_blocks=9008303_91462634_2_2_0__78963&from_sustainable_property_sr=1&from=searchresults
Travelodge Barcelona Poblenou,"Sant Martí, Barcelona",https://www.booking.com/hotel/es/travelodge-barcelona-poblenou.html?label=gen173nr-1BCAEoggI46AdSAnVzWARoRogBAZgBMbgBGcgBD9gBAegBAYgCAagCA7gC-NjpvAbAAgHSAiQ4ZGVlZWVhMi1mOTI5LTRmOWQtOTk0OC0xMzU5MWFkYWNlODjYAgXgAgE&sid=f990c8e44d8a49a026ee40f8b9e3b3a2&aid=304142&ucfs=1&arphpl=1&checkin=2025-02-09&checkout=2025-02-16&dest_id=-372490&dest_type=city&group_adults=2&req_adults=2&no_rooms=1&group_children=0&req_children=0&hpos=17&hapos=43&sr_order=popularity&srpvid=91357ea171dd08a0&srepoch=1738173642&all_sr_blocks=44478301_405649355_0_2_0&highlighted_blocks=44478301_405649355_0_2_0&matching_block_id=44478301_405649355_0_2_0&sr_pri_blocks=44478301_405649355_0_2_0__69937&from=searchresults
Leonardo Hotel Barcelona Gran Via,"Eixample, Barcelona",https://www.booking.com/hotel/es/leonardo-hotel-barcelona-gran-via.html?label=gen173nr-1BCAEoggI46AdSAnVzWARoRogBAZgBMbgBGcgBD9gBAegBAYgCAagCA7gC-NjpvAbAAgHSAiQ4ZGVlZWVhMi1mOTI5LTRmOWQtOTk0OC0xMzU5MWFkYWNlODjYAgXgAgE&sid=f990c8e44d8a49a026ee40f8b9e3b3a2&aid=304142&ucfs=1&arphpl=1&checkin=2025-02-09&checkout=2025-02-16&dest_id=-372490&dest_type=city&group_adults=2&req_adults=2&no_rooms=1&group_children=0&req_children=0&hpos=18&hapos=44&sr_order=popularity&srpvid=91357ea171dd08a0&srepoch=1738173642&all_sr_blocks=9115414_88190628_0_2_0&highlighted_blocks=9115414_88190628_0_2_0&matching_block_id=9115414_88190628_0_2_0&sr_pri_blocks=9115414_88190628_0_2_0__85370&from_sustainable_property_sr=1&from=searchresults
The Corner Hotel,"Eixample, Barcelona",https://www.booking.com/hotel/es/the-corner.html?label=gen173nr-1BCAEoggI46AdSAnVzWARoRogBAZgBMbgBGcgBD9gBAegBAYgCAagCA7gC-NjpvAbAAgHSAiQ4ZGVlZWVhMi1mOTI5LTRmOWQtOTk0OC0xMzU5MWFkYWNlODjYAgXgAgE&sid=f990c8e44d8a49a026ee40f8b9e3b3a2&aid=304142&ucfs=1&arphpl=1&checkin=2025-02-09&checkout=2025-02-16&dest_id=-372490&dest_type=city&group_adults=2&req_adults=2&no_rooms=1&group_children=0&req_children=0&hpos=19&hapos=45&sr_order=popularity&srpvid=91357ea171dd08a0&srepoch=1738173642&all_sr_blocks=175506201_90711140_0_2_0&highlighted_blocks=175506201_90711140_0_2_0&matching_block_id=175506201_90711140_0_2_0&sr_pri_blocks=175506201_90711140_0_2_0__126768&from_sustainable_property_sr=1&from=searchresults
Hotel El Call,"Ciutat Vella, Barcelona",https://www.booking.com/hotel/es/call.html?label=gen173nr-1BCAEoggI46AdSAnVzWARoRogBAZgBMbgBGcgBD9gBAegBAYgCAagCA7gC-NjpvAbAAgHSAiQ4ZGVlZWVhMi1mOTI5LTRmOWQtOTk0OC0xMzU5MWFkYWNlODjYAgXgAgE&sid=f990c8e44d8a49a026ee40f8b9e3b3a2&aid=304142&ucfs=1&arphpl=1&checkin=2025-02-09&checkout=2025-02-16&dest_id=-372490&dest_type=city&group_adults=2&req_adults=2&no_rooms=1&group_children=0&req_children=0&hpos=20&hapos=46&sr_order=popularity&srpvid=91357ea171dd08a0&srepoch=1738173642&all_sr_blocks=17314210_88197051_0_0_0&highlighted_blocks=17314210_88197051_0_0_0&matching_block_id=17314210_88197051_0_0_0&sr_pri_blocks=17314210_88197051_0_0_0__73725&from=searchresults
Yurbban Trafalgar Hotel,"Ciutat Vella, Barcelona",https://www.booking.com/hotel/es/yurbban-trafalgar.html?label=gen173nr-1BCAEoggI46AdSAnVzWARoRogBAZgBMbgBGcgBD9gBAegBAYgCAagCA7gC-NjpvAbAAgHSAiQ4ZGVlZWVhMi1mOTI5LTRmOWQtOTk0OC0xMzU5MWFkYWNlODjYAgXgAgE&sid=f990c8e44d8a49a026ee40f8b9e3b3a2&aid=304142&ucfs=1&arphpl=1&checkin=2025-02-09&checkout=2025-02-16&dest_id=-372490&dest_type=city&group_adults=2&req_adults=2&no_rooms=1&group_children=0&req_children=0&hpos=21&hapos=47&sr_order=popularity&srpvid=91357ea171dd08a0&srepoch=1738173642&all_sr_blocks=115120902_257901698_0_2_0&highlighted_blocks=115120902_257901698_0_2_0&matching_block_id=115120902_257901698_0_2_0&sr_pri_blocks=115120902_257901698_0_2_0__116075&from_sustainable_property_sr=1&from=searchresults
Hotel del Mar,"Ciutat Vella, Barcelona",https://www.booking.com/hotel/es/del-mar.html?label=gen173nr-1BCAEoggI46AdSAnVzWARoRogBAZgBMbgBGcgBD9gBAegBAYgCAagCA7gC-NjpvAbAAgHSAiQ4ZGVlZWVhMi1mOTI5LTRmOWQtOTk0OC0xMzU5MWFkYWNlODjYAgXgAgE&sid=f990c8e44d8a49a026ee40f8b9e3b3a2&aid=304142&ucfs=1&arphpl=1&checkin=2025-02-09&checkout=2025-02-16&dest_id=-372490&dest_type=city&group_adults=2&req_adults=2&no_rooms=1&group_children=0&req_children=0&hpos=22&hapos=48&sr_order=popularity&srpvid=91357ea171dd08a0&srepoch=1738173642&all_sr_blocks=9254705_0_2_0_0&highlighted_blocks=9254705_0_2_0_0&matching_block_id=9254705_0_2_0_0&sr_pri_blocks=9254705_0_2_0_0__76646&from=searchresults
Catalonia Barcelona 505,"Sarrià-St. Gervasi, Barcelona",https://www.booking.com/hotel/es/catalonia-barcelona-505.html?label=gen173nr-1BCAEoggI46AdSAnVzWARoRogBAZgBMbgBGcgBD9gBAegBAYgCAagCA7gC-NjpvAbAAgHSAiQ4ZGVlZWVhMi1mOTI5LTRmOWQtOTk0OC0xMzU5MWFkYWNlODjYAgXgAgE&sid=f990c8e44d8a49a026ee40f8b9e3b3a2&aid=304142&ucfs=1&arphpl=1&checkin=2025-02-09&checkout=2025-02-16&dest_id=-372490&dest_type=city&group_adults=2&req_adults=2&no_rooms=1&group_children=0&req_children=0&hpos=23&hapos=49&sr_order=popularity&srpvid=91357ea171dd08a0&srepoch=1738173642&all_sr_blocks=9059305_194589362_0_2_0&highlighted_blocks=9059305_194589362_0_2_0&matching_block_id=9059305_194589362_0_2_0&sr_pri_blocks=9059305_194589362_0_2_0__93778&from_sustainable_property_sr=1&from=searchresults
Occidental Diagonal 414,"Eixample, Barcelona",https://www.booking.com/hotel/es/occidental-diagonal-414-barcelona.html?label=gen173nr-1BCAEoggI46AdSAnVzWARoRogBAZgBMbgBGcgBD9gBAegBAYgCAagCA7gC-NjpvAbAAgHSAiQ4ZGVlZWVhMi1mOTI5LTRmOWQtOTk0OC0xMzU5MWFkYWNlODjYAgXgAgE&sid=f990c8e44d8a49a026ee40f8b9e3b3a2&aid=304142&ucfs=1&arphpl=1&checkin=2025-02-09&checkout=2025-02-16&dest_id=-372490&dest_type=city&group_adults=2&req_adults=2&no_rooms=1&group_children=0&req_children=0&hpos=24&hapos=50&sr_order=popularity&srpvid=91357ea171dd08a0&srepoch=1738173642&all_sr_blocks=593835601_0_2_0_0&highlighted_blocks=593835601_0_2_0_0&matching_block_id=593835601_0_2_0_0&sr_pri_blocks=593835601_0_2_0_0__102289&from=searchresults
Hostal Operaramblas,"Ciutat Vella, Barcelona",https://www.booking.com/hotel/es/hostal-opera.html?label=gen173nr-1BCAEoggI46AdSAnVzWARoRogBAZgBMbgBGcgBD9gBAegBAYgCAagCA7gC-NjpvAbAAgHSAiQ4ZGVlZWVhMi1mOTI5LTRmOWQtOTk0OC0xMzU5MWFkYWNlODjYAgXgAgE&sid=f990c8e44d8a49a026ee40f8b9e3b3a2&aid=304142&ucfs=1&arphpl=1&checkin=2025-02-09&checkout=2025-02-16&dest_id=-372490&dest_type=city&group_adults=2&req_adults=2&no_rooms=1&group_children=0&req_children=0&hpos=25&hapos=51&sr_order=popularity&srpvid=91357ea171dd08a0&srepoch=1738173642&all_sr_blocks=1947005_95144225_0_0_0&highlighted_blocks=1947005_95144225_0_0_0&matching_block_id=1947005_95144225_0_0_0&sr_pri_blocks=1947005_95144225_0_0_0__85505&from=searchresults
Arya Stadium Hotel,"Sants-Montjuïc, Barcelona",https://www.booking.com/hotel/es/arya-stadium-hotel.html?label=gen173nr-1BCAEoggI46AdSAnVzWARoRogBAZgBMbgBGcgBD9gBAegBAYgCAagCA7gC-NjpvAbAAgHSAiQ4ZGVlZWVhMi1mOTI5LTRmOWQtOTk0OC0xMzU5MWFkYWNlODjYAgXgAgE&sid=f990c8e44d8a49a026ee40f8b9e3b3a2&aid=304142&ucfs=1&arphpl=1&checkin=2025-02-09&checkout=2025-02-16&dest_id=-372490&dest_type=city&group_adults=2&req_adults=2&no_rooms=1&group_children=0&req_children=0&hpos=1&hapos=52&sr_order=popularity&srpvid=91357ea171dd08a0&srepoch=1738173645&all_sr_blocks=258713501_0_2_0_0&highlighted_blocks=258713501_0_2_0_0&matching_block_id=258713501_0_2_0_0&sr_pri_blocks=258713501_0_2_0_0__70977&from=searchresults
Silken Ramblas,"Ciutat Vella, Barcelona",https://www.booking.com/hotel/es/silken-ambassador-ramblas.html?label=gen173nr-1BCAEoggI46AdSAnVzWARoRogBAZgBMbgBGcgBD9gBAegBAYgCAagCA7gC-NjpvAbAAgHSAiQ4ZGVlZWVhMi1mOTI5LTRmOWQtOTk0OC0xMzU5MWFkYWNlODjYAgXgAgE&sid=f990c8e44d8a49a026ee40f8b9e3b3a2&aid=304142&ucfs=1&arphpl=1&checkin=2025-02-09&checkout=2025-02-16&dest_id=-372490&dest_type=city&group_adults=2&req_adults=2&no_rooms=1&group_children=0&req_children=0&hpos=2&hapos=53&sr_order=popularity&srpvid=91357ea171dd08a0&srepoch=1738173645&all_sr_blocks=9467102_91463260_0_2_0_86697&highlighted_blocks=9467102_91463260_0_2_0_86697&matching_block_id=9467102_91463260_0_2_0_86697&sr_pri_blocks=9467102_91463260_0_2_0_86697_104966&from_sustainable_property_sr=1&from=searchresults
Catalonia Passeig de Gràcia 4* Sup,"Eixample, Barcelona",https://www.booking.com/hotel/es/catalonia-passeig-de-gra-cia.html?label=gen173nr-1BCAEoggI46AdSAnVzWARoRogBAZgBMbgBGcgBD9gBAegBAYgCAagCA7gC-NjpvAbAAgHSAiQ4ZGVlZWVhMi1mOTI5LTRmOWQtOTk0OC0xMzU5MWFkYWNlODjYAgXgAgE&sid=f990c8e44d8a49a026ee40f8b9e3b3a2&aid=304142&ucfs=1&arphpl=1&checkin=2025-02-09&checkout=2025-02-16&dest_id=-372490&dest_type=city&group_adults=2&req_adults=2&no_rooms=1&group_children=0&req_children=0&hpos=3&hapos=54&sr_order=popularity&srpvid=91357ea171dd08a0&srepoch=1738173645&all_sr_blocks=49301501_194581876_0_2_0&highlighted_blocks=49301501_194581876_0_2_0&matching_block_id=49301501_194581876_0_2_0&sr_pri_blocks=49301501_194581876_0_2_0__135778&from_sustainable_property_sr=1&from=searchresults
Pestana Arena Barcelona,"Sants-Montjuïc, Barcelona",https://www.booking.com/hotel/es/pestana-arena-barcelona.html?label=gen173nr-1BCAEoggI46AdSAnVzWARoRogBAZgBMbgBGcgBD9gBAegBAYgCAagCA7gC-NjpvAbAAgHSAiQ4ZGVlZWVhMi1mOTI5LTRmOWQtOTk0OC0xMzU5MWFkYWNlODjYAgXgAgE&sid=f990c8e44d8a49a026ee40f8b9e3b3a2&aid=304142&ucfs=1&arphpl=1&checkin=2025-02-09&checkout=2025-02-16&dest_id=-372490&dest_type=city&group_adults=2&req_adults=2&no_rooms=1&group_children=0&req_children=0&hpos=4&hapos=55&sr_order=popularity&srpvid=91357ea171dd08a0&srepoch=1738173645&all_sr_blocks=9271025_0_2_0_0&highlighted_blocks=9271025_0_2_0_0&matching_block_id=9271025_0_2_0_0&sr_pri_blocks=9271025_0_2_0_0__88993&from=searchresults
Hotel Acta Azul Barcelona,"Sants-Montjuïc, Barcelona",https://www.booking.com/hotel/es/hotelazulbarcelona.html?label=gen173nr-1BCAEoggI46AdSAnVzWARoRogBAZgBMbgBGcgBD9gBAegBAYgCAagCA7gC-NjpvAbAAgHSAiQ4ZGVlZWVhMi1mOTI5LTRmOWQtOTk0OC0xMzU5MWFkYWNlODjYAgXgAgE&sid=f990c8e44d8a49a026ee40f8b9e3b3a2&aid=304142&ucfs=1&arphpl=1&checkin=2025-02-09&checkout=2025-02-16&dest_id=-372490&dest_type=city&group_adults=2&req_adults=2&no_rooms=1&group_children=0&req_children=0&hpos=5&hapos=56&sr_order=popularity&srpvid=91357ea171dd08a0&srepoch=1738173645&all_sr_blocks=9176001_88999660_0_2_0&highlighted_blocks=9176001_88999660_0_2_0&matching_block_id=9176001_88999660_0_2_0&sr_pri_blocks=9176001_88999660_0_2_0__96800&from=searchresults
Hostal Benidorm,"Ciutat Vella, Barcelona",https://www.booking.com/hotel/es/hostal-benidorm.html?label=gen173nr-1BCAEoggI46AdSAnVzWARoRogBAZgBMbgBGcgBD9gBAegBAYgCAagCA7gC-NjpvAbAAgHSAiQ4ZGVlZWVhMi1mOTI5LTRmOWQtOTk0OC0xMzU5MWFkYWNlODjYAgXgAgE&sid=f990c8e44d8a49a026ee40f8b9e3b3a2&aid=304142&ucfs=1&arphpl=1&checkin=2025-02-09&checkout=2025-02-16&dest_id=-372490&dest_type=city&group_adults=2&req_adults=2&no_rooms=1&group_children=0&req_children=0&hpos=6&hapos=57&sr_order=popularity&srpvid=91357ea171dd08a0&srepoch=1738173645&all_sr_blocks=1968602_95144417_0_0_0&highlighted_blocks=1968602_95144417_0_0_0&matching_block_id=1968602_95144417_0_0_0&sr_pri_blocks=1968602_95144417_0_0_0__74485&from=searchresults
Feelathome Plaza Apartments,"Sants-Montjuïc, Barcelona",https://www.booking.com/hotel/es/feelathome-plaza-apartments.html?label=gen173nr-1BCAEoggI46AdSAnVzWARoRogBAZgBMbgBGcgBD9gBAegBAYgCAagCA7gC-NjpvAbAAgHSAiQ4ZGVlZWVhMi1mOTI5LTRmOWQtOTk0OC0xMzU5MWFkYWNlODjYAgXgAgE&sid=f990c8e44d8a49a026ee40f8b9e3b3a2&aid=304142&ucfs=1&arphpl=1&checkin=2025-02-09&checkout=2025-02-16&dest_id=-372490&dest_type=city&group_adults=2&req_adults=2&no_rooms=1&group_children=0&req_children=0&hpos=7&hapos=58&sr_order=popularity&srpvid=91357ea171dd08a0&srepoch=1738173645&all_sr_blocks=101541505_91476545_2_0_0&highlighted_blocks=101541505_91476545_2_0_0&matching_block_id=101541505_91476545_2_0_0&sr_pri_blocks=101541505_91476545_2_0_0__90857&from=searchresults
Leonardo Boutique Hotel Barcelona Sagrada Familia,"Sant Martí, Barcelona",https://www.booking.com/hotel/es/leonardo-boutique-hotel-barcelona-sagrada-familia.html?label=gen173nr-1BCAEoggI46AdSAnVzWARoRogBAZgBMbgBGcgBD9gBAegBAYgCAagCA7gC-NjpvAbAAgHSAiQ4ZGVlZWVhMi1mOTI5LTRmOWQtOTk0OC0xMzU5MWFkYWNlODjYAgXgAgE&sid=f990c8e44d8a49a026ee40f8b9e3b3a2&aid=304142&ucfs=1&arphpl=1&checkin=2025-02-09&checkout=2025-02-16&dest_id=-372490&dest_type=city&group_adults=2&req_adults=2&no_rooms=1&group_children=0&req_children=0&hpos=8&hapos=59&sr_order=popularity&srpvid=91357ea171dd08a0&srepoch=1738173645&all_sr_blocks=27707101_0_2_0_0&highlighted_blocks=27707101_0_2_0_0&matching_block_id=27707101_0_2_0_0&sr_pri_blocks=27707101_0_2_0_0__78073&from_sustainable_property_sr=1&from=searchresults
"Labtwentytwo Barcelona, a Tribute Portfolio Hotel","Sant Martí, Barcelona",https://www.booking.com/hotel/es/labtwentytwo-barcelona-a-tribute-portfolio.html?label=gen173nr-1BCAEoggI46AdSAnVzWARoRogBAZgBMbgBGcgBD9gBAegBAYgCAagCA7gC-NjpvAbAAgHSAiQ4ZGVlZWVhMi1mOTI5LTRmOWQtOTk0OC0xMzU5MWFkYWNlODjYAgXgAgE&sid=f990c8e44d8a49a026ee40f8b9e3b3a2&aid=304142&ucfs=1&arphpl=1&checkin=2025-02-09&checkout=2025-02-16&dest_id=-372490&dest_type=city&group_adults=2&req_adults=2&no_rooms=1&group_children=0&req_children=0&hpos=9&hapos=60&sr_order=popularity&srpvid=91357ea171dd08a0&srepoch=1738173645&all_sr_blocks=1072514605_379795374_0_42_0&highlighted_blocks=1072514605_379795374_0_42_0&matching_block_id=1072514605_379795374_0_42_0&sr_pri_blocks=1072514605_379795374_0_42_0__108328&from_sustainable_property_sr=1&from=searchresults
Catalonia Diagonal Centro,"Eixample, Barcelona",https://www.booking.com/hotel/es/catalonia-diagonal-centro.html?label=gen173nr-1BCAEoggI46AdSAnVzWARoRogBAZgBMbgBGcgBD9gBAegBAYgCAagCA7gC-NjpvAbAAgHSAiQ4ZGVlZWVhMi1mOTI5LTRmOWQtOTk0OC0xMzU5MWFkYWNlODjYAgXgAgE&sid=f990c8e44d8a49a026ee40f8b9e3b3a2&aid=304142&ucfs=1&arphpl=1&checkin=2025-02-09&checkout=2025-02-16&dest_id=-372490&dest_type=city&group_adults=2&req_adults=2&no_rooms=1&group_children=0&req_children=0&hpos=10&hapos=61&sr_order=popularity&srpvid=91357ea171dd08a0&srepoch=1738173645&all_sr_blocks=9058108_194625034_0_2_0&highlighted_blocks=9058108_194625034_0_2_0&matching_block_id=9058108_194625034_0_2_0&sr_pri_blocks=9058108_194625034_0_2_0__107778&from_sustainable_property_sr=1&from=searchresults
Catalonia La Boquería,"Ciutat Vella, Barcelona",https://www.booking.com/hotel/es/catalonia-la-boqueria.html?label=gen173nr-1BCAEoggI46AdSAnVzWARoRogBAZgBMbgBGcgBD9gBAegBAYgCAagCA7gC-NjpvAbAAgHSAiQ4ZGVlZWVhMi1mOTI5LTRmOWQtOTk0OC0xMzU5MWFkYWNlODjYAgXgAgE&sid=f990c8e44d8a49a026ee40f8b9e3b3a2&aid=304142&ucfs=1&arphpl=1&checkin=2025-02-09&checkout=2025-02-16&dest_id=-372490&dest_type=city&group_adults=2&req_adults=2&no_rooms=1&group_children=0&req_children=0&hpos=11&hapos=62&sr_order=popularity&srpvid=91357ea171dd08a0&srepoch=1738173645&all_sr_blocks=4991801_397220302_0_2_0_203806&highlighted_blocks=4991801_397220302_0_2_0_203806&matching_block_id=4991801_397220302_0_2_0_203806&sr_pri_blocks=4991801_397220302_0_2_0_203806_96690&from_sustainable_property_sr=1&from=searchresults
Room Mate Carla,"Eixample, Barcelona",https://www.booking.com/hotel/es/987-barcelona.html?label=gen173nr-1BCAEoggI46AdSAnVzWARoRogBAZgBMbgBGcgBD9gBAegBAYgCAagCA7gC-NjpvAbAAgHSAiQ4ZGVlZWVhMi1mOTI5LTRmOWQtOTk0OC0xMzU5MWFkYWNlODjYAgXgAgE&sid=f990c8e44d8a49a026ee40f8b9e3b3a2&aid=304142&ucfs=1&arphpl=1&checkin=2025-02-09&checkout=2025-02-16&dest_id=-372490&dest_type=city&group_adults=2&req_adults=2&no_rooms=1&group_children=0&req_children=0&hpos=12&hapos=63&sr_order=popularity&srpvid=91357ea171dd08a0&srepoch=1738173645&all_sr_blocks=9383201_88194249_0_2_0_303440&highlighted_blocks=9383201_88194249_0_2_0_303440&matching_block_id=9383201_88194249_0_2_0_303440&sr_pri_blocks=9383201_88194249_0_2_0_303440_98314&from=searchresults
Hotel Ramblas Internacional,"Ciutat Vella, Barcelona",https://www.booking.com/hotel/es/husainternacional.html?label=gen173nr-1BCAEoggI46AdSAnVzWARoRogBAZgBMbgBGcgBD9gBAegBAYgCAagCA7gC-NjpvAbAAgHSAiQ4ZGVlZWVhMi1mOTI5LTRmOWQtOTk0OC0xMzU5MWFkYWNlODjYAgXgAgE&sid=f990c8e44d8a49a026ee40f8b9e3b3a2&aid=304142&ucfs=1&arphpl=1&checkin=2025-02-09&checkout=2025-02-16&dest_id=-372490&dest_type=city&group_adults=2&req_adults=2&no_rooms=1&group_children=0&req_children=0&hpos=13&hapos=64&sr_order=popularity&srpvid=91357ea171dd08a0&srepoch=1738173645&all_sr_blocks=9048602_99408980_0_2_0&highlighted_blocks=9048602_99408980_0_2_0&matching_block_id=9048602_99408980_0_2_0&sr_pri_blocks=9048602_99408980_0_2_0__75403&from=searchresults
Miiro Borneta,"Ciutat Vella, Barcelona",https://www.booking.com/hotel/es/k-k-picasso.html?label=gen173nr-1BCAEoggI46AdSAnVzWARoRogBAZgBMbgBGcgBD9gBAegBAYgCAagCA7gC-NjpvAbAAgHSAiQ4ZGVlZWVhMi1mOTI5LTRmOWQtOTk0OC0xMzU5MWFkYWNlODjYAgXgAgE&sid=f990c8e44d8a49a026ee40f8b9e3b3a2&aid=304142&ucfs=1&arphpl=1&checkin=2025-02-09&checkout=2025-02-16&dest_id=-372490&dest_type=city&group_adults=2&req_adults=2&no_rooms=1&group_children=0&req_children=0&hpos=14&hapos=65&sr_order=popularity&srpvid=91357ea171dd08a0&srepoch=1738173645&all_sr_blocks=36039219_88207873_0_42_0&highlighted_blocks=36039219_88207873_0_42_0&matching_block_id=36039219_88207873_0_42_0&sr_pri_blocks=36039219_88207873_0_42_0__144438&from=searchresults
Acevi Villarroel,"Eixample, Barcelona",https://www.booking.com/hotel/es/acevivillarroel.html?label=gen173nr-1BCAEoggI46AdSAnVzWARoRogBAZgBMbgBGcgBD9gBAegBAYgCAagCA7gC-NjpvAbAAgHSAiQ4ZGVlZWVhMi1mOTI5LTRmOWQtOTk0OC0xMzU5MWFkYWNlODjYAgXgAgE&sid=f990c8e44d8a49a026ee40f8b9e3b3a2&aid=304142&ucfs=1&arphpl=1&checkin=2025-02-09&checkout=2025-02-16&dest_id=-372490&dest_type=city&group_adults=2&req_adults=2&no_rooms=1&group_children=0&req_children=0&hpos=15&hapos=66&sr_order=popularity&srpvid=91357ea171dd08a0&srepoch=1738173645&all_sr_blocks=9065102_88182100_0_2_0&highlighted_blocks=9065102_88182100_0_2_0&matching_block_id=9065102_88182100_0_2_0&sr_pri_blocks=9065102_88182100_0_2_0__97888&from=searchresults
Leonardo Royal Hotel Barcelona Fira,"Sants-Montjuïc, Barcelona",https://www.booking.com/hotel/es/leonardo-royal-barcelona-fira.html?label=gen173nr-1BCAEoggI46AdSAnVzWARoRogBAZgBMbgBGcgBD9gBAegBAYgCAagCA7gC-NjpvAbAAgHSAiQ4ZGVlZWVhMi1mOTI5LTRmOWQtOTk0OC0xMzU5MWFkYWNlODjYAgXgAgE&sid=f990c8e44d8a49a026ee40f8b9e3b3a2&aid=304142&ucfs=1&arphpl=1&checkin=2025-02-09&checkout=2025-02-16&dest_id=-372490&dest_type=city&group_adults=2&req_adults=2&no_rooms=1&group_children=0&req_children=0&hpos=16&hapos=67&sr_order=popularity&srpvid=91357ea171dd08a0&srepoch=1738173645&all_sr_blocks=678810901_0_2_0_0&highlighted_blocks=678810901_0_2_0_0&matching_block_id=678810901_0_2_0_0&sr_pri_blocks=678810901_0_2_0_0__76368&from_sustainable_property_sr=1&from=searchresults
Unite Hostel Barcelona,"Sant Martí, Barcelona",https://www.booking.com/hotel/es/unite-hostel-barcelona.html?label=gen173nr-1BCAEoggI46AdSAnVzWARoRogBAZgBMbgBGcgBD9gBAegBAYgCAagCA7gC-NjpvAbAAgHSAiQ4ZGVlZWVhMi1mOTI5LTRmOWQtOTk0OC0xMzU5MWFkYWNlODjYAgXgAgE&sid=f990c8e44d8a49a026ee40f8b9e3b3a2&aid=304142&ucfs=1&arphpl=1&checkin=2025-02-09&checkout=2025-02-16&dest_id=-372490&dest_type=city&group_adults=2&req_adults=2&no_rooms=1&group_children=0&req_children=0&hpos=17&hapos=68&sr_order=popularity&srpvid=91357ea171dd08a0&srepoch=1738173645&all_sr_blocks=385960707_0_2_0_0&highlighted_blocks=385960707_0_2_0_0&matching_block_id=385960707_0_2_0_0&sr_pri_blocks=385960707_0_2_0_0__80284&from=searchresults
Hotel Arconte,"Eixample, Barcelona",https://www.booking.com/hotel/es/the-mirror-barcelona.html?label=gen173nr-1BCAEoggI46AdSAnVzWARoRogBAZgBMbgBGcgBD9gBAegBAYgCAagCA7gC-NjpvAbAAgHSAiQ4ZGVlZWVhMi1mOTI5LTRmOWQtOTk0OC0xMzU5MWFkYWNlODjYAgXgAgE&sid=f990c8e44d8a49a026ee40f8b9e3b3a2&aid=304142&ucfs=1&arphpl=1&checkin=2025-02-09&checkout=2025-02-16&dest_id=-372490&dest_type=city&group_adults=2&req_adults=2&no_rooms=1&group_children=0&req_children=0&hpos=18&hapos=69&sr_order=popularity&srpvid=91357ea171dd08a0&srepoch=1738173645&all_sr_blocks=27664004_389642105_0_2_0&highlighted_blocks=27664004_389642105_0_2_0&matching_block_id=27664004_389642105_0_2_0&sr_pri_blocks=27664004_389642105_0_2_0__90078&from=searchresults
Catalonia Sagrada Familia,"Sant Martí, Barcelona",https://www.booking.com/hotel/es/cataloniaaragon.html?label=gen173nr-1BCAEoggI46AdSAnVzWARoRogBAZgBMbgBGcgBD9gBAegBAYgCAagCA7gC-NjpvAbAAgHSAiQ4ZGVlZWVhMi1mOTI5LTRmOWQtOTk0OC0xMzU5MWFkYWNlODjYAgXgAgE&sid=f990c8e44d8a49a026ee40f8b9e3b3a2&aid=304142&ucfs=1&arphpl=1&checkin=2025-02-09&checkout=2025-02-16&dest_id=-372490&dest_type=city&group_adults=2&req_adults=2&no_rooms=1&group_children=0&req_children=0&hpos=19&hapos=70&sr_order=popularity&srpvid=91357ea171dd08a0&srepoch=1738173645&all_sr_blocks=9058707_195192282_0_2_0&highlighted_blocks=9058707_195192282_0_2_0&matching_block_id=9058707_195192282_0_2_0&sr_pri_blocks=9058707_195192282_0_2_0__95700&from_sustainable_property_sr=1&from=searchresults
AC Hotel Sants by Marriott,"Sants-Montjuïc, Barcelona",https://www.booking.com/hotel/es/ac-sants.html?label=gen173nr-1BCAEoggI46AdSAnVzWARoRogBAZgBMbgBGcgBD9gBAegBAYgCAagCA7gC-NjpvAbAAgHSAiQ4ZGVlZWVhMi1mOTI5LTRmOWQtOTk0OC0xMzU5MWFkYWNlODjYAgXgAgE&sid=f990c8e44d8a49a026ee40f8b9e3b3a2&aid=304142&ucfs=1&arphpl=1&checkin=2025-02-09&checkout=2025-02-16&dest_id=-372490&dest_type=city&group_adults=2&req_adults=2&no_rooms=1&group_children=0&req_children=0&hpos=20&hapos=71&sr_order=popularity&srpvid=91357ea171dd08a0&srepoch=1738173645&all_sr_blocks=1786609_95142734_0_2_0&highlighted_blocks=1786609_95142734_0_2_0&matching_block_id=1786609_95142734_0_2_0&sr_pri_blocks=1786609_95142734_0_2_0__96608&from=searchresults
Casa Pince,"Ciutat Vella, Barcelona",https://www.booking.com/hotel/es/casa-pince.html?label=gen173nr-1BCAEoggI46AdSAnVzWARoRogBAZgBMbgBGcgBD9gBAegBAYgCAagCA7gC-NjpvAbAAgHSAiQ4ZGVlZWVhMi1mOTI5LTRmOWQtOTk0OC0xMzU5MWFkYWNlODjYAgXgAgE&sid=f990c8e44d8a49a026ee40f8b9e3b3a2&aid=304142&ucfs=1&arphpl=1&checkin=2025-02-09&checkout=2025-02-16&dest_id=-372490&dest_type=city&group_adults=2&req_adults=2&no_rooms=1&group_children=0&req_children=0&hpos=21&hapos=72&sr_order=popularity&srpvid=91357ea171dd08a0&srepoch=1738173645&all_sr_blocks=1144129102_387261874_2_42_0_244509&highlighted_blocks=1144129102_387261874_2_42_0_244509&matching_block_id=1144129102_387261874_2_42_0_244509&sr_pri_blocks=1144129102_387261874_2_42_0_244509_118013&from=searchresults
NH Collection Barcelona Constanza,"Les Corts, Barcelona",https://www.booking.com/hotel/es/nh-constanza.html?label=gen173nr-1BCAEoggI46AdSAnVzWARoRogBAZgBMbgBGcgBD9gBAegBAYgCAagCA7gC-NjpvAbAAgHSAiQ4ZGVlZWVhMi1mOTI5LTRmOWQtOTk0OC0xMzU5MWFkYWNlODjYAgXgAgE&sid=f990c8e44d8a49a026ee40f8b9e3b3a2&aid=304142&ucfs=1&arphpl=1&checkin=2025-02-09&checkout=2025-02-16&dest_id=-372490&dest_type=city&group_adults=2&req_adults=2&no_rooms=1&group_children=0&req_children=0&hpos=22&hapos=73&sr_order=popularity&srpvid=91357ea171dd08a0&srepoch=1738173645&all_sr_blocks=0_0_2_0_0&highlighted_blocks=0_0_2_0_0&matching_block_id=0_0_2_0_0&sr_pri_blocks=0_0_2_0_0__101678&from_sustainable_property_sr=1&from=searchresults
Axel Hotel Barcelona - Adults Only,"Eixample, Barcelona",https://www.booking.com/hotel/es/hotelaxelbarcelona.html?label=gen173nr-1BCAEoggI46AdSAnVzWARoRogBAZgBMbgBGcgBD9gBAegBAYgCAagCA7gC-NjpvAbAAgHSAiQ4ZGVlZWVhMi1mOTI5LTRmOWQtOTk0OC0xMzU5MWFkYWNlODjYAgXgAgE&sid=f990c8e44d8a49a026ee40f8b9e3b3a2&aid=304142&ucfs=1&arphpl=1&checkin=2025-02-09&checkout=2025-02-16&dest_id=-372490&dest_type=city&group_adults=2&req_adults=2&no_rooms=1&group_children=0&req_children=0&hpos=23&hapos=74&sr_order=popularity&srpvid=91357ea171dd08a0&srepoch=1738173645&all_sr_blocks=9124302_91462868_0_2_0&highlighted_blocks=9124302_91462868_0_2_0&matching_block_id=9124302_91462868_0_2_0&sr_pri_blocks=9124302_91462868_0_2_0__91115&from=searchresults
Hotel Market,"Eixample, Barcelona",https://www.booking.com/hotel/es/market.html?label=gen173nr-1BCAEoggI46AdSAnVzWARoRogBAZgBMbgBGcgBD9gBAegBAYgCAagCA7gC-NjpvAbAAgHSAiQ4ZGVlZWVhMi1mOTI5LTRmOWQtOTk0OC0xMzU5MWFkYWNlODjYAgXgAgE&sid=f990c8e44d8a49a026ee40f8b9e3b3a2&aid=304142&ucfs=1&arphpl=1&checkin=2025-02-09&checkout=2025-02-16&dest_id=-372490&dest_type=city&group_adults=2&req_adults=2&no_rooms=1&group_children=0&req_children=0&hpos=24&hapos=75&sr_order=popularity&srpvid=91357ea171dd08a0&srepoch=1738173645&all_sr_blocks=9411116_88195485_0_0_0&highlighted_blocks=9411116_88195485_0_0_0&matching_block_id=9411116_88195485_0_0_0&sr_pri_blocks=9411116_88195485_0_0_0__102531&from=searchresults
Europark,"Eixample, Barcelona",https://www.booking.com/hotel/es/europark.html?label=gen173nr-1BCAEoggI46AdSAnVzWARoRogBAZgBMbgBGcgBD9gBAegBAYgCAagCA7gC-NjpvAbAAgHSAiQ4ZGVlZWVhMi1mOTI5LTRmOWQtOTk0OC0xMzU5MWFkYWNlODjYAgXgAgE&sid=f990c8e44d8a49a026ee40f8b9e3b3a2&aid=304142&ucfs=1&arphpl=1&checkin=2025-02-09&checkout=2025-02-16&dest_id=-372490&dest_type=city&group_adults=2&req_adults=2&no_rooms=1&group_children=0&req_children=0&hpos=25&hapos=76&sr_order=popularity&srpvid=91357ea171dd08a0&srepoch=1738173645&all_sr_blocks=9022709_0_2_0_0&highlighted_blocks=9022709_0_2_0_0&matching_block_id=9022709_0_2_0_0&sr_pri_blocks=9022709_0_2_0_0__101053&from_sustainable_property_sr=1&from=searchresults
HCC Taber,"Eixample, Barcelona",https://www.booking.com/hotel/es/taber.html?label=gen173nr-1BCAEoggI46AdSAnVzWARoRogBAZgBMbgBGcgBD9gBAegBAYgCAagCA7gC-NjpvAbAAgHSAiQ4ZGVlZWVhMi1mOTI5LTRmOWQtOTk0OC0xMzU5MWFkYWNlODjYAgXgAgE&sid=f990c8e44d8a49a026ee40f8b9e3b3a2&aid=304142&ucfs=1&arphpl=1&checkin=2025-02-09&checkout=2025-02-16&dest_id=-372490&dest_type=city&group_adults=2&req_adults=2&no_rooms=1&group_children=0&req_children=0&hpos=1&hapos=77&sr_order=popularity&srpvid=91357ea171dd08a0&srepoch=1738173647&all_sr_blocks=0_0_2_0_0&highlighted_blocks=0_0_2_0_0&matching_block_id=0_0_2_0_0&sr_pri_blocks=0_0_2_0_0__85750&from_sustainable_property_sr=1&from=searchresults
Barceló Sants,"Sants-Montjuïc, Barcelona",https://www.booking.com/hotel/es/barcelo-sants.html?label=gen173nr-1BCAEoggI46AdSAnVzWARoRogBAZgBMbgBGcgBD9gBAegBAYgCAagCA7gC-NjpvAbAAgHSAiQ4ZGVlZWVhMi1mOTI5LTRmOWQtOTk0OC0xMzU5MWFkYWNlODjYAgXgAgE&sid=f990c8e44d8a49a026ee40f8b9e3b3a2&aid=304142&ucfs=1&arphpl=1&checkin=2025-02-09&checkout=2025-02-16&dest_id=-372490&dest_type=city&group_adults=2&req_adults=2&no_rooms=1&group_children=0&req_children=0&hpos=2&hapos=78&sr_order=popularity&srpvid=91357ea171dd08a0&srepoch=1738173647&all_sr_blocks=9263411_88192826_2_2_0&highlighted_blocks=9263411_88192826_2_2_0&matching_block_id=9263411_88192826_2_2_0&sr_pri_blocks=9263411_88192826_2_2_0__100128&from=searchresults
Hotel Vilamarí,"Eixample, Barcelona",https://www.booking.com/hotel/es/vilamari.html?label=gen173nr-1BCAEoggI46AdSAnVzWARoRogBAZgBMbgBGcgBD9gBAegBAYgCAagCA7gC-NjpvAbAAgHSAiQ4ZGVlZWVhMi1mOTI5LTRmOWQtOTk0OC0xMzU5MWFkYWNlODjYAgXgAgE&sid=f990c8e44d8a49a026ee40f8b9e3b3a2&aid=304142&ucfs=1&arphpl=1&checkin=2025-02-09&checkout=2025-02-16&dest_id=-372490&dest_type=city&group_adults=2&req_adults=2&no_rooms=1&group_children=0&req_children=0&hpos=3&hapos=79&sr_order=popularity&srpvid=91357ea171dd08a0&srepoch=1738173647&all_sr_blocks=0_0_2_0_0&highlighted_blocks=0_0_2_0_0&matching_block_id=0_0_2_0_0&sr_pri_blocks=0_0_2_0_0__84498&from=searchresults
Olivia Plaza Hotel,"Ciutat Vella, Barcelona",https://www.booking.com/hotel/es/olivia-plaza.html?label=gen173nr-1BCAEoggI46AdSAnVzWARoRogBAZgBMbgBGcgBD9gBAegBAYgCAagCA7gC-NjpvAbAAgHSAiQ4ZGVlZWVhMi1mOTI5LTRmOWQtOTk0OC0xMzU5MWFkYWNlODjYAgXgAgE&sid=f990c8e44d8a49a026ee40f8b9e3b3a2&aid=304142&ucfs=1&arphpl=1&checkin=2025-02-09&checkout=2025-02-16&dest_id=-372490&dest_type=city&group_adults=2&req_adults=2&no_rooms=1&group_children=0&req_children=0&hpos=4&hapos=80&sr_order=popularity&srpvid=91357ea171dd08a0&srepoch=1738173647&all_sr_blocks=9195204_88192048_2_2_0&highlighted_blocks=9195204_88192048_2_2_0&matching_block_id=9195204_88192048_2_2_0&sr_pri_blocks=9195204_88192048_2_2_0__168978&from=searchresults
Park Hotel,"Ciutat Vella, Barcelona",https://www.booking.com/hotel/es/park.html?label=gen173nr-1BCAEoggI46AdSAnVzWARoRogBAZgBMbgBGcgBD9gBAegBAYgCAagCA7gC-NjpvAbAAgHSAiQ4ZGVlZWVhMi1mOTI5LTRmOWQtOTk0OC0xMzU5MWFkYWNlODjYAgXgAgE&sid=f990c8e44d8a49a026ee40f8b9e3b3a2&aid=304142&ucfs=1&arphpl=1&checkin=2025-02-09&checkout=2025-02-16&dest_id=-372490&dest_type=city&group_adults=2&req_adults=2&no_rooms=1&group_children=0&req_children=0&hpos=5&hapos=81&sr_order=popularity&srpvid=91357ea171dd08a0&srepoch=1738173647&all_sr_blocks=0_0_2_0_0&highlighted_blocks=0_0_2_0_0&matching_block_id=0_0_2_0_0&sr_pri_blocks=0_0_2_0_0__83212&from=searchresults
Barceloneta Suites Apartments Market,"Ciutat Vella, Barcelona",https://www.booking.com/hotel/es/barceloneta-apartments-market.html?label=gen173nr-1BCAEoggI46AdSAnVzWARoRogBAZgBMbgBGcgBD9gBAegBAYgCAagCA7gC-NjpvAbAAgHSAiQ4ZGVlZWVhMi1mOTI5LTRmOWQtOTk0OC0xMzU5MWFkYWNlODjYAgXgAgE&sid=f990c8e44d8a49a026ee40f8b9e3b3a2&aid=304142&ucfs=1&arphpl=1&checkin=2025-02-09&checkout=2025-02-16&dest_id=-372490&dest_type=city&group_adults=2&req_adults=2&no_rooms=1&group_children=0&req_children=0&hpos=6&hapos=82&sr_order=popularity&srpvid=91357ea171dd08a0&srepoch=1738173647&all_sr_blocks=314961103_335601016_2_0_0&highlighted_blocks=314961103_335601016_2_0_0&matching_block_id=314961103_335601016_2_0_0&sr_pri_blocks=314961103_335601016_2_0_0__93332&from=searchresults
Hotel Granvia,"Eixample, Barcelona",https://www.booking.com/hotel/es/granviabarcelona.html?label=gen173nr-1BCAEoggI46AdSAnVzWARoRogBAZgBMbgBGcgBD9gBAegBAYgCAagCA7gC-NjpvAbAAgHSAiQ4ZGVlZWVhMi1mOTI5LTRmOWQtOTk0OC0xMzU5MWFkYWNlODjYAgXgAgE&sid=f990c8e44d8a49a026ee40f8b9e3b3a2&aid=304142&ucfs=1&arphpl=1&checkin=2025-02-09&checkout=2025-02-16&dest_id=-372490&dest_type=city&group_adults=2&req_adults=2&no_rooms=1&group_children=0&req_children=0&hpos=7&hapos=83&sr_order=popularity&srpvid=91357ea171dd08a0&srepoch=1738173647&all_sr_blocks=9158702_0_2_0_0&highlighted_blocks=9158702_0_2_0_0&matching_block_id=9158702_0_2_0_0&sr_pri_blocks=9158702_0_2_0_0__131955&from_sustainable_property_sr=1&from=searchresults
Novotel Barcelona City,"Sant Martí, Barcelona",https://www.booking.com/hotel/es/novotel-barcelona-city.html?label=gen173nr-1BCAEoggI46AdSAnVzWARoRogBAZgBMbgBGcgBD9gBAegBAYgCAagCA7gC-NjpvAbAAgHSAiQ4ZGVlZWVhMi1mOTI5LTRmOWQtOTk0OC0xMzU5MWFkYWNlODjYAgXgAgE&sid=f990c8e44d8a49a026ee40f8b9e3b3a2&aid=304142&ucfs=1&arphpl=1&checkin=2025-02-09&checkout=2025-02-16&dest_id=-372490&dest_type=city&group_adults=2&req_adults=2&no_rooms=1&group_children=0&req_children=0&hpos=8&hapos=84&sr_order=popularity&srpvid=91357ea171dd08a0&srepoch=1738173647&all_sr_blocks=18941701_93714692_2_42_0&highlighted_blocks=18941701_93714692_2_42_0&matching_block_id=18941701_93714692_2_42_0&sr_pri_blocks=18941701_93714692_2_42_0__105803&from_sustainable_property_sr=1&from=searchresults
Eurostars Monumental,"Eixample, Barcelona",https://www.booking.com/hotel/es/eurostars-monumental.html?label=gen173nr-1BCAEoggI46AdSAnVzWARoRogBAZgBMbgBGcgBD9gBAegBAYgCAagCA7gC-NjpvAbAAgHSAiQ4ZGVlZWVhMi1mOTI5LTRmOWQtOTk0OC0xMzU5MWFkYWNlODjYAgXgAgE&sid=f990c8e44d8a49a026ee40f8b9e3b3a2&aid=304142&ucfs=1&arphpl=1&checkin=2025-02-09&checkout=2025-02-16&dest_id=-372490&dest_type=city&group_adults=2&req_adults=2&no_rooms=1&group_children=0&req_children=0&hpos=9&hapos=85&sr_order=popularity&srpvid=91357ea171dd08a0&srepoch=1738173647&all_sr_blocks=9120002_91462874_2_2_0&highlighted_blocks=9120002_91462874_2_2_0&matching_block_id=9120002_91462874_2_2_0&sr_pri_blocks=9120002_91462874_2_2_0__105491&from_sustainable_property_sr=1&from=searchresults
Negresco Princess 4* Sup,"Eixample, Barcelona",https://www.booking.com/hotel/es/negresco-princess.html?label=gen173nr-1BCAEoggI46AdSAnVzWARoRogBAZgBMbgBGcgBD9gBAegBAYgCAagCA7gC-NjpvAbAAgHSAiQ4ZGVlZWVhMi1mOTI5LTRmOWQtOTk0OC0xMzU5MWFkYWNlODjYAgXgAgE&sid=f990c8e44d8a49a026ee40f8b9e3b3a2&aid=304142&ucfs=1&arphpl=1&checkin=2025-02-09&checkout=2025-02-16&dest_id=-372490&dest_type=city&group_adults=2&req_adults=2&no_rooms=1&group_children=0&req_children=0&hpos=10&hapos=86&sr_order=popularity&srpvid=91357ea171dd08a0&srepoch=1738173647&all_sr_blocks=155800906_0_2_0_0&highlighted_blocks=155800906_0_2_0_0&matching_block_id=155800906_0_2_0_0&sr_pri_blocks=155800906_0_2_0_0__102262&from_sustainable_property_sr=1&from=searchresults
NH Barcelona Les Corts,"Les Corts, Barcelona",https://www.booking.com/hotel/es/nhlescorts.html?label=gen173nr-1BCAEoggI46AdSAnVzWARoRogBAZgBMbgBGcgBD9gBAegBAYgCAagCA7gC-NjpvAbAAgHSAiQ4ZGVlZWVhMi1mOTI5LTRmOWQtOTk0OC0xMzU5MWFkYWNlODjYAgXgAgE&sid=f990c8e44d8a49a026ee40f8b9e3b3a2&aid=304142&ucfs=1&arphpl=1&checkin=2025-02-09&checkout=2025-02-16&dest_id=-372490&dest_type=city&group_adults=2&req_adults=2&no_rooms=1&group_children=0&req_children=0&hpos=11&hapos=87&sr_order=popularity&srpvid=91357ea171dd08a0&srepoch=1738173647&all_sr_blocks=9077716_93709046_0_2_0&highlighted_blocks=9077716_93709046_0_2_0&matching_block_id=9077716_93709046_0_2_0&sr_pri_blocks=9077716_93709046_0_2_0__90753&from_sustainable_property_sr=1&from=searchresults
Catalonia Square 4* Sup,"Eixample, Barcelona",https://www.booking.com/hotel/es/catalonia-square.html?label=gen173nr-1BCAEoggI46AdSAnVzWARoRogBAZgBMbgBGcgBD9gBAegBAYgCAagCA7gC-NjpvAbAAgHSAiQ4ZGVlZWVhMi1mOTI5LTRmOWQtOTk0OC0xMzU5MWFkYWNlODjYAgXgAgE&sid=f990c8e44d8a49a026ee40f8b9e3b3a2&aid=304142&ucfs=1&arphpl=1&checkin=2025-02-09&checkout=2025-02-16&dest_id=-372490&dest_type=city&group_adults=2&req_adults=2&no_rooms=1&group_children=0&req_children=0&hpos=12&hapos=88&sr_order=popularity&srpvid=91357ea171dd08a0&srepoch=1738173647&all_sr_blocks=86735301_338882505_0_2_0&highlighted_blocks=86735301_338882505_0_2_0&matching_block_id=86735301_338882505_0_2_0&sr_pri_blocks=86735301_338882505_0_2_0__138778&from_sustainable_property_sr=1&from=searchresults
Petit Palace Museum,"Eixample, Barcelona",https://www.booking.com/hotel/es/petit-palace-museum.html?label=gen173nr-1BCAEoggI46AdSAnVzWARoRogBAZgBMbgBGcgBD9gBAegBAYgCAagCA7gC-NjpvAbAAgHSAiQ4ZGVlZWVhMi1mOTI5LTRmOWQtOTk0OC0xMzU5MWFkYWNlODjYAgXgAgE&sid=f990c8e44d8a49a026ee40f8b9e3b3a2&aid=304142&ucfs=1&arphpl=1&checkin=2025-02-09&checkout=2025-02-16&dest_id=-372490&dest_type=city&group_adults=2&req_adults=2&no_rooms=1&group_children=0&req_children=0&hpos=13&hapos=89&sr_order=popularity&srpvid=91357ea171dd08a0&srepoch=1738173647&all_sr_blocks=9435202_88195831_2_2_0_182280&highlighted_blocks=9435202_88195831_2_2_0_182280&matching_block_id=9435202_88195831_2_2_0_182280&sr_pri_blocks=9435202_88195831_2_2_0_182280_104403&from=searchresults
Eco Boutique Hostal Grau,"Ciutat Vella, Barcelona",https://www.booking.com/hotel/es/hosteria-grau.html?label=gen173nr-1BCAEoggI46AdSAnVzWARoRogBAZgBMbgBGcgBD9gBAegBAYgCAagCA7gC-NjpvAbAAgHSAiQ4ZGVlZWVhMi1mOTI5LTRmOWQtOTk0OC0xMzU5MWFkYWNlODjYAgXgAgE&sid=f990c8e44d8a49a026ee40f8b9e3b3a2&aid=304142&ucfs=1&arphpl=1&checkin=2025-02-09&checkout=2025-02-16&dest_id=-372490&dest_type=city&group_adults=2&req_adults=2&no_rooms=1&group_children=0&req_children=0&hpos=14&hapos=90&sr_order=popularity&srpvid=91357ea171dd08a0&srepoch=1738173647&all_sr_blocks=9352107_91908471_2_2_0&highlighted_blocks=9352107_91908471_2_2_0&matching_block_id=9352107_91908471_2_2_0&sr_pri_blocks=9352107_91908471_2_2_0__98450&from_sustainable_property_sr=1&from=searchresults
Grums Hotel & Spa,"Sants-Montjuïc, Barcelona",https://www.booking.com/hotel/es/grums-barcelona.html?label=gen173nr-1BCAEoggI46AdSAnVzWARoRogBAZgBMbgBGcgBD9gBAegBAYgCAagCA7gC-NjpvAbAAgHSAiQ4ZGVlZWVhMi1mOTI5LTRmOWQtOTk0OC0xMzU5MWFkYWNlODjYAgXgAgE&sid=f990c8e44d8a49a026ee40f8b9e3b3a2&aid=304142&ucfs=1&arphpl=1&checkin=2025-02-09&checkout=2025-02-16&dest_id=-372490&dest_type=city&group_adults=2&req_adults=2&no_rooms=1&group_children=0&req_children=0&hpos=15&hapos=91&sr_order=popularity&srpvid=91357ea171dd08a0&srepoch=1738173647&all_sr_blocks=27845801_373076840_2_2_0&highlighted_blocks=27845801_373076840_2_2_0&matching_block_id=27845801_373076840_2_2_0&sr_pri_blocks=27845801_373076840_2_2_0__114378&from=searchresults
Catalonia Ramblas 4* Sup,"Ciutat Vella, Barcelona",https://www.booking.com/hotel/es/catalonia-ramblas.html?label=gen173nr-1BCAEoggI46AdSAnVzWARoRogBAZgBMbgBGcgBD9gBAegBAYgCAagCA7gC-NjpvAbAAgHSAiQ4ZGVlZWVhMi1mOTI5LTRmOWQtOTk0OC0xMzU5MWFkYWNlODjYAgXgAgE&sid=f990c8e44d8a49a026ee40f8b9e3b3a2&aid=304142&ucfs=1&arphpl=1&checkin=2025-02-09&checkout=2025-02-16&dest_id=-372490&dest_type=city&group_adults=2&req_adults=2&no_rooms=1&group_children=0&req_children=0&hpos=16&hapos=92&sr_order=popularity&srpvid=91357ea171dd08a0&srepoch=1738173647&all_sr_blocks=9343016_204271584_0_2_0&highlighted_blocks=9343016_204271584_0_2_0&matching_block_id=9343016_204271584_0_2_0&sr_pri_blocks=9343016_204271584_0_2_0__127778&from_sustainable_property_sr=1&from=searchresults
Catalonia Portal de l'Angel,"Ciutat Vella, Barcelona",https://www.booking.com/hotel/es/cataloniaalbinioni.html?label=gen173nr-1BCAEoggI46AdSAnVzWARoRogBAZgBMbgBGcgBD9gBAegBAYgCAagCA7gC-NjpvAbAAgHSAiQ4ZGVlZWVhMi1mOTI5LTRmOWQtOTk0OC0xMzU5MWFkYWNlODjYAgXgAgE&sid=f990c8e44d8a49a026ee40f8b9e3b3a2&aid=304142&ucfs=1&arphpl=1&checkin=2025-02-09&checkout=2025-02-16&dest_id=-372490&dest_type=city&group_adults=2&req_adults=2&no_rooms=1&group_children=0&req_children=0&hpos=17&hapos=93&sr_order=popularity&srpvid=91357ea171dd08a0&srepoch=1738173647&all_sr_blocks=9058410_194609273_0_2_0&highlighted_blocks=9058410_194609273_0_2_0&matching_block_id=9058410_194609273_0_2_0&sr_pri_blocks=9058410_194609273_0_2_0__120700&from_sustainable_property_sr=1&from=searchresults
Catalonia Born,"Ciutat Vella, Barcelona",https://www.booking.com/hotel/es/cataloniaborn.html?label=gen173nr-1BCAEoggI46AdSAnVzWARoRogBAZgBMbgBGcgBD9gBAegBAYgCAagCA7gC-NjpvAbAAgHSAiQ4ZGVlZWVhMi1mOTI5LTRmOWQtOTk0OC0xMzU5MWFkYWNlODjYAgXgAgE&sid=f990c8e44d8a49a026ee40f8b9e3b3a2&aid=304142&ucfs=1&arphpl=1&checkin=2025-02-09&checkout=2025-02-16&dest_id=-372490&dest_type=city&group_adults=2&req_adults=2&no_rooms=1&group_children=0&req_children=0&hpos=18&hapos=94&sr_order=popularity&srpvid=91357ea171dd08a0&srepoch=1738173647&all_sr_blocks=9058609_194604655_0_2_0&highlighted_blocks=9058609_194604655_0_2_0&matching_block_id=9058609_194604655_0_2_0&sr_pri_blocks=9058609_194604655_0_2_0__103778&from_sustainable_property_sr=1&from=searchresults
Hotel Regina Barcelona,"Eixample, Barcelona",https://www.booking.com/hotel/es/hotel-regina.html?label=gen173nr-1BCAEoggI46AdSAnVzWARoRogBAZgBMbgBGcgBD9gBAegBAYgCAagCA7gC-NjpvAbAAgHSAiQ4ZGVlZWVhMi1mOTI5LTRmOWQtOTk0OC0xMzU5MWFkYWNlODjYAgXgAgE&sid=f990c8e44d8a49a026ee40f8b9e3b3a2&aid=304142&ucfs=1&arphpl=1&checkin=2025-02-09&checkout=2025-02-16&dest_id=-372490&dest_type=city&group_adults=2&req_adults=2&no_rooms=1&group_children=0&req_children=0&hpos=19&hapos=95&sr_order=popularity&srpvid=91357ea171dd08a0&srepoch=1738173647&all_sr_blocks=9223702_88192241_2_2_0&highlighted_blocks=9223702_88192241_2_2_0&matching_block_id=9223702_88192241_2_2_0&sr_pri_blocks=9223702_88192241_2_2_0__114528&from=searchresults
Barceló Raval,"Ciutat Vella, Barcelona",https://www.booking.com/hotel/es/raval.html?label=gen173nr-1BCAEoggI46AdSAnVzWARoRogBAZgBMbgBGcgBD9gBAegBAYgCAagCA7gC-NjpvAbAAgHSAiQ4ZGVlZWVhMi1mOTI5LTRmOWQtOTk0OC0xMzU5MWFkYWNlODjYAgXgAgE&sid=f990c8e44d8a49a026ee40f8b9e3b3a2&aid=304142&ucfs=1&arphpl=1&checkin=2025-02-09&checkout=2025-02-16&dest_id=-372490&dest_type=city&group_adults=2&req_adults=2&no_rooms=1&group_children=0&req_children=0&hpos=20&hapos=96&sr_order=popularity&srpvid=91357ea171dd08a0&srepoch=1738173647&all_sr_blocks=1269711_95136258_2_2_0&highlighted_blocks=1269711_95136258_2_2_0&matching_block_id=1269711_95136258_2_2_0&sr_pri_blocks=1269711_95136258_2_2_0__87618&from=searchresults
Capri by Fraser Barcelona,"Sant Martí, Barcelona",https://www.booking.com/hotel/es/capri-by-fraser.html?label=gen173nr-1BCAEoggI46AdSAnVzWARoRogBAZgBMbgBGcgBD9gBAegBAYgCAagCA7gC-NjpvAbAAgHSAiQ4ZGVlZWVhMi1mOTI5LTRmOWQtOTk0OC0xMzU5MWFkYWNlODjYAgXgAgE&sid=f990c8e44d8a49a026ee40f8b9e3b3a2&aid=304142&ucfs=1&arphpl=1&checkin=2025-02-09&checkout=2025-02-16&dest_id=-372490&dest_type=city&group_adults=2&req_adults=2&no_rooms=1&group_children=0&req_children=0&hpos=21&hapos=97&sr_order=popularity&srpvid=91357ea171dd08a0&srepoch=1738173647&all_sr_blocks=1855313_361664288_2_2_0&highlighted_blocks=1855313_361664288_2_2_0&matching_block_id=1855313_361664288_2_2_0&sr_pri_blocks=1855313_361664288_2_2_0__97052&from=searchresults
"The Hoxton, Poblenou","Sant Martí, Barcelona",https://www.booking.com/hotel/es/the-hoxton-poblenou.html?label=gen173nr-1BCAEoggI46AdSAnVzWARoRogBAZgBMbgBGcgBD9gBAegBAYgCAagCA7gC-NjpvAbAAgHSAiQ4ZGVlZWVhMi1mOTI5LTRmOWQtOTk0OC0xMzU5MWFkYWNlODjYAgXgAgE&sid=f990c8e44d8a49a026ee40f8b9e3b3a2&aid=304142&ucfs=1&arphpl=1&checkin=2025-02-09&checkout=2025-02-16&dest_id=-372490&dest_type=city&group_adults=2&req_adults=2&no_rooms=1&group_children=0&req_children=0&hpos=22&hapos=98&sr_order=popularity&srpvid=91357ea171dd08a0&srepoch=1738173647&all_sr_blocks=9160024_352734472_0_2_0_682280&highlighted_blocks=9160024_352734472_0_2_0_682280&matching_block_id=9160024_352734472_0_2_0_682280&sr_pri_blocks=9160024_352734472_0_2_0_682280_138778&from_sustainable_property_sr=1&from=searchresults
Sixties Ramblas,"Ciutat Vella, Barcelona",https://www.booking.com/hotel/es/apartahotel-gutenberg.html?label=gen173nr-1BCAEoggI46AdSAnVzWARoRogBAZgBMbgBGcgBD9gBAegBAYgCAagCA7gC-NjpvAbAAgHSAiQ4ZGVlZWVhMi1mOTI5LTRmOWQtOTk0OC0xMzU5MWFkYWNlODjYAgXgAgE&sid=f990c8e44d8a49a026ee40f8b9e3b3a2&aid=304142&ucfs=1&arphpl=1&checkin=2025-02-09&checkout=2025-02-16&dest_id=-372490&dest_type=city&group_adults=2&req_adults=2&no_rooms=1&group_children=0&req_children=0&hpos=23&hapos=99&sr_order=popularity&srpvid=91357ea171dd08a0&srepoch=1738173647&all_sr_blocks=1444308_95139055_0_2_0&highlighted_blocks=1444308_95139055_0_2_0&matching_block_id=1444308_95139055_0_2_0&sr_pri_blocks=1444308_95139055_0_2_0__96310&from=searchresults
Hotel Casa Sagnier,"Eixample, Barcelona",https://www.booking.com/hotel/es/casa-sagnier.html?label=gen173nr-1BCAEoggI46AdSAnVzWARoRogBAZgBMbgBGcgBD9gBAegBAYgCAagCA7gC-NjpvAbAAgHSAiQ4ZGVlZWVhMi1mOTI5LTRmOWQtOTk0OC0xMzU5MWFkYWNlODjYAgXgAgE&sid=f990c8e44d8a49a026ee40f8b9e3b3a2&aid=304142&ucfs=1&arphpl=1&checkin=2025-02-09&checkout=2025-02-16&dest_id=-372490&dest_type=city&group_adults=2&req_adults=2&no_rooms=1&group_children=0&req_children=0&hpos=24&hapos=100&sr_order=popularity&srpvid=91357ea171dd08a0&srepoch=1738173647&all_sr_blocks=806003603_357532548_2_2_0&highlighted_blocks=806003603_357532548_2_2_0&matching_block_id=806003603_357532548_2_2_0&sr_pri_blocks=806003603_357532548_2_2_0__205398&from=searchresults
The Social Hub Barcelona Poblenou,"Sant Martí, Barcelona",https://www.booking.com/hotel/es/the-social-hub-barcelona-poblenou.html?label=gen173nr-1BCAEoggI46AdSAnVzWARoRogBAZgBMbgBGcgBD9gBAegBAYgCAagCA7gC-NjpvAbAAgHSAiQ4ZGVlZWVhMi1mOTI5LTRmOWQtOTk0OC0xMzU5MWFkYWNlODjYAgXgAgE&sid=f990c8e44d8a49a026ee40f8b9e3b3a2&aid=304142&ucfs=1&arphpl=1&checkin=2025-02-09&checkout=2025-02-16&dest_id=-372490&dest_type=city&group_adults=2&req_adults=2&no_rooms=1&group_children=0&req_children=0&hpos=25&hapos=101&sr_order=popularity&srpvid=91357ea171dd08a0&srepoch=1738173647&all_sr_blocks=910251301_362254989_0_42_0&highlighted_blocks=910251301_362254989_0_42_0&matching_block_id=910251301_362254989_0_42_0&sr_pri_blocks=910251301_362254989_0_42_0__110840&from=searchresults
Catalonia Gracia,"Eixample, Barcelona",https://www.booking.com/hotel/es/cataloniacorcega.html?label=gen173nr-1BCAEoggI46AdSAnVzWARoRogBAZgBMbgBGcgBD9gBAegBAYgCAagCA7gC-NjpvAbAAgHSAiQ4ZGVlZWVhMi1mOTI5LTRmOWQtOTk0OC0xMzU5MWFkYWNlODjYAgXgAgE&sid=f990c8e44d8a49a026ee40f8b9e3b3a2&aid=304142&ucfs=1&arphpl=1&checkin=2025-02-09&checkout=2025-02-16&dest_id=-372490&dest_type=city&group_adults=2&req_adults=2&no_rooms=1&group_children=0&req_children=0&hpos=1&hapos=102&sr_order=popularity&srpvid=91357ea171dd08a0&srepoch=1738173648&all_sr_blocks=9058305_194613233_0_2_0&highlighted_blocks=9058305_194613233_0_2_0&matching_block_id=9058305_194613233_0_2_0&sr_pri_blocks=9058305_194613233_0_2_0__108778&from_sustainable_property_sr=1&from=searchresults
Hotel Nuevo Triunfo,"Sants-Montjuïc, Barcelona",https://www.booking.com/hotel/es/nuevotriunfo.html?label=gen173nr-1BCAEoggI46AdSAnVzWARoRogBAZgBMbgBGcgBD9gBAegBAYgCAagCA7gC-NjpvAbAAgHSAiQ4ZGVlZWVhMi1mOTI5LTRmOWQtOTk0OC0xMzU5MWFkYWNlODjYAgXgAgE&sid=f990c8e44d8a49a026ee40f8b9e3b3a2&aid=304142&ucfs=1&arphpl=1&checkin=2025-02-09&checkout=2025-02-16&dest_id=-372490&dest_type=city&group_adults=2&req_adults=2&no_rooms=1&group_children=0&req_children=0&hpos=2&hapos=103&sr_order=popularity&srpvid=91357ea171dd08a0&srepoch=1738173648&all_sr_blocks=9037403_0_2_0_0&highlighted_blocks=9037403_0_2_0_0&matching_block_id=9037403_0_2_0_0&sr_pri_blocks=9037403_0_2_0_0__83679&from=searchresults
Ilunion Almirante,"Ciutat Vella, Barcelona",https://www.booking.com/hotel/es/almirante.html?label=gen173nr-1BCAEoggI46AdSAnVzWARoRogBAZgBMbgBGcgBD9gBAegBAYgCAagCA7gC-NjpvAbAAgHSAiQ4ZGVlZWVhMi1mOTI5LTRmOWQtOTk0OC0xMzU5MWFkYWNlODjYAgXgAgE&sid=f990c8e44d8a49a026ee40f8b9e3b3a2&aid=304142&ucfs=1&arphpl=1&checkin=2025-02-09&checkout=2025-02-16&dest_id=-372490&dest_type=city&group_adults=2&req_adults=2&no_rooms=1&group_children=0&req_children=0&hpos=3&hapos=104&sr_order=popularity&srpvid=91357ea171dd08a0&srepoch=1738173648&all_sr_blocks=9005002_0_2_0_0&highlighted_blocks=9005002_0_2_0_0&matching_block_id=9005002_0_2_0_0&sr_pri_blocks=9005002_0_2_0_0__89611&from=searchresults
Catalonia Barcelona Plaza,"Sants-Montjuïc, Barcelona",https://www.booking.com/hotel/es/cataloniabarcelonaplaza.html?label=gen173nr-1BCAEoggI46AdSAnVzWARoRogBAZgBMbgBGcgBD9gBAegBAYgCAagCA7gC-NjpvAbAAgHSAiQ4ZGVlZWVhMi1mOTI5LTRmOWQtOTk0OC0xMzU5MWFkYWNlODjYAgXgAgE&sid=f990c8e44d8a49a026ee40f8b9e3b3a2&aid=304142&ucfs=1&arphpl=1&checkin=2025-02-09&checkout=2025-02-16&dest_id=-372490&dest_type=city&group_adults=2&req_adults=2&no_rooms=1&group_children=0&req_children=0&hpos=4&hapos=105&sr_order=popularity&srpvid=91357ea171dd08a0&srepoch=1738173648&all_sr_blocks=9058208_194624145_0_34_0&highlighted_blocks=9058208_194624145_0_34_0&matching_block_id=9058208_194624145_0_34_0&sr_pri_blocks=9058208_194624145_0_34_0__113778&from_sustainable_property_sr=1&from=searchresults
NH Collection Barcelona Gran Hotel Calderon,"Eixample, Barcelona",https://www.booking.com/hotel/es/nhcalderon.html?label=gen173nr-1BCAEoggI46AdSAnVzWARoRogBAZgBMbgBGcgBD9gBAegBAYgCAagCA7gC-NjpvAbAAgHSAiQ4ZGVlZWVhMi1mOTI5LTRmOWQtOTk0OC0xMzU5MWFkYWNlODjYAgXgAgE&sid=f990c8e44d8a49a026ee40f8b9e3b3a2&aid=304142&ucfs=1&arphpl=1&checkin=2025-02-09&checkout=2025-02-16&dest_id=-372490&dest_type=city&group_adults=2&req_adults=2&no_rooms=1&group_children=0&req_children=0&hpos=5&hapos=106&sr_order=popularity&srpvid=91357ea171dd08a0&srepoch=1738173648&all_sr_blocks=9035905_93708810_0_2_0&highlighted_blocks=9035905_93708810_0_2_0&matching_block_id=9035905_93708810_0_2_0&sr_pri_blocks=9035905_93708810_0_2_0__146001&from_sustainable_property_sr=1&from=searchresults
Hotel Royal Passeig de Gracia,"Eixample, Barcelona",https://www.booking.com/hotel/es/royal-passeig-de-gracia.html?label=gen173nr-1BCAEoggI46AdSAnVzWARoRogBAZgBMbgBGcgBD9gBAegBAYgCAagCA7gC-NjpvAbAAgHSAiQ4ZGVlZWVhMi1mOTI5LTRmOWQtOTk0OC0xMzU5MWFkYWNlODjYAgXgAgE&sid=f990c8e44d8a49a026ee40f8b9e3b3a2&aid=304142&ucfs=1&arphpl=1&checkin=2025-02-09&checkout=2025-02-16&dest_id=-372490&dest_type=city&group_adults=2&req_adults=2&no_rooms=1&group_children=0&req_children=0&hpos=6&hapos=107&sr_order=popularity&srpvid=91357ea171dd08a0&srepoch=1738173648&all_sr_blocks=48280809_0_2_0_0&highlighted_blocks=48280809_0_2_0_0&matching_block_id=48280809_0_2_0_0&sr_pri_blocks=48280809_0_2_0_0__109756&from_sustainable_property_sr=1&from=searchresults
"Alexandra Barcelona Hotel, Curio Collection by Hilton","Eixample, Barcelona",https://www.booking.com/hotel/es/alexandra.html?label=gen173nr-1BCAEoggI46AdSAnVzWARoRogBAZgBMbgBGcgBD9gBAegBAYgCAagCA7gC-NjpvAbAAgHSAiQ4ZGVlZWVhMi1mOTI5LTRmOWQtOTk0OC0xMzU5MWFkYWNlODjYAgXgAgE&sid=f990c8e44d8a49a026ee40f8b9e3b3a2&aid=304142&ucfs=1&arphpl=1&checkin=2025-02-09&checkout=2025-02-16&dest_id=-372490&dest_type=city&group_adults=2&req_adults=2&no_rooms=1&group_children=0&req_children=0&hpos=7&hapos=108&sr_order=popularity&srpvid=91357ea171dd08a0&srepoch=1738173648&all_sr_blocks=9071625_93708958_2_42_0&highlighted_blocks=9071625_93708958_2_42_0&matching_block_id=9071625_93708958_2_42_0&sr_pri_blocks=9071625_93708958_2_42_0__112085&from_sustainable_property_sr=1&from=searchresults
La França Travellers Adults Only,"Sants-Montjuïc, Barcelona",https://www.booking.com/hotel/es/la-franca.html?label=gen173nr-1BCAEoggI46AdSAnVzWARoRogBAZgBMbgBGcgBD9gBAegBAYgCAagCA7gC-NjpvAbAAgHSAiQ4ZGVlZWVhMi1mOTI5LTRmOWQtOTk0OC0xMzU5MWFkYWNlODjYAgXgAgE&sid=f990c8e44d8a49a026ee40f8b9e3b3a2&aid=304142&ucfs=1&arphpl=1&checkin=2025-02-09&checkout=2025-02-16&dest_id=-372490&dest_type=city&group_adults=2&req_adults=2&no_rooms=1&group_children=0&req_children=0&hpos=8&hapos=109&sr_order=popularity&srpvid=91357ea171dd08a0&srepoch=1738173648&all_sr_blocks=90125606_391046207_2_2_0_670423&highlighted_blocks=90125606_391046207_2_2_0_670423&matching_block_id=90125606_391046207_2_2_0_670423&sr_pri_blocks=90125606_391046207_2_2_0_670423_80945&from=searchresults
Catalonia Gran Via BCN,"Eixample, Barcelona",https://www.booking.com/hotel/es/catalonia-gran-via-bcn.html?label=gen173nr-1BCAEoggI46AdSAnVzWARoRogBAZgBMbgBGcgBD9gBAegBAYgCAagCA7gC-NjpvAbAAgHSAiQ4ZGVlZWVhMi1mOTI5LTRmOWQtOTk0OC0xMzU5MWFkYWNlODjYAgXgAgE&sid=f990c8e44d8a49a026ee40f8b9e3b3a2&aid=304142&ucfs=1&arphpl=1&checkin=2025-02-09&checkout=2025-02-16&dest_id=-372490&dest_type=city&group_adults=2&req_adults=2&no_rooms=1&group_children=0&req_children=0&hpos=9&hapos=110&sr_order=popularity&srpvid=91357ea171dd08a0&srepoch=1738173648&all_sr_blocks=47494009_194582169_0_2_0&highlighted_blocks=47494009_194582169_0_2_0&matching_block_id=47494009_194582169_0_2_0&sr_pri_blocks=47494009_194582169_0_2_0__105278&from_sustainable_property_sr=1&from=searchresults
Hotel America Barcelona,"Eixample, Barcelona",https://www.booking.com/hotel/es/america-barcelona.html?label=gen173nr-1BCAEoggI46AdSAnVzWARoRogBAZgBMbgBGcgBD9gBAegBAYgCAagCA7gC-NjpvAbAAgHSAiQ4ZGVlZWVhMi1mOTI5LTRmOWQtOTk0OC0xMzU5MWFkYWNlODjYAgXgAgE&sid=f990c8e44d8a49a026ee40f8b9e3b3a2&aid=304142&ucfs=1&arphpl=1&checkin=2025-02-09&checkout=2025-02-16&dest_id=-372490&dest_type=city&group_adults=2&req_adults=2&no_rooms=1&group_children=0&req_children=0&hpos=10&hapos=111&sr_order=popularity&srpvid=91357ea171dd08a0&srepoch=1738173648&all_sr_blocks=9192301_0_2_0_0&highlighted_blocks=9192301_0_2_0_0&matching_block_id=9192301_0_2_0_0&sr_pri_blocks=9192301_0_2_0_0__101529&from=searchresults
Ako Suites Hotel,"Eixample, Barcelona",https://www.booking.com/hotel/es/ako-suites.html?label=gen173nr-1BCAEoggI46AdSAnVzWARoRogBAZgBMbgBGcgBD9gBAegBAYgCAagCA7gC-NjpvAbAAgHSAiQ4ZGVlZWVhMi1mOTI5LTRmOWQtOTk0OC0xMzU5MWFkYWNlODjYAgXgAgE&sid=f990c8e44d8a49a026ee40f8b9e3b3a2&aid=304142&ucfs=1&arphpl=1&checkin=2025-02-09&checkout=2025-02-16&dest_id=-372490&dest_type=city&group_adults=2&req_adults=2&no_rooms=1&group_children=0&req_children=0&hpos=11&hapos=112&sr_order=popularity&srpvid=91357ea171dd08a0&srepoch=1738173648&all_sr_blocks=32198606_179923810_2_2_0&highlighted_blocks=32198606_179923810_2_2_0&matching_block_id=32198606_179923810_2_2_0&sr_pri_blocks=32198606_179923810_2_2_0__107103&from=searchresults
Sunotel Aston,"Eixample, Barcelona",https://www.booking.com/hotel/es/astonbarcelona.html?label=gen173nr-1BCAEoggI46AdSAnVzWARoRogBAZgBMbgBGcgBD9gBAegBAYgCAagCA7gC-NjpvAbAAgHSAiQ4ZGVlZWVhMi1mOTI5LTRmOWQtOTk0OC0xMzU5MWFkYWNlODjYAgXgAgE&sid=f990c8e44d8a49a026ee40f8b9e3b3a2&aid=304142&ucfs=1&arphpl=1&checkin=2025-02-09&checkout=2025-02-16&dest_id=-372490&dest_type=city&group_adults=2&req_adults=2&no_rooms=1&group_children=0&req_children=0&hpos=12&hapos=113&sr_order=popularity&srpvid=91357ea171dd08a0&srepoch=1738173648&all_sr_blocks=9122217_116249042_2_2_0&highlighted_blocks=9122217_116249042_2_2_0&matching_block_id=9122217_116249042_2_2_0&sr_pri_blocks=9122217_116249042_2_2_0__86170&from=searchresults
Catalonia Magdalenes,"Ciutat Vella, Barcelona",https://www.booking.com/hotel/es/catalonia-magdalenes.html?label=gen173nr-1BCAEoggI46AdSAnVzWARoRogBAZgBMbgBGcgBD9gBAegBAYgCAagCA7gC-NjpvAbAAgHSAiQ4ZGVlZWVhMi1mOTI5LTRmOWQtOTk0OC0xMzU5MWFkYWNlODjYAgXgAgE&sid=f990c8e44d8a49a026ee40f8b9e3b3a2&aid=304142&ucfs=1&arphpl=1&checkin=2025-02-09&checkout=2025-02-16&dest_id=-372490&dest_type=city&group_adults=2&req_adults=2&no_rooms=1&group_children=0&req_children=0&hpos=13&hapos=114&sr_order=popularity&srpvid=91357ea171dd08a0&srepoch=1738173648&all_sr_blocks=170067801_89952125_0_2_0&highlighted_blocks=170067801_89952125_0_2_0&matching_block_id=170067801_89952125_0_2_0&sr_pri_blocks=170067801_89952125_0_2_0__135778&from_sustainable_property_sr=1&from=searchresults
BYPILLOW Mothern,"Eixample, Barcelona",https://www.booking.com/hotel/es/granducat.html?label=gen173nr-1BCAEoggI46AdSAnVzWARoRogBAZgBMbgBGcgBD9gBAegBAYgCAagCA7gC-NjpvAbAAgHSAiQ4ZGVlZWVhMi1mOTI5LTRmOWQtOTk0OC0xMzU5MWFkYWNlODjYAgXgAgE&sid=f990c8e44d8a49a026ee40f8b9e3b3a2&aid=304142&ucfs=1&arphpl=1&checkin=2025-02-09&checkout=2025-02-16&dest_id=-372490&dest_type=city&group_adults=2&req_adults=2&no_rooms=1&group_children=0&req_children=0&hpos=14&hapos=115&sr_order=popularity&srpvid=91357ea171dd08a0&srepoch=1738173648&all_sr_blocks=9101620_329839365_2_2_0_290192&highlighted_blocks=9101620_329839365_2_2_0_290192&matching_block_id=9101620_329839365_2_2_0_290192&sr_pri_blocks=9101620_329839365_2_2_0_290192_100435&from_sustainable_property_sr=1&from=searchresults
Sunotel Central,"Eixample, Barcelona",https://www.booking.com/hotel/es/sunotel-central.html?label=gen173nr-1BCAEoggI46AdSAnVzWARoRogBAZgBMbgBGcgBD9gBAegBAYgCAagCA7gC-NjpvAbAAgHSAiQ4ZGVlZWVhMi1mOTI5LTRmOWQtOTk0OC0xMzU5MWFkYWNlODjYAgXgAgE&sid=f990c8e44d8a49a026ee40f8b9e3b3a2&aid=304142&ucfs=1&arphpl=1&checkin=2025-02-09&checkout=2025-02-16&dest_id=-372490&dest_type=city&group_adults=2&req_adults=2&no_rooms=1&group_children=0&req_children=0&hpos=15&hapos=116&sr_order=popularity&srpvid=91357ea171dd08a0&srepoch=1738173648&all_sr_blocks=9677116_0_2_0_0&highlighted_blocks=9677116_0_2_0_0&matching_block_id=9677116_0_2_0_0&sr_pri_blocks=9677116_0_2_0_0__117126&from=searchresults
MH Apartments Sant Pau,"Horta-Guinardó, Barcelona",https://www.booking.com/hotel/es/sensation-urban-style.html?label=gen173nr-1BCAEoggI46AdSAnVzWARoRogBAZgBMbgBGcgBD9gBAegBAYgCAagCA7gC-NjpvAbAAgHSAiQ4ZGVlZWVhMi1mOTI5LTRmOWQtOTk0OC0xMzU5MWFkYWNlODjYAgXgAgE&sid=f990c8e44d8a49a026ee40f8b9e3b3a2&aid=304142&ucfs=1&arphpl=1&checkin=2025-02-09&checkout=2025-02-16&dest_id=-372490&dest_type=city&group_adults=2&req_adults=2&no_rooms=1&group_children=0&req_children=0&hpos=16&hapos=117&sr_order=popularity&srpvid=91357ea171dd08a0&srepoch=1738173648&all_sr_blocks=46678501_403038608_2_0_0_161262&highlighted_blocks=46678501_403038608_2_0_0_161262&matching_block_id=46678501_403038608_2_0_0_161262&sr_pri_blocks=46678501_403038608_2_0_0_161262_105932&from=searchresults
Hostal La Terrassa,"Ciutat Vella, Barcelona",https://www.booking.com/hotel/es/la-terrassa-barcelona.html?label=gen173nr-1BCAEoggI46AdSAnVzWARoRogBAZgBMbgBGcgBD9gBAegBAYgCAagCA7gC-NjpvAbAAgHSAiQ4ZGVlZWVhMi1mOTI5LTRmOWQtOTk0OC0xMzU5MWFkYWNlODjYAgXgAgE&sid=f990c8e44d8a49a026ee40f8b9e3b3a2&aid=304142&ucfs=1&arphpl=1&checkin=2025-02-09&checkout=2025-02-16&dest_id=-372490&dest_type=city&group_adults=2&req_adults=2&no_rooms=1&group_children=0&req_children=0&hpos=17&hapos=118&sr_order=popularity&srpvid=91357ea171dd08a0&srepoch=1738173648&all_sr_blocks=31097506_335841877_0_0_0&highlighted_blocks=31097506_335841877_0_0_0&matching_block_id=31097506_335841877_0_0_0&sr_pri_blocks=31097506_335841877_0_0_0__56625&from=searchresults
Stay U-nique Apartments Est,"Ciutat Vella, Barcelona",https://www.booking.com/hotel/es/cozy-apartment-in-central-bcn.html?label=gen173nr-1BCAEoggI46AdSAnVzWARoRogBAZgBMbgBGcgBD9gBAegBAYgCAagCA7gC-NjpvAbAAgHSAiQ4ZGVlZWVhMi1mOTI5LTRmOWQtOTk0OC0xMzU5MWFkYWNlODjYAgXgAgE&sid=f990c8e44d8a49a026ee40f8b9e3b3a2&aid=304142&ucfs=1&arphpl=1&checkin=2025-02-09&checkout=2025-02-16&dest_id=-372490&dest_type=city&group_adults=2&req_adults=2&no_rooms=1&group_children=0&req_children=0&hpos=18&hapos=119&sr_order=popularity&srpvid=91357ea171dd08a0&srepoch=1738173648&all_sr_blocks=874733302_356755164_0_0_0&highlighted_blocks=874733302_356755164_0_0_0&matching_block_id=874733302_356755164_0_0_0&sr_pri_blocks=874733302_356755164_0_0_0__84377&from=searchresults
Sweett - Carrer Fira,"Eixample, Barcelona",https://www.booking.com/hotel/es/sweet-inn-carrer-fira.html?label=gen173nr-1BCAEoggI46AdSAnVzWARoRogBAZgBMbgBGcgBD9gBAegBAYgCAagCA7gC-NjpvAbAAgHSAiQ4ZGVlZWVhMi1mOTI5LTRmOWQtOTk0OC0xMzU5MWFkYWNlODjYAgXgAgE&sid=f990c8e44d8a49a026ee40f8b9e3b3a2&aid=304142&ucfs=1&arphpl=1&checkin=2025-02-09&checkout=2025-02-16&dest_id=-372490&dest_type=city&group_adults=2&req_adults=2&no_rooms=1&group_children=0&req_children=0&hpos=19&hapos=120&sr_order=popularity&srpvid=91357ea171dd08a0&srepoch=1738173648&all_sr_blocks=974294504_369811621_4_0_0&highlighted_blocks=974294504_369811621_4_0_0&matching_block_id=974294504_369811621_4_0_0&sr_pri_blocks=974294504_369811621_4_0_0__118952&from=searchresults
"Hotel Balmes, a member of Preferred Hotels & Resorts","Eixample, Barcelona",https://www.booking.com/hotel/es/balmesderby.html?label=gen173nr-1BCAEoggI46AdSAnVzWARoRogBAZgBMbgBGcgBD9gBAegBAYgCAagCA7gC-NjpvAbAAgHSAiQ4ZGVlZWVhMi1mOTI5LTRmOWQtOTk0OC0xMzU5MWFkYWNlODjYAgXgAgE&sid=f990c8e44d8a49a026ee40f8b9e3b3a2&aid=304142&ucfs=1&arphpl=1&checkin=2025-02-09&checkout=2025-02-16&dest_id=-372490&dest_type=city&group_adults=2&req_adults=2&no_rooms=1&group_children=0&req_children=0&hpos=20&hapos=121&sr_order=popularity&srpvid=91357ea171dd08a0&srepoch=1738173648&all_sr_blocks=9003918_0_2_0_0&highlighted_blocks=9003918_0_2_0_0&matching_block_id=9003918_0_2_0_0&sr_pri_blocks=9003918_0_2_0_0__89792&from=searchresults
"Hotel Indigo Barcelona - Plaza Catalunya 4Sup, an IHG Hotel","Eixample, Barcelona",https://www.booking.com/hotel/es/barcelona-plaza-catalunya.html?label=gen173nr-1BCAEoggI46AdSAnVzWARoRogBAZgBMbgBGcgBD9gBAegBAYgCAagCA7gC-NjpvAbAAgHSAiQ4ZGVlZWVhMi1mOTI5LTRmOWQtOTk0OC0xMzU5MWFkYWNlODjYAgXgAgE&sid=f990c8e44d8a49a026ee40f8b9e3b3a2&aid=304142&ucfs=1&arphpl=1&checkin=2025-02-09&checkout=2025-02-16&dest_id=-372490&dest_type=city&group_adults=2&req_adults=2&no_rooms=1&group_children=0&req_children=0&hpos=21&hapos=122&sr_order=popularity&srpvid=91357ea171dd08a0&srepoch=1738173648&all_sr_blocks=46134005_96703805_2_2_0&highlighted_blocks=46134005_96703805_2_2_0&matching_block_id=46134005_96703805_2_2_0&sr_pri_blocks=46134005_96703805_2_2_0__109271&from=searchresults
Ilunion Barcelona,"Sant Martí, Barcelona",https://www.booking.com/hotel/es/confortel-barcelona.html?label=gen173nr-1BCAEoggI46AdSAnVzWARoRogBAZgBMbgBGcgBD9gBAegBAYgCAagCA7gC-NjpvAbAAgHSAiQ4ZGVlZWVhMi1mOTI5LTRmOWQtOTk0OC0xMzU5MWFkYWNlODjYAgXgAgE&sid=f990c8e44d8a49a026ee40f8b9e3b3a2&aid=304142&ucfs=1&arphpl=1&checkin=2025-02-09&checkout=2025-02-16&dest_id=-372490&dest_type=city&group_adults=2&req_adults=2&no_rooms=1&group_children=0&req_children=0&hpos=22&hapos=123&sr_order=popularity&srpvid=91357ea171dd08a0&srepoch=1738173648&all_sr_blocks=1223901_95135526_0_2_0_311296&highlighted_blocks=1223901_95135526_0_2_0_311296&matching_block_id=1223901_95135526_0_2_0_311296&sr_pri_blocks=1223901_95135526_0_2_0_311296_85006&from=searchresults
Hotel Via Augusta,"Sarrià-St. Gervasi, Barcelona",https://www.booking.com/hotel/es/viaaugusta.html?label=gen173nr-1BCAEoggI46AdSAnVzWARoRogBAZgBMbgBGcgBD9gBAegBAYgCAagCA7gC-NjpvAbAAgHSAiQ4ZGVlZWVhMi1mOTI5LTRmOWQtOTk0OC0xMzU5MWFkYWNlODjYAgXgAgE&sid=f990c8e44d8a49a026ee40f8b9e3b3a2&aid=304142&ucfs=1&arphpl=1&checkin=2025-02-09&checkout=2025-02-16&dest_id=-372490&dest_type=city&group_adults=2&req_adults=2&no_rooms=1&group_children=0&req_children=0&hpos=23&hapos=124&sr_order=popularity&srpvid=91357ea171dd08a0&srepoch=1738173648&all_sr_blocks=9098503_0_2_0_0&highlighted_blocks=9098503_0_2_0_0&matching_block_id=9098503_0_2_0_0&sr_pri_blocks=9098503_0_2_0_0__80123&from_sustainable_property_sr=1&from=searchresults
The White Flats Les Corts,"Les Corts, Barcelona",https://www.booking.com/hotel/es/the-white-flats.html?label=gen173nr-1BCAEoggI46AdSAnVzWARoRogBAZgBMbgBGcgBD9gBAegBAYgCAagCA7gC-NjpvAbAAgHSAiQ4ZGVlZWVhMi1mOTI5LTRmOWQtOTk0OC0xMzU5MWFkYWNlODjYAgXgAgE&sid=f990c8e44d8a49a026ee40f8b9e3b3a2&aid=304142&ucfs=1&arphpl=1&checkin=2025-02-09&checkout=2025-02-16&dest_id=-372490&dest_type=city&group_adults=2&req_adults=2&no_rooms=1&group_children=0&req_children=0&hpos=24&hapos=125&sr_order=popularity&srpvid=91357ea171dd08a0&srepoch=1738173648&all_sr_blocks=49933608_379482362_3_0_0&highlighted_blocks=49933608_379482362_3_0_0&matching_block_id=49933608_379482362_3_0_0&sr_pri_blocks=49933608_379482362_3_0_0__105792&from=searchresults
Catalonia Atenas,"Sant Martí, Barcelona",https://www.booking.com/hotel/es/cataloniatenas.html?label=gen173nr-1BCAEoggI46AdSAnVzWARoRogBAZgBMbgBGcgBD9gBAegBAYgCAagCA7gC-NjpvAbAAgHSAiQ4ZGVlZWVhMi1mOTI5LTRmOWQtOTk0OC0xMzU5MWFkYWNlODjYAgXgAgE&sid=f990c8e44d8a49a026ee40f8b9e3b3a2&aid=304142&ucfs=1&arphpl=1&checkin=2025-02-09&checkout=2025-02-16&dest_id=-372490&dest_type=city&group_adults=2&req_adults=2&no_rooms=1&group_children=0&req_children=0&hpos=25&hapos=126&sr_order=popularity&srpvid=91357ea171dd08a0&srepoch=1738173648&all_sr_blocks=9059407_372580272_0_2_0&highlighted_blocks=9059407_372580272_0_2_0&matching_block_id=9059407_372580272_0_2_0&sr_pri_blocks=9059407_372580272_0_2_0__96778&from_sustainable_property_sr=1&from=searchresults
Casa Lirio,"Ciutat Vella, Barcelona",https://www.booking.com/hotel/es/casa-lirio-barcelona.html?label=gen173nr-1BCAEoggI46AdSAnVzWARoRogBAZgBMbgBGcgBD9gBAegBAYgCAagCA7gC-NjpvAbAAgHSAiQ4ZGVlZWVhMi1mOTI5LTRmOWQtOTk0OC0xMzU5MWFkYWNlODjYAgXgAgE&sid=f990c8e44d8a49a026ee40f8b9e3b3a2&aid=304142&ucfs=1&arphpl=1&checkin=2025-02-09&checkout=2025-02-16&dest_id=-372490&dest_type=city&group_adults=2&req_adults=2&no_rooms=1&group_children=0&req_children=0&hpos=1&hapos=127&sr_order=popularity&srpvid=91357ea171dd08a0&srepoch=1738173650&all_sr_blocks=314399601_0_2_0_0&highlighted_blocks=314399601_0_2_0_0&matching_block_id=314399601_0_2_0_0&sr_pri_blocks=314399601_0_2_0_0__81072&from=searchresults
Catalonia Rigoletto,"Les Corts, Barcelona",https://www.booking.com/hotel/es/rigoletto.html?label=gen173nr-1BCAEoggI46AdSAnVzWARoRogBAZgBMbgBGcgBD9gBAegBAYgCAagCA7gC-NjpvAbAAgHSAiQ4ZGVlZWVhMi1mOTI5LTRmOWQtOTk0OC0xMzU5MWFkYWNlODjYAgXgAgE&sid=f990c8e44d8a49a026ee40f8b9e3b3a2&aid=304142&ucfs=1&arphpl=1&checkin=2025-02-09&checkout=2025-02-16&dest_id=-372490&dest_type=city&group_adults=2&req_adults=2&no_rooms=1&group_children=0&req_children=0&hpos=2&hapos=128&sr_order=popularity&srpvid=91357ea171dd08a0&srepoch=1738173650&all_sr_blocks=2980011_194584998_0_2_0&highlighted_blocks=2980011_194584998_0_2_0&matching_block_id=2980011_194584998_0_2_0&sr_pri_blocks=2980011_194584998_0_2_0__96778&from_sustainable_property_sr=1&from=searchresults
Ola Living Portaferrissa,"Ciutat Vella, Barcelona",https://www.booking.com/hotel/es/ola-living-portaferrissa.html?label=gen173nr-1BCAEoggI46AdSAnVzWARoRogBAZgBMbgBGcgBD9gBAegBAYgCAagCA7gC-NjpvAbAAgHSAiQ4ZGVlZWVhMi1mOTI5LTRmOWQtOTk0OC0xMzU5MWFkYWNlODjYAgXgAgE&sid=f990c8e44d8a49a026ee40f8b9e3b3a2&aid=304142&ucfs=1&arphpl=1&checkin=2025-02-09&checkout=2025-02-16&dest_id=-372490&dest_type=city&group_adults=2&req_adults=2&no_rooms=1&group_children=0&req_children=0&hpos=3&hapos=129&sr_order=popularity&srpvid=91357ea171dd08a0&srepoch=1738173650&all_sr_blocks=50028002_208732529_2_0_0&highlighted_blocks=50028002_208732529_2_0_0&matching_block_id=50028002_208732529_2_0_0&sr_pri_blocks=50028002_208732529_2_0_0__124031&from=searchresults
Barceloneta Suites Apartments Beach,"Ciutat Vella, Barcelona",https://www.booking.com/hotel/es/barceloneta-suites.html?label=gen173nr-1BCAEoggI46AdSAnVzWARoRogBAZgBMbgBGcgBD9gBAegBAYgCAagCA7gC-NjpvAbAAgHSAiQ4ZGVlZWVhMi1mOTI5LTRmOWQtOTk0OC0xMzU5MWFkYWNlODjYAgXgAgE&sid=f990c8e44d8a49a026ee40f8b9e3b3a2&aid=304142&ucfs=1&arphpl=1&checkin=2025-02-09&checkout=2025-02-16&dest_id=-372490&dest_type=city&group_adults=2&req_adults=2&no_rooms=1&group_children=0&req_children=0&hpos=4&hapos=130&sr_order=popularity&srpvid=91357ea171dd08a0&srepoch=1738173650&all_sr_blocks=314604702_335600923_2_0_0&highlighted_blocks=314604702_335600923_2_0_0&matching_block_id=314604702_335600923_2_0_0&sr_pri_blocks=314604702_335600923_2_0_0__93332&from_sustainable_property_sr=1&from=searchresults
Grupotel Gravina,"Ciutat Vella, Barcelona",https://www.booking.com/hotel/es/gravina.html?label=gen173nr-1BCAEoggI46AdSAnVzWARoRogBAZgBMbgBGcgBD9gBAegBAYgCAagCA7gC-NjpvAbAAgHSAiQ4ZGVlZWVhMi1mOTI5LTRmOWQtOTk0OC0xMzU5MWFkYWNlODjYAgXgAgE&sid=f990c8e44d8a49a026ee40f8b9e3b3a2&aid=304142&ucfs=1&arphpl=1&checkin=2025-02-09&checkout=2025-02-16&dest_id=-372490&dest_type=city&group_adults=2&req_adults=2&no_rooms=1&group_children=0&req_children=0&hpos=5&hapos=131&sr_order=popularity&srpvid=91357ea171dd08a0&srepoch=1738173650&all_sr_blocks=9004725_88154343_0_2_0&highlighted_blocks=9004725_88154343_0_2_0&matching_block_id=9004725_88154343_0_2_0&sr_pri_blocks=9004725_88154343_0_2_0__98235&from=searchresults
Mosaic by Ona,"Eixample, Barcelona",https://www.booking.com/hotel/es/ona-hotels-mosaic.html?label=gen173nr-1BCAEoggI46AdSAnVzWARoRogBAZgBMbgBGcgBD9gBAegBAYgCAagCA7gC-NjpvAbAAgHSAiQ4ZGVlZWVhMi1mOTI5LTRmOWQtOTk0OC0xMzU5MWFkYWNlODjYAgXgAgE&sid=f990c8e44d8a49a026ee40f8b9e3b3a2&aid=304142&ucfs=1&arphpl=1&checkin=2025-02-09&checkout=2025-02-16&dest_id=-372490&dest_type=city&group_adults=2&req_adults=2&no_rooms=1&group_children=0&req_children=0&hpos=6&hapos=132&sr_order=popularity&srpvid=91357ea171dd08a0&srepoch=1738173650&all_sr_blocks=251792304_103679716_0_2_0&highlighted_blocks=251792304_103679716_0_2_0&matching_block_id=251792304_103679716_0_2_0&sr_pri_blocks=251792304_103679716_0_2_0__124405&from=searchresults
ClassBedroom Gothic Ramblas Apartments,"Ciutat Vella, Barcelona",https://www.booking.com/hotel/es/classbedroom-gothic-ramblas-apartments.html?label=gen173nr-1BCAEoggI46AdSAnVzWARoRogBAZgBMbgBGcgBD9gBAegBAYgCAagCA7gC-NjpvAbAAgHSAiQ4ZGVlZWVhMi1mOTI5LTRmOWQtOTk0OC0xMzU5MWFkYWNlODjYAgXgAgE&sid=f990c8e44d8a49a026ee40f8b9e3b3a2&aid=304142&ucfs=1&arphpl=1&checkin=2025-02-09&checkout=2025-02-16&dest_id=-372490&dest_type=city&group_adults=2&req_adults=2&no_rooms=1&group_children=0&req_children=0&hpos=7&hapos=133&sr_order=popularity&srpvid=91357ea171dd08a0&srepoch=1738173650&all_sr_blocks=576394904_384316603_0_0_0&highlighted_blocks=576394904_384316603_0_0_0&matching_block_id=576394904_384316603_0_0_0&sr_pri_blocks=576394904_384316603_0_0_0__82912&from=searchresults
Catalonia Roma,"Eixample, Barcelona",https://www.booking.com/hotel/es/cataloniaroma.html?label=gen173nr-1BCAEoggI46AdSAnVzWARoRogBAZgBMbgBGcgBD9gBAegBAYgCAagCA7gC-NjpvAbAAgHSAiQ4ZGVlZWVhMi1mOTI5LTRmOWQtOTk0OC0xMzU5MWFkYWNlODjYAgXgAgE&sid=f990c8e44d8a49a026ee40f8b9e3b3a2&aid=304142&ucfs=1&arphpl=1&checkin=2025-02-09&checkout=2025-02-16&dest_id=-372490&dest_type=city&group_adults=2&req_adults=2&no_rooms=1&group_children=0&req_children=0&hpos=8&hapos=134&sr_order=popularity&srpvid=91357ea171dd08a0&srepoch=1738173650&all_sr_blocks=9059507_194586916_0_2_0&highlighted_blocks=9059507_194586916_0_2_0&matching_block_id=9059507_194586916_0_2_0&sr_pri_blocks=9059507_194586916_0_2_0__101700&from_sustainable_property_sr=1&from=searchresults
Sonder Paseo de Gracia,"Eixample, Barcelona",https://www.booking.com/hotel/es/sonder-paseo-de-gracia.html?label=gen173nr-1BCAEoggI46AdSAnVzWARoRogBAZgBMbgBGcgBD9gBAegBAYgCAagCA7gC-NjpvAbAAgHSAiQ4ZGVlZWVhMi1mOTI5LTRmOWQtOTk0OC0xMzU5MWFkYWNlODjYAgXgAgE&sid=f990c8e44d8a49a026ee40f8b9e3b3a2&aid=304142&ucfs=1&arphpl=1&checkin=2025-02-09&checkout=2025-02-16&dest_id=-372490&dest_type=city&group_adults=2&req_adults=2&no_rooms=1&group_children=0&req_children=0&hpos=9&hapos=135&sr_order=popularity&srpvid=91357ea171dd08a0&srepoch=1738173650&all_sr_blocks=846723906_0_2_0_0&highlighted_blocks=846723906_0_2_0_0&matching_block_id=846723906_0_2_0_0&sr_pri_blocks=846723906_0_2_0_0__130455&from=searchresults
Praktik Bakery,"Eixample, Barcelona",https://www.booking.com/hotel/es/praktik-bakery.html?label=gen173nr-1BCAEoggI46AdSAnVzWARoRogBAZgBMbgBGcgBD9gBAegBAYgCAagCA7gC-NjpvAbAAgHSAiQ4ZGVlZWVhMi1mOTI5LTRmOWQtOTk0OC0xMzU5MWFkYWNlODjYAgXgAgE&sid=f990c8e44d8a49a026ee40f8b9e3b3a2&aid=304142&ucfs=1&arphpl=1&checkin=2025-02-09&checkout=2025-02-16&dest_id=-372490&dest_type=city&group_adults=2&req_adults=2&no_rooms=1&group_children=0&req_children=0&hpos=10&hapos=136&sr_order=popularity&srpvid=91357ea171dd08a0&srepoch=1738173650&all_sr_blocks=80778101_360578084_0_2_0&highlighted_blocks=80778101_360578084_0_2_0&matching_block_id=80778101_360578084_0_2_0&sr_pri_blocks=80778101_360578084_0_2_0__94700&from_sustainable_property_sr=1&from=searchresults
Hotel SERHS Rivoli Rambla,"Ciutat Vella, Barcelona",https://www.booking.com/hotel/es/rivoliramblas.html?label=gen173nr-1BCAEoggI46AdSAnVzWARoRogBAZgBMbgBGcgBD9gBAegBAYgCAagCA7gC-NjpvAbAAgHSAiQ4ZGVlZWVhMi1mOTI5LTRmOWQtOTk0OC0xMzU5MWFkYWNlODjYAgXgAgE&sid=f990c8e44d8a49a026ee40f8b9e3b3a2&aid=304142&ucfs=1&arphpl=1&checkin=2025-02-09&checkout=2025-02-16&dest_id=-372490&dest_type=city&group_adults=2&req_adults=2&no_rooms=1&group_children=0&req_children=0&hpos=11&hapos=137&sr_order=popularity&srpvid=91357ea171dd08a0&srepoch=1738173650&all_sr_blocks=9032245_0_2_0_0&highlighted_blocks=9032245_0_2_0_0&matching_block_id=9032245_0_2_0_0&sr_pri_blocks=9032245_0_2_0_0__102356&from=searchresults
Hotel Sansi Barcelona,"Eixample, Barcelona",https://www.booking.com/hotel/es/sansi-barcelona-barcelona.html?label=gen173nr-1BCAEoggI46AdSAnVzWARoRogBAZgBMbgBGcgBD9gBAegBAYgCAagCA7gC-NjpvAbAAgHSAiQ4ZGVlZWVhMi1mOTI5LTRmOWQtOTk0OC0xMzU5MWFkYWNlODjYAgXgAgE&sid=f990c8e44d8a49a026ee40f8b9e3b3a2&aid=304142&ucfs=1&arphpl=1&checkin=2025-02-09&checkout=2025-02-16&dest_id=-372490&dest_type=city&group_adults=2&req_adults=2&no_rooms=1&group_children=0&req_children=0&hpos=12&hapos=138&sr_order=popularity&srpvid=91357ea171dd08a0&srepoch=1738173650&all_sr_blocks=0_0_2_0_0&highlighted_blocks=0_0_2_0_0&matching_block_id=0_0_2_0_0&sr_pri_blocks=0_0_2_0_0__93013&from=searchresults
Generator Barcelona,"Gràcia, Barcelona",https://www.booking.com/hotel/es/generator-hostel-barcelona.html?label=gen173nr-1BCAEoggI46AdSAnVzWARoRogBAZgBMbgBGcgBD9gBAegBAYgCAagCA7gC-NjpvAbAAgHSAiQ4ZGVlZWVhMi1mOTI5LTRmOWQtOTk0OC0xMzU5MWFkYWNlODjYAgXgAgE&sid=f990c8e44d8a49a026ee40f8b9e3b3a2&aid=304142&ucfs=1&arphpl=1&checkin=2025-02-09&checkout=2025-02-16&dest_id=-372490&dest_type=city&group_adults=2&req_adults=2&no_rooms=1&group_children=0&req_children=0&hpos=13&hapos=139&sr_order=popularity&srpvid=91357ea171dd08a0&srepoch=1738173650&all_sr_blocks=38624411_139595419_0_2_0_548717&highlighted_blocks=38624411_139595419_0_2_0_548717&matching_block_id=38624411_139595419_0_2_0_548717&sr_pri_blocks=38624411_139595419_0_2_0_548717_96670&from=searchresults
Ramblas Hotel,"Ciutat Vella, Barcelona",https://www.booking.com/hotel/es/ramblashotel.html?label=gen173nr-1BCAEoggI46AdSAnVzWARoRogBAZgBMbgBGcgBD9gBAegBAYgCAagCA7gC-NjpvAbAAgHSAiQ4ZGVlZWVhMi1mOTI5LTRmOWQtOTk0OC0xMzU5MWFkYWNlODjYAgXgAgE&sid=f990c8e44d8a49a026ee40f8b9e3b3a2&aid=304142&ucfs=1&arphpl=1&checkin=2025-02-09&checkout=2025-02-16&dest_id=-372490&dest_type=city&group_adults=2&req_adults=2&no_rooms=1&group_children=0&req_children=0&hpos=14&hapos=140&sr_order=popularity&srpvid=91357ea171dd08a0&srepoch=1738173650&all_sr_blocks=9283714_0_2_1_0&highlighted_blocks=9283714_0_2_1_0&matching_block_id=9283714_0_2_1_0&sr_pri_blocks=9283714_0_2_1_0__90980&from=searchresults
BYPILLOW Twenty,"Ciutat Vella, Barcelona",https://www.booking.com/hotel/es/atlas.html?label=gen173nr-1BCAEoggI46AdSAnVzWARoRogBAZgBMbgBGcgBD9gBAegBAYgCAagCA7gC-NjpvAbAAgHSAiQ4ZGVlZWVhMi1mOTI5LTRmOWQtOTk0OC0xMzU5MWFkYWNlODjYAgXgAgE&sid=f990c8e44d8a49a026ee40f8b9e3b3a2&aid=304142&ucfs=1&arphpl=1&checkin=2025-02-09&checkout=2025-02-16&dest_id=-372490&dest_type=city&group_adults=2&req_adults=2&no_rooms=1&group_children=0&req_children=0&hpos=15&hapos=141&sr_order=popularity&srpvid=91357ea171dd08a0&srepoch=1738173650&all_sr_blocks=1326124_95137227_2_2_0_290211&highlighted_blocks=1326124_95137227_2_2_0_290211&matching_block_id=1326124_95137227_2_2_0_290211&sr_pri_blocks=1326124_95137227_2_2_0_290211_112460&from=searchresults
Sweett - Aragon Park Miro,"Eixample, Barcelona",https://www.booking.com/hotel/es/sweet-inn-park-miro.html?label=gen173nr-1BCAEoggI46AdSAnVzWARoRogBAZgBMbgBGcgBD9gBAegBAYgCAagCA7gC-NjpvAbAAgHSAiQ4ZGVlZWVhMi1mOTI5LTRmOWQtOTk0OC0xMzU5MWFkYWNlODjYAgXgAgE&sid=f990c8e44d8a49a026ee40f8b9e3b3a2&aid=304142&ucfs=1&arphpl=1&checkin=2025-02-09&checkout=2025-02-16&dest_id=-372490&dest_type=city&group_adults=2&req_adults=2&no_rooms=1&group_children=0&req_children=0&hpos=16&hapos=142&sr_order=popularity&srpvid=91357ea171dd08a0&srepoch=1738173650&all_sr_blocks=1042230511_376641287_5_0_0&highlighted_blocks=1042230511_376641287_5_0_0&matching_block_id=1042230511_376641287_5_0_0&sr_pri_blocks=1042230511_376641287_5_0_0__127504&from=searchresults
Catalonia Albeniz,"Sant Martí, Barcelona",https://www.booking.com/hotel/es/cataloniaalbeniz.html?label=gen173nr-1BCAEoggI46AdSAnVzWARoRogBAZgBMbgBGcgBD9gBAegBAYgCAagCA7gC-NjpvAbAAgHSAiQ4ZGVlZWVhMi1mOTI5LTRmOWQtOTk0OC0xMzU5MWFkYWNlODjYAgXgAgE&sid=f990c8e44d8a49a026ee40f8b9e3b3a2&aid=304142&ucfs=1&arphpl=1&checkin=2025-02-09&checkout=2025-02-16&dest_id=-372490&dest_type=city&group_adults=2&req_adults=2&no_rooms=1&group_children=0&req_children=0&hpos=17&hapos=143&sr_order=popularity&srpvid=91357ea171dd08a0&srepoch=1738173650&all_sr_blocks=9059005_194594649_0_2_0&highlighted_blocks=9059005_194594649_0_2_0&matching_block_id=9059005_194594649_0_2_0&sr_pri_blocks=9059005_194594649_0_2_0__102700&from_sustainable_property_sr=1&from=searchresults
Casa Gracia,"Gràcia, Barcelona",https://www.booking.com/hotel/es/hostel-casa-gracia.html?label=gen173nr-1BCAEoggI46AdSAnVzWARoRogBAZgBMbgBGcgBD9gBAegBAYgCAagCA7gC-NjpvAbAAgHSAiQ4ZGVlZWVhMi1mOTI5LTRmOWQtOTk0OC0xMzU5MWFkYWNlODjYAgXgAgE&sid=f990c8e44d8a49a026ee40f8b9e3b3a2&aid=304142&ucfs=1&arphpl=1&checkin=2025-02-09&checkout=2025-02-16&dest_id=-372490&dest_type=city&group_adults=2&req_adults=2&no_rooms=1&group_children=0&req_children=0&hpos=18&hapos=144&sr_order=popularity&srpvid=91357ea171dd08a0&srepoch=1738173650&all_sr_blocks=25515436_91915475_0_2_0&highlighted_blocks=25515436_91915475_0_2_0&matching_block_id=25515436_91915475_0_2_0&sr_pri_blocks=25515436_91915475_0_2_0__75039&from=searchresults
Fisa Rentals Ramblas Apartments,"Eixample, Barcelona",https://www.booking.com/hotel/es/fisa-rentals-ramblas.html?label=gen173nr-1BCAEoggI46AdSAnVzWARoRogBAZgBMbgBGcgBD9gBAegBAYgCAagCA7gC-NjpvAbAAgHSAiQ4ZGVlZWVhMi1mOTI5LTRmOWQtOTk0OC0xMzU5MWFkYWNlODjYAgXgAgE&sid=f990c8e44d8a49a026ee40f8b9e3b3a2&aid=304142&ucfs=1&arphpl=1&checkin=2025-02-09&checkout=2025-02-16&dest_id=-372490&dest_type=city&group_adults=2&req_adults=2&no_rooms=1&group_children=0&req_children=0&hpos=19&hapos=145&sr_order=popularity&srpvid=91357ea171dd08a0&srepoch=1738173650&all_sr_blocks=34476505_119088343_0_0_0&highlighted_blocks=34476505_119088343_0_0_0&matching_block_id=34476505_119088343_0_0_0&sr_pri_blocks=34476505_119088343_0_0_0__147980&from=searchresults
Casa Gracia Apartments,"Gràcia, Barcelona",https://www.booking.com/hotel/es/casa-gracia-apartments.html?label=gen173nr-1BCAEoggI46AdSAnVzWARoRogBAZgBMbgBGcgBD9gBAegBAYgCAagCA7gC-NjpvAbAAgHSAiQ4ZGVlZWVhMi1mOTI5LTRmOWQtOTk0OC0xMzU5MWFkYWNlODjYAgXgAgE&sid=f990c8e44d8a49a026ee40f8b9e3b3a2&aid=304142&ucfs=1&arphpl=1&checkin=2025-02-09&checkout=2025-02-16&dest_id=-372490&dest_type=city&group_adults=2&req_adults=2&no_rooms=1&group_children=0&req_children=0&hpos=20&hapos=146&sr_order=popularity&srpvid=91357ea171dd08a0&srepoch=1738173650&all_sr_blocks=848329504_351986369_0_0_0&highlighted_blocks=848329504_351986369_0_0_0&matching_block_id=848329504_351986369_0_0_0&sr_pri_blocks=848329504_351986369_0_0_0__93902&from=searchresults
Sercotel Hotel Rosellon,"Eixample, Barcelona",https://www.booking.com/hotel/es/ayre-rosellon.html?label=gen173nr-1BCAEoggI46AdSAnVzWARoRogBAZgBMbgBGcgBD9gBAegBAYgCAagCA7gC-NjpvAbAAgHSAiQ4ZGVlZWVhMi1mOTI5LTRmOWQtOTk0OC0xMzU5MWFkYWNlODjYAgXgAgE&sid=f990c8e44d8a49a026ee40f8b9e3b3a2&aid=304142&ucfs=1&arphpl=1&checkin=2025-02-09&checkout=2025-02-16&dest_id=-372490&dest_type=city&group_adults=2&req_adults=2&no_rooms=1&group_children=0&req_children=0&hpos=21&hapos=147&sr_order=popularity&srpvid=91357ea171dd08a0&srepoch=1738173650&all_sr_blocks=18882529_88203218_2_2_0&highlighted_blocks=18882529_88203218_2_2_0&matching_block_id=18882529_88203218_2_2_0&sr_pri_blocks=18882529_88203218_2_2_0__158062&from_sustainable_property_sr=1&from=searchresults
Hotel España Ramblas,"Ciutat Vella, Barcelona",https://www.booking.com/hotel/es/espana-barcelona.html?label=gen173nr-1BCAEoggI46AdSAnVzWARoRogBAZgBMbgBGcgBD9gBAegBAYgCAagCA7gC-NjpvAbAAgHSAiQ4ZGVlZWVhMi1mOTI5LTRmOWQtOTk0OC0xMzU5MWFkYWNlODjYAgXgAgE&sid=f990c8e44d8a49a026ee40f8b9e3b3a2&aid=304142&ucfs=1&arphpl=1&checkin=2025-02-09&checkout=2025-02-16&dest_id=-372490&dest_type=city&group_adults=2&req_adults=2&no_rooms=1&group_children=0&req_children=0&hpos=22&hapos=148&sr_order=popularity&srpvid=91357ea171dd08a0&srepoch=1738173650&all_sr_blocks=0_0_2_0_0&highlighted_blocks=0_0_2_0_0&matching_block_id=0_0_2_0_0&sr_pri_blocks=0_0_2_0_0__129408&from=searchresults
Apartaments Independencia,"Sant Martí, Barcelona",https://www.booking.com/hotel/es/apartaments-independencia.html?label=gen173nr-1BCAEoggI46AdSAnVzWARoRogBAZgBMbgBGcgBD9gBAegBAYgCAagCA7gC-NjpvAbAAgHSAiQ4ZGVlZWVhMi1mOTI5LTRmOWQtOTk0OC0xMzU5MWFkYWNlODjYAgXgAgE&sid=f990c8e44d8a49a026ee40f8b9e3b3a2&aid=304142&ucfs=1&arphpl=1&checkin=2025-02-09&checkout=2025-02-16&dest_id=-372490&dest_type=city&group_adults=2&req_adults=2&no_rooms=1&group_children=0&req_children=0&hpos=23&hapos=149&sr_order=popularity&srpvid=91357ea171dd08a0&srepoch=1738173650&all_sr_blocks=9681501_88196426_2_0_0&highlighted_blocks=9681501_88196426_2_0_0&matching_block_id=9681501_88196426_2_0_0&sr_pri_blocks=9681501_88196426_2_0_0__77263&from=searchresults
Sonder Los Arcos,"Ciutat Vella, Barcelona",https://www.booking.com/hotel/es/sonder-los-arcos.html?label=gen173nr-1BCAEoggI46AdSAnVzWARoRogBAZgBMbgBGcgBD9gBAegBAYgCAagCA7gC-NjpvAbAAgHSAiQ4ZGVlZWVhMi1mOTI5LTRmOWQtOTk0OC0xMzU5MWFkYWNlODjYAgXgAgE&sid=f990c8e44d8a49a026ee40f8b9e3b3a2&aid=304142&ucfs=1&arphpl=1&checkin=2025-02-09&checkout=2025-02-16&dest_id=-372490&dest_type=city&group_adults=2&req_adults=2&no_rooms=1&group_children=0&req_children=0&hpos=24&hapos=150&sr_order=popularity&srpvid=91357ea171dd08a0&srepoch=1738173650&all_sr_blocks=938607905_366122921_2_0_0&highlighted_blocks=938607905_366122921_2_0_0&matching_block_id=938607905_366122921_2_0_0&sr_pri_blocks=938607905_366122921_2_0_0__90753&from=searchresults
Hotel Casa Gardenia,"Ciutat Vella, Barcelona",https://www.booking.com/hotel/es/casa-gardenia-barcelona.html?label=gen173nr-1BCAEoggI46AdSAnVzWARoRogBAZgBMbgBGcgBD9gBAegBAYgCAagCA7gC-NjpvAbAAgHSAiQ4ZGVlZWVhMi1mOTI5LTRmOWQtOTk0OC0xMzU5MWFkYWNlODjYAgXgAgE&sid=f990c8e44d8a49a026ee40f8b9e3b3a2&aid=304142&ucfs=1&arphpl=1&checkin=2025-02-09&checkout=2025-02-16&dest_id=-372490&dest_type=city&group_adults=2&req_adults=2&no_rooms=1&group_children=0&req_children=0&hpos=25&hapos=151&sr_order=popularity&srpvid=91357ea171dd08a0&srepoch=1738173650&all_sr_blocks=1096878410_382578833_2_2_0&highlighted_blocks=1096878410_382578833_2_2_0&matching_block_id=1096878410_382578833_2_2_0&sr_pri_blocks=1096878410_382578833_2_2_0__86036&from=searchresults
Grupotel Gran Via 678,"Eixample, Barcelona",https://www.booking.com/hotel/es/gran-via-678.html?label=gen173nr-1BCAEoggI46AdSAnVzWARoRogBAZgBMbgBGcgBD9gBAegBAYgCAagCA7gC-NjpvAbAAgHSAiQ4ZGVlZWVhMi1mOTI5LTRmOWQtOTk0OC0xMzU5MWFkYWNlODjYAgXgAgE&sid=f990c8e44d8a49a026ee40f8b9e3b3a2&aid=304142&ucfs=1&arphpl=1&checkin=2025-02-09&checkout=2025-02-16&dest_id=-372490&dest_type=city&group_adults=2&req_adults=2&no_rooms=1&group_children=0&req_children=0&hpos=1&hapos=152&sr_order=popularity&srpvid=91357ea171dd08a0&srepoch=1738173652&all_sr_blocks=18925714_0_2_0_0&highlighted_blocks=18925714_0_2_0_0&matching_block_id=18925714_0_2_0_0&sr_pri_blocks=18925714_0_2_0_0__103072&from=searchresults
B-Garden BCN,"Eixample, Barcelona",https://www.booking.com/hotel/es/hostal-martina.html?label=gen173nr-1BCAEoggI46AdSAnVzWARoRogBAZgBMbgBGcgBD9gBAegBAYgCAagCA7gC-NjpvAbAAgHSAiQ4ZGVlZWVhMi1mOTI5LTRmOWQtOTk0OC0xMzU5MWFkYWNlODjYAgXgAgE&sid=f990c8e44d8a49a026ee40f8b9e3b3a2&aid=304142&ucfs=1&arphpl=1&checkin=2025-02-09&checkout=2025-02-16&dest_id=-372490&dest_type=city&group_adults=2&req_adults=2&no_rooms=1&group_children=0&req_children=0&hpos=2&hapos=153&sr_order=popularity&srpvid=91357ea171dd08a0&srepoch=1738173652&all_sr_blocks=32619511_160832120_0_1_0_346633&highlighted_blocks=32619511_160832120_0_1_0_346633&matching_block_id=32619511_160832120_0_1_0_346633&sr_pri_blocks=32619511_160832120_0_1_0_346633_118652&from=searchresults
Citytrip Palau de la Música,"Ciutat Vella, Barcelona",https://www.booking.com/hotel/es/home-advice-spain.html?label=gen173nr-1BCAEoggI46AdSAnVzWARoRogBAZgBMbgBGcgBD9gBAegBAYgCAagCA7gC-NjpvAbAAgHSAiQ4ZGVlZWVhMi1mOTI5LTRmOWQtOTk0OC0xMzU5MWFkYWNlODjYAgXgAgE&sid=f990c8e44d8a49a026ee40f8b9e3b3a2&aid=304142&ucfs=1&arphpl=1&checkin=2025-02-09&checkout=2025-02-16&dest_id=-372490&dest_type=city&group_adults=2&req_adults=2&no_rooms=1&group_children=0&req_children=0&hpos=3&hapos=154&sr_order=popularity&srpvid=91357ea171dd08a0&srepoch=1738173652&all_sr_blocks=1855904_190577120_0_0_0&highlighted_blocks=1855904_190577120_0_0_0&matching_block_id=1855904_190577120_0_0_0&sr_pri_blocks=1855904_190577120_0_0_0__96532&from=searchresults
Hotel Barcelona Center,"Eixample, Barcelona",https://www.booking.com/hotel/es/barcelona-center.html?label=gen173nr-1BCAEoggI46AdSAnVzWARoRogBAZgBMbgBGcgBD9gBAegBAYgCAagCA7gC-NjpvAbAAgHSAiQ4ZGVlZWVhMi1mOTI5LTRmOWQtOTk0OC0xMzU5MWFkYWNlODjYAgXgAgE&sid=f990c8e44d8a49a026ee40f8b9e3b3a2&aid=304142&ucfs=1&arphpl=1&checkin=2025-02-09&checkout=2025-02-16&dest_id=-372490&dest_type=city&group_adults=2&req_adults=2&no_rooms=1&group_children=0&req_children=0&hpos=4&hapos=155&sr_order=popularity&srpvid=91357ea171dd08a0&srepoch=1738173652&all_sr_blocks=9275330_0_2_0_0&highlighted_blocks=9275330_0_2_0_0&matching_block_id=9275330_0_2_0_0&sr_pri_blocks=9275330_0_2_0_0__116301&from=searchresults
Room Mate Gerard,"Eixample, Barcelona",https://www.booking.com/hotel/es/room-mate-gerard.html?label=gen173nr-1BCAEoggI46AdSAnVzWARoRogBAZgBMbgBGcgBD9gBAegBAYgCAagCA7gC-NjpvAbAAgHSAiQ4ZGVlZWVhMi1mOTI5LTRmOWQtOTk0OC0xMzU5MWFkYWNlODjYAgXgAgE&sid=f990c8e44d8a49a026ee40f8b9e3b3a2&aid=304142&ucfs=1&arphpl=1&checkin=2025-02-09&checkout=2025-02-16&dest_id=-372490&dest_type=city&group_adults=2&req_adults=2&no_rooms=1&group_children=0&req_children=0&hpos=5&hapos=156&sr_order=popularity&srpvid=91357ea171dd08a0&srepoch=1738173652&all_sr_blocks=224211803_98757563_0_2_0_303442&highlighted_blocks=224211803_98757563_0_2_0_303442&matching_block_id=224211803_98757563_0_2_0_303442&sr_pri_blocks=224211803_98757563_0_2_0_303442_126461&from_sustainable_property_sr=1&from=searchresults
Catalonia Avinyo,"Ciutat Vella, Barcelona",https://www.booking.com/hotel/es/avinyo.html?label=gen173nr-1BCAEoggI46AdSAnVzWARoRogBAZgBMbgBGcgBD9gBAegBAYgCAagCA7gC-NjpvAbAAgHSAiQ4ZGVlZWVhMi1mOTI5LTRmOWQtOTk0OC0xMzU5MWFkYWNlODjYAgXgAgE&sid=f990c8e44d8a49a026ee40f8b9e3b3a2&aid=304142&ucfs=1&arphpl=1&checkin=2025-02-09&checkout=2025-02-16&dest_id=-372490&dest_type=city&group_adults=2&req_adults=2&no_rooms=1&group_children=0&req_children=0&hpos=6&hapos=157&sr_order=popularity&srpvid=91357ea171dd08a0&srepoch=1738173652&all_sr_blocks=9452608_195489180_0_2_0&highlighted_blocks=9452608_195489180_0_2_0&matching_block_id=9452608_195489180_0_2_0&sr_pri_blocks=9452608_195489180_0_2_0__102700&from_sustainable_property_sr=1&from=searchresults
Hesperia Barcelona Presidente,"Sarrià-St. Gervasi, Barcelona",https://www.booking.com/hotel/es/hesperiapresidente.html?label=gen173nr-1BCAEoggI46AdSAnVzWARoRogBAZgBMbgBGcgBD9gBAegBAYgCAagCA7gC-NjpvAbAAgHSAiQ4ZGVlZWVhMi1mOTI5LTRmOWQtOTk0OC0xMzU5MWFkYWNlODjYAgXgAgE&sid=f990c8e44d8a49a026ee40f8b9e3b3a2&aid=304142&ucfs=1&arphpl=1&checkin=2025-02-09&checkout=2025-02-16&dest_id=-372490&dest_type=city&group_adults=2&req_adults=2&no_rooms=1&group_children=0&req_children=0&hpos=7&hapos=158&sr_order=popularity&srpvid=91357ea171dd08a0&srepoch=1738173652&all_sr_blocks=9119702_93709286_0_2_0_571924&highlighted_blocks=9119702_93709286_0_2_0_571924&matching_block_id=9119702_93709286_0_2_0_571924&sr_pri_blocks=9119702_93709286_0_2_0_571924_113639&from_sustainable_property_sr=1&from=searchresults
Aparthotel Allada 3*,"Ciutat Vella, Barcelona",https://www.booking.com/hotel/es/apartamentos-allada.html?label=gen173nr-1BCAEoggI46AdSAnVzWARoRogBAZgBMbgBGcgBD9gBAegBAYgCAagCA7gC-NjpvAbAAgHSAiQ4ZGVlZWVhMi1mOTI5LTRmOWQtOTk0OC0xMzU5MWFkYWNlODjYAgXgAgE&sid=f990c8e44d8a49a026ee40f8b9e3b3a2&aid=304142&ucfs=1&arphpl=1&checkin=2025-02-09&checkout=2025-02-16&dest_id=-372490&dest_type=city&group_adults=2&req_adults=2&no_rooms=1&group_children=0&req_children=0&hpos=8&hapos=159&sr_order=popularity&srpvid=91357ea171dd08a0&srepoch=1738173652&all_sr_blocks=9419705_376880909_0_0_0&highlighted_blocks=9419705_376880909_0_0_0&matching_block_id=9419705_376880909_0_0_0&sr_pri_blocks=9419705_376880909_0_0_0__96525&from=searchresults
Andante Hotel,"Ciutat Vella, Barcelona",https://www.booking.com/hotel/es/andante.html?label=gen173nr-1BCAEoggI46AdSAnVzWARoRogBAZgBMbgBGcgBD9gBAegBAYgCAagCA7gC-NjpvAbAAgHSAiQ4ZGVlZWVhMi1mOTI5LTRmOWQtOTk0OC0xMzU5MWFkYWNlODjYAgXgAgE&sid=f990c8e44d8a49a026ee40f8b9e3b3a2&aid=304142&ucfs=1&arphpl=1&checkin=2025-02-09&checkout=2025-02-16&dest_id=-372490&dest_type=city&group_adults=2&req_adults=2&no_rooms=1&group_children=0&req_children=0&hpos=9&hapos=160&sr_order=popularity&srpvid=91357ea171dd08a0&srepoch=1738173652&all_sr_blocks=36479009_91473423_0_1_0&highlighted_blocks=36479009_91473423_0_1_0&matching_block_id=36479009_91473423_0_1_0&sr_pri_blocks=36479009_91473423_0_1_0__114120&from_sustainable_property_sr=1&from=searchresults
BruStar Gotic-Centric,"Eixample, Barcelona",https://www.booking.com/hotel/es/brustarr-gotic.html?label=gen173nr-1BCAEoggI46AdSAnVzWARoRogBAZgBMbgBGcgBD9gBAegBAYgCAagCA7gC-NjpvAbAAgHSAiQ4ZGVlZWVhMi1mOTI5LTRmOWQtOTk0OC0xMzU5MWFkYWNlODjYAgXgAgE&sid=f990c8e44d8a49a026ee40f8b9e3b3a2&aid=304142&ucfs=1&arphpl=1&checkin=2025-02-09&checkout=2025-02-16&dest_id=-372490&dest_type=city&group_adults=2&req_adults=2&no_rooms=1&group_children=0&req_children=0&hpos=10&hapos=161&sr_order=popularity&srpvid=91357ea171dd08a0&srepoch=1738173652&all_sr_blocks=36151602_88498639_0_0_0&highlighted_blocks=36151602_88498639_0_0_0&matching_block_id=36151602_88498639_0_0_0&sr_pri_blocks=36151602_88498639_0_0_0__79380&from=searchresults
NH Collection Barcelona Podium,"Eixample, Barcelona",https://www.booking.com/hotel/es/nhpodium.html?label=gen173nr-1BCAEoggI46AdSAnVzWARoRogBAZgBMbgBGcgBD9gBAegBAYgCAagCA7gC-NjpvAbAAgHSAiQ4ZGVlZWVhMi1mOTI5LTRmOWQtOTk0OC0xMzU5MWFkYWNlODjYAgXgAgE&sid=f990c8e44d8a49a026ee40f8b9e3b3a2&aid=304142&ucfs=1&arphpl=1&checkin=2025-02-09&checkout=2025-02-16&dest_id=-372490&dest_type=city&group_adults=2&req_adults=2&no_rooms=1&group_children=0&req_children=0&hpos=11&hapos=162&sr_order=popularity&srpvid=91357ea171dd08a0&srepoch=1738173652&all_sr_blocks=9077819_93709050_0_2_0&highlighted_blocks=9077819_93709050_0_2_0&matching_block_id=9077819_93709050_0_2_0&sr_pri_blocks=9077819_93709050_0_2_0__140355&from_sustainable_property_sr=1&from=searchresults
Hotel 54 Barceloneta,"Ciutat Vella, Barcelona",https://www.booking.com/hotel/es/54-barceloneta.html?label=gen173nr-1BCAEoggI46AdSAnVzWARoRogBAZgBMbgBGcgBD9gBAegBAYgCAagCA7gC-NjpvAbAAgHSAiQ4ZGVlZWVhMi1mOTI5LTRmOWQtOTk0OC0xMzU5MWFkYWNlODjYAgXgAgE&sid=f990c8e44d8a49a026ee40f8b9e3b3a2&aid=304142&ucfs=1&arphpl=1&checkin=2025-02-09&checkout=2025-02-16&dest_id=-372490&dest_type=city&group_adults=2&req_adults=2&no_rooms=1&group_children=0&req_children=0&hpos=12&hapos=163&sr_order=popularity&srpvid=91357ea171dd08a0&srepoch=1738173652&all_sr_blocks=9432102_88195784_2_2_0&highlighted_blocks=9432102_88195784_2_2_0&matching_block_id=9432102_88195784_2_2_0&sr_pri_blocks=9432102_88195784_2_2_0__132388&from=searchresults
Hotel Turin Barcelona,"Ciutat Vella, Barcelona",https://www.booking.com/hotel/es/turin.html?label=gen173nr-1BCAEoggI46AdSAnVzWARoRogBAZgBMbgBGcgBD9gBAegBAYgCAagCA7gC-NjpvAbAAgHSAiQ4ZGVlZWVhMi1mOTI5LTRmOWQtOTk0OC0xMzU5MWFkYWNlODjYAgXgAgE&sid=f990c8e44d8a49a026ee40f8b9e3b3a2&aid=304142&ucfs=1&arphpl=1&checkin=2025-02-09&checkout=2025-02-16&dest_id=-372490&dest_type=city&group_adults=2&req_adults=2&no_rooms=1&group_children=0&req_children=0&hpos=13&hapos=164&sr_order=popularity&srpvid=91357ea171dd08a0&srepoch=1738173652&all_sr_blocks=0_0_2_1_0&highlighted_blocks=0_0_2_1_0&matching_block_id=0_0_2_1_0&sr_pri_blocks=0_0_2_1_0__100647&from=searchresults
Caledonian,"Eixample, Barcelona",https://www.booking.com/hotel/es/caledonian.html?label=gen173nr-1BCAEoggI46AdSAnVzWARoRogBAZgBMbgBGcgBD9gBAegBAYgCAagCA7gC-NjpvAbAAgHSAiQ4ZGVlZWVhMi1mOTI5LTRmOWQtOTk0OC0xMzU5MWFkYWNlODjYAgXgAgE&sid=f990c8e44d8a49a026ee40f8b9e3b3a2&aid=304142&ucfs=1&arphpl=1&checkin=2025-02-09&checkout=2025-02-16&dest_id=-372490&dest_type=city&group_adults=2&req_adults=2&no_rooms=1&group_children=0&req_children=0&hpos=14&hapos=165&sr_order=popularity&srpvid=91357ea171dd08a0&srepoch=1738173652&all_sr_blocks=9015805_88181415_0_2_0&highlighted_blocks=9015805_88181415_0_2_0&matching_block_id=9015805_88181415_0_2_0&sr_pri_blocks=9015805_88181415_0_2_0__122047&from=searchresults
H La Paloma Boutique,"Ciutat Vella, Barcelona",https://www.booking.com/hotel/es/h-la-paloma.html?label=gen173nr-1BCAEoggI46AdSAnVzWARoRogBAZgBMbgBGcgBD9gBAegBAYgCAagCA7gC-NjpvAbAAgHSAiQ4ZGVlZWVhMi1mOTI5LTRmOWQtOTk0OC0xMzU5MWFkYWNlODjYAgXgAgE&sid=f990c8e44d8a49a026ee40f8b9e3b3a2&aid=304142&ucfs=1&arphpl=1&checkin=2025-02-09&checkout=2025-02-16&dest_id=-372490&dest_type=city&group_adults=2&req_adults=2&no_rooms=1&group_children=0&req_children=0&hpos=15&hapos=166&sr_order=popularity&srpvid=91357ea171dd08a0&srepoch=1738173652&all_sr_blocks=90133605_93215977_0_0_0&highlighted_blocks=90133605_93215977_0_0_0&matching_block_id=90133605_93215977_0_0_0&sr_pri_blocks=90133605_93215977_0_0_0__72395&from=searchresults
Barcelona Apartment Val,"Eixample, Barcelona",https://www.booking.com/hotel/es/barcelona-apartment-val.html?label=gen173nr-1BCAEoggI46AdSAnVzWARoRogBAZgBMbgBGcgBD9gBAegBAYgCAagCA7gC-NjpvAbAAgHSAiQ4ZGVlZWVhMi1mOTI5LTRmOWQtOTk0OC0xMzU5MWFkYWNlODjYAgXgAgE&sid=f990c8e44d8a49a026ee40f8b9e3b3a2&aid=304142&ucfs=1&arphpl=1&checkin=2025-02-09&checkout=2025-02-16&dest_id=-372490&dest_type=city&group_adults=2&req_adults=2&no_rooms=1&group_children=0&req_children=0&hpos=16&hapos=167&sr_order=popularity&srpvid=91357ea171dd08a0&srepoch=1738173652&all_sr_blocks=55536701_376881081_0_0_0&highlighted_blocks=55536701_376881081_0_0_0&matching_block_id=55536701_376881081_0_0_0&sr_pri_blocks=55536701_376881081_0_0_0__107368&from=searchresults
"Via Sants Hotel Barcelona, Tapestry Collection By Hilton","Eixample, Barcelona",https://www.booking.com/hotel/es/via-sants-barcelona-tapestry-collection-by-hilton.html?label=gen173nr-1BCAEoggI46AdSAnVzWARoRogBAZgBMbgBGcgBD9gBAegBAYgCAagCA7gC-NjpvAbAAgHSAiQ4ZGVlZWVhMi1mOTI5LTRmOWQtOTk0OC0xMzU5MWFkYWNlODjYAgXgAgE&sid=f990c8e44d8a49a026ee40f8b9e3b3a2&aid=304142&ucfs=1&arphpl=1&checkin=2025-02-09&checkout=2025-02-16&dest_id=-372490&dest_type=city&group_adults=2&req_adults=2&no_rooms=1&group_children=0&req_children=0&hpos=17&hapos=168&sr_order=popularity&srpvid=91357ea171dd08a0&srepoch=1738173652&all_sr_blocks=910398501_362341458_2_34_0&highlighted_blocks=910398501_362341458_2_34_0&matching_block_id=910398501_362341458_2_34_0&sr_pri_blocks=910398501_362341458_2_34_0__119057&from=searchresults
Barcelona Apartment Villarroel,"Eixample, Barcelona",https://www.booking.com/hotel/es/barcelona-apartment-villarroel.html?label=gen173nr-1BCAEoggI46AdSAnVzWARoRogBAZgBMbgBGcgBD9gBAegBAYgCAagCA7gC-NjpvAbAAgHSAiQ4ZGVlZWVhMi1mOTI5LTRmOWQtOTk0OC0xMzU5MWFkYWNlODjYAgXgAgE&sid=f990c8e44d8a49a026ee40f8b9e3b3a2&aid=304142&ucfs=1&arphpl=1&checkin=2025-02-09&checkout=2025-02-16&dest_id=-372490&dest_type=city&group_adults=2&req_adults=2&no_rooms=1&group_children=0&req_children=0&hpos=18&hapos=169&sr_order=popularity&srpvid=91357ea171dd08a0&srepoch=1738173652&all_sr_blocks=48247603_0_2_0_0&highlighted_blocks=48247603_0_2_0_0&matching_block_id=48247603_0_2_0_0&sr_pri_blocks=48247603_0_2_0_0__98307&from=searchresults
Hotel Continental Palacete,"Eixample, Barcelona",https://www.booking.com/hotel/es/continental-palacete.html?label=gen173nr-1BCAEoggI46AdSAnVzWARoRogBAZgBMbgBGcgBD9gBAegBAYgCAagCA7gC-NjpvAbAAgHSAiQ4ZGVlZWVhMi1mOTI5LTRmOWQtOTk0OC0xMzU5MWFkYWNlODjYAgXgAgE&sid=f990c8e44d8a49a026ee40f8b9e3b3a2&aid=304142&ucfs=1&arphpl=1&checkin=2025-02-09&checkout=2025-02-16&dest_id=-372490&dest_type=city&group_adults=2&req_adults=2&no_rooms=1&group_children=0&req_children=0&hpos=19&hapos=170&sr_order=popularity&srpvid=91357ea171dd08a0&srepoch=1738173652&all_sr_blocks=1211002_0_2_1_0&highlighted_blocks=1211002_0_2_1_0&matching_block_id=1211002_0_2_1_0&sr_pri_blocks=1211002_0_2_1_0__147760&from=searchresults
Dalia Ramblas,"Ciutat Vella, Barcelona",https://www.booking.com/hotel/es/dalia-ramblas.html?label=gen173nr-1BCAEoggI46AdSAnVzWARoRogBAZgBMbgBGcgBD9gBAegBAYgCAagCA7gC-NjpvAbAAgHSAiQ4ZGVlZWVhMi1mOTI5LTRmOWQtOTk0OC0xMzU5MWFkYWNlODjYAgXgAgE&sid=f990c8e44d8a49a026ee40f8b9e3b3a2&aid=304142&ucfs=1&arphpl=1&checkin=2025-02-09&checkout=2025-02-16&dest_id=-372490&dest_type=city&group_adults=2&req_adults=2&no_rooms=1&group_children=0&req_children=0&hpos=20&hapos=171&sr_order=popularity&srpvid=91357ea171dd08a0&srepoch=1738173652&all_sr_blocks=0_0_2_0_0&highlighted_blocks=0_0_2_0_0&matching_block_id=0_0_2_0_0&sr_pri_blocks=0_0_2_0_0__110332&from=searchresults
Rustic Apartments City View,"Eixample, Barcelona",https://www.booking.com/hotel/es/boutique-apartments-barcelona-center.html?label=gen173nr-1BCAEoggI46AdSAnVzWARoRogBAZgBMbgBGcgBD9gBAegBAYgCAagCA7gC-NjpvAbAAgHSAiQ4ZGVlZWVhMi1mOTI5LTRmOWQtOTk0OC0xMzU5MWFkYWNlODjYAgXgAgE&sid=f990c8e44d8a49a026ee40f8b9e3b3a2&aid=304142&ucfs=1&arphpl=1&checkin=2025-02-09&checkout=2025-02-16&dest_id=-372490&dest_type=city&group_adults=2&req_adults=2&no_rooms=1&group_children=0&req_children=0&hpos=21&hapos=172&sr_order=popularity&srpvid=91357ea171dd08a0&srepoch=1738173652&all_sr_blocks=1295772105_402491319_2_0_0&highlighted_blocks=1295772105_402491319_2_0_0&matching_block_id=1295772105_402491319_2_0_0&sr_pri_blocks=1295772105_402491319_2_0_0__93132&from=searchresults
Feelathome Mozart Apartments,"Gràcia, Barcelona",https://www.booking.com/hotel/es/feelathome-mozart-apartments.html?label=gen173nr-1BCAEoggI46AdSAnVzWARoRogBAZgBMbgBGcgBD9gBAegBAYgCAagCA7gC-NjpvAbAAgHSAiQ4ZGVlZWVhMi1mOTI5LTRmOWQtOTk0OC0xMzU5MWFkYWNlODjYAgXgAgE&sid=f990c8e44d8a49a026ee40f8b9e3b3a2&aid=304142&ucfs=1&arphpl=1&checkin=2025-02-09&checkout=2025-02-16&dest_id=-372490&dest_type=city&group_adults=2&req_adults=2&no_rooms=1&group_children=0&req_children=0&hpos=22&hapos=173&sr_order=popularity&srpvid=91357ea171dd08a0&srepoch=1738173652&all_sr_blocks=118015601_88509497_2_0_0&highlighted_blocks=118015601_88509497_2_0_0&matching_block_id=118015601_88509497_2_0_0&sr_pri_blocks=118015601_88509497_2_0_0__123632&from=searchresults
Hotel Jazz,"Eixample, Barcelona",https://www.booking.com/hotel/es/jazz.html?label=gen173nr-1BCAEoggI46AdSAnVzWARoRogBAZgBMbgBGcgBD9gBAegBAYgCAagCA7gC-NjpvAbAAgHSAiQ4ZGVlZWVhMi1mOTI5LTRmOWQtOTk0OC0xMzU5MWFkYWNlODjYAgXgAgE&sid=f990c8e44d8a49a026ee40f8b9e3b3a2&aid=304142&ucfs=1&arphpl=1&checkin=2025-02-09&checkout=2025-02-16&dest_id=-372490&dest_type=city&group_adults=2&req_adults=2&no_rooms=1&group_children=0&req_children=0&hpos=23&hapos=174&sr_order=popularity&srpvid=91357ea171dd08a0&srepoch=1738173652&all_sr_blocks=9056002_0_2_0_0&highlighted_blocks=9056002_0_2_0_0&matching_block_id=9056002_0_2_0_0&sr_pri_blocks=9056002_0_2_0_0__101087&from_sustainable_property_sr=1&from=searchresults
"Radisson Blu 1882 Hotel, Barcelona Sagrada Familia","Gràcia, Barcelona",https://www.booking.com/hotel/es/barcelona-1882-barcelona1.html?label=gen173nr-1BCAEoggI46AdSAnVzWARoRogBAZgBMbgBGcgBD9gBAegBAYgCAagCA7gC-NjpvAbAAgHSAiQ4ZGVlZWVhMi1mOTI5LTRmOWQtOTk0OC0xMzU5MWFkYWNlODjYAgXgAgE&sid=f990c8e44d8a49a026ee40f8b9e3b3a2&aid=304142&ucfs=1&arphpl=1&checkin=2025-02-09&checkout=2025-02-16&dest_id=-372490&dest_type=city&group_adults=2&req_adults=2&no_rooms=1&group_children=0&req_children=0&hpos=24&hapos=175&sr_order=popularity&srpvid=91357ea171dd08a0&srepoch=1738173652&all_sr_blocks=405526609_124376065_2_1_0&highlighted_blocks=405526609_124376065_2_1_0&matching_block_id=405526609_124376065_2_1_0&sr_pri_blocks=405526609_124376065_2_1_0__182878&from_sustainable_property_sr=1&from=searchresults
Grand Hyatt Barcelona,"Les Corts, Barcelona",https://www.booking.com/hotel/es/grandhyattbarcelona.html?label=gen173nr-1BCAEoggI46AdSAnVzWARoRogBAZgBMbgBGcgBD9gBAegBAYgCAagCA7gC-NjpvAbAAgHSAiQ4ZGVlZWVhMi1mOTI5LTRmOWQtOTk0OC0xMzU5MWFkYWNlODjYAgXgAgE&sid=f990c8e44d8a49a026ee40f8b9e3b3a2&aid=304142&ucfs=1&arphpl=1&checkin=2025-02-09&checkout=2025-02-16&dest_id=-372490&dest_type=city&group_adults=2&req_adults=2&no_rooms=1&group_children=0&req_children=0&hpos=25&hapos=176&sr_order=popularity&srpvid=91357ea171dd08a0&srepoch=1738173652&all_sr_blocks=9041165_384625829_2_42_0&highlighted_blocks=9041165_384625829_2_42_0&matching_block_id=9041165_384625829_2_42_0&sr_pri_blocks=9041165_384625829_2_42_0__166852&from_sustainable_property_sr=1&from=searchresults
H10 Urquinaona Plaza,"Eixample, Barcelona",https://www.booking.com/hotel/es/h10-urquinaona-plaza.html?label=gen173nr-1BCAEoggI46AdSAnVzWARoRogBAZgBMbgBGcgBD9gBAegBAYgCAagCA7gC-NjpvAbAAgHSAiQ4ZGVlZWVhMi1mOTI5LTRmOWQtOTk0OC0xMzU5MWFkYWNlODjYAgXgAgE&sid=f990c8e44d8a49a026ee40f8b9e3b3a2&aid=304142&ucfs=1&arphpl=1&checkin=2025-02-09&checkout=2025-02-16&dest_id=-372490&dest_type=city&group_adults=2&req_adults=2&no_rooms=1&group_children=0&req_children=0&hpos=1&hapos=177&sr_order=popularity&srpvid=91357ea171dd08a0&srepoch=1738173653&all_sr_blocks=54161404_203894649_0_2_0_231245&highlighted_blocks=54161404_203894649_0_2_0_231245&matching_block_id=54161404_203894649_0_2_0_231245&sr_pri_blocks=54161404_203894649_0_2_0_231245_147278&from_sustainable_property_sr=1&from=searchresults
Ibis Barcelona Meridiana,"Nou Barris, Barcelona",https://www.booking.com/hotel/es/ibis-barcelona-meridiana.html?label=gen173nr-1BCAEoggI46AdSAnVzWARoRogBAZgBMbgBGcgBD9gBAegBAYgCAagCA7gC-NjpvAbAAgHSAiQ4ZGVlZWVhMi1mOTI5LTRmOWQtOTk0OC0xMzU5MWFkYWNlODjYAgXgAgE&sid=f990c8e44d8a49a026ee40f8b9e3b3a2&aid=304142&ucfs=1&arphpl=1&checkin=2025-02-09&checkout=2025-02-16&dest_id=-372490&dest_type=city&group_adults=2&req_adults=2&no_rooms=1&group_children=0&req_children=0&hpos=2&hapos=178&sr_order=popularity&srpvid=91357ea171dd08a0&srepoch=1738173653&all_sr_blocks=27022203_93721278_2_34_0&highlighted_blocks=27022203_93721278_2_34_0&matching_block_id=27022203_93721278_2_34_0&sr_pri_blocks=27022203_93721278_2_34_0__71920&from=searchresults
La Casa de Antonio Boutique Rooms,"Eixample, Barcelona",https://www.booking.com/hotel/es/la-casa-de-antonio.html?label=gen173nr-1BCAEoggI46AdSAnVzWARoRogBAZgBMbgBGcgBD9gBAegBAYgCAagCA7gC-NjpvAbAAgHSAiQ4ZGVlZWVhMi1mOTI5LTRmOWQtOTk0OC0xMzU5MWFkYWNlODjYAgXgAgE&sid=f990c8e44d8a49a026ee40f8b9e3b3a2&aid=304142&ucfs=1&arphpl=1&checkin=2025-02-09&checkout=2025-02-16&dest_id=-372490&dest_type=city&group_adults=2&req_adults=2&no_rooms=1&group_children=0&req_children=0&hpos=3&hapos=179&sr_order=popularity&srpvid=91357ea171dd08a0&srepoch=1738173653&all_sr_blocks=125636403_0_2_0_0&highlighted_blocks=125636403_0_2_0_0&matching_block_id=125636403_0_2_0_0&sr_pri_blocks=125636403_0_2_0_0__88616&from=searchresults
Hotel Sagrada Familia,"Eixample, Barcelona",https://www.booking.com/hotel/es/sagradafamilia.html?label=gen173nr-1BCAEoggI46AdSAnVzWARoRogBAZgBMbgBGcgBD9gBAegBAYgCAagCA7gC-NjpvAbAAgHSAiQ4ZGVlZWVhMi1mOTI5LTRmOWQtOTk0OC0xMzU5MWFkYWNlODjYAgXgAgE&sid=f990c8e44d8a49a026ee40f8b9e3b3a2&aid=304142&ucfs=1&arphpl=1&checkin=2025-02-09&checkout=2025-02-16&dest_id=-372490&dest_type=city&group_adults=2&req_adults=2&no_rooms=1&group_children=0&req_children=0&hpos=4&hapos=180&sr_order=popularity&srpvid=91357ea171dd08a0&srepoch=1738173653&all_sr_blocks=9118810_91908190_0_2_0_405988&highlighted_blocks=9118810_91908190_0_2_0_405988&matching_block_id=9118810_91908190_0_2_0_405988&sr_pri_blocks=9118810_91908190_0_2_0_405988_84650&from=searchresults
Hotel Glòries,"Eixample, Barcelona",https://www.booking.com/hotel/es/glories.html?label=gen173nr-1BCAEoggI46AdSAnVzWARoRogBAZgBMbgBGcgBD9gBAegBAYgCAagCA7gC-NjpvAbAAgHSAiQ4ZGVlZWVhMi1mOTI5LTRmOWQtOTk0OC0xMzU5MWFkYWNlODjYAgXgAgE&sid=f990c8e44d8a49a026ee40f8b9e3b3a2&aid=304142&ucfs=1&arphpl=1&checkin=2025-02-09&checkout=2025-02-16&dest_id=-372490&dest_type=city&group_adults=2&req_adults=2&no_rooms=1&group_children=0&req_children=0&hpos=5&hapos=181&sr_order=popularity&srpvid=91357ea171dd08a0&srepoch=1738173653&all_sr_blocks=9144304_0_2_0_0&highlighted_blocks=9144304_0_2_0_0&matching_block_id=9144304_0_2_0_0&sr_pri_blocks=9144304_0_2_0_0__80147&from=searchresults
Ilunion Bel-Art,"Horta-Guinardó, Barcelona",https://www.booking.com/hotel/es/hotelbelart.html?label=gen173nr-1BCAEoggI46AdSAnVzWARoRogBAZgBMbgBGcgBD9gBAegBAYgCAagCA7gC-NjpvAbAAgHSAiQ4ZGVlZWVhMi1mOTI5LTRmOWQtOTk0OC0xMzU5MWFkYWNlODjYAgXgAgE&sid=f990c8e44d8a49a026ee40f8b9e3b3a2&aid=304142&ucfs=1&arphpl=1&checkin=2025-02-09&checkout=2025-02-16&dest_id=-372490&dest_type=city&group_adults=2&req_adults=2&no_rooms=1&group_children=0&req_children=0&hpos=6&hapos=182&sr_order=popularity&srpvid=91357ea171dd08a0&srepoch=1738173653&all_sr_blocks=9044902_88181729_0_2_0_311284&highlighted_blocks=9044902_88181729_0_2_0_311284&matching_block_id=9044902_88181729_0_2_0_311284&sr_pri_blocks=9044902_88181729_0_2_0_311284_99412&from=searchresults
AMISTAT City Hostel Barcelona,"Sant Andreu, Barcelona",https://www.booking.com/hotel/es/amistat-city-hostel-barcelona.html?label=gen173nr-1BCAEoggI46AdSAnVzWARoRogBAZgBMbgBGcgBD9gBAegBAYgCAagCA7gC-NjpvAbAAgHSAiQ4ZGVlZWVhMi1mOTI5LTRmOWQtOTk0OC0xMzU5MWFkYWNlODjYAgXgAgE&sid=f990c8e44d8a49a026ee40f8b9e3b3a2&aid=304142&ucfs=1&arphpl=1&checkin=2025-02-09&checkout=2025-02-16&dest_id=-372490&dest_type=city&group_adults=2&req_adults=2&no_rooms=1&group_children=0&req_children=0&hpos=7&hapos=183&sr_order=popularity&srpvid=91357ea171dd08a0&srepoch=1738173653&all_sr_blocks=1157136218_388486932_2_2_0_290170&highlighted_blocks=1157136218_388486932_2_2_0_290170&matching_block_id=1157136218_388486932_2_2_0_290170&sr_pri_blocks=1157136218_388486932_2_2_0_290170_88430&from=searchresults
Praktik Garden,"Eixample, Barcelona",https://www.booking.com/hotel/es/the-praktik.html?label=gen173nr-1BCAEoggI46AdSAnVzWARoRogBAZgBMbgBGcgBD9gBAegBAYgCAagCA7gC-NjpvAbAAgHSAiQ4ZGVlZWVhMi1mOTI5LTRmOWQtOTk0OC0xMzU5MWFkYWNlODjYAgXgAgE&sid=f990c8e44d8a49a026ee40f8b9e3b3a2&aid=304142&ucfs=1&arphpl=1&checkin=2025-02-09&checkout=2025-02-16&dest_id=-372490&dest_type=city&group_adults=2&req_adults=2&no_rooms=1&group_children=0&req_children=0&hpos=8&hapos=184&sr_order=popularity&srpvid=91357ea171dd08a0&srepoch=1738173653&all_sr_blocks=9450116_351632806_0_0_0&highlighted_blocks=9450116_351632806_0_0_0&matching_block_id=9450116_351632806_0_0_0&sr_pri_blocks=9450116_351632806_0_0_0__88800&from_sustainable_property_sr=1&from=searchresults
Catalonia Port,"Ciutat Vella, Barcelona",https://www.booking.com/hotel/es/catalonia-port.html?label=gen173nr-1BCAEoggI46AdSAnVzWARoRogBAZgBMbgBGcgBD9gBAegBAYgCAagCA7gC-NjpvAbAAgHSAiQ4ZGVlZWVhMi1mOTI5LTRmOWQtOTk0OC0xMzU5MWFkYWNlODjYAgXgAgE&sid=f990c8e44d8a49a026ee40f8b9e3b3a2&aid=304142&ucfs=1&arphpl=1&checkin=2025-02-09&checkout=2025-02-16&dest_id=-372490&dest_type=city&group_adults=2&req_adults=2&no_rooms=1&group_children=0&req_children=0&hpos=9&hapos=185&sr_order=popularity&srpvid=91357ea171dd08a0&srepoch=1738173653&all_sr_blocks=1336010_194586201_0_2_0&highlighted_blocks=1336010_194586201_0_2_0&matching_block_id=1336010_194586201_0_2_0&sr_pri_blocks=1336010_194586201_0_2_0__131278&from_sustainable_property_sr=1&from=searchresults
Guitart Grand Passage,"Eixample, Barcelona",https://www.booking.com/hotel/es/grandpasage.html?label=gen173nr-1BCAEoggI46AdSAnVzWARoRogBAZgBMbgBGcgBD9gBAegBAYgCAagCA7gC-NjpvAbAAgHSAiQ4ZGVlZWVhMi1mOTI5LTRmOWQtOTk0OC0xMzU5MWFkYWNlODjYAgXgAgE&sid=f990c8e44d8a49a026ee40f8b9e3b3a2&aid=304142&ucfs=1&arphpl=1&checkin=2025-02-09&checkout=2025-02-16&dest_id=-372490&dest_type=city&group_adults=2&req_adults=2&no_rooms=1&group_children=0&req_children=0&hpos=10&hapos=186&sr_order=popularity&srpvid=91357ea171dd08a0&srepoch=1738173653&all_sr_blocks=0_0_2_0_0&highlighted_blocks=0_0_2_0_0&matching_block_id=0_0_2_0_0&sr_pri_blocks=0_0_2_0_0__94829&from_sustainable_property_sr=1&from=searchresults
08028 Apartments,"Les Corts, Barcelona",https://www.booking.com/hotel/es/08028apartments.html?label=gen173nr-1BCAEoggI46AdSAnVzWARoRogBAZgBMbgBGcgBD9gBAegBAYgCAagCA7gC-NjpvAbAAgHSAiQ4ZGVlZWVhMi1mOTI5LTRmOWQtOTk0OC0xMzU5MWFkYWNlODjYAgXgAgE&sid=f990c8e44d8a49a026ee40f8b9e3b3a2&aid=304142&ucfs=1&arphpl=1&checkin=2025-02-09&checkout=2025-02-16&dest_id=-372490&dest_type=city&group_adults=2&req_adults=2&no_rooms=1&group_children=0&req_children=0&hpos=11&hapos=187&sr_order=popularity&srpvid=91357ea171dd08a0&srepoch=1738173653&all_sr_blocks=26451102_348175686_0_0_0&highlighted_blocks=26451102_348175686_0_0_0&matching_block_id=26451102_348175686_0_0_0&sr_pri_blocks=26451102_348175686_0_0_0__93508&from=searchresults
Condes de Barcelona,"Eixample, Barcelona",https://www.booking.com/hotel/es/condes-de-barcelona.html?label=gen173nr-1BCAEoggI46AdSAnVzWARoRogBAZgBMbgBGcgBD9gBAegBAYgCAagCA7gC-NjpvAbAAgHSAiQ4ZGVlZWVhMi1mOTI5LTRmOWQtOTk0OC0xMzU5MWFkYWNlODjYAgXgAgE&sid=f990c8e44d8a49a026ee40f8b9e3b3a2&aid=304142&ucfs=1&arphpl=1&checkin=2025-02-09&checkout=2025-02-16&dest_id=-372490&dest_type=city&group_adults=2&req_adults=2&no_rooms=1&group_children=0&req_children=0&hpos=12&hapos=188&sr_order=popularity&srpvid=91357ea171dd08a0&srepoch=1738173653&all_sr_blocks=9278201_0_2_0_0&highlighted_blocks=9278201_0_2_0_0&matching_block_id=9278201_0_2_0_0&sr_pri_blocks=9278201_0_2_0_0__144639&from=searchresults
AC Hotel Diagonal L'Illa by Marriott,"Les Corts, Barcelona",https://www.booking.com/hotel/es/ac-marriott-diagonal-lilla.html?label=gen173nr-1BCAEoggI46AdSAnVzWARoRogBAZgBMbgBGcgBD9gBAegBAYgCAagCA7gC-NjpvAbAAgHSAiQ4ZGVlZWVhMi1mOTI5LTRmOWQtOTk0OC0xMzU5MWFkYWNlODjYAgXgAgE&sid=f990c8e44d8a49a026ee40f8b9e3b3a2&aid=304142&ucfs=1&arphpl=1&checkin=2025-02-09&checkout=2025-02-16&dest_id=-372490&dest_type=city&group_adults=2&req_adults=2&no_rooms=1&group_children=0&req_children=0&hpos=13&hapos=189&sr_order=popularity&srpvid=91357ea171dd08a0&srepoch=1738173653&all_sr_blocks=9046425_246421426_0_2_0&highlighted_blocks=9046425_246421426_0_2_0&matching_block_id=9046425_246421426_0_2_0&sr_pri_blocks=9046425_246421426_0_2_0__153236&from_sustainable_property_sr=1&from=searchresults
HCC St. Moritz,"Eixample, Barcelona",https://www.booking.com/hotel/es/stmoritz.html?label=gen173nr-1BCAEoggI46AdSAnVzWARoRogBAZgBMbgBGcgBD9gBAegBAYgCAagCA7gC-NjpvAbAAgHSAiQ4ZGVlZWVhMi1mOTI5LTRmOWQtOTk0OC0xMzU5MWFkYWNlODjYAgXgAgE&sid=f990c8e44d8a49a026ee40f8b9e3b3a2&aid=304142&ucfs=1&arphpl=1&checkin=2025-02-09&checkout=2025-02-16&dest_id=-372490&dest_type=city&group_adults=2&req_adults=2&no_rooms=1&group_children=0&req_children=0&hpos=14&hapos=190&sr_order=popularity&srpvid=91357ea171dd08a0&srepoch=1738173653&all_sr_blocks=9004402_0_2_0_0&highlighted_blocks=9004402_0_2_0_0&matching_block_id=9004402_0_2_0_0&sr_pri_blocks=9004402_0_2_0_0__98884&from_sustainable_property_sr=1&from=searchresults
Hotel Raval House,"Ciutat Vella, Barcelona",https://www.booking.com/hotel/es/raval-house.html?label=gen173nr-1BCAEoggI46AdSAnVzWARoRogBAZgBMbgBGcgBD9gBAegBAYgCAagCA7gC-NjpvAbAAgHSAiQ4ZGVlZWVhMi1mOTI5LTRmOWQtOTk0OC0xMzU5MWFkYWNlODjYAgXgAgE&sid=f990c8e44d8a49a026ee40f8b9e3b3a2&aid=304142&ucfs=1&arphpl=1&checkin=2025-02-09&checkout=2025-02-16&dest_id=-372490&dest_type=city&group_adults=2&req_adults=2&no_rooms=1&group_children=0&req_children=0&hpos=15&hapos=191&sr_order=popularity&srpvid=91357ea171dd08a0&srepoch=1738173653&all_sr_blocks=581192601_380255751_2_1_0&highlighted_blocks=581192601_380255751_2_1_0&matching_block_id=581192601_380255751_2_1_0&sr_pri_blocks=581192601_380255751_2_1_0__140700&from=searchresults
Nobu Hotel Barcelona,"Sants-Montjuïc, Barcelona",https://www.booking.com/hotel/es/nobu-barcelona.html?label=gen173nr-1BCAEoggI46AdSAnVzWARoRogBAZgBMbgBGcgBD9gBAegBAYgCAagCA7gC-NjpvAbAAgHSAiQ4ZGVlZWVhMi1mOTI5LTRmOWQtOTk0OC0xMzU5MWFkYWNlODjYAgXgAgE&sid=f990c8e44d8a49a026ee40f8b9e3b3a2&aid=304142&ucfs=1&arphpl=1&checkin=2025-02-09&checkout=2025-02-16&dest_id=-372490&dest_type=city&group_adults=2&req_adults=2&no_rooms=1&group_children=0&req_children=0&hpos=16&hapos=192&sr_order=popularity&srpvid=91357ea171dd08a0&srepoch=1738173653&all_sr_blocks=506024701_0_2_1_0&highlighted_blocks=506024701_0_2_1_0&matching_block_id=506024701_0_2_1_0&sr_pri_blocks=506024701_0_2_1_0__168819&from=searchresults
Sunotel Junior,"Eixample, Barcelona",https://www.booking.com/hotel/es/junior.html?label=gen173nr-1BCAEoggI46AdSAnVzWARoRogBAZgBMbgBGcgBD9gBAegBAYgCAagCA7gC-NjpvAbAAgHSAiQ4ZGVlZWVhMi1mOTI5LTRmOWQtOTk0OC0xMzU5MWFkYWNlODjYAgXgAgE&sid=f990c8e44d8a49a026ee40f8b9e3b3a2&aid=304142&ucfs=1&arphpl=1&checkin=2025-02-09&checkout=2025-02-16&dest_id=-372490&dest_type=city&group_adults=2&req_adults=2&no_rooms=1&group_children=0&req_children=0&hpos=17&hapos=193&sr_order=popularity&srpvid=91357ea171dd08a0&srepoch=1738173653&all_sr_blocks=9102211_403677654_0_2_0&highlighted_blocks=9102211_403677654_0_2_0&matching_block_id=9102211_403677654_0_2_0&sr_pri_blocks=9102211_403677654_0_2_0__84555&from=searchresults
Super Balmes Guest House,"Eixample, Barcelona",https://www.booking.com/hotel/es/super-balmes-guest-house.html?label=gen173nr-1BCAEoggI46AdSAnVzWARoRogBAZgBMbgBGcgBD9gBAegBAYgCAagCA7gC-NjpvAbAAgHSAiQ4ZGVlZWVhMi1mOTI5LTRmOWQtOTk0OC0xMzU5MWFkYWNlODjYAgXgAgE&sid=f990c8e44d8a49a026ee40f8b9e3b3a2&aid=304142&ucfs=1&arphpl=1&checkin=2025-02-09&checkout=2025-02-16&dest_id=-372490&dest_type=city&group_adults=2&req_adults=2&no_rooms=1&group_children=0&req_children=0&hpos=18&hapos=194&sr_order=popularity&srpvid=91357ea171dd08a0&srepoch=1738173653&all_sr_blocks=82263701_0_2_0_0&highlighted_blocks=82263701_0_2_0_0&matching_block_id=82263701_0_2_0_0&sr_pri_blocks=82263701_0_2_0_0__77423&from=searchresults
ICON Bcn,"Eixample, Barcelona",https://www.booking.com/hotel/es/petit-palace-bcn.html?label=gen173nr-1BCAEoggI46AdSAnVzWARoRogBAZgBMbgBGcgBD9gBAegBAYgCAagCA7gC-NjpvAbAAgHSAiQ4ZGVlZWVhMi1mOTI5LTRmOWQtOTk0OC0xMzU5MWFkYWNlODjYAgXgAgE&sid=f990c8e44d8a49a026ee40f8b9e3b3a2&aid=304142&ucfs=1&arphpl=1&checkin=2025-02-09&checkout=2025-02-16&dest_id=-372490&dest_type=city&group_adults=2&req_adults=2&no_rooms=1&group_children=0&req_children=0&hpos=19&hapos=195&sr_order=popularity&srpvid=91357ea171dd08a0&srepoch=1738173653&all_sr_blocks=9411018_202734535_0_1_0_182198&highlighted_blocks=9411018_202734535_0_1_0_182198&matching_block_id=9411018_202734535_0_1_0_182198&sr_pri_blocks=9411018_202734535_0_1_0_182198_157678&from=searchresults
Chic & Basic Lemon Boutique Hotel,"Ciutat Vella, Barcelona",https://www.booking.com/hotel/es/marvi.html?label=gen173nr-1BCAEoggI46AdSAnVzWARoRogBAZgBMbgBGcgBD9gBAegBAYgCAagCA7gC-NjpvAbAAgHSAiQ4ZGVlZWVhMi1mOTI5LTRmOWQtOTk0OC0xMzU5MWFkYWNlODjYAgXgAgE&sid=f990c8e44d8a49a026ee40f8b9e3b3a2&aid=304142&ucfs=1&arphpl=1&checkin=2025-02-09&checkout=2025-02-16&dest_id=-372490&dest_type=city&group_adults=2&req_adults=2&no_rooms=1&group_children=0&req_children=0&hpos=20&hapos=196&sr_order=popularity&srpvid=91357ea171dd08a0&srepoch=1738173653&all_sr_blocks=1201208_95135181_0_0_0&highlighted_blocks=1201208_95135181_0_0_0&matching_block_id=1201208_95135181_0_0_0&sr_pri_blocks=1201208_95135181_0_0_0__89200&from_sustainable_property_sr=1&from=searchresults
Hotel Constanza,"Eixample, Barcelona",https://www.booking.com/hotel/es/hotelconstanza.html?label=gen173nr-1BCAEoggI46AdSAnVzWARoRogBAZgBMbgBGcgBD9gBAegBAYgCAagCA7gC-NjpvAbAAgHSAiQ4ZGVlZWVhMi1mOTI5LTRmOWQtOTk0OC0xMzU5MWFkYWNlODjYAgXgAgE&sid=f990c8e44d8a49a026ee40f8b9e3b3a2&aid=304142&ucfs=1&arphpl=1&checkin=2025-02-09&checkout=2025-02-16&dest_id=-372490&dest_type=city&group_adults=2&req_adults=2&no_rooms=1&group_children=0&req_children=0&hpos=21&hapos=197&sr_order=popularity&srpvid=91357ea171dd08a0&srepoch=1738173653&all_sr_blocks=9045704_0_2_0_0&highlighted_blocks=9045704_0_2_0_0&matching_block_id=9045704_0_2_0_0&sr_pri_blocks=9045704_0_2_0_0__82453&from=searchresults
Isabella's House,"Sarrià-St. Gervasi, Barcelona",https://www.booking.com/hotel/es/isabella-39-s-house.html?label=gen173nr-1BCAEoggI46AdSAnVzWARoRogBAZgBMbgBGcgBD9gBAegBAYgCAagCA7gC-NjpvAbAAgHSAiQ4ZGVlZWVhMi1mOTI5LTRmOWQtOTk0OC0xMzU5MWFkYWNlODjYAgXgAgE&sid=f990c8e44d8a49a026ee40f8b9e3b3a2&aid=304142&ucfs=1&arphpl=1&checkin=2025-02-09&checkout=2025-02-16&dest_id=-372490&dest_type=city&group_adults=2&req_adults=2&no_rooms=1&group_children=0&req_children=0&hpos=22&hapos=198&sr_order=popularity&srpvid=91357ea171dd08a0&srepoch=1738173653&all_sr_blocks=582626806_383949294_2_2_0&highlighted_blocks=582626806_383949294_2_2_0&matching_block_id=582626806_383949294_2_2_0&sr_pri_blocks=582626806_383949294_2_2_0__113312&from=searchresults
Hotel Monegal,"Ciutat Vella, Barcelona",https://www.booking.com/hotel/es/monegal.html?label=gen173nr-1BCAEoggI46AdSAnVzWARoRogBAZgBMbgBGcgBD9gBAegBAYgCAagCA7gC-NjpvAbAAgHSAiQ4ZGVlZWVhMi1mOTI5LTRmOWQtOTk0OC0xMzU5MWFkYWNlODjYAgXgAgE&sid=f990c8e44d8a49a026ee40f8b9e3b3a2&aid=304142&ucfs=1&arphpl=1&checkin=2025-02-09&checkout=2025-02-16&dest_id=-372490&dest_type=city&group_adults=2&req_adults=2&no_rooms=1&group_children=0&req_children=0&hpos=23&hapos=199&sr_order=popularity&srpvid=91357ea171dd08a0&srepoch=1738173653&all_sr_blocks=9043509_117716363_0_0_0&highlighted_blocks=9043509_117716363_0_0_0&matching_block_id=9043509_117716363_0_0_0&sr_pri_blocks=9043509_117716363_0_0_0__87800&from=searchresults
Home to Home Barcelona,"Sants-Montjuïc, Barcelona",https://www.booking.com/hotel/es/home-to-home-barcelona.html?label=gen173nr-1BCAEoggI46AdSAnVzWARoRogBAZgBMbgBGcgBD9gBAegBAYgCAagCA7gC-NjpvAbAAgHSAiQ4ZGVlZWVhMi1mOTI5LTRmOWQtOTk0OC0xMzU5MWFkYWNlODjYAgXgAgE&sid=f990c8e44d8a49a026ee40f8b9e3b3a2&aid=304142&ucfs=1&arphpl=1&checkin=2025-02-09&checkout=2025-02-16&dest_id=-372490&dest_type=city&group_adults=2&req_adults=2&no_rooms=1&group_children=0&req_children=0&hpos=1&hapos=200&sr_order=popularity&srpvid=91357ea171dd08a0&srepoch=1738173655&all_sr_blocks=54275703_247002750_0_0_0&highlighted_blocks=54275703_247002750_0_0_0&matching_block_id=54275703_247002750_0_0_0&sr_pri_blocks=54275703_247002750_0_0_0__105621&from=searchresults
Hotel Barcelona Condal Mar Affiliated by Meliá,"Sant Martí, Barcelona",https://www.booking.com/hotel/es/hotel-barcelona-condal-mar.html?label=gen173nr-1BCAEoggI46AdSAnVzWARoRogBAZgBMbgBGcgBD9gBAegBAYgCAagCA7gC-NjpvAbAAgHSAiQ4ZGVlZWVhMi1mOTI5LTRmOWQtOTk0OC0xMzU5MWFkYWNlODjYAgXgAgE&sid=f990c8e44d8a49a026ee40f8b9e3b3a2&aid=304142&ucfs=1&arphpl=1&checkin=2025-02-09&checkout=2025-02-16&dest_id=-372490&dest_type=city&group_adults=2&req_adults=2&no_rooms=1&group_children=0&req_children=0&hpos=2&hapos=201&sr_order=popularity&srpvid=91357ea171dd08a0&srepoch=1738173655&all_sr_blocks=9137911_91989009_2_2_0&highlighted_blocks=9137911_91989009_2_2_0&matching_block_id=9137911_91989009_2_2_0&sr_pri_blocks=9137911_91989009_2_2_0__87978&from_sustainable_property_sr=1&from=searchresults
Hotel Ronda Lesseps,"Gràcia, Barcelona",https://www.booking.com/hotel/es/rondalessepsbarcelona.html?label=gen173nr-1BCAEoggI46AdSAnVzWARoRogBAZgBMbgBGcgBD9gBAegBAYgCAagCA7gC-NjpvAbAAgHSAiQ4ZGVlZWVhMi1mOTI5LTRmOWQtOTk0OC0xMzU5MWFkYWNlODjYAgXgAgE&sid=f990c8e44d8a49a026ee40f8b9e3b3a2&aid=304142&ucfs=1&arphpl=1&checkin=2025-02-09&checkout=2025-02-16&dest_id=-372490&dest_type=city&group_adults=2&req_adults=2&no_rooms=1&group_children=0&req_children=0&hpos=3&hapos=202&sr_order=popularity&srpvid=91357ea171dd08a0&srepoch=1738173655&all_sr_blocks=9156607_356518978_0_2_0&highlighted_blocks=9156607_356518978_0_2_0&matching_block_id=9156607_356518978_0_2_0&sr_pri_blocks=9156607_356518978_0_2_0__81388&from_sustainable_property_sr=1&from=searchresults
Casa Vaganto,"Sants-Montjuïc, Barcelona",https://www.booking.com/hotel/es/casa-vaganto.html?label=gen173nr-1BCAEoggI46AdSAnVzWARoRogBAZgBMbgBGcgBD9gBAegBAYgCAagCA7gC-NjpvAbAAgHSAiQ4ZGVlZWVhMi1mOTI5LTRmOWQtOTk0OC0xMzU5MWFkYWNlODjYAgXgAgE&sid=f990c8e44d8a49a026ee40f8b9e3b3a2&aid=304142&ucfs=1&arphpl=1&checkin=2025-02-09&checkout=2025-02-16&dest_id=-372490&dest_type=city&group_adults=2&req_adults=2&no_rooms=1&group_children=0&req_children=0&hpos=4&hapos=203&sr_order=popularity&srpvid=91357ea171dd08a0&srepoch=1738173655&all_sr_blocks=373420104_120046368_0_0_0&highlighted_blocks=373420104_120046368_0_0_0&matching_block_id=373420104_120046368_0_0_0&sr_pri_blocks=373420104_120046368_0_0_0__77961&from=searchresults
May Ramblas Hotel,"Ciutat Vella, Barcelona",https://www.booking.com/hotel/es/may-ramblas.html?label=gen173nr-1BCAEoggI46AdSAnVzWARoRogBAZgBMbgBGcgBD9gBAegBAYgCAagCA7gC-NjpvAbAAgHSAiQ4ZGVlZWVhMi1mOTI5LTRmOWQtOTk0OC0xMzU5MWFkYWNlODjYAgXgAgE&sid=f990c8e44d8a49a026ee40f8b9e3b3a2&aid=304142&ucfs=1&arphpl=1&checkin=2025-02-09&checkout=2025-02-16&dest_id=-372490&dest_type=city&group_adults=2&req_adults=2&no_rooms=1&group_children=0&req_children=0&hpos=5&hapos=204&sr_order=popularity&srpvid=91357ea171dd08a0&srepoch=1738173655&all_sr_blocks=177821604_0_2_0_0&highlighted_blocks=177821604_0_2_0_0&matching_block_id=177821604_0_2_0_0&sr_pri_blocks=177821604_0_2_0_0__92660&from=searchresults
Serennia Exclusive Rooms,"Eixample, Barcelona",https://www.booking.com/hotel/es/serennia-exclusive-rooms-ramblas.html?label=gen173nr-1BCAEoggI46AdSAnVzWARoRogBAZgBMbgBGcgBD9gBAegBAYgCAagCA7gC-NjpvAbAAgHSAiQ4ZGVlZWVhMi1mOTI5LTRmOWQtOTk0OC0xMzU5MWFkYWNlODjYAgXgAgE&sid=f990c8e44d8a49a026ee40f8b9e3b3a2&aid=304142&ucfs=1&arphpl=1&checkin=2025-02-09&checkout=2025-02-16&dest_id=-372490&dest_type=city&group_adults=2&req_adults=2&no_rooms=1&group_children=0&req_children=0&hpos=6&hapos=205&sr_order=popularity&srpvid=91357ea171dd08a0&srepoch=1738173655&all_sr_blocks=140047402_310979682_2_0_0&highlighted_blocks=140047402_310979682_2_0_0&matching_block_id=140047402_310979682_2_0_0&sr_pri_blocks=140047402_310979682_2_0_0__121700&from=searchresults
SmartRoom Barcelona,"Sants-Montjuïc, Barcelona",https://www.booking.com/hotel/es/smartroom-barcelona.html?label=gen173nr-1BCAEoggI46AdSAnVzWARoRogBAZgBMbgBGcgBD9gBAegBAYgCAagCA7gC-NjpvAbAAgHSAiQ4ZGVlZWVhMi1mOTI5LTRmOWQtOTk0OC0xMzU5MWFkYWNlODjYAgXgAgE&sid=f990c8e44d8a49a026ee40f8b9e3b3a2&aid=304142&ucfs=1&arphpl=1&checkin=2025-02-09&checkout=2025-02-16&dest_id=-372490&dest_type=city&group_adults=2&req_adults=2&no_rooms=1&group_children=0&req_children=0&hpos=7&hapos=206&sr_order=popularity&srpvid=91357ea171dd08a0&srepoch=1738173655&all_sr_blocks=130602106_184478165_2_0_0&highlighted_blocks=130602106_184478165_2_0_0&matching_block_id=130602106_184478165_2_0_0&sr_pri_blocks=130602106_184478165_2_0_0__68867&from_sustainable_property_sr=1&from=searchresults
Niu Barcelona Hotel,"Ciutat Vella, Barcelona",https://www.booking.com/hotel/es/niu-barcelona.html?label=gen173nr-1BCAEoggI46AdSAnVzWARoRogBAZgBMbgBGcgBD9gBAegBAYgCAagCA7gC-NjpvAbAAgHSAiQ4ZGVlZWVhMi1mOTI5LTRmOWQtOTk0OC0xMzU5MWFkYWNlODjYAgXgAgE&sid=f990c8e44d8a49a026ee40f8b9e3b3a2&aid=304142&ucfs=1&arphpl=1&checkin=2025-02-09&checkout=2025-02-16&dest_id=-372490&dest_type=city&group_adults=2&req_adults=2&no_rooms=1&group_children=0&req_children=0&hpos=8&hapos=207&sr_order=popularity&srpvid=91357ea171dd08a0&srepoch=1738173655&all_sr_blocks=219686408_97786632_0_2_0&highlighted_blocks=219686408_97786632_0_2_0&matching_block_id=219686408_97786632_0_2_0&sr_pri_blocks=219686408_97786632_0_2_0__114260&from=searchresults
Eurostars Grand Marina Hotel GL,"Ciutat Vella, Barcelona",https://www.booking.com/hotel/es/grandmarina.html?label=gen173nr-1BCAEoggI46AdSAnVzWARoRogBAZgBMbgBGcgBD9gBAegBAYgCAagCA7gC-NjpvAbAAgHSAiQ4ZGVlZWVhMi1mOTI5LTRmOWQtOTk0OC0xMzU5MWFkYWNlODjYAgXgAgE&sid=f990c8e44d8a49a026ee40f8b9e3b3a2&aid=304142&ucfs=1&arphpl=1&checkin=2025-02-09&checkout=2025-02-16&dest_id=-372490&dest_type=city&group_adults=2&req_adults=2&no_rooms=1&group_children=0&req_children=0&hpos=9&hapos=208&sr_order=popularity&srpvid=91357ea171dd08a0&srepoch=1738173655&all_sr_blocks=9032701_93708804_2_2_0&highlighted_blocks=9032701_93708804_2_2_0&matching_block_id=9032701_93708804_2_2_0&sr_pri_blocks=9032701_93708804_2_2_0__120135&from_sustainable_property_sr=1&from=searchresults
Habitat Apartments Cool Jazz,"Sant Martí, Barcelona",https://www.booking.com/hotel/es/habitat-apartments-jazz-barcelona.html?label=gen173nr-1BCAEoggI46AdSAnVzWARoRogBAZgBMbgBGcgBD9gBAegBAYgCAagCA7gC-NjpvAbAAgHSAiQ4ZGVlZWVhMi1mOTI5LTRmOWQtOTk0OC0xMzU5MWFkYWNlODjYAgXgAgE&sid=f990c8e44d8a49a026ee40f8b9e3b3a2&aid=304142&ucfs=1&arphpl=1&checkin=2025-02-09&checkout=2025-02-16&dest_id=-372490&dest_type=city&group_adults=2&req_adults=2&no_rooms=1&group_children=0&req_children=0&hpos=10&hapos=209&sr_order=popularity&srpvid=91357ea171dd08a0&srepoch=1738173655&all_sr_blocks=138052212_86640514_0_0_0&highlighted_blocks=138052212_86640514_0_0_0&matching_block_id=138052212_86640514_0_0_0&sr_pri_blocks=138052212_86640514_0_0_0__107282&from=searchresults
Modern Apartments Center Exiample,"Eixample, Barcelona",https://www.booking.com/hotel/es/bright-sunny-apartment-in-central-exiample.html?label=gen173nr-1BCAEoggI46AdSAnVzWARoRogBAZgBMbgBGcgBD9gBAegBAYgCAagCA7gC-NjpvAbAAgHSAiQ4ZGVlZWVhMi1mOTI5LTRmOWQtOTk0OC0xMzU5MWFkYWNlODjYAgXgAgE&sid=f990c8e44d8a49a026ee40f8b9e3b3a2&aid=304142&ucfs=1&arphpl=1&checkin=2025-02-09&checkout=2025-02-16&dest_id=-372490&dest_type=city&group_adults=2&req_adults=2&no_rooms=1&group_children=0&req_children=0&hpos=11&hapos=210&sr_order=popularity&srpvid=91357ea171dd08a0&srepoch=1738173655&all_sr_blocks=1168487304_389490517_2_0_0&highlighted_blocks=1168487304_389490517_2_0_0&matching_block_id=1168487304_389490517_2_0_0&sr_pri_blocks=1168487304_389490517_2_0_0__86407&from=searchresults
45 Times Barcelona Hotel,"Eixample, Barcelona",https://www.booking.com/hotel/es/45-times-barcelona-hotel.html?label=gen173nr-1BCAEoggI46AdSAnVzWARoRogBAZgBMbgBGcgBD9gBAegBAYgCAagCA7gC-NjpvAbAAgHSAiQ4ZGVlZWVhMi1mOTI5LTRmOWQtOTk0OC0xMzU5MWFkYWNlODjYAgXgAgE&sid=f990c8e44d8a49a026ee40f8b9e3b3a2&aid=304142&ucfs=1&arphpl=1&checkin=2025-02-09&checkout=2025-02-16&dest_id=-372490&dest_type=city&group_adults=2&req_adults=2&no_rooms=1&group_children=0&req_children=0&hpos=12&hapos=211&sr_order=popularity&srpvid=91357ea171dd08a0&srepoch=1738173655&all_sr_blocks=255329702_245098339_2_2_0_313494&highlighted_blocks=255329702_245098339_2_2_0_313494&matching_block_id=255329702_245098339_2_2_0_313494&sr_pri_blocks=255329702_245098339_2_2_0_313494_166051&from_sustainable_property_sr=1&from=searchresults
Cosmo Apartments Passeig de Gràcia,"Eixample, Barcelona",https://www.booking.com/hotel/es/cosmo-apartments-passeig-de-gracia.html?label=gen173nr-1BCAEoggI46AdSAnVzWARoRogBAZgBMbgBGcgBD9gBAegBAYgCAagCA7gC-NjpvAbAAgHSAiQ4ZGVlZWVhMi1mOTI5LTRmOWQtOTk0OC0xMzU5MWFkYWNlODjYAgXgAgE&sid=f990c8e44d8a49a026ee40f8b9e3b3a2&aid=304142&ucfs=1&arphpl=1&checkin=2025-02-09&checkout=2025-02-16&dest_id=-372490&dest_type=city&group_adults=2&req_adults=2&no_rooms=1&group_children=0&req_children=0&hpos=13&hapos=212&sr_order=popularity&srpvid=91357ea171dd08a0&srepoch=1738173655&all_sr_blocks=42448612_93108651_2_0_0&highlighted_blocks=42448612_93108651_2_0_0&matching_block_id=42448612_93108651_2_0_0&sr_pri_blocks=42448612_93108651_2_0_0__124734&from=searchresults
BYPILLOW Ramblas,"Ciutat Vella, Barcelona",https://www.booking.com/hotel/es/pillow-ramblas.html?label=gen173nr-1BCAEoggI46AdSAnVzWARoRogBAZgBMbgBGcgBD9gBAegBAYgCAagCA7gC-NjpvAbAAgHSAiQ4ZGVlZWVhMi1mOTI5LTRmOWQtOTk0OC0xMzU5MWFkYWNlODjYAgXgAgE&sid=f990c8e44d8a49a026ee40f8b9e3b3a2&aid=304142&ucfs=1&arphpl=1&checkin=2025-02-09&checkout=2025-02-16&dest_id=-372490&dest_type=city&group_adults=2&req_adults=2&no_rooms=1&group_children=0&req_children=0&hpos=14&hapos=213&sr_order=popularity&srpvid=91357ea171dd08a0&srepoch=1738173655&all_sr_blocks=47437002_88209774_0_0_0&highlighted_blocks=47437002_88209774_0_0_0&matching_block_id=47437002_88209774_0_0_0&sr_pri_blocks=47437002_88209774_0_0_0__99079&from_sustainable_property_sr=1&from=searchresults
BcnStop Sagrada Familia,"Horta-Guinardó, Barcelona",https://www.booking.com/hotel/es/bcn-stop-sagrada-familia.html?label=gen173nr-1BCAEoggI46AdSAnVzWARoRogBAZgBMbgBGcgBD9gBAegBAYgCAagCA7gC-NjpvAbAAgHSAiQ4ZGVlZWVhMi1mOTI5LTRmOWQtOTk0OC0xMzU5MWFkYWNlODjYAgXgAgE&sid=f990c8e44d8a49a026ee40f8b9e3b3a2&aid=304142&ucfs=1&arphpl=1&checkin=2025-02-09&checkout=2025-02-16&dest_id=-372490&dest_type=city&group_adults=2&req_adults=2&no_rooms=1&group_children=0&req_children=0&hpos=15&hapos=214&sr_order=popularity&srpvid=91357ea171dd08a0&srepoch=1738173655&all_sr_blocks=24456601_0_2_0_0&highlighted_blocks=24456601_0_2_0_0&matching_block_id=24456601_0_2_0_0&sr_pri_blocks=24456601_0_2_0_0__90447&from=searchresults
Sunotel Club Central,"Eixample, Barcelona",https://www.booking.com/hotel/es/sunotel-club-central.html?label=gen173nr-1BCAEoggI46AdSAnVzWARoRogBAZgBMbgBGcgBD9gBAegBAYgCAagCA7gC-NjpvAbAAgHSAiQ4ZGVlZWVhMi1mOTI5LTRmOWQtOTk0OC0xMzU5MWFkYWNlODjYAgXgAgE&sid=f990c8e44d8a49a026ee40f8b9e3b3a2&aid=304142&ucfs=1&arphpl=1&checkin=2025-02-09&checkout=2025-02-16&dest_id=-372490&dest_type=city&group_adults=2&req_adults=2&no_rooms=1&group_children=0&req_children=0&hpos=16&hapos=215&sr_order=popularity&srpvid=91357ea171dd08a0&srepoch=1738173655&all_sr_blocks=54199006_0_2_0_0&highlighted_blocks=54199006_0_2_0_0&matching_block_id=54199006_0_2_0_0&sr_pri_blocks=54199006_0_2_0_0__109548&from=searchresults
Suite Place Barcelona Còrsega,"Eixample, Barcelona",https://www.booking.com/hotel/es/suite-place-barcelona.html?label=gen173nr-1BCAEoggI46AdSAnVzWARoRogBAZgBMbgBGcgBD9gBAegBAYgCAagCA7gC-NjpvAbAAgHSAiQ4ZGVlZWVhMi1mOTI5LTRmOWQtOTk0OC0xMzU5MWFkYWNlODjYAgXgAgE&sid=f990c8e44d8a49a026ee40f8b9e3b3a2&aid=304142&ucfs=1&arphpl=1&checkin=2025-02-09&checkout=2025-02-16&dest_id=-372490&dest_type=city&group_adults=2&req_adults=2&no_rooms=1&group_children=0&req_children=0&hpos=17&hapos=216&sr_order=popularity&srpvid=91357ea171dd08a0&srepoch=1738173655&all_sr_blocks=168671907_231408062_2_0_0&highlighted_blocks=168671907_231408062_2_0_0&matching_block_id=168671907_231408062_2_0_0&sr_pri_blocks=168671907_231408062_2_0_0__127132&from=searchresults
Aparthotel Napols - Abapart,"Eixample, Barcelona",https://www.booking.com/hotel/es/aparthotelnapols.html?label=gen173nr-1BCAEoggI46AdSAnVzWARoRogBAZgBMbgBGcgBD9gBAegBAYgCAagCA7gC-NjpvAbAAgHSAiQ4ZGVlZWVhMi1mOTI5LTRmOWQtOTk0OC0xMzU5MWFkYWNlODjYAgXgAgE&sid=f990c8e44d8a49a026ee40f8b9e3b3a2&aid=304142&ucfs=1&arphpl=1&checkin=2025-02-09&checkout=2025-02-16&dest_id=-372490&dest_type=city&group_adults=2&req_adults=2&no_rooms=1&group_children=0&req_children=0&hpos=18&hapos=217&sr_order=popularity&srpvid=91357ea171dd08a0&srepoch=1738173655&all_sr_blocks=0_0_2_0_0&highlighted_blocks=0_0_2_0_0&matching_block_id=0_0_2_0_0&sr_pri_blocks=0_0_2_0_0__104150&from=searchresults
Jardinets De Gràcia by The 5ve Soul,"Gràcia, Barcelona",https://www.booking.com/hotel/es/the-5ve-soul-gracia.html?label=gen173nr-1BCAEoggI46AdSAnVzWARoRogBAZgBMbgBGcgBD9gBAegBAYgCAagCA7gC-NjpvAbAAgHSAiQ4ZGVlZWVhMi1mOTI5LTRmOWQtOTk0OC0xMzU5MWFkYWNlODjYAgXgAgE&sid=f990c8e44d8a49a026ee40f8b9e3b3a2&aid=304142&ucfs=1&arphpl=1&checkin=2025-02-09&checkout=2025-02-16&dest_id=-372490&dest_type=city&group_adults=2&req_adults=2&no_rooms=1&group_children=0&req_children=0&hpos=19&hapos=218&sr_order=popularity&srpvid=91357ea171dd08a0&srepoch=1738173655&all_sr_blocks=771340404_358349631_2_0_0&highlighted_blocks=771340404_358349631_2_0_0&matching_block_id=771340404_358349631_2_0_0&sr_pri_blocks=771340404_358349631_2_0_0__128032&from=searchresults
Aparthotel Bertrán,"Sarrià-St. Gervasi, Barcelona",https://www.booking.com/hotel/es/aparthotel-bertran.html?label=gen173nr-1BCAEoggI46AdSAnVzWARoRogBAZgBMbgBGcgBD9gBAegBAYgCAagCA7gC-NjpvAbAAgHSAiQ4ZGVlZWVhMi1mOTI5LTRmOWQtOTk0OC0xMzU5MWFkYWNlODjYAgXgAgE&sid=f990c8e44d8a49a026ee40f8b9e3b3a2&aid=304142&ucfs=1&arphpl=1&checkin=2025-02-09&checkout=2025-02-16&dest_id=-372490&dest_type=city&group_adults=2&req_adults=2&no_rooms=1&group_children=0&req_children=0&hpos=20&hapos=219&sr_order=popularity&srpvid=91357ea171dd08a0&srepoch=1738173655&all_sr_blocks=23849601_88204229_2_2_0&highlighted_blocks=23849601_88204229_2_2_0&matching_block_id=23849601_88204229_2_2_0&sr_pri_blocks=23849601_88204229_2_2_0__90635&from=searchresults
Sweett - Palau,"Eixample, Barcelona",https://www.booking.com/hotel/es/sweet-inn-palau.html?label=gen173nr-1BCAEoggI46AdSAnVzWARoRogBAZgBMbgBGcgBD9gBAegBAYgCAagCA7gC-NjpvAbAAgHSAiQ4ZGVlZWVhMi1mOTI5LTRmOWQtOTk0OC0xMzU5MWFkYWNlODjYAgXgAgE&sid=f990c8e44d8a49a026ee40f8b9e3b3a2&aid=304142&ucfs=1&arphpl=1&checkin=2025-02-09&checkout=2025-02-16&dest_id=-372490&dest_type=city&group_adults=2&req_adults=2&no_rooms=1&group_children=0&req_children=0&hpos=21&hapos=220&sr_order=popularity&srpvid=91357ea171dd08a0&srepoch=1738173655&all_sr_blocks=862313707_354148441_2_0_0&highlighted_blocks=862313707_354148441_2_0_0&matching_block_id=862313707_354148441_2_0_0&sr_pri_blocks=862313707_354148441_2_0_0__116872&from=searchresults
Apartaments-Hotel Hispanos 7 Suiza,"Eixample, Barcelona",https://www.booking.com/hotel/es/hispanos7suiza.html?label=gen173nr-1BCAEoggI46AdSAnVzWARoRogBAZgBMbgBGcgBD9gBAegBAYgCAagCA7gC-NjpvAbAAgHSAiQ4ZGVlZWVhMi1mOTI5LTRmOWQtOTk0OC0xMzU5MWFkYWNlODjYAgXgAgE&sid=f990c8e44d8a49a026ee40f8b9e3b3a2&aid=304142&ucfs=1&arphpl=1&checkin=2025-02-09&checkout=2025-02-16&dest_id=-372490&dest_type=city&group_adults=2&req_adults=2&no_rooms=1&group_children=0&req_children=0&hpos=22&hapos=221&sr_order=popularity&srpvid=91357ea171dd08a0&srepoch=1738173655&all_sr_blocks=9080707_88492739_2_0_0&highlighted_blocks=9080707_88492739_2_0_0&matching_block_id=9080707_88492739_2_0_0&sr_pri_blocks=9080707_88492739_2_0_0__169916&from=searchresults
Fisa Rentals Gran Via Apartments,"Eixample, Barcelona",https://www.booking.com/hotel/es/fisa-rentals-gran-via.html?label=gen173nr-1BCAEoggI46AdSAnVzWARoRogBAZgBMbgBGcgBD9gBAegBAYgCAagCA7gC-NjpvAbAAgHSAiQ4ZGVlZWVhMi1mOTI5LTRmOWQtOTk0OC0xMzU5MWFkYWNlODjYAgXgAgE&sid=f990c8e44d8a49a026ee40f8b9e3b3a2&aid=304142&ucfs=1&arphpl=1&checkin=2025-02-09&checkout=2025-02-16&dest_id=-372490&dest_type=city&group_adults=2&req_adults=2&no_rooms=1&group_children=0&req_children=0&hpos=23&hapos=222&sr_order=popularity&srpvid=91357ea171dd08a0&srepoch=1738173655&all_sr_blocks=28776404_120550344_3_0_0&highlighted_blocks=28776404_120550344_3_0_0&matching_block_id=28776404_120550344_3_0_0&sr_pri_blocks=28776404_120550344_3_0_0__147350&from=searchresults
"InterContinental Barcelona, an IHG Hotel","Sants-Montjuïc, Barcelona",https://www.booking.com/hotel/es/firapalace.html?label=gen173nr-1BCAEoggI46AdSAnVzWARoRogBAZgBMbgBGcgBD9gBAegBAYgCAagCA7gC-NjpvAbAAgHSAiQ4ZGVlZWVhMi1mOTI5LTRmOWQtOTk0OC0xMzU5MWFkYWNlODjYAgXgAgE&sid=f990c8e44d8a49a026ee40f8b9e3b3a2&aid=304142&ucfs=1&arphpl=1&checkin=2025-02-09&checkout=2025-02-16&dest_id=-372490&dest_type=city&group_adults=2&req_adults=2&no_rooms=1&group_children=0&req_children=0&hpos=24&hapos=223&sr_order=popularity&srpvid=91357ea171dd08a0&srepoch=1738173655&all_sr_blocks=9039710_94304135_2_34_0&highlighted_blocks=9039710_94304135_2_34_0&matching_block_id=9039710_94304135_2_34_0&sr_pri_blocks=9039710_94304135_2_34_0__239450&from_sustainable_property_sr=1&from=searchresults
Sonder Casa Luz,"Eixample, Barcelona",https://www.booking.com/hotel/es/casa-luz-barcelona.html?label=gen173nr-1BCAEoggI46AdSAnVzWARoRogBAZgBMbgBGcgBD9gBAegBAYgCAagCA7gC-NjpvAbAAgHSAiQ4ZGVlZWVhMi1mOTI5LTRmOWQtOTk0OC0xMzU5MWFkYWNlODjYAgXgAgE&sid=f990c8e44d8a49a026ee40f8b9e3b3a2&aid=304142&ucfs=1&arphpl=1&checkin=2025-02-09&checkout=2025-02-16&dest_id=-372490&dest_type=city&group_adults=2&req_adults=2&no_rooms=1&group_children=0&req_children=0&hpos=1&hapos=224&sr_order=popularity&srpvid=91357ea171dd08a0&srepoch=1738173657&all_sr_blocks=596194811_396862316_2_2_0&highlighted_blocks=596194811_396862316_2_2_0&matching_block_id=596194811_396862316_2_2_0&sr_pri_blocks=596194811_396862316_2_2_0__119265&from_sustainable_property_sr=1&from=searchresults
Quartprimera Apartments,"Eixample, Barcelona",https://www.booking.com/hotel/es/quartprimera.html?label=gen173nr-1BCAEoggI46AdSAnVzWARoRogBAZgBMbgBGcgBD9gBAegBAYgCAagCA7gC-NjpvAbAAgHSAiQ4ZGVlZWVhMi1mOTI5LTRmOWQtOTk0OC0xMzU5MWFkYWNlODjYAgXgAgE&sid=f990c8e44d8a49a026ee40f8b9e3b3a2&aid=304142&ucfs=1&arphpl=1&checkin=2025-02-09&checkout=2025-02-16&dest_id=-372490&dest_type=city&group_adults=2&req_adults=2&no_rooms=1&group_children=0&req_children=0&hpos=2&hapos=225&sr_order=popularity&srpvid=91357ea171dd08a0&srepoch=1738173657&all_sr_blocks=42241107_310953484_0_0_0&highlighted_blocks=42241107_310953484_0_0_0&matching_block_id=42241107_310953484_0_0_0&sr_pri_blocks=42241107_310953484_0_0_0__165112&from=searchresults
Ocean Drive Barcelona,"Eixample, Barcelona",https://www.booking.com/hotel/es/od-barcelona.html?label=gen173nr-1BCAEoggI46AdSAnVzWARoRogBAZgBMbgBGcgBD9gBAegBAYgCAagCA7gC-NjpvAbAAgHSAiQ4ZGVlZWVhMi1mOTI5LTRmOWQtOTk0OC0xMzU5MWFkYWNlODjYAgXgAgE&sid=f990c8e44d8a49a026ee40f8b9e3b3a2&aid=304142&ucfs=1&arphpl=1&checkin=2025-02-09&checkout=2025-02-16&dest_id=-372490&dest_type=city&group_adults=2&req_adults=2&no_rooms=1&group_children=0&req_children=0&hpos=3&hapos=226&sr_order=popularity&srpvid=91357ea171dd08a0&srepoch=1738173657&all_sr_blocks=205249202_374073866_0_2_0&highlighted_blocks=205249202_374073866_0_2_0&matching_block_id=205249202_374073866_0_2_0&sr_pri_blocks=205249202_374073866_0_2_0__140655&from_sustainable_property_sr=1&from=searchresults
Pensión Villanueva,"Ciutat Vella, Barcelona",https://www.booking.com/hotel/es/pension-villanueva-barcelona.html?label=gen173nr-1BCAEoggI46AdSAnVzWARoRogBAZgBMbgBGcgBD9gBAegBAYgCAagCA7gC-NjpvAbAAgHSAiQ4ZGVlZWVhMi1mOTI5LTRmOWQtOTk0OC0xMzU5MWFkYWNlODjYAgXgAgE&sid=f990c8e44d8a49a026ee40f8b9e3b3a2&aid=304142&ucfs=1&arphpl=1&checkin=2025-02-09&checkout=2025-02-16&dest_id=-372490&dest_type=city&group_adults=2&req_adults=2&no_rooms=1&group_children=0&req_children=0&hpos=4&hapos=227&sr_order=popularity&srpvid=91357ea171dd08a0&srepoch=1738173657&all_sr_blocks=49295202_96918595_0_0_0&highlighted_blocks=49295202_96918595_0_0_0&matching_block_id=49295202_96918595_0_0_0&sr_pri_blocks=49295202_96918595_0_0_0__86702&from=searchresults
Apartamentos DV,"Sants-Montjuïc, Barcelona",https://www.booking.com/hotel/es/apartamentos-dv-barcelona6.html?label=gen173nr-1BCAEoggI46AdSAnVzWARoRogBAZgBMbgBGcgBD9gBAegBAYgCAagCA7gC-NjpvAbAAgHSAiQ4ZGVlZWVhMi1mOTI5LTRmOWQtOTk0OC0xMzU5MWFkYWNlODjYAgXgAgE&sid=f990c8e44d8a49a026ee40f8b9e3b3a2&aid=304142&ucfs=1&arphpl=1&checkin=2025-02-09&checkout=2025-02-16&dest_id=-372490&dest_type=city&group_adults=2&req_adults=2&no_rooms=1&group_children=0&req_children=0&hpos=5&hapos=228&sr_order=popularity&srpvid=91357ea171dd08a0&srepoch=1738173657&all_sr_blocks=169038805_89827836_0_0_0&highlighted_blocks=169038805_89827836_0_0_0&matching_block_id=169038805_89827836_0_0_0&sr_pri_blocks=169038805_89827836_0_0_0__90349&from=searchresults
Lempika,"Eixample, Barcelona",https://www.booking.com/hotel/es/lempika.html?label=gen173nr-1BCAEoggI46AdSAnVzWARoRogBAZgBMbgBGcgBD9gBAegBAYgCAagCA7gC-NjpvAbAAgHSAiQ4ZGVlZWVhMi1mOTI5LTRmOWQtOTk0OC0xMzU5MWFkYWNlODjYAgXgAgE&sid=f990c8e44d8a49a026ee40f8b9e3b3a2&aid=304142&ucfs=1&arphpl=1&checkin=2025-02-09&checkout=2025-02-16&dest_id=-372490&dest_type=city&group_adults=2&req_adults=2&no_rooms=1&group_children=0&req_children=0&hpos=6&hapos=229&sr_order=popularity&srpvid=91357ea171dd08a0&srepoch=1738173657&all_sr_blocks=132873802_117906826_0_0_0&highlighted_blocks=132873802_117906826_0_0_0&matching_block_id=132873802_117906826_0_0_0&sr_pri_blocks=132873802_117906826_0_0_0__142632&from=searchresults
Sensation Authentic Gràcia,"Gràcia, Barcelona",https://www.booking.com/hotel/es/sensation-authentic-gracia.html?label=gen173nr-1BCAEoggI46AdSAnVzWARoRogBAZgBMbgBGcgBD9gBAegBAYgCAagCA7gC-NjpvAbAAgHSAiQ4ZGVlZWVhMi1mOTI5LTRmOWQtOTk0OC0xMzU5MWFkYWNlODjYAgXgAgE&sid=f990c8e44d8a49a026ee40f8b9e3b3a2&aid=304142&ucfs=1&arphpl=1&checkin=2025-02-09&checkout=2025-02-16&dest_id=-372490&dest_type=city&group_adults=2&req_adults=2&no_rooms=1&group_children=0&req_children=0&hpos=7&hapos=230&sr_order=popularity&srpvid=91357ea171dd08a0&srepoch=1738173657&all_sr_blocks=0_0_2_0_0&highlighted_blocks=0_0_2_0_0&matching_block_id=0_0_2_0_0&sr_pri_blocks=0_0_2_0_0__118975&from=searchresults
Barcelona City North Hostal,"Sarrià-St. Gervasi, Barcelona",https://www.booking.com/hotel/es/barcelona-city-north.html?label=gen173nr-1BCAEoggI46AdSAnVzWARoRogBAZgBMbgBGcgBD9gBAegBAYgCAagCA7gC-NjpvAbAAgHSAiQ4ZGVlZWVhMi1mOTI5LTRmOWQtOTk0OC0xMzU5MWFkYWNlODjYAgXgAgE&sid=f990c8e44d8a49a026ee40f8b9e3b3a2&aid=304142&ucfs=1&arphpl=1&checkin=2025-02-09&checkout=2025-02-16&dest_id=-372490&dest_type=city&group_adults=2&req_adults=2&no_rooms=1&group_children=0&req_children=0&hpos=8&hapos=231&sr_order=popularity&srpvid=91357ea171dd08a0&srepoch=1738173657&all_sr_blocks=9397708_310967931_2_2_0&highlighted_blocks=9397708_310967931_2_2_0&matching_block_id=9397708_310967931_2_2_0&sr_pri_blocks=9397708_310967931_2_2_0__81591&from=searchresults
Catalonia La Maquinista,"Sant Andreu, Barcelona",https://www.booking.com/hotel/es/catalonialamaquinista.html?label=gen173nr-1BCAEoggI46AdSAnVzWARoRogBAZgBMbgBGcgBD9gBAegBAYgCAagCA7gC-NjpvAbAAgHSAiQ4ZGVlZWVhMi1mOTI5LTRmOWQtOTk0OC0xMzU5MWFkYWNlODjYAgXgAgE&sid=f990c8e44d8a49a026ee40f8b9e3b3a2&aid=304142&ucfs=1&arphpl=1&checkin=2025-02-09&checkout=2025-02-16&dest_id=-372490&dest_type=city&group_adults=2&req_adults=2&no_rooms=1&group_children=0&req_children=0&hpos=9&hapos=232&sr_order=popularity&srpvid=91357ea171dd08a0&srepoch=1738173657&all_sr_blocks=9083702_94109935_0_2_0&highlighted_blocks=9083702_94109935_0_2_0&matching_block_id=9083702_94109935_0_2_0&sr_pri_blocks=9083702_94109935_0_2_0__80078&from_sustainable_property_sr=1&from=searchresults
Catalonia Catedral,"Ciutat Vella, Barcelona",https://www.booking.com/hotel/es/catalonia-catedral.html?label=gen173nr-1BCAEoggI46AdSAnVzWARoRogBAZgBMbgBGcgBD9gBAegBAYgCAagCA7gC-NjpvAbAAgHSAiQ4ZGVlZWVhMi1mOTI5LTRmOWQtOTk0OC0xMzU5MWFkYWNlODjYAgXgAgE&sid=f990c8e44d8a49a026ee40f8b9e3b3a2&aid=304142&ucfs=1&arphpl=1&checkin=2025-02-09&checkout=2025-02-16&dest_id=-372490&dest_type=city&group_adults=2&req_adults=2&no_rooms=1&group_children=0&req_children=0&hpos=10&hapos=233&sr_order=popularity&srpvid=91357ea171dd08a0&srepoch=1738173657&all_sr_blocks=18950005_194582652_0_2_0&highlighted_blocks=18950005_194582652_0_2_0&matching_block_id=18950005_194582652_0_2_0&sr_pri_blocks=18950005_194582652_0_2_0__148778&from_sustainable_property_sr=1&from=searchresults
Plaza Goya Rooms,"Eixample, Barcelona",https://www.booking.com/hotel/es/pension-de-la-plaza-de-goya.html?label=gen173nr-1BCAEoggI46AdSAnVzWARoRogBAZgBMbgBGcgBD9gBAegBAYgCAagCA7gC-NjpvAbAAgHSAiQ4ZGVlZWVhMi1mOTI5LTRmOWQtOTk0OC0xMzU5MWFkYWNlODjYAgXgAgE&sid=f990c8e44d8a49a026ee40f8b9e3b3a2&aid=304142&ucfs=1&arphpl=1&checkin=2025-02-09&checkout=2025-02-16&dest_id=-372490&dest_type=city&group_adults=2&req_adults=2&no_rooms=1&group_children=0&req_children=0&hpos=11&hapos=234&sr_order=popularity&srpvid=91357ea171dd08a0&srepoch=1738173657&all_sr_blocks=26189606_332352799_3_2_0&highlighted_blocks=26189606_332352799_3_2_0&matching_block_id=26189606_332352799_3_2_0&sr_pri_blocks=26189606_332352799_3_2_0__116914&from=searchresults
Eurohotel Diagonal Port,"Sant Martí, Barcelona",https://www.booking.com/hotel/es/rafaeldiagonal.html?label=gen173nr-1BCAEoggI46AdSAnVzWARoRogBAZgBMbgBGcgBD9gBAegBAYgCAagCA7gC-NjpvAbAAgHSAiQ4ZGVlZWVhMi1mOTI5LTRmOWQtOTk0OC0xMzU5MWFkYWNlODjYAgXgAgE&sid=f990c8e44d8a49a026ee40f8b9e3b3a2&aid=304142&ucfs=1&arphpl=1&checkin=2025-02-09&checkout=2025-02-16&dest_id=-372490&dest_type=city&group_adults=2&req_adults=2&no_rooms=1&group_children=0&req_children=0&hpos=12&hapos=235&sr_order=popularity&srpvid=91357ea171dd08a0&srepoch=1738173657&all_sr_blocks=9029202_88181517_0_2_0&highlighted_blocks=9029202_88181517_0_2_0&matching_block_id=9029202_88181517_0_2_0&sr_pri_blocks=9029202_88181517_0_2_0__103303&from=searchresults
Stay U-nique Apartments Urquinaona,"Eixample, Barcelona",https://www.booking.com/hotel/es/central-located-apartment-with-balconies.html?label=gen173nr-1BCAEoggI46AdSAnVzWARoRogBAZgBMbgBGcgBD9gBAegBAYgCAagCA7gC-NjpvAbAAgHSAiQ4ZGVlZWVhMi1mOTI5LTRmOWQtOTk0OC0xMzU5MWFkYWNlODjYAgXgAgE&sid=f990c8e44d8a49a026ee40f8b9e3b3a2&aid=304142&ucfs=1&arphpl=1&checkin=2025-02-09&checkout=2025-02-16&dest_id=-372490&dest_type=city&group_adults=2&req_adults=2&no_rooms=1&group_children=0&req_children=0&hpos=13&hapos=236&sr_order=popularity&srpvid=91357ea171dd08a0&srepoch=1738173657&all_sr_blocks=723753503_310251996_0_0_0&highlighted_blocks=723753503_310251996_0_0_0&matching_block_id=723753503_310251996_0_0_0&sr_pri_blocks=723753503_310251996_0_0_0__130123&from=searchresults
Hotel Miramar Barcelona GL,"Sants-Montjuïc, Barcelona",https://www.booking.com/hotel/es/miramar-barcelona.html?label=gen173nr-1BCAEoggI46AdSAnVzWARoRogBAZgBMbgBGcgBD9gBAegBAYgCAagCA7gC-NjpvAbAAgHSAiQ4ZGVlZWVhMi1mOTI5LTRmOWQtOTk0OC0xMzU5MWFkYWNlODjYAgXgAgE&sid=f990c8e44d8a49a026ee40f8b9e3b3a2&aid=304142&ucfs=1&arphpl=1&checkin=2025-02-09&checkout=2025-02-16&dest_id=-372490&dest_type=city&group_adults=2&req_adults=2&no_rooms=1&group_children=0&req_children=0&hpos=14&hapos=237&sr_order=popularity&srpvid=91357ea171dd08a0&srepoch=1738173657&all_sr_blocks=9407001_0_2_0_0&highlighted_blocks=9407001_0_2_0_0&matching_block_id=9407001_0_2_0_0&sr_pri_blocks=9407001_0_2_0_0__157110&from_sustainable_property_sr=1&from=searchresults
Catalunya,"Ciutat Vella, Barcelona",https://www.booking.com/hotel/es/cataluna.html?label=gen173nr-1BCAEoggI46AdSAnVzWARoRogBAZgBMbgBGcgBD9gBAegBAYgCAagCA7gC-NjpvAbAAgHSAiQ4ZGVlZWVhMi1mOTI5LTRmOWQtOTk0OC0xMzU5MWFkYWNlODjYAgXgAgE&sid=f990c8e44d8a49a026ee40f8b9e3b3a2&aid=304142&ucfs=1&arphpl=1&checkin=2025-02-09&checkout=2025-02-16&dest_id=-372490&dest_type=city&group_adults=2&req_adults=2&no_rooms=1&group_children=0&req_children=0&hpos=15&hapos=238&sr_order=popularity&srpvid=91357ea171dd08a0&srepoch=1738173657&all_sr_blocks=9096309_0_2_0_0&highlighted_blocks=9096309_0_2_0_0&matching_block_id=9096309_0_2_0_0&sr_pri_blocks=9096309_0_2_0_0__106553&from=searchresults
Barcelona Apartment Republica,"Sant Martí, Barcelona",https://www.booking.com/hotel/es/republica.html?label=gen173nr-1BCAEoggI46AdSAnVzWARoRogBAZgBMbgBGcgBD9gBAegBAYgCAagCA7gC-NjpvAbAAgHSAiQ4ZGVlZWVhMi1mOTI5LTRmOWQtOTk0OC0xMzU5MWFkYWNlODjYAgXgAgE&sid=f990c8e44d8a49a026ee40f8b9e3b3a2&aid=304142&ucfs=1&arphpl=1&checkin=2025-02-09&checkout=2025-02-16&dest_id=-372490&dest_type=city&group_adults=2&req_adults=2&no_rooms=1&group_children=0&req_children=0&hpos=16&hapos=239&sr_order=popularity&srpvid=91357ea171dd08a0&srepoch=1738173657&all_sr_blocks=0_0_2_0_0&highlighted_blocks=0_0_2_0_0&matching_block_id=0_0_2_0_0&sr_pri_blocks=0_0_2_0_0__85374&from=searchresults
Hotel Brummell,"Sants-Montjuïc, Barcelona",https://www.booking.com/hotel/es/brummell.html?label=gen173nr-1BCAEoggI46AdSAnVzWARoRogBAZgBMbgBGcgBD9gBAegBAYgCAagCA7gC-NjpvAbAAgHSAiQ4ZGVlZWVhMi1mOTI5LTRmOWQtOTk0OC0xMzU5MWFkYWNlODjYAgXgAgE&sid=f990c8e44d8a49a026ee40f8b9e3b3a2&aid=304142&ucfs=1&arphpl=1&checkin=2025-02-09&checkout=2025-02-16&dest_id=-372490&dest_type=city&group_adults=2&req_adults=2&no_rooms=1&group_children=0&req_children=0&hpos=17&hapos=240&sr_order=popularity&srpvid=91357ea171dd08a0&srepoch=1738173657&all_sr_blocks=130553004_333142696_2_2_0&highlighted_blocks=130553004_333142696_2_2_0&matching_block_id=130553004_333142696_2_2_0&sr_pri_blocks=130553004_333142696_2_2_0__111778&from=searchresults
Yurbban Passage Hotel & Spa,"Ciutat Vella, Barcelona",https://www.booking.com/hotel/es/yurbban-passage.html?label=gen173nr-1BCAEoggI46AdSAnVzWARoRogBAZgBMbgBGcgBD9gBAegBAYgCAagCA7gC-NjpvAbAAgHSAiQ4ZGVlZWVhMi1mOTI5LTRmOWQtOTk0OC0xMzU5MWFkYWNlODjYAgXgAgE&sid=f990c8e44d8a49a026ee40f8b9e3b3a2&aid=304142&ucfs=1&arphpl=1&checkin=2025-02-09&checkout=2025-02-16&dest_id=-372490&dest_type=city&group_adults=2&req_adults=2&no_rooms=1&group_children=0&req_children=0&hpos=18&hapos=241&sr_order=popularity&srpvid=91357ea171dd08a0&srepoch=1738173657&all_sr_blocks=254718701_257902884_2_2_0&highlighted_blocks=254718701_257902884_2_2_0&matching_block_id=254718701_257902884_2_2_0&sr_pri_blocks=254718701_257902884_2_2_0__154553&from_sustainable_property_sr=1&from=searchresults
limehome Barcelona Rector Triadó,"Sants-Montjuïc, Barcelona",https://www.booking.com/hotel/es/limehome-barcelona-rector-triado.html?label=gen173nr-1BCAEoggI46AdSAnVzWARoRogBAZgBMbgBGcgBD9gBAegBAYgCAagCA7gC-NjpvAbAAgHSAiQ4ZGVlZWVhMi1mOTI5LTRmOWQtOTk0OC0xMzU5MWFkYWNlODjYAgXgAgE&sid=f990c8e44d8a49a026ee40f8b9e3b3a2&aid=304142&ucfs=1&arphpl=1&checkin=2025-02-09&checkout=2025-02-16&dest_id=-372490&dest_type=city&group_adults=2&req_adults=2&no_rooms=1&group_children=0&req_children=0&hpos=19&hapos=242&sr_order=popularity&srpvid=91357ea171dd08a0&srepoch=1738173657&all_sr_blocks=18899503_88494936_2_0_0&highlighted_blocks=18899503_88494936_2_0_0&matching_block_id=18899503_88494936_2_0_0&sr_pri_blocks=18899503_88494936_2_0_0__102800&from=searchresults
Weflating Suites Sant Antoni Market,"Eixample, Barcelona",https://www.booking.com/hotel/es/weflating-suites-sant-antoni-market.html?label=gen173nr-1BCAEoggI46AdSAnVzWARoRogBAZgBMbgBGcgBD9gBAegBAYgCAagCA7gC-NjpvAbAAgHSAiQ4ZGVlZWVhMi1mOTI5LTRmOWQtOTk0OC0xMzU5MWFkYWNlODjYAgXgAgE&sid=f990c8e44d8a49a026ee40f8b9e3b3a2&aid=304142&ucfs=1&arphpl=1&checkin=2025-02-09&checkout=2025-02-16&dest_id=-372490&dest_type=city&group_adults=2&req_adults=2&no_rooms=1&group_children=0&req_children=0&hpos=20&hapos=243&sr_order=popularity&srpvid=91357ea171dd08a0&srepoch=1738173657&all_sr_blocks=132651905_86002359_2_8_0&highlighted_blocks=132651905_86002359_2_8_0&matching_block_id=132651905_86002359_2_8_0&sr_pri_blocks=132651905_86002359_2_8_0__159806&from=searchresults
Murmuri Residence Mercader,"Eixample, Barcelona",https://www.booking.com/hotel/es/palou-suites-paseo-de-gracia.html?label=gen173nr-1BCAEoggI46AdSAnVzWARoRogBAZgBMbgBGcgBD9gBAegBAYgCAagCA7gC-NjpvAbAAgHSAiQ4ZGVlZWVhMi1mOTI5LTRmOWQtOTk0OC0xMzU5MWFkYWNlODjYAgXgAgE&sid=f990c8e44d8a49a026ee40f8b9e3b3a2&aid=304142&ucfs=1&arphpl=1&checkin=2025-02-09&checkout=2025-02-16&dest_id=-372490&dest_type=city&group_adults=2&req_adults=2&no_rooms=1&group_children=0&req_children=0&hpos=21&hapos=244&sr_order=popularity&srpvid=91357ea171dd08a0&srepoch=1738173657&all_sr_blocks=0_0_2_0_0&highlighted_blocks=0_0_2_0_0&matching_block_id=0_0_2_0_0&sr_pri_blocks=0_0_2_0_0__142468&from=searchresults
One Shot Aragó,"Eixample, Barcelona",https://www.booking.com/hotel/es/one-shot-arago-257.html?label=gen173nr-1BCAEoggI46AdSAnVzWARoRogBAZgBMbgBGcgBD9gBAegBAYgCAagCA7gC-NjpvAbAAgHSAiQ4ZGVlZWVhMi1mOTI5LTRmOWQtOTk0OC0xMzU5MWFkYWNlODjYAgXgAgE&sid=f990c8e44d8a49a026ee40f8b9e3b3a2&aid=304142&ucfs=1&arphpl=1&checkin=2025-02-09&checkout=2025-02-16&dest_id=-372490&dest_type=city&group_adults=2&req_adults=2&no_rooms=1&group_children=0&req_children=0&hpos=22&hapos=245&sr_order=popularity&srpvid=91357ea171dd08a0&srepoch=1738173657&all_sr_blocks=727675404_347160391_0_0_0&highlighted_blocks=727675404_347160391_0_0_0&matching_block_id=727675404_347160391_0_0_0&sr_pri_blocks=727675404_347160391_0_0_0__120780&from=searchresults
"Hotel Gran Derby Suites, a Small Luxury Hotel of the World","Les Corts, Barcelona",https://www.booking.com/hotel/es/granderby.html?label=gen173nr-1BCAEoggI46AdSAnVzWARoRogBAZgBMbgBGcgBD9gBAegBAYgCAagCA7gC-NjpvAbAAgHSAiQ4ZGVlZWVhMi1mOTI5LTRmOWQtOTk0OC0xMzU5MWFkYWNlODjYAgXgAgE&sid=f990c8e44d8a49a026ee40f8b9e3b3a2&aid=304142&ucfs=1&arphpl=1&checkin=2025-02-09&checkout=2025-02-16&dest_id=-372490&dest_type=city&group_adults=2&req_adults=2&no_rooms=1&group_children=0&req_children=0&hpos=23&hapos=246&sr_order=popularity&srpvid=91357ea171dd08a0&srepoch=1738173657&all_sr_blocks=9003813_88181316_0_2_0&highlighted_blocks=9003813_88181316_0_2_0&matching_block_id=9003813_88181316_0_2_0&sr_pri_blocks=9003813_88181316_0_2_0__113178&from=searchresults
Boutique Hotel H10 Montcada,"Ciutat Vella, Barcelona",https://www.booking.com/hotel/es/h10montcada.html?label=gen173nr-1BCAEoggI46AdSAnVzWARoRogBAZgBMbgBGcgBD9gBAegBAYgCAagCA7gC-NjpvAbAAgHSAiQ4ZGVlZWVhMi1mOTI5LTRmOWQtOTk0OC0xMzU5MWFkYWNlODjYAgXgAgE&sid=f990c8e44d8a49a026ee40f8b9e3b3a2&aid=304142&ucfs=1&arphpl=1&checkin=2025-02-09&checkout=2025-02-16&dest_id=-372490&dest_type=city&group_adults=2&req_adults=2&no_rooms=1&group_children=0&req_children=0&hpos=24&hapos=247&sr_order=popularity&srpvid=91357ea171dd08a0&srepoch=1738173657&all_sr_blocks=9045516_88181738_0_2_0&highlighted_blocks=9045516_88181738_0_2_0&matching_block_id=9045516_88181738_0_2_0&sr_pri_blocks=9045516_88181738_0_2_0__118517&from_sustainable_property_sr=1&from=searchresults
Blue Barcelona,"Sarrià-St. Gervasi, Barcelona",https://www.booking.com/hotel/es/blue-barcelona.html?label=gen173nr-1BCAEoggI46AdSAnVzWARoRogBAZgBMbgBGcgBD9gBAegBAYgCAagCA7gC-NjpvAbAAgHSAiQ4ZGVlZWVhMi1mOTI5LTRmOWQtOTk0OC0xMzU5MWFkYWNlODjYAgXgAgE&sid=f990c8e44d8a49a026ee40f8b9e3b3a2&aid=304142&ucfs=1&arphpl=1&checkin=2025-02-09&checkout=2025-02-16&dest_id=-372490&dest_type=city&group_adults=2&req_adults=2&no_rooms=1&group_children=0&req_children=0&hpos=25&hapos=248&sr_order=popularity&srpvid=91357ea171dd08a0&srepoch=1738173657&all_sr_blocks=119124304_88509646_3_1_0&highlighted_blocks=119124304_88509646_3_1_0&matching_block_id=119124304_88509646_3_1_0&sr_pri_blocks=119124304_88509646_3_1_0__174447&from=searchresults
Barcelona Apartment Gran de Gràcia,"Gràcia, Barcelona",https://www.booking.com/hotel/es/gran-de-gracia.html?label=gen173nr-1BCAEoggI46AdSAnVzWARoRogBAZgBMbgBGcgBD9gBAegBAYgCAagCA7gC-NjpvAbAAgHSAiQ4ZGVlZWVhMi1mOTI5LTRmOWQtOTk0OC0xMzU5MWFkYWNlODjYAgXgAgE&sid=f990c8e44d8a49a026ee40f8b9e3b3a2&aid=304142&ucfs=1&arphpl=1&checkin=2025-02-09&checkout=2025-02-16&dest_id=-372490&dest_type=city&group_adults=2&req_adults=2&no_rooms=1&group_children=0&req_children=0&hpos=1&hapos=249&sr_order=popularity&srpvid=91357ea171dd08a0&srepoch=1738173659&all_sr_blocks=37372302_376881164_0_0_0&highlighted_blocks=37372302_376881164_0_0_0&matching_block_id=37372302_376881164_0_0_0&sr_pri_blocks=37372302_376881164_0_0_0__103557&from=searchresults
Sweett - Carrer Bailen,"Eixample, Barcelona",https://www.booking.com/hotel/es/sweet-inn-carrer-bailen.html?label=gen173nr-1BCAEoggI46AdSAnVzWARoRogBAZgBMbgBGcgBD9gBAegBAYgCAagCA7gC-NjpvAbAAgHSAiQ4ZGVlZWVhMi1mOTI5LTRmOWQtOTk0OC0xMzU5MWFkYWNlODjYAgXgAgE&sid=f990c8e44d8a49a026ee40f8b9e3b3a2&aid=304142&ucfs=1&arphpl=1&checkin=2025-02-09&checkout=2025-02-16&dest_id=-372490&dest_type=city&group_adults=2&req_adults=2&no_rooms=1&group_children=0&req_children=0&hpos=2&hapos=250&sr_order=popularity&srpvid=91357ea171dd08a0&srepoch=1738173659&all_sr_blocks=935662119_365699654_4_0_0&highlighted_blocks=935662119_365699654_4_0_0&matching_block_id=935662119_365699654_4_0_0&sr_pri_blocks=935662119_365699654_4_0_0__144872&from=searchresults
limehome Barcelona Carrer de Besalú 82,"Sant Martí, Barcelona",https://www.booking.com/hotel/es/limehome-besalu-82.html?label=gen173nr-1BCAEoggI46AdSAnVzWARoRogBAZgBMbgBGcgBD9gBAegBAYgCAagCA7gC-NjpvAbAAgHSAiQ4ZGVlZWVhMi1mOTI5LTRmOWQtOTk0OC0xMzU5MWFkYWNlODjYAgXgAgE&sid=f990c8e44d8a49a026ee40f8b9e3b3a2&aid=304142&ucfs=1&arphpl=1&checkin=2025-02-09&checkout=2025-02-16&dest_id=-372490&dest_type=city&group_adults=2&req_adults=2&no_rooms=1&group_children=0&req_children=0&hpos=3&hapos=251&sr_order=popularity&srpvid=91357ea171dd08a0&srepoch=1738173659&all_sr_blocks=886889501_358316777_2_0_0&highlighted_blocks=886889501_358316777_2_0_0&matching_block_id=886889501_358316777_2_0_0&sr_pri_blocks=886889501_358316777_2_0_0__79900&from=searchresults
Aparthotel Silver,"Gràcia, Barcelona",https://www.booking.com/hotel/es/aparthotel-silver.html?label=gen173nr-1BCAEoggI46AdSAnVzWARoRogBAZgBMbgBGcgBD9gBAegBAYgCAagCA7gC-NjpvAbAAgHSAiQ4ZGVlZWVhMi1mOTI5LTRmOWQtOTk0OC0xMzU5MWFkYWNlODjYAgXgAgE&sid=f990c8e44d8a49a026ee40f8b9e3b3a2&aid=304142&ucfs=1&arphpl=1&checkin=2025-02-09&checkout=2025-02-16&dest_id=-372490&dest_type=city&group_adults=2&req_adults=2&no_rooms=1&group_children=0&req_children=0&hpos=4&hapos=252&sr_order=popularity&srpvid=91357ea171dd08a0&srepoch=1738173659&all_sr_blocks=9259306_0_2_0_0&highlighted_blocks=9259306_0_2_0_0&matching_block_id=9259306_0_2_0_0&sr_pri_blocks=9259306_0_2_0_0__89737&from_sustainable_property_sr=1&from=searchresults
Acacia Suite,"Eixample, Barcelona",https://www.booking.com/hotel/es/aparthotel-acacia.html?label=gen173nr-1BCAEoggI46AdSAnVzWARoRogBAZgBMbgBGcgBD9gBAegBAYgCAagCA7gC-NjpvAbAAgHSAiQ4ZGVlZWVhMi1mOTI5LTRmOWQtOTk0OC0xMzU5MWFkYWNlODjYAgXgAgE&sid=f990c8e44d8a49a026ee40f8b9e3b3a2&aid=304142&ucfs=1&arphpl=1&checkin=2025-02-09&checkout=2025-02-16&dest_id=-372490&dest_type=city&group_adults=2&req_adults=2&no_rooms=1&group_children=0&req_children=0&hpos=5&hapos=253&sr_order=popularity&srpvid=91357ea171dd08a0&srepoch=1738173659&all_sr_blocks=1337504_195707660_2_2_0&highlighted_blocks=1337504_195707660_2_2_0&matching_block_id=1337504_195707660_2_2_0&sr_pri_blocks=1337504_195707660_2_2_0__107103&from=searchresults
HCC Regente,"Eixample, Barcelona",https://www.booking.com/hotel/es/regente.html?label=gen173nr-1BCAEoggI46AdSAnVzWARoRogBAZgBMbgBGcgBD9gBAegBAYgCAagCA7gC-NjpvAbAAgHSAiQ4ZGVlZWVhMi1mOTI5LTRmOWQtOTk0OC0xMzU5MWFkYWNlODjYAgXgAgE&sid=f990c8e44d8a49a026ee40f8b9e3b3a2&aid=304142&ucfs=1&arphpl=1&checkin=2025-02-09&checkout=2025-02-16&dest_id=-372490&dest_type=city&group_adults=2&req_adults=2&no_rooms=1&group_children=0&req_children=0&hpos=6&hapos=254&sr_order=popularity&srpvid=91357ea171dd08a0&srepoch=1738173659&all_sr_blocks=9004302_0_2_0_0&highlighted_blocks=9004302_0_2_0_0&matching_block_id=9004302_0_2_0_0&sr_pri_blocks=9004302_0_2_0_0__95292&from_sustainable_property_sr=1&from=searchresults
Catalonia Castellnou,"Sarrià-St. Gervasi, Barcelona",https://www.booking.com/hotel/es/cataloniacastellnou.html?label=gen173nr-1BCAEoggI46AdSAnVzWARoRogBAZgBMbgBGcgBD9gBAegBAYgCAagCA7gC-NjpvAbAAgHSAiQ4ZGVlZWVhMi1mOTI5LTRmOWQtOTk0OC0xMzU5MWFkYWNlODjYAgXgAgE&sid=f990c8e44d8a49a026ee40f8b9e3b3a2&aid=304142&ucfs=1&arphpl=1&checkin=2025-02-09&checkout=2025-02-16&dest_id=-372490&dest_type=city&group_adults=2&req_adults=2&no_rooms=1&group_children=0&req_children=0&hpos=7&hapos=255&sr_order=popularity&srpvid=91357ea171dd08a0&srepoch=1738173659&all_sr_blocks=9058808_194599182_0_2_0&highlighted_blocks=9058808_194599182_0_2_0&matching_block_id=9058808_194599182_0_2_0&sr_pri_blocks=9058808_194599182_0_2_0__76200&from_sustainable_property_sr=1&from=searchresults
Hotel Everest,"Horta-Guinardó, Barcelona",https://www.booking.com/hotel/es/everest.html?label=gen173nr-1BCAEoggI46AdSAnVzWARoRogBAZgBMbgBGcgBD9gBAegBAYgCAagCA7gC-NjpvAbAAgHSAiQ4ZGVlZWVhMi1mOTI5LTRmOWQtOTk0OC0xMzU5MWFkYWNlODjYAgXgAgE&sid=f990c8e44d8a49a026ee40f8b9e3b3a2&aid=304142&ucfs=1&arphpl=1&checkin=2025-02-09&checkout=2025-02-16&dest_id=-372490&dest_type=city&group_adults=2&req_adults=2&no_rooms=1&group_children=0&req_children=0&hpos=8&hapos=256&sr_order=popularity&srpvid=91357ea171dd08a0&srepoch=1738173659&all_sr_blocks=17550705_88450739_0_0_0&highlighted_blocks=17550705_88450739_0_0_0&matching_block_id=17550705_88450739_0_0_0&sr_pri_blocks=17550705_88450739_0_0_0__80700&from=searchresults
Urbany Hostel Barcelona,"Sant Martí, Barcelona",https://www.booking.com/hotel/es/barcelona-urbany-hostel.html?label=gen173nr-1BCAEoggI46AdSAnVzWARoRogBAZgBMbgBGcgBD9gBAegBAYgCAagCA7gC-NjpvAbAAgHSAiQ4ZGVlZWVhMi1mOTI5LTRmOWQtOTk0OC0xMzU5MWFkYWNlODjYAgXgAgE&sid=f990c8e44d8a49a026ee40f8b9e3b3a2&aid=304142&ucfs=1&arphpl=1&checkin=2025-02-09&checkout=2025-02-16&dest_id=-372490&dest_type=city&group_adults=2&req_adults=2&no_rooms=1&group_children=0&req_children=0&hpos=9&hapos=257&sr_order=popularity&srpvid=91357ea171dd08a0&srepoch=1738173659&all_sr_blocks=1484216_95139582_6_0_0&highlighted_blocks=1484216_95139582_6_0_0&matching_block_id=1484216_95139582_6_0_0&sr_pri_blocks=1484216_95139582_6_0_0__86982&from_sustainable_property_sr=1&from=searchresults
Sant Antoni Market,"Eixample, Barcelona",https://www.booking.com/hotel/es/san-antoni-market.html?label=gen173nr-1BCAEoggI46AdSAnVzWARoRogBAZgBMbgBGcgBD9gBAegBAYgCAagCA7gC-NjpvAbAAgHSAiQ4ZGVlZWVhMi1mOTI5LTRmOWQtOTk0OC0xMzU5MWFkYWNlODjYAgXgAgE&sid=f990c8e44d8a49a026ee40f8b9e3b3a2&aid=304142&ucfs=1&arphpl=1&checkin=2025-02-09&checkout=2025-02-16&dest_id=-372490&dest_type=city&group_adults=2&req_adults=2&no_rooms=1&group_children=0&req_children=0&hpos=10&hapos=258&sr_order=popularity&srpvid=91357ea171dd08a0&srepoch=1738173659&all_sr_blocks=46482902_295421330_2_0_0&highlighted_blocks=46482902_295421330_2_0_0&matching_block_id=46482902_295421330_2_0_0&sr_pri_blocks=46482902_295421330_2_0_0__113632&from=searchresults
"Sir Victor Hotel, part of Sircle Collection","Eixample, Barcelona",https://www.booking.com/hotel/es/sir-victor.html?label=gen173nr-1BCAEoggI46AdSAnVzWARoRogBAZgBMbgBGcgBD9gBAegBAYgCAagCA7gC-NjpvAbAAgHSAiQ4ZGVlZWVhMi1mOTI5LTRmOWQtOTk0OC0xMzU5MWFkYWNlODjYAgXgAgE&sid=f990c8e44d8a49a026ee40f8b9e3b3a2&aid=304142&ucfs=1&arphpl=1&checkin=2025-02-09&checkout=2025-02-16&dest_id=-372490&dest_type=city&group_adults=2&req_adults=2&no_rooms=1&group_children=0&req_children=0&hpos=11&hapos=259&sr_order=popularity&srpvid=91357ea171dd08a0&srepoch=1738173659&all_sr_blocks=9387320_91908515_2_2_0&highlighted_blocks=9387320_91908515_2_2_0&matching_block_id=9387320_91908515_2_2_0&sr_pri_blocks=9387320_91908515_2_2_0__196250&from_sustainable_property_sr=1&from=searchresults
The One Barcelona GL,"Eixample, Barcelona",https://www.booking.com/hotel/es/the-one-barcelona.html?label=gen173nr-1BCAEoggI46AdSAnVzWARoRogBAZgBMbgBGcgBD9gBAegBAYgCAagCA7gC-NjpvAbAAgHSAiQ4ZGVlZWVhMi1mOTI5LTRmOWQtOTk0OC0xMzU5MWFkYWNlODjYAgXgAgE&sid=f990c8e44d8a49a026ee40f8b9e3b3a2&aid=304142&ucfs=1&arphpl=1&checkin=2025-02-09&checkout=2025-02-16&dest_id=-372490&dest_type=city&group_adults=2&req_adults=2&no_rooms=1&group_children=0&req_children=0&hpos=12&hapos=260&sr_order=popularity&srpvid=91357ea171dd08a0&srepoch=1738173659&all_sr_blocks=206382304_239534507_0_42_0_225367&highlighted_blocks=206382304_239534507_0_42_0_225367&matching_block_id=206382304_239534507_0_42_0_225367&sr_pri_blocks=206382304_239534507_0_42_0_225367_251550&from_sustainable_property_sr=1&from=searchresults
Aparthotel Arai 4* Superior,"Ciutat Vella, Barcelona",https://www.booking.com/hotel/es/arai-4-s-monument.html?label=gen173nr-1BCAEoggI46AdSAnVzWARoRogBAZgBMbgBGcgBD9gBAegBAYgCAagCA7gC-NjpvAbAAgHSAiQ4ZGVlZWVhMi1mOTI5LTRmOWQtOTk0OC0xMzU5MWFkYWNlODjYAgXgAgE&sid=f990c8e44d8a49a026ee40f8b9e3b3a2&aid=304142&ucfs=1&arphpl=1&checkin=2025-02-09&checkout=2025-02-16&dest_id=-372490&dest_type=city&group_adults=2&req_adults=2&no_rooms=1&group_children=0&req_children=0&hpos=13&hapos=261&sr_order=popularity&srpvid=91357ea171dd08a0&srepoch=1738173659&all_sr_blocks=48248701_0_2_0_0&highlighted_blocks=48248701_0_2_0_0&matching_block_id=48248701_0_2_0_0&sr_pri_blocks=48248701_0_2_0_0__121953&from=searchresults
Moderno,"Ciutat Vella, Barcelona",https://www.booking.com/hotel/es/modernobarcelona.html?label=gen173nr-1BCAEoggI46AdSAnVzWARoRogBAZgBMbgBGcgBD9gBAegBAYgCAagCA7gC-NjpvAbAAgHSAiQ4ZGVlZWVhMi1mOTI5LTRmOWQtOTk0OC0xMzU5MWFkYWNlODjYAgXgAgE&sid=f990c8e44d8a49a026ee40f8b9e3b3a2&aid=304142&ucfs=1&arphpl=1&checkin=2025-02-09&checkout=2025-02-16&dest_id=-372490&dest_type=city&group_adults=2&req_adults=2&no_rooms=1&group_children=0&req_children=0&hpos=14&hapos=262&sr_order=popularity&srpvid=91357ea171dd08a0&srepoch=1738173659&all_sr_blocks=0_0_2_0_0&highlighted_blocks=0_0_2_0_0&matching_block_id=0_0_2_0_0&sr_pri_blocks=0_0_2_0_0__65854&from=searchresults
Yurbban Ramblas Boutique Hotel,"Ciutat Vella, Barcelona",https://www.booking.com/hotel/es/yurbban-ramblas.html?label=gen173nr-1BCAEoggI46AdSAnVzWARoRogBAZgBMbgBGcgBD9gBAegBAYgCAagCA7gC-NjpvAbAAgHSAiQ4ZGVlZWVhMi1mOTI5LTRmOWQtOTk0OC0xMzU5MWFkYWNlODjYAgXgAgE&sid=f990c8e44d8a49a026ee40f8b9e3b3a2&aid=304142&ucfs=1&arphpl=1&checkin=2025-02-09&checkout=2025-02-16&dest_id=-372490&dest_type=city&group_adults=2&req_adults=2&no_rooms=1&group_children=0&req_children=0&hpos=15&hapos=263&sr_order=popularity&srpvid=91357ea171dd08a0&srepoch=1738173659&all_sr_blocks=452301305_179099396_0_2_0&highlighted_blocks=452301305_179099396_0_2_0&matching_block_id=452301305_179099396_0_2_0&sr_pri_blocks=452301305_179099396_0_2_0__139110&from_sustainable_property_sr=1&from=searchresults
Barcelonaguest,"Eixample, Barcelona",https://www.booking.com/hotel/es/barcelonaguest.html?label=gen173nr-1BCAEoggI46AdSAnVzWARoRogBAZgBMbgBGcgBD9gBAegBAYgCAagCA7gC-NjpvAbAAgHSAiQ4ZGVlZWVhMi1mOTI5LTRmOWQtOTk0OC0xMzU5MWFkYWNlODjYAgXgAgE&sid=f990c8e44d8a49a026ee40f8b9e3b3a2&aid=304142&ucfs=1&arphpl=1&checkin=2025-02-09&checkout=2025-02-16&dest_id=-372490&dest_type=city&group_adults=2&req_adults=2&no_rooms=1&group_children=0&req_children=0&hpos=16&hapos=264&sr_order=popularity&srpvid=91357ea171dd08a0&srepoch=1738173659&all_sr_blocks=9721901_326006009_2_0_0&highlighted_blocks=9721901_326006009_2_0_0&matching_block_id=9721901_326006009_2_0_0&sr_pri_blocks=9721901_326006009_2_0_0__135632&from=searchresults
Liceu Apartments by Gaiarooms,"Ciutat Vella, Barcelona",https://www.booking.com/hotel/es/liceu-apartments-by-gaiarooms.html?label=gen173nr-1BCAEoggI46AdSAnVzWARoRogBAZgBMbgBGcgBD9gBAegBAYgCAagCA7gC-NjpvAbAAgHSAiQ4ZGVlZWVhMi1mOTI5LTRmOWQtOTk0OC0xMzU5MWFkYWNlODjYAgXgAgE&sid=f990c8e44d8a49a026ee40f8b9e3b3a2&aid=304142&ucfs=1&arphpl=1&checkin=2025-02-09&checkout=2025-02-16&dest_id=-372490&dest_type=city&group_adults=2&req_adults=2&no_rooms=1&group_children=0&req_children=0&hpos=17&hapos=265&sr_order=popularity&srpvid=91357ea171dd08a0&srepoch=1738173659&all_sr_blocks=818958201_404642936_2_0_0&highlighted_blocks=818958201_404642936_2_0_0&matching_block_id=818958201_404642936_2_0_0&sr_pri_blocks=818958201_404642936_2_0_0__106940&from=searchresults
Tres Torres Atiram Hotels,"Sarrià-St. Gervasi, Barcelona",https://www.booking.com/hotel/es/atiramtrestorres.html?label=gen173nr-1BCAEoggI46AdSAnVzWARoRogBAZgBMbgBGcgBD9gBAegBAYgCAagCA7gC-NjpvAbAAgHSAiQ4ZGVlZWVhMi1mOTI5LTRmOWQtOTk0OC0xMzU5MWFkYWNlODjYAgXgAgE&sid=f990c8e44d8a49a026ee40f8b9e3b3a2&aid=304142&ucfs=1&arphpl=1&checkin=2025-02-09&checkout=2025-02-16&dest_id=-372490&dest_type=city&group_adults=2&req_adults=2&no_rooms=1&group_children=0&req_children=0&hpos=18&hapos=266&sr_order=popularity&srpvid=91357ea171dd08a0&srepoch=1738173659&all_sr_blocks=9033902_0_2_0_0&highlighted_blocks=9033902_0_2_0_0&matching_block_id=9033902_0_2_0_0&sr_pri_blocks=9033902_0_2_0_0__66349&from=searchresults
Hostal Barcelona,"Sants-Montjuïc, Barcelona",https://www.booking.com/hotel/es/hostal-barcelona.html?label=gen173nr-1BCAEoggI46AdSAnVzWARoRogBAZgBMbgBGcgBD9gBAegBAYgCAagCA7gC-NjpvAbAAgHSAiQ4ZGVlZWVhMi1mOTI5LTRmOWQtOTk0OC0xMzU5MWFkYWNlODjYAgXgAgE&sid=f990c8e44d8a49a026ee40f8b9e3b3a2&aid=304142&ucfs=1&arphpl=1&checkin=2025-02-09&checkout=2025-02-16&dest_id=-372490&dest_type=city&group_adults=2&req_adults=2&no_rooms=1&group_children=0&req_children=0&hpos=19&hapos=267&sr_order=popularity&srpvid=91357ea171dd08a0&srepoch=1738173659&all_sr_blocks=25152904_0_2_0_0&highlighted_blocks=25152904_0_2_0_0&matching_block_id=25152904_0_2_0_0&sr_pri_blocks=25152904_0_2_0_0__56487&from=searchresults
AinB Sagrada Familia Apartments,"Eixample, Barcelona",https://www.booking.com/hotel/es/apartments-in-barcelona-sagrada-familia.html?label=gen173nr-1BCAEoggI46AdSAnVzWARoRogBAZgBMbgBGcgBD9gBAegBAYgCAagCA7gC-NjpvAbAAgHSAiQ4ZGVlZWVhMi1mOTI5LTRmOWQtOTk0OC0xMzU5MWFkYWNlODjYAgXgAgE&sid=f990c8e44d8a49a026ee40f8b9e3b3a2&aid=304142&ucfs=1&arphpl=1&checkin=2025-02-09&checkout=2025-02-16&dest_id=-372490&dest_type=city&group_adults=2&req_adults=2&no_rooms=1&group_children=0&req_children=0&hpos=20&hapos=268&sr_order=popularity&srpvid=91357ea171dd08a0&srepoch=1738173659&all_sr_blocks=41093401_295619901_2_0_0&highlighted_blocks=41093401_295619901_2_0_0&matching_block_id=41093401_295619901_2_0_0&sr_pri_blocks=41093401_295619901_2_0_0__134557&from=searchresults
BYPILLOW Wander,"Ciutat Vella, Barcelona",https://www.booking.com/hotel/es/hostal-wander.html?label=gen173nr-1BCAEoggI46AdSAnVzWARoRogBAZgBMbgBGcgBD9gBAegBAYgCAagCA7gC-NjpvAbAAgHSAiQ4ZGVlZWVhMi1mOTI5LTRmOWQtOTk0OC0xMzU5MWFkYWNlODjYAgXgAgE&sid=f990c8e44d8a49a026ee40f8b9e3b3a2&aid=304142&ucfs=1&arphpl=1&checkin=2025-02-09&checkout=2025-02-16&dest_id=-372490&dest_type=city&group_adults=2&req_adults=2&no_rooms=1&group_children=0&req_children=0&hpos=21&hapos=269&sr_order=popularity&srpvid=91357ea171dd08a0&srepoch=1738173659&all_sr_blocks=218741901_97600453_0_0_0&highlighted_blocks=218741901_97600453_0_0_0&matching_block_id=218741901_97600453_0_0_0&sr_pri_blocks=218741901_97600453_0_0_0__87343&from_sustainable_property_sr=1&from=searchresults
limehome Barcelona Carrer de Fontcoberta - Digital Access,"Sarrià-St. Gervasi, Barcelona",https://www.booking.com/hotel/es/limehome-barcelona-carrer-de-fontcoberta.html?label=gen173nr-1BCAEoggI46AdSAnVzWARoRogBAZgBMbgBGcgBD9gBAegBAYgCAagCA7gC-NjpvAbAAgHSAiQ4ZGVlZWVhMi1mOTI5LTRmOWQtOTk0OC0xMzU5MWFkYWNlODjYAgXgAgE&sid=f990c8e44d8a49a026ee40f8b9e3b3a2&aid=304142&ucfs=1&arphpl=1&checkin=2025-02-09&checkout=2025-02-16&dest_id=-372490&dest_type=city&group_adults=2&req_adults=2&no_rooms=1&group_children=0&req_children=0&hpos=22&hapos=270&sr_order=popularity&srpvid=91357ea171dd08a0&srepoch=1738173659&all_sr_blocks=852124704_352565423_2_0_0&highlighted_blocks=852124704_352565423_2_0_0&matching_block_id=852124704_352565423_2_0_0&sr_pri_blocks=852124704_352565423_2_0_0__73400&from=searchresults
Petit Palace Boqueria Garden,"Ciutat Vella, Barcelona",https://www.booking.com/hotel/es/petit-palace-opera-garden-ramblas.html?label=gen173nr-1BCAEoggI46AdSAnVzWARoRogBAZgBMbgBGcgBD9gBAegBAYgCAagCA7gC-NjpvAbAAgHSAiQ4ZGVlZWVhMi1mOTI5LTRmOWQtOTk0OC0xMzU5MWFkYWNlODjYAgXgAgE&sid=f990c8e44d8a49a026ee40f8b9e3b3a2&aid=304142&ucfs=1&arphpl=1&checkin=2025-02-09&checkout=2025-02-16&dest_id=-372490&dest_type=city&group_adults=2&req_adults=2&no_rooms=1&group_children=0&req_children=0&hpos=23&hapos=271&sr_order=popularity&srpvid=91357ea171dd08a0&srepoch=1738173659&all_sr_blocks=9292305_0_2_0_0&highlighted_blocks=9292305_0_2_0_0&matching_block_id=9292305_0_2_0_0&sr_pri_blocks=9292305_0_2_0_0__150361&from=searchresults
Inside Barcelona Apartments Salva,"Sants-Montjuïc, Barcelona",https://www.booking.com/hotel/es/vivobarcelona-apartments-salva.html?label=gen173nr-1BCAEoggI46AdSAnVzWARoRogBAZgBMbgBGcgBD9gBAegBAYgCAagCA7gC-NjpvAbAAgHSAiQ4ZGVlZWVhMi1mOTI5LTRmOWQtOTk0OC0xMzU5MWFkYWNlODjYAgXgAgE&sid=f990c8e44d8a49a026ee40f8b9e3b3a2&aid=304142&ucfs=1&arphpl=1&checkin=2025-02-09&checkout=2025-02-16&dest_id=-372490&dest_type=city&group_adults=2&req_adults=2&no_rooms=1&group_children=0&req_children=0&hpos=24&hapos=272&sr_order=popularity&srpvid=91357ea171dd08a0&srepoch=1738173659&all_sr_blocks=34642905_351717315_4_0_0&highlighted_blocks=34642905_351717315_4_0_0&matching_block_id=34642905_351717315_4_0_0&sr_pri_blocks=34642905_351717315_4_0_0__132482&from=searchresults
ibis Styles Barcelona City Bogatell,"Sant Martí, Barcelona",https://www.booking.com/hotel/es/ibis-styles-barcelona-city-bogatell.html?label=gen173nr-1BCAEoggI46AdSAnVzWARoRogBAZgBMbgBGcgBD9gBAegBAYgCAagCA7gC-NjpvAbAAgHSAiQ4ZGVlZWVhMi1mOTI5LTRmOWQtOTk0OC0xMzU5MWFkYWNlODjYAgXgAgE&sid=f990c8e44d8a49a026ee40f8b9e3b3a2&aid=304142&ucfs=1&arphpl=1&checkin=2025-02-09&checkout=2025-02-16&dest_id=-372490&dest_type=city&group_adults=2&req_adults=2&no_rooms=1&group_children=0&req_children=0&hpos=25&hapos=273&sr_order=popularity&srpvid=91357ea171dd08a0&srepoch=1738173659&all_sr_blocks=189690301_94630149_2_33_0&highlighted_blocks=189690301_94630149_2_33_0&matching_block_id=189690301_94630149_2_33_0&sr_pri_blocks=189690301_94630149_2_33_0__98240&from_sustainable_property_sr=1&from=searchresults
Hotel El Palace Barcelona,"Eixample, Barcelona",https://www.booking.com/hotel/es/ritzbcn.html?label=gen173nr-1BCAEoggI46AdSAnVzWARoRogBAZgBMbgBGcgBD9gBAegBAYgCAagCA7gC-NjpvAbAAgHSAiQ4ZGVlZWVhMi1mOTI5LTRmOWQtOTk0OC0xMzU5MWFkYWNlODjYAgXgAgE&sid=f990c8e44d8a49a026ee40f8b9e3b3a2&aid=304142&ucfs=1&arphpl=1&checkin=2025-02-09&checkout=2025-02-16&dest_id=-372490&dest_type=city&group_adults=2&req_adults=2&no_rooms=1&group_children=0&req_children=0&hpos=1&hapos=274&sr_order=popularity&srpvid=91357ea171dd08a0&srepoch=1738173661&all_sr_blocks=9004801_0_2_0_0&highlighted_blocks=9004801_0_2_0_0&matching_block_id=9004801_0_2_0_0&sr_pri_blocks=9004801_0_2_0_0__282102&from_sustainable_property_sr=1&from=searchresults
NH Barcelona Stadium,"Les Corts, Barcelona",https://www.booking.com/hotel/es/nh-barcelona-stadium.html?label=gen173nr-1BCAEoggI46AdSAnVzWARoRogBAZgBMbgBGcgBD9gBAegBAYgCAagCA7gC-NjpvAbAAgHSAiQ4ZGVlZWVhMi1mOTI5LTRmOWQtOTk0OC0xMzU5MWFkYWNlODjYAgXgAgE&sid=f990c8e44d8a49a026ee40f8b9e3b3a2&aid=304142&ucfs=1&arphpl=1&checkin=2025-02-09&checkout=2025-02-16&dest_id=-372490&dest_type=city&group_adults=2&req_adults=2&no_rooms=1&group_children=0&req_children=0&hpos=2&hapos=275&sr_order=popularity&srpvid=91357ea171dd08a0&srepoch=1738173661&all_sr_blocks=9096502_93709151_0_2_0&highlighted_blocks=9096502_93709151_0_2_0&matching_block_id=9096502_93709151_0_2_0&sr_pri_blocks=9096502_93709151_0_2_0__82679&from_sustainable_property_sr=1&from=searchresults
Hotel 1898,"Ciutat Vella, Barcelona",https://www.booking.com/hotel/es/hotel.html?label=gen173nr-1BCAEoggI46AdSAnVzWARoRogBAZgBMbgBGcgBD9gBAegBAYgCAagCA7gC-NjpvAbAAgHSAiQ4ZGVlZWVhMi1mOTI5LTRmOWQtOTk0OC0xMzU5MWFkYWNlODjYAgXgAgE&sid=f990c8e44d8a49a026ee40f8b9e3b3a2&aid=304142&ucfs=1&arphpl=1&checkin=2025-02-09&checkout=2025-02-16&dest_id=-372490&dest_type=city&group_adults=2&req_adults=2&no_rooms=1&group_children=0&req_children=0&hpos=3&hapos=276&sr_order=popularity&srpvid=91357ea171dd08a0&srepoch=1738173661&all_sr_blocks=9167501_0_2_0_0&highlighted_blocks=9167501_0_2_0_0&matching_block_id=9167501_0_2_0_0&sr_pri_blocks=9167501_0_2_0_0__136300&from_sustainable_property_sr=1&from=searchresults
Soho Apartments & Studios Ramblas,"Ciutat Vella, Barcelona",https://www.booking.com/hotel/es/staycenter-apartments-test.html?label=gen173nr-1BCAEoggI46AdSAnVzWARoRogBAZgBMbgBGcgBD9gBAegBAYgCAagCA7gC-NjpvAbAAgHSAiQ4ZGVlZWVhMi1mOTI5LTRmOWQtOTk0OC0xMzU5MWFkYWNlODjYAgXgAgE&sid=f990c8e44d8a49a026ee40f8b9e3b3a2&aid=304142&ucfs=1&arphpl=1&checkin=2025-02-09&checkout=2025-02-16&dest_id=-372490&dest_type=city&group_adults=2&req_adults=2&no_rooms=1&group_children=0&req_children=0&hpos=4&hapos=277&sr_order=popularity&srpvid=91357ea171dd08a0&srepoch=1738173661&all_sr_blocks=1133779106_386032092_2_0_0&highlighted_blocks=1133779106_386032092_2_0_0&matching_block_id=1133779106_386032092_2_0_0&sr_pri_blocks=1133779106_386032092_2_0_0__88307&from=searchresults
Hotel Lugano Barcelona,"Eixample, Barcelona",https://www.booking.com/hotel/es/hcc-lugano.html?label=gen173nr-1BCAEoggI46AdSAnVzWARoRogBAZgBMbgBGcgBD9gBAegBAYgCAagCA7gC-NjpvAbAAgHSAiQ4ZGVlZWVhMi1mOTI5LTRmOWQtOTk0OC0xMzU5MWFkYWNlODjYAgXgAgE&sid=f990c8e44d8a49a026ee40f8b9e3b3a2&aid=304142&ucfs=1&arphpl=1&checkin=2025-02-09&checkout=2025-02-16&dest_id=-372490&dest_type=city&group_adults=2&req_adults=2&no_rooms=1&group_children=0&req_children=0&hpos=5&hapos=278&sr_order=popularity&srpvid=91357ea171dd08a0&srepoch=1738173661&all_sr_blocks=39388101_88208379_0_2_0&highlighted_blocks=39388101_88208379_0_2_0&matching_block_id=39388101_88208379_0_2_0&sr_pri_blocks=39388101_88208379_0_2_0__90770&from=searchresults
MH Apartments Suites,"Eixample, Barcelona",https://www.booking.com/hotel/es/mh-apartments-suites.html?label=gen173nr-1BCAEoggI46AdSAnVzWARoRogBAZgBMbgBGcgBD9gBAegBAYgCAagCA7gC-NjpvAbAAgHSAiQ4ZGVlZWVhMi1mOTI5LTRmOWQtOTk0OC0xMzU5MWFkYWNlODjYAgXgAgE&sid=f990c8e44d8a49a026ee40f8b9e3b3a2&aid=304142&ucfs=1&arphpl=1&checkin=2025-02-09&checkout=2025-02-16&dest_id=-372490&dest_type=city&group_adults=2&req_adults=2&no_rooms=1&group_children=0&req_children=0&hpos=6&hapos=279&sr_order=popularity&srpvid=91357ea171dd08a0&srepoch=1738173661&all_sr_blocks=28271703_403038612_4_0_0_154392&highlighted_blocks=28271703_403038612_4_0_0_154392&matching_block_id=28271703_403038612_4_0_0_154392&sr_pri_blocks=28271703_403038612_4_0_0_154392_141532&from=searchresults
Nuevo apartamento zona Paseo de Gracia,"Gràcia, Barcelona",https://www.booking.com/hotel/es/nuevo-apartamento-zona-paseo-de-gracia.html?label=gen173nr-1BCAEoggI46AdSAnVzWARoRogBAZgBMbgBGcgBD9gBAegBAYgCAagCA7gC-NjpvAbAAgHSAiQ4ZGVlZWVhMi1mOTI5LTRmOWQtOTk0OC0xMzU5MWFkYWNlODjYAgXgAgE&sid=f990c8e44d8a49a026ee40f8b9e3b3a2&aid=304142&ucfs=1&arphpl=1&checkin=2025-02-09&checkout=2025-02-16&dest_id=-372490&dest_type=city&group_adults=2&req_adults=2&no_rooms=1&group_children=0&req_children=0&hpos=7&hapos=280&sr_order=popularity&srpvid=91357ea171dd08a0&srepoch=1738173661&all_sr_blocks=1280695401_402138683_3_0_0&highlighted_blocks=1280695401_402138683_3_0_0&matching_block_id=1280695401_402138683_3_0_0&sr_pri_blocks=1280695401_402138683_3_0_0__93150&from=searchresults
Maravilloso alojamiento frente a la Casa Batlló,"Eixample, Barcelona",https://www.booking.com/hotel/es/maravilloso-alojamiento-frente-a-la-casa-batllo.html?label=gen173nr-1BCAEoggI46AdSAnVzWARoRogBAZgBMbgBGcgBD9gBAegBAYgCAagCA7gC-NjpvAbAAgHSAiQ4ZGVlZWVhMi1mOTI5LTRmOWQtOTk0OC0xMzU5MWFkYWNlODjYAgXgAgE&sid=f990c8e44d8a49a026ee40f8b9e3b3a2&aid=304142&ucfs=1&arphpl=1&checkin=2025-02-09&checkout=2025-02-16&dest_id=-372490&dest_type=city&group_adults=2&req_adults=2&no_rooms=1&group_children=0&req_children=0&hpos=8&hapos=281&sr_order=popularity&srpvid=91357ea171dd08a0&srepoch=1738173661&all_sr_blocks=1244022101_396364968_2_0_0&highlighted_blocks=1244022101_396364968_2_0_0&matching_block_id=1244022101_396364968_2_0_0&sr_pri_blocks=1244022101_396364968_2_0_0__105814&from=searchresults
Family apartment Plaza España 2,"Eixample, Barcelona",https://www.booking.com/hotel/es/family-apartment-plaza-espana-2.html?label=gen173nr-1BCAEoggI46AdSAnVzWARoRogBAZgBMbgBGcgBD9gBAegBAYgCAagCA7gC-NjpvAbAAgHSAiQ4ZGVlZWVhMi1mOTI5LTRmOWQtOTk0OC0xMzU5MWFkYWNlODjYAgXgAgE&sid=f990c8e44d8a49a026ee40f8b9e3b3a2&aid=304142&ucfs=1&arphpl=1&checkin=2025-02-09&checkout=2025-02-16&dest_id=-372490&dest_type=city&group_adults=2&req_adults=2&no_rooms=1&group_children=0&req_children=0&hpos=9&hapos=282&sr_order=popularity&srpvid=91357ea171dd08a0&srepoch=1738173661&all_sr_blocks=1169271901_389495319_2_0_0&highlighted_blocks=1169271901_389495319_2_0_0&matching_block_id=1169271901_389495319_2_0_0&sr_pri_blocks=1169271901_389495319_2_0_0__84742&from=searchresults
Sweett - Harmony Central,"Ciutat Vella, Barcelona",https://www.booking.com/hotel/es/sweett-harmony-central.html?label=gen173nr-1BCAEoggI46AdSAnVzWARoRogBAZgBMbgBGcgBD9gBAegBAYgCAagCA7gC-NjpvAbAAgHSAiQ4ZGVlZWVhMi1mOTI5LTRmOWQtOTk0OC0xMzU5MWFkYWNlODjYAgXgAgE&sid=f990c8e44d8a49a026ee40f8b9e3b3a2&aid=304142&ucfs=1&arphpl=1&checkin=2025-02-09&checkout=2025-02-16&dest_id=-372490&dest_type=city&group_adults=2&req_adults=2&no_rooms=1&group_children=0&req_children=0&hpos=10&hapos=283&sr_order=popularity&srpvid=91357ea171dd08a0&srepoch=1738173661&all_sr_blocks=1311419904_403926418_6_0_0&highlighted_blocks=1311419904_403926418_6_0_0&matching_block_id=1311419904_403926418_6_0_0&sr_pri_blocks=1311419904_403926418_6_0_0__152662&from=searchresults
Senator Barcelona Apartments,"Sarrià-St. Gervasi, Barcelona",https://www.booking.com/hotel/es/aparthotelcitysenator.html?label=gen173nr-1BCAEoggI46AdSAnVzWARoRogBAZgBMbgBGcgBD9gBAegBAYgCAagCA7gC-NjpvAbAAgHSAiQ4ZGVlZWVhMi1mOTI5LTRmOWQtOTk0OC0xMzU5MWFkYWNlODjYAgXgAgE&sid=f990c8e44d8a49a026ee40f8b9e3b3a2&aid=304142&ucfs=1&arphpl=1&checkin=2025-02-09&checkout=2025-02-16&dest_id=-372490&dest_type=city&group_adults=2&req_adults=2&no_rooms=1&group_children=0&req_children=0&hpos=11&hapos=284&sr_order=popularity&srpvid=91357ea171dd08a0&srepoch=1738173661&all_sr_blocks=9037301_351506366_2_0_0&highlighted_blocks=9037301_351506366_2_0_0&matching_block_id=9037301_351506366_2_0_0&sr_pri_blocks=9037301_351506366_2_0_0__86550&from=searchresults
Le Meridien Barcelona,"Ciutat Vella, Barcelona",https://www.booking.com/hotel/es/le-meridien-barcelona.html?label=gen173nr-1BCAEoggI46AdSAnVzWARoRogBAZgBMbgBGcgBD9gBAegBAYgCAagCA7gC-NjpvAbAAgHSAiQ4ZGVlZWVhMi1mOTI5LTRmOWQtOTk0OC0xMzU5MWFkYWNlODjYAgXgAgE&sid=f990c8e44d8a49a026ee40f8b9e3b3a2&aid=304142&ucfs=1&arphpl=1&checkin=2025-02-09&checkout=2025-02-16&dest_id=-372490&dest_type=city&group_adults=2&req_adults=2&no_rooms=1&group_children=0&req_children=0&hpos=12&hapos=285&sr_order=popularity&srpvid=91357ea171dd08a0&srepoch=1738173661&all_sr_blocks=9230724_94109945_2_42_0&highlighted_blocks=9230724_94109945_2_42_0&matching_block_id=9230724_94109945_2_42_0&sr_pri_blocks=9230724_94109945_2_42_0__196829&from_sustainable_property_sr=1&from=searchresults
You Stylish City Center Apartments,"Eixample, Barcelona",https://www.booking.com/hotel/es/you-stylish-city-centre-apartments.html?label=gen173nr-1BCAEoggI46AdSAnVzWARoRogBAZgBMbgBGcgBD9gBAegBAYgCAagCA7gC-NjpvAbAAgHSAiQ4ZGVlZWVhMi1mOTI5LTRmOWQtOTk0OC0xMzU5MWFkYWNlODjYAgXgAgE&sid=f990c8e44d8a49a026ee40f8b9e3b3a2&aid=304142&ucfs=1&arphpl=1&checkin=2025-02-09&checkout=2025-02-16&dest_id=-372490&dest_type=city&group_adults=2&req_adults=2&no_rooms=1&group_children=0&req_children=0&hpos=13&hapos=286&sr_order=popularity&srpvid=91357ea171dd08a0&srepoch=1738173661&all_sr_blocks=29182835_353866292_0_0_0&highlighted_blocks=29182835_353866292_0_0_0&matching_block_id=29182835_353866292_0_0_0&sr_pri_blocks=29182835_353866292_0_0_0__165032&from=searchresults
Free Hostels Barcelona,"Eixample, Barcelona",https://www.booking.com/hotel/es/free-hostels.html?label=gen173nr-1BCAEoggI46AdSAnVzWARoRogBAZgBMbgBGcgBD9gBAegBAYgCAagCA7gC-NjpvAbAAgHSAiQ4ZGVlZWVhMi1mOTI5LTRmOWQtOTk0OC0xMzU5MWFkYWNlODjYAgXgAgE&sid=f990c8e44d8a49a026ee40f8b9e3b3a2&aid=304142&ucfs=1&arphpl=1&checkin=2025-02-09&checkout=2025-02-16&dest_id=-372490&dest_type=city&group_adults=2&req_adults=2&no_rooms=1&group_children=0&req_children=0&hpos=1&hapos=287&sr_order=popularity&srpvid=91357ea171dd08a0&srepoch=1738173663&all_sr_blocks=91372205_379828003_0_0_0&highlighted_blocks=91372205_379828003_0_0_0&matching_block_id=91372205_379828003_0_0_0&sr_pri_blocks=91372205_379828003_0_0_0__116800&from=searchresults
Seventy Barcelona,"Eixample, Barcelona",https://www.booking.com/hotel/es/seventy-barcelona.html?label=gen173nr-1BCAEoggI46AdSAnVzWARoRogBAZgBMbgBGcgBD9gBAegBAYgCAagCA7gC-NjpvAbAAgHSAiQ4ZGVlZWVhMi1mOTI5LTRmOWQtOTk0OC0xMzU5MWFkYWNlODjYAgXgAgE&sid=f990c8e44d8a49a026ee40f8b9e3b3a2&aid=304142&ucfs=1&arphpl=1&checkin=2025-02-09&checkout=2025-02-16&dest_id=-372490&dest_type=city&group_adults=2&req_adults=2&no_rooms=1&group_children=0&req_children=0&hpos=2&hapos=288&sr_order=popularity&srpvid=91357ea171dd08a0&srepoch=1738173663&all_sr_blocks=562671801_383978817_0_34_0&highlighted_blocks=562671801_383978817_0_34_0&matching_block_id=562671801_383978817_0_34_0&sr_pri_blocks=562671801_383978817_0_34_0__170972&from_sustainable_property_sr=1&from=searchresults
Charmsuites Nou Rambla,"Sants-Montjuïc, Barcelona",https://www.booking.com/hotel/es/charmsuites-com-ii.html?label=gen173nr-1BCAEoggI46AdSAnVzWARoRogBAZgBMbgBGcgBD9gBAegBAYgCAagCA7gC-NjpvAbAAgHSAiQ4ZGVlZWVhMi1mOTI5LTRmOWQtOTk0OC0xMzU5MWFkYWNlODjYAgXgAgE&sid=f990c8e44d8a49a026ee40f8b9e3b3a2&aid=304142&ucfs=1&arphpl=1&checkin=2025-02-09&checkout=2025-02-16&dest_id=-372490&dest_type=city&group_adults=2&req_adults=2&no_rooms=1&group_children=0&req_children=0&hpos=3&hapos=289&sr_order=popularity&srpvid=91357ea171dd08a0&srepoch=1738173663&all_sr_blocks=36441205_88207972_4_0_0&highlighted_blocks=36441205_88207972_4_0_0&matching_block_id=36441205_88207972_4_0_0&sr_pri_blocks=36441205_88207972_4_0_0__141932&from=searchresults
HG City Suites Barcelona,"Sarrià-St. Gervasi, Barcelona",https://www.booking.com/hotel/es/hg-city-suites-barcelona.html?label=gen173nr-1BCAEoggI46AdSAnVzWARoRogBAZgBMbgBGcgBD9gBAegBAYgCAagCA7gC-NjpvAbAAgHSAiQ4ZGVlZWVhMi1mOTI5LTRmOWQtOTk0OC0xMzU5MWFkYWNlODjYAgXgAgE&sid=f990c8e44d8a49a026ee40f8b9e3b3a2&aid=304142&ucfs=1&arphpl=1&checkin=2025-02-09&checkout=2025-02-16&dest_id=-372490&dest_type=city&group_adults=2&req_adults=2&no_rooms=1&group_children=0&req_children=0&hpos=4&hapos=290&sr_order=popularity&srpvid=91357ea171dd08a0&srepoch=1738173663&all_sr_blocks=9045208_122502930_0_0_0&highlighted_blocks=9045208_122502930_0_0_0&matching_block_id=9045208_122502930_0_0_0&sr_pri_blocks=9045208_122502930_0_0_0__92998&from=searchresults
Sweett - Sants,"Sants-Montjuïc, Barcelona",https://www.booking.com/hotel/es/apartments-de-sants.html?label=gen173nr-1BCAEoggI46AdSAnVzWARoRogBAZgBMbgBGcgBD9gBAegBAYgCAagCA7gC-NjpvAbAAgHSAiQ4ZGVlZWVhMi1mOTI5LTRmOWQtOTk0OC0xMzU5MWFkYWNlODjYAgXgAgE&sid=f990c8e44d8a49a026ee40f8b9e3b3a2&aid=304142&ucfs=1&arphpl=1&checkin=2025-02-09&checkout=2025-02-16&dest_id=-372490&dest_type=city&group_adults=2&req_adults=2&no_rooms=1&group_children=0&req_children=0&hpos=5&hapos=291&sr_order=popularity&srpvid=91357ea171dd08a0&srepoch=1738173663&all_sr_blocks=161796301_89062017_4_0_0&highlighted_blocks=161796301_89062017_4_0_0&matching_block_id=161796301_89062017_4_0_0&sr_pri_blocks=161796301_89062017_4_0_0__119805&from=searchresults
ARCELON HOTEL - New from 2023,"Sant Andreu, Barcelona",https://www.booking.com/hotel/es/arcelon.html?label=gen173nr-1BCAEoggI46AdSAnVzWARoRogBAZgBMbgBGcgBD9gBAegBAYgCAagCA7gC-NjpvAbAAgHSAiQ4ZGVlZWVhMi1mOTI5LTRmOWQtOTk0OC0xMzU5MWFkYWNlODjYAgXgAgE&sid=f990c8e44d8a49a026ee40f8b9e3b3a2&aid=304142&ucfs=1&arphpl=1&checkin=2025-02-09&checkout=2025-02-16&dest_id=-372490&dest_type=city&group_adults=2&req_adults=2&no_rooms=1&group_children=0&req_children=0&hpos=6&hapos=292&sr_order=popularity&srpvid=91357ea171dd08a0&srepoch=1738173663&all_sr_blocks=873414409_356160067_0_2_0&highlighted_blocks=873414409_356160067_0_2_0&matching_block_id=873414409_356160067_0_2_0&sr_pri_blocks=873414409_356160067_0_2_0__87978&from=searchresults
Hotel Casa Fuster G.L Monumento,"Gràcia, Barcelona",https://www.booking.com/hotel/es/hotelescenterfuster.html?label=gen173nr-1BCAEoggI46AdSAnVzWARoRogBAZgBMbgBGcgBD9gBAegBAYgCAagCA7gC-NjpvAbAAgHSAiQ4ZGVlZWVhMi1mOTI5LTRmOWQtOTk0OC0xMzU5MWFkYWNlODjYAgXgAgE&sid=f990c8e44d8a49a026ee40f8b9e3b3a2&aid=304142&ucfs=1&arphpl=1&checkin=2025-02-09&checkout=2025-02-16&dest_id=-372490&dest_type=city&group_adults=2&req_adults=2&no_rooms=1&group_children=0&req_children=0&hpos=7&hapos=293&sr_order=popularity&srpvid=91357ea171dd08a0&srepoch=1738173663&all_sr_blocks=9128601_0_2_0_0&highlighted_blocks=9128601_0_2_0_0&matching_block_id=9128601_0_2_0_0&sr_pri_blocks=9128601_0_2_0_0__225797&from_sustainable_property_sr=1&from=searchresults
Aparthotel Augusta,"Sarrià-St. Gervasi, Barcelona",https://www.booking.com/hotel/es/aparthotel-augusta-barcelona.html?label=gen173nr-1BCAEoggI46AdSAnVzWARoRogBAZgBMbgBGcgBD9gBAegBAYgCAagCA7gC-NjpvAbAAgHSAiQ4ZGVlZWVhMi1mOTI5LTRmOWQtOTk0OC0xMzU5MWFkYWNlODjYAgXgAgE&sid=f990c8e44d8a49a026ee40f8b9e3b3a2&aid=304142&ucfs=1&arphpl=1&checkin=2025-02-09&checkout=2025-02-16&dest_id=-372490&dest_type=city&group_adults=2&req_adults=2&no_rooms=1&group_children=0&req_children=0&hpos=8&hapos=294&sr_order=popularity&srpvid=91357ea171dd08a0&srepoch=1738173663&all_sr_blocks=9777307_265520377_3_2_0&highlighted_blocks=9777307_265520377_3_2_0&matching_block_id=9777307_265520377_3_2_0&sr_pri_blocks=9777307_265520377_3_2_0__175025&from=searchresults
"Hotel Bagués, a Small Luxury Hotel of the World","Ciutat Vella, Barcelona",https://www.booking.com/hotel/es/bagues.html?label=gen173nr-1BCAEoggI46AdSAnVzWARoRogBAZgBMbgBGcgBD9gBAegBAYgCAagCA7gC-NjpvAbAAgHSAiQ4ZGVlZWVhMi1mOTI5LTRmOWQtOTk0OC0xMzU5MWFkYWNlODjYAgXgAgE&sid=f990c8e44d8a49a026ee40f8b9e3b3a2&aid=304142&ucfs=1&arphpl=1&checkin=2025-02-09&checkout=2025-02-16&dest_id=-372490&dest_type=city&group_adults=2&req_adults=2&no_rooms=1&group_children=0&req_children=0&hpos=9&hapos=295&sr_order=popularity&srpvid=91357ea171dd08a0&srepoch=1738173663&all_sr_blocks=31588401_0_2_0_0&highlighted_blocks=31588401_0_2_0_0&matching_block_id=31588401_0_2_0_0&sr_pri_blocks=31588401_0_2_0_0__146845&from=searchresults
Cosmo Apartments Consell de Cent - Plaza Universitat,"Eixample, Barcelona",https://www.booking.com/hotel/es/angla-boutique-apartments-concell-de-cent.html?label=gen173nr-1BCAEoggI46AdSAnVzWARoRogBAZgBMbgBGcgBD9gBAegBAYgCAagCA7gC-NjpvAbAAgHSAiQ4ZGVlZWVhMi1mOTI5LTRmOWQtOTk0OC0xMzU5MWFkYWNlODjYAgXgAgE&sid=f990c8e44d8a49a026ee40f8b9e3b3a2&aid=304142&ucfs=1&arphpl=1&checkin=2025-02-09&checkout=2025-02-16&dest_id=-372490&dest_type=city&group_adults=2&req_adults=2&no_rooms=1&group_children=0&req_children=0&hpos=10&hapos=296&sr_order=popularity&srpvid=91357ea171dd08a0&srepoch=1738173663&all_sr_blocks=42448506_0_2_0_0&highlighted_blocks=42448506_0_2_0_0&matching_block_id=42448506_0_2_0_0&sr_pri_blocks=42448506_0_2_0_0__157993&from=searchresults
Ola Living St Antoni,"Eixample, Barcelona",https://www.booking.com/hotel/es/ola-living-st-antoni.html?label=gen173nr-1BCAEoggI46AdSAnVzWARoRogBAZgBMbgBGcgBD9gBAegBAYgCAagCA7gC-NjpvAbAAgHSAiQ4ZGVlZWVhMi1mOTI5LTRmOWQtOTk0OC0xMzU5MWFkYWNlODjYAgXgAgE&sid=f990c8e44d8a49a026ee40f8b9e3b3a2&aid=304142&ucfs=1&arphpl=1&checkin=2025-02-09&checkout=2025-02-16&dest_id=-372490&dest_type=city&group_adults=2&req_adults=2&no_rooms=1&group_children=0&req_children=0&hpos=11&hapos=297&sr_order=popularity&srpvid=91357ea171dd08a0&srepoch=1738173663&all_sr_blocks=1324981905_405128653_2_0_0&highlighted_blocks=1324981905_405128653_2_0_0&matching_block_id=1324981905_405128653_2_0_0&sr_pri_blocks=1324981905_405128653_2_0_0__97578&from=searchresults
Stylish apartment in Plaça Espanya,"Sants-Montjuïc, Barcelona",https://www.booking.com/hotel/es/stylish-apartment-in-placa-espanya.html?label=gen173nr-1BCAEoggI46AdSAnVzWARoRogBAZgBMbgBGcgBD9gBAegBAYgCAagCA7gC-NjpvAbAAgHSAiQ4ZGVlZWVhMi1mOTI5LTRmOWQtOTk0OC0xMzU5MWFkYWNlODjYAgXgAgE&sid=f990c8e44d8a49a026ee40f8b9e3b3a2&aid=304142&ucfs=1&arphpl=1&checkin=2025-02-09&checkout=2025-02-16&dest_id=-372490&dest_type=city&group_adults=2&req_adults=2&no_rooms=1&group_children=0&req_children=0&hpos=12&hapos=298&sr_order=popularity&srpvid=91357ea171dd08a0&srepoch=1738173663&all_sr_blocks=1256321301_398170247_2_0_0&highlighted_blocks=1256321301_398170247_2_0_0&matching_block_id=1256321301_398170247_2_0_0&sr_pri_blocks=1256321301_398170247_2_0_0__95601&from=searchresults
Close to Passeig de Gracia,"Eixample, Barcelona",https://www.booking.com/hotel/es/close-to-passeig-de-gracia-b-amp-b.html?label=gen173nr-1BCAEoggI46AdSAnVzWARoRogBAZgBMbgBGcgBD9gBAegBAYgCAagCA7gC-NjpvAbAAgHSAiQ4ZGVlZWVhMi1mOTI5LTRmOWQtOTk0OC0xMzU5MWFkYWNlODjYAgXgAgE&sid=f990c8e44d8a49a026ee40f8b9e3b3a2&aid=304142&ucfs=1&arphpl=1&checkin=2025-02-09&checkout=2025-02-16&dest_id=-372490&dest_type=city&group_adults=2&req_adults=2&no_rooms=1&group_children=0&req_children=0&hpos=13&hapos=299&sr_order=popularity&srpvid=91357ea171dd08a0&srepoch=1738173663&all_sr_blocks=117989604_88509496_0_0_0&highlighted_blocks=117989604_88509496_0_0_0&matching_block_id=117989604_88509496_0_0_0&sr_pri_blocks=117989604_88509496_0_0_0__127672&from=searchresults
Catalonia Park Putxet,"Sarrià-St. Gervasi, Barcelona",https://www.booking.com/hotel/es/cataloniaparkputxet.html?label=gen173nr-1BCAEoggI46AdSAnVzWARoRogBAZgBMbgBGcgBD9gBAegBAYgCAagCA7gC-NjpvAbAAgHSAiQ4ZGVlZWVhMi1mOTI5LTRmOWQtOTk0OC0xMzU5MWFkYWNlODjYAgXgAgE&sid=f990c8e44d8a49a026ee40f8b9e3b3a2&aid=304142&ucfs=1&arphpl=1&checkin=2025-02-09&checkout=2025-02-16&dest_id=-372490&dest_type=city&group_adults=2&req_adults=2&no_rooms=1&group_children=0&req_children=0&hpos=14&hapos=300&sr_order=popularity&srpvid=91357ea171dd08a0&srepoch=1738173663&all_sr_blocks=9059211_0_2_0_0&highlighted_blocks=9059211_0_2_0_0&matching_block_id=9059211_0_2_0_0&sr_pri_blocks=9059211_0_2_0_0__83725&from_sustainable_property_sr=1&from=searchresults
AC Hotel Irla by Marriott,"Sarrià-St. Gervasi, Barcelona",https://www.booking.com/hotel/es/acirla.html?label=gen173nr-1BCAEoggI46AdSAnVzWARoRogBAZgBMbgBGcgBD9gBAegBAYgCAagCA7gC-NjpvAbAAgHSAiQ4ZGVlZWVhMi1mOTI5LTRmOWQtOTk0OC0xMzU5MWFkYWNlODjYAgXgAgE&sid=f990c8e44d8a49a026ee40f8b9e3b3a2&aid=304142&ucfs=1&arphpl=1&checkin=2025-02-09&checkout=2025-02-16&dest_id=-372490&dest_type=city&group_adults=2&req_adults=2&no_rooms=1&group_children=0&req_children=0&hpos=15&hapos=301&sr_order=popularity&srpvid=91357ea171dd08a0&srepoch=1738173663&all_sr_blocks=9081305_93709094_0_2_0&highlighted_blocks=9081305_93709094_0_2_0&matching_block_id=9081305_93709094_0_2_0&sr_pri_blocks=9081305_93709094_0_2_0__137885&from_sustainable_property_sr=1&from=searchresults
Pierre & Vacances Barcelona Sants,"Sants-Montjuïc, Barcelona",https://www.booking.com/hotel/es/pierre-amp-vacances-barcelona.html?label=gen173nr-1BCAEoggI46AdSAnVzWARoRogBAZgBMbgBGcgBD9gBAegBAYgCAagCA7gC-NjpvAbAAgHSAiQ4ZGVlZWVhMi1mOTI5LTRmOWQtOTk0OC0xMzU5MWFkYWNlODjYAgXgAgE&sid=f990c8e44d8a49a026ee40f8b9e3b3a2&aid=304142&ucfs=1&arphpl=1&checkin=2025-02-09&checkout=2025-02-16&dest_id=-372490&dest_type=city&group_adults=2&req_adults=2&no_rooms=1&group_children=0&req_children=0&hpos=16&hapos=302&sr_order=popularity&srpvid=91357ea171dd08a0&srepoch=1738173663&all_sr_blocks=0_0_2_0_0&highlighted_blocks=0_0_2_0_0&matching_block_id=0_0_2_0_0&sr_pri_blocks=0_0_2_0_0__81564&from=searchresults
B Hotel,"Eixample, Barcelona",https://www.booking.com/hotel/es/bhotel.html?label=gen173nr-1BCAEoggI46AdSAnVzWARoRogBAZgBMbgBGcgBD9gBAegBAYgCAagCA7gC-NjpvAbAAgHSAiQ4ZGVlZWVhMi1mOTI5LTRmOWQtOTk0OC0xMzU5MWFkYWNlODjYAgXgAgE&sid=f990c8e44d8a49a026ee40f8b9e3b3a2&aid=304142&ucfs=1&arphpl=1&checkin=2025-02-09&checkout=2025-02-16&dest_id=-372490&dest_type=city&group_adults=2&req_adults=2&no_rooms=1&group_children=0&req_children=0&hpos=17&hapos=303&sr_order=popularity&srpvid=91357ea171dd08a0&srepoch=1738173663&all_sr_blocks=9119813_0_2_0_0&highlighted_blocks=9119813_0_2_0_0&matching_block_id=9119813_0_2_0_0&sr_pri_blocks=9119813_0_2_0_0__93096&from_sustainable_property_sr=1&from=searchresults
BCN Rambla Catalunya Apartments,"Eixample, Barcelona",https://www.booking.com/hotel/es/bcn-rambla-catalunya.html?label=gen173nr-1BCAEoggI46AdSAnVzWARoRogBAZgBMbgBGcgBD9gBAegBAYgCAagCA7gC-NjpvAbAAgHSAiQ4ZGVlZWVhMi1mOTI5LTRmOWQtOTk0OC0xMzU5MWFkYWNlODjYAgXgAgE&sid=f990c8e44d8a49a026ee40f8b9e3b3a2&aid=304142&ucfs=1&arphpl=1&checkin=2025-02-09&checkout=2025-02-16&dest_id=-372490&dest_type=city&group_adults=2&req_adults=2&no_rooms=1&group_children=0&req_children=0&hpos=18&hapos=304&sr_order=popularity&srpvid=91357ea171dd08a0&srepoch=1738173663&all_sr_blocks=33506601_91472689_4_0_0&highlighted_blocks=33506601_91472689_4_0_0&matching_block_id=33506601_91472689_4_0_0&sr_pri_blocks=33506601_91472689_4_0_0__174532&from=searchresults
Apartamento para 2 céntrico,"Eixample, Barcelona",https://www.booking.com/hotel/es/apartamento-para-2-centrico.html?label=gen173nr-1BCAEoggI46AdSAnVzWARoRogBAZgBMbgBGcgBD9gBAegBAYgCAagCA7gC-NjpvAbAAgHSAiQ4ZGVlZWVhMi1mOTI5LTRmOWQtOTk0OC0xMzU5MWFkYWNlODjYAgXgAgE&sid=f990c8e44d8a49a026ee40f8b9e3b3a2&aid=304142&ucfs=1&arphpl=1&checkin=2025-02-09&checkout=2025-02-16&dest_id=-372490&dest_type=city&group_adults=2&req_adults=2&no_rooms=1&group_children=0&req_children=0&hpos=19&hapos=305&sr_order=popularity&srpvid=91357ea171dd08a0&srepoch=1738173663&all_sr_blocks=1257791601_398330272_2_0_0&highlighted_blocks=1257791601_398330272_2_0_0&matching_block_id=1257791601_398330272_2_0_0&sr_pri_blocks=1257791601_398330272_2_0_0__101584&from=searchresults
Abba Sants,"Sants-Montjuïc, Barcelona",https://www.booking.com/hotel/es/abbasants.html?label=gen173nr-1BCAEoggI46AdSAnVzWARoRogBAZgBMbgBGcgBD9gBAegBAYgCAagCA7gC-NjpvAbAAgHSAiQ4ZGVlZWVhMi1mOTI5LTRmOWQtOTk0OC0xMzU5MWFkYWNlODjYAgXgAgE&sid=f990c8e44d8a49a026ee40f8b9e3b3a2&aid=304142&ucfs=1&arphpl=1&checkin=2025-02-09&checkout=2025-02-16&dest_id=-372490&dest_type=city&group_adults=2&req_adults=2&no_rooms=1&group_children=0&req_children=0&hpos=20&hapos=306&sr_order=popularity&srpvid=91357ea171dd08a0&srepoch=1738173663&all_sr_blocks=9117709_0_2_0_0&highlighted_blocks=9117709_0_2_0_0&matching_block_id=9117709_0_2_0_0&sr_pri_blocks=9117709_0_2_0_0__99395&from_sustainable_property_sr=1&from=searchresults
Serennia Cest Apartamentos Arc de Triomf,"Eixample, Barcelona",https://www.booking.com/hotel/es/serennia-hospitalet-de-llobregat.html?label=gen173nr-1BCAEoggI46AdSAnVzWARoRogBAZgBMbgBGcgBD9gBAegBAYgCAagCA7gC-NjpvAbAAgHSAiQ4ZGVlZWVhMi1mOTI5LTRmOWQtOTk0OC0xMzU5MWFkYWNlODjYAgXgAgE&sid=f990c8e44d8a49a026ee40f8b9e3b3a2&aid=304142&ucfs=1&arphpl=1&checkin=2025-02-09&checkout=2025-02-16&dest_id=-372490&dest_type=city&group_adults=2&req_adults=2&no_rooms=1&group_children=0&req_children=0&hpos=21&hapos=307&sr_order=popularity&srpvid=91357ea171dd08a0&srepoch=1738173663&all_sr_blocks=34638920_328157956_3_0_0&highlighted_blocks=34638920_328157956_3_0_0&matching_block_id=34638920_328157956_3_0_0&sr_pri_blocks=34638920_328157956_3_0_0__140632&from=searchresults
Majestic Hotel & Spa Barcelona GL,"Eixample, Barcelona",https://www.booking.com/hotel/es/majestic.html?label=gen173nr-1BCAEoggI46AdSAnVzWARoRogBAZgBMbgBGcgBD9gBAegBAYgCAagCA7gC-NjpvAbAAgHSAiQ4ZGVlZWVhMi1mOTI5LTRmOWQtOTk0OC0xMzU5MWFkYWNlODjYAgXgAgE&sid=f990c8e44d8a49a026ee40f8b9e3b3a2&aid=304142&ucfs=1&arphpl=1&checkin=2025-02-09&checkout=2025-02-16&dest_id=-372490&dest_type=city&group_adults=2&req_adults=2&no_rooms=1&group_children=0&req_children=0&hpos=22&hapos=308&sr_order=popularity&srpvid=91357ea171dd08a0&srepoch=1738173663&all_sr_blocks=9102018_0_2_0_0&highlighted_blocks=9102018_0_2_0_0&matching_block_id=9102018_0_2_0_0&sr_pri_blocks=9102018_0_2_0_0__188066&from_sustainable_property_sr=1&from=searchresults
Hotel Sant Pau,"Horta-Guinardó, Barcelona",https://www.booking.com/hotel/es/amrey-sant-pau.html?label=gen173nr-1BCAEoggI46AdSAnVzWARoRogBAZgBMbgBGcgBD9gBAegBAYgCAagCA7gC-NjpvAbAAgHSAiQ4ZGVlZWVhMi1mOTI5LTRmOWQtOTk0OC0xMzU5MWFkYWNlODjYAgXgAgE&sid=f990c8e44d8a49a026ee40f8b9e3b3a2&aid=304142&ucfs=1&arphpl=1&checkin=2025-02-09&checkout=2025-02-16&dest_id=-372490&dest_type=city&group_adults=2&req_adults=2&no_rooms=1&group_children=0&req_children=0&hpos=23&hapos=309&sr_order=popularity&srpvid=91357ea171dd08a0&srepoch=1738173663&all_sr_blocks=9406341_0_2_0_0&highlighted_blocks=9406341_0_2_0_0&matching_block_id=9406341_0_2_0_0&sr_pri_blocks=9406341_0_2_0_0__79672&from_sustainable_property_sr=1&from=searchresults
Rambla de Mar Apartments,"Ciutat Vella, Barcelona",https://www.booking.com/hotel/es/apartamentos-rambla-de-mar.html?label=gen173nr-1BCAEoggI46AdSAnVzWARoRogBAZgBMbgBGcgBD9gBAegBAYgCAagCA7gC-NjpvAbAAgHSAiQ4ZGVlZWVhMi1mOTI5LTRmOWQtOTk0OC0xMzU5MWFkYWNlODjYAgXgAgE&sid=f990c8e44d8a49a026ee40f8b9e3b3a2&aid=304142&ucfs=1&arphpl=1&checkin=2025-02-09&checkout=2025-02-16&dest_id=-372490&dest_type=city&group_adults=2&req_adults=2&no_rooms=1&group_children=0&req_children=0&hpos=24&hapos=310&sr_order=popularity&srpvid=91357ea171dd08a0&srepoch=1738173663&all_sr_blocks=38217604_88754526_4_0_0&highlighted_blocks=38217604_88754526_4_0_0&matching_block_id=38217604_88754526_4_0_0&sr_pri_blocks=38217604_88754526_4_0_0__171128&from=searchresults
Occidental Atenea Mar - Adults Only,"Sant Martí, Barcelona",https://www.booking.com/hotel/es/barcelo-atenea-mar.html?label=gen173nr-1BCAEoggI46AdSAnVzWARoRogBAZgBMbgBGcgBD9gBAegBAYgCAagCA7gC-NjpvAbAAgHSAiQ4ZGVlZWVhMi1mOTI5LTRmOWQtOTk0OC0xMzU5MWFkYWNlODjYAgXgAgE&sid=f990c8e44d8a49a026ee40f8b9e3b3a2&aid=304142&ucfs=1&arphpl=1&checkin=2025-02-09&checkout=2025-02-16&dest_id=-372490&dest_type=city&group_adults=2&req_adults=2&no_rooms=1&group_children=0&req_children=0&hpos=25&hapos=311&sr_order=popularity&srpvid=91357ea171dd08a0&srepoch=1738173663&all_sr_blocks=9250911_88192666_2_2_0_624781&highlighted_blocks=9250911_88192666_2_2_0_624781&matching_block_id=9250911_88192666_2_2_0_624781&sr_pri_blocks=9250911_88192666_2_2_0_624781_92928&from=searchresults
Catalonia Mikado,"Sarrià-St. Gervasi, Barcelona",https://www.booking.com/hotel/es/cataloniamikado.html?label=gen173nr-1BCAEoggI46AdSAnVzWARoRogBAZgBMbgBGcgBD9gBAegBAYgCAagCA7gC-NjpvAbAAgHSAiQ4ZGVlZWVhMi1mOTI5LTRmOWQtOTk0OC0xMzU5MWFkYWNlODjYAgXgAgE&sid=f990c8e44d8a49a026ee40f8b9e3b3a2&aid=304142&ucfs=1&arphpl=1&checkin=2025-02-09&checkout=2025-02-16&dest_id=-372490&dest_type=city&group_adults=2&req_adults=2&no_rooms=1&group_children=0&req_children=0&hpos=1&hapos=312&sr_order=popularity&srpvid=91357ea171dd08a0&srepoch=1738173665&all_sr_blocks=9059107_194592994_0_2_0&highlighted_blocks=9059107_194592994_0_2_0&matching_block_id=9059107_194592994_0_2_0&sr_pri_blocks=9059107_194592994_0_2_0__75700&from_sustainable_property_sr=1&from=searchresults
Upper Diagonal,"Sarrià-St. Gervasi, Barcelona",https://www.booking.com/hotel/es/upper-diagonal-barcelona.html?label=gen173nr-1BCAEoggI46AdSAnVzWARoRogBAZgBMbgBGcgBD9gBAegBAYgCAagCA7gC-NjpvAbAAgHSAiQ4ZGVlZWVhMi1mOTI5LTRmOWQtOTk0OC0xMzU5MWFkYWNlODjYAgXgAgE&sid=f990c8e44d8a49a026ee40f8b9e3b3a2&aid=304142&ucfs=1&arphpl=1&checkin=2025-02-09&checkout=2025-02-16&dest_id=-372490&dest_type=city&group_adults=2&req_adults=2&no_rooms=1&group_children=0&req_children=0&hpos=2&hapos=313&sr_order=popularity&srpvid=91357ea171dd08a0&srepoch=1738173665&all_sr_blocks=153156802_138953440_0_2_0_51970&highlighted_blocks=153156802_138953440_0_2_0_51970&matching_block_id=153156802_138953440_0_2_0_51970&sr_pri_blocks=153156802_138953440_0_2_0_51970_187122&from=searchresults
Picasso Suites,"Eixample, Barcelona",https://www.booking.com/hotel/es/picasso-suites.html?label=gen173nr-1BCAEoggI46AdSAnVzWARoRogBAZgBMbgBGcgBD9gBAegBAYgCAagCA7gC-NjpvAbAAgHSAiQ4ZGVlZWVhMi1mOTI5LTRmOWQtOTk0OC0xMzU5MWFkYWNlODjYAgXgAgE&sid=f990c8e44d8a49a026ee40f8b9e3b3a2&aid=304142&ucfs=1&arphpl=1&checkin=2025-02-09&checkout=2025-02-16&dest_id=-372490&dest_type=city&group_adults=2&req_adults=2&no_rooms=1&group_children=0&req_children=0&hpos=3&hapos=314&sr_order=popularity&srpvid=91357ea171dd08a0&srepoch=1738173665&all_sr_blocks=78611101_88505281_2_0_0&highlighted_blocks=78611101_88505281_2_0_0&matching_block_id=78611101_88505281_2_0_0&sr_pri_blocks=78611101_88505281_2_0_0__133076&from=searchresults
Hotel Astoria,"Eixample, Barcelona",https://www.booking.com/hotel/es/astoriaderby333.html?label=gen173nr-1BCAEoggI46AdSAnVzWARoRogBAZgBMbgBGcgBD9gBAegBAYgCAagCA7gC-NjpvAbAAgHSAiQ4ZGVlZWVhMi1mOTI5LTRmOWQtOTk0OC0xMzU5MWFkYWNlODjYAgXgAgE&sid=f990c8e44d8a49a026ee40f8b9e3b3a2&aid=304142&ucfs=1&arphpl=1&checkin=2025-02-09&checkout=2025-02-16&dest_id=-372490&dest_type=city&group_adults=2&req_adults=2&no_rooms=1&group_children=0&req_children=0&hpos=4&hapos=315&sr_order=popularity&srpvid=91357ea171dd08a0&srepoch=1738173665&all_sr_blocks=9003610_88181288_0_2_0&highlighted_blocks=9003610_88181288_0_2_0&matching_block_id=9003610_88181288_0_2_0&sr_pri_blocks=9003610_88181288_0_2_0__99950&from=searchresults
Family apartment close to Parc Güell,"Horta-Guinardó, Barcelona",https://www.booking.com/hotel/es/family-apartment-close-to-parc-guell.html?label=gen173nr-1BCAEoggI46AdSAnVzWARoRogBAZgBMbgBGcgBD9gBAegBAYgCAagCA7gC-NjpvAbAAgHSAiQ4ZGVlZWVhMi1mOTI5LTRmOWQtOTk0OC0xMzU5MWFkYWNlODjYAgXgAgE&sid=f990c8e44d8a49a026ee40f8b9e3b3a2&aid=304142&ucfs=1&arphpl=1&checkin=2025-02-09&checkout=2025-02-16&dest_id=-372490&dest_type=city&group_adults=2&req_adults=2&no_rooms=1&group_children=0&req_children=0&hpos=5&hapos=316&sr_order=popularity&srpvid=91357ea171dd08a0&srepoch=1738173665&all_sr_blocks=840331001_352488134_3_0_0&highlighted_blocks=840331001_352488134_3_0_0&matching_block_id=840331001_352488134_3_0_0&sr_pri_blocks=840331001_352488134_3_0_0__75861&from=searchresults
Céntrico apartamento,"Gràcia, Barcelona",https://www.booking.com/hotel/es/centrico-apartamento-barcelona.html?label=gen173nr-1BCAEoggI46AdSAnVzWARoRogBAZgBMbgBGcgBD9gBAegBAYgCAagCA7gC-NjpvAbAAgHSAiQ4ZGVlZWVhMi1mOTI5LTRmOWQtOTk0OC0xMzU5MWFkYWNlODjYAgXgAgE&sid=f990c8e44d8a49a026ee40f8b9e3b3a2&aid=304142&ucfs=1&arphpl=1&checkin=2025-02-09&checkout=2025-02-16&dest_id=-372490&dest_type=city&group_adults=2&req_adults=2&no_rooms=1&group_children=0&req_children=0&hpos=6&hapos=317&sr_order=popularity&srpvid=91357ea171dd08a0&srepoch=1738173665&all_sr_blocks=1061020401_378410580_2_0_0&highlighted_blocks=1061020401_378410580_2_0_0&matching_block_id=1061020401_378410580_2_0_0&sr_pri_blocks=1061020401_378410580_2_0_0__83288&from=searchresults
Sweett - Eixample,"Eixample, Barcelona",https://www.booking.com/hotel/es/sweet-inn-eixample.html?label=gen173nr-1BCAEoggI46AdSAnVzWARoRogBAZgBMbgBGcgBD9gBAegBAYgCAagCA7gC-NjpvAbAAgHSAiQ4ZGVlZWVhMi1mOTI5LTRmOWQtOTk0OC0xMzU5MWFkYWNlODjYAgXgAgE&sid=f990c8e44d8a49a026ee40f8b9e3b3a2&aid=304142&ucfs=1&arphpl=1&checkin=2025-02-09&checkout=2025-02-16&dest_id=-372490&dest_type=city&group_adults=2&req_adults=2&no_rooms=1&group_children=0&req_children=0&hpos=7&hapos=318&sr_order=popularity&srpvid=91357ea171dd08a0&srepoch=1738173665&all_sr_blocks=959012507_368466722_4_0_0&highlighted_blocks=959012507_368466722_4_0_0&matching_block_id=959012507_368466722_4_0_0&sr_pri_blocks=959012507_368466722_4_0_0__123848&from=searchresults
Room Mate Anna,"Eixample, Barcelona",https://www.booking.com/hotel/es/room-mate-anna.html?label=gen173nr-1BCAEoggI46AdSAnVzWARoRogBAZgBMbgBGcgBD9gBAegBAYgCAagCA7gC-NjpvAbAAgHSAiQ4ZGVlZWVhMi1mOTI5LTRmOWQtOTk0OC0xMzU5MWFkYWNlODjYAgXgAgE&sid=f990c8e44d8a49a026ee40f8b9e3b3a2&aid=304142&ucfs=1&arphpl=1&checkin=2025-02-09&checkout=2025-02-16&dest_id=-372490&dest_type=city&group_adults=2&req_adults=2&no_rooms=1&group_children=0&req_children=0&hpos=8&hapos=319&sr_order=popularity&srpvid=91357ea171dd08a0&srepoch=1738173665&all_sr_blocks=176914302_0_2_0_0&highlighted_blocks=176914302_0_2_0_0&matching_block_id=176914302_0_2_0_0&sr_pri_blocks=176914302_0_2_0_0__96642&from=searchresults
Lugaris Rambla Apartments,"Sant Martí, Barcelona",https://www.booking.com/hotel/es/lugaris-the-home-concept.html?label=gen173nr-1BCAEoggI46AdSAnVzWARoRogBAZgBMbgBGcgBD9gBAegBAYgCAagCA7gC-NjpvAbAAgHSAiQ4ZGVlZWVhMi1mOTI5LTRmOWQtOTk0OC0xMzU5MWFkYWNlODjYAgXgAgE&sid=f990c8e44d8a49a026ee40f8b9e3b3a2&aid=304142&ucfs=1&arphpl=1&checkin=2025-02-09&checkout=2025-02-16&dest_id=-372490&dest_type=city&group_adults=2&req_adults=2&no_rooms=1&group_children=0&req_children=0&hpos=9&hapos=320&sr_order=popularity&srpvid=91357ea171dd08a0&srepoch=1738173665&all_sr_blocks=24280302_99486590_2_0_0&highlighted_blocks=24280302_99486590_2_0_0&matching_block_id=24280302_99486590_2_0_0&sr_pri_blocks=24280302_99486590_2_0_0__105302&from=searchresults
Palau de la Musica Apartments,"Ciutat Vella, Barcelona",https://www.booking.com/hotel/es/las-ramblas-rooms-iii.html?label=gen173nr-1BCAEoggI46AdSAnVzWARoRogBAZgBMbgBGcgBD9gBAegBAYgCAagCA7gC-NjpvAbAAgHSAiQ4ZGVlZWVhMi1mOTI5LTRmOWQtOTk0OC0xMzU5MWFkYWNlODjYAgXgAgE&sid=f990c8e44d8a49a026ee40f8b9e3b3a2&aid=304142&ucfs=1&arphpl=1&checkin=2025-02-09&checkout=2025-02-16&dest_id=-372490&dest_type=city&group_adults=2&req_adults=2&no_rooms=1&group_children=0&req_children=0&hpos=10&hapos=321&sr_order=popularity&srpvid=91357ea171dd08a0&srepoch=1738173665&all_sr_blocks=1224001_118602042_2_0_0&highlighted_blocks=1224001_118602042_2_0_0&matching_block_id=1224001_118602042_2_0_0&sr_pri_blocks=1224001_118602042_2_0_0__176760&from=searchresults
"Kimpton Vividora Hotel, an IHG Hotel","Ciutat Vella, Barcelona",https://www.booking.com/hotel/es/kimpton-barcelona.html?label=gen173nr-1BCAEoggI46AdSAnVzWARoRogBAZgBMbgBGcgBD9gBAegBAYgCAagCA7gC-NjpvAbAAgHSAiQ4ZGVlZWVhMi1mOTI5LTRmOWQtOTk0OC0xMzU5MWFkYWNlODjYAgXgAgE&sid=f990c8e44d8a49a026ee40f8b9e3b3a2&aid=304142&ucfs=1&arphpl=1&checkin=2025-02-09&checkout=2025-02-16&dest_id=-372490&dest_type=city&group_adults=2&req_adults=2&no_rooms=1&group_children=0&req_children=0&hpos=11&hapos=322&sr_order=popularity&srpvid=91357ea171dd08a0&srepoch=1738173665&all_sr_blocks=530216926_187382544_2_42_0&highlighted_blocks=530216926_187382544_2_42_0&matching_block_id=530216926_187382544_2_42_0&sr_pri_blocks=530216926_187382544_2_42_0__232950&from_sustainable_property_sr=1&from=searchresults
Sweett - Miro Park,"Eixample, Barcelona",https://www.booking.com/hotel/es/sweet-inn-apartments-miropark.html?label=gen173nr-1BCAEoggI46AdSAnVzWARoRogBAZgBMbgBGcgBD9gBAegBAYgCAagCA7gC-NjpvAbAAgHSAiQ4ZGVlZWVhMi1mOTI5LTRmOWQtOTk0OC0xMzU5MWFkYWNlODjYAgXgAgE&sid=f990c8e44d8a49a026ee40f8b9e3b3a2&aid=304142&ucfs=1&arphpl=1&checkin=2025-02-09&checkout=2025-02-16&dest_id=-372490&dest_type=city&group_adults=2&req_adults=2&no_rooms=1&group_children=0&req_children=0&hpos=12&hapos=323&sr_order=popularity&srpvid=91357ea171dd08a0&srepoch=1738173665&all_sr_blocks=257699501_376234171_2_0_0&highlighted_blocks=257699501_376234171_2_0_0&matching_block_id=257699501_376234171_2_0_0&sr_pri_blocks=257699501_376234171_2_0_0__99471&from=searchresults
Cozy Apartment Les Corts,"Les Corts, Barcelona",https://www.booking.com/hotel/es/cozy-apartment-les-corts.html?label=gen173nr-1BCAEoggI46AdSAnVzWARoRogBAZgBMbgBGcgBD9gBAegBAYgCAagCA7gC-NjpvAbAAgHSAiQ4ZGVlZWVhMi1mOTI5LTRmOWQtOTk0OC0xMzU5MWFkYWNlODjYAgXgAgE&sid=f990c8e44d8a49a026ee40f8b9e3b3a2&aid=304142&ucfs=1&arphpl=1&checkin=2025-02-09&checkout=2025-02-16&dest_id=-372490&dest_type=city&group_adults=2&req_adults=2&no_rooms=1&group_children=0&req_children=0&hpos=13&hapos=324&sr_order=popularity&srpvid=91357ea171dd08a0&srepoch=1738173665&all_sr_blocks=1077159401_380304253_2_0_0&highlighted_blocks=1077159401_380304253_2_0_0&matching_block_id=1077159401_380304253_2_0_0&sr_pri_blocks=1077159401_380304253_2_0_0__175632&from=searchresults
Casp 74 Apartments,"Eixample, Barcelona",https://www.booking.com/hotel/es/casp-74-apartments.html?label=gen173nr-1BCAEoggI46AdSAnVzWARoRogBAZgBMbgBGcgBD9gBAegBAYgCAagCA7gC-NjpvAbAAgHSAiQ4ZGVlZWVhMi1mOTI5LTRmOWQtOTk0OC0xMzU5MWFkYWNlODjYAgXgAgE&sid=f990c8e44d8a49a026ee40f8b9e3b3a2&aid=304142&ucfs=1&arphpl=1&checkin=2025-02-09&checkout=2025-02-16&dest_id=-372490&dest_type=city&group_adults=2&req_adults=2&no_rooms=1&group_children=0&req_children=0&hpos=14&hapos=325&sr_order=popularity&srpvid=91357ea171dd08a0&srepoch=1738173665&all_sr_blocks=18906303_398578337_6_0_0_391766&highlighted_blocks=18906303_398578337_6_0_0_391766&matching_block_id=18906303_398578337_6_0_0_391766&sr_pri_blocks=18906303_398578337_6_0_0_391766_269552&from=searchresults
Leevin Student Barcelona,"Sarrià-St. Gervasi, Barcelona",https://www.booking.com/hotel/es/leevin-hostel-barcelona.html?label=gen173nr-1BCAEoggI46AdSAnVzWARoRogBAZgBMbgBGcgBD9gBAegBAYgCAagCA7gC-NjpvAbAAgHSAiQ4ZGVlZWVhMi1mOTI5LTRmOWQtOTk0OC0xMzU5MWFkYWNlODjYAgXgAgE&sid=f990c8e44d8a49a026ee40f8b9e3b3a2&aid=304142&ucfs=1&arphpl=1&checkin=2025-02-09&checkout=2025-02-16&dest_id=-372490&dest_type=city&group_adults=2&req_adults=2&no_rooms=1&group_children=0&req_children=0&hpos=15&hapos=326&sr_order=popularity&srpvid=91357ea171dd08a0&srepoch=1738173665&all_sr_blocks=1026614907_375419983_2_0_0_430580&highlighted_blocks=1026614907_375419983_2_0_0_430580&matching_block_id=1026614907_375419983_2_0_0_430580&sr_pri_blocks=1026614907_375419983_2_0_0_430580_60416&from=searchresults
Hotel Concordia Barcelona,"Sants-Montjuïc, Barcelona",https://www.booking.com/hotel/es/concordia.html?label=gen173nr-1BCAEoggI46AdSAnVzWARoRogBAZgBMbgBGcgBD9gBAegBAYgCAagCA7gC-NjpvAbAAgHSAiQ4ZGVlZWVhMi1mOTI5LTRmOWQtOTk0OC0xMzU5MWFkYWNlODjYAgXgAgE&sid=f990c8e44d8a49a026ee40f8b9e3b3a2&aid=304142&ucfs=1&arphpl=1&checkin=2025-02-09&checkout=2025-02-16&dest_id=-372490&dest_type=city&group_adults=2&req_adults=2&no_rooms=1&group_children=0&req_children=0&hpos=16&hapos=327&sr_order=popularity&srpvid=91357ea171dd08a0&srepoch=1738173665&all_sr_blocks=9118502_390452401_0_2_0&highlighted_blocks=9118502_390452401_0_2_0&matching_block_id=9118502_390452401_0_2_0&sr_pri_blocks=9118502_390452401_0_2_0__93778&from=searchresults
Sweett - Avenida Roma,"Eixample, Barcelona",https://www.booking.com/hotel/es/sweet-inn-avenida-roma-barcelona9.html?label=gen173nr-1BCAEoggI46AdSAnVzWARoRogBAZgBMbgBGcgBD9gBAegBAYgCAagCA7gC-NjpvAbAAgHSAiQ4ZGVlZWVhMi1mOTI5LTRmOWQtOTk0OC0xMzU5MWFkYWNlODjYAgXgAgE&sid=f990c8e44d8a49a026ee40f8b9e3b3a2&aid=304142&ucfs=1&arphpl=1&checkin=2025-02-09&checkout=2025-02-16&dest_id=-372490&dest_type=city&group_adults=2&req_adults=2&no_rooms=1&group_children=0&req_children=0&hpos=17&hapos=328&sr_order=popularity&srpvid=91357ea171dd08a0&srepoch=1738173665&all_sr_blocks=982622002_376231769_4_0_0&highlighted_blocks=982622002_376231769_4_0_0&matching_block_id=982622002_376231769_4_0_0&sr_pri_blocks=982622002_376231769_4_0_0__120112&from=searchresults
Decô Apartments Barcelona-Born Apt.,"Ciutat Vella, Barcelona",https://www.booking.com/hotel/es/decimononico-apartments-borne.html?label=gen173nr-1BCAEoggI46AdSAnVzWARoRogBAZgBMbgBGcgBD9gBAegBAYgCAagCA7gC-NjpvAbAAgHSAiQ4ZGVlZWVhMi1mOTI5LTRmOWQtOTk0OC0xMzU5MWFkYWNlODjYAgXgAgE&sid=f990c8e44d8a49a026ee40f8b9e3b3a2&aid=304142&ucfs=1&arphpl=1&checkin=2025-02-09&checkout=2025-02-16&dest_id=-372490&dest_type=city&group_adults=2&req_adults=2&no_rooms=1&group_children=0&req_children=0&hpos=18&hapos=329&sr_order=popularity&srpvid=91357ea171dd08a0&srepoch=1738173665&all_sr_blocks=43314802_247419057_4_0_0&highlighted_blocks=43314802_247419057_4_0_0&matching_block_id=43314802_247419057_4_0_0&sr_pri_blocks=43314802_247419057_4_0_0__180332&from_sustainable_property_sr=1&from=searchresults
Hostal Oliva,"Eixample, Barcelona",https://www.booking.com/hotel/es/hostal-oliva-barcelona.html?label=gen173nr-1BCAEoggI46AdSAnVzWARoRogBAZgBMbgBGcgBD9gBAegBAYgCAagCA7gC-NjpvAbAAgHSAiQ4ZGVlZWVhMi1mOTI5LTRmOWQtOTk0OC0xMzU5MWFkYWNlODjYAgXgAgE&sid=f990c8e44d8a49a026ee40f8b9e3b3a2&aid=304142&ucfs=1&arphpl=1&checkin=2025-02-09&checkout=2025-02-16&dest_id=-372490&dest_type=city&group_adults=2&req_adults=2&no_rooms=1&group_children=0&req_children=0&hpos=19&hapos=330&sr_order=popularity&srpvid=91357ea171dd08a0&srepoch=1738173665&all_sr_blocks=167292307_146638147_0_0_0&highlighted_blocks=167292307_146638147_0_0_0&matching_block_id=167292307_146638147_0_0_0&sr_pri_blocks=167292307_146638147_0_0_0__89500&from=searchresults
Sansi Pedralbes,"Les Corts, Barcelona",https://www.booking.com/hotel/es/sansipedralbes.html?label=gen173nr-1BCAEoggI46AdSAnVzWARoRogBAZgBMbgBGcgBD9gBAegBAYgCAagCA7gC-NjpvAbAAgHSAiQ4ZGVlZWVhMi1mOTI5LTRmOWQtOTk0OC0xMzU5MWFkYWNlODjYAgXgAgE&sid=f990c8e44d8a49a026ee40f8b9e3b3a2&aid=304142&ucfs=1&arphpl=1&checkin=2025-02-09&checkout=2025-02-16&dest_id=-372490&dest_type=city&group_adults=2&req_adults=2&no_rooms=1&group_children=0&req_children=0&hpos=20&hapos=331&sr_order=popularity&srpvid=91357ea171dd08a0&srepoch=1738173665&all_sr_blocks=9101702_403084070_0_2_0&highlighted_blocks=9101702_403084070_0_2_0&matching_block_id=9101702_403084070_0_2_0&sr_pri_blocks=9101702_403084070_0_2_0__285278&from=searchresults
Suite Miro Eixample Barcelona,"Eixample, Barcelona",https://www.booking.com/hotel/es/suite-miro-eixample-barcelona.html?label=gen173nr-1BCAEoggI46AdSAnVzWARoRogBAZgBMbgBGcgBD9gBAegBAYgCAagCA7gC-NjpvAbAAgHSAiQ4ZGVlZWVhMi1mOTI5LTRmOWQtOTk0OC0xMzU5MWFkYWNlODjYAgXgAgE&sid=f990c8e44d8a49a026ee40f8b9e3b3a2&aid=304142&ucfs=1&arphpl=1&checkin=2025-02-09&checkout=2025-02-16&dest_id=-372490&dest_type=city&group_adults=2&req_adults=2&no_rooms=1&group_children=0&req_children=0&hpos=21&hapos=332&sr_order=popularity&srpvid=91357ea171dd08a0&srepoch=1738173665&all_sr_blocks=1029405802_375650888_0_0_0&highlighted_blocks=1029405802_375650888_0_0_0&matching_block_id=1029405802_375650888_0_0_0&sr_pri_blocks=1029405802_375650888_0_0_0__98272&from=searchresults
Renaissance Barcelona Hotel,"Eixample, Barcelona",https://www.booking.com/hotel/es/acdiplomatic.html?label=gen173nr-1BCAEoggI46AdSAnVzWARoRogBAZgBMbgBGcgBD9gBAegBAYgCAagCA7gC-NjpvAbAAgHSAiQ4ZGVlZWVhMi1mOTI5LTRmOWQtOTk0OC0xMzU5MWFkYWNlODjYAgXgAgE&sid=f990c8e44d8a49a026ee40f8b9e3b3a2&aid=304142&ucfs=1&arphpl=1&checkin=2025-02-09&checkout=2025-02-16&dest_id=-372490&dest_type=city&group_adults=2&req_adults=2&no_rooms=1&group_children=0&req_children=0&hpos=22&hapos=333&sr_order=popularity&srpvid=91357ea171dd08a0&srepoch=1738173665&all_sr_blocks=9081113_93709090_2_33_0&highlighted_blocks=9081113_93709090_2_33_0&matching_block_id=9081113_93709090_2_33_0&sr_pri_blocks=9081113_93709090_2_33_0__270710&from_sustainable_property_sr=1&from=searchresults
Casa Cosi - Industria,"Gràcia, Barcelona",https://www.booking.com/hotel/es/casa-cosi-industria.html?label=gen173nr-1BCAEoggI46AdSAnVzWARoRogBAZgBMbgBGcgBD9gBAegBAYgCAagCA7gC-NjpvAbAAgHSAiQ4ZGVlZWVhMi1mOTI5LTRmOWQtOTk0OC0xMzU5MWFkYWNlODjYAgXgAgE&sid=f990c8e44d8a49a026ee40f8b9e3b3a2&aid=304142&ucfs=1&arphpl=1&checkin=2025-02-09&checkout=2025-02-16&dest_id=-372490&dest_type=city&group_adults=2&req_adults=2&no_rooms=1&group_children=0&req_children=0&hpos=23&hapos=334&sr_order=popularity&srpvid=91357ea171dd08a0&srepoch=1738173665&all_sr_blocks=732037901_377072175_0_0_0&highlighted_blocks=732037901_377072175_0_0_0&matching_block_id=732037901_377072175_0_0_0&sr_pri_blocks=732037901_377072175_0_0_0__145838&from=searchresults
"Hotel Granados 83, a member of Preferred Hotels & Resorts","Eixample, Barcelona",https://www.booking.com/hotel/es/granados-83.html?label=gen173nr-1BCAEoggI46AdSAnVzWARoRogBAZgBMbgBGcgBD9gBAegBAYgCAagCA7gC-NjpvAbAAgHSAiQ4ZGVlZWVhMi1mOTI5LTRmOWQtOTk0OC0xMzU5MWFkYWNlODjYAgXgAgE&sid=f990c8e44d8a49a026ee40f8b9e3b3a2&aid=304142&ucfs=1&arphpl=1&checkin=2025-02-09&checkout=2025-02-16&dest_id=-372490&dest_type=city&group_adults=2&req_adults=2&no_rooms=1&group_children=0&req_children=0&hpos=1&hapos=335&sr_order=popularity&srpvid=91357ea171dd08a0&srepoch=1738173668&all_sr_blocks=9242514_88192479_0_2_0&highlighted_blocks=9242514_88192479_0_2_0&matching_block_id=9242514_88192479_0_2_0&sr_pri_blocks=9242514_88192479_0_2_0__202278&from=searchresults
Sofitel Barcelona Skipper,"Ciutat Vella, Barcelona",https://www.booking.com/hotel/es/barcelona-skipper.html?label=gen173nr-1BCAEoggI46AdSAnVzWARoRogBAZgBMbgBGcgBD9gBAegBAYgCAagCA7gC-NjpvAbAAgHSAiQ4ZGVlZWVhMi1mOTI5LTRmOWQtOTk0OC0xMzU5MWFkYWNlODjYAgXgAgE&sid=f990c8e44d8a49a026ee40f8b9e3b3a2&aid=304142&ucfs=1&arphpl=1&checkin=2025-02-09&checkout=2025-02-16&dest_id=-372490&dest_type=city&group_adults=2&req_adults=2&no_rooms=1&group_children=0&req_children=0&hpos=2&hapos=336&sr_order=popularity&srpvid=91357ea171dd08a0&srepoch=1738173668&all_sr_blocks=9387936_378331520_2_42_0&highlighted_blocks=9387936_378331520_2_42_0&matching_block_id=9387936_378331520_2_42_0&sr_pri_blocks=9387936_378331520_2_42_0__358750&from=searchresults
Claris Apartments,"Eixample, Barcelona",https://www.booking.com/hotel/es/claris-apartments-barcelona.html?label=gen173nr-1BCAEoggI46AdSAnVzWARoRogBAZgBMbgBGcgBD9gBAegBAYgCAagCA7gC-NjpvAbAAgHSAiQ4ZGVlZWVhMi1mOTI5LTRmOWQtOTk0OC0xMzU5MWFkYWNlODjYAgXgAgE&sid=f990c8e44d8a49a026ee40f8b9e3b3a2&aid=304142&ucfs=1&arphpl=1&checkin=2025-02-09&checkout=2025-02-16&dest_id=-372490&dest_type=city&group_adults=2&req_adults=2&no_rooms=1&group_children=0&req_children=0&hpos=3&hapos=337&sr_order=popularity&srpvid=91357ea171dd08a0&srepoch=1738173668&all_sr_blocks=41878901_390543900_4_0_0&highlighted_blocks=41878901_390543900_4_0_0&matching_block_id=41878901_390543900_4_0_0&sr_pri_blocks=41878901_390543900_4_0_0__133272&from=searchresults
Canela Homes BARCELONA FIRA,"Sants-Montjuïc, Barcelona",https://www.booking.com/hotel/es/canela-homes-barcelona-fira.html?label=gen173nr-1BCAEoggI46AdSAnVzWARoRogBAZgBMbgBGcgBD9gBAegBAYgCAagCA7gC-NjpvAbAAgHSAiQ4ZGVlZWVhMi1mOTI5LTRmOWQtOTk0OC0xMzU5MWFkYWNlODjYAgXgAgE&sid=f990c8e44d8a49a026ee40f8b9e3b3a2&aid=304142&ucfs=1&arphpl=1&checkin=2025-02-09&checkout=2025-02-16&dest_id=-372490&dest_type=city&group_adults=2&req_adults=2&no_rooms=1&group_children=0&req_children=0&hpos=4&hapos=338&sr_order=popularity&srpvid=91357ea171dd08a0&srepoch=1738173668&all_sr_blocks=1096340201_402727120_4_0_0&highlighted_blocks=1096340201_402727120_4_0_0&matching_block_id=1096340201_402727120_4_0_0&sr_pri_blocks=1096340201_402727120_4_0_0__137145&from=searchresults
BcnStop Sant Pau Suites,"Sant Martí, Barcelona",https://www.booking.com/hotel/es/sant-pau-suites.html?label=gen173nr-1BCAEoggI46AdSAnVzWARoRogBAZgBMbgBGcgBD9gBAegBAYgCAagCA7gC-NjpvAbAAgHSAiQ4ZGVlZWVhMi1mOTI5LTRmOWQtOTk0OC0xMzU5MWFkYWNlODjYAgXgAgE&sid=f990c8e44d8a49a026ee40f8b9e3b3a2&aid=304142&ucfs=1&arphpl=1&checkin=2025-02-09&checkout=2025-02-16&dest_id=-372490&dest_type=city&group_adults=2&req_adults=2&no_rooms=1&group_children=0&req_children=0&hpos=5&hapos=339&sr_order=popularity&srpvid=91357ea171dd08a0&srepoch=1738173668&all_sr_blocks=1007439903_373471899_2_0_0&highlighted_blocks=1007439903_373471899_2_0_0&matching_block_id=1007439903_373471899_2_0_0&sr_pri_blocks=1007439903_373471899_2_0_0__105457&from=searchresults
chic&basic Reding,"Ciutat Vella, Barcelona",https://www.booking.com/hotel/es/occidentalreding.html?label=gen173nr-1BCAEoggI46AdSAnVzWARoRogBAZgBMbgBGcgBD9gBAegBAYgCAagCA7gC-NjpvAbAAgHSAiQ4ZGVlZWVhMi1mOTI5LTRmOWQtOTk0OC0xMzU5MWFkYWNlODjYAgXgAgE&sid=f990c8e44d8a49a026ee40f8b9e3b3a2&aid=304142&ucfs=1&arphpl=1&checkin=2025-02-09&checkout=2025-02-16&dest_id=-372490&dest_type=city&group_adults=2&req_adults=2&no_rooms=1&group_children=0&req_children=0&hpos=6&hapos=340&sr_order=popularity&srpvid=91357ea171dd08a0&srepoch=1738173668&all_sr_blocks=9060409_88181973_2_2_0&highlighted_blocks=9060409_88181973_2_2_0&matching_block_id=9060409_88181973_2_2_0&sr_pri_blocks=9060409_88181973_2_2_0__99800&from_sustainable_property_sr=1&from=searchresults
Casa Cosi - Casanova 6,"Eixample, Barcelona",https://www.booking.com/hotel/es/casa-cosi-casanova-6.html?label=gen173nr-1BCAEoggI46AdSAnVzWARoRogBAZgBMbgBGcgBD9gBAegBAYgCAagCA7gC-NjpvAbAAgHSAiQ4ZGVlZWVhMi1mOTI5LTRmOWQtOTk0OC0xMzU5MWFkYWNlODjYAgXgAgE&sid=f990c8e44d8a49a026ee40f8b9e3b3a2&aid=304142&ucfs=1&arphpl=1&checkin=2025-02-09&checkout=2025-02-16&dest_id=-372490&dest_type=city&group_adults=2&req_adults=2&no_rooms=1&group_children=0&req_children=0&hpos=7&hapos=341&sr_order=popularity&srpvid=91357ea171dd08a0&srepoch=1738173668&all_sr_blocks=814034902_362247681_0_0_0&highlighted_blocks=814034902_362247681_0_0_0&matching_block_id=814034902_362247681_0_0_0&sr_pri_blocks=814034902_362247681_0_0_0__192973&from=searchresults
Hostal Barcelona Centro,"Eixample, Barcelona",https://www.booking.com/hotel/es/hostal-barcelona-centro-barcelona.html?label=gen173nr-1BCAEoggI46AdSAnVzWARoRogBAZgBMbgBGcgBD9gBAegBAYgCAagCA7gC-NjpvAbAAgHSAiQ4ZGVlZWVhMi1mOTI5LTRmOWQtOTk0OC0xMzU5MWFkYWNlODjYAgXgAgE&sid=f990c8e44d8a49a026ee40f8b9e3b3a2&aid=304142&ucfs=1&arphpl=1&checkin=2025-02-09&checkout=2025-02-16&dest_id=-372490&dest_type=city&group_adults=2&req_adults=2&no_rooms=1&group_children=0&req_children=0&hpos=8&hapos=342&sr_order=popularity&srpvid=91357ea171dd08a0&srepoch=1738173668&all_sr_blocks=35365601_88207762_0_0_0&highlighted_blocks=35365601_88207762_0_0_0&matching_block_id=35365601_88207762_0_0_0&sr_pri_blocks=35365601_88207762_0_0_0__91493&from=searchresults
Hotel Best Auto Hogar,"Ciutat Vella, Barcelona",https://www.booking.com/hotel/es/autohogar.html?label=gen173nr-1BCAEoggI46AdSAnVzWARoRogBAZgBMbgBGcgBD9gBAegBAYgCAagCA7gC-NjpvAbAAgHSAiQ4ZGVlZWVhMi1mOTI5LTRmOWQtOTk0OC0xMzU5MWFkYWNlODjYAgXgAgE&sid=f990c8e44d8a49a026ee40f8b9e3b3a2&aid=304142&ucfs=1&arphpl=1&checkin=2025-02-09&checkout=2025-02-16&dest_id=-372490&dest_type=city&group_adults=2&req_adults=2&no_rooms=1&group_children=0&req_children=0&hpos=9&hapos=343&sr_order=popularity&srpvid=91357ea171dd08a0&srepoch=1738173668&all_sr_blocks=9119905_88190736_0_2_0_342051&highlighted_blocks=9119905_88190736_0_2_0_342051&matching_block_id=9119905_88190736_0_2_0_342051&sr_pri_blocks=9119905_88190736_0_2_0_342051_92345&from_sustainable_property_sr=1&from=searchresults
Habitat Apartments Hot Jazz,"Sant Martí, Barcelona",https://www.booking.com/hotel/es/habitat-apartments-hot-jazz.html?label=gen173nr-1BCAEoggI46AdSAnVzWARoRogBAZgBMbgBGcgBD9gBAegBAYgCAagCA7gC-NjpvAbAAgHSAiQ4ZGVlZWVhMi1mOTI5LTRmOWQtOTk0OC0xMzU5MWFkYWNlODjYAgXgAgE&sid=f990c8e44d8a49a026ee40f8b9e3b3a2&aid=304142&ucfs=1&arphpl=1&checkin=2025-02-09&checkout=2025-02-16&dest_id=-372490&dest_type=city&group_adults=2&req_adults=2&no_rooms=1&group_children=0&req_children=0&hpos=10&hapos=344&sr_order=popularity&srpvid=91357ea171dd08a0&srepoch=1738173668&all_sr_blocks=170548807_90028608_0_0_0&highlighted_blocks=170548807_90028608_0_0_0&matching_block_id=170548807_90028608_0_0_0&sr_pri_blocks=170548807_90028608_0_0_0__114122&from=searchresults
Sweett - Sepulveda,"Eixample, Barcelona",https://www.booking.com/hotel/es/sweet-inn-apartments-sepulveda.html?label=gen173nr-1BCAEoggI46AdSAnVzWARoRogBAZgBMbgBGcgBD9gBAegBAYgCAagCA7gC-NjpvAbAAgHSAiQ4ZGVlZWVhMi1mOTI5LTRmOWQtOTk0OC0xMzU5MWFkYWNlODjYAgXgAgE&sid=f990c8e44d8a49a026ee40f8b9e3b3a2&aid=304142&ucfs=1&arphpl=1&checkin=2025-02-09&checkout=2025-02-16&dest_id=-372490&dest_type=city&group_adults=2&req_adults=2&no_rooms=1&group_children=0&req_children=0&hpos=11&hapos=345&sr_order=popularity&srpvid=91357ea171dd08a0&srepoch=1738173668&all_sr_blocks=611354711_239380055_3_0_0&highlighted_blocks=611354711_239380055_3_0_0&matching_block_id=611354711_239380055_3_0_0&sr_pri_blocks=611354711_239380055_3_0_0__118664&from=searchresults
Suites Center Barcelona,"Gràcia, Barcelona",https://www.booking.com/hotel/es/suites-center-barcelona.html?label=gen173nr-1BCAEoggI46AdSAnVzWARoRogBAZgBMbgBGcgBD9gBAegBAYgCAagCA7gC-NjpvAbAAgHSAiQ4ZGVlZWVhMi1mOTI5LTRmOWQtOTk0OC0xMzU5MWFkYWNlODjYAgXgAgE&sid=f990c8e44d8a49a026ee40f8b9e3b3a2&aid=304142&ucfs=1&arphpl=1&checkin=2025-02-09&checkout=2025-02-16&dest_id=-372490&dest_type=city&group_adults=2&req_adults=2&no_rooms=1&group_children=0&req_children=0&hpos=12&hapos=346&sr_order=popularity&srpvid=91357ea171dd08a0&srepoch=1738173668&all_sr_blocks=24684002_403362061_0_2_0_411219&highlighted_blocks=24684002_403362061_0_2_0_411219&matching_block_id=24684002_403362061_0_2_0_411219&sr_pri_blocks=24684002_403362061_0_2_0_411219_233018&from=searchresults
Monument Hotel,"Eixample, Barcelona",https://www.booking.com/hotel/es/monument.html?label=gen173nr-1BCAEoggI46AdSAnVzWARoRogBAZgBMbgBGcgBD9gBAegBAYgCAagCA7gC-NjpvAbAAgHSAiQ4ZGVlZWVhMi1mOTI5LTRmOWQtOTk0OC0xMzU5MWFkYWNlODjYAgXgAgE&sid=f990c8e44d8a49a026ee40f8b9e3b3a2&aid=304142&ucfs=1&arphpl=1&checkin=2025-02-09&checkout=2025-02-16&dest_id=-372490&dest_type=city&group_adults=2&req_adults=2&no_rooms=1&group_children=0&req_children=0&hpos=13&hapos=347&sr_order=popularity&srpvid=91357ea171dd08a0&srepoch=1738173668&all_sr_blocks=165947073_0_2_0_0&highlighted_blocks=165947073_0_2_0_0&matching_block_id=165947073_0_2_0_0&sr_pri_blocks=165947073_0_2_0_0__293129&from=searchresults
Canela Homes BARCELONA MACBA,"Ciutat Vella, Barcelona",https://www.booking.com/hotel/es/whotells-raval.html?label=gen173nr-1BCAEoggI46AdSAnVzWARoRogBAZgBMbgBGcgBD9gBAegBAYgCAagCA7gC-NjpvAbAAgHSAiQ4ZGVlZWVhMi1mOTI5LTRmOWQtOTk0OC0xMzU5MWFkYWNlODjYAgXgAgE&sid=f990c8e44d8a49a026ee40f8b9e3b3a2&aid=304142&ucfs=1&arphpl=1&checkin=2025-02-09&checkout=2025-02-16&dest_id=-372490&dest_type=city&group_adults=2&req_adults=2&no_rooms=1&group_children=0&req_children=0&hpos=14&hapos=348&sr_order=popularity&srpvid=91357ea171dd08a0&srepoch=1738173668&all_sr_blocks=23954812_402727148_2_0_0&highlighted_blocks=23954812_402727148_2_0_0&matching_block_id=23954812_402727148_2_0_0&sr_pri_blocks=23954812_402727148_2_0_0__140757&from=searchresults
Hostal Petit Príncep,"Sarrià-St. Gervasi, Barcelona",https://www.booking.com/hotel/es/hostal-petit-princep.html?label=gen173nr-1BCAEoggI46AdSAnVzWARoRogBAZgBMbgBGcgBD9gBAegBAYgCAagCA7gC-NjpvAbAAgHSAiQ4ZGVlZWVhMi1mOTI5LTRmOWQtOTk0OC0xMzU5MWFkYWNlODjYAgXgAgE&sid=f990c8e44d8a49a026ee40f8b9e3b3a2&aid=304142&ucfs=1&arphpl=1&checkin=2025-02-09&checkout=2025-02-16&dest_id=-372490&dest_type=city&group_adults=2&req_adults=2&no_rooms=1&group_children=0&req_children=0&hpos=15&hapos=349&sr_order=popularity&srpvid=91357ea171dd08a0&srepoch=1738173668&all_sr_blocks=55514007_0_2_0_0&highlighted_blocks=55514007_0_2_0_0&matching_block_id=55514007_0_2_0_0&sr_pri_blocks=55514007_0_2_0_0__62744&from=searchresults
Ilunion Les Corts Spa,"Les Corts, Barcelona",https://www.booking.com/hotel/es/ilunionlescorts.html?label=gen173nr-1BCAEoggI46AdSAnVzWARoRogBAZgBMbgBGcgBD9gBAegBAYgCAagCA7gC-NjpvAbAAgHSAiQ4ZGVlZWVhMi1mOTI5LTRmOWQtOTk0OC0xMzU5MWFkYWNlODjYAgXgAgE&sid=f990c8e44d8a49a026ee40f8b9e3b3a2&aid=304142&ucfs=1&arphpl=1&checkin=2025-02-09&checkout=2025-02-16&dest_id=-372490&dest_type=city&group_adults=2&req_adults=2&no_rooms=1&group_children=0&req_children=0&hpos=16&hapos=350&sr_order=popularity&srpvid=91357ea171dd08a0&srepoch=1738173668&all_sr_blocks=9126303_88190867_0_2_0_311282&highlighted_blocks=9126303_88190867_0_2_0_311282&matching_block_id=9126303_88190867_0_2_0_311282&sr_pri_blocks=9126303_88190867_0_2_0_311282_83391&from=searchresults
Montserrat Apartments by Gaiarooms,"Eixample, Barcelona",https://www.booking.com/hotel/es/montserrat-apartments-by-gaiarooms.html?label=gen173nr-1BCAEoggI46AdSAnVzWARoRogBAZgBMbgBGcgBD9gBAegBAYgCAagCA7gC-NjpvAbAAgHSAiQ4ZGVlZWVhMi1mOTI5LTRmOWQtOTk0OC0xMzU5MWFkYWNlODjYAgXgAgE&sid=f990c8e44d8a49a026ee40f8b9e3b3a2&aid=304142&ucfs=1&arphpl=1&checkin=2025-02-09&checkout=2025-02-16&dest_id=-372490&dest_type=city&group_adults=2&req_adults=2&no_rooms=1&group_children=0&req_children=0&hpos=17&hapos=351&sr_order=popularity&srpvid=91357ea171dd08a0&srepoch=1738173668&all_sr_blocks=831696204_405408128_2_0_0&highlighted_blocks=831696204_405408128_2_0_0&matching_block_id=831696204_405408128_2_0_0&sr_pri_blocks=831696204_405408128_2_0_0__129590&from=searchresults
Mercer Hotel Barcelona,"Ciutat Vella, Barcelona",https://www.booking.com/hotel/es/mercer-barcelona.html?label=gen173nr-1BCAEoggI46AdSAnVzWARoRogBAZgBMbgBGcgBD9gBAegBAYgCAagCA7gC-NjpvAbAAgHSAiQ4ZGVlZWVhMi1mOTI5LTRmOWQtOTk0OC0xMzU5MWFkYWNlODjYAgXgAgE&sid=f990c8e44d8a49a026ee40f8b9e3b3a2&aid=304142&ucfs=1&arphpl=1&checkin=2025-02-09&checkout=2025-02-16&dest_id=-372490&dest_type=city&group_adults=2&req_adults=2&no_rooms=1&group_children=0&req_children=0&hpos=18&hapos=352&sr_order=popularity&srpvid=91357ea171dd08a0&srepoch=1738173668&all_sr_blocks=39739601_333286203_2_2_0&highlighted_blocks=39739601_333286203_2_2_0&matching_block_id=39739601_333286203_2_2_0&sr_pri_blocks=39739601_333286203_2_2_0__314550&from=searchresults
Antiga Casa Buenavista,"Ciutat Vella, Barcelona",https://www.booking.com/hotel/es/antiga-casa-buenavista-barcelona.html?label=gen173nr-1BCAEoggI46AdSAnVzWARoRogBAZgBMbgBGcgBD9gBAegBAYgCAagCA7gC-NjpvAbAAgHSAiQ4ZGVlZWVhMi1mOTI5LTRmOWQtOTk0OC0xMzU5MWFkYWNlODjYAgXgAgE&sid=f990c8e44d8a49a026ee40f8b9e3b3a2&aid=304142&ucfs=1&arphpl=1&checkin=2025-02-09&checkout=2025-02-16&dest_id=-372490&dest_type=city&group_adults=2&req_adults=2&no_rooms=1&group_children=0&req_children=0&hpos=19&hapos=353&sr_order=popularity&srpvid=91357ea171dd08a0&srepoch=1738173668&all_sr_blocks=731087502_326123124_2_2_0&highlighted_blocks=731087502_326123124_2_2_0&matching_block_id=731087502_326123124_2_2_0&sr_pri_blocks=731087502_326123124_2_2_0__166113&from=searchresults
H10 Madison 4* Sup,"Ciutat Vella, Barcelona",https://www.booking.com/hotel/es/h10-gothic-house.html?label=gen173nr-1BCAEoggI46AdSAnVzWARoRogBAZgBMbgBGcgBD9gBAegBAYgCAagCA7gC-NjpvAbAAgHSAiQ4ZGVlZWVhMi1mOTI5LTRmOWQtOTk0OC0xMzU5MWFkYWNlODjYAgXgAgE&sid=f990c8e44d8a49a026ee40f8b9e3b3a2&aid=304142&ucfs=1&arphpl=1&checkin=2025-02-09&checkout=2025-02-16&dest_id=-372490&dest_type=city&group_adults=2&req_adults=2&no_rooms=1&group_children=0&req_children=0&hpos=20&hapos=354&sr_order=popularity&srpvid=91357ea171dd08a0&srepoch=1738173668&all_sr_blocks=286054501_108073268_2_2_0_225209&highlighted_blocks=286054501_108073268_2_2_0_225209&matching_block_id=286054501_108073268_2_2_0_225209&sr_pri_blocks=286054501_108073268_2_2_0_225209_150091&from_sustainable_property_sr=1&from=searchresults
Happy People Gaudi Sant Pau Apartments,"Sant Martí, Barcelona",https://www.booking.com/hotel/es/happy-people-sagrada-familia-apartments.html?label=gen173nr-1BCAEoggI46AdSAnVzWARoRogBAZgBMbgBGcgBD9gBAegBAYgCAagCA7gC-NjpvAbAAgHSAiQ4ZGVlZWVhMi1mOTI5LTRmOWQtOTk0OC0xMzU5MWFkYWNlODjYAgXgAgE&sid=f990c8e44d8a49a026ee40f8b9e3b3a2&aid=304142&ucfs=1&arphpl=1&checkin=2025-02-09&checkout=2025-02-16&dest_id=-372490&dest_type=city&group_adults=2&req_adults=2&no_rooms=1&group_children=0&req_children=0&hpos=21&hapos=355&sr_order=popularity&srpvid=91357ea171dd08a0&srepoch=1738173668&all_sr_blocks=59281401_91935566_4_0_0&highlighted_blocks=59281401_91935566_4_0_0&matching_block_id=59281401_91935566_4_0_0&sr_pri_blocks=59281401_91935566_4_0_0__161017&from=searchresults
Casa Cosi Sant Antoni,"Eixample, Barcelona",https://www.booking.com/hotel/es/casa-cosi-sant-antoni.html?label=gen173nr-1BCAEoggI46AdSAnVzWARoRogBAZgBMbgBGcgBD9gBAegBAYgCAagCA7gC-NjpvAbAAgHSAiQ4ZGVlZWVhMi1mOTI5LTRmOWQtOTk0OC0xMzU5MWFkYWNlODjYAgXgAgE&sid=f990c8e44d8a49a026ee40f8b9e3b3a2&aid=304142&ucfs=1&arphpl=1&checkin=2025-02-09&checkout=2025-02-16&dest_id=-372490&dest_type=city&group_adults=2&req_adults=2&no_rooms=1&group_children=0&req_children=0&hpos=22&hapos=356&sr_order=popularity&srpvid=91357ea171dd08a0&srepoch=1738173668&all_sr_blocks=217598301_377072103_0_0_0&highlighted_blocks=217598301_377072103_0_0_0&matching_block_id=217598301_377072103_0_0_0&sr_pri_blocks=217598301_377072103_0_0_0__106590&from=searchresults
Diagonal Suites by Sweett,"Eixample, Barcelona",https://www.booking.com/hotel/es/diagonal-suites-by-sweett.html?label=gen173nr-1BCAEoggI46AdSAnVzWARoRogBAZgBMbgBGcgBD9gBAegBAYgCAagCA7gC-NjpvAbAAgHSAiQ4ZGVlZWVhMi1mOTI5LTRmOWQtOTk0OC0xMzU5MWFkYWNlODjYAgXgAgE&sid=f990c8e44d8a49a026ee40f8b9e3b3a2&aid=304142&ucfs=1&arphpl=1&checkin=2025-02-09&checkout=2025-02-16&dest_id=-372490&dest_type=city&group_adults=2&req_adults=2&no_rooms=1&group_children=0&req_children=0&hpos=23&hapos=357&sr_order=popularity&srpvid=91357ea171dd08a0&srepoch=1738173668&all_sr_blocks=1253389502_397858725_0_0_0&highlighted_blocks=1253389502_397858725_0_0_0&matching_block_id=1253389502_397858725_0_0_0&sr_pri_blocks=1253389502_397858725_0_0_0__371764&from=searchresults
Praktik Èssens,"Eixample, Barcelona",https://www.booking.com/hotel/es/praktik-essens.html?label=gen173nr-1BCAEoggI46AdSAnVzWARoRogBAZgBMbgBGcgBD9gBAegBAYgCAagCA7gC-NjpvAbAAgHSAiQ4ZGVlZWVhMi1mOTI5LTRmOWQtOTk0OC0xMzU5MWFkYWNlODjYAgXgAgE&sid=f990c8e44d8a49a026ee40f8b9e3b3a2&aid=304142&ucfs=1&arphpl=1&checkin=2025-02-09&checkout=2025-02-16&dest_id=-372490&dest_type=city&group_adults=2&req_adults=2&no_rooms=1&group_children=0&req_children=0&hpos=24&hapos=358&sr_order=popularity&srpvid=91357ea171dd08a0&srepoch=1738173668&all_sr_blocks=421690703_360577950_0_0_0&highlighted_blocks=421690703_360577950_0_0_0&matching_block_id=421690703_360577950_0_0_0&sr_pri_blocks=421690703_360577950_0_0_0__120400&from_sustainable_property_sr=1&from=searchresults
Lumine Luxury Suites by Gaiarooms,"Eixample, Barcelona",https://www.booking.com/hotel/es/lumine-luxury-suites-by-gaiarooms.html?label=gen173nr-1BCAEoggI46AdSAnVzWARoRogBAZgBMbgBGcgBD9gBAegBAYgCAagCA7gC-NjpvAbAAgHSAiQ4ZGVlZWVhMi1mOTI5LTRmOWQtOTk0OC0xMzU5MWFkYWNlODjYAgXgAgE&sid=f990c8e44d8a49a026ee40f8b9e3b3a2&aid=304142&ucfs=1&arphpl=1&checkin=2025-02-09&checkout=2025-02-16&dest_id=-372490&dest_type=city&group_adults=2&req_adults=2&no_rooms=1&group_children=0&req_children=0&hpos=25&hapos=359&sr_order=popularity&srpvid=91357ea171dd08a0&srepoch=1738173668&all_sr_blocks=741884001_406254591_2_0_0&highlighted_blocks=741884001_406254591_2_0_0&matching_block_id=741884001_406254591_2_0_0&sr_pri_blocks=741884001_406254591_2_0_0__75293&from=searchresults
Praktik Rambla,"Eixample, Barcelona",https://www.booking.com/hotel/es/praktik-rambla.html?label=gen173nr-1BCAEoggI46AdSAnVzWARoRogBAZgBMbgBGcgBD9gBAegBAYgCAagCA7gC-NjpvAbAAgHSAiQ4ZGVlZWVhMi1mOTI5LTRmOWQtOTk0OC0xMzU5MWFkYWNlODjYAgXgAgE&sid=f990c8e44d8a49a026ee40f8b9e3b3a2&aid=304142&ucfs=1&arphpl=1&checkin=2025-02-09&checkout=2025-02-16&dest_id=-372490&dest_type=city&group_adults=2&req_adults=2&no_rooms=1&group_children=0&req_children=0&hpos=1&hapos=360&sr_order=popularity&srpvid=91357ea171dd08a0&srepoch=1738173670&all_sr_blocks=18865403_247450661_3_0_0&highlighted_blocks=18865403_247450661_3_0_0&matching_block_id=18865403_247450661_3_0_0&sr_pri_blocks=18865403_247450661_3_0_0__133500&from_sustainable_property_sr=1&from=searchresults
Ola Living Poblenou Beach,"Sant Martí, Barcelona",https://www.booking.com/hotel/es/ola-living-poble-nou-beach.html?label=gen173nr-1BCAEoggI46AdSAnVzWARoRogBAZgBMbgBGcgBD9gBAegBAYgCAagCA7gC-NjpvAbAAgHSAiQ4ZGVlZWVhMi1mOTI5LTRmOWQtOTk0OC0xMzU5MWFkYWNlODjYAgXgAgE&sid=f990c8e44d8a49a026ee40f8b9e3b3a2&aid=304142&ucfs=1&arphpl=1&checkin=2025-02-09&checkout=2025-02-16&dest_id=-372490&dest_type=city&group_adults=2&req_adults=2&no_rooms=1&group_children=0&req_children=0&hpos=2&hapos=361&sr_order=popularity&srpvid=91357ea171dd08a0&srepoch=1738173670&all_sr_blocks=1323064702_404974678_4_0_0&highlighted_blocks=1323064702_404974678_4_0_0&matching_block_id=1323064702_404974678_4_0_0&sr_pri_blocks=1323064702_404974678_4_0_0__94215&from=searchresults
Express by Gaiarooms,"Gràcia, Barcelona",https://www.booking.com/hotel/es/hostal-express.html?label=gen173nr-1BCAEoggI46AdSAnVzWARoRogBAZgBMbgBGcgBD9gBAegBAYgCAagCA7gC-NjpvAbAAgHSAiQ4ZGVlZWVhMi1mOTI5LTRmOWQtOTk0OC0xMzU5MWFkYWNlODjYAgXgAgE&sid=f990c8e44d8a49a026ee40f8b9e3b3a2&aid=304142&ucfs=1&arphpl=1&checkin=2025-02-09&checkout=2025-02-16&dest_id=-372490&dest_type=city&group_adults=2&req_adults=2&no_rooms=1&group_children=0&req_children=0&hpos=3&hapos=362&sr_order=popularity&srpvid=91357ea171dd08a0&srepoch=1738173670&all_sr_blocks=31730604_0_2_0_0&highlighted_blocks=31730604_0_2_0_0&matching_block_id=31730604_0_2_0_0&sr_pri_blocks=31730604_0_2_0_0__53464&from=searchresults
Central Suites Barcelona,"Eixample, Barcelona",https://www.booking.com/hotel/es/barcelonaforrent-luxury-central-suites.html?label=gen173nr-1BCAEoggI46AdSAnVzWARoRogBAZgBMbgBGcgBD9gBAegBAYgCAagCA7gC-NjpvAbAAgHSAiQ4ZGVlZWVhMi1mOTI5LTRmOWQtOTk0OC0xMzU5MWFkYWNlODjYAgXgAgE&sid=f990c8e44d8a49a026ee40f8b9e3b3a2&aid=304142&ucfs=1&arphpl=1&checkin=2025-02-09&checkout=2025-02-16&dest_id=-372490&dest_type=city&group_adults=2&req_adults=2&no_rooms=1&group_children=0&req_children=0&hpos=4&hapos=363&sr_order=popularity&srpvid=91357ea171dd08a0&srepoch=1738173670&all_sr_blocks=34356105_97315169_0_0_0&highlighted_blocks=34356105_97315169_0_0_0&matching_block_id=34356105_97315169_0_0_0&sr_pri_blocks=34356105_97315169_0_0_0__209288&from=searchresults
Casa Cosi - Terrace 1,"Eixample, Barcelona",https://www.booking.com/hotel/es/casa-cosi-terrace-1.html?label=gen173nr-1BCAEoggI46AdSAnVzWARoRogBAZgBMbgBGcgBD9gBAegBAYgCAagCA7gC-NjpvAbAAgHSAiQ4ZGVlZWVhMi1mOTI5LTRmOWQtOTk0OC0xMzU5MWFkYWNlODjYAgXgAgE&sid=f990c8e44d8a49a026ee40f8b9e3b3a2&aid=304142&ucfs=1&arphpl=1&checkin=2025-02-09&checkout=2025-02-16&dest_id=-372490&dest_type=city&group_adults=2&req_adults=2&no_rooms=1&group_children=0&req_children=0&hpos=5&hapos=364&sr_order=popularity&srpvid=91357ea171dd08a0&srepoch=1738173670&all_sr_blocks=814032702_362247713_0_0_0&highlighted_blocks=814032702_362247713_0_0_0&matching_block_id=814032702_362247713_0_0_0&sr_pri_blocks=814032702_362247713_0_0_0__189382&from=searchresults
Sensation Sagrada Familia,"Eixample, Barcelona",https://www.booking.com/hotel/es/sensation-sagrada-familia.html?label=gen173nr-1BCAEoggI46AdSAnVzWARoRogBAZgBMbgBGcgBD9gBAegBAYgCAagCA7gC-NjpvAbAAgHSAiQ4ZGVlZWVhMi1mOTI5LTRmOWQtOTk0OC0xMzU5MWFkYWNlODjYAgXgAgE&sid=f990c8e44d8a49a026ee40f8b9e3b3a2&aid=304142&ucfs=1&arphpl=1&checkin=2025-02-09&checkout=2025-02-16&dest_id=-372490&dest_type=city&group_adults=2&req_adults=2&no_rooms=1&group_children=0&req_children=0&hpos=6&hapos=365&sr_order=popularity&srpvid=91357ea171dd08a0&srepoch=1738173670&all_sr_blocks=33262805_0_2_0_0&highlighted_blocks=33262805_0_2_0_0&matching_block_id=33262805_0_2_0_0&sr_pri_blocks=33262805_0_2_0_0__200412&from=searchresults
Cosmo Apartments Sants,"Sants-Montjuïc, Barcelona",https://www.booking.com/hotel/es/just-style.html?label=gen173nr-1BCAEoggI46AdSAnVzWARoRogBAZgBMbgBGcgBD9gBAegBAYgCAagCA7gC-NjpvAbAAgHSAiQ4ZGVlZWVhMi1mOTI5LTRmOWQtOTk0OC0xMzU5MWFkYWNlODjYAgXgAgE&sid=f990c8e44d8a49a026ee40f8b9e3b3a2&aid=304142&ucfs=1&arphpl=1&checkin=2025-02-09&checkout=2025-02-16&dest_id=-372490&dest_type=city&group_adults=2&req_adults=2&no_rooms=1&group_children=0&req_children=0&hpos=7&hapos=366&sr_order=popularity&srpvid=91357ea171dd08a0&srepoch=1738173670&all_sr_blocks=18906008_88203346_2_0_0&highlighted_blocks=18906008_88203346_2_0_0&matching_block_id=18906008_88203346_2_0_0&sr_pri_blocks=18906008_88203346_2_0_0__118508&from=searchresults
Four Points by Sheraton Barcelona Airport,Barcelona,https://www.booking.com/hotel/es/four-points-by-sheraton-barcelona-airport.html?label=gen173nr-1BCAEoggI46AdSAnVzWARoRogBAZgBMbgBGcgBD9gBAegBAYgCAagCA7gC-NjpvAbAAgHSAiQ4ZGVlZWVhMi1mOTI5LTRmOWQtOTk0OC0xMzU5MWFkYWNlODjYAgXgAgE&sid=f990c8e44d8a49a026ee40f8b9e3b3a2&aid=304142&ucfs=1&arphpl=1&checkin=2025-02-09&checkout=2025-02-16&dest_id=-372490&dest_type=city&group_adults=2&req_adults=2&no_rooms=1&group_children=0&req_children=0&hpos=8&hapos=367&sr_order=popularity&srpvid=91357ea171dd08a0&srepoch=1738173670&all_sr_blocks=1239003205_395912064_0_2_0&highlighted_blocks=1239003205_395912064_0_2_0&matching_block_id=1239003205_395912064_0_2_0&sr_pri_blocks=1239003205_395912064_0_2_0__80948&from=searchresults
DO Plaça Reial powered by Sonder,"Ciutat Vella, Barcelona",https://www.booking.com/hotel/es/do.html?label=gen173nr-1BCAEoggI46AdSAnVzWARoRogBAZgBMbgBGcgBD9gBAegBAYgCAagCA7gC-NjpvAbAAgHSAiQ4ZGVlZWVhMi1mOTI5LTRmOWQtOTk0OC0xMzU5MWFkYWNlODjYAgXgAgE&sid=f990c8e44d8a49a026ee40f8b9e3b3a2&aid=304142&ucfs=1&arphpl=1&checkin=2025-02-09&checkout=2025-02-16&dest_id=-372490&dest_type=city&group_adults=2&req_adults=2&no_rooms=1&group_children=0&req_children=0&hpos=9&hapos=368&sr_order=popularity&srpvid=91357ea171dd08a0&srepoch=1738173670&all_sr_blocks=37584714_310439720_2_2_0&highlighted_blocks=37584714_310439720_2_2_0&matching_block_id=37584714_310439720_2_2_0&sr_pri_blocks=37584714_310439720_2_2_0__207012&from=searchresults
The Barcelona EDITION,"Ciutat Vella, Barcelona",https://www.booking.com/hotel/es/the-barcelona-edition.html?label=gen173nr-1BCAEoggI46AdSAnVzWARoRogBAZgBMbgBGcgBD9gBAegBAYgCAagCA7gC-NjpvAbAAgHSAiQ4ZGVlZWVhMi1mOTI5LTRmOWQtOTk0OC0xMzU5MWFkYWNlODjYAgXgAgE&sid=f990c8e44d8a49a026ee40f8b9e3b3a2&aid=304142&ucfs=1&arphpl=1&checkin=2025-02-09&checkout=2025-02-16&dest_id=-372490&dest_type=city&group_adults=2&req_adults=2&no_rooms=1&group_children=0&req_children=0&hpos=10&hapos=369&sr_order=popularity&srpvid=91357ea171dd08a0&srepoch=1738173670&all_sr_blocks=361366002_118726795_0_2_0&highlighted_blocks=361366002_118726795_0_2_0&matching_block_id=361366002_118726795_0_2_0&sr_pri_blocks=361366002_118726795_0_2_0__295350&from_sustainable_property_sr=1&from=searchresults
Numa I Brio,"Gràcia, Barcelona",https://www.booking.com/hotel/es/hcristina.html?label=gen173nr-1BCAEoggI46AdSAnVzWARoRogBAZgBMbgBGcgBD9gBAegBAYgCAagCA7gC-NjpvAbAAgHSAiQ4ZGVlZWVhMi1mOTI5LTRmOWQtOTk0OC0xMzU5MWFkYWNlODjYAgXgAgE&sid=f990c8e44d8a49a026ee40f8b9e3b3a2&aid=304142&ucfs=1&arphpl=1&checkin=2025-02-09&checkout=2025-02-16&dest_id=-372490&dest_type=city&group_adults=2&req_adults=2&no_rooms=1&group_children=0&req_children=0&hpos=11&hapos=370&sr_order=popularity&srpvid=91357ea171dd08a0&srepoch=1738173670&all_sr_blocks=1331001_122273896_2_2_0&highlighted_blocks=1331001_122273896_2_2_0&matching_block_id=1331001_122273896_2_2_0&sr_pri_blocks=1331001_122273896_2_2_0__97660&from=searchresults
Casa Cosi - Gotico,"Ciutat Vella, Barcelona",https://www.booking.com/hotel/es/casa-cosi-gotico.html?label=gen173nr-1BCAEoggI46AdSAnVzWARoRogBAZgBMbgBGcgBD9gBAegBAYgCAagCA7gC-NjpvAbAAgHSAiQ4ZGVlZWVhMi1mOTI5LTRmOWQtOTk0OC0xMzU5MWFkYWNlODjYAgXgAgE&sid=f990c8e44d8a49a026ee40f8b9e3b3a2&aid=304142&ucfs=1&arphpl=1&checkin=2025-02-09&checkout=2025-02-16&dest_id=-372490&dest_type=city&group_adults=2&req_adults=2&no_rooms=1&group_children=0&req_children=0&hpos=12&hapos=371&sr_order=popularity&srpvid=91357ea171dd08a0&srepoch=1738173670&all_sr_blocks=449823301_377072194_0_0_0&highlighted_blocks=449823301_377072194_0_0_0&matching_block_id=449823301_377072194_0_0_0&sr_pri_blocks=449823301_377072194_0_0_0__196324&from=searchresults
Key Barcelona HOUSING (Carrer Girona),"Eixample, Barcelona",https://www.booking.com/hotel/es/key-barcelona-housing-carrer-girona.html?label=gen173nr-1BCAEoggI46AdSAnVzWARoRogBAZgBMbgBGcgBD9gBAegBAYgCAagCA7gC-NjpvAbAAgHSAiQ4ZGVlZWVhMi1mOTI5LTRmOWQtOTk0OC0xMzU5MWFkYWNlODjYAgXgAgE&sid=f990c8e44d8a49a026ee40f8b9e3b3a2&aid=304142&ucfs=1&arphpl=1&checkin=2025-02-09&checkout=2025-02-16&dest_id=-372490&dest_type=city&group_adults=2&req_adults=2&no_rooms=1&group_children=0&req_children=0&hpos=13&hapos=372&sr_order=popularity&srpvid=91357ea171dd08a0&srepoch=1738173670&all_sr_blocks=436710312_181353802_4_0_0&highlighted_blocks=436710312_181353802_4_0_0&matching_block_id=436710312_181353802_4_0_0&sr_pri_blocks=436710312_181353802_4_0_0__192292&from=searchresults
Sagrada Familia LEPANT,"Eixample, Barcelona",https://www.booking.com/hotel/es/sagrada-familia-lepant-barcelona1.html?label=gen173nr-1BCAEoggI46AdSAnVzWARoRogBAZgBMbgBGcgBD9gBAegBAYgCAagCA7gC-NjpvAbAAgHSAiQ4ZGVlZWVhMi1mOTI5LTRmOWQtOTk0OC0xMzU5MWFkYWNlODjYAgXgAgE&sid=f990c8e44d8a49a026ee40f8b9e3b3a2&aid=304142&ucfs=1&arphpl=1&checkin=2025-02-09&checkout=2025-02-16&dest_id=-372490&dest_type=city&group_adults=2&req_adults=2&no_rooms=1&group_children=0&req_children=0&hpos=14&hapos=373&sr_order=popularity&srpvid=91357ea171dd08a0&srepoch=1738173670&all_sr_blocks=836730102_349277612_3_0_0_502519&highlighted_blocks=836730102_349277612_3_0_0_502519&matching_block_id=836730102_349277612_3_0_0_502519&sr_pri_blocks=836730102_349277612_3_0_0_502519_136748&from=searchresults
Key Gracia Apartments,"Horta-Guinardó, Barcelona",https://www.booking.com/hotel/es/gracia-bliss.html?label=gen173nr-1BCAEoggI46AdSAnVzWARoRogBAZgBMbgBGcgBD9gBAegBAYgCAagCA7gC-NjpvAbAAgHSAiQ4ZGVlZWVhMi1mOTI5LTRmOWQtOTk0OC0xMzU5MWFkYWNlODjYAgXgAgE&sid=f990c8e44d8a49a026ee40f8b9e3b3a2&aid=304142&ucfs=1&arphpl=1&checkin=2025-02-09&checkout=2025-02-16&dest_id=-372490&dest_type=city&group_adults=2&req_adults=2&no_rooms=1&group_children=0&req_children=0&hpos=15&hapos=374&sr_order=popularity&srpvid=91357ea171dd08a0&srepoch=1738173670&all_sr_blocks=83563801_181353875_4_0_0&highlighted_blocks=83563801_181353875_4_0_0&matching_block_id=83563801_181353875_4_0_0&sr_pri_blocks=83563801_181353875_4_0_0__152343&from=searchresults
Classic Plaza Real Apartments,"Ciutat Vella, Barcelona",https://www.booking.com/hotel/es/classic-plaza-real-apartments.html?label=gen173nr-1BCAEoggI46AdSAnVzWARoRogBAZgBMbgBGcgBD9gBAegBAYgCAagCA7gC-NjpvAbAAgHSAiQ4ZGVlZWVhMi1mOTI5LTRmOWQtOTk0OC0xMzU5MWFkYWNlODjYAgXgAgE&sid=f990c8e44d8a49a026ee40f8b9e3b3a2&aid=304142&ucfs=1&arphpl=1&checkin=2025-02-09&checkout=2025-02-16&dest_id=-372490&dest_type=city&group_adults=2&req_adults=2&no_rooms=1&group_children=0&req_children=0&hpos=16&hapos=375&sr_order=popularity&srpvid=91357ea171dd08a0&srepoch=1738173670&all_sr_blocks=1252319303_397732674_0_0_0&highlighted_blocks=1252319303_397732674_0_0_0&matching_block_id=1252319303_397732674_0_0_0&sr_pri_blocks=1252319303_397732674_0_0_0__133832&from=searchresults
Abba Rambla Hotel,"Ciutat Vella, Barcelona",https://www.booking.com/hotel/es/abbaramblahotelbarcelona.html?label=gen173nr-1BCAEoggI46AdSAnVzWARoRogBAZgBMbgBGcgBD9gBAegBAYgCAagCA7gC-NjpvAbAAgHSAiQ4ZGVlZWVhMi1mOTI5LTRmOWQtOTk0OC0xMzU5MWFkYWNlODjYAgXgAgE&sid=f990c8e44d8a49a026ee40f8b9e3b3a2&aid=304142&ucfs=1&arphpl=1&checkin=2025-02-09&checkout=2025-02-16&dest_id=-372490&dest_type=city&group_adults=2&req_adults=2&no_rooms=1&group_children=0&req_children=0&hpos=17&hapos=376&sr_order=popularity&srpvid=91357ea171dd08a0&srepoch=1738173670&all_sr_blocks=9163102_0_2_0_0&highlighted_blocks=9163102_0_2_0_0&matching_block_id=9163102_0_2_0_0&sr_pri_blocks=9163102_0_2_0_0__90128&from_sustainable_property_sr=1&from=searchresults
Forget Me Not Barcelona,"Eixample, Barcelona",https://www.booking.com/hotel/es/forgetmenot.html?label=gen173nr-1BCAEoggI46AdSAnVzWARoRogBAZgBMbgBGcgBD9gBAegBAYgCAagCA7gC-NjpvAbAAgHSAiQ4ZGVlZWVhMi1mOTI5LTRmOWQtOTk0OC0xMzU5MWFkYWNlODjYAgXgAgE&sid=f990c8e44d8a49a026ee40f8b9e3b3a2&aid=304142&ucfs=1&arphpl=1&checkin=2025-02-09&checkout=2025-02-16&dest_id=-372490&dest_type=city&group_adults=2&req_adults=2&no_rooms=1&group_children=0&req_children=0&hpos=18&hapos=377&sr_order=popularity&srpvid=91357ea171dd08a0&srepoch=1738173670&all_sr_blocks=139858403_0_2_1_0&highlighted_blocks=139858403_0_2_1_0&matching_block_id=139858403_0_2_1_0&sr_pri_blocks=139858403_0_2_1_0__112917&from=searchresults
Arenas Atiram Hotels,"Les Corts, Barcelona",https://www.booking.com/hotel/es/atiramarenas.html?label=gen173nr-1BCAEoggI46AdSAnVzWARoRogBAZgBMbgBGcgBD9gBAegBAYgCAagCA7gC-NjpvAbAAgHSAiQ4ZGVlZWVhMi1mOTI5LTRmOWQtOTk0OC0xMzU5MWFkYWNlODjYAgXgAgE&sid=f990c8e44d8a49a026ee40f8b9e3b3a2&aid=304142&ucfs=1&arphpl=1&checkin=2025-02-09&checkout=2025-02-16&dest_id=-372490&dest_type=city&group_adults=2&req_adults=2&no_rooms=1&group_children=0&req_children=0&hpos=19&hapos=378&sr_order=popularity&srpvid=91357ea171dd08a0&srepoch=1738173670&all_sr_blocks=9045602_0_2_0_0&highlighted_blocks=9045602_0_2_0_0&matching_block_id=9045602_0_2_0_0&sr_pri_blocks=9045602_0_2_0_0__87821&from=searchresults
Ibis Barcelona Centro (Sagrada Familia),"Eixample, Barcelona",https://www.booking.com/hotel/es/ibis-barcelona-centro-sagrada-familia.html?label=gen173nr-1BCAEoggI46AdSAnVzWARoRogBAZgBMbgBGcgBD9gBAegBAYgCAagCA7gC-NjpvAbAAgHSAiQ4ZGVlZWVhMi1mOTI5LTRmOWQtOTk0OC0xMzU5MWFkYWNlODjYAgXgAgE&sid=f990c8e44d8a49a026ee40f8b9e3b3a2&aid=304142&ucfs=1&arphpl=1&checkin=2025-02-09&checkout=2025-02-16&dest_id=-372490&dest_type=city&group_adults=2&req_adults=2&no_rooms=1&group_children=0&req_children=0&hpos=20&hapos=379&sr_order=popularity&srpvid=91357ea171dd08a0&srepoch=1738173670&all_sr_blocks=280054306_107120802_2_1_0&highlighted_blocks=280054306_107120802_2_1_0&matching_block_id=280054306_107120802_2_1_0&sr_pri_blocks=280054306_107120802_2_1_0__107755&from=searchresults
Hotel Rialto,"Ciutat Vella, Barcelona",https://www.booking.com/hotel/es/rialto.html?label=gen173nr-1BCAEoggI46AdSAnVzWARoRogBAZgBMbgBGcgBD9gBAegBAYgCAagCA7gC-NjpvAbAAgHSAiQ4ZGVlZWVhMi1mOTI5LTRmOWQtOTk0OC0xMzU5MWFkYWNlODjYAgXgAgE&sid=f990c8e44d8a49a026ee40f8b9e3b3a2&aid=304142&ucfs=1&arphpl=1&checkin=2025-02-09&checkout=2025-02-16&dest_id=-372490&dest_type=city&group_adults=2&req_adults=2&no_rooms=1&group_children=0&req_children=0&hpos=21&hapos=380&sr_order=popularity&srpvid=91357ea171dd08a0&srepoch=1738173670&all_sr_blocks=9435101_0_2_0_0&highlighted_blocks=9435101_0_2_0_0&matching_block_id=9435101_0_2_0_0&sr_pri_blocks=9435101_0_2_0_0__79760&from=searchresults
Casa Cosi - Sant Gervasi 1,"Sarrià-St. Gervasi, Barcelona",https://www.booking.com/hotel/es/casa-cosi-sant-gervasi.html?label=gen173nr-1BCAEoggI46AdSAnVzWARoRogBAZgBMbgBGcgBD9gBAegBAYgCAagCA7gC-NjpvAbAAgHSAiQ4ZGVlZWVhMi1mOTI5LTRmOWQtOTk0OC0xMzU5MWFkYWNlODjYAgXgAgE&sid=f990c8e44d8a49a026ee40f8b9e3b3a2&aid=304142&ucfs=1&arphpl=1&checkin=2025-02-09&checkout=2025-02-16&dest_id=-372490&dest_type=city&group_adults=2&req_adults=2&no_rooms=1&group_children=0&req_children=0&hpos=22&hapos=381&sr_order=popularity&srpvid=91357ea171dd08a0&srepoch=1738173670&all_sr_blocks=574539801_377093544_0_0_0&highlighted_blocks=574539801_377093544_0_0_0&matching_block_id=574539801_377093544_0_0_0&sr_pri_blocks=574539801_377093544_0_0_0__139494&from=searchresults
INNSiDE by Meliá Barcelona Apolo,"Sants-Montjuïc, Barcelona",https://www.booking.com/hotel/es/innside-by-melia-barcelona-apolo.html?label=gen173nr-1BCAEoggI46AdSAnVzWARoRogBAZgBMbgBGcgBD9gBAegBAYgCAagCA7gC-NjpvAbAAgHSAiQ4ZGVlZWVhMi1mOTI5LTRmOWQtOTk0OC0xMzU5MWFkYWNlODjYAgXgAgE&sid=f990c8e44d8a49a026ee40f8b9e3b3a2&aid=304142&ucfs=1&arphpl=1&checkin=2025-02-09&checkout=2025-02-16&dest_id=-372490&dest_type=city&group_adults=2&req_adults=2&no_rooms=1&group_children=0&req_children=0&hpos=23&hapos=382&sr_order=popularity&srpvid=91357ea171dd08a0&srepoch=1738173670&all_sr_blocks=9149301_91989040_2_2_0&highlighted_blocks=9149301_91989040_2_2_0&matching_block_id=9149301_91989040_2_2_0&sr_pri_blocks=9149301_91989040_2_2_0__100378&from_sustainable_property_sr=1&from=searchresults
31PAR1008 - Mediterranean style apartment,"Sants-Montjuïc, Barcelona",https://www.booking.com/hotel/es/tu31par217-mediterranean-style-apartment.html?label=gen173nr-1BCAEoggI46AdSAnVzWARoRogBAZgBMbgBGcgBD9gBAegBAYgCAagCA7gC-NjpvAbAAgHSAiQ4ZGVlZWVhMi1mOTI5LTRmOWQtOTk0OC0xMzU5MWFkYWNlODjYAgXgAgE&sid=f990c8e44d8a49a026ee40f8b9e3b3a2&aid=304142&ucfs=1&arphpl=1&checkin=2025-02-09&checkout=2025-02-16&dest_id=-372490&dest_type=city&group_adults=2&req_adults=2&no_rooms=1&group_children=0&req_children=0&hpos=24&hapos=383&sr_order=popularity&srpvid=91357ea171dd08a0&srepoch=1738173670&all_sr_blocks=877039002_356696381_2_0_0&highlighted_blocks=877039002_356696381_2_0_0&matching_block_id=877039002_356696381_2_0_0&sr_pri_blocks=877039002_356696381_2_0_0__97551&from=searchresults
Lodging Apartments City Center-Eixample,"Eixample, Barcelona",https://www.booking.com/hotel/es/lodging-apartments-sagrada-familia.html?label=gen173nr-1BCAEoggI46AdSAnVzWARoRogBAZgBMbgBGcgBD9gBAegBAYgCAagCA7gC-NjpvAbAAgHSAiQ4ZGVlZWVhMi1mOTI5LTRmOWQtOTk0OC0xMzU5MWFkYWNlODjYAgXgAgE&sid=f990c8e44d8a49a026ee40f8b9e3b3a2&aid=304142&ucfs=1&arphpl=1&checkin=2025-02-09&checkout=2025-02-16&dest_id=-372490&dest_type=city&group_adults=2&req_adults=2&no_rooms=1&group_children=0&req_children=0&hpos=25&hapos=384&sr_order=popularity&srpvid=91357ea171dd08a0&srepoch=1738173670&all_sr_blocks=68967401_405456275_2_0_0&highlighted_blocks=68967401_405456275_2_0_0&matching_block_id=68967401_405456275_2_0_0&sr_pri_blocks=68967401_405456275_2_0_0__145969&from_sustainable_property_sr=1&from=searchresults
Canela Homes BARCELONA PADILLA,"Eixample, Barcelona",https://www.booking.com/hotel/es/canela-homes-barcelona-padilla.html?label=gen173nr-1BCAEoggI46AdSAnVzWARoRogBAZgBMbgBGcgBD9gBAegBAYgCAagCA7gC-NjpvAbAAgHSAiQ4ZGVlZWVhMi1mOTI5LTRmOWQtOTk0OC0xMzU5MWFkYWNlODjYAgXgAgE&sid=f990c8e44d8a49a026ee40f8b9e3b3a2&aid=304142&ucfs=1&arphpl=1&checkin=2025-02-09&checkout=2025-02-16&dest_id=-372490&dest_type=city&group_adults=2&req_adults=2&no_rooms=1&group_children=0&req_children=0&hpos=1&hapos=385&sr_order=popularity&srpvid=91357ea171dd08a0&srepoch=1738173672&all_sr_blocks=1096320801_402727121_5_0_0&highlighted_blocks=1096320801_402727121_5_0_0&matching_block_id=1096320801_402727121_5_0_0&sr_pri_blocks=1096320801_402727121_5_0_0__149876&from=searchresults
Ciudad Condal Hostal - Paseo de Gracia,"Eixample, Barcelona",https://www.booking.com/hotel/es/ciudad-condal-hostal.html?label=gen173nr-1BCAEoggI46AdSAnVzWARoRogBAZgBMbgBGcgBD9gBAegBAYgCAagCA7gC-NjpvAbAAgHSAiQ4ZGVlZWVhMi1mOTI5LTRmOWQtOTk0OC0xMzU5MWFkYWNlODjYAgXgAgE&sid=f990c8e44d8a49a026ee40f8b9e3b3a2&aid=304142&ucfs=1&arphpl=1&checkin=2025-02-09&checkout=2025-02-16&dest_id=-372490&dest_type=city&group_adults=2&req_adults=2&no_rooms=1&group_children=0&req_children=0&hpos=2&hapos=386&sr_order=popularity&srpvid=91357ea171dd08a0&srepoch=1738173672&all_sr_blocks=28683805_0_2_0_0&highlighted_blocks=28683805_0_2_0_0&matching_block_id=28683805_0_2_0_0&sr_pri_blocks=28683805_0_2_0_0__81755&from=searchresults
Canela Homes BARCELONA FAMILY,"Eixample, Barcelona",https://www.booking.com/hotel/es/canela-homes-barcelona-family.html?label=gen173nr-1BCAEoggI46AdSAnVzWARoRogBAZgBMbgBGcgBD9gBAegBAYgCAagCA7gC-NjpvAbAAgHSAiQ4ZGVlZWVhMi1mOTI5LTRmOWQtOTk0OC0xMzU5MWFkYWNlODjYAgXgAgE&sid=f990c8e44d8a49a026ee40f8b9e3b3a2&aid=304142&ucfs=1&arphpl=1&checkin=2025-02-09&checkout=2025-02-16&dest_id=-372490&dest_type=city&group_adults=2&req_adults=2&no_rooms=1&group_children=0&req_children=0&hpos=3&hapos=387&sr_order=popularity&srpvid=91357ea171dd08a0&srepoch=1738173672&all_sr_blocks=1190733201_402727108_6_0_0&highlighted_blocks=1190733201_402727108_6_0_0&matching_block_id=1190733201_402727108_6_0_0&sr_pri_blocks=1190733201_402727108_6_0_0__231720&from=searchresults
ENRIQUE GRANADOS,"Eixample, Barcelona",https://www.booking.com/hotel/es/enrique-granados.html?label=gen173nr-1BCAEoggI46AdSAnVzWARoRogBAZgBMbgBGcgBD9gBAegBAYgCAagCA7gC-NjpvAbAAgHSAiQ4ZGVlZWVhMi1mOTI5LTRmOWQtOTk0OC0xMzU5MWFkYWNlODjYAgXgAgE&sid=f990c8e44d8a49a026ee40f8b9e3b3a2&aid=304142&ucfs=1&arphpl=1&checkin=2025-02-09&checkout=2025-02-16&dest_id=-372490&dest_type=city&group_adults=2&req_adults=2&no_rooms=1&group_children=0&req_children=0&hpos=4&hapos=388&sr_order=popularity&srpvid=91357ea171dd08a0&srepoch=1738173672&all_sr_blocks=466103001_230193985_2_0_0&highlighted_blocks=466103001_230193985_2_0_0&matching_block_id=466103001_230193985_2_0_0&sr_pri_blocks=466103001_230193985_2_0_0__105236&from=searchresults
Absolute Sagrada Familia,"Eixample, Barcelona",https://www.booking.com/hotel/es/gaudia-s-nest-apartments.html?label=gen173nr-1BCAEoggI46AdSAnVzWARoRogBAZgBMbgBGcgBD9gBAegBAYgCAagCA7gC-NjpvAbAAgHSAiQ4ZGVlZWVhMi1mOTI5LTRmOWQtOTk0OC0xMzU5MWFkYWNlODjYAgXgAgE&sid=f990c8e44d8a49a026ee40f8b9e3b3a2&aid=304142&ucfs=1&arphpl=1&checkin=2025-02-09&checkout=2025-02-16&dest_id=-372490&dest_type=city&group_adults=2&req_adults=2&no_rooms=1&group_children=0&req_children=0&hpos=5&hapos=389&sr_order=popularity&srpvid=91357ea171dd08a0&srepoch=1738173672&all_sr_blocks=87742606_374391851_2_0_0&highlighted_blocks=87742606_374391851_2_0_0&matching_block_id=87742606_374391851_2_0_0&sr_pri_blocks=87742606_374391851_2_0_0__142925&from=searchresults
Casa Cosi - Casanova 1,"Eixample, Barcelona",https://www.booking.com/hotel/es/casa-cosi-casanova-1.html?label=gen173nr-1BCAEoggI46AdSAnVzWARoRogBAZgBMbgBGcgBD9gBAegBAYgCAagCA7gC-NjpvAbAAgHSAiQ4ZGVlZWVhMi1mOTI5LTRmOWQtOTk0OC0xMzU5MWFkYWNlODjYAgXgAgE&sid=f990c8e44d8a49a026ee40f8b9e3b3a2&aid=304142&ucfs=1&arphpl=1&checkin=2025-02-09&checkout=2025-02-16&dest_id=-372490&dest_type=city&group_adults=2&req_adults=2&no_rooms=1&group_children=0&req_children=0&hpos=6&hapos=390&sr_order=popularity&srpvid=91357ea171dd08a0&srepoch=1738173672&all_sr_blocks=814035102_362247617_0_0_0&highlighted_blocks=814035102_362247617_0_0_0&matching_block_id=814035102_362247617_0_0_0&sr_pri_blocks=814035102_362247617_0_0_0__190698&from=searchresults
Melia Barcelona Sarriá,"Les Corts, Barcelona",https://www.booking.com/hotel/es/melia-barcelona-sarria.html?label=gen173nr-1BCAEoggI46AdSAnVzWARoRogBAZgBMbgBGcgBD9gBAegBAYgCAagCA7gC-NjpvAbAAgHSAiQ4ZGVlZWVhMi1mOTI5LTRmOWQtOTk0OC0xMzU5MWFkYWNlODjYAgXgAgE&sid=f990c8e44d8a49a026ee40f8b9e3b3a2&aid=304142&ucfs=1&arphpl=1&checkin=2025-02-09&checkout=2025-02-16&dest_id=-372490&dest_type=city&group_adults=2&req_adults=2&no_rooms=1&group_children=0&req_children=0&hpos=7&hapos=391&sr_order=popularity&srpvid=91357ea171dd08a0&srepoch=1738173672&all_sr_blocks=9048013_91988994_2_2_0&highlighted_blocks=9048013_91988994_2_2_0&matching_block_id=9048013_91988994_2_2_0&sr_pri_blocks=9048013_91988994_2_2_0__207950&from_sustainable_property_sr=1&from=searchresults
Casa Cosi - Eixample 5,"Eixample, Barcelona",https://www.booking.com/hotel/es/casa-cosi-eixample-5.html?label=gen173nr-1BCAEoggI46AdSAnVzWARoRogBAZgBMbgBGcgBD9gBAegBAYgCAagCA7gC-NjpvAbAAgHSAiQ4ZGVlZWVhMi1mOTI5LTRmOWQtOTk0OC0xMzU5MWFkYWNlODjYAgXgAgE&sid=f990c8e44d8a49a026ee40f8b9e3b3a2&aid=304142&ucfs=1&arphpl=1&checkin=2025-02-09&checkout=2025-02-16&dest_id=-372490&dest_type=city&group_adults=2&req_adults=2&no_rooms=1&group_children=0&req_children=0&hpos=8&hapos=392&sr_order=popularity&srpvid=91357ea171dd08a0&srepoch=1738173672&all_sr_blocks=501866801_377071680_0_0_0&highlighted_blocks=501866801_377071680_0_0_0&matching_block_id=501866801_377071680_0_0_0&sr_pri_blocks=501866801_377071680_0_0_0__231580&from=searchresults
Clandestino Suites,"Eixample, Barcelona",https://www.booking.com/hotel/es/clandestino-suites.html?label=gen173nr-1BCAEoggI46AdSAnVzWARoRogBAZgBMbgBGcgBD9gBAegBAYgCAagCA7gC-NjpvAbAAgHSAiQ4ZGVlZWVhMi1mOTI5LTRmOWQtOTk0OC0xMzU5MWFkYWNlODjYAgXgAgE&sid=f990c8e44d8a49a026ee40f8b9e3b3a2&aid=304142&ucfs=1&arphpl=1&checkin=2025-02-09&checkout=2025-02-16&dest_id=-372490&dest_type=city&group_adults=2&req_adults=2&no_rooms=1&group_children=0&req_children=0&hpos=9&hapos=393&sr_order=popularity&srpvid=91357ea171dd08a0&srepoch=1738173672&all_sr_blocks=1006723702_373413539_0_0_0_720598&highlighted_blocks=1006723702_373413539_0_0_0_720598&matching_block_id=1006723702_373413539_0_0_0_720598&sr_pri_blocks=1006723702_373413539_0_0_0_720598_230735&from=searchresults
Sweett - Gran Via,"Eixample, Barcelona",https://www.booking.com/hotel/es/sweett-gran-via-barcelona.html?label=gen173nr-1BCAEoggI46AdSAnVzWARoRogBAZgBMbgBGcgBD9gBAegBAYgCAagCA7gC-NjpvAbAAgHSAiQ4ZGVlZWVhMi1mOTI5LTRmOWQtOTk0OC0xMzU5MWFkYWNlODjYAgXgAgE&sid=f990c8e44d8a49a026ee40f8b9e3b3a2&aid=304142&ucfs=1&arphpl=1&checkin=2025-02-09&checkout=2025-02-16&dest_id=-372490&dest_type=city&group_adults=2&req_adults=2&no_rooms=1&group_children=0&req_children=0&hpos=10&hapos=394&sr_order=popularity&srpvid=91357ea171dd08a0&srepoch=1738173672&all_sr_blocks=1301405208_403031940_4_0_0&highlighted_blocks=1301405208_403031940_4_0_0&matching_block_id=1301405208_403031940_4_0_0&sr_pri_blocks=1301405208_403031940_4_0_0__138372&from=searchresults
Ola Living Batlló,"Eixample, Barcelona",https://www.booking.com/hotel/es/ola-living-batllo.html?label=gen173nr-1BCAEoggI46AdSAnVzWARoRogBAZgBMbgBGcgBD9gBAegBAYgCAagCA7gC-NjpvAbAAgHSAiQ4ZGVlZWVhMi1mOTI5LTRmOWQtOTk0OC0xMzU5MWFkYWNlODjYAgXgAgE&sid=f990c8e44d8a49a026ee40f8b9e3b3a2&aid=304142&ucfs=1&arphpl=1&checkin=2025-02-09&checkout=2025-02-16&dest_id=-372490&dest_type=city&group_adults=2&req_adults=2&no_rooms=1&group_children=0&req_children=0&hpos=11&hapos=395&sr_order=popularity&srpvid=91357ea171dd08a0&srepoch=1738173672&all_sr_blocks=1316927602_404436789_2_0_0&highlighted_blocks=1316927602_404436789_2_0_0&matching_block_id=1316927602_404436789_2_0_0&sr_pri_blocks=1316927602_404436789_2_0_0__102829&from=searchresults
Hostal Orleans,"Ciutat Vella, Barcelona",https://www.booking.com/hotel/es/hostal-orleans.html?label=gen173nr-1BCAEoggI46AdSAnVzWARoRogBAZgBMbgBGcgBD9gBAegBAYgCAagCA7gC-NjpvAbAAgHSAiQ4ZGVlZWVhMi1mOTI5LTRmOWQtOTk0OC0xMzU5MWFkYWNlODjYAgXgAgE&sid=f990c8e44d8a49a026ee40f8b9e3b3a2&aid=304142&ucfs=1&arphpl=1&checkin=2025-02-09&checkout=2025-02-16&dest_id=-372490&dest_type=city&group_adults=2&req_adults=2&no_rooms=1&group_children=0&req_children=0&hpos=12&hapos=396&sr_order=popularity&srpvid=91357ea171dd08a0&srepoch=1738173672&all_sr_blocks=38790506_388371337_0_0_0&highlighted_blocks=38790506_388371337_0_0_0&matching_block_id=38790506_388371337_0_0_0&sr_pri_blocks=38790506_388371337_0_0_0__111831&from=searchresults
ITC Barcelona By Soho Boutique,"Eixample, Barcelona",https://www.booking.com/hotel/es/cityparkhotelpelayo.html?label=gen173nr-1BCAEoggI46AdSAnVzWARoRogBAZgBMbgBGcgBD9gBAegBAYgCAagCA7gC-NjpvAbAAgHSAiQ4ZGVlZWVhMi1mOTI5LTRmOWQtOTk0OC0xMzU5MWFkYWNlODjYAgXgAgE&sid=f990c8e44d8a49a026ee40f8b9e3b3a2&aid=304142&ucfs=1&arphpl=1&checkin=2025-02-09&checkout=2025-02-16&dest_id=-372490&dest_type=city&group_adults=2&req_adults=2&no_rooms=1&group_children=0&req_children=0&hpos=13&hapos=397&sr_order=popularity&srpvid=91357ea171dd08a0&srepoch=1738173672&all_sr_blocks=9055002_0_2_0_0&highlighted_blocks=9055002_0_2_0_0&matching_block_id=9055002_0_2_0_0&sr_pri_blocks=9055002_0_2_0_0__67211&from=searchresults
Casa Cosi - Casanova 5,"Eixample, Barcelona",https://www.booking.com/hotel/es/casa-cosi-casanova-5.html?label=gen173nr-1BCAEoggI46AdSAnVzWARoRogBAZgBMbgBGcgBD9gBAegBAYgCAagCA7gC-NjpvAbAAgHSAiQ4ZGVlZWVhMi1mOTI5LTRmOWQtOTk0OC0xMzU5MWFkYWNlODjYAgXgAgE&sid=f990c8e44d8a49a026ee40f8b9e3b3a2&aid=304142&ucfs=1&arphpl=1&checkin=2025-02-09&checkout=2025-02-16&dest_id=-372490&dest_type=city&group_adults=2&req_adults=2&no_rooms=1&group_children=0&req_children=0&hpos=14&hapos=398&sr_order=popularity&srpvid=91357ea171dd08a0&srepoch=1738173672&all_sr_blocks=814045102_362247094_0_0_0&highlighted_blocks=814045102_362247094_0_0_0&matching_block_id=814045102_362247094_0_0_0&sr_pri_blocks=814045102_362247094_0_0_0__214040&from=searchresults
Apartments Hotel Sant Pau,"Sant Martí, Barcelona",https://www.booking.com/hotel/es/apartments-sant-pau.html?label=gen173nr-1BCAEoggI46AdSAnVzWARoRogBAZgBMbgBGcgBD9gBAegBAYgCAagCA7gC-NjpvAbAAgHSAiQ4ZGVlZWVhMi1mOTI5LTRmOWQtOTk0OC0xMzU5MWFkYWNlODjYAgXgAgE&sid=f990c8e44d8a49a026ee40f8b9e3b3a2&aid=304142&ucfs=1&arphpl=1&checkin=2025-02-09&checkout=2025-02-16&dest_id=-372490&dest_type=city&group_adults=2&req_adults=2&no_rooms=1&group_children=0&req_children=0&hpos=15&hapos=399&sr_order=popularity&srpvid=91357ea171dd08a0&srepoch=1738173672&all_sr_blocks=58349801_310480641_2_2_0&highlighted_blocks=58349801_310480641_2_2_0&matching_block_id=58349801_310480641_2_2_0&sr_pri_blocks=58349801_310480641_2_2_0__94182&from=searchresults
1213 - Ciutadella Nice Apartment,"Sant Martí, Barcelona",https://www.booking.com/hotel/es/1213-beach-olimpic-village-apartment-iii.html?label=gen173nr-1BCAEoggI46AdSAnVzWARoRogBAZgBMbgBGcgBD9gBAegBAYgCAagCA7gC-NjpvAbAAgHSAiQ4ZGVlZWVhMi1mOTI5LTRmOWQtOTk0OC0xMzU5MWFkYWNlODjYAgXgAgE&sid=f990c8e44d8a49a026ee40f8b9e3b3a2&aid=304142&ucfs=1&arphpl=1&checkin=2025-02-09&checkout=2025-02-16&dest_id=-372490&dest_type=city&group_adults=2&req_adults=2&no_rooms=1&group_children=0&req_children=0&hpos=16&hapos=400&sr_order=popularity&srpvid=91357ea171dd08a0&srepoch=1738173672&all_sr_blocks=311698002_129404746_2_0_0_611613&highlighted_blocks=311698002_129404746_2_0_0_611613&matching_block_id=311698002_129404746_2_0_0_611613&sr_pri_blocks=311698002_129404746_2_0_0_611613_159472&from=searchresults
Hotel Coronado,"Sants-Montjuïc, Barcelona",https://www.booking.com/hotel/es/coronado.html?label=gen173nr-1BCAEoggI46AdSAnVzWARoRogBAZgBMbgBGcgBD9gBAegBAYgCAagCA7gC-NjpvAbAAgHSAiQ4ZGVlZWVhMi1mOTI5LTRmOWQtOTk0OC0xMzU5MWFkYWNlODjYAgXgAgE&sid=f990c8e44d8a49a026ee40f8b9e3b3a2&aid=304142&ucfs=1&arphpl=1&checkin=2025-02-09&checkout=2025-02-16&dest_id=-372490&dest_type=city&group_adults=2&req_adults=2&no_rooms=1&group_children=0&req_children=0&hpos=17&hapos=401&sr_order=popularity&srpvid=91357ea171dd08a0&srepoch=1738173672&all_sr_blocks=9750104_88494411_0_0_0&highlighted_blocks=9750104_88494411_0_0_0&matching_block_id=9750104_88494411_0_0_0&sr_pri_blocks=9750104_88494411_0_0_0__81325&from=searchresults
"Hotel Indigo Barcelona Plaza Espana, an IHG Hotel","Sants-Montjuïc, Barcelona",https://www.booking.com/hotel/es/hotel-indigo-barcelona-granvia-plaza-espana.html?label=gen173nr-1BCAEoggI46AdSAnVzWARoRogBAZgBMbgBGcgBD9gBAegBAYgCAagCA7gC-NjpvAbAAgHSAiQ4ZGVlZWVhMi1mOTI5LTRmOWQtOTk0OC0xMzU5MWFkYWNlODjYAgXgAgE&sid=f990c8e44d8a49a026ee40f8b9e3b3a2&aid=304142&ucfs=1&arphpl=1&checkin=2025-02-09&checkout=2025-02-16&dest_id=-372490&dest_type=city&group_adults=2&req_adults=2&no_rooms=1&group_children=0&req_children=0&hpos=18&hapos=402&sr_order=popularity&srpvid=91357ea171dd08a0&srepoch=1738173672&all_sr_blocks=9392325_88194437_2_2_0&highlighted_blocks=9392325_88194437_2_2_0&matching_block_id=9392325_88194437_2_2_0&sr_pri_blocks=9392325_88194437_2_2_0__142578&from_sustainable_property_sr=1&from=searchresults
Ola Living Diagonal Apartments,"Sarrià-St. Gervasi, Barcelona",https://www.booking.com/hotel/es/barcelona-center-exclusive.html?label=gen173nr-1BCAEoggI46AdSAnVzWARoRogBAZgBMbgBGcgBD9gBAegBAYgCAagCA7gC-NjpvAbAAgHSAiQ4ZGVlZWVhMi1mOTI5LTRmOWQtOTk0OC0xMzU5MWFkYWNlODjYAgXgAgE&sid=f990c8e44d8a49a026ee40f8b9e3b3a2&aid=304142&ucfs=1&arphpl=1&checkin=2025-02-09&checkout=2025-02-16&dest_id=-372490&dest_type=city&group_adults=2&req_adults=2&no_rooms=1&group_children=0&req_children=0&hpos=19&hapos=403&sr_order=popularity&srpvid=91357ea171dd08a0&srepoch=1738173672&all_sr_blocks=40160008_247002791_4_0_0&highlighted_blocks=40160008_247002791_4_0_0&matching_block_id=40160008_247002791_4_0_0&sr_pri_blocks=40160008_247002791_4_0_0__136343&from=searchresults
Pensión San Ramón,"Ciutat Vella, Barcelona",https://www.booking.com/hotel/es/pensia3n-hostal-san-rama3n.html?label=gen173nr-1BCAEoggI46AdSAnVzWARoRogBAZgBMbgBGcgBD9gBAegBAYgCAagCA7gC-NjpvAbAAgHSAiQ4ZGVlZWVhMi1mOTI5LTRmOWQtOTk0OC0xMzU5MWFkYWNlODjYAgXgAgE&sid=f990c8e44d8a49a026ee40f8b9e3b3a2&aid=304142&ucfs=1&arphpl=1&checkin=2025-02-09&checkout=2025-02-16&dest_id=-372490&dest_type=city&group_adults=2&req_adults=2&no_rooms=1&group_children=0&req_children=0&hpos=20&hapos=404&sr_order=popularity&srpvid=91357ea171dd08a0&srepoch=1738173672&all_sr_blocks=35449402_362862888_0_0_0&highlighted_blocks=35449402_362862888_0_0_0&matching_block_id=35449402_362862888_0_0_0&sr_pri_blocks=35449402_362862888_0_0_0__50260&from=searchresults
Barcelona4Seasons - Sagrada Familia,"Eixample, Barcelona",https://www.booking.com/hotel/es/barcelona4seasons.html?label=gen173nr-1BCAEoggI46AdSAnVzWARoRogBAZgBMbgBGcgBD9gBAegBAYgCAagCA7gC-NjpvAbAAgHSAiQ4ZGVlZWVhMi1mOTI5LTRmOWQtOTk0OC0xMzU5MWFkYWNlODjYAgXgAgE&sid=f990c8e44d8a49a026ee40f8b9e3b3a2&aid=304142&ucfs=1&arphpl=1&checkin=2025-02-09&checkout=2025-02-16&dest_id=-372490&dest_type=city&group_adults=2&req_adults=2&no_rooms=1&group_children=0&req_children=0&hpos=21&hapos=405&sr_order=popularity&srpvid=91357ea171dd08a0&srepoch=1738173672&all_sr_blocks=9475619_363243386_2_0_0_476183&highlighted_blocks=9475619_363243386_2_0_0_476183&matching_block_id=9475619_363243386_2_0_0_476183&sr_pri_blocks=9475619_363243386_2_0_0_476183_114632&from=searchresults
Canela Homes BARCELONA FONTANA,"Gràcia, Barcelona",https://www.booking.com/hotel/es/canela-homes-barcelona-fontana.html?label=gen173nr-1BCAEoggI46AdSAnVzWARoRogBAZgBMbgBGcgBD9gBAegBAYgCAagCA7gC-NjpvAbAAgHSAiQ4ZGVlZWVhMi1mOTI5LTRmOWQtOTk0OC0xMzU5MWFkYWNlODjYAgXgAgE&sid=f990c8e44d8a49a026ee40f8b9e3b3a2&aid=304142&ucfs=1&arphpl=1&checkin=2025-02-09&checkout=2025-02-16&dest_id=-372490&dest_type=city&group_adults=2&req_adults=2&no_rooms=1&group_children=0&req_children=0&hpos=22&hapos=406&sr_order=popularity&srpvid=91357ea171dd08a0&srepoch=1738173672&all_sr_blocks=1093062902_402727122_7_0_0&highlighted_blocks=1093062902_402727122_7_0_0&matching_block_id=1093062902_402727122_7_0_0&sr_pri_blocks=1093062902_402727122_7_0_0__178520&from=searchresults
The Level at Melia Barcelona Sky,"Sant Martí, Barcelona",https://www.booking.com/hotel/es/the-level-at-melia-barcelona-sky.html?label=gen173nr-1BCAEoggI46AdSAnVzWARoRogBAZgBMbgBGcgBD9gBAegBAYgCAagCA7gC-NjpvAbAAgHSAiQ4ZGVlZWVhMi1mOTI5LTRmOWQtOTk0OC0xMzU5MWFkYWNlODjYAgXgAgE&sid=f990c8e44d8a49a026ee40f8b9e3b3a2&aid=304142&ucfs=1&arphpl=1&checkin=2025-02-09&checkout=2025-02-16&dest_id=-372490&dest_type=city&group_adults=2&req_adults=2&no_rooms=1&group_children=0&req_children=0&hpos=23&hapos=407&sr_order=popularity&srpvid=91357ea171dd08a0&srepoch=1738173672&all_sr_blocks=55697003_91989474_2_2_0&highlighted_blocks=55697003_91989474_2_2_0&matching_block_id=55697003_91989474_2_2_0&sr_pri_blocks=55697003_91989474_2_2_0__194350&from=searchresults
Fontanella By BCN URBAN Rooms,"Ciutat Vella, Barcelona",https://www.booking.com/hotel/es/fontanella-by-bcn-urban-rooms.html?label=gen173nr-1BCAEoggI46AdSAnVzWARoRogBAZgBMbgBGcgBD9gBAegBAYgCAagCA7gC-NjpvAbAAgHSAiQ4ZGVlZWVhMi1mOTI5LTRmOWQtOTk0OC0xMzU5MWFkYWNlODjYAgXgAgE&sid=f990c8e44d8a49a026ee40f8b9e3b3a2&aid=304142&ucfs=1&arphpl=1&checkin=2025-02-09&checkout=2025-02-16&dest_id=-372490&dest_type=city&group_adults=2&req_adults=2&no_rooms=1&group_children=0&req_children=0&hpos=24&hapos=408&sr_order=popularity&srpvid=91357ea171dd08a0&srepoch=1738173672&all_sr_blocks=852255303_352576235_3_0_0&highlighted_blocks=852255303_352576235_3_0_0&matching_block_id=852255303_352576235_3_0_0&sr_pri_blocks=852255303_352576235_3_0_0__133610&from=searchresults
Hotel Abbot,"Eixample, Barcelona",https://www.booking.com/hotel/es/abbot.html?label=gen173nr-1BCAEoggI46AdSAnVzWARoRogBAZgBMbgBGcgBD9gBAegBAYgCAagCA7gC-NjpvAbAAgHSAiQ4ZGVlZWVhMi1mOTI5LTRmOWQtOTk0OC0xMzU5MWFkYWNlODjYAgXgAgE&sid=f990c8e44d8a49a026ee40f8b9e3b3a2&aid=304142&ucfs=1&arphpl=1&checkin=2025-02-09&checkout=2025-02-16&dest_id=-372490&dest_type=city&group_adults=2&req_adults=2&no_rooms=1&group_children=0&req_children=0&hpos=1&hapos=409&sr_order=popularity&srpvid=91357ea171dd08a0&srepoch=1738173675&all_sr_blocks=9040702_0_2_0_0&highlighted_blocks=9040702_0_2_0_0&matching_block_id=9040702_0_2_0_0&sr_pri_blocks=9040702_0_2_0_0__78060&from=searchresults
Casa Cosi - El Farro 3,"Sarrià-St. Gervasi, Barcelona",https://www.booking.com/hotel/es/casa-cosi-el-farro.html?label=gen173nr-1BCAEoggI46AdSAnVzWARoRogBAZgBMbgBGcgBD9gBAegBAYgCAagCA7gC-NjpvAbAAgHSAiQ4ZGVlZWVhMi1mOTI5LTRmOWQtOTk0OC0xMzU5MWFkYWNlODjYAgXgAgE&sid=f990c8e44d8a49a026ee40f8b9e3b3a2&aid=304142&ucfs=1&arphpl=1&checkin=2025-02-09&checkout=2025-02-16&dest_id=-372490&dest_type=city&group_adults=2&req_adults=2&no_rooms=1&group_children=0&req_children=0&hpos=2&hapos=410&sr_order=popularity&srpvid=91357ea171dd08a0&srepoch=1738173675&all_sr_blocks=732065101_377093936_0_0_0&highlighted_blocks=732065101_377093936_0_0_0&matching_block_id=732065101_377093936_0_0_0&sr_pri_blocks=732065101_377093936_0_0_0__144043&from=searchresults
Ilunion Auditori,"Eixample, Barcelona",https://www.booking.com/hotel/es/confortel-auditori.html?label=gen173nr-1BCAEoggI46AdSAnVzWARoRogBAZgBMbgBGcgBD9gBAegBAYgCAagCA7gC-NjpvAbAAgHSAiQ4ZGVlZWVhMi1mOTI5LTRmOWQtOTk0OC0xMzU5MWFkYWNlODjYAgXgAgE&sid=f990c8e44d8a49a026ee40f8b9e3b3a2&aid=304142&ucfs=1&arphpl=1&checkin=2025-02-09&checkout=2025-02-16&dest_id=-372490&dest_type=city&group_adults=2&req_adults=2&no_rooms=1&group_children=0&req_children=0&hpos=3&hapos=411&sr_order=popularity&srpvid=91357ea171dd08a0&srepoch=1738173675&all_sr_blocks=9277401_0_2_0_0&highlighted_blocks=9277401_0_2_0_0&matching_block_id=9277401_0_2_0_0&sr_pri_blocks=9277401_0_2_0_0__79357&from=searchresults
MH Apartments S. Familia,"Eixample, Barcelona",https://www.booking.com/hotel/es/mh-apartments-sagrada-familia.html?label=gen173nr-1BCAEoggI46AdSAnVzWARoRogBAZgBMbgBGcgBD9gBAegBAYgCAagCA7gC-NjpvAbAAgHSAiQ4ZGVlZWVhMi1mOTI5LTRmOWQtOTk0OC0xMzU5MWFkYWNlODjYAgXgAgE&sid=f990c8e44d8a49a026ee40f8b9e3b3a2&aid=304142&ucfs=1&arphpl=1&checkin=2025-02-09&checkout=2025-02-16&dest_id=-372490&dest_type=city&group_adults=2&req_adults=2&no_rooms=1&group_children=0&req_children=0&hpos=4&hapos=412&sr_order=popularity&srpvid=91357ea171dd08a0&srepoch=1738173675&all_sr_blocks=9360201_403038617_2_0_0_161288&highlighted_blocks=9360201_403038617_2_0_0_161288&matching_block_id=9360201_403038617_2_0_0_161288&sr_pri_blocks=9360201_403038617_2_0_0_161288_141932&from=searchresults
Barcelona4Seasons II,"Ciutat Vella, Barcelona",https://www.booking.com/hotel/es/barcelona4seasons-ii.html?label=gen173nr-1BCAEoggI46AdSAnVzWARoRogBAZgBMbgBGcgBD9gBAegBAYgCAagCA7gC-NjpvAbAAgHSAiQ4ZGVlZWVhMi1mOTI5LTRmOWQtOTk0OC0xMzU5MWFkYWNlODjYAgXgAgE&sid=f990c8e44d8a49a026ee40f8b9e3b3a2&aid=304142&ucfs=1&arphpl=1&checkin=2025-02-09&checkout=2025-02-16&dest_id=-372490&dest_type=city&group_adults=2&req_adults=2&no_rooms=1&group_children=0&req_children=0&hpos=5&hapos=413&sr_order=popularity&srpvid=91357ea171dd08a0&srepoch=1738173675&all_sr_blocks=9723724_363243506_2_0_0_476181&highlighted_blocks=9723724_363243506_2_0_0_476181&matching_block_id=9723724_363243506_2_0_0_476181&sr_pri_blocks=9723724_363243506_2_0_0_476181_113932&from=searchresults
Casa Cosi - La Gleva 4,"Sarrià-St. Gervasi, Barcelona",https://www.booking.com/hotel/es/casa-cosi-la-gleva-4.html?label=gen173nr-1BCAEoggI46AdSAnVzWARoRogBAZgBMbgBGcgBD9gBAegBAYgCAagCA7gC-NjpvAbAAgHSAiQ4ZGVlZWVhMi1mOTI5LTRmOWQtOTk0OC0xMzU5MWFkYWNlODjYAgXgAgE&sid=f990c8e44d8a49a026ee40f8b9e3b3a2&aid=304142&ucfs=1&arphpl=1&checkin=2025-02-09&checkout=2025-02-16&dest_id=-372490&dest_type=city&group_adults=2&req_adults=2&no_rooms=1&group_children=0&req_children=0&hpos=6&hapos=414&sr_order=popularity&srpvid=91357ea171dd08a0&srepoch=1738173675&all_sr_blocks=814039802_362247310_0_0_0&highlighted_blocks=814039802_362247310_0_0_0&matching_block_id=814039802_362247310_0_0_0&sr_pri_blocks=814039802_362247310_0_0_0__150985&from=searchresults
Casa Cosi - Putxet 3,"Sarrià-St. Gervasi, Barcelona",https://www.booking.com/hotel/es/casa-cosi-putxet-3.html?label=gen173nr-1BCAEoggI46AdSAnVzWARoRogBAZgBMbgBGcgBD9gBAegBAYgCAagCA7gC-NjpvAbAAgHSAiQ4ZGVlZWVhMi1mOTI5LTRmOWQtOTk0OC0xMzU5MWFkYWNlODjYAgXgAgE&sid=f990c8e44d8a49a026ee40f8b9e3b3a2&aid=304142&ucfs=1&arphpl=1&checkin=2025-02-09&checkout=2025-02-16&dest_id=-372490&dest_type=city&group_adults=2&req_adults=2&no_rooms=1&group_children=0&req_children=0&hpos=7&hapos=415&sr_order=popularity&srpvid=91357ea171dd08a0&srepoch=1738173675&all_sr_blocks=814029602_362247735_0_0_0&highlighted_blocks=814029602_362247735_0_0_0&matching_block_id=814029602_362247735_0_0_0&sr_pri_blocks=814029602_362247735_0_0_0__132073&from=searchresults
Casa Cosi - Francoli 1,"Sarrià-St. Gervasi, Barcelona",https://www.booking.com/hotel/es/casa-cosi-francoli.html?label=gen173nr-1BCAEoggI46AdSAnVzWARoRogBAZgBMbgBGcgBD9gBAegBAYgCAagCA7gC-NjpvAbAAgHSAiQ4ZGVlZWVhMi1mOTI5LTRmOWQtOTk0OC0xMzU5MWFkYWNlODjYAgXgAgE&sid=f990c8e44d8a49a026ee40f8b9e3b3a2&aid=304142&ucfs=1&arphpl=1&checkin=2025-02-09&checkout=2025-02-16&dest_id=-372490&dest_type=city&group_adults=2&req_adults=2&no_rooms=1&group_children=0&req_children=0&hpos=8&hapos=416&sr_order=popularity&srpvid=91357ea171dd08a0&srepoch=1738173675&all_sr_blocks=481767801_377093758_0_0_0&highlighted_blocks=481767801_377093758_0_0_0&matching_block_id=481767801_377093758_0_0_0&sr_pri_blocks=481767801_377093758_0_0_0__158632&from=searchresults
Melia Barcelona Sky 4* Sup,"Sant Martí, Barcelona",https://www.booking.com/hotel/es/melia-barcelona-sky.html?label=gen173nr-1BCAEoggI46AdSAnVzWARoRogBAZgBMbgBGcgBD9gBAegBAYgCAagCA7gC-NjpvAbAAgHSAiQ4ZGVlZWVhMi1mOTI5LTRmOWQtOTk0OC0xMzU5MWFkYWNlODjYAgXgAgE&sid=f990c8e44d8a49a026ee40f8b9e3b3a2&aid=304142&ucfs=1&arphpl=1&checkin=2025-02-09&checkout=2025-02-16&dest_id=-372490&dest_type=city&group_adults=2&req_adults=2&no_rooms=1&group_children=0&req_children=0&hpos=9&hapos=417&sr_order=popularity&srpvid=91357ea171dd08a0&srepoch=1738173675&all_sr_blocks=9755026_91989330_2_34_0&highlighted_blocks=9755026_91989330_2_34_0&matching_block_id=9755026_91989330_2_34_0&sr_pri_blocks=9755026_91989330_2_34_0__191578&from_sustainable_property_sr=1&from=searchresults
El Avenida Palace,"Eixample, Barcelona",https://www.booking.com/hotel/es/avenidapalace.html?label=gen173nr-1BCAEoggI46AdSAnVzWARoRogBAZgBMbgBGcgBD9gBAegBAYgCAagCA7gC-NjpvAbAAgHSAiQ4ZGVlZWVhMi1mOTI5LTRmOWQtOTk0OC0xMzU5MWFkYWNlODjYAgXgAgE&sid=f990c8e44d8a49a026ee40f8b9e3b3a2&aid=304142&ucfs=1&arphpl=1&checkin=2025-02-09&checkout=2025-02-16&dest_id=-372490&dest_type=city&group_adults=2&req_adults=2&no_rooms=1&group_children=0&req_children=0&hpos=10&hapos=418&sr_order=popularity&srpvid=91357ea171dd08a0&srepoch=1738173675&all_sr_blocks=9179401_88191816_2_2_0_456120&highlighted_blocks=9179401_88191816_2_2_0_456120&matching_block_id=9179401_88191816_2_2_0_456120&sr_pri_blocks=9179401_88191816_2_2_0_456120_127813&from=searchresults
Casa Cosi Don Bajos,"Sarrià-St. Gervasi, Barcelona",https://www.booking.com/hotel/es/casa-cosi-don-bajos.html?label=gen173nr-1BCAEoggI46AdSAnVzWARoRogBAZgBMbgBGcgBD9gBAegBAYgCAagCA7gC-NjpvAbAAgHSAiQ4ZGVlZWVhMi1mOTI5LTRmOWQtOTk0OC0xMzU5MWFkYWNlODjYAgXgAgE&sid=f990c8e44d8a49a026ee40f8b9e3b3a2&aid=304142&ucfs=1&arphpl=1&checkin=2025-02-09&checkout=2025-02-16&dest_id=-372490&dest_type=city&group_adults=2&req_adults=2&no_rooms=1&group_children=0&req_children=0&hpos=11&hapos=419&sr_order=popularity&srpvid=91357ea171dd08a0&srepoch=1738173675&all_sr_blocks=910293002_377070179_0_0_0&highlighted_blocks=910293002_377070179_0_0_0&matching_block_id=910293002_377070179_0_0_0&sr_pri_blocks=910293002_377070179_0_0_0__146676&from=searchresults
BruStar Sagrada Familia,"Eixample, Barcelona",https://www.booking.com/hotel/es/brustar-sagrada-familia.html?label=gen173nr-1BCAEoggI46AdSAnVzWARoRogBAZgBMbgBGcgBD9gBAegBAYgCAagCA7gC-NjpvAbAAgHSAiQ4ZGVlZWVhMi1mOTI5LTRmOWQtOTk0OC0xMzU5MWFkYWNlODjYAgXgAgE&sid=f990c8e44d8a49a026ee40f8b9e3b3a2&aid=304142&ucfs=1&arphpl=1&checkin=2025-02-09&checkout=2025-02-16&dest_id=-372490&dest_type=city&group_adults=2&req_adults=2&no_rooms=1&group_children=0&req_children=0&hpos=12&hapos=420&sr_order=popularity&srpvid=91357ea171dd08a0&srepoch=1738173675&all_sr_blocks=136128603_88511761_2_0_0&highlighted_blocks=136128603_88511761_2_0_0&matching_block_id=136128603_88511761_2_0_0&sr_pri_blocks=136128603_88511761_2_0_0__78645&from=searchresults
Midtown Apartments,"Eixample, Barcelona",https://www.booking.com/hotel/es/midtown-apartments.html?label=gen173nr-1BCAEoggI46AdSAnVzWARoRogBAZgBMbgBGcgBD9gBAegBAYgCAagCA7gC-NjpvAbAAgHSAiQ4ZGVlZWVhMi1mOTI5LTRmOWQtOTk0OC0xMzU5MWFkYWNlODjYAgXgAgE&sid=f990c8e44d8a49a026ee40f8b9e3b3a2&aid=304142&ucfs=1&arphpl=1&checkin=2025-02-09&checkout=2025-02-16&dest_id=-372490&dest_type=city&group_adults=2&req_adults=2&no_rooms=1&group_children=0&req_children=0&hpos=13&hapos=421&sr_order=popularity&srpvid=91357ea171dd08a0&srepoch=1738173675&all_sr_blocks=167479103_89632449_0_0_0&highlighted_blocks=167479103_89632449_0_0_0&matching_block_id=167479103_89632449_0_0_0&sr_pri_blocks=167479103_89632449_0_0_0__261259&from_sustainable_property_sr=1&from=searchresults
"Cotton House Hotel, Autograph Collection","Eixample, Barcelona",https://www.booking.com/hotel/es/cotton-house-autograph-collection.html?label=gen173nr-1BCAEoggI46AdSAnVzWARoRogBAZgBMbgBGcgBD9gBAegBAYgCAagCA7gC-NjpvAbAAgHSAiQ4ZGVlZWVhMi1mOTI5LTRmOWQtOTk0OC0xMzU5MWFkYWNlODjYAgXgAgE&sid=f990c8e44d8a49a026ee40f8b9e3b3a2&aid=304142&ucfs=1&arphpl=1&checkin=2025-02-09&checkout=2025-02-16&dest_id=-372490&dest_type=city&group_adults=2&req_adults=2&no_rooms=1&group_children=0&req_children=0&hpos=14&hapos=422&sr_order=popularity&srpvid=91357ea171dd08a0&srepoch=1738173675&all_sr_blocks=129129101_246432886_2_2_0&highlighted_blocks=129129101_246432886_2_2_0&matching_block_id=129129101_246432886_2_2_0&sr_pri_blocks=129129101_246432886_2_2_0__333190&from=searchresults
Uma Suites Pau Claris,"Eixample, Barcelona",https://www.booking.com/hotel/es/uma-house-pau-claris.html?label=gen173nr-1BCAEoggI46AdSAnVzWARoRogBAZgBMbgBGcgBD9gBAegBAYgCAagCA7gC-NjpvAbAAgHSAiQ4ZGVlZWVhMi1mOTI5LTRmOWQtOTk0OC0xMzU5MWFkYWNlODjYAgXgAgE&sid=f990c8e44d8a49a026ee40f8b9e3b3a2&aid=304142&ucfs=1&arphpl=1&checkin=2025-02-09&checkout=2025-02-16&dest_id=-372490&dest_type=city&group_adults=2&req_adults=2&no_rooms=1&group_children=0&req_children=0&hpos=15&hapos=423&sr_order=popularity&srpvid=91357ea171dd08a0&srepoch=1738173675&all_sr_blocks=718374602_303455162_2_0_0&highlighted_blocks=718374602_303455162_2_0_0&matching_block_id=718374602_303455162_2_0_0&sr_pri_blocks=718374602_303455162_2_0_0__109859&from=searchresults
BCN Town Apartments Portaferrissa,"Ciutat Vella, Barcelona",https://www.booking.com/hotel/es/bcn-town-apartments-portaferrissa.html?label=gen173nr-1BCAEoggI46AdSAnVzWARoRogBAZgBMbgBGcgBD9gBAegBAYgCAagCA7gC-NjpvAbAAgHSAiQ4ZGVlZWVhMi1mOTI5LTRmOWQtOTk0OC0xMzU5MWFkYWNlODjYAgXgAgE&sid=f990c8e44d8a49a026ee40f8b9e3b3a2&aid=304142&ucfs=1&arphpl=1&checkin=2025-02-09&checkout=2025-02-16&dest_id=-372490&dest_type=city&group_adults=2&req_adults=2&no_rooms=1&group_children=0&req_children=0&hpos=16&hapos=424&sr_order=popularity&srpvid=91357ea171dd08a0&srepoch=1738173675&all_sr_blocks=107004005_341013069_2_0_0&highlighted_blocks=107004005_341013069_2_0_0&matching_block_id=107004005_341013069_2_0_0&sr_pri_blocks=107004005_341013069_2_0_0__204172&from=searchresults
Alma Barcelona GL,"Eixample, Barcelona",https://www.booking.com/hotel/es/almabarcelona.html?label=gen173nr-1BCAEoggI46AdSAnVzWARoRogBAZgBMbgBGcgBD9gBAegBAYgCAagCA7gC-NjpvAbAAgHSAiQ4ZGVlZWVhMi1mOTI5LTRmOWQtOTk0OC0xMzU5MWFkYWNlODjYAgXgAgE&sid=f990c8e44d8a49a026ee40f8b9e3b3a2&aid=304142&ucfs=1&arphpl=1&checkin=2025-02-09&checkout=2025-02-16&dest_id=-372490&dest_type=city&group_adults=2&req_adults=2&no_rooms=1&group_children=0&req_children=0&hpos=17&hapos=425&sr_order=popularity&srpvid=91357ea171dd08a0&srepoch=1738173675&all_sr_blocks=29091701_265490462_2_2_0_461444&highlighted_blocks=29091701_265490462_2_2_0_461444&matching_block_id=29091701_265490462_2_2_0_461444&sr_pri_blocks=29091701_265490462_2_2_0_461444_403050&from_sustainable_property_sr=1&from=searchresults
Elegant apartment Rambla Badal,"Sants-Montjuïc, Barcelona",https://www.booking.com/hotel/es/elegant-apartment-rambla-badal.html?label=gen173nr-1BCAEoggI46AdSAnVzWARoRogBAZgBMbgBGcgBD9gBAegBAYgCAagCA7gC-NjpvAbAAgHSAiQ4ZGVlZWVhMi1mOTI5LTRmOWQtOTk0OC0xMzU5MWFkYWNlODjYAgXgAgE&sid=f990c8e44d8a49a026ee40f8b9e3b3a2&aid=304142&ucfs=1&arphpl=1&checkin=2025-02-09&checkout=2025-02-16&dest_id=-372490&dest_type=city&group_adults=2&req_adults=2&no_rooms=1&group_children=0&req_children=0&hpos=18&hapos=426&sr_order=popularity&srpvid=91357ea171dd08a0&srepoch=1738173675&all_sr_blocks=963166801_368905435_2_0_0&highlighted_blocks=963166801_368905435_2_0_0&matching_block_id=963166801_368905435_2_0_0&sr_pri_blocks=963166801_368905435_2_0_0__70783&from=searchresults
Hostal Balmes Centro,"Eixample, Barcelona",https://www.booking.com/hotel/es/hostal-centro-barcelona.html?label=gen173nr-1BCAEoggI46AdSAnVzWARoRogBAZgBMbgBGcgBD9gBAegBAYgCAagCA7gC-NjpvAbAAgHSAiQ4ZGVlZWVhMi1mOTI5LTRmOWQtOTk0OC0xMzU5MWFkYWNlODjYAgXgAgE&sid=f990c8e44d8a49a026ee40f8b9e3b3a2&aid=304142&ucfs=1&arphpl=1&checkin=2025-02-09&checkout=2025-02-16&dest_id=-372490&dest_type=city&group_adults=2&req_adults=2&no_rooms=1&group_children=0&req_children=0&hpos=19&hapos=427&sr_order=popularity&srpvid=91357ea171dd08a0&srepoch=1738173675&all_sr_blocks=28644610_88635036_0_0_0_657775&highlighted_blocks=28644610_88635036_0_0_0_657775&matching_block_id=28644610_88635036_0_0_0_657775&sr_pri_blocks=28644610_88635036_0_0_0_657775_55200&from=searchresults
Key Plaza Universidad - Gran Via,"Eixample, Barcelona",https://www.booking.com/hotel/es/key-plaza-universidad-gran-via.html?label=gen173nr-1BCAEoggI46AdSAnVzWARoRogBAZgBMbgBGcgBD9gBAegBAYgCAagCA7gC-NjpvAbAAgHSAiQ4ZGVlZWVhMi1mOTI5LTRmOWQtOTk0OC0xMzU5MWFkYWNlODjYAgXgAgE&sid=f990c8e44d8a49a026ee40f8b9e3b3a2&aid=304142&ucfs=1&arphpl=1&checkin=2025-02-09&checkout=2025-02-16&dest_id=-372490&dest_type=city&group_adults=2&req_adults=2&no_rooms=1&group_children=0&req_children=0&hpos=20&hapos=428&sr_order=popularity&srpvid=91357ea171dd08a0&srepoch=1738173675&all_sr_blocks=626205201_243772990_7_0_0_502523&highlighted_blocks=626205201_243772990_7_0_0_502523&matching_block_id=626205201_243772990_7_0_0_502523&sr_pri_blocks=626205201_243772990_7_0_0_502523_268560&from=searchresults
Casa Cosi - Putxet 1,"Sarrià-St. Gervasi, Barcelona",https://www.booking.com/hotel/es/casa-cosi-putxet-1.html?label=gen173nr-1BCAEoggI46AdSAnVzWARoRogBAZgBMbgBGcgBD9gBAegBAYgCAagCA7gC-NjpvAbAAgHSAiQ4ZGVlZWVhMi1mOTI5LTRmOWQtOTk0OC0xMzU5MWFkYWNlODjYAgXgAgE&sid=f990c8e44d8a49a026ee40f8b9e3b3a2&aid=304142&ucfs=1&arphpl=1&checkin=2025-02-09&checkout=2025-02-16&dest_id=-372490&dest_type=city&group_adults=2&req_adults=2&no_rooms=1&group_children=0&req_children=0&hpos=21&hapos=429&sr_order=popularity&srpvid=91357ea171dd08a0&srepoch=1738173675&all_sr_blocks=814035802_362247575_0_0_0&highlighted_blocks=814035802_362247575_0_0_0&matching_block_id=814035802_362247575_0_0_0&sr_pri_blocks=814035802_362247575_0_0_0__152155&from=searchresults
¡Apartamento en el centro de Barcelona!,"Eixample, Barcelona",https://www.booking.com/hotel/es/apartamento-en-el-centro-de-barcelona-barcelona2.html?label=gen173nr-1BCAEoggI46AdSAnVzWARoRogBAZgBMbgBGcgBD9gBAegBAYgCAagCA7gC-NjpvAbAAgHSAiQ4ZGVlZWVhMi1mOTI5LTRmOWQtOTk0OC0xMzU5MWFkYWNlODjYAgXgAgE&sid=f990c8e44d8a49a026ee40f8b9e3b3a2&aid=304142&ucfs=1&arphpl=1&checkin=2025-02-09&checkout=2025-02-16&dest_id=-372490&dest_type=city&group_adults=2&req_adults=2&no_rooms=1&group_children=0&req_children=0&hpos=22&hapos=430&sr_order=popularity&srpvid=91357ea171dd08a0&srepoch=1738173675&all_sr_blocks=1022190701_384618567_5_0_0&highlighted_blocks=1022190701_384618567_5_0_0&matching_block_id=1022190701_384618567_5_0_0&sr_pri_blocks=1022190701_384618567_5_0_0__189032&from=searchresults
Casa Cosi - Casanova 7,"Eixample, Barcelona",https://www.booking.com/hotel/es/casa-cosi-casanova-7.html?label=gen173nr-1BCAEoggI46AdSAnVzWARoRogBAZgBMbgBGcgBD9gBAegBAYgCAagCA7gC-NjpvAbAAgHSAiQ4ZGVlZWVhMi1mOTI5LTRmOWQtOTk0OC0xMzU5MWFkYWNlODjYAgXgAgE&sid=f990c8e44d8a49a026ee40f8b9e3b3a2&aid=304142&ucfs=1&arphpl=1&checkin=2025-02-09&checkout=2025-02-16&dest_id=-372490&dest_type=city&group_adults=2&req_adults=2&no_rooms=1&group_children=0&req_children=0&hpos=23&hapos=431&sr_order=popularity&srpvid=91357ea171dd08a0&srepoch=1738173675&all_sr_blocks=814045502_362247079_0_0_0&highlighted_blocks=814045502_362247079_0_0_0&matching_block_id=814045502_362247079_0_0_0&sr_pri_blocks=814045502_362247079_0_0_0__204703&from=searchresults
1324 - OLYMPIC DELUXE,"Sant Martí, Barcelona",https://www.booking.com/hotel/es/1324-olympic-deluxe.html?label=gen173nr-1BCAEoggI46AdSAnVzWARoRogBAZgBMbgBGcgBD9gBAegBAYgCAagCA7gC-NjpvAbAAgHSAiQ4ZGVlZWVhMi1mOTI5LTRmOWQtOTk0OC0xMzU5MWFkYWNlODjYAgXgAgE&sid=f990c8e44d8a49a026ee40f8b9e3b3a2&aid=304142&ucfs=1&arphpl=1&checkin=2025-02-09&checkout=2025-02-16&dest_id=-372490&dest_type=city&group_adults=2&req_adults=2&no_rooms=1&group_children=0&req_children=0&hpos=24&hapos=432&sr_order=popularity&srpvid=91357ea171dd08a0&srepoch=1738173675&all_sr_blocks=311697902_129404825_8_0_0_611614&highlighted_blocks=311697902_129404825_8_0_0_611614&matching_block_id=311697902_129404825_8_0_0_611614&sr_pri_blocks=311697902_129404825_8_0_0_611614_236116&from=searchresults
1208 - EXCLUSIVE DESIGN APARTMENT,"Eixample, Barcelona",https://www.booking.com/hotel/es/1208-exclusive-design-apartment.html?label=gen173nr-1BCAEoggI46AdSAnVzWARoRogBAZgBMbgBGcgBD9gBAegBAYgCAagCA7gC-NjpvAbAAgHSAiQ4ZGVlZWVhMi1mOTI5LTRmOWQtOTk0OC0xMzU5MWFkYWNlODjYAgXgAgE&sid=f990c8e44d8a49a026ee40f8b9e3b3a2&aid=304142&ucfs=1&arphpl=1&checkin=2025-02-09&checkout=2025-02-16&dest_id=-372490&dest_type=city&group_adults=2&req_adults=2&no_rooms=1&group_children=0&req_children=0&hpos=1&hapos=433&sr_order=popularity&srpvid=91357ea171dd08a0&srepoch=1738173678&all_sr_blocks=718161701_407330330_4_0_0_611607&highlighted_blocks=718161701_407330330_4_0_0_611607&matching_block_id=718161701_407330330_4_0_0_611607&sr_pri_blocks=718161701_407330330_4_0_0_611607_310237&from=searchresults
Wonderful apartment,"Sants-Montjuïc, Barcelona",https://www.booking.com/hotel/es/wonderful-apartment-barcelona.html?label=gen173nr-1BCAEoggI46AdSAnVzWARoRogBAZgBMbgBGcgBD9gBAegBAYgCAagCA7gC-NjpvAbAAgHSAiQ4ZGVlZWVhMi1mOTI5LTRmOWQtOTk0OC0xMzU5MWFkYWNlODjYAgXgAgE&sid=f990c8e44d8a49a026ee40f8b9e3b3a2&aid=304142&ucfs=1&arphpl=1&checkin=2025-02-09&checkout=2025-02-16&dest_id=-372490&dest_type=city&group_adults=2&req_adults=2&no_rooms=1&group_children=0&req_children=0&hpos=2&hapos=434&sr_order=popularity&srpvid=91357ea171dd08a0&srepoch=1738173678&all_sr_blocks=1257958301_398346381_2_0_0&highlighted_blocks=1257958301_398346381_2_0_0&matching_block_id=1257958301_398346381_2_0_0&sr_pri_blocks=1257958301_398346381_2_0_0__85476&from=searchresults
1410 - Mediterranean Forum Apartment,"Sant Martí, Barcelona",https://www.booking.com/hotel/es/1410-front-beach-apartment.html?label=gen173nr-1BCAEoggI46AdSAnVzWARoRogBAZgBMbgBGcgBD9gBAegBAYgCAagCA7gC-NjpvAbAAgHSAiQ4ZGVlZWVhMi1mOTI5LTRmOWQtOTk0OC0xMzU5MWFkYWNlODjYAgXgAgE&sid=f990c8e44d8a49a026ee40f8b9e3b3a2&aid=304142&ucfs=1&arphpl=1&checkin=2025-02-09&checkout=2025-02-16&dest_id=-372490&dest_type=city&group_adults=2&req_adults=2&no_rooms=1&group_children=0&req_children=0&hpos=3&hapos=435&sr_order=popularity&srpvid=91357ea171dd08a0&srepoch=1738173678&all_sr_blocks=311697202_129405043_8_0_0_611615&highlighted_blocks=311697202_129405043_8_0_0_611615&matching_block_id=311697202_129405043_8_0_0_611615&sr_pri_blocks=311697202_129405043_8_0_0_611615_496107&from=searchresults
Fridays Flats Villa Alba,"Sants-Montjuïc, Barcelona",https://www.booking.com/hotel/es/poolhouses-white-house.html?label=gen173nr-1BCAEoggI46AdSAnVzWARoRogBAZgBMbgBGcgBD9gBAegBAYgCAagCA7gC-NjpvAbAAgHSAiQ4ZGVlZWVhMi1mOTI5LTRmOWQtOTk0OC0xMzU5MWFkYWNlODjYAgXgAgE&sid=f990c8e44d8a49a026ee40f8b9e3b3a2&aid=304142&ucfs=1&arphpl=1&checkin=2025-02-09&checkout=2025-02-16&dest_id=-372490&dest_type=city&group_adults=2&req_adults=2&no_rooms=1&group_children=0&req_children=0&hpos=4&hapos=436&sr_order=popularity&srpvid=91357ea171dd08a0&srepoch=1738173678&all_sr_blocks=250524701_188947161_0_0_0&highlighted_blocks=250524701_188947161_0_0_0&matching_block_id=250524701_188947161_0_0_0&sr_pri_blocks=250524701_188947161_0_0_0__181177&from=searchresults
Attica 21 Barcelona Mar,"Sant Martí, Barcelona",https://www.booking.com/hotel/es/barcelonamar.html?label=gen173nr-1BCAEoggI46AdSAnVzWARoRogBAZgBMbgBGcgBD9gBAegBAYgCAagCA7gC-NjpvAbAAgHSAiQ4ZGVlZWVhMi1mOTI5LTRmOWQtOTk0OC0xMzU5MWFkYWNlODjYAgXgAgE&sid=f990c8e44d8a49a026ee40f8b9e3b3a2&aid=304142&ucfs=1&arphpl=1&checkin=2025-02-09&checkout=2025-02-16&dest_id=-372490&dest_type=city&group_adults=2&req_adults=2&no_rooms=1&group_children=0&req_children=0&hpos=5&hapos=437&sr_order=popularity&srpvid=91357ea171dd08a0&srepoch=1738173678&all_sr_blocks=9046219_88181760_0_2_0_489821&highlighted_blocks=9046219_88181760_0_2_0_489821&matching_block_id=9046219_88181760_0_2_0_489821&sr_pri_blocks=9046219_88181760_0_2_0_489821_101054&from_sustainable_property_sr=1&from=searchresults
Pelayo Deluxe Apartments,"Eixample, Barcelona",https://www.booking.com/hotel/es/pelayo-deluxe-apartments.html?label=gen173nr-1BCAEoggI46AdSAnVzWARoRogBAZgBMbgBGcgBD9gBAegBAYgCAagCA7gC-NjpvAbAAgHSAiQ4ZGVlZWVhMi1mOTI5LTRmOWQtOTk0OC0xMzU5MWFkYWNlODjYAgXgAgE&sid=f990c8e44d8a49a026ee40f8b9e3b3a2&aid=304142&ucfs=1&arphpl=1&checkin=2025-02-09&checkout=2025-02-16&dest_id=-372490&dest_type=city&group_adults=2&req_adults=2&no_rooms=1&group_children=0&req_children=0&hpos=6&hapos=438&sr_order=popularity&srpvid=91357ea171dd08a0&srepoch=1738173678&all_sr_blocks=106297503_88507451_4_0_0&highlighted_blocks=106297503_88507451_4_0_0&matching_block_id=106297503_88507451_4_0_0&sr_pri_blocks=106297503_88507451_4_0_0__268767&from=searchresults
Casa Cosi - Putxet 4,"Sarrià-St. Gervasi, Barcelona",https://www.booking.com/hotel/es/casa-cosi-putxet.html?label=gen173nr-1BCAEoggI46AdSAnVzWARoRogBAZgBMbgBGcgBD9gBAegBAYgCAagCA7gC-NjpvAbAAgHSAiQ4ZGVlZWVhMi1mOTI5LTRmOWQtOTk0OC0xMzU5MWFkYWNlODjYAgXgAgE&sid=f990c8e44d8a49a026ee40f8b9e3b3a2&aid=304142&ucfs=1&arphpl=1&checkin=2025-02-09&checkout=2025-02-16&dest_id=-372490&dest_type=city&group_adults=2&req_adults=2&no_rooms=1&group_children=0&req_children=0&hpos=7&hapos=439&sr_order=popularity&srpvid=91357ea171dd08a0&srepoch=1738173678&all_sr_blocks=614079901_377093334_0_0_0&highlighted_blocks=614079901_377093334_0_0_0&matching_block_id=614079901_377093334_0_0_0&sr_pri_blocks=614079901_377093334_0_0_0__173581&from=searchresults
Ofelias Hotel 4Sup by Bondia Hotel Group,"Eixample, Barcelona",https://www.booking.com/hotel/es/ofelias-4-superior.html?label=gen173nr-1BCAEoggI46AdSAnVzWARoRogBAZgBMbgBGcgBD9gBAegBAYgCAagCA7gC-NjpvAbAAgHSAiQ4ZGVlZWVhMi1mOTI5LTRmOWQtOTk0OC0xMzU5MWFkYWNlODjYAgXgAgE&sid=f990c8e44d8a49a026ee40f8b9e3b3a2&aid=304142&ucfs=1&arphpl=1&checkin=2025-02-09&checkout=2025-02-16&dest_id=-372490&dest_type=city&group_adults=2&req_adults=2&no_rooms=1&group_children=0&req_children=0&hpos=8&hapos=440&sr_order=popularity&srpvid=91357ea171dd08a0&srepoch=1738173678&all_sr_blocks=35087501_394292630_2_2_0_471306&highlighted_blocks=35087501_394292630_2_2_0_471306&matching_block_id=35087501_394292630_2_2_0_471306&sr_pri_blocks=35087501_394292630_2_2_0_471306_106913&from_sustainable_property_sr=1&from=searchresults
1216 - Forum Gardens Apartment,"Sant Martí, Barcelona",https://www.booking.com/hotel/es/1216-pool-and-beach-nice-apartment.html?label=gen173nr-1BCAEoggI46AdSAnVzWARoRogBAZgBMbgBGcgBD9gBAegBAYgCAagCA7gC-NjpvAbAAgHSAiQ4ZGVlZWVhMi1mOTI5LTRmOWQtOTk0OC0xMzU5MWFkYWNlODjYAgXgAgE&sid=f990c8e44d8a49a026ee40f8b9e3b3a2&aid=304142&ucfs=1&arphpl=1&checkin=2025-02-09&checkout=2025-02-16&dest_id=-372490&dest_type=city&group_adults=2&req_adults=2&no_rooms=1&group_children=0&req_children=0&hpos=9&hapos=441&sr_order=popularity&srpvid=91357ea171dd08a0&srepoch=1738173678&all_sr_blocks=319201702_129404182_4_0_0_611610&highlighted_blocks=319201702_129404182_4_0_0_611610&matching_block_id=319201702_129404182_4_0_0_611610&sr_pri_blocks=319201702_129404182_4_0_0_611610_154817&from=searchresults
Four Petals Barcelona Boutique Apartments,"Ciutat Vella, Barcelona",https://www.booking.com/hotel/es/four-petals-barcelona-boutique-apartments.html?label=gen173nr-1BCAEoggI46AdSAnVzWARoRogBAZgBMbgBGcgBD9gBAegBAYgCAagCA7gC-NjpvAbAAgHSAiQ4ZGVlZWVhMi1mOTI5LTRmOWQtOTk0OC0xMzU5MWFkYWNlODjYAgXgAgE&sid=f990c8e44d8a49a026ee40f8b9e3b3a2&aid=304142&ucfs=1&arphpl=1&checkin=2025-02-09&checkout=2025-02-16&dest_id=-372490&dest_type=city&group_adults=2&req_adults=2&no_rooms=1&group_children=0&req_children=0&hpos=10&hapos=442&sr_order=popularity&srpvid=91357ea171dd08a0&srepoch=1738173678&all_sr_blocks=168631701_89773742_2_0_0&highlighted_blocks=168631701_89773742_2_0_0&matching_block_id=168631701_89773742_2_0_0&sr_pri_blocks=168631701_89773742_2_0_0__176760&from=searchresults
EasySleep Gaudi Terrace,"Eixample, Barcelona",https://www.booking.com/hotel/es/apartamentos-valencia-347.html?label=gen173nr-1BCAEoggI46AdSAnVzWARoRogBAZgBMbgBGcgBD9gBAegBAYgCAagCA7gC-NjpvAbAAgHSAiQ4ZGVlZWVhMi1mOTI5LTRmOWQtOTk0OC0xMzU5MWFkYWNlODjYAgXgAgE&sid=f990c8e44d8a49a026ee40f8b9e3b3a2&aid=304142&ucfs=1&arphpl=1&checkin=2025-02-09&checkout=2025-02-16&dest_id=-372490&dest_type=city&group_adults=2&req_adults=2&no_rooms=1&group_children=0&req_children=0&hpos=11&hapos=443&sr_order=popularity&srpvid=91357ea171dd08a0&srepoch=1738173678&all_sr_blocks=27277503_402139076_2_0_0&highlighted_blocks=27277503_402139076_2_0_0&matching_block_id=27277503_402139076_2_0_0&sr_pri_blocks=27277503_402139076_2_0_0__133632&from=searchresults
Axel TWO Barcelona 4 Sup - Adults Only,"Eixample, Barcelona",https://www.booking.com/hotel/es/two-barcelona-by-axel.html?label=gen173nr-1BCAEoggI46AdSAnVzWARoRogBAZgBMbgBGcgBD9gBAegBAYgCAagCA7gC-NjpvAbAAgHSAiQ4ZGVlZWVhMi1mOTI5LTRmOWQtOTk0OC0xMzU5MWFkYWNlODjYAgXgAgE&sid=f990c8e44d8a49a026ee40f8b9e3b3a2&aid=304142&ucfs=1&arphpl=1&checkin=2025-02-09&checkout=2025-02-16&dest_id=-372490&dest_type=city&group_adults=2&req_adults=2&no_rooms=1&group_children=0&req_children=0&hpos=12&hapos=444&sr_order=popularity&srpvid=91357ea171dd08a0&srepoch=1738173678&all_sr_blocks=131688502_0_2_0_0&highlighted_blocks=131688502_0_2_0_0&matching_block_id=131688502_0_2_0_0&sr_pri_blocks=131688502_0_2_0_0__77150&from=searchresults
"Torre Melina, a Gran Meliá Hotel","Les Corts, Barcelona",https://www.booking.com/hotel/es/torre-melina-gran-melia-hotel.html?label=gen173nr-1BCAEoggI46AdSAnVzWARoRogBAZgBMbgBGcgBD9gBAegBAYgCAagCA7gC-NjpvAbAAgHSAiQ4ZGVlZWVhMi1mOTI5LTRmOWQtOTk0OC0xMzU5MWFkYWNlODjYAgXgAgE&sid=f990c8e44d8a49a026ee40f8b9e3b3a2&aid=304142&ucfs=1&arphpl=1&checkin=2025-02-09&checkout=2025-02-16&dest_id=-372490&dest_type=city&group_adults=2&req_adults=2&no_rooms=1&group_children=0&req_children=0&hpos=13&hapos=445&sr_order=popularity&srpvid=91357ea171dd08a0&srepoch=1738173678&all_sr_blocks=59121455_88210302_2_1_0&highlighted_blocks=59121455_88210302_2_1_0&matching_block_id=59121455_88210302_2_1_0&sr_pri_blocks=59121455_88210302_2_1_0__528550&from=searchresults
Rocafort in Eixample,"Eixample, Barcelona",https://www.booking.com/hotel/es/sweet-inn-apartments-rocafort-104.html?label=gen173nr-1BCAEoggI46AdSAnVzWARoRogBAZgBMbgBGcgBD9gBAegBAYgCAagCA7gC-NjpvAbAAgHSAiQ4ZGVlZWVhMi1mOTI5LTRmOWQtOTk0OC0xMzU5MWFkYWNlODjYAgXgAgE&sid=f990c8e44d8a49a026ee40f8b9e3b3a2&aid=304142&ucfs=1&arphpl=1&checkin=2025-02-09&checkout=2025-02-16&dest_id=-372490&dest_type=city&group_adults=2&req_adults=2&no_rooms=1&group_children=0&req_children=0&hpos=14&hapos=446&sr_order=popularity&srpvid=91357ea171dd08a0&srepoch=1738173678&all_sr_blocks=450969505_136532041_5_0_0&highlighted_blocks=450969505_136532041_5_0_0&matching_block_id=450969505_136532041_5_0_0&sr_pri_blocks=450969505_136532041_5_0_0__127296&from=searchresults
Sweett - Jardinets,"Gràcia, Barcelona",https://www.booking.com/hotel/es/sweet-inn-jardinets.html?label=gen173nr-1BCAEoggI46AdSAnVzWARoRogBAZgBMbgBGcgBD9gBAegBAYgCAagCA7gC-NjpvAbAAgHSAiQ4ZGVlZWVhMi1mOTI5LTRmOWQtOTk0OC0xMzU5MWFkYWNlODjYAgXgAgE&sid=f990c8e44d8a49a026ee40f8b9e3b3a2&aid=304142&ucfs=1&arphpl=1&checkin=2025-02-09&checkout=2025-02-16&dest_id=-372490&dest_type=city&group_adults=2&req_adults=2&no_rooms=1&group_children=0&req_children=0&hpos=15&hapos=447&sr_order=popularity&srpvid=91357ea171dd08a0&srepoch=1738173678&all_sr_blocks=862899904_354293034_0_0_0&highlighted_blocks=862899904_354293034_0_0_0&matching_block_id=862899904_354293034_0_0_0&sr_pri_blocks=862899904_354293034_0_0_0__136016&from=searchresults
Eric Vökel Boutique Apartments - Gran Vía Suites,"Eixample, Barcelona",https://www.booking.com/hotel/es/eric-vokel-gran-via-suites.html?label=gen173nr-1BCAEoggI46AdSAnVzWARoRogBAZgBMbgBGcgBD9gBAegBAYgCAagCA7gC-NjpvAbAAgHSAiQ4ZGVlZWVhMi1mOTI5LTRmOWQtOTk0OC0xMzU5MWFkYWNlODjYAgXgAgE&sid=f990c8e44d8a49a026ee40f8b9e3b3a2&aid=304142&ucfs=1&arphpl=1&checkin=2025-02-09&checkout=2025-02-16&dest_id=-372490&dest_type=city&group_adults=2&req_adults=2&no_rooms=1&group_children=0&req_children=0&hpos=16&hapos=448&sr_order=popularity&srpvid=91357ea171dd08a0&srepoch=1738173678&all_sr_blocks=29237019_88206456_2_0_0&highlighted_blocks=29237019_88206456_2_0_0&matching_block_id=29237019_88206456_2_0_0&sr_pri_blocks=29237019_88206456_2_0_0__129503&from=searchresults
Fashion House,"Eixample, Barcelona",https://www.booking.com/hotel/es/fashion-house.html?label=gen173nr-1BCAEoggI46AdSAnVzWARoRogBAZgBMbgBGcgBD9gBAegBAYgCAagCA7gC-NjpvAbAAgHSAiQ4ZGVlZWVhMi1mOTI5LTRmOWQtOTk0OC0xMzU5MWFkYWNlODjYAgXgAgE&sid=f990c8e44d8a49a026ee40f8b9e3b3a2&aid=304142&ucfs=1&arphpl=1&checkin=2025-02-09&checkout=2025-02-16&dest_id=-372490&dest_type=city&group_adults=2&req_adults=2&no_rooms=1&group_children=0&req_children=0&hpos=17&hapos=449&sr_order=popularity&srpvid=91357ea171dd08a0&srepoch=1738173678&all_sr_blocks=1201111_332685443_3_2_0&highlighted_blocks=1201111_332685443_3_2_0&matching_block_id=1201111_332685443_3_2_0&sr_pri_blocks=1201111_332685443_3_2_0__80330&from=searchresults
Flat Barcelona,"Gràcia, Barcelona",https://www.booking.com/hotel/es/flat-barcelona-barcelona.html?label=gen173nr-1BCAEoggI46AdSAnVzWARoRogBAZgBMbgBGcgBD9gBAegBAYgCAagCA7gC-NjpvAbAAgHSAiQ4ZGVlZWVhMi1mOTI5LTRmOWQtOTk0OC0xMzU5MWFkYWNlODjYAgXgAgE&sid=f990c8e44d8a49a026ee40f8b9e3b3a2&aid=304142&ucfs=1&arphpl=1&checkin=2025-02-09&checkout=2025-02-16&dest_id=-372490&dest_type=city&group_adults=2&req_adults=2&no_rooms=1&group_children=0&req_children=0&hpos=18&hapos=450&sr_order=popularity&srpvid=91357ea171dd08a0&srepoch=1738173678&all_sr_blocks=70967801_272306720_0_0_0&highlighted_blocks=70967801_272306720_0_0_0&matching_block_id=70967801_272306720_0_0_0&sr_pri_blocks=70967801_272306720_0_0_0__99932&from=searchresults
Villa Modernista,"Horta-Guinardó, Barcelona",https://www.booking.com/hotel/es/villa-modernista.html?label=gen173nr-1BCAEoggI46AdSAnVzWARoRogBAZgBMbgBGcgBD9gBAegBAYgCAagCA7gC-NjpvAbAAgHSAiQ4ZGVlZWVhMi1mOTI5LTRmOWQtOTk0OC0xMzU5MWFkYWNlODjYAgXgAgE&sid=f990c8e44d8a49a026ee40f8b9e3b3a2&aid=304142&ucfs=1&arphpl=1&checkin=2025-02-09&checkout=2025-02-16&dest_id=-372490&dest_type=city&group_adults=2&req_adults=2&no_rooms=1&group_children=0&req_children=0&hpos=19&hapos=451&sr_order=popularity&srpvid=91357ea171dd08a0&srepoch=1738173678&all_sr_blocks=168092101_196136076_7_0_0&highlighted_blocks=168092101_196136076_7_0_0&matching_block_id=168092101_196136076_7_0_0&sr_pri_blocks=168092101_196136076_7_0_0__390557&from=searchresults
Napoles · Modernist flat close to Sagrada Familia,"Eixample, Barcelona",https://www.booking.com/hotel/es/modernist-flat-close-to-the-sagrada-familia.html?label=gen173nr-1BCAEoggI46AdSAnVzWARoRogBAZgBMbgBGcgBD9gBAegBAYgCAagCA7gC-NjpvAbAAgHSAiQ4ZGVlZWVhMi1mOTI5LTRmOWQtOTk0OC0xMzU5MWFkYWNlODjYAgXgAgE&sid=f990c8e44d8a49a026ee40f8b9e3b3a2&aid=304142&ucfs=1&arphpl=1&checkin=2025-02-09&checkout=2025-02-16&dest_id=-372490&dest_type=city&group_adults=2&req_adults=2&no_rooms=1&group_children=0&req_children=0&hpos=20&hapos=452&sr_order=popularity&srpvid=91357ea171dd08a0&srepoch=1738173678&all_sr_blocks=183155702_343456192_2_0_0&highlighted_blocks=183155702_343456192_2_0_0&matching_block_id=183155702_343456192_2_0_0&sr_pri_blocks=183155702_343456192_2_0_0__126705&from=searchresults
ArtlifeBCN Urban Oasis Apartment,"Sants-Montjuïc, Barcelona",https://www.booking.com/hotel/es/holiday-home-artlifebcn.html?label=gen173nr-1BCAEoggI46AdSAnVzWARoRogBAZgBMbgBGcgBD9gBAegBAYgCAagCA7gC-NjpvAbAAgHSAiQ4ZGVlZWVhMi1mOTI5LTRmOWQtOTk0OC0xMzU5MWFkYWNlODjYAgXgAgE&sid=f990c8e44d8a49a026ee40f8b9e3b3a2&aid=304142&ucfs=1&arphpl=1&checkin=2025-02-09&checkout=2025-02-16&dest_id=-372490&dest_type=city&group_adults=2&req_adults=2&no_rooms=1&group_children=0&req_children=0&hpos=21&hapos=453&sr_order=popularity&srpvid=91357ea171dd08a0&srepoch=1738173678&all_sr_blocks=115046904_88509047_2_0_0_681145&highlighted_blocks=115046904_88509047_2_0_0_681145&matching_block_id=115046904_88509047_2_0_0_681145&sr_pri_blocks=115046904_88509047_2_0_0_681145_418687&from=searchresults
Gòtic by The 5ve Soul,"Ciutat Vella, Barcelona",https://www.booking.com/hotel/es/ramblas-gothic-quarter-apartments-by-the5vesoul-1.html?label=gen173nr-1BCAEoggI46AdSAnVzWARoRogBAZgBMbgBGcgBD9gBAegBAYgCAagCA7gC-NjpvAbAAgHSAiQ4ZGVlZWVhMi1mOTI5LTRmOWQtOTk0OC0xMzU5MWFkYWNlODjYAgXgAgE&sid=f990c8e44d8a49a026ee40f8b9e3b3a2&aid=304142&ucfs=1&arphpl=1&checkin=2025-02-09&checkout=2025-02-16&dest_id=-372490&dest_type=city&group_adults=2&req_adults=2&no_rooms=1&group_children=0&req_children=0&hpos=22&hapos=454&sr_order=popularity&srpvid=91357ea171dd08a0&srepoch=1738173678&all_sr_blocks=552546001_356078043_2_0_0&highlighted_blocks=552546001_356078043_2_0_0&matching_block_id=552546001_356078043_2_0_0&sr_pri_blocks=552546001_356078043_2_0_0__141632&from=searchresults
Barnapartments Raval,"Ciutat Vella, Barcelona",https://www.booking.com/hotel/es/barnapartments-raval.html?label=gen173nr-1BCAEoggI46AdSAnVzWARoRogBAZgBMbgBGcgBD9gBAegBAYgCAagCA7gC-NjpvAbAAgHSAiQ4ZGVlZWVhMi1mOTI5LTRmOWQtOTk0OC0xMzU5MWFkYWNlODjYAgXgAgE&sid=f990c8e44d8a49a026ee40f8b9e3b3a2&aid=304142&ucfs=1&arphpl=1&checkin=2025-02-09&checkout=2025-02-16&dest_id=-372490&dest_type=city&group_adults=2&req_adults=2&no_rooms=1&group_children=0&req_children=0&hpos=1&hapos=455&sr_order=popularity&srpvid=91357ea171dd08a0&srepoch=1738173680&all_sr_blocks=950167401_391032285_2_0_0&highlighted_blocks=950167401_391032285_2_0_0&matching_block_id=950167401_391032285_2_0_0&sr_pri_blocks=950167401_391032285_2_0_0__104551&from=searchresults
Práctico estudio en Paseo de Gracia,"Eixample, Barcelona",https://www.booking.com/hotel/es/practico-estudio-en-paseo-de-gracia.html?label=gen173nr-1BCAEoggI46AdSAnVzWARoRogBAZgBMbgBGcgBD9gBAegBAYgCAagCA7gC-NjpvAbAAgHSAiQ4ZGVlZWVhMi1mOTI5LTRmOWQtOTk0OC0xMzU5MWFkYWNlODjYAgXgAgE&sid=f990c8e44d8a49a026ee40f8b9e3b3a2&aid=304142&ucfs=1&arphpl=1&checkin=2025-02-09&checkout=2025-02-16&dest_id=-372490&dest_type=city&group_adults=2&req_adults=2&no_rooms=1&group_children=0&req_children=0&hpos=2&hapos=456&sr_order=popularity&srpvid=91357ea171dd08a0&srepoch=1738173680&all_sr_blocks=1244045501_396370628_2_0_0&highlighted_blocks=1244045501_396370628_2_0_0&matching_block_id=1244045501_396370628_2_0_0&sr_pri_blocks=1244045501_396370628_2_0_0__107123&from=searchresults
H10 Metropolitan 4* Sup,"Eixample, Barcelona",https://www.booking.com/hotel/es/h10-metropolitan.html?label=gen173nr-1BCAEoggI46AdSAnVzWARoRogBAZgBMbgBGcgBD9gBAegBAYgCAagCA7gC-NjpvAbAAgHSAiQ4ZGVlZWVhMi1mOTI5LTRmOWQtOTk0OC0xMzU5MWFkYWNlODjYAgXgAgE&sid=f990c8e44d8a49a026ee40f8b9e3b3a2&aid=304142&ucfs=1&arphpl=1&checkin=2025-02-09&checkout=2025-02-16&dest_id=-372490&dest_type=city&group_adults=2&req_adults=2&no_rooms=1&group_children=0&req_children=0&hpos=3&hapos=457&sr_order=popularity&srpvid=91357ea171dd08a0&srepoch=1738173680&all_sr_blocks=110654904_91476659_0_2_0_57291&highlighted_blocks=110654904_91476659_0_2_0_57291&matching_block_id=110654904_91476659_0_2_0_57291&sr_pri_blocks=110654904_91476659_0_2_0_57291_159014&from_sustainable_property_sr=1&from=searchresults
MotorYacht 21 avec équipage,"Ciutat Vella, Barcelona",https://www.booking.com/hotel/es/motoryacht-21-avec-equipage.html?label=gen173nr-1BCAEoggI46AdSAnVzWARoRogBAZgBMbgBGcgBD9gBAegBAYgCAagCA7gC-NjpvAbAAgHSAiQ4ZGVlZWVhMi1mOTI5LTRmOWQtOTk0OC0xMzU5MWFkYWNlODjYAgXgAgE&sid=f990c8e44d8a49a026ee40f8b9e3b3a2&aid=304142&ucfs=1&arphpl=1&checkin=2025-02-09&checkout=2025-02-16&dest_id=-372490&dest_type=city&group_adults=2&req_adults=2&no_rooms=1&group_children=0&req_children=0&hpos=4&hapos=458&sr_order=popularity&srpvid=91357ea171dd08a0&srepoch=1738173680&all_sr_blocks=1068761401_379369214_2_1_0&highlighted_blocks=1068761401_379369214_2_1_0&matching_block_id=1068761401_379369214_2_1_0&sr_pri_blocks=1068761401_379369214_2_1_0__500146&from=searchresults
Cosmo Suite Penthouse,"Sants-Montjuïc, Barcelona",https://www.booking.com/hotel/es/cosmo-suite-penthouse.html?label=gen173nr-1BCAEoggI46AdSAnVzWARoRogBAZgBMbgBGcgBD9gBAegBAYgCAagCA7gC-NjpvAbAAgHSAiQ4ZGVlZWVhMi1mOTI5LTRmOWQtOTk0OC0xMzU5MWFkYWNlODjYAgXgAgE&sid=f990c8e44d8a49a026ee40f8b9e3b3a2&aid=304142&ucfs=1&arphpl=1&checkin=2025-02-09&checkout=2025-02-16&dest_id=-372490&dest_type=city&group_adults=2&req_adults=2&no_rooms=1&group_children=0&req_children=0&hpos=5&hapos=459&sr_order=popularity&srpvid=91357ea171dd08a0&srepoch=1738173680&all_sr_blocks=378975901_120673721_6_0_0_694958&highlighted_blocks=378975901_120673721_6_0_0_694958&matching_block_id=378975901_120673721_6_0_0_694958&sr_pri_blocks=378975901_120673721_6_0_0_694958_3033632&from=searchresults
Lodging Apartments Almirall Beach 31,"Ciutat Vella, Barcelona",https://www.booking.com/hotel/es/lodging-apartments-almirall-beach-31.html?label=gen173nr-1BCAEoggI46AdSAnVzWARoRogBAZgBMbgBGcgBD9gBAegBAYgCAagCA7gC-NjpvAbAAgHSAiQ4ZGVlZWVhMi1mOTI5LTRmOWQtOTk0OC0xMzU5MWFkYWNlODjYAgXgAgE&sid=f990c8e44d8a49a026ee40f8b9e3b3a2&aid=304142&ucfs=1&arphpl=1&checkin=2025-02-09&checkout=2025-02-16&dest_id=-372490&dest_type=city&group_adults=2&req_adults=2&no_rooms=1&group_children=0&req_children=0&hpos=6&hapos=460&sr_order=popularity&srpvid=91357ea171dd08a0&srepoch=1738173680&all_sr_blocks=1227415001_394774147_2_0_0&highlighted_blocks=1227415001_394774147_2_0_0&matching_block_id=1227415001_394774147_2_0_0&sr_pri_blocks=1227415001_394774147_2_0_0__136540&from=searchresults
Bonito apartamento con terraza,"Eixample, Barcelona",https://www.booking.com/hotel/es/bonito-apartamento-con-terraza-barcelona1.html?label=gen173nr-1BCAEoggI46AdSAnVzWARoRogBAZgBMbgBGcgBD9gBAegBAYgCAagCA7gC-NjpvAbAAgHSAiQ4ZGVlZWVhMi1mOTI5LTRmOWQtOTk0OC0xMzU5MWFkYWNlODjYAgXgAgE&sid=f990c8e44d8a49a026ee40f8b9e3b3a2&aid=304142&ucfs=1&arphpl=1&checkin=2025-02-09&checkout=2025-02-16&dest_id=-372490&dest_type=city&group_adults=2&req_adults=2&no_rooms=1&group_children=0&req_children=0&hpos=1&hapos=461&sr_order=popularity&srpvid=91357ea171dd08a0&srepoch=1738173683&all_sr_blocks=1250533101_397543385_4_0_0&highlighted_blocks=1250533101_397543385_4_0_0&matching_block_id=1250533101_397543385_4_0_0&sr_pri_blocks=1250533101_397543385_4_0_0__92626&from=searchresults
Bonavista Apartments - Virreina,"Gràcia, Barcelona",https://www.booking.com/hotel/es/bonavista-apartments-barcelona-virreina.html?label=gen173nr-1BCAEoggI46AdSAnVzWARoRogBAZgBMbgBGcgBD9gBAegBAYgCAagCA7gC-NjpvAbAAgHSAiQ4ZGVlZWVhMi1mOTI5LTRmOWQtOTk0OC0xMzU5MWFkYWNlODjYAgXgAgE&sid=f990c8e44d8a49a026ee40f8b9e3b3a2&aid=304142&ucfs=1&arphpl=1&checkin=2025-02-09&checkout=2025-02-16&dest_id=-372490&dest_type=city&group_adults=2&req_adults=2&no_rooms=1&group_children=0&req_children=0&hpos=2&hapos=462&sr_order=popularity&srpvid=91357ea171dd08a0&srepoch=1738173683&all_sr_blocks=32167404_366110507_4_0_0&highlighted_blocks=32167404_366110507_4_0_0&matching_block_id=32167404_366110507_4_0_0&sr_pri_blocks=32167404_366110507_4_0_0__122932&from=searchresults
Sweett - Plaza Espana Fira,"Eixample, Barcelona",https://www.booking.com/hotel/es/sweet-inn-apartments-plaza-espana-fira.html?label=gen173nr-1BCAEoggI46AdSAnVzWARoRogBAZgBMbgBGcgBD9gBAegBAYgCAagCA7gC-NjpvAbAAgHSAiQ4ZGVlZWVhMi1mOTI5LTRmOWQtOTk0OC0xMzU5MWFkYWNlODjYAgXgAgE&sid=f990c8e44d8a49a026ee40f8b9e3b3a2&aid=304142&ucfs=1&arphpl=1&checkin=2025-02-09&checkout=2025-02-16&dest_id=-372490&dest_type=city&group_adults=2&req_adults=2&no_rooms=1&group_children=0&req_children=0&hpos=3&hapos=463&sr_order=popularity&srpvid=91357ea171dd08a0&srepoch=1738173683&all_sr_blocks=283691501_107666082_5_0_0&highlighted_blocks=283691501_107666082_5_0_0&matching_block_id=283691501_107666082_5_0_0&sr_pri_blocks=283691501_107666082_5_0_0__125140&from=searchresults
23PTBG1090 - Beautiful 2BR Apartment near Sants,"Sants-Montjuïc, Barcelona",https://www.booking.com/hotel/es/23ptbg1090-beautiful-2br-apartment-near-sants.html?label=gen173nr-1BCAEoggI46AdSAnVzWARoRogBAZgBMbgBGcgBD9gBAegBAYgCAagCA7gC-NjpvAbAAgHSAiQ4ZGVlZWVhMi1mOTI5LTRmOWQtOTk0OC0xMzU5MWFkYWNlODjYAgXgAgE&sid=f990c8e44d8a49a026ee40f8b9e3b3a2&aid=304142&ucfs=1&arphpl=1&checkin=2025-02-09&checkout=2025-02-16&dest_id=-372490&dest_type=city&group_adults=2&req_adults=2&no_rooms=1&group_children=0&req_children=0&hpos=4&hapos=464&sr_order=popularity&srpvid=91357ea171dd08a0&srepoch=1738173683&all_sr_blocks=1205310002_392748123_2_0_0&highlighted_blocks=1205310002_392748123_2_0_0&matching_block_id=1205310002_392748123_2_0_0&sr_pri_blocks=1205310002_392748123_2_0_0__87375&from=searchresults
Numa I Colmena Apartments,"Sarrià-St. Gervasi, Barcelona",https://www.booking.com/hotel/es/numa-i-colmena-apartments.html?label=gen173nr-1BCAEoggI46AdSAnVzWARoRogBAZgBMbgBGcgBD9gBAegBAYgCAagCA7gC-NjpvAbAAgHSAiQ4ZGVlZWVhMi1mOTI5LTRmOWQtOTk0OC0xMzU5MWFkYWNlODjYAgXgAgE&sid=f990c8e44d8a49a026ee40f8b9e3b3a2&aid=304142&ucfs=1&arphpl=1&checkin=2025-02-09&checkout=2025-02-16&dest_id=-372490&dest_type=city&group_adults=2&req_adults=2&no_rooms=1&group_children=0&req_children=0&hpos=5&hapos=465&sr_order=popularity&srpvid=91357ea171dd08a0&srepoch=1738173683&all_sr_blocks=983103301_370753472_2_2_0&highlighted_blocks=983103301_370753472_2_2_0&matching_block_id=983103301_370753472_2_2_0&sr_pri_blocks=983103301_370753472_2_2_0__132100&from=searchresults
1690 - AB Eixample Rosselló,"Eixample, Barcelona",https://www.booking.com/hotel/es/1690-ab-eixample-rossello.html?label=gen173nr-1BCAEoggI46AdSAnVzWARoRogBAZgBMbgBGcgBD9gBAegBAYgCAagCA7gC-NjpvAbAAgHSAiQ4ZGVlZWVhMi1mOTI5LTRmOWQtOTk0OC0xMzU5MWFkYWNlODjYAgXgAgE&sid=f990c8e44d8a49a026ee40f8b9e3b3a2&aid=304142&ucfs=1&arphpl=1&checkin=2025-02-09&checkout=2025-02-16&dest_id=-372490&dest_type=city&group_adults=2&req_adults=2&no_rooms=1&group_children=0&req_children=0&hpos=6&hapos=466&sr_order=popularity&srpvid=91357ea171dd08a0&srepoch=1738173683&all_sr_blocks=1097555302_388026049_4_0_0&highlighted_blocks=1097555302_388026049_4_0_0&matching_block_id=1097555302_388026049_4_0_0&sr_pri_blocks=1097555302_388026049_4_0_0__107452&from=searchresults
Palau de la música 10,"Ciutat Vella, Barcelona",https://www.booking.com/hotel/es/palau-de-la-musica-10.html?label=gen173nr-1BCAEoggI46AdSAnVzWARoRogBAZgBMbgBGcgBD9gBAegBAYgCAagCA7gC-NjpvAbAAgHSAiQ4ZGVlZWVhMi1mOTI5LTRmOWQtOTk0OC0xMzU5MWFkYWNlODjYAgXgAgE&sid=f990c8e44d8a49a026ee40f8b9e3b3a2&aid=304142&ucfs=1&arphpl=1&checkin=2025-02-09&checkout=2025-02-16&dest_id=-372490&dest_type=city&group_adults=2&req_adults=2&no_rooms=1&group_children=0&req_children=0&hpos=7&hapos=467&sr_order=popularity&srpvid=91357ea171dd08a0&srepoch=1738173683&all_sr_blocks=1245207401_396672110_4_0_0&highlighted_blocks=1245207401_396672110_4_0_0&matching_block_id=1245207401_396672110_4_0_0&sr_pri_blocks=1245207401_396672110_4_0_0__123932&from=searchresults
Aparthotel Atenea Barcelona,"Les Corts, Barcelona",https://www.booking.com/hotel/es/aparthotel-atenea.html?label=gen173nr-1BCAEoggI46AdSAnVzWARoRogBAZgBMbgBGcgBD9gBAegBAYgCAagCA7gC-NjpvAbAAgHSAiQ4ZGVlZWVhMi1mOTI5LTRmOWQtOTk0OC0xMzU5MWFkYWNlODjYAgXgAgE&sid=f990c8e44d8a49a026ee40f8b9e3b3a2&aid=304142&ucfs=1&arphpl=1&checkin=2025-02-09&checkout=2025-02-16&dest_id=-372490&dest_type=city&group_adults=2&req_adults=2&no_rooms=1&group_children=0&req_children=0&hpos=8&hapos=468&sr_order=popularity&srpvid=91357ea171dd08a0&srepoch=1738173683&all_sr_blocks=9196217_88192073_0_34_0&highlighted_blocks=9196217_88192073_0_34_0&matching_block_id=9196217_88192073_0_34_0&sr_pri_blocks=9196217_88192073_0_34_0__109128&from=searchresults
La Maison de Barcelone,"Eixample, Barcelona",https://www.booking.com/hotel/es/suites-bcn-rambla.html?label=gen173nr-1BCAEoggI46AdSAnVzWARoRogBAZgBMbgBGcgBD9gBAegBAYgCAagCA7gC-NjpvAbAAgHSAiQ4ZGVlZWVhMi1mOTI5LTRmOWQtOTk0OC0xMzU5MWFkYWNlODjYAgXgAgE&sid=f990c8e44d8a49a026ee40f8b9e3b3a2&aid=304142&ucfs=1&arphpl=1&checkin=2025-02-09&checkout=2025-02-16&dest_id=-372490&dest_type=city&group_adults=2&req_adults=2&no_rooms=1&group_children=0&req_children=0&hpos=9&hapos=469&sr_order=popularity&srpvid=91357ea171dd08a0&srepoch=1738173683&all_sr_blocks=770543301_334897622_0_0_0&highlighted_blocks=770543301_334897622_0_0_0&matching_block_id=770543301_334897622_0_0_0&sr_pri_blocks=770543301_334897622_0_0_0__117900&from=searchresults
Numa l Roca Rooms & Apartments,"Eixample, Barcelona",https://www.booking.com/hotel/es/retrome-barcelona.html?label=gen173nr-1BCAEoggI46AdSAnVzWARoRogBAZgBMbgBGcgBD9gBAegBAYgCAagCA7gC-NjpvAbAAgHSAiQ4ZGVlZWVhMi1mOTI5LTRmOWQtOTk0OC0xMzU5MWFkYWNlODjYAgXgAgE&sid=f990c8e44d8a49a026ee40f8b9e3b3a2&aid=304142&ucfs=1&arphpl=1&checkin=2025-02-09&checkout=2025-02-16&dest_id=-372490&dest_type=city&group_adults=2&req_adults=2&no_rooms=1&group_children=0&req_children=0&hpos=10&hapos=470&sr_order=popularity&srpvid=91357ea171dd08a0&srepoch=1738173683&all_sr_blocks=40853101_91927044_2_2_0_700756&highlighted_blocks=40853101_91927044_2_2_0_700756&matching_block_id=40853101_91927044_2_2_0_700756&sr_pri_blocks=40853101_91927044_2_2_0_700756_101460&from=searchresults
Palau de la música 12,"Ciutat Vella, Barcelona",https://www.booking.com/hotel/es/palau-de-la-musica-12.html?label=gen173nr-1BCAEoggI46AdSAnVzWARoRogBAZgBMbgBGcgBD9gBAegBAYgCAagCA7gC-NjpvAbAAgHSAiQ4ZGVlZWVhMi1mOTI5LTRmOWQtOTk0OC0xMzU5MWFkYWNlODjYAgXgAgE&sid=f990c8e44d8a49a026ee40f8b9e3b3a2&aid=304142&ucfs=1&arphpl=1&checkin=2025-02-09&checkout=2025-02-16&dest_id=-372490&dest_type=city&group_adults=2&req_adults=2&no_rooms=1&group_children=0&req_children=0&hpos=11&hapos=471&sr_order=popularity&srpvid=91357ea171dd08a0&srepoch=1738173683&all_sr_blocks=1245225701_396672379_2_0_0&highlighted_blocks=1245225701_396672379_2_0_0&matching_block_id=1245225701_396672379_2_0_0&sr_pri_blocks=1245225701_396672379_2_0_0__109682&from=searchresults
Private rooms on Tamarit street,"Eixample, Barcelona",https://www.booking.com/hotel/es/private-rooms-on-tamarit-street.html?label=gen173nr-1BCAEoggI46AdSAnVzWARoRogBAZgBMbgBGcgBD9gBAegBAYgCAagCA7gC-NjpvAbAAgHSAiQ4ZGVlZWVhMi1mOTI5LTRmOWQtOTk0OC0xMzU5MWFkYWNlODjYAgXgAgE&sid=f990c8e44d8a49a026ee40f8b9e3b3a2&aid=304142&ucfs=1&arphpl=1&checkin=2025-02-09&checkout=2025-02-16&dest_id=-372490&dest_type=city&group_adults=2&req_adults=2&no_rooms=1&group_children=0&req_children=0&hpos=12&hapos=472&sr_order=popularity&srpvid=91357ea171dd08a0&srepoch=1738173683&all_sr_blocks=1253553802_405074734_2_0_0&highlighted_blocks=1253553802_405074734_2_0_0&matching_block_id=1253553802_405074734_2_0_0&sr_pri_blocks=1253553802_405074734_2_0_0__54705&from=searchresults
Modern and Trendy Duplex next to Paseo de Gracia,"Gràcia, Barcelona",https://www.booking.com/hotel/es/modern-and-trendy-duplex-next-to-paseo-de-gracia.html?label=gen173nr-1BCAEoggI46AdSAnVzWARoRogBAZgBMbgBGcgBD9gBAegBAYgCAagCA7gC-NjpvAbAAgHSAiQ4ZGVlZWVhMi1mOTI5LTRmOWQtOTk0OC0xMzU5MWFkYWNlODjYAgXgAgE&sid=f990c8e44d8a49a026ee40f8b9e3b3a2&aid=304142&ucfs=1&arphpl=1&checkin=2025-02-09&checkout=2025-02-16&dest_id=-372490&dest_type=city&group_adults=2&req_adults=2&no_rooms=1&group_children=0&req_children=0&hpos=13&hapos=473&sr_order=popularity&srpvid=91357ea171dd08a0&srepoch=1738173683&all_sr_blocks=333611801_369771574_3_0_0&highlighted_blocks=333611801_369771574_3_0_0&matching_block_id=333611801_369771574_3_0_0&sr_pri_blocks=333611801_369771574_3_0_0__124512&from=searchresults
Hostal Dragonflybcn,"Ciutat Vella, Barcelona",https://www.booking.com/hotel/es/hostal-bresus.html?label=gen173nr-1BCAEoggI46AdSAnVzWARoRogBAZgBMbgBGcgBD9gBAegBAYgCAagCA7gC-NjpvAbAAgHSAiQ4ZGVlZWVhMi1mOTI5LTRmOWQtOTk0OC0xMzU5MWFkYWNlODjYAgXgAgE&sid=f990c8e44d8a49a026ee40f8b9e3b3a2&aid=304142&ucfs=1&arphpl=1&checkin=2025-02-09&checkout=2025-02-16&dest_id=-372490&dest_type=city&group_adults=2&req_adults=2&no_rooms=1&group_children=0&req_children=0&hpos=14&hapos=474&sr_order=popularity&srpvid=91357ea171dd08a0&srepoch=1738173683&all_sr_blocks=69035006_354300694_0_0_0&highlighted_blocks=69035006_354300694_0_0_0&matching_block_id=69035006_354300694_0_0_0&sr_pri_blocks=69035006_354300694_0_0_0__77000&from_sustainable_property_sr=1&from=searchresults
Best Western Plus Hotel Alfa Aeropuerto,"Sants-Montjuïc, Barcelona",https://www.booking.com/hotel/es/alfaaeropuerto.html?label=gen173nr-1BCAEoggI46AdSAnVzWARoRogBAZgBMbgBGcgBD9gBAegBAYgCAagCA7gC-NjpvAbAAgHSAiQ4ZGVlZWVhMi1mOTI5LTRmOWQtOTk0OC0xMzU5MWFkYWNlODjYAgXgAgE&sid=f990c8e44d8a49a026ee40f8b9e3b3a2&aid=304142&ucfs=1&arphpl=1&checkin=2025-02-09&checkout=2025-02-16&dest_id=-372490&dest_type=city&group_adults=2&req_adults=2&no_rooms=1&group_children=0&req_children=0&hpos=15&hapos=475&sr_order=popularity&srpvid=91357ea171dd08a0&srepoch=1738173683&all_sr_blocks=9111925_0_2_0_0&highlighted_blocks=9111925_0_2_0_0&matching_block_id=9111925_0_2_0_0&sr_pri_blocks=9111925_0_2_0_0__73459&from_sustainable_property_sr=1&from=searchresults
Alos Apartments Paseo de Gracia-Diagonal,"Gràcia, Barcelona",https://www.booking.com/hotel/es/alos-gestion-inmobiliaria-sl.html?label=gen173nr-1BCAEoggI46AdSAnVzWARoRogBAZgBMbgBGcgBD9gBAegBAYgCAagCA7gC-NjpvAbAAgHSAiQ4ZGVlZWVhMi1mOTI5LTRmOWQtOTk0OC0xMzU5MWFkYWNlODjYAgXgAgE&sid=f990c8e44d8a49a026ee40f8b9e3b3a2&aid=304142&ucfs=1&arphpl=1&checkin=2025-02-09&checkout=2025-02-16&dest_id=-372490&dest_type=city&group_adults=2&req_adults=2&no_rooms=1&group_children=0&req_children=0&hpos=16&hapos=476&sr_order=popularity&srpvid=91357ea171dd08a0&srepoch=1738173683&all_sr_blocks=55436805_385060822_2_0_0&highlighted_blocks=55436805_385060822_2_0_0&matching_block_id=55436805_385060822_2_0_0&sr_pri_blocks=55436805_385060822_2_0_0__118702&from=searchresults
Hg City Suites Barcelona Apartments,"Sarrià-St. Gervasi, Barcelona",https://www.booking.com/hotel/es/hg-city-suites-barcelona-apartments.html?label=gen173nr-1BCAEoggI46AdSAnVzWARoRogBAZgBMbgBGcgBD9gBAegBAYgCAagCA7gC-NjpvAbAAgHSAiQ4ZGVlZWVhMi1mOTI5LTRmOWQtOTk0OC0xMzU5MWFkYWNlODjYAgXgAgE&sid=f990c8e44d8a49a026ee40f8b9e3b3a2&aid=304142&ucfs=1&arphpl=1&checkin=2025-02-09&checkout=2025-02-16&dest_id=-372490&dest_type=city&group_adults=2&req_adults=2&no_rooms=1&group_children=0&req_children=0&hpos=17&hapos=477&sr_order=popularity&srpvid=91357ea171dd08a0&srepoch=1738173683&all_sr_blocks=362228605_118811655_0_0_0&highlighted_blocks=362228605_118811655_0_0_0&matching_block_id=362228605_118811655_0_0_0&sr_pri_blocks=362228605_118811655_0_0_0__97732&from=searchresults
El Born Guest House by Casa Consell,"Ciutat Vella, Barcelona",https://www.booking.com/hotel/es/el-born-guesthouse-by-casacounsell.html?label=gen173nr-1BCAEoggI46AdSAnVzWARoRogBAZgBMbgBGcgBD9gBAegBAYgCAagCA7gC-NjpvAbAAgHSAiQ4ZGVlZWVhMi1mOTI5LTRmOWQtOTk0OC0xMzU5MWFkYWNlODjYAgXgAgE&sid=f990c8e44d8a49a026ee40f8b9e3b3a2&aid=304142&ucfs=1&arphpl=1&checkin=2025-02-09&checkout=2025-02-16&dest_id=-372490&dest_type=city&group_adults=2&req_adults=2&no_rooms=1&group_children=0&req_children=0&hpos=18&hapos=478&sr_order=popularity&srpvid=91357ea171dd08a0&srepoch=1738173683&all_sr_blocks=68885607_120518888_2_0_0&highlighted_blocks=68885607_120518888_2_0_0&matching_block_id=68885607_120518888_2_0_0&sr_pri_blocks=68885607_120518888_2_0_0__111886&from=searchresults
Stay U-nique Apartment Putxet II,"Sarrià-St. Gervasi, Barcelona",https://www.booking.com/hotel/es/modern-and-bright-apartment-in-barcelona.html?label=gen173nr-1BCAEoggI46AdSAnVzWARoRogBAZgBMbgBGcgBD9gBAegBAYgCAagCA7gC-NjpvAbAAgHSAiQ4ZGVlZWVhMi1mOTI5LTRmOWQtOTk0OC0xMzU5MWFkYWNlODjYAgXgAgE&sid=f990c8e44d8a49a026ee40f8b9e3b3a2&aid=304142&ucfs=1&arphpl=1&checkin=2025-02-09&checkout=2025-02-16&dest_id=-372490&dest_type=city&group_adults=2&req_adults=2&no_rooms=1&group_children=0&req_children=0&hpos=19&hapos=479&sr_order=popularity&srpvid=91357ea171dd08a0&srepoch=1738173683&all_sr_blocks=1236072302_395582422_4_0_0&highlighted_blocks=1236072302_395582422_4_0_0&matching_block_id=1236072302_395582422_4_0_0&sr_pri_blocks=1236072302_395582422_4_0_0__103770&from=searchresults
H10 Cubik 4* Sup,"Ciutat Vella, Barcelona",https://www.booking.com/hotel/es/h10-cubik.html?label=gen173nr-1BCAEoggI46AdSAnVzWARoRogBAZgBMbgBGcgBD9gBAegBAYgCAagCA7gC-NjpvAbAAgHSAiQ4ZGVlZWVhMi1mOTI5LTRmOWQtOTk0OC0xMzU5MWFkYWNlODjYAgXgAgE&sid=f990c8e44d8a49a026ee40f8b9e3b3a2&aid=304142&ucfs=1&arphpl=1&checkin=2025-02-09&checkout=2025-02-16&dest_id=-372490&dest_type=city&group_adults=2&req_adults=2&no_rooms=1&group_children=0&req_children=0&hpos=20&hapos=480&sr_order=popularity&srpvid=91357ea171dd08a0&srepoch=1738173683&all_sr_blocks=151256702_220861929_2_2_0_234152&highlighted_blocks=151256702_220861929_2_2_0_234152&matching_block_id=151256702_220861929_2_2_0_234152&sr_pri_blocks=151256702_220861929_2_2_0_234152_175778&from_sustainable_property_sr=1&from=searchresults
Palau de la música 4,"Ciutat Vella, Barcelona",https://www.booking.com/hotel/es/palau-de-la-musica-4.html?label=gen173nr-1BCAEoggI46AdSAnVzWARoRogBAZgBMbgBGcgBD9gBAegBAYgCAagCA7gC-NjpvAbAAgHSAiQ4ZGVlZWVhMi1mOTI5LTRmOWQtOTk0OC0xMzU5MWFkYWNlODjYAgXgAgE&sid=f990c8e44d8a49a026ee40f8b9e3b3a2&aid=304142&ucfs=1&arphpl=1&checkin=2025-02-09&checkout=2025-02-16&dest_id=-372490&dest_type=city&group_adults=2&req_adults=2&no_rooms=1&group_children=0&req_children=0&hpos=21&hapos=481&sr_order=popularity&srpvid=91357ea171dd08a0&srepoch=1738173683&all_sr_blocks=1240843401_396016214_2_0_0&highlighted_blocks=1240843401_396016214_2_0_0&matching_block_id=1240843401_396016214_2_0_0&sr_pri_blocks=1240843401_396016214_2_0_0__109682&from=searchresults
Barrio Gotico Apartments Escudellers,"Ciutat Vella, Barcelona",https://www.booking.com/hotel/es/barrio-gotico-apartments-escudellers.html?label=gen173nr-1BCAEoggI46AdSAnVzWARoRogBAZgBMbgBGcgBD9gBAegBAYgCAagCA7gC-NjpvAbAAgHSAiQ4ZGVlZWVhMi1mOTI5LTRmOWQtOTk0OC0xMzU5MWFkYWNlODjYAgXgAgE&sid=f990c8e44d8a49a026ee40f8b9e3b3a2&aid=304142&ucfs=1&arphpl=1&checkin=2025-02-09&checkout=2025-02-16&dest_id=-372490&dest_type=city&group_adults=2&req_adults=2&no_rooms=1&group_children=0&req_children=0&hpos=22&hapos=482&sr_order=popularity&srpvid=91357ea171dd08a0&srepoch=1738173683&all_sr_blocks=823268601_346640300_2_0_0&highlighted_blocks=823268601_346640300_2_0_0&matching_block_id=823268601_346640300_2_0_0&sr_pri_blocks=823268601_346640300_2_0_0__204932&from=searchresults
Sagrada Familia- Excelente Ubicación,"Eixample, Barcelona",https://www.booking.com/hotel/es/sagrada-familia-excelente-ubicacion.html?label=gen173nr-1BCAEoggI46AdSAnVzWARoRogBAZgBMbgBGcgBD9gBAegBAYgCAagCA7gC-NjpvAbAAgHSAiQ4ZGVlZWVhMi1mOTI5LTRmOWQtOTk0OC0xMzU5MWFkYWNlODjYAgXgAgE&sid=f990c8e44d8a49a026ee40f8b9e3b3a2&aid=304142&ucfs=1&arphpl=1&checkin=2025-02-09&checkout=2025-02-16&dest_id=-372490&dest_type=city&group_adults=2&req_adults=2&no_rooms=1&group_children=0&req_children=0&hpos=23&hapos=483&sr_order=popularity&srpvid=91357ea171dd08a0&srepoch=1738173683&all_sr_blocks=840996001_350796860_0_0_0&highlighted_blocks=840996001_350796860_0_0_0&matching_block_id=840996001_350796860_0_0_0&sr_pri_blocks=840996001_350796860_0_0_0__139307&from=searchresults
Verdi 254,"Gràcia, Barcelona",https://www.booking.com/hotel/es/verdi-254.html?label=gen173nr-1BCAEoggI46AdSAnVzWARoRogBAZgBMbgBGcgBD9gBAegBAYgCAagCA7gC-NjpvAbAAgHSAiQ4ZGVlZWVhMi1mOTI5LTRmOWQtOTk0OC0xMzU5MWFkYWNlODjYAgXgAgE&sid=f990c8e44d8a49a026ee40f8b9e3b3a2&aid=304142&ucfs=1&arphpl=1&checkin=2025-02-09&checkout=2025-02-16&dest_id=-372490&dest_type=city&group_adults=2&req_adults=2&no_rooms=1&group_children=0&req_children=0&hpos=24&hapos=484&sr_order=popularity&srpvid=91357ea171dd08a0&srepoch=1738173683&all_sr_blocks=1169728501_389538321_2_1_0&highlighted_blocks=1169728501_389538321_2_1_0&matching_block_id=1169728501_389538321_2_1_0&sr_pri_blocks=1169728501_389538321_2_1_0__83435&from=searchresults
EasySleep Eixample,"Eixample, Barcelona",https://www.booking.com/hotel/es/apartamentos-sicilia-159.html?label=gen173nr-1BCAEoggI46AdSAnVzWARoRogBAZgBMbgBGcgBD9gBAegBAYgCAagCA7gC-NjpvAbAAgHSAiQ4ZGVlZWVhMi1mOTI5LTRmOWQtOTk0OC0xMzU5MWFkYWNlODjYAgXgAgE&sid=f990c8e44d8a49a026ee40f8b9e3b3a2&aid=304142&ucfs=1&arphpl=1&checkin=2025-02-09&checkout=2025-02-16&dest_id=-372490&dest_type=city&group_adults=2&req_adults=2&no_rooms=1&group_children=0&req_children=0&hpos=25&hapos=485&sr_order=popularity&srpvid=91357ea171dd08a0&srepoch=1738173683&all_sr_blocks=27275408_402140920_2_0_0&highlighted_blocks=27275408_402140920_2_0_0&matching_block_id=27275408_402140920_2_0_0&sr_pri_blocks=27275408_402140920_2_0_0__133632&from=searchresults
Palau de la música 8,"Ciutat Vella, Barcelona",https://www.booking.com/hotel/es/palau-de-la-musica-8.html?label=gen173nr-1BCAEoggI46AdSAnVzWARoRogBAZgBMbgBGcgBD9gBAegBAYgCAagCA7gC-NjpvAbAAgHSAiQ4ZGVlZWVhMi1mOTI5LTRmOWQtOTk0OC0xMzU5MWFkYWNlODjYAgXgAgE&sid=f990c8e44d8a49a026ee40f8b9e3b3a2&aid=304142&ucfs=1&arphpl=1&checkin=2025-02-09&checkout=2025-02-16&dest_id=-372490&dest_type=city&group_adults=2&req_adults=2&no_rooms=1&group_children=0&req_children=0&hpos=1&hapos=486&sr_order=popularity&srpvid=91357ea171dd08a0&srepoch=1738173685&all_sr_blocks=1244597501_396572631_2_0_0&highlighted_blocks=1244597501_396572631_2_0_0&matching_block_id=1244597501_396572631_2_0_0&sr_pri_blocks=1244597501_396572631_2_0_0__109682&from=searchresults
The MO GOTIC,"Ciutat Vella, Barcelona",https://www.booking.com/hotel/es/the-mo-house-gotic.html?label=gen173nr-1BCAEoggI46AdSAnVzWARoRogBAZgBMbgBGcgBD9gBAegBAYgCAagCA7gC-NjpvAbAAgHSAiQ4ZGVlZWVhMi1mOTI5LTRmOWQtOTk0OC0xMzU5MWFkYWNlODjYAgXgAgE&sid=f990c8e44d8a49a026ee40f8b9e3b3a2&aid=304142&ucfs=1&arphpl=1&checkin=2025-02-09&checkout=2025-02-16&dest_id=-372490&dest_type=city&group_adults=2&req_adults=2&no_rooms=1&group_children=0&req_children=0&hpos=2&hapos=487&sr_order=popularity&srpvid=91357ea171dd08a0&srepoch=1738173685&all_sr_blocks=889657302_359000548_2_0_0&highlighted_blocks=889657302_359000548_2_0_0&matching_block_id=889657302_359000548_2_0_0&sr_pri_blocks=889657302_359000548_2_0_0__73702&from=searchresults
St Christopher's Inn Barcelona,"Eixample, Barcelona",https://www.booking.com/hotel/es/st-christopher-s-inn-barcelona1.html?label=gen173nr-1BCAEoggI46AdSAnVzWARoRogBAZgBMbgBGcgBD9gBAegBAYgCAagCA7gC-NjpvAbAAgHSAiQ4ZGVlZWVhMi1mOTI5LTRmOWQtOTk0OC0xMzU5MWFkYWNlODjYAgXgAgE&sid=f990c8e44d8a49a026ee40f8b9e3b3a2&aid=304142&ucfs=1&arphpl=1&checkin=2025-02-09&checkout=2025-02-16&dest_id=-372490&dest_type=city&group_adults=2&req_adults=2&no_rooms=1&group_children=0&req_children=0&hpos=3&hapos=488&sr_order=popularity&srpvid=91357ea171dd08a0&srepoch=1738173685&all_sr_blocks=46536714_88209685_8_2_0&highlighted_blocks=46536714_88209685_8_2_0&matching_block_id=46536714_88209685_8_2_0&sr_pri_blocks=46536714_88209685_8_2_0__126141&from=searchresults
The Haus Sagrada Familia,"Gràcia, Barcelona",https://www.booking.com/hotel/es/the-haus-sagrada-familia.html?label=gen173nr-1BCAEoggI46AdSAnVzWARoRogBAZgBMbgBGcgBD9gBAegBAYgCAagCA7gC-NjpvAbAAgHSAiQ4ZGVlZWVhMi1mOTI5LTRmOWQtOTk0OC0xMzU5MWFkYWNlODjYAgXgAgE&sid=f990c8e44d8a49a026ee40f8b9e3b3a2&aid=304142&ucfs=1&arphpl=1&checkin=2025-02-09&checkout=2025-02-16&dest_id=-372490&dest_type=city&group_adults=2&req_adults=2&no_rooms=1&group_children=0&req_children=0&hpos=4&hapos=489&sr_order=popularity&srpvid=91357ea171dd08a0&srepoch=1738173685&all_sr_blocks=1235708401_396212790_5_0_0&highlighted_blocks=1235708401_396212790_5_0_0&matching_block_id=1235708401_396212790_5_0_0&sr_pri_blocks=1235708401_396212790_5_0_0__170156&from=searchresults
BcnSportHostels,"Gràcia, Barcelona",https://www.booking.com/hotel/es/bcnsporthostels.html?label=gen173nr-1BCAEoggI46AdSAnVzWARoRogBAZgBMbgBGcgBD9gBAegBAYgCAagCA7gC-NjpvAbAAgHSAiQ4ZGVlZWVhMi1mOTI5LTRmOWQtOTk0OC0xMzU5MWFkYWNlODjYAgXgAgE&sid=f990c8e44d8a49a026ee40f8b9e3b3a2&aid=304142&ucfs=1&arphpl=1&checkin=2025-02-09&checkout=2025-02-16&dest_id=-372490&dest_type=city&group_adults=2&req_adults=2&no_rooms=1&group_children=0&req_children=0&hpos=5&hapos=490&sr_order=popularity&srpvid=91357ea171dd08a0&srepoch=1738173685&all_sr_blocks=91108111_91942386_0_0_0&highlighted_blocks=91108111_91942386_0_0_0&matching_block_id=91108111_91942386_0_0_0&sr_pri_blocks=91108111_91942386_0_0_0__76015&from=searchresults
Royal Ramblas,"Ciutat Vella, Barcelona",https://www.booking.com/hotel/es/royal.html?label=gen173nr-1BCAEoggI46AdSAnVzWARoRogBAZgBMbgBGcgBD9gBAegBAYgCAagCA7gC-NjpvAbAAgHSAiQ4ZGVlZWVhMi1mOTI5LTRmOWQtOTk0OC0xMzU5MWFkYWNlODjYAgXgAgE&sid=f990c8e44d8a49a026ee40f8b9e3b3a2&aid=304142&ucfs=1&arphpl=1&checkin=2025-02-09&checkout=2025-02-16&dest_id=-372490&dest_type=city&group_adults=2&req_adults=2&no_rooms=1&group_children=0&req_children=0&hpos=6&hapos=491&sr_order=popularity&srpvid=91357ea171dd08a0&srepoch=1738173685&all_sr_blocks=9022806_0_2_0_0&highlighted_blocks=9022806_0_2_0_0&matching_block_id=9022806_0_2_0_0&sr_pri_blocks=9022806_0_2_0_0__133616&from_sustainable_property_sr=1&from=searchresults
You Stylish Sagrada Familia Apartments,"Eixample, Barcelona",https://www.booking.com/hotel/es/sagrada-familia-1-nice-bright-amp-quiet-apartment.html?label=gen173nr-1BCAEoggI46AdSAnVzWARoRogBAZgBMbgBGcgBD9gBAegBAYgCAagCA7gC-NjpvAbAAgHSAiQ4ZGVlZWVhMi1mOTI5LTRmOWQtOTk0OC0xMzU5MWFkYWNlODjYAgXgAgE&sid=f990c8e44d8a49a026ee40f8b9e3b3a2&aid=304142&ucfs=1&arphpl=1&checkin=2025-02-09&checkout=2025-02-16&dest_id=-372490&dest_type=city&group_adults=2&req_adults=2&no_rooms=1&group_children=0&req_children=0&hpos=7&hapos=492&sr_order=popularity&srpvid=91357ea171dd08a0&srepoch=1738173685&all_sr_blocks=601173602_347125724_4_0_0&highlighted_blocks=601173602_347125724_4_0_0&matching_block_id=601173602_347125724_4_0_0&sr_pri_blocks=601173602_347125724_4_0_0__134110&from=searchresults
Apartamento cerca de la Sagrada Familia para 2,"Eixample, Barcelona",https://www.booking.com/hotel/es/apartamento-cerca-de-la-sagrada-familia-para-2.html?label=gen173nr-1BCAEoggI46AdSAnVzWARoRogBAZgBMbgBGcgBD9gBAegBAYgCAagCA7gC-NjpvAbAAgHSAiQ4ZGVlZWVhMi1mOTI5LTRmOWQtOTk0OC0xMzU5MWFkYWNlODjYAgXgAgE&sid=f990c8e44d8a49a026ee40f8b9e3b3a2&aid=304142&ucfs=1&arphpl=1&checkin=2025-02-09&checkout=2025-02-16&dest_id=-372490&dest_type=city&group_adults=2&req_adults=2&no_rooms=1&group_children=0&req_children=0&hpos=8&hapos=493&sr_order=popularity&srpvid=91357ea171dd08a0&srepoch=1738173685&all_sr_blocks=1309585001_403739084_2_0_0&highlighted_blocks=1309585001_403739084_2_0_0&matching_block_id=1309585001_403739084_2_0_0&sr_pri_blocks=1309585001_403739084_2_0_0__85943&from=searchresults
Glasir Apartments Barcelona,"Les Corts, Barcelona",https://www.booking.com/hotel/es/desing-apartment-les-corts.html?label=gen173nr-1BCAEoggI46AdSAnVzWARoRogBAZgBMbgBGcgBD9gBAegBAYgCAagCA7gC-NjpvAbAAgHSAiQ4ZGVlZWVhMi1mOTI5LTRmOWQtOTk0OC0xMzU5MWFkYWNlODjYAgXgAgE&sid=f990c8e44d8a49a026ee40f8b9e3b3a2&aid=304142&ucfs=1&arphpl=1&checkin=2025-02-09&checkout=2025-02-16&dest_id=-372490&dest_type=city&group_adults=2&req_adults=2&no_rooms=1&group_children=0&req_children=0&hpos=9&hapos=494&sr_order=popularity&srpvid=91357ea171dd08a0&srepoch=1738173685&all_sr_blocks=129652803_88510838_2_0_0&highlighted_blocks=129652803_88510838_2_0_0&matching_block_id=129652803_88510838_2_0_0&sr_pri_blocks=129652803_88510838_2_0_0__119432&from=searchresults
Boutique Hotel H10 Catalunya Plaza,"Eixample, Barcelona",https://www.booking.com/hotel/es/catalunyaplaza.html?label=gen173nr-1BCAEoggI46AdSAnVzWARoRogBAZgBMbgBGcgBD9gBAegBAYgCAagCA7gC-NjpvAbAAgHSAiQ4ZGVlZWVhMi1mOTI5LTRmOWQtOTk0OC0xMzU5MWFkYWNlODjYAgXgAgE&sid=f990c8e44d8a49a026ee40f8b9e3b3a2&aid=304142&ucfs=1&arphpl=1&checkin=2025-02-09&checkout=2025-02-16&dest_id=-372490&dest_type=city&group_adults=2&req_adults=2&no_rooms=1&group_children=0&req_children=0&hpos=10&hapos=495&sr_order=popularity&srpvid=91357ea171dd08a0&srepoch=1738173685&all_sr_blocks=9037207_88181605_0_2_0_462127&highlighted_blocks=9037207_88181605_0_2_0_462127&matching_block_id=9037207_88181605_0_2_0_462127&sr_pri_blocks=9037207_88181605_0_2_0_462127_167596&from_sustainable_property_sr=1&from=searchresults
Citytrip Poble Nou Beach,"Sant Martí, Barcelona",https://www.booking.com/hotel/es/citytrip-poble-nou-beach.html?label=gen173nr-1BCAEoggI46AdSAnVzWARoRogBAZgBMbgBGcgBD9gBAegBAYgCAagCA7gC-NjpvAbAAgHSAiQ4ZGVlZWVhMi1mOTI5LTRmOWQtOTk0OC0xMzU5MWFkYWNlODjYAgXgAgE&sid=f990c8e44d8a49a026ee40f8b9e3b3a2&aid=304142&ucfs=1&arphpl=1&checkin=2025-02-09&checkout=2025-02-16&dest_id=-372490&dest_type=city&group_adults=2&req_adults=2&no_rooms=1&group_children=0&req_children=0&hpos=11&hapos=496&sr_order=popularity&srpvid=91357ea171dd08a0&srepoch=1738173685&all_sr_blocks=41930901_88500024_0_0_0&highlighted_blocks=41930901_88500024_0_0_0&matching_block_id=41930901_88500024_0_0_0&sr_pri_blocks=41930901_88500024_0_0_0__85607&from=searchresults
AB Gaudí Urban Nest,"Eixample, Barcelona",https://www.booking.com/hotel/es/apartment-barcelona-sagradafamilia.html?label=gen173nr-1BCAEoggI46AdSAnVzWARoRogBAZgBMbgBGcgBD9gBAegBAYgCAagCA7gC-NjpvAbAAgHSAiQ4ZGVlZWVhMi1mOTI5LTRmOWQtOTk0OC0xMzU5MWFkYWNlODjYAgXgAgE&sid=f990c8e44d8a49a026ee40f8b9e3b3a2&aid=304142&ucfs=1&arphpl=1&checkin=2025-02-09&checkout=2025-02-16&dest_id=-372490&dest_type=city&group_adults=2&req_adults=2&no_rooms=1&group_children=0&req_children=0&hpos=12&hapos=497&sr_order=popularity&srpvid=91357ea171dd08a0&srepoch=1738173685&all_sr_blocks=1875506_348344659_6_0_0&highlighted_blocks=1875506_348344659_6_0_0&matching_block_id=1875506_348344659_6_0_0&sr_pri_blocks=1875506_348344659_6_0_0__117232&from=searchresults
Key Sagrada Familia / MARINA 223,"Eixample, Barcelona",https://www.booking.com/hotel/es/key-sagrada-familia-47-marina-223.html?label=gen173nr-1BCAEoggI46AdSAnVzWARoRogBAZgBMbgBGcgBD9gBAegBAYgCAagCA7gC-NjpvAbAAgHSAiQ4ZGVlZWVhMi1mOTI5LTRmOWQtOTk0OC0xMzU5MWFkYWNlODjYAgXgAgE&sid=f990c8e44d8a49a026ee40f8b9e3b3a2&aid=304142&ucfs=1&arphpl=1&checkin=2025-02-09&checkout=2025-02-16&dest_id=-372490&dest_type=city&group_adults=2&req_adults=2&no_rooms=1&group_children=0&req_children=0&hpos=13&hapos=498&sr_order=popularity&srpvid=91357ea171dd08a0&srepoch=1738173685&all_sr_blocks=535397003_189726260_2_0_0_502524&highlighted_blocks=535397003_189726260_2_0_0_502524&matching_block_id=535397003_189726260_2_0_0_502524&sr_pri_blocks=535397003_189726260_2_0_0_502524_118153&from=searchresults
51flo1024 -Well located apartment in Sant Antoni,"Eixample, Barcelona",https://www.booking.com/hotel/es/51flo4-well-located-apartment-in-sant-antoni.html?label=gen173nr-1BCAEoggI46AdSAnVzWARoRogBAZgBMbgBGcgBD9gBAegBAYgCAagCA7gC-NjpvAbAAgHSAiQ4ZGVlZWVhMi1mOTI5LTRmOWQtOTk0OC0xMzU5MWFkYWNlODjYAgXgAgE&sid=f990c8e44d8a49a026ee40f8b9e3b3a2&aid=304142&ucfs=1&arphpl=1&checkin=2025-02-09&checkout=2025-02-16&dest_id=-372490&dest_type=city&group_adults=2&req_adults=2&no_rooms=1&group_children=0&req_children=0&hpos=14&hapos=499&sr_order=popularity&srpvid=91357ea171dd08a0&srepoch=1738173685&all_sr_blocks=877039602_376044987_2_0_0&highlighted_blocks=877039602_376044987_2_0_0&matching_block_id=877039602_376044987_2_0_0&sr_pri_blocks=877039602_376044987_2_0_0__93990&from=searchresults
Cozy near the Barcelona Camp Nou Stadium,"Les Corts, Barcelona",https://www.booking.com/hotel/es/cozy-near-the-barcelona-camp-nou-stadium.html?label=gen173nr-1BCAEoggI46AdSAnVzWARoRogBAZgBMbgBGcgBD9gBAegBAYgCAagCA7gC-NjpvAbAAgHSAiQ4ZGVlZWVhMi1mOTI5LTRmOWQtOTk0OC0xMzU5MWFkYWNlODjYAgXgAgE&sid=f990c8e44d8a49a026ee40f8b9e3b3a2&aid=304142&ucfs=1&arphpl=1&checkin=2025-02-09&checkout=2025-02-16&dest_id=-372490&dest_type=city&group_adults=2&req_adults=2&no_rooms=1&group_children=0&req_children=0&hpos=15&hapos=500&sr_order=popularity&srpvid=91357ea171dd08a0&srepoch=1738173685&all_sr_blocks=1035797001_376298058_2_0_0&highlighted_blocks=1035797001_376298058_2_0_0&matching_block_id=1035797001_376298058_2_0_0&sr_pri_blocks=1035797001_376298058_2_0_0__96760&from=searchresults
"Grand Hotel Central, Small Luxury Hotels","Ciutat Vella, Barcelona",https://www.booking.com/hotel/es/grandhotelcentral.html?label=gen173nr-1BCAEoggI46AdSAnVzWARoRogBAZgBMbgBGcgBD9gBAegBAYgCAagCA7gC-NjpvAbAAgHSAiQ4ZGVlZWVhMi1mOTI5LTRmOWQtOTk0OC0xMzU5MWFkYWNlODjYAgXgAgE&sid=f990c8e44d8a49a026ee40f8b9e3b3a2&aid=304142&ucfs=1&arphpl=1&checkin=2025-02-09&checkout=2025-02-16&dest_id=-372490&dest_type=city&group_adults=2&req_adults=2&no_rooms=1&group_children=0&req_children=0&hpos=16&hapos=501&sr_order=popularity&srpvid=91357ea171dd08a0&srepoch=1738173685&all_sr_blocks=0_0_2_0_0&highlighted_blocks=0_0_2_0_0&matching_block_id=0_0_2_0_0&sr_pri_blocks=0_0_2_0_0__174757&from_sustainable_property_sr=1&from=searchresults
Studio Hostel,"Sarrià-St. Gervasi, Barcelona",https://www.booking.com/hotel/es/residencia-albergue-studio.html?label=gen173nr-1BCAEoggI46AdSAnVzWARoRogBAZgBMbgBGcgBD9gBAegBAYgCAagCA7gC-NjpvAbAAgHSAiQ4ZGVlZWVhMi1mOTI5LTRmOWQtOTk0OC0xMzU5MWFkYWNlODjYAgXgAgE&sid=f990c8e44d8a49a026ee40f8b9e3b3a2&aid=304142&ucfs=1&arphpl=1&checkin=2025-02-09&checkout=2025-02-16&dest_id=-372490&dest_type=city&group_adults=2&req_adults=2&no_rooms=1&group_children=0&req_children=0&hpos=17&hapos=502&sr_order=popularity&srpvid=91357ea171dd08a0&srepoch=1738173685&all_sr_blocks=28929801_0_2_1_0&highlighted_blocks=28929801_0_2_1_0&matching_block_id=28929801_0_2_1_0&sr_pri_blocks=28929801_0_2_1_0__57943&from=searchresults
Palau de la música 6,"Ciutat Vella, Barcelona",https://www.booking.com/hotel/es/palau-de-la-musica-6.html?label=gen173nr-1BCAEoggI46AdSAnVzWARoRogBAZgBMbgBGcgBD9gBAegBAYgCAagCA7gC-NjpvAbAAgHSAiQ4ZGVlZWVhMi1mOTI5LTRmOWQtOTk0OC0xMzU5MWFkYWNlODjYAgXgAgE&sid=f990c8e44d8a49a026ee40f8b9e3b3a2&aid=304142&ucfs=1&arphpl=1&checkin=2025-02-09&checkout=2025-02-16&dest_id=-372490&dest_type=city&group_adults=2&req_adults=2&no_rooms=1&group_children=0&req_children=0&hpos=18&hapos=503&sr_order=popularity&srpvid=91357ea171dd08a0&srepoch=1738173685&all_sr_blocks=1244571201_396569951_4_0_0&highlighted_blocks=1244571201_396569951_4_0_0&matching_block_id=1244571201_396569951_4_0_0&sr_pri_blocks=1244571201_396569951_4_0_0__123932&from=searchresults
"Mandarin Oriental, Barcelona","Eixample, Barcelona",https://www.booking.com/hotel/es/mandarin-oriental-barcelona.html?label=gen173nr-1BCAEoggI46AdSAnVzWARoRogBAZgBMbgBGcgBD9gBAegBAYgCAagCA7gC-NjpvAbAAgHSAiQ4ZGVlZWVhMi1mOTI5LTRmOWQtOTk0OC0xMzU5MWFkYWNlODjYAgXgAgE&sid=f990c8e44d8a49a026ee40f8b9e3b3a2&aid=304142&ucfs=1&arphpl=1&checkin=2025-02-09&checkout=2025-02-16&dest_id=-372490&dest_type=city&group_adults=2&req_adults=2&no_rooms=1&group_children=0&req_children=0&hpos=19&hapos=504&sr_order=popularity&srpvid=91357ea171dd08a0&srepoch=1738173685&all_sr_blocks=25280301_189736666_2_2_0&highlighted_blocks=25280301_189736666_2_2_0&matching_block_id=25280301_189736666_2_2_0&sr_pri_blocks=25280301_189736666_2_2_0__555500&from_sustainable_property_sr=1&from=searchresults
Palau de la música 5,"Ciutat Vella, Barcelona",https://www.booking.com/hotel/es/palau-de-la-musica-5.html?label=gen173nr-1BCAEoggI46AdSAnVzWARoRogBAZgBMbgBGcgBD9gBAegBAYgCAagCA7gC-NjpvAbAAgHSAiQ4ZGVlZWVhMi1mOTI5LTRmOWQtOTk0OC0xMzU5MWFkYWNlODjYAgXgAgE&sid=f990c8e44d8a49a026ee40f8b9e3b3a2&aid=304142&ucfs=1&arphpl=1&checkin=2025-02-09&checkout=2025-02-16&dest_id=-372490&dest_type=city&group_adults=2&req_adults=2&no_rooms=1&group_children=0&req_children=0&hpos=20&hapos=505&sr_order=popularity&srpvid=91357ea171dd08a0&srepoch=1738173685&all_sr_blocks=1244555701_396568987_4_0_0&highlighted_blocks=1244555701_396568987_4_0_0&matching_block_id=1244555701_396568987_4_0_0&sr_pri_blocks=1244555701_396568987_4_0_0__123932&from=searchresults
Paraiso Hostel,"Eixample, Barcelona",https://www.booking.com/hotel/es/hostal-paraiso-barcelona.html?label=gen173nr-1BCAEoggI46AdSAnVzWARoRogBAZgBMbgBGcgBD9gBAegBAYgCAagCA7gC-NjpvAbAAgHSAiQ4ZGVlZWVhMi1mOTI5LTRmOWQtOTk0OC0xMzU5MWFkYWNlODjYAgXgAgE&sid=f990c8e44d8a49a026ee40f8b9e3b3a2&aid=304142&ucfs=1&arphpl=1&checkin=2025-02-09&checkout=2025-02-16&dest_id=-372490&dest_type=city&group_adults=2&req_adults=2&no_rooms=1&group_children=0&req_children=0&hpos=21&hapos=506&sr_order=popularity&srpvid=91357ea171dd08a0&srepoch=1738173685&all_sr_blocks=27372305_199608685_0_0_0&highlighted_blocks=27372305_199608685_0_0_0&matching_block_id=27372305_199608685_0_0_0&sr_pri_blocks=27372305_199608685_0_0_0__57300&from=searchresults
Classic catalan family apartment with balcony by Maison Piñata,"Eixample, Barcelona",https://www.booking.com/hotel/es/espectacular-apartment-tetuan-by-maison-pinata.html?label=gen173nr-1BCAEoggI46AdSAnVzWARoRogBAZgBMbgBGcgBD9gBAegBAYgCAagCA7gC-NjpvAbAAgHSAiQ4ZGVlZWVhMi1mOTI5LTRmOWQtOTk0OC0xMzU5MWFkYWNlODjYAgXgAgE&sid=f990c8e44d8a49a026ee40f8b9e3b3a2&aid=304142&ucfs=1&arphpl=1&checkin=2025-02-09&checkout=2025-02-16&dest_id=-372490&dest_type=city&group_adults=2&req_adults=2&no_rooms=1&group_children=0&req_children=0&hpos=22&hapos=507&sr_order=popularity&srpvid=91357ea171dd08a0&srepoch=1738173685&all_sr_blocks=1218397401_398355148_5_0_0&highlighted_blocks=1218397401_398355148_5_0_0&matching_block_id=1218397401_398355148_5_0_0&sr_pri_blocks=1218397401_398355148_5_0_0__155735&from=searchresults
Hotel Inglés,"Ciutat Vella, Barcelona",https://www.booking.com/hotel/es/hotelinglesbarcelona.html?label=gen173nr-1BCAEoggI46AdSAnVzWARoRogBAZgBMbgBGcgBD9gBAegBAYgCAagCA7gC-NjpvAbAAgHSAiQ4ZGVlZWVhMi1mOTI5LTRmOWQtOTk0OC0xMzU5MWFkYWNlODjYAgXgAgE&sid=f990c8e44d8a49a026ee40f8b9e3b3a2&aid=304142&ucfs=1&arphpl=1&checkin=2025-02-09&checkout=2025-02-16&dest_id=-372490&dest_type=city&group_adults=2&req_adults=2&no_rooms=1&group_children=0&req_children=0&hpos=23&hapos=508&sr_order=popularity&srpvid=91357ea171dd08a0&srepoch=1738173685&all_sr_blocks=9159201_88191402_0_0_0&highlighted_blocks=9159201_88191402_0_0_0&matching_block_id=9159201_88191402_0_0_0&sr_pri_blocks=9159201_88191402_0_0_0__98330&from=searchresults
Apartamentos Calvet,"Sarrià-St. Gervasi, Barcelona",https://www.booking.com/hotel/es/apartamentos-calvet-17.html?label=gen173nr-1BCAEoggI46AdSAnVzWARoRogBAZgBMbgBGcgBD9gBAegBAYgCAagCA7gC-NjpvAbAAgHSAiQ4ZGVlZWVhMi1mOTI5LTRmOWQtOTk0OC0xMzU5MWFkYWNlODjYAgXgAgE&sid=f990c8e44d8a49a026ee40f8b9e3b3a2&aid=304142&ucfs=1&arphpl=1&checkin=2025-02-09&checkout=2025-02-16&dest_id=-372490&dest_type=city&group_adults=2&req_adults=2&no_rooms=1&group_children=0&req_children=0&hpos=24&hapos=509&sr_order=popularity&srpvid=91357ea171dd08a0&srepoch=1738173685&all_sr_blocks=74038022_401599916_2_0_0&highlighted_blocks=74038022_401599916_2_0_0&matching_block_id=74038022_401599916_2_0_0&sr_pri_blocks=74038022_401599916_2_0_0__96632&from=searchresults
Sant Pau Ramblas Apartments Serennia,"Ciutat Vella, Barcelona",https://www.booking.com/hotel/es/raval-1.html?label=gen173nr-1BCAEoggI46AdSAnVzWARoRogBAZgBMbgBGcgBD9gBAegBAYgCAagCA7gC-NjpvAbAAgHSAiQ4ZGVlZWVhMi1mOTI5LTRmOWQtOTk0OC0xMzU5MWFkYWNlODjYAgXgAgE&sid=f990c8e44d8a49a026ee40f8b9e3b3a2&aid=304142&ucfs=1&arphpl=1&checkin=2025-02-09&checkout=2025-02-16&dest_id=-372490&dest_type=city&group_adults=2&req_adults=2&no_rooms=1&group_children=0&req_children=0&hpos=25&hapos=510&sr_order=popularity&srpvid=91357ea171dd08a0&srepoch=1738173685&all_sr_blocks=614050804_382984743_5_0_0&highlighted_blocks=614050804_382984743_5_0_0&matching_block_id=614050804_382984743_5_0_0&sr_pri_blocks=614050804_382984743_5_0_0__153132&from=searchresults
Weflating Sant Antoni Market,"Eixample, Barcelona",https://www.booking.com/hotel/es/dailyflats-sant-antoni-market.html?label=gen173nr-1BCAEoggI46AdSAnVzWARoRogBAZgBMbgBGcgBD9gBAegBAYgCAagCA7gC-NjpvAbAAgHSAiQ4ZGVlZWVhMi1mOTI5LTRmOWQtOTk0OC0xMzU5MWFkYWNlODjYAgXgAgE&sid=f990c8e44d8a49a026ee40f8b9e3b3a2&aid=304142&ucfs=1&arphpl=1&checkin=2025-02-09&checkout=2025-02-16&dest_id=-372490&dest_type=city&group_adults=2&req_adults=2&no_rooms=1&group_children=0&req_children=0&hpos=1&hapos=511&sr_order=popularity&srpvid=91357ea171dd08a0&srepoch=1738173688&all_sr_blocks=83655106_83243346_2_0_0&highlighted_blocks=83655106_83243346_2_0_0&matching_block_id=83655106_83243346_2_0_0&sr_pri_blocks=83655106_83243346_2_0_0__122384&from=searchresults
Casa Llimona Hotel Boutique,"Eixample, Barcelona",https://www.booking.com/hotel/es/casa-llimona-hotel-boutique.html?label=gen173nr-1BCAEoggI46AdSAnVzWARoRogBAZgBMbgBGcgBD9gBAegBAYgCAagCA7gC-NjpvAbAAgHSAiQ4ZGVlZWVhMi1mOTI5LTRmOWQtOTk0OC0xMzU5MWFkYWNlODjYAgXgAgE&sid=f990c8e44d8a49a026ee40f8b9e3b3a2&aid=304142&ucfs=1&arphpl=1&checkin=2025-02-09&checkout=2025-02-16&dest_id=-372490&dest_type=city&group_adults=2&req_adults=2&no_rooms=1&group_children=0&req_children=0&hpos=2&hapos=512&sr_order=popularity&srpvid=91357ea171dd08a0&srepoch=1738173688&all_sr_blocks=109841724_91946274_2_0_0&highlighted_blocks=109841724_91946274_2_0_0&matching_block_id=109841724_91946274_2_0_0&sr_pri_blocks=109841724_91946274_2_0_0__172145&from=searchresults
"Claris Hotel & Spa GL, a Small Luxury Hotel of the World","Eixample, Barcelona",https://www.booking.com/hotel/es/clarisderby.html?label=gen173nr-1BCAEoggI46AdSAnVzWARoRogBAZgBMbgBGcgBD9gBAegBAYgCAagCA7gC-NjpvAbAAgHSAiQ4ZGVlZWVhMi1mOTI5LTRmOWQtOTk0OC0xMzU5MWFkYWNlODjYAgXgAgE&sid=f990c8e44d8a49a026ee40f8b9e3b3a2&aid=304142&ucfs=1&arphpl=1&checkin=2025-02-09&checkout=2025-02-16&dest_id=-372490&dest_type=city&group_adults=2&req_adults=2&no_rooms=1&group_children=0&req_children=0&hpos=3&hapos=513&sr_order=popularity&srpvid=91357ea171dd08a0&srepoch=1738173688&all_sr_blocks=9003701_0_2_0_0&highlighted_blocks=9003701_0_2_0_0&matching_block_id=9003701_0_2_0_0&sr_pri_blocks=9003701_0_2_0_0__123464&from_sustainable_property_sr=1&from=searchresults
Cozy apartment near Sagrada Familia,"Eixample, Barcelona",https://www.booking.com/hotel/es/cozy-apartment-near-sagrada-familia-barcelona2.html?label=gen173nr-1BCAEoggI46AdSAnVzWARoRogBAZgBMbgBGcgBD9gBAegBAYgCAagCA7gC-NjpvAbAAgHSAiQ4ZGVlZWVhMi1mOTI5LTRmOWQtOTk0OC0xMzU5MWFkYWNlODjYAgXgAgE&sid=f990c8e44d8a49a026ee40f8b9e3b3a2&aid=304142&ucfs=1&arphpl=1&checkin=2025-02-09&checkout=2025-02-16&dest_id=-372490&dest_type=city&group_adults=2&req_adults=2&no_rooms=1&group_children=0&req_children=0&hpos=4&hapos=514&sr_order=popularity&srpvid=91357ea171dd08a0&srepoch=1738173688&all_sr_blocks=1247820902_397122643_2_0_0&highlighted_blocks=1247820902_397122643_2_0_0&matching_block_id=1247820902_397122643_2_0_0&sr_pri_blocks=1247820902_397122643_2_0_0__91914&from=searchresults
H10 Casa Mimosa 4* Sup,"Eixample, Barcelona",https://www.booking.com/hotel/es/h10-casa-mimosa.html?label=gen173nr-1BCAEoggI46AdSAnVzWARoRogBAZgBMbgBGcgBD9gBAegBAYgCAagCA7gC-NjpvAbAAgHSAiQ4ZGVlZWVhMi1mOTI5LTRmOWQtOTk0OC0xMzU5MWFkYWNlODjYAgXgAgE&sid=f990c8e44d8a49a026ee40f8b9e3b3a2&aid=304142&ucfs=1&arphpl=1&checkin=2025-02-09&checkout=2025-02-16&dest_id=-372490&dest_type=city&group_adults=2&req_adults=2&no_rooms=1&group_children=0&req_children=0&hpos=5&hapos=515&sr_order=popularity&srpvid=91357ea171dd08a0&srepoch=1738173688&all_sr_blocks=186920103_242553103_2_2_0_747962&highlighted_blocks=186920103_242553103_2_2_0_747962&matching_block_id=186920103_242553103_2_2_0_747962&sr_pri_blocks=186920103_242553103_2_2_0_747962_203853&from_sustainable_property_sr=1&from=searchresults
Céntrico apartamento familiar,"Eixample, Barcelona",https://www.booking.com/hotel/es/centrico-apartamento-familiar.html?label=gen173nr-1BCAEoggI46AdSAnVzWARoRogBAZgBMbgBGcgBD9gBAegBAYgCAagCA7gC-NjpvAbAAgHSAiQ4ZGVlZWVhMi1mOTI5LTRmOWQtOTk0OC0xMzU5MWFkYWNlODjYAgXgAgE&sid=f990c8e44d8a49a026ee40f8b9e3b3a2&aid=304142&ucfs=1&arphpl=1&checkin=2025-02-09&checkout=2025-02-16&dest_id=-372490&dest_type=city&group_adults=2&req_adults=2&no_rooms=1&group_children=0&req_children=0&hpos=6&hapos=516&sr_order=popularity&srpvid=91357ea171dd08a0&srepoch=1738173688&all_sr_blocks=1245323301_396682807_8_0_0&highlighted_blocks=1245323301_396682807_8_0_0&matching_block_id=1245323301_396682807_8_0_0&sr_pri_blocks=1245323301_396682807_8_0_0__195509&from=searchresults
Serras Barcelona,"Ciutat Vella, Barcelona",https://www.booking.com/hotel/es/the-serras.html?label=gen173nr-1BCAEoggI46AdSAnVzWARoRogBAZgBMbgBGcgBD9gBAegBAYgCAagCA7gC-NjpvAbAAgHSAiQ4ZGVlZWVhMi1mOTI5LTRmOWQtOTk0OC0xMzU5MWFkYWNlODjYAgXgAgE&sid=f990c8e44d8a49a026ee40f8b9e3b3a2&aid=304142&ucfs=1&arphpl=1&checkin=2025-02-09&checkout=2025-02-16&dest_id=-372490&dest_type=city&group_adults=2&req_adults=2&no_rooms=1&group_children=0&req_children=0&hpos=7&hapos=517&sr_order=popularity&srpvid=91357ea171dd08a0&srepoch=1738173688&all_sr_blocks=119345401_278919902_2_2_0&highlighted_blocks=119345401_278919902_2_2_0&matching_block_id=119345401_278919902_2_2_0&sr_pri_blocks=119345401_278919902_2_2_0__245150&from_sustainable_property_sr=1&from=searchresults
Stay U-nique Apartment Rossello II,"Gràcia, Barcelona",https://www.booking.com/hotel/es/cozy-apt-in-eixample.html?label=gen173nr-1BCAEoggI46AdSAnVzWARoRogBAZgBMbgBGcgBD9gBAegBAYgCAagCA7gC-NjpvAbAAgHSAiQ4ZGVlZWVhMi1mOTI5LTRmOWQtOTk0OC0xMzU5MWFkYWNlODjYAgXgAgE&sid=f990c8e44d8a49a026ee40f8b9e3b3a2&aid=304142&ucfs=1&arphpl=1&checkin=2025-02-09&checkout=2025-02-16&dest_id=-372490&dest_type=city&group_adults=2&req_adults=2&no_rooms=1&group_children=0&req_children=0&hpos=8&hapos=518&sr_order=popularity&srpvid=91357ea171dd08a0&srepoch=1738173688&all_sr_blocks=1170138403_389629828_0_0_0&highlighted_blocks=1170138403_389629828_0_0_0&matching_block_id=1170138403_389629828_0_0_0&sr_pri_blocks=1170138403_389629828_0_0_0__121192&from=searchresults
Eixample Sagrada Familia Apartments II,"Eixample, Barcelona",https://www.booking.com/hotel/es/eixample-sagrada-familia-aparments-ii.html?label=gen173nr-1BCAEoggI46AdSAnVzWARoRogBAZgBMbgBGcgBD9gBAegBAYgCAagCA7gC-NjpvAbAAgHSAiQ4ZGVlZWVhMi1mOTI5LTRmOWQtOTk0OC0xMzU5MWFkYWNlODjYAgXgAgE&sid=f990c8e44d8a49a026ee40f8b9e3b3a2&aid=304142&ucfs=1&arphpl=1&checkin=2025-02-09&checkout=2025-02-16&dest_id=-372490&dest_type=city&group_adults=2&req_adults=2&no_rooms=1&group_children=0&req_children=0&hpos=9&hapos=519&sr_order=popularity&srpvid=91357ea171dd08a0&srepoch=1738173688&all_sr_blocks=107233107_407071456_2_0_0&highlighted_blocks=107233107_407071456_2_0_0&matching_block_id=107233107_407071456_2_0_0&sr_pri_blocks=107233107_407071456_2_0_0__104832&from=searchresults
Pau Claris Double - Home next to Paseo de Gracia,"Eixample, Barcelona",https://www.booking.com/hotel/es/pau-claris-double-home-next-to-paseo-de-gracia.html?label=gen173nr-1BCAEoggI46AdSAnVzWARoRogBAZgBMbgBGcgBD9gBAegBAYgCAagCA7gC-NjpvAbAAgHSAiQ4ZGVlZWVhMi1mOTI5LTRmOWQtOTk0OC0xMzU5MWFkYWNlODjYAgXgAgE&sid=f990c8e44d8a49a026ee40f8b9e3b3a2&aid=304142&ucfs=1&arphpl=1&checkin=2025-02-09&checkout=2025-02-16&dest_id=-372490&dest_type=city&group_adults=2&req_adults=2&no_rooms=1&group_children=0&req_children=0&hpos=10&hapos=520&sr_order=popularity&srpvid=91357ea171dd08a0&srepoch=1738173688&all_sr_blocks=1316889802_406061999_3_0_0&highlighted_blocks=1316889802_406061999_3_0_0&matching_block_id=1316889802_406061999_3_0_0&sr_pri_blocks=1316889802_406061999_3_0_0__109081&from=searchresults
Enjoybcn Gaudi Apartments,"Eixample, Barcelona",https://www.booking.com/hotel/es/enjoybcn-sagrada-familia-apartaments.html?label=gen173nr-1BCAEoggI46AdSAnVzWARoRogBAZgBMbgBGcgBD9gBAegBAYgCAagCA7gC-NjpvAbAAgHSAiQ4ZGVlZWVhMi1mOTI5LTRmOWQtOTk0OC0xMzU5MWFkYWNlODjYAgXgAgE&sid=f990c8e44d8a49a026ee40f8b9e3b3a2&aid=304142&ucfs=1&arphpl=1&checkin=2025-02-09&checkout=2025-02-16&dest_id=-372490&dest_type=city&group_adults=2&req_adults=2&no_rooms=1&group_children=0&req_children=0&hpos=11&hapos=521&sr_order=popularity&srpvid=91357ea171dd08a0&srepoch=1738173688&all_sr_blocks=0_0_2_0_0&highlighted_blocks=0_0_2_0_0&matching_block_id=0_0_2_0_0&sr_pri_blocks=0_0_2_0_0__130055&from=searchresults
Cozy Apartment II - Les Corts,"Les Corts, Barcelona",https://www.booking.com/hotel/es/cozy-apartment-ii-les-corts.html?label=gen173nr-1BCAEoggI46AdSAnVzWARoRogBAZgBMbgBGcgBD9gBAegBAYgCAagCA7gC-NjpvAbAAgHSAiQ4ZGVlZWVhMi1mOTI5LTRmOWQtOTk0OC0xMzU5MWFkYWNlODjYAgXgAgE&sid=f990c8e44d8a49a026ee40f8b9e3b3a2&aid=304142&ucfs=1&arphpl=1&checkin=2025-02-09&checkout=2025-02-16&dest_id=-372490&dest_type=city&group_adults=2&req_adults=2&no_rooms=1&group_children=0&req_children=0&hpos=12&hapos=522&sr_order=popularity&srpvid=91357ea171dd08a0&srepoch=1738173688&all_sr_blocks=1236922501_395914448_2_0_0&highlighted_blocks=1236922501_395914448_2_0_0&matching_block_id=1236922501_395914448_2_0_0&sr_pri_blocks=1236922501_395914448_2_0_0__151132&from=searchresults
Fisa Rentals Aribau,"Eixample, Barcelona",https://www.booking.com/hotel/es/fisa-rentals-aribau.html?label=gen173nr-1BCAEoggI46AdSAnVzWARoRogBAZgBMbgBGcgBD9gBAegBAYgCAagCA7gC-NjpvAbAAgHSAiQ4ZGVlZWVhMi1mOTI5LTRmOWQtOTk0OC0xMzU5MWFkYWNlODjYAgXgAgE&sid=f990c8e44d8a49a026ee40f8b9e3b3a2&aid=304142&ucfs=1&arphpl=1&checkin=2025-02-09&checkout=2025-02-16&dest_id=-372490&dest_type=city&group_adults=2&req_adults=2&no_rooms=1&group_children=0&req_children=0&hpos=13&hapos=523&sr_order=popularity&srpvid=91357ea171dd08a0&srepoch=1738173688&all_sr_blocks=239925201_125280204_3_0_0&highlighted_blocks=239925201_125280204_3_0_0&matching_block_id=239925201_125280204_3_0_0&sr_pri_blocks=239925201_125280204_3_0_0__143840&from=searchresults
Alcam Gignas,"Ciutat Vella, Barcelona",https://www.booking.com/hotel/es/alcam-gignas.html?label=gen173nr-1BCAEoggI46AdSAnVzWARoRogBAZgBMbgBGcgBD9gBAegBAYgCAagCA7gC-NjpvAbAAgHSAiQ4ZGVlZWVhMi1mOTI5LTRmOWQtOTk0OC0xMzU5MWFkYWNlODjYAgXgAgE&sid=f990c8e44d8a49a026ee40f8b9e3b3a2&aid=304142&ucfs=1&arphpl=1&checkin=2025-02-09&checkout=2025-02-16&dest_id=-372490&dest_type=city&group_adults=2&req_adults=2&no_rooms=1&group_children=0&req_children=0&hpos=14&hapos=524&sr_order=popularity&srpvid=91357ea171dd08a0&srepoch=1738173688&all_sr_blocks=73845101_138577125_0_0_0&highlighted_blocks=73845101_138577125_0_0_0&matching_block_id=73845101_138577125_0_0_0&sr_pri_blocks=73845101_138577125_0_0_0__118217&from=searchresults
Chic and Modern Apartments in Gracia,"Gràcia, Barcelona",https://www.booking.com/hotel/es/friendly-rentals-guell.html?label=gen173nr-1BCAEoggI46AdSAnVzWARoRogBAZgBMbgBGcgBD9gBAegBAYgCAagCA7gC-NjpvAbAAgHSAiQ4ZGVlZWVhMi1mOTI5LTRmOWQtOTk0OC0xMzU5MWFkYWNlODjYAgXgAgE&sid=f990c8e44d8a49a026ee40f8b9e3b3a2&aid=304142&ucfs=1&arphpl=1&checkin=2025-02-09&checkout=2025-02-16&dest_id=-372490&dest_type=city&group_adults=2&req_adults=2&no_rooms=1&group_children=0&req_children=0&hpos=15&hapos=525&sr_order=popularity&srpvid=91357ea171dd08a0&srepoch=1738173688&all_sr_blocks=70100402_388914430_2_0_0&highlighted_blocks=70100402_388914430_2_0_0&matching_block_id=70100402_388914430_2_0_0&sr_pri_blocks=70100402_388914430_2_0_0__114732&from=searchresults
Maldà Singular Hotel,"Ciutat Vella, Barcelona",https://www.booking.com/hotel/es/malda-singular.html?label=gen173nr-1BCAEoggI46AdSAnVzWARoRogBAZgBMbgBGcgBD9gBAegBAYgCAagCA7gC-NjpvAbAAgHSAiQ4ZGVlZWVhMi1mOTI5LTRmOWQtOTk0OC0xMzU5MWFkYWNlODjYAgXgAgE&sid=f990c8e44d8a49a026ee40f8b9e3b3a2&aid=304142&ucfs=1&arphpl=1&checkin=2025-02-09&checkout=2025-02-16&dest_id=-372490&dest_type=city&group_adults=2&req_adults=2&no_rooms=1&group_children=0&req_children=0&hpos=16&hapos=526&sr_order=popularity&srpvid=91357ea171dd08a0&srepoch=1738173688&all_sr_blocks=387708602_265627203_2_2_0&highlighted_blocks=387708602_265627203_2_2_0&matching_block_id=387708602_265627203_2_2_0&sr_pri_blocks=387708602_265627203_2_2_0__113625&from=searchresults
Alcam Santa Monica,"Ciutat Vella, Barcelona",https://www.booking.com/hotel/es/friendly-rentals-santa-monica.html?label=gen173nr-1BCAEoggI46AdSAnVzWARoRogBAZgBMbgBGcgBD9gBAegBAYgCAagCA7gC-NjpvAbAAgHSAiQ4ZGVlZWVhMi1mOTI5LTRmOWQtOTk0OC0xMzU5MWFkYWNlODjYAgXgAgE&sid=f990c8e44d8a49a026ee40f8b9e3b3a2&aid=304142&ucfs=1&arphpl=1&checkin=2025-02-09&checkout=2025-02-16&dest_id=-372490&dest_type=city&group_adults=2&req_adults=2&no_rooms=1&group_children=0&req_children=0&hpos=17&hapos=527&sr_order=popularity&srpvid=91357ea171dd08a0&srepoch=1738173688&all_sr_blocks=759459702_356261415_0_0_0&highlighted_blocks=759459702_356261415_0_0_0&matching_block_id=759459702_356261415_0_0_0&sr_pri_blocks=759459702_356261415_0_0_0__118332&from=searchresults
Hotel SB Diagonal Zero 4 Sup,"Sant Martí, Barcelona",https://www.booking.com/hotel/es/diagonal-zero.html?label=gen173nr-1BCAEoggI46AdSAnVzWARoRogBAZgBMbgBGcgBD9gBAegBAYgCAagCA7gC-NjpvAbAAgHSAiQ4ZGVlZWVhMi1mOTI5LTRmOWQtOTk0OC0xMzU5MWFkYWNlODjYAgXgAgE&sid=f990c8e44d8a49a026ee40f8b9e3b3a2&aid=304142&ucfs=1&arphpl=1&checkin=2025-02-09&checkout=2025-02-16&dest_id=-372490&dest_type=city&group_adults=2&req_adults=2&no_rooms=1&group_children=0&req_children=0&hpos=18&hapos=528&sr_order=popularity&srpvid=91357ea171dd08a0&srepoch=1738173688&all_sr_blocks=1699526_95141877_0_2_0&highlighted_blocks=1699526_95141877_0_2_0&matching_block_id=1699526_95141877_0_2_0&sr_pri_blocks=1699526_95141877_0_2_0__168153&from=searchresults
Boutique Apartments 23 Barcelona,"Gràcia, Barcelona",https://www.booking.com/hotel/es/23-barcelona.html?label=gen173nr-1BCAEoggI46AdSAnVzWARoRogBAZgBMbgBGcgBD9gBAegBAYgCAagCA7gC-NjpvAbAAgHSAiQ4ZGVlZWVhMi1mOTI5LTRmOWQtOTk0OC0xMzU5MWFkYWNlODjYAgXgAgE&sid=f990c8e44d8a49a026ee40f8b9e3b3a2&aid=304142&ucfs=1&arphpl=1&checkin=2025-02-09&checkout=2025-02-16&dest_id=-372490&dest_type=city&group_adults=2&req_adults=2&no_rooms=1&group_children=0&req_children=0&hpos=19&hapos=529&sr_order=popularity&srpvid=91357ea171dd08a0&srepoch=1738173688&all_sr_blocks=802515301_382837064_2_0_0&highlighted_blocks=802515301_382837064_2_0_0&matching_block_id=802515301_382837064_2_0_0&sr_pri_blocks=802515301_382837064_2_0_0__133930&from=searchresults
Hostal BCN Ramblas,"Ciutat Vella, Barcelona",https://www.booking.com/hotel/es/hostal-mendoza.html?label=gen173nr-1BCAEoggI46AdSAnVzWARoRogBAZgBMbgBGcgBD9gBAegBAYgCAagCA7gC-NjpvAbAAgHSAiQ4ZGVlZWVhMi1mOTI5LTRmOWQtOTk0OC0xMzU5MWFkYWNlODjYAgXgAgE&sid=f990c8e44d8a49a026ee40f8b9e3b3a2&aid=304142&ucfs=1&arphpl=1&checkin=2025-02-09&checkout=2025-02-16&dest_id=-372490&dest_type=city&group_adults=2&req_adults=2&no_rooms=1&group_children=0&req_children=0&hpos=20&hapos=530&sr_order=popularity&srpvid=91357ea171dd08a0&srepoch=1738173688&all_sr_blocks=24835906_0_2_0_0&highlighted_blocks=24835906_0_2_0_0&matching_block_id=24835906_0_2_0_0&sr_pri_blocks=24835906_0_2_0_0__72354&from=searchresults
Incredible 2BR Penthouse with Urban Rooftop Garden,"Eixample, Barcelona",https://www.booking.com/hotel/es/exclusive-3-floor-penthouse-with-urban-roof-garden.html?label=gen173nr-1BCAEoggI46AdSAnVzWARoRogBAZgBMbgBGcgBD9gBAegBAYgCAagCA7gC-NjpvAbAAgHSAiQ4ZGVlZWVhMi1mOTI5LTRmOWQtOTk0OC0xMzU5MWFkYWNlODjYAgXgAgE&sid=f990c8e44d8a49a026ee40f8b9e3b3a2&aid=304142&ucfs=1&arphpl=1&checkin=2025-02-09&checkout=2025-02-16&dest_id=-372490&dest_type=city&group_adults=2&req_adults=2&no_rooms=1&group_children=0&req_children=0&hpos=21&hapos=531&sr_order=popularity&srpvid=91357ea171dd08a0&srepoch=1738173688&all_sr_blocks=770447201_340786261_5_0_0&highlighted_blocks=770447201_340786261_5_0_0&matching_block_id=770447201_340786261_5_0_0&sr_pri_blocks=770447201_340786261_5_0_0__179818&from=searchresults
63PAR1016- Sunny apartment in Paralel,"Sants-Montjuïc, Barcelona",https://www.booking.com/hotel/es/63par275-sunny-apartment-in-paralel.html?label=gen173nr-1BCAEoggI46AdSAnVzWARoRogBAZgBMbgBGcgBD9gBAegBAYgCAagCA7gC-NjpvAbAAgHSAiQ4ZGVlZWVhMi1mOTI5LTRmOWQtOTk0OC0xMzU5MWFkYWNlODjYAgXgAgE&sid=f990c8e44d8a49a026ee40f8b9e3b3a2&aid=304142&ucfs=1&arphpl=1&checkin=2025-02-09&checkout=2025-02-16&dest_id=-372490&dest_type=city&group_adults=2&req_adults=2&no_rooms=1&group_children=0&req_children=0&hpos=22&hapos=532&sr_order=popularity&srpvid=91357ea171dd08a0&srepoch=1738173688&all_sr_blocks=878123102_376044979_2_0_0&highlighted_blocks=878123102_376044979_2_0_0&matching_block_id=878123102_376044979_2_0_0&sr_pri_blocks=878123102_376044979_2_0_0__94499&from=searchresults
Easy Sants by Bossh!,"Sants-Montjuïc, Barcelona",https://www.booking.com/hotel/es/hostal-one-bcn.html?label=gen173nr-1BCAEoggI46AdSAnVzWARoRogBAZgBMbgBGcgBD9gBAegBAYgCAagCA7gC-NjpvAbAAgHSAiQ4ZGVlZWVhMi1mOTI5LTRmOWQtOTk0OC0xMzU5MWFkYWNlODjYAgXgAgE&sid=f990c8e44d8a49a026ee40f8b9e3b3a2&aid=304142&ucfs=1&arphpl=1&checkin=2025-02-09&checkout=2025-02-16&dest_id=-372490&dest_type=city&group_adults=2&req_adults=2&no_rooms=1&group_children=0&req_children=0&hpos=1&hapos=533&sr_order=popularity&srpvid=91357ea171dd08a0&srepoch=1738173691&all_sr_blocks=175655105_336481148_2_0_0&highlighted_blocks=175655105_336481148_2_0_0&matching_block_id=175655105_336481148_2_0_0&sr_pri_blocks=175655105_336481148_2_0_0__90100&from=searchresults
Port Forum Apartments by Olala Homes,Barcelona,https://www.booking.com/hotel/es/olala-port-forum.html?label=gen173nr-1BCAEoggI46AdSAnVzWARoRogBAZgBMbgBGcgBD9gBAegBAYgCAagCA7gC-NjpvAbAAgHSAiQ4ZGVlZWVhMi1mOTI5LTRmOWQtOTk0OC0xMzU5MWFkYWNlODjYAgXgAgE&sid=f990c8e44d8a49a026ee40f8b9e3b3a2&aid=304142&ucfs=1&arphpl=1&checkin=2025-02-09&checkout=2025-02-16&dest_id=-372490&dest_type=city&group_adults=2&req_adults=2&no_rooms=1&group_children=0&req_children=0&hpos=2&hapos=534&sr_order=popularity&srpvid=91357ea171dd08a0&srepoch=1738173691&all_sr_blocks=378440330_246096719_4_0_0&highlighted_blocks=378440330_246096719_4_0_0&matching_block_id=378440330_246096719_4_0_0&sr_pri_blocks=378440330_246096719_4_0_0__134969&from=searchresults
Hotel Toledano Ramblas,"Ciutat Vella, Barcelona",https://www.booking.com/hotel/es/toledano-ramblas.html?label=gen173nr-1BCAEoggI46AdSAnVzWARoRogBAZgBMbgBGcgBD9gBAegBAYgCAagCA7gC-NjpvAbAAgHSAiQ4ZGVlZWVhMi1mOTI5LTRmOWQtOTk0OC0xMzU5MWFkYWNlODjYAgXgAgE&sid=f990c8e44d8a49a026ee40f8b9e3b3a2&aid=304142&ucfs=1&arphpl=1&checkin=2025-02-09&checkout=2025-02-16&dest_id=-372490&dest_type=city&group_adults=2&req_adults=2&no_rooms=1&group_children=0&req_children=0&hpos=3&hapos=535&sr_order=popularity&srpvid=91357ea171dd08a0&srepoch=1738173691&all_sr_blocks=48271301_88209831_0_0_0&highlighted_blocks=48271301_88209831_0_0_0&matching_block_id=48271301_88209831_0_0_0&sr_pri_blocks=48271301_88209831_0_0_0__82500&from=searchresults
The Vintage Rentals,"Gràcia, Barcelona",https://www.booking.com/hotel/es/the-vintage-apartments.html?label=gen173nr-1BCAEoggI46AdSAnVzWARoRogBAZgBMbgBGcgBD9gBAegBAYgCAagCA7gC-NjpvAbAAgHSAiQ4ZGVlZWVhMi1mOTI5LTRmOWQtOTk0OC0xMzU5MWFkYWNlODjYAgXgAgE&sid=f990c8e44d8a49a026ee40f8b9e3b3a2&aid=304142&ucfs=1&arphpl=1&checkin=2025-02-09&checkout=2025-02-16&dest_id=-372490&dest_type=city&group_adults=2&req_adults=2&no_rooms=1&group_children=0&req_children=0&hpos=4&hapos=536&sr_order=popularity&srpvid=91357ea171dd08a0&srepoch=1738173691&all_sr_blocks=35879014_354148582_2_42_0&highlighted_blocks=35879014_354148582_2_42_0&matching_block_id=35879014_354148582_2_42_0&sr_pri_blocks=35879014_354148582_2_42_0__95132&from=searchresults
Bruc 3,"Eixample, Barcelona",https://www.booking.com/hotel/es/bruc-3.html?label=gen173nr-1BCAEoggI46AdSAnVzWARoRogBAZgBMbgBGcgBD9gBAegBAYgCAagCA7gC-NjpvAbAAgHSAiQ4ZGVlZWVhMi1mOTI5LTRmOWQtOTk0OC0xMzU5MWFkYWNlODjYAgXgAgE&sid=f990c8e44d8a49a026ee40f8b9e3b3a2&aid=304142&ucfs=1&arphpl=1&checkin=2025-02-09&checkout=2025-02-16&dest_id=-372490&dest_type=city&group_adults=2&req_adults=2&no_rooms=1&group_children=0&req_children=0&hpos=5&hapos=537&sr_order=popularity&srpvid=91357ea171dd08a0&srepoch=1738173691&all_sr_blocks=1224777901_401843193_2_0_0&highlighted_blocks=1224777901_401843193_2_0_0&matching_block_id=1224777901_401843193_2_0_0&sr_pri_blocks=1224777901_401843193_2_0_0__51570&from=searchresults
Lodging Apartments Barceloneta Mar,"Ciutat Vella, Barcelona",https://www.booking.com/hotel/es/lodging-apartments-barceloneta-mar.html?label=gen173nr-1BCAEoggI46AdSAnVzWARoRogBAZgBMbgBGcgBD9gBAegBAYgCAagCA7gC-NjpvAbAAgHSAiQ4ZGVlZWVhMi1mOTI5LTRmOWQtOTk0OC0xMzU5MWFkYWNlODjYAgXgAgE&sid=f990c8e44d8a49a026ee40f8b9e3b3a2&aid=304142&ucfs=1&arphpl=1&checkin=2025-02-09&checkout=2025-02-16&dest_id=-372490&dest_type=city&group_adults=2&req_adults=2&no_rooms=1&group_children=0&req_children=0&hpos=6&hapos=538&sr_order=popularity&srpvid=91357ea171dd08a0&srepoch=1738173691&all_sr_blocks=968777801_381970410_2_0_0&highlighted_blocks=968777801_381970410_2_0_0&matching_block_id=968777801_381970410_2_0_0&sr_pri_blocks=968777801_381970410_2_0_0__129826&from=searchresults
Hotel Paxton Barcelona,"Sant Martí, Barcelona",https://www.booking.com/hotel/es/paxton-barcelona.html?label=gen173nr-1BCAEoggI46AdSAnVzWARoRogBAZgBMbgBGcgBD9gBAegBAYgCAagCA7gC-NjpvAbAAgHSAiQ4ZGVlZWVhMi1mOTI5LTRmOWQtOTk0OC0xMzU5MWFkYWNlODjYAgXgAgE&sid=f990c8e44d8a49a026ee40f8b9e3b3a2&aid=304142&ucfs=1&arphpl=1&checkin=2025-02-09&checkout=2025-02-16&dest_id=-372490&dest_type=city&group_adults=2&req_adults=2&no_rooms=1&group_children=0&req_children=0&hpos=7&hapos=539&sr_order=popularity&srpvid=91357ea171dd08a0&srepoch=1738173691&all_sr_blocks=621286106_369373351_2_2_0&highlighted_blocks=621286106_369373351_2_2_0&matching_block_id=621286106_369373351_2_2_0&sr_pri_blocks=621286106_369373351_2_2_0__125058&from=searchresults
Primero Primera,"Sarrià-St. Gervasi, Barcelona",https://www.booking.com/hotel/es/primero-primera.html?label=gen173nr-1BCAEoggI46AdSAnVzWARoRogBAZgBMbgBGcgBD9gBAegBAYgCAagCA7gC-NjpvAbAAgHSAiQ4ZGVlZWVhMi1mOTI5LTRmOWQtOTk0OC0xMzU5MWFkYWNlODjYAgXgAgE&sid=f990c8e44d8a49a026ee40f8b9e3b3a2&aid=304142&ucfs=1&arphpl=1&checkin=2025-02-09&checkout=2025-02-16&dest_id=-372490&dest_type=city&group_adults=2&req_adults=2&no_rooms=1&group_children=0&req_children=0&hpos=8&hapos=540&sr_order=popularity&srpvid=91357ea171dd08a0&srepoch=1738173691&all_sr_blocks=33987402_0_2_0_0&highlighted_blocks=33987402_0_2_0_0&matching_block_id=33987402_0_2_0_0&sr_pri_blocks=33987402_0_2_0_0__157577&from=searchresults
Meeting Point Hostels,"Sants-Montjuïc, Barcelona",https://www.booking.com/hotel/es/meeting-point-hostels.html?label=gen173nr-1BCAEoggI46AdSAnVzWARoRogBAZgBMbgBGcgBD9gBAegBAYgCAagCA7gC-NjpvAbAAgHSAiQ4ZGVlZWVhMi1mOTI5LTRmOWQtOTk0OC0xMzU5MWFkYWNlODjYAgXgAgE&sid=f990c8e44d8a49a026ee40f8b9e3b3a2&aid=304142&ucfs=1&arphpl=1&checkin=2025-02-09&checkout=2025-02-16&dest_id=-372490&dest_type=city&group_adults=2&req_adults=2&no_rooms=1&group_children=0&req_children=0&hpos=9&hapos=541&sr_order=popularity&srpvid=91357ea171dd08a0&srepoch=1738173691&all_sr_blocks=206521706_95161209_0_0_0&highlighted_blocks=206521706_95161209_0_0_0&matching_block_id=206521706_95161209_0_0_0&sr_pri_blocks=206521706_95161209_0_0_0__80803&from=searchresults
Sweett - Carrer Girona,"Eixample, Barcelona",https://www.booking.com/hotel/es/sweet-inn-carrer-girona-barcelona.html?label=gen173nr-1BCAEoggI46AdSAnVzWARoRogBAZgBMbgBGcgBD9gBAegBAYgCAagCA7gC-NjpvAbAAgHSAiQ4ZGVlZWVhMi1mOTI5LTRmOWQtOTk0OC0xMzU5MWFkYWNlODjYAgXgAgE&sid=f990c8e44d8a49a026ee40f8b9e3b3a2&aid=304142&ucfs=1&arphpl=1&checkin=2025-02-09&checkout=2025-02-16&dest_id=-372490&dest_type=city&group_adults=2&req_adults=2&no_rooms=1&group_children=0&req_children=0&hpos=10&hapos=542&sr_order=popularity&srpvid=91357ea171dd08a0&srepoch=1738173691&all_sr_blocks=1128007311_385441386_4_0_0&highlighted_blocks=1128007311_385441386_4_0_0&matching_block_id=1128007311_385441386_4_0_0&sr_pri_blocks=1128007311_385441386_4_0_0__126392&from=searchresults
Hotel Denit Barcelona,"Ciutat Vella, Barcelona",https://www.booking.com/hotel/es/denit-barcelona.html?label=gen173nr-1BCAEoggI46AdSAnVzWARoRogBAZgBMbgBGcgBD9gBAegBAYgCAagCA7gC-NjpvAbAAgHSAiQ4ZGVlZWVhMi1mOTI5LTRmOWQtOTk0OC0xMzU5MWFkYWNlODjYAgXgAgE&sid=f990c8e44d8a49a026ee40f8b9e3b3a2&aid=304142&ucfs=1&arphpl=1&checkin=2025-02-09&checkout=2025-02-16&dest_id=-372490&dest_type=city&group_adults=2&req_adults=2&no_rooms=1&group_children=0&req_children=0&hpos=11&hapos=543&sr_order=popularity&srpvid=91357ea171dd08a0&srepoch=1738173691&all_sr_blocks=0_0_2_0_0&highlighted_blocks=0_0_2_0_0&matching_block_id=0_0_2_0_0&sr_pri_blocks=0_0_2_0_0__99685&from=searchresults
Central Apartment,"Sants-Montjuïc, Barcelona",https://www.booking.com/hotel/es/rentbcn-central.html?label=gen173nr-1BCAEoggI46AdSAnVzWARoRogBAZgBMbgBGcgBD9gBAegBAYgCAagCA7gC-NjpvAbAAgHSAiQ4ZGVlZWVhMi1mOTI5LTRmOWQtOTk0OC0xMzU5MWFkYWNlODjYAgXgAgE&sid=f990c8e44d8a49a026ee40f8b9e3b3a2&aid=304142&ucfs=1&arphpl=1&checkin=2025-02-09&checkout=2025-02-16&dest_id=-372490&dest_type=city&group_adults=2&req_adults=2&no_rooms=1&group_children=0&req_children=0&hpos=12&hapos=544&sr_order=popularity&srpvid=91357ea171dd08a0&srepoch=1738173691&all_sr_blocks=311847101_113132027_4_0_0&highlighted_blocks=311847101_113132027_4_0_0&matching_block_id=311847101_113132027_4_0_0&sr_pri_blocks=311847101_113132027_4_0_0__100469&from=searchresults
Suites Avenue,"Eixample, Barcelona",https://www.booking.com/hotel/es/suites-avenue.html?label=gen173nr-1BCAEoggI46AdSAnVzWARoRogBAZgBMbgBGcgBD9gBAegBAYgCAagCA7gC-NjpvAbAAgHSAiQ4ZGVlZWVhMi1mOTI5LTRmOWQtOTk0OC0xMzU5MWFkYWNlODjYAgXgAgE&sid=f990c8e44d8a49a026ee40f8b9e3b3a2&aid=304142&ucfs=1&arphpl=1&checkin=2025-02-09&checkout=2025-02-16&dest_id=-372490&dest_type=city&group_adults=2&req_adults=2&no_rooms=1&group_children=0&req_children=0&hpos=13&hapos=545&sr_order=popularity&srpvid=91357ea171dd08a0&srepoch=1738173691&all_sr_blocks=2396703_95147845_0_0_0&highlighted_blocks=2396703_95147845_0_0_0&matching_block_id=2396703_95147845_0_0_0&sr_pri_blocks=2396703_95147845_0_0_0__153632&from=searchresults
Apartamento 1 habitación cerca Sants-Estación,"Sants-Montjuïc, Barcelona",https://www.booking.com/hotel/es/apartamento-1-habitacion-cerca-sants-estacion.html?label=gen173nr-1BCAEoggI46AdSAnVzWARoRogBAZgBMbgBGcgBD9gBAegBAYgCAagCA7gC-NjpvAbAAgHSAiQ4ZGVlZWVhMi1mOTI5LTRmOWQtOTk0OC0xMzU5MWFkYWNlODjYAgXgAgE&sid=f990c8e44d8a49a026ee40f8b9e3b3a2&aid=304142&ucfs=1&arphpl=1&checkin=2025-02-09&checkout=2025-02-16&dest_id=-372490&dest_type=city&group_adults=2&req_adults=2&no_rooms=1&group_children=0&req_children=0&hpos=14&hapos=546&sr_order=popularity&srpvid=91357ea171dd08a0&srepoch=1738173691&all_sr_blocks=1230707801_395054355_2_0_0&highlighted_blocks=1230707801_395054355_2_0_0&matching_block_id=1230707801_395054355_2_0_0&sr_pri_blocks=1230707801_395054355_2_0_0__98392&from=searchresults
AB Comte d'Urgell - 2512,"Eixample, Barcelona",https://www.booking.com/hotel/es/2512-ab-comte-d-urgell.html?label=gen173nr-1BCAEoggI46AdSAnVzWARoRogBAZgBMbgBGcgBD9gBAegBAYgCAagCA7gC-NjpvAbAAgHSAiQ4ZGVlZWVhMi1mOTI5LTRmOWQtOTk0OC0xMzU5MWFkYWNlODjYAgXgAgE&sid=f990c8e44d8a49a026ee40f8b9e3b3a2&aid=304142&ucfs=1&arphpl=1&checkin=2025-02-09&checkout=2025-02-16&dest_id=-372490&dest_type=city&group_adults=2&req_adults=2&no_rooms=1&group_children=0&req_children=0&hpos=15&hapos=547&sr_order=popularity&srpvid=91357ea171dd08a0&srepoch=1738173691&all_sr_blocks=1161096902_388812363_6_0_0&highlighted_blocks=1161096902_388812363_6_0_0&matching_block_id=1161096902_388812363_6_0_0&sr_pri_blocks=1161096902_388812363_6_0_0__134052&from=searchresults
Alcam Paseo de Gracia,"Eixample, Barcelona",https://www.booking.com/hotel/es/monet.html?label=gen173nr-1BCAEoggI46AdSAnVzWARoRogBAZgBMbgBGcgBD9gBAegBAYgCAagCA7gC-NjpvAbAAgHSAiQ4ZGVlZWVhMi1mOTI5LTRmOWQtOTk0OC0xMzU5MWFkYWNlODjYAgXgAgE&sid=f990c8e44d8a49a026ee40f8b9e3b3a2&aid=304142&ucfs=1&arphpl=1&checkin=2025-02-09&checkout=2025-02-16&dest_id=-372490&dest_type=city&group_adults=2&req_adults=2&no_rooms=1&group_children=0&req_children=0&hpos=16&hapos=548&sr_order=popularity&srpvid=91357ea171dd08a0&srepoch=1738173691&all_sr_blocks=158500202_218778193_0_0_0&highlighted_blocks=158500202_218778193_0_0_0&matching_block_id=158500202_218778193_0_0_0&sr_pri_blocks=158500202_218778193_0_0_0__174989&from=searchresults
Apartaments Marina - Abapart,"Eixample, Barcelona",https://www.booking.com/hotel/es/apartmentsmarina.html?label=gen173nr-1BCAEoggI46AdSAnVzWARoRogBAZgBMbgBGcgBD9gBAegBAYgCAagCA7gC-NjpvAbAAgHSAiQ4ZGVlZWVhMi1mOTI5LTRmOWQtOTk0OC0xMzU5MWFkYWNlODjYAgXgAgE&sid=f990c8e44d8a49a026ee40f8b9e3b3a2&aid=304142&ucfs=1&arphpl=1&checkin=2025-02-09&checkout=2025-02-16&dest_id=-372490&dest_type=city&group_adults=2&req_adults=2&no_rooms=1&group_children=0&req_children=0&hpos=17&hapos=549&sr_order=popularity&srpvid=91357ea171dd08a0&srepoch=1738173691&all_sr_blocks=9116012_0_2_0_0&highlighted_blocks=9116012_0_2_0_0&matching_block_id=9116012_0_2_0_0&sr_pri_blocks=9116012_0_2_0_0__102660&from=searchresults
Cosmopolitan,"Sants-Montjuïc, Barcelona",https://www.booking.com/hotel/es/cosmopolitan-hutb-006845.html?label=gen173nr-1BCAEoggI46AdSAnVzWARoRogBAZgBMbgBGcgBD9gBAegBAYgCAagCA7gC-NjpvAbAAgHSAiQ4ZGVlZWVhMi1mOTI5LTRmOWQtOTk0OC0xMzU5MWFkYWNlODjYAgXgAgE&sid=f990c8e44d8a49a026ee40f8b9e3b3a2&aid=304142&ucfs=1&arphpl=1&checkin=2025-02-09&checkout=2025-02-16&dest_id=-372490&dest_type=city&group_adults=2&req_adults=2&no_rooms=1&group_children=0&req_children=0&hpos=18&hapos=550&sr_order=popularity&srpvid=91357ea171dd08a0&srepoch=1738173691&all_sr_blocks=114092701_326826719_2_0_0&highlighted_blocks=114092701_326826719_2_0_0&matching_block_id=114092701_326826719_2_0_0&sr_pri_blocks=114092701_326826719_2_0_0__105582&from=searchresults
Alcam Alio 2,"Gràcia, Barcelona",https://www.booking.com/hotel/es/alcam-alio-2-barcelona123456789101112131415.html?label=gen173nr-1BCAEoggI46AdSAnVzWARoRogBAZgBMbgBGcgBD9gBAegBAYgCAagCA7gC-NjpvAbAAgHSAiQ4ZGVlZWVhMi1mOTI5LTRmOWQtOTk0OC0xMzU5MWFkYWNlODjYAgXgAgE&sid=f990c8e44d8a49a026ee40f8b9e3b3a2&aid=304142&ucfs=1&arphpl=1&checkin=2025-02-09&checkout=2025-02-16&dest_id=-372490&dest_type=city&group_adults=2&req_adults=2&no_rooms=1&group_children=0&req_children=0&hpos=19&hapos=551&sr_order=popularity&srpvid=91357ea171dd08a0&srepoch=1738173691&all_sr_blocks=368785401_119505773_0_0_0&highlighted_blocks=368785401_119505773_0_0_0&matching_block_id=368785401_119505773_0_0_0&sr_pri_blocks=368785401_119505773_0_0_0__105392&from=searchresults
Enjoybcn Patio de Gala,"Gràcia, Barcelona",https://www.booking.com/hotel/es/city-stays-diagonal-magnolia-apartments.html?label=gen173nr-1BCAEoggI46AdSAnVzWARoRogBAZgBMbgBGcgBD9gBAegBAYgCAagCA7gC-NjpvAbAAgHSAiQ4ZGVlZWVhMi1mOTI5LTRmOWQtOTk0OC0xMzU5MWFkYWNlODjYAgXgAgE&sid=f990c8e44d8a49a026ee40f8b9e3b3a2&aid=304142&ucfs=1&arphpl=1&checkin=2025-02-09&checkout=2025-02-16&dest_id=-372490&dest_type=city&group_adults=2&req_adults=2&no_rooms=1&group_children=0&req_children=0&hpos=20&hapos=552&sr_order=popularity&srpvid=91357ea171dd08a0&srepoch=1738173691&all_sr_blocks=48394216_353170066_4_2_0&highlighted_blocks=48394216_353170066_4_2_0&matching_block_id=48394216_353170066_4_2_0&sr_pri_blocks=48394216_353170066_4_2_0__114044&from=searchresults
TSA La Rambla,"Ciutat Vella, Barcelona",https://www.booking.com/hotel/es/the-streets-apartments-rambla-barcelona.html?label=gen173nr-1BCAEoggI46AdSAnVzWARoRogBAZgBMbgBGcgBD9gBAegBAYgCAagCA7gC-NjpvAbAAgHSAiQ4ZGVlZWVhMi1mOTI5LTRmOWQtOTk0OC0xMzU5MWFkYWNlODjYAgXgAgE&sid=f990c8e44d8a49a026ee40f8b9e3b3a2&aid=304142&ucfs=1&arphpl=1&checkin=2025-02-09&checkout=2025-02-16&dest_id=-372490&dest_type=city&group_adults=2&req_adults=2&no_rooms=1&group_children=0&req_children=0&hpos=21&hapos=553&sr_order=popularity&srpvid=91357ea171dd08a0&srepoch=1738173691&all_sr_blocks=997178901_372582803_2_0_0&highlighted_blocks=997178901_372582803_2_0_0&matching_block_id=997178901_372582803_2_0_0&sr_pri_blocks=997178901_372582803_2_0_0__139988&from=searchresults
Barcelona cozy apartment,"Sants-Montjuïc, Barcelona",https://www.booking.com/hotel/es/barcelona-cozy-apartment-barcelona.html?label=gen173nr-1BCAEoggI46AdSAnVzWARoRogBAZgBMbgBGcgBD9gBAegBAYgCAagCA7gC-NjpvAbAAgHSAiQ4ZGVlZWVhMi1mOTI5LTRmOWQtOTk0OC0xMzU5MWFkYWNlODjYAgXgAgE&sid=f990c8e44d8a49a026ee40f8b9e3b3a2&aid=304142&ucfs=1&arphpl=1&checkin=2025-02-09&checkout=2025-02-16&dest_id=-372490&dest_type=city&group_adults=2&req_adults=2&no_rooms=1&group_children=0&req_children=0&hpos=22&hapos=554&sr_order=popularity&srpvid=91357ea171dd08a0&srepoch=1738173691&all_sr_blocks=870261101_402143696_2_0_0&highlighted_blocks=870261101_402143696_2_0_0&matching_block_id=870261101_402143696_2_0_0&sr_pri_blocks=870261101_402143696_2_0_0__113062&from=searchresults
Sunny Apartments Barcelona,"Gràcia, Barcelona",https://www.booking.com/hotel/es/sunny-apartments.html?label=gen173nr-1BCAEoggI46AdSAnVzWARoRogBAZgBMbgBGcgBD9gBAegBAYgCAagCA7gC-NjpvAbAAgHSAiQ4ZGVlZWVhMi1mOTI5LTRmOWQtOTk0OC0xMzU5MWFkYWNlODjYAgXgAgE&sid=f990c8e44d8a49a026ee40f8b9e3b3a2&aid=304142&ucfs=1&arphpl=1&checkin=2025-02-09&checkout=2025-02-16&dest_id=-372490&dest_type=city&group_adults=2&req_adults=2&no_rooms=1&group_children=0&req_children=0&hpos=23&hapos=555&sr_order=popularity&srpvid=91357ea171dd08a0&srepoch=1738173691&all_sr_blocks=100075104_329653494_0_0_0&highlighted_blocks=100075104_329653494_0_0_0&matching_block_id=100075104_329653494_0_0_0&sr_pri_blocks=100075104_329653494_0_0_0__113632&from=searchresults
Bonito apartamento en el Eixample,"Eixample, Barcelona",https://www.booking.com/hotel/es/bonito-apartamento-en-el-eixample.html?label=gen173nr-1BCAEoggI46AdSAnVzWARoRogBAZgBMbgBGcgBD9gBAegBAYgCAagCA7gC-NjpvAbAAgHSAiQ4ZGVlZWVhMi1mOTI5LTRmOWQtOTk0OC0xMzU5MWFkYWNlODjYAgXgAgE&sid=f990c8e44d8a49a026ee40f8b9e3b3a2&aid=304142&ucfs=1&arphpl=1&checkin=2025-02-09&checkout=2025-02-16&dest_id=-372490&dest_type=city&group_adults=2&req_adults=2&no_rooms=1&group_children=0&req_children=0&hpos=24&hapos=556&sr_order=popularity&srpvid=91357ea171dd08a0&srepoch=1738173691&all_sr_blocks=1244006801_396359489_6_0_0&highlighted_blocks=1244006801_396359489_6_0_0&matching_block_id=1244006801_396359489_6_0_0&sr_pri_blocks=1244006801_396359489_6_0_0__108723&from=searchresults
Seneca7 near paseo de gracia,"Gràcia, Barcelona",https://www.booking.com/hotel/es/seneca7-near-paseo-de-gracia.html?label=gen173nr-1BCAEoggI46AdSAnVzWARoRogBAZgBMbgBGcgBD9gBAegBAYgCAagCA7gC-NjpvAbAAgHSAiQ4ZGVlZWVhMi1mOTI5LTRmOWQtOTk0OC0xMzU5MWFkYWNlODjYAgXgAgE&sid=f990c8e44d8a49a026ee40f8b9e3b3a2&aid=304142&ucfs=1&arphpl=1&checkin=2025-02-09&checkout=2025-02-16&dest_id=-372490&dest_type=city&group_adults=2&req_adults=2&no_rooms=1&group_children=0&req_children=0&hpos=25&hapos=557&sr_order=popularity&srpvid=91357ea171dd08a0&srepoch=1738173691&all_sr_blocks=752314302_331780152_0_0_0&highlighted_blocks=752314302_331780152_0_0_0&matching_block_id=752314302_331780152_0_0_0&sr_pri_blocks=752314302_331780152_0_0_0__150614&from=searchresults
Hostal Muntaner,"Eixample, Barcelona",https://www.booking.com/hotel/es/hostal-muntaner.html?label=gen173nr-1BCAEoggI46AdSAnVzWARoRogBAZgBMbgBGcgBD9gBAegBAYgCAagCA7gC-NjpvAbAAgHSAiQ4ZGVlZWVhMi1mOTI5LTRmOWQtOTk0OC0xMzU5MWFkYWNlODjYAgXgAgE&sid=f990c8e44d8a49a026ee40f8b9e3b3a2&aid=304142&ucfs=1&arphpl=1&checkin=2025-02-09&checkout=2025-02-16&dest_id=-372490&dest_type=city&group_adults=2&req_adults=2&no_rooms=1&group_children=0&req_children=0&hpos=1&hapos=558&sr_order=popularity&srpvid=91357ea171dd08a0&srepoch=1738173694&all_sr_blocks=45998605_82185964_0_0_0&highlighted_blocks=45998605_82185964_0_0_0&matching_block_id=45998605_82185964_0_0_0&sr_pri_blocks=45998605_82185964_0_0_0__73000&from=searchresults
Bird House,"Eixample, Barcelona",https://www.booking.com/hotel/es/bird-house.html?label=gen173nr-1BCAEoggI46AdSAnVzWARoRogBAZgBMbgBGcgBD9gBAegBAYgCAagCA7gC-NjpvAbAAgHSAiQ4ZGVlZWVhMi1mOTI5LTRmOWQtOTk0OC0xMzU5MWFkYWNlODjYAgXgAgE&sid=f990c8e44d8a49a026ee40f8b9e3b3a2&aid=304142&ucfs=1&arphpl=1&checkin=2025-02-09&checkout=2025-02-16&dest_id=-372490&dest_type=city&group_adults=2&req_adults=2&no_rooms=1&group_children=0&req_children=0&hpos=2&hapos=559&sr_order=popularity&srpvid=91357ea171dd08a0&srepoch=1738173694&all_sr_blocks=42403201_364745262_3_2_0&highlighted_blocks=42403201_364745262_3_2_0&matching_block_id=42403201_364745262_3_2_0&sr_pri_blocks=42403201_364745262_3_2_0__84629&from=searchresults
Centric apartment,"Gràcia, Barcelona",https://www.booking.com/hotel/es/centric-apartment-barcelona1.html?label=gen173nr-1BCAEoggI46AdSAnVzWARoRogBAZgBMbgBGcgBD9gBAegBAYgCAagCA7gC-NjpvAbAAgHSAiQ4ZGVlZWVhMi1mOTI5LTRmOWQtOTk0OC0xMzU5MWFkYWNlODjYAgXgAgE&sid=f990c8e44d8a49a026ee40f8b9e3b3a2&aid=304142&ucfs=1&arphpl=1&checkin=2025-02-09&checkout=2025-02-16&dest_id=-372490&dest_type=city&group_adults=2&req_adults=2&no_rooms=1&group_children=0&req_children=0&hpos=3&hapos=560&sr_order=popularity&srpvid=91357ea171dd08a0&srepoch=1738173694&all_sr_blocks=902430901_361053993_2_0_0&highlighted_blocks=902430901_361053993_2_0_0&matching_block_id=902430901_361053993_2_0_0&sr_pri_blocks=902430901_361053993_2_0_0__83288&from=searchresults
Barcelona City Rooms,"Gràcia, Barcelona",https://www.booking.com/hotel/es/hostal-sagrada-familia.html?label=gen173nr-1BCAEoggI46AdSAnVzWARoRogBAZgBMbgBGcgBD9gBAegBAYgCAagCA7gC-NjpvAbAAgHSAiQ4ZGVlZWVhMi1mOTI5LTRmOWQtOTk0OC0xMzU5MWFkYWNlODjYAgXgAgE&sid=f990c8e44d8a49a026ee40f8b9e3b3a2&aid=304142&ucfs=1&arphpl=1&checkin=2025-02-09&checkout=2025-02-16&dest_id=-372490&dest_type=city&group_adults=2&req_adults=2&no_rooms=1&group_children=0&req_children=0&hpos=4&hapos=561&sr_order=popularity&srpvid=91357ea171dd08a0&srepoch=1738173694&all_sr_blocks=34908118_310952673_2_2_0&highlighted_blocks=34908118_310952673_2_2_0&matching_block_id=34908118_310952673_2_2_0&sr_pri_blocks=34908118_310952673_2_2_0__84175&from=searchresults
W Barcelona,"Ciutat Vella, Barcelona",https://www.booking.com/hotel/es/w-barcelona.html?label=gen173nr-1BCAEoggI46AdSAnVzWARoRogBAZgBMbgBGcgBD9gBAegBAYgCAagCA7gC-NjpvAbAAgHSAiQ4ZGVlZWVhMi1mOTI5LTRmOWQtOTk0OC0xMzU5MWFkYWNlODjYAgXgAgE&sid=f990c8e44d8a49a026ee40f8b9e3b3a2&aid=304142&ucfs=1&arphpl=1&checkin=2025-02-09&checkout=2025-02-16&dest_id=-372490&dest_type=city&group_adults=2&req_adults=2&no_rooms=1&group_children=0&req_children=0&hpos=5&hapos=562&sr_order=popularity&srpvid=91357ea171dd08a0&srepoch=1738173694&all_sr_blocks=4922621_93698978_0_2_0&highlighted_blocks=4922621_93698978_0_2_0&matching_block_id=4922621_93698978_0_2_0&sr_pri_blocks=4922621_93698978_0_2_0__405653&from_sustainable_property_sr=1&from=searchresults
Bcn Town Apartments Born,"Ciutat Vella, Barcelona",https://www.booking.com/hotel/es/bcn-town-apartments-born.html?label=gen173nr-1BCAEoggI46AdSAnVzWARoRogBAZgBMbgBGcgBD9gBAegBAYgCAagCA7gC-NjpvAbAAgHSAiQ4ZGVlZWVhMi1mOTI5LTRmOWQtOTk0OC0xMzU5MWFkYWNlODjYAgXgAgE&sid=f990c8e44d8a49a026ee40f8b9e3b3a2&aid=304142&ucfs=1&arphpl=1&checkin=2025-02-09&checkout=2025-02-16&dest_id=-372490&dest_type=city&group_adults=2&req_adults=2&no_rooms=1&group_children=0&req_children=0&hpos=6&hapos=563&sr_order=popularity&srpvid=91357ea171dd08a0&srepoch=1738173694&all_sr_blocks=35967001_384032655_2_0_0&highlighted_blocks=35967001_384032655_2_0_0&matching_block_id=35967001_384032655_2_0_0&sr_pri_blocks=35967001_384032655_2_0_0__154632&from=searchresults
Alcam Montjuic,"Sants-Montjuïc, Barcelona",https://www.booking.com/hotel/es/alcam-montjuic.html?label=gen173nr-1BCAEoggI46AdSAnVzWARoRogBAZgBMbgBGcgBD9gBAegBAYgCAagCA7gC-NjpvAbAAgHSAiQ4ZGVlZWVhMi1mOTI5LTRmOWQtOTk0OC0xMzU5MWFkYWNlODjYAgXgAgE&sid=f990c8e44d8a49a026ee40f8b9e3b3a2&aid=304142&ucfs=1&arphpl=1&checkin=2025-02-09&checkout=2025-02-16&dest_id=-372490&dest_type=city&group_adults=2&req_adults=2&no_rooms=1&group_children=0&req_children=0&hpos=7&hapos=564&sr_order=popularity&srpvid=91357ea171dd08a0&srepoch=1738173694&all_sr_blocks=73846501_138572777_0_0_0&highlighted_blocks=73846501_138572777_0_0_0&matching_block_id=73846501_138572777_0_0_0&sr_pri_blocks=73846501_138572777_0_0_0__84616&from=searchresults
Putxet by Gaiarooms,"Sarrià-St. Gervasi, Barcelona",https://www.booking.com/hotel/es/hostal-putxet.html?label=gen173nr-1BCAEoggI46AdSAnVzWARoRogBAZgBMbgBGcgBD9gBAegBAYgCAagCA7gC-NjpvAbAAgHSAiQ4ZGVlZWVhMi1mOTI5LTRmOWQtOTk0OC0xMzU5MWFkYWNlODjYAgXgAgE&sid=f990c8e44d8a49a026ee40f8b9e3b3a2&aid=304142&ucfs=1&arphpl=1&checkin=2025-02-09&checkout=2025-02-16&dest_id=-372490&dest_type=city&group_adults=2&req_adults=2&no_rooms=1&group_children=0&req_children=0&hpos=8&hapos=565&sr_order=popularity&srpvid=91357ea171dd08a0&srepoch=1738173694&all_sr_blocks=9328605_406254467_2_0_0&highlighted_blocks=9328605_406254467_2_0_0&matching_block_id=9328605_406254467_2_0_0&sr_pri_blocks=9328605_406254467_2_0_0__82493&from=searchresults
Ampersand - Bright 2-Bedroom Apartment,"Gràcia, Barcelona",https://www.booking.com/hotel/es/ampersand-bright-2-bedroom-apartment.html?label=gen173nr-1BCAEoggI46AdSAnVzWARoRogBAZgBMbgBGcgBD9gBAegBAYgCAagCA7gC-NjpvAbAAgHSAiQ4ZGVlZWVhMi1mOTI5LTRmOWQtOTk0OC0xMzU5MWFkYWNlODjYAgXgAgE&sid=f990c8e44d8a49a026ee40f8b9e3b3a2&aid=304142&ucfs=1&arphpl=1&checkin=2025-02-09&checkout=2025-02-16&dest_id=-372490&dest_type=city&group_adults=2&req_adults=2&no_rooms=1&group_children=0&req_children=0&hpos=9&hapos=566&sr_order=popularity&srpvid=91357ea171dd08a0&srepoch=1738173694&all_sr_blocks=1183325602_407413854_4_0_0&highlighted_blocks=1183325602_407413854_4_0_0&matching_block_id=1183325602_407413854_4_0_0&sr_pri_blocks=1183325602_407413854_4_0_0__150313&from=searchresults
Casa Camper Barcelona,"Ciutat Vella, Barcelona",https://www.booking.com/hotel/es/casa-camper.html?label=gen173nr-1BCAEoggI46AdSAnVzWARoRogBAZgBMbgBGcgBD9gBAegBAYgCAagCA7gC-NjpvAbAAgHSAiQ4ZGVlZWVhMi1mOTI5LTRmOWQtOTk0OC0xMzU5MWFkYWNlODjYAgXgAgE&sid=f990c8e44d8a49a026ee40f8b9e3b3a2&aid=304142&ucfs=1&arphpl=1&checkin=2025-02-09&checkout=2025-02-16&dest_id=-372490&dest_type=city&group_adults=2&req_adults=2&no_rooms=1&group_children=0&req_children=0&hpos=10&hapos=567&sr_order=popularity&srpvid=91357ea171dd08a0&srepoch=1738173694&all_sr_blocks=1670903_0_2_0_0&highlighted_blocks=1670903_0_2_0_0&matching_block_id=1670903_0_2_0_0&sr_pri_blocks=1670903_0_2_0_0__182741&from=searchresults
Barcelona Rooms 294,"Gràcia, Barcelona",https://www.booking.com/hotel/es/barcelona-rooms-yacht-barcelona-rooms-294.html?label=gen173nr-1BCAEoggI46AdSAnVzWARoRogBAZgBMbgBGcgBD9gBAegBAYgCAagCA7gC-NjpvAbAAgHSAiQ4ZGVlZWVhMi1mOTI5LTRmOWQtOTk0OC0xMzU5MWFkYWNlODjYAgXgAgE&sid=f990c8e44d8a49a026ee40f8b9e3b3a2&aid=304142&ucfs=1&arphpl=1&checkin=2025-02-09&checkout=2025-02-16&dest_id=-372490&dest_type=city&group_adults=2&req_adults=2&no_rooms=1&group_children=0&req_children=0&hpos=11&hapos=568&sr_order=popularity&srpvid=91357ea171dd08a0&srepoch=1738173694&all_sr_blocks=35228307_235707271_2_0_0&highlighted_blocks=35228307_235707271_2_0_0&matching_block_id=35228307_235707271_2_0_0&sr_pri_blocks=35228307_235707271_2_0_0__68500&from=searchresults
Good-Apartments Barcelona,"Sant Martí, Barcelona",https://www.booking.com/hotel/es/glories-apartamentos.html?label=gen173nr-1BCAEoggI46AdSAnVzWARoRogBAZgBMbgBGcgBD9gBAegBAYgCAagCA7gC-NjpvAbAAgHSAiQ4ZGVlZWVhMi1mOTI5LTRmOWQtOTk0OC0xMzU5MWFkYWNlODjYAgXgAgE&sid=f990c8e44d8a49a026ee40f8b9e3b3a2&aid=304142&ucfs=1&arphpl=1&checkin=2025-02-09&checkout=2025-02-16&dest_id=-372490&dest_type=city&group_adults=2&req_adults=2&no_rooms=1&group_children=0&req_children=0&hpos=12&hapos=569&sr_order=popularity&srpvid=91357ea171dd08a0&srepoch=1738173694&all_sr_blocks=31093208_388143079_3_0_0&highlighted_blocks=31093208_388143079_3_0_0&matching_block_id=31093208_388143079_3_0_0&sr_pri_blocks=31093208_388143079_3_0_0__124432&from=searchresults
Spacious 4 Bedroom Apartment Fira BCN & Camp Nou,"Sants-Montjuïc, Barcelona",https://www.booking.com/hotel/es/spacious-4-bedroom-apartment-fira-bcn-amp-camp-nou.html?label=gen173nr-1BCAEoggI46AdSAnVzWARoRogBAZgBMbgBGcgBD9gBAegBAYgCAagCA7gC-NjpvAbAAgHSAiQ4ZGVlZWVhMi1mOTI5LTRmOWQtOTk0OC0xMzU5MWFkYWNlODjYAgXgAgE&sid=f990c8e44d8a49a026ee40f8b9e3b3a2&aid=304142&ucfs=1&arphpl=1&checkin=2025-02-09&checkout=2025-02-16&dest_id=-372490&dest_type=city&group_adults=2&req_adults=2&no_rooms=1&group_children=0&req_children=0&hpos=13&hapos=570&sr_order=popularity&srpvid=91357ea171dd08a0&srepoch=1738173694&all_sr_blocks=263471101_369771586_5_0_0&highlighted_blocks=263471101_369771586_5_0_0&matching_block_id=263471101_369771586_5_0_0&sr_pri_blocks=263471101_369771586_5_0_0__140472&from=searchresults
Lovely apartment with a terrace,"Eixample, Barcelona",https://www.booking.com/hotel/es/apartamento-urgell-barcelona.html?label=gen173nr-1BCAEoggI46AdSAnVzWARoRogBAZgBMbgBGcgBD9gBAegBAYgCAagCA7gC-NjpvAbAAgHSAiQ4ZGVlZWVhMi1mOTI5LTRmOWQtOTk0OC0xMzU5MWFkYWNlODjYAgXgAgE&sid=f990c8e44d8a49a026ee40f8b9e3b3a2&aid=304142&ucfs=1&arphpl=1&checkin=2025-02-09&checkout=2025-02-16&dest_id=-372490&dest_type=city&group_adults=2&req_adults=2&no_rooms=1&group_children=0&req_children=0&hpos=14&hapos=571&sr_order=popularity&srpvid=91357ea171dd08a0&srepoch=1738173694&all_sr_blocks=138466701_88512044_2_0_0_537171&highlighted_blocks=138466701_88512044_2_0_0_537171&matching_block_id=138466701_88512044_2_0_0_537171&sr_pri_blocks=138466701_88512044_2_0_0_537171_98328&from=searchresults
Ohla Eixample,"Eixample, Barcelona",https://www.booking.com/hotel/es/ohla-eixample.html?label=gen173nr-1BCAEoggI46AdSAnVzWARoRogBAZgBMbgBGcgBD9gBAegBAYgCAagCA7gC-NjpvAbAAgHSAiQ4ZGVlZWVhMi1mOTI5LTRmOWQtOTk0OC0xMzU5MWFkYWNlODjYAgXgAgE&sid=f990c8e44d8a49a026ee40f8b9e3b3a2&aid=304142&ucfs=1&arphpl=1&checkin=2025-02-09&checkout=2025-02-16&dest_id=-372490&dest_type=city&group_adults=2&req_adults=2&no_rooms=1&group_children=0&req_children=0&hpos=15&hapos=572&sr_order=popularity&srpvid=91357ea171dd08a0&srepoch=1738173694&all_sr_blocks=156648201_0_2_1_0&highlighted_blocks=156648201_0_2_1_0&matching_block_id=156648201_0_2_1_0&sr_pri_blocks=156648201_0_2_1_0__166255&from_sustainable_property_sr=1&from=searchresults
La Fira,"Sants-Montjuïc, Barcelona",https://www.booking.com/hotel/es/la-fira-barcelona.html?label=gen173nr-1BCAEoggI46AdSAnVzWARoRogBAZgBMbgBGcgBD9gBAegBAYgCAagCA7gC-NjpvAbAAgHSAiQ4ZGVlZWVhMi1mOTI5LTRmOWQtOTk0OC0xMzU5MWFkYWNlODjYAgXgAgE&sid=f990c8e44d8a49a026ee40f8b9e3b3a2&aid=304142&ucfs=1&arphpl=1&checkin=2025-02-09&checkout=2025-02-16&dest_id=-372490&dest_type=city&group_adults=2&req_adults=2&no_rooms=1&group_children=0&req_children=0&hpos=16&hapos=573&sr_order=popularity&srpvid=91357ea171dd08a0&srepoch=1738173694&all_sr_blocks=88243303_88506176_2_0_0&highlighted_blocks=88243303_88506176_2_0_0&matching_block_id=88243303_88506176_2_0_0&sr_pri_blocks=88243303_88506176_2_0_0__114972&from=searchresults
Apartamento en Barcelona Lab,"Sant Martí, Barcelona",https://www.booking.com/hotel/es/apartamento-en-barcelona-lab.html?label=gen173nr-1BCAEoggI46AdSAnVzWARoRogBAZgBMbgBGcgBD9gBAegBAYgCAagCA7gC-NjpvAbAAgHSAiQ4ZGVlZWVhMi1mOTI5LTRmOWQtOTk0OC0xMzU5MWFkYWNlODjYAgXgAgE&sid=f990c8e44d8a49a026ee40f8b9e3b3a2&aid=304142&ucfs=1&arphpl=1&checkin=2025-02-09&checkout=2025-02-16&dest_id=-372490&dest_type=city&group_adults=2&req_adults=2&no_rooms=1&group_children=0&req_children=0&hpos=17&hapos=574&sr_order=popularity&srpvid=91357ea171dd08a0&srepoch=1738173694&all_sr_blocks=1309664601_403746917_4_0_0&highlighted_blocks=1309664601_403746917_4_0_0&matching_block_id=1309664601_403746917_4_0_0&sr_pri_blocks=1309664601_403746917_4_0_0__102686&from=searchresults
Deep Purple,"Sants-Montjuïc, Barcelona",https://www.booking.com/hotel/es/deep-purple.html?label=gen173nr-1BCAEoggI46AdSAnVzWARoRogBAZgBMbgBGcgBD9gBAegBAYgCAagCA7gC-NjpvAbAAgHSAiQ4ZGVlZWVhMi1mOTI5LTRmOWQtOTk0OC0xMzU5MWFkYWNlODjYAgXgAgE&sid=f990c8e44d8a49a026ee40f8b9e3b3a2&aid=304142&ucfs=1&arphpl=1&checkin=2025-02-09&checkout=2025-02-16&dest_id=-372490&dest_type=city&group_adults=2&req_adults=2&no_rooms=1&group_children=0&req_children=0&hpos=18&hapos=575&sr_order=popularity&srpvid=91357ea171dd08a0&srepoch=1738173694&all_sr_blocks=167068001_326831559_2_0_0&highlighted_blocks=167068001_326831559_2_0_0&matching_block_id=167068001_326831559_2_0_0&sr_pri_blocks=167068001_326831559_2_0_0__108907&from=searchresults
Alguera Apartments Sant Andreu,"Sant Andreu, Barcelona",https://www.booking.com/hotel/es/alguera-apartments-sant-andreu.html?label=gen173nr-1BCAEoggI46AdSAnVzWARoRogBAZgBMbgBGcgBD9gBAegBAYgCAagCA7gC-NjpvAbAAgHSAiQ4ZGVlZWVhMi1mOTI5LTRmOWQtOTk0OC0xMzU5MWFkYWNlODjYAgXgAgE&sid=f990c8e44d8a49a026ee40f8b9e3b3a2&aid=304142&ucfs=1&arphpl=1&checkin=2025-02-09&checkout=2025-02-16&dest_id=-372490&dest_type=city&group_adults=2&req_adults=2&no_rooms=1&group_children=0&req_children=0&hpos=19&hapos=576&sr_order=popularity&srpvid=91357ea171dd08a0&srepoch=1738173694&all_sr_blocks=38872303_395923411_0_0_0&highlighted_blocks=38872303_395923411_0_0_0&matching_block_id=38872303_395923411_0_0_0&sr_pri_blocks=38872303_395923411_0_0_0__103058&from=searchresults
BCN Condal Hostal,"Eixample, Barcelona",https://www.booking.com/hotel/es/p-hostal-satram.html?label=gen173nr-1BCAEoggI46AdSAnVzWARoRogBAZgBMbgBGcgBD9gBAegBAYgCAagCA7gC-NjpvAbAAgHSAiQ4ZGVlZWVhMi1mOTI5LTRmOWQtOTk0OC0xMzU5MWFkYWNlODjYAgXgAgE&sid=f990c8e44d8a49a026ee40f8b9e3b3a2&aid=304142&ucfs=1&arphpl=1&checkin=2025-02-09&checkout=2025-02-16&dest_id=-372490&dest_type=city&group_adults=2&req_adults=2&no_rooms=1&group_children=0&req_children=0&hpos=20&hapos=577&sr_order=popularity&srpvid=91357ea171dd08a0&srepoch=1738173694&all_sr_blocks=9777502_164643909_0_0_0&highlighted_blocks=9777502_164643909_0_0_0&matching_block_id=9777502_164643909_0_0_0&sr_pri_blocks=9777502_164643909_0_0_0__65300&from=searchresults
Apartment Vila Olimpica Sant Marti by Interhome,"Sant Martí, Barcelona",https://www.booking.com/hotel/es/apartment-jaume-vicenc-vives-barcelona.html?label=gen173nr-1BCAEoggI46AdSAnVzWARoRogBAZgBMbgBGcgBD9gBAegBAYgCAagCA7gC-NjpvAbAAgHSAiQ4ZGVlZWVhMi1mOTI5LTRmOWQtOTk0OC0xMzU5MWFkYWNlODjYAgXgAgE&sid=f990c8e44d8a49a026ee40f8b9e3b3a2&aid=304142&ucfs=1&arphpl=1&checkin=2025-02-09&checkout=2025-02-16&dest_id=-372490&dest_type=city&group_adults=2&req_adults=2&no_rooms=1&group_children=0&req_children=0&hpos=21&hapos=578&sr_order=popularity&srpvid=91357ea171dd08a0&srepoch=1738173694&all_sr_blocks=55233201_405291402_4_0_0&highlighted_blocks=55233201_405291402_4_0_0&matching_block_id=55233201_405291402_4_0_0&sr_pri_blocks=55233201_405291402_4_0_0__102125&from=searchresults
Torres Rojo,"Gràcia, Barcelona",https://www.booking.com/hotel/es/torres-rojo.html?label=gen173nr-1BCAEoggI46AdSAnVzWARoRogBAZgBMbgBGcgBD9gBAegBAYgCAagCA7gC-NjpvAbAAgHSAiQ4ZGVlZWVhMi1mOTI5LTRmOWQtOTk0OC0xMzU5MWFkYWNlODjYAgXgAgE&sid=f990c8e44d8a49a026ee40f8b9e3b3a2&aid=304142&ucfs=1&arphpl=1&checkin=2025-02-09&checkout=2025-02-16&dest_id=-372490&dest_type=city&group_adults=2&req_adults=2&no_rooms=1&group_children=0&req_children=0&hpos=22&hapos=579&sr_order=popularity&srpvid=91357ea171dd08a0&srepoch=1738173694&all_sr_blocks=296438801_338517019_3_0_0&highlighted_blocks=296438801_338517019_3_0_0&matching_block_id=296438801_338517019_3_0_0&sr_pri_blocks=296438801_338517019_3_0_0__155292&from=searchresults
"Casa Consell Bailen, Guest House","Eixample, Barcelona",https://www.booking.com/hotel/es/casa-consell-bailen-barcelona.html?label=gen173nr-1BCAEoggI46AdSAnVzWARoRogBAZgBMbgBGcgBD9gBAegBAYgCAagCA7gC-NjpvAbAAgHSAiQ4ZGVlZWVhMi1mOTI5LTRmOWQtOTk0OC0xMzU5MWFkYWNlODjYAgXgAgE&sid=f990c8e44d8a49a026ee40f8b9e3b3a2&aid=304142&ucfs=1&arphpl=1&checkin=2025-02-09&checkout=2025-02-16&dest_id=-372490&dest_type=city&group_adults=2&req_adults=2&no_rooms=1&group_children=0&req_children=0&hpos=1&hapos=580&sr_order=popularity&srpvid=91357ea171dd08a0&srepoch=1738173698&all_sr_blocks=812925104_394159962_4_0_0&highlighted_blocks=812925104_394159962_4_0_0&matching_block_id=812925104_394159962_4_0_0&sr_pri_blocks=812925104_394159962_4_0_0__161700&from=searchresults
Hotel Casa Bonay,"Eixample, Barcelona",https://www.booking.com/hotel/es/casa-bonay.html?label=gen173nr-1BCAEoggI46AdSAnVzWARoRogBAZgBMbgBGcgBD9gBAegBAYgCAagCA7gC-NjpvAbAAgHSAiQ4ZGVlZWVhMi1mOTI5LTRmOWQtOTk0OC0xMzU5MWFkYWNlODjYAgXgAgE&sid=f990c8e44d8a49a026ee40f8b9e3b3a2&aid=304142&ucfs=1&arphpl=1&checkin=2025-02-09&checkout=2025-02-16&dest_id=-372490&dest_type=city&group_adults=2&req_adults=2&no_rooms=1&group_children=0&req_children=0&hpos=2&hapos=581&sr_order=popularity&srpvid=91357ea171dd08a0&srepoch=1738173698&all_sr_blocks=151190101_120204754_2_2_0&highlighted_blocks=151190101_120204754_2_2_0&matching_block_id=151190101_120204754_2_2_0&sr_pri_blocks=151190101_120204754_2_2_0__159146&from_sustainable_property_sr=1&from=searchresults
Paseo de Gracia Design,"Eixample, Barcelona",https://www.booking.com/hotel/es/paseo-de-gracia-design.html?label=gen173nr-1BCAEoggI46AdSAnVzWARoRogBAZgBMbgBGcgBD9gBAegBAYgCAagCA7gC-NjpvAbAAgHSAiQ4ZGVlZWVhMi1mOTI5LTRmOWQtOTk0OC0xMzU5MWFkYWNlODjYAgXgAgE&sid=f990c8e44d8a49a026ee40f8b9e3b3a2&aid=304142&ucfs=1&arphpl=1&checkin=2025-02-09&checkout=2025-02-16&dest_id=-372490&dest_type=city&group_adults=2&req_adults=2&no_rooms=1&group_children=0&req_children=0&hpos=3&hapos=582&sr_order=popularity&srpvid=91357ea171dd08a0&srepoch=1738173698&all_sr_blocks=217890101_367088185_0_0_0&highlighted_blocks=217890101_367088185_0_0_0&matching_block_id=217890101_367088185_0_0_0&sr_pri_blocks=217890101_367088185_0_0_0__179150&from=searchresults
BC0MV001MA - MARIA,"Eixample, Barcelona",https://www.booking.com/hotel/es/the-girona-74-apartment.html?label=gen173nr-1BCAEoggI46AdSAnVzWARoRogBAZgBMbgBGcgBD9gBAegBAYgCAagCA7gC-NjpvAbAAgHSAiQ4ZGVlZWVhMi1mOTI5LTRmOWQtOTk0OC0xMzU5MWFkYWNlODjYAgXgAgE&sid=f990c8e44d8a49a026ee40f8b9e3b3a2&aid=304142&ucfs=1&arphpl=1&checkin=2025-02-09&checkout=2025-02-16&dest_id=-372490&dest_type=city&group_adults=2&req_adults=2&no_rooms=1&group_children=0&req_children=0&hpos=4&hapos=583&sr_order=popularity&srpvid=91357ea171dd08a0&srepoch=1738173698&all_sr_blocks=587840502_238374766_4_0_0&highlighted_blocks=587840502_238374766_4_0_0&matching_block_id=587840502_238374766_4_0_0&sr_pri_blocks=587840502_238374766_4_0_0__150624&from=searchresults
catapor habitaciones para familias,"Ciutat Vella, Barcelona",https://www.booking.com/hotel/es/habitacion-con-bano-privado-para-4-personas.html?label=gen173nr-1BCAEoggI46AdSAnVzWARoRogBAZgBMbgBGcgBD9gBAegBAYgCAagCA7gC-NjpvAbAAgHSAiQ4ZGVlZWVhMi1mOTI5LTRmOWQtOTk0OC0xMzU5MWFkYWNlODjYAgXgAgE&sid=f990c8e44d8a49a026ee40f8b9e3b3a2&aid=304142&ucfs=1&arphpl=1&checkin=2025-02-09&checkout=2025-02-16&dest_id=-372490&dest_type=city&group_adults=2&req_adults=2&no_rooms=1&group_children=0&req_children=0&hpos=5&hapos=584&sr_order=popularity&srpvid=91357ea171dd08a0&srepoch=1738173698&all_sr_blocks=1256424002_398179111_7_0_0&highlighted_blocks=1256424002_398179111_7_0_0&matching_block_id=1256424002_398179111_7_0_0&sr_pri_blocks=1256424002_398179111_7_0_0__151150&from=searchresults
Casa Elliot by Bondia Hotel Group,"Eixample, Barcelona",https://www.booking.com/hotel/es/hoteladvancebarcelona.html?label=gen173nr-1BCAEoggI46AdSAnVzWARoRogBAZgBMbgBGcgBD9gBAegBAYgCAagCA7gC-NjpvAbAAgHSAiQ4ZGVlZWVhMi1mOTI5LTRmOWQtOTk0OC0xMzU5MWFkYWNlODjYAgXgAgE&sid=f990c8e44d8a49a026ee40f8b9e3b3a2&aid=304142&ucfs=1&arphpl=1&checkin=2025-02-09&checkout=2025-02-16&dest_id=-372490&dest_type=city&group_adults=2&req_adults=2&no_rooms=1&group_children=0&req_children=0&hpos=6&hapos=585&sr_order=popularity&srpvid=91357ea171dd08a0&srepoch=1738173698&all_sr_blocks=9133618_394292609_2_2_0_471457&highlighted_blocks=9133618_394292609_2_2_0_471457&matching_block_id=9133618_394292609_2_2_0_471457&sr_pri_blocks=9133618_394292609_2_2_0_471457_152513&from_sustainable_property_sr=1&from=searchresults
Hostal Drassanes,"Ciutat Vella, Barcelona",https://www.booking.com/hotel/es/hostal-drassanes.html?label=gen173nr-1BCAEoggI46AdSAnVzWARoRogBAZgBMbgBGcgBD9gBAegBAYgCAagCA7gC-NjpvAbAAgHSAiQ4ZGVlZWVhMi1mOTI5LTRmOWQtOTk0OC0xMzU5MWFkYWNlODjYAgXgAgE&sid=f990c8e44d8a49a026ee40f8b9e3b3a2&aid=304142&ucfs=1&arphpl=1&checkin=2025-02-09&checkout=2025-02-16&dest_id=-372490&dest_type=city&group_adults=2&req_adults=2&no_rooms=1&group_children=0&req_children=0&hpos=7&hapos=586&sr_order=popularity&srpvid=91357ea171dd08a0&srepoch=1738173698&all_sr_blocks=34676702_392581978_0_0_0&highlighted_blocks=34676702_392581978_0_0_0&matching_block_id=34676702_392581978_0_0_0&sr_pri_blocks=34676702_392581978_0_0_0__74200&from=searchresults
Alberg Sants Bcn,"Sants-Montjuïc, Barcelona",https://www.booking.com/hotel/es/alberg-sants-bcn.html?label=gen173nr-1BCAEoggI46AdSAnVzWARoRogBAZgBMbgBGcgBD9gBAegBAYgCAagCA7gC-NjpvAbAAgHSAiQ4ZGVlZWVhMi1mOTI5LTRmOWQtOTk0OC0xMzU5MWFkYWNlODjYAgXgAgE&sid=f990c8e44d8a49a026ee40f8b9e3b3a2&aid=304142&ucfs=1&arphpl=1&checkin=2025-02-09&checkout=2025-02-16&dest_id=-372490&dest_type=city&group_adults=2&req_adults=2&no_rooms=1&group_children=0&req_children=0&hpos=8&hapos=587&sr_order=popularity&srpvid=91357ea171dd08a0&srepoch=1738173698&all_sr_blocks=1097465405_404378511_6_0_0&highlighted_blocks=1097465405_404378511_6_0_0&matching_block_id=1097465405_404378511_6_0_0&sr_pri_blocks=1097465405_404378511_6_0_0__91300&from=searchresults
Sant Martí Apartment by Olala Homes,"Sant Martí, Barcelona",https://www.booking.com/hotel/es/olala-sant-marti-apartment.html?label=gen173nr-1BCAEoggI46AdSAnVzWARoRogBAZgBMbgBGcgBD9gBAegBAYgCAagCA7gC-NjpvAbAAgHSAiQ4ZGVlZWVhMi1mOTI5LTRmOWQtOTk0OC0xMzU5MWFkYWNlODjYAgXgAgE&sid=f990c8e44d8a49a026ee40f8b9e3b3a2&aid=304142&ucfs=1&arphpl=1&checkin=2025-02-09&checkout=2025-02-16&dest_id=-372490&dest_type=city&group_adults=2&req_adults=2&no_rooms=1&group_children=0&req_children=0&hpos=9&hapos=588&sr_order=popularity&srpvid=91357ea171dd08a0&srepoch=1738173698&all_sr_blocks=966688602_369142310_4_0_0&highlighted_blocks=966688602_369142310_4_0_0&matching_block_id=966688602_369142310_4_0_0&sr_pri_blocks=966688602_369142310_4_0_0__136430&from=searchresults
Lodging Apartments Illa Diagonal,"Les Corts, Barcelona",https://www.booking.com/hotel/es/lodging-apartments-camp-nou.html?label=gen173nr-1BCAEoggI46AdSAnVzWARoRogBAZgBMbgBGcgBD9gBAegBAYgCAagCA7gC-NjpvAbAAgHSAiQ4ZGVlZWVhMi1mOTI5LTRmOWQtOTk0OC0xMzU5MWFkYWNlODjYAgXgAgE&sid=f990c8e44d8a49a026ee40f8b9e3b3a2&aid=304142&ucfs=1&arphpl=1&checkin=2025-02-09&checkout=2025-02-16&dest_id=-372490&dest_type=city&group_adults=2&req_adults=2&no_rooms=1&group_children=0&req_children=0&hpos=10&hapos=589&sr_order=popularity&srpvid=91357ea171dd08a0&srepoch=1738173698&all_sr_blocks=85530701_381977493_0_0_0&highlighted_blocks=85530701_381977493_0_0_0&matching_block_id=85530701_381977493_0_0_0&sr_pri_blocks=85530701_381977493_0_0_0__123409&from=searchresults
Hotel Neri – Relais & Chateaux,"Ciutat Vella, Barcelona",https://www.booking.com/hotel/es/nerihr.html?label=gen173nr-1BCAEoggI46AdSAnVzWARoRogBAZgBMbgBGcgBD9gBAegBAYgCAagCA7gC-NjpvAbAAgHSAiQ4ZGVlZWVhMi1mOTI5LTRmOWQtOTk0OC0xMzU5MWFkYWNlODjYAgXgAgE&sid=f990c8e44d8a49a026ee40f8b9e3b3a2&aid=304142&ucfs=1&arphpl=1&checkin=2025-02-09&checkout=2025-02-16&dest_id=-372490&dest_type=city&group_adults=2&req_adults=2&no_rooms=1&group_children=0&req_children=0&hpos=11&hapos=590&sr_order=popularity&srpvid=91357ea171dd08a0&srepoch=1738173698&all_sr_blocks=9043017_398875326_0_2_0&highlighted_blocks=9043017_398875326_0_2_0&matching_block_id=9043017_398875326_0_2_0&sr_pri_blocks=9043017_398875326_0_2_0__294250&from=searchresults
Charming Rooms In Shared Apartment Close To Gracia,"Gràcia, Barcelona",https://www.booking.com/hotel/es/rooms-in-apartment-in-beautiful-gracia-neighborhood.html?label=gen173nr-1BCAEoggI46AdSAnVzWARoRogBAZgBMbgBGcgBD9gBAegBAYgCAagCA7gC-NjpvAbAAgHSAiQ4ZGVlZWVhMi1mOTI5LTRmOWQtOTk0OC0xMzU5MWFkYWNlODjYAgXgAgE&sid=f990c8e44d8a49a026ee40f8b9e3b3a2&aid=304142&ucfs=1&arphpl=1&checkin=2025-02-09&checkout=2025-02-16&dest_id=-372490&dest_type=city&group_adults=2&req_adults=2&no_rooms=1&group_children=0&req_children=0&hpos=12&hapos=591&sr_order=popularity&srpvid=91357ea171dd08a0&srepoch=1738173698&all_sr_blocks=1269188903_399642164_2_0_0&highlighted_blocks=1269188903_399642164_2_0_0&matching_block_id=1269188903_399642164_2_0_0&sr_pri_blocks=1269188903_399642164_2_0_0__78673&from=searchresults
Apartment Sants-Montjuic Rambla Badal by Interhome,"Sants-Montjuïc, Barcelona",https://www.booking.com/hotel/es/apartment-rambla-badal-barcelona.html?label=gen173nr-1BCAEoggI46AdSAnVzWARoRogBAZgBMbgBGcgBD9gBAegBAYgCAagCA7gC-NjpvAbAAgHSAiQ4ZGVlZWVhMi1mOTI5LTRmOWQtOTk0OC0xMzU5MWFkYWNlODjYAgXgAgE&sid=f990c8e44d8a49a026ee40f8b9e3b3a2&aid=304142&ucfs=1&arphpl=1&checkin=2025-02-09&checkout=2025-02-16&dest_id=-372490&dest_type=city&group_adults=2&req_adults=2&no_rooms=1&group_children=0&req_children=0&hpos=13&hapos=592&sr_order=popularity&srpvid=91357ea171dd08a0&srepoch=1738173698&all_sr_blocks=55235801_295894915_6_0_0&highlighted_blocks=55235801_295894915_6_0_0&matching_block_id=55235801_295894915_6_0_0&sr_pri_blocks=55235801_295894915_6_0_0__120307&from=searchresults
Duplex in Gracia,"Gràcia, Barcelona",https://www.booking.com/hotel/es/duplex-in-gracia.html?label=gen173nr-1BCAEoggI46AdSAnVzWARoRogBAZgBMbgBGcgBD9gBAegBAYgCAagCA7gC-NjpvAbAAgHSAiQ4ZGVlZWVhMi1mOTI5LTRmOWQtOTk0OC0xMzU5MWFkYWNlODjYAgXgAgE&sid=f990c8e44d8a49a026ee40f8b9e3b3a2&aid=304142&ucfs=1&arphpl=1&checkin=2025-02-09&checkout=2025-02-16&dest_id=-372490&dest_type=city&group_adults=2&req_adults=2&no_rooms=1&group_children=0&req_children=0&hpos=14&hapos=593&sr_order=popularity&srpvid=91357ea171dd08a0&srepoch=1738173698&all_sr_blocks=1239423501_396036898_4_0_0&highlighted_blocks=1239423501_396036898_4_0_0&matching_block_id=1239423501_396036898_4_0_0&sr_pri_blocks=1239423501_396036898_4_0_0__117355&from=searchresults
Newly Barcelona Gran Via,"Sants-Montjuïc, Barcelona",https://www.booking.com/hotel/es/newly-barcelona-gran-via.html?label=gen173nr-1BCAEoggI46AdSAnVzWARoRogBAZgBMbgBGcgBD9gBAegBAYgCAagCA7gC-NjpvAbAAgHSAiQ4ZGVlZWVhMi1mOTI5LTRmOWQtOTk0OC0xMzU5MWFkYWNlODjYAgXgAgE&sid=f990c8e44d8a49a026ee40f8b9e3b3a2&aid=304142&ucfs=1&arphpl=1&checkin=2025-02-09&checkout=2025-02-16&dest_id=-372490&dest_type=city&group_adults=2&req_adults=2&no_rooms=1&group_children=0&req_children=0&hpos=15&hapos=594&sr_order=popularity&srpvid=91357ea171dd08a0&srepoch=1738173698&all_sr_blocks=1247886001_397140499_3_0_0&highlighted_blocks=1247886001_397140499_3_0_0&matching_block_id=1247886001_397140499_3_0_0&sr_pri_blocks=1247886001_397140499_3_0_0__143253&from=searchresults
Les Corts Exclusive Apartments by Olala Homes,"Les Corts, Barcelona",https://www.booking.com/hotel/es/new-exclusive-flat-in-les-corts.html?label=gen173nr-1BCAEoggI46AdSAnVzWARoRogBAZgBMbgBGcgBD9gBAegBAYgCAagCA7gC-NjpvAbAAgHSAiQ4ZGVlZWVhMi1mOTI5LTRmOWQtOTk0OC0xMzU5MWFkYWNlODjYAgXgAgE&sid=f990c8e44d8a49a026ee40f8b9e3b3a2&aid=304142&ucfs=1&arphpl=1&checkin=2025-02-09&checkout=2025-02-16&dest_id=-372490&dest_type=city&group_adults=2&req_adults=2&no_rooms=1&group_children=0&req_children=0&hpos=16&hapos=595&sr_order=popularity&srpvid=91357ea171dd08a0&srepoch=1738173698&all_sr_blocks=112626702_372436946_2_0_0&highlighted_blocks=112626702_372436946_2_0_0&matching_block_id=112626702_372436946_2_0_0&sr_pri_blocks=112626702_372436946_2_0_0__152112&from=searchresults
En Casa de Girona 17,"Eixample, Barcelona",https://www.booking.com/hotel/es/sealona-center-apartments.html?label=gen173nr-1BCAEoggI46AdSAnVzWARoRogBAZgBMbgBGcgBD9gBAegBAYgCAagCA7gC-NjpvAbAAgHSAiQ4ZGVlZWVhMi1mOTI5LTRmOWQtOTk0OC0xMzU5MWFkYWNlODjYAgXgAgE&sid=f990c8e44d8a49a026ee40f8b9e3b3a2&aid=304142&ucfs=1&arphpl=1&checkin=2025-02-09&checkout=2025-02-16&dest_id=-372490&dest_type=city&group_adults=2&req_adults=2&no_rooms=1&group_children=0&req_children=0&hpos=17&hapos=596&sr_order=popularity&srpvid=91357ea171dd08a0&srepoch=1738173698&all_sr_blocks=168278401_405223105_4_0_0&highlighted_blocks=168278401_405223105_4_0_0&matching_block_id=168278401_405223105_4_0_0&sr_pri_blocks=168278401_405223105_4_0_0__167230&from=searchresults
Alcam Pau Claris,"Eixample, Barcelona",https://www.booking.com/hotel/es/alcam-pau-claris.html?label=gen173nr-1BCAEoggI46AdSAnVzWARoRogBAZgBMbgBGcgBD9gBAegBAYgCAagCA7gC-NjpvAbAAgHSAiQ4ZGVlZWVhMi1mOTI5LTRmOWQtOTk0OC0xMzU5MWFkYWNlODjYAgXgAgE&sid=f990c8e44d8a49a026ee40f8b9e3b3a2&aid=304142&ucfs=1&arphpl=1&checkin=2025-02-09&checkout=2025-02-16&dest_id=-372490&dest_type=city&group_adults=2&req_adults=2&no_rooms=1&group_children=0&req_children=0&hpos=18&hapos=597&sr_order=popularity&srpvid=91357ea171dd08a0&srepoch=1738173698&all_sr_blocks=409836001_125117589_0_0_0&highlighted_blocks=409836001_125117589_0_0_0&matching_block_id=409836001_125117589_0_0_0&sr_pri_blocks=409836001_125117589_0_0_0__111805&from=searchresults
Elegantniy Poble Sec,"Sants-Montjuïc, Barcelona",https://www.booking.com/hotel/es/elegantniy-poble-sec.html?label=gen173nr-1BCAEoggI46AdSAnVzWARoRogBAZgBMbgBGcgBD9gBAegBAYgCAagCA7gC-NjpvAbAAgHSAiQ4ZGVlZWVhMi1mOTI5LTRmOWQtOTk0OC0xMzU5MWFkYWNlODjYAgXgAgE&sid=f990c8e44d8a49a026ee40f8b9e3b3a2&aid=304142&ucfs=1&arphpl=1&checkin=2025-02-09&checkout=2025-02-16&dest_id=-372490&dest_type=city&group_adults=2&req_adults=2&no_rooms=1&group_children=0&req_children=0&hpos=19&hapos=598&sr_order=popularity&srpvid=91357ea171dd08a0&srepoch=1738173698&all_sr_blocks=259822701_404660639_3_0_0&highlighted_blocks=259822701_404660639_3_0_0&matching_block_id=259822701_404660639_3_0_0&sr_pri_blocks=259822701_404660639_3_0_0__145652&from=searchresults
Alcam Loft Grassot,"Gràcia, Barcelona",https://www.booking.com/hotel/es/alcam-loft-grassot.html?label=gen173nr-1BCAEoggI46AdSAnVzWARoRogBAZgBMbgBGcgBD9gBAegBAYgCAagCA7gC-NjpvAbAAgHSAiQ4ZGVlZWVhMi1mOTI5LTRmOWQtOTk0OC0xMzU5MWFkYWNlODjYAgXgAgE&sid=f990c8e44d8a49a026ee40f8b9e3b3a2&aid=304142&ucfs=1&arphpl=1&checkin=2025-02-09&checkout=2025-02-16&dest_id=-372490&dest_type=city&group_adults=2&req_adults=2&no_rooms=1&group_children=0&req_children=0&hpos=20&hapos=599&sr_order=popularity&srpvid=91357ea171dd08a0&srepoch=1738173698&all_sr_blocks=351937401_117812678_0_0_0&highlighted_blocks=351937401_117812678_0_0_0&matching_block_id=351937401_117812678_0_0_0&sr_pri_blocks=351937401_117812678_0_0_0__102571&from=searchresults
Canela Homes BARCELONA GÒTIC,"Ciutat Vella, Barcelona",https://www.booking.com/hotel/es/canela-homes-barcelona-milans.html?label=gen173nr-1BCAEoggI46AdSAnVzWARoRogBAZgBMbgBGcgBD9gBAegBAYgCAagCA7gC-NjpvAbAAgHSAiQ4ZGVlZWVhMi1mOTI5LTRmOWQtOTk0OC0xMzU5MWFkYWNlODjYAgXgAgE&sid=f990c8e44d8a49a026ee40f8b9e3b3a2&aid=304142&ucfs=1&arphpl=1&checkin=2025-02-09&checkout=2025-02-16&dest_id=-372490&dest_type=city&group_adults=2&req_adults=2&no_rooms=1&group_children=0&req_children=0&hpos=21&hapos=600&sr_order=popularity&srpvid=91357ea171dd08a0&srepoch=1738173698&all_sr_blocks=1211353801_402727102_4_0_0&highlighted_blocks=1211353801_402727102_4_0_0&matching_block_id=1211353801_402727102_4_0_0&sr_pri_blocks=1211353801_402727102_4_0_0__176495&from=searchresults
Charming Rooms In Shared Apartment Near Sants Station,"Sants-Montjuïc, Barcelona",https://www.booking.com/hotel/es/charming-rooms-in-apartment-near-sants-station.html?label=gen173nr-1BCAEoggI46AdSAnVzWARoRogBAZgBMbgBGcgBD9gBAegBAYgCAagCA7gC-NjpvAbAAgHSAiQ4ZGVlZWVhMi1mOTI5LTRmOWQtOTk0OC0xMzU5MWFkYWNlODjYAgXgAgE&sid=f990c8e44d8a49a026ee40f8b9e3b3a2&aid=304142&ucfs=1&arphpl=1&checkin=2025-02-09&checkout=2025-02-16&dest_id=-372490&dest_type=city&group_adults=2&req_adults=2&no_rooms=1&group_children=0&req_children=0&hpos=22&hapos=601&sr_order=popularity&srpvid=91357ea171dd08a0&srepoch=1738173698&all_sr_blocks=1270760002_399841904_2_0_0&highlighted_blocks=1270760002_399841904_2_0_0&matching_block_id=1270760002_399841904_2_0_0&sr_pri_blocks=1270760002_399841904_2_0_0__70679&from=searchresults
Apartamento Kemacu,"Sants-Montjuïc, Barcelona",https://www.booking.com/hotel/es/minerva-barcelona.html?label=gen173nr-1BCAEoggI46AdSAnVzWARoRogBAZgBMbgBGcgBD9gBAegBAYgCAagCA7gC-NjpvAbAAgHSAiQ4ZGVlZWVhMi1mOTI5LTRmOWQtOTk0OC0xMzU5MWFkYWNlODjYAgXgAgE&sid=f990c8e44d8a49a026ee40f8b9e3b3a2&aid=304142&ucfs=1&arphpl=1&checkin=2025-02-09&checkout=2025-02-16&dest_id=-372490&dest_type=city&group_adults=2&req_adults=2&no_rooms=1&group_children=0&req_children=0&hpos=23&hapos=602&sr_order=popularity&srpvid=91357ea171dd08a0&srepoch=1738173698&all_sr_blocks=83009402_102412070_0_0_0&highlighted_blocks=83009402_102412070_0_0_0&matching_block_id=83009402_102412070_0_0_0&sr_pri_blocks=83009402_102412070_0_0_0__138657&from=searchresults
AinB Las Ramblas-Guardia Apartments,"Ciutat Vella, Barcelona",https://www.booking.com/hotel/es/apartaments-in-barcelona-guardia.html?label=gen173nr-1BCAEoggI46AdSAnVzWARoRogBAZgBMbgBGcgBD9gBAegBAYgCAagCA7gC-NjpvAbAAgHSAiQ4ZGVlZWVhMi1mOTI5LTRmOWQtOTk0OC0xMzU5MWFkYWNlODjYAgXgAgE&sid=f990c8e44d8a49a026ee40f8b9e3b3a2&aid=304142&ucfs=1&arphpl=1&checkin=2025-02-09&checkout=2025-02-16&dest_id=-372490&dest_type=city&group_adults=2&req_adults=2&no_rooms=1&group_children=0&req_children=0&hpos=24&hapos=603&sr_order=popularity&srpvid=91357ea171dd08a0&srepoch=1738173698&all_sr_blocks=1287101_295619976_2_0_0&highlighted_blocks=1287101_295619976_2_0_0&matching_block_id=1287101_295619976_2_0_0&sr_pri_blocks=1287101_295619976_2_0_0__137407&from=searchresults
Located on the iconic Paseo de Gracia,Barcelona,https://www.booking.com/hotel/es/located-on-the-iconic-paseo-de-gracia.html?label=gen173nr-1BCAEoggI46AdSAnVzWARoRogBAZgBMbgBGcgBD9gBAegBAYgCAagCA7gC-NjpvAbAAgHSAiQ4ZGVlZWVhMi1mOTI5LTRmOWQtOTk0OC0xMzU5MWFkYWNlODjYAgXgAgE&sid=f990c8e44d8a49a026ee40f8b9e3b3a2&aid=304142&ucfs=1&arphpl=1&checkin=2025-02-09&checkout=2025-02-16&dest_id=-372490&dest_type=city&group_adults=2&req_adults=2&no_rooms=1&group_children=0&req_children=0&hpos=1&hapos=604&sr_order=popularity&srpvid=91357ea171dd08a0&srepoch=1738173701&all_sr_blocks=1351311802_407462079_6_1_0&highlighted_blocks=1351311802_407462079_6_1_0&matching_block_id=1351311802_407462079_6_1_0&sr_pri_blocks=1351311802_407462079_6_1_0__469532&from=searchresults
Barcelona City Apartment,"Sant Martí, Barcelona",https://www.booking.com/hotel/es/barcelona-city-apartment.html?label=gen173nr-1BCAEoggI46AdSAnVzWARoRogBAZgBMbgBGcgBD9gBAegBAYgCAagCA7gC-NjpvAbAAgHSAiQ4ZGVlZWVhMi1mOTI5LTRmOWQtOTk0OC0xMzU5MWFkYWNlODjYAgXgAgE&sid=f990c8e44d8a49a026ee40f8b9e3b3a2&aid=304142&ucfs=1&arphpl=1&checkin=2025-02-09&checkout=2025-02-16&dest_id=-372490&dest_type=city&group_adults=2&req_adults=2&no_rooms=1&group_children=0&req_children=0&hpos=2&hapos=605&sr_order=popularity&srpvid=91357ea171dd08a0&srepoch=1738173701&all_sr_blocks=24335806_132583250_2_0_0&highlighted_blocks=24335806_132583250_2_0_0&matching_block_id=24335806_132583250_2_0_0&sr_pri_blocks=24335806_132583250_2_0_0__83642&from=searchresults
No Limit Barcelona Central,"Eixample, Barcelona",https://www.booking.com/hotel/es/ona-paseo-de-gracia.html?label=gen173nr-1BCAEoggI46AdSAnVzWARoRogBAZgBMbgBGcgBD9gBAegBAYgCAagCA7gC-NjpvAbAAgHSAiQ4ZGVlZWVhMi1mOTI5LTRmOWQtOTk0OC0xMzU5MWFkYWNlODjYAgXgAgE&sid=f990c8e44d8a49a026ee40f8b9e3b3a2&aid=304142&ucfs=1&arphpl=1&checkin=2025-02-09&checkout=2025-02-16&dest_id=-372490&dest_type=city&group_adults=2&req_adults=2&no_rooms=1&group_children=0&req_children=0&hpos=3&hapos=606&sr_order=popularity&srpvid=91357ea171dd08a0&srepoch=1738173701&all_sr_blocks=56852201_0_2_0_0&highlighted_blocks=56852201_0_2_0_0&matching_block_id=56852201_0_2_0_0&sr_pri_blocks=56852201_0_2_0_0__68904&from=searchresults
Sixtytwo Hotel,"Eixample, Barcelona",https://www.booking.com/hotel/es/sixtytwo-barcelona.html?label=gen173nr-1BCAEoggI46AdSAnVzWARoRogBAZgBMbgBGcgBD9gBAegBAYgCAagCA7gC-NjpvAbAAgHSAiQ4ZGVlZWVhMi1mOTI5LTRmOWQtOTk0OC0xMzU5MWFkYWNlODjYAgXgAgE&sid=f990c8e44d8a49a026ee40f8b9e3b3a2&aid=304142&ucfs=1&arphpl=1&checkin=2025-02-09&checkout=2025-02-16&dest_id=-372490&dest_type=city&group_adults=2&req_adults=2&no_rooms=1&group_children=0&req_children=0&hpos=4&hapos=607&sr_order=popularity&srpvid=91357ea171dd08a0&srepoch=1738173701&all_sr_blocks=18918409_0_2_0_0&highlighted_blocks=18918409_0_2_0_0&matching_block_id=18918409_0_2_0_0&sr_pri_blocks=18918409_0_2_0_0__174824&from=searchresults
AB Vila i Vila Apartments,"Sants-Montjuïc, Barcelona",https://www.booking.com/hotel/es/apartment-barcelona-vila-i-vila.html?label=gen173nr-1BCAEoggI46AdSAnVzWARoRogBAZgBMbgBGcgBD9gBAegBAYgCAagCA7gC-NjpvAbAAgHSAiQ4ZGVlZWVhMi1mOTI5LTRmOWQtOTk0OC0xMzU5MWFkYWNlODjYAgXgAgE&sid=f990c8e44d8a49a026ee40f8b9e3b3a2&aid=304142&ucfs=1&arphpl=1&checkin=2025-02-09&checkout=2025-02-16&dest_id=-372490&dest_type=city&group_adults=2&req_adults=2&no_rooms=1&group_children=0&req_children=0&hpos=5&hapos=608&sr_order=popularity&srpvid=91357ea171dd08a0&srepoch=1738173701&all_sr_blocks=105277205_356261806_4_0_0&highlighted_blocks=105277205_356261806_4_0_0&matching_block_id=105277205_356261806_4_0_0&sr_pri_blocks=105277205_356261806_4_0_0__100837&from=searchresults
Apart céntrico con terraza en Gracia,"Gràcia, Barcelona",https://www.booking.com/hotel/es/apart-centrico-con-terraza-en-gracia.html?label=gen173nr-1BCAEoggI46AdSAnVzWARoRogBAZgBMbgBGcgBD9gBAegBAYgCAagCA7gC-NjpvAbAAgHSAiQ4ZGVlZWVhMi1mOTI5LTRmOWQtOTk0OC0xMzU5MWFkYWNlODjYAgXgAgE&sid=f990c8e44d8a49a026ee40f8b9e3b3a2&aid=304142&ucfs=1&arphpl=1&checkin=2025-02-09&checkout=2025-02-16&dest_id=-372490&dest_type=city&group_adults=2&req_adults=2&no_rooms=1&group_children=0&req_children=0&hpos=6&hapos=609&sr_order=popularity&srpvid=91357ea171dd08a0&srepoch=1738173701&all_sr_blocks=891272802_389700801_2_0_0&highlighted_blocks=891272802_389700801_2_0_0&matching_block_id=891272802_389700801_2_0_0&sr_pri_blocks=891272802_389700801_2_0_0__93852&from=searchresults
Housalia Familia Rossellon,"Eixample, Barcelona",https://www.booking.com/hotel/es/lodging-apartments-rossellon.html?label=gen173nr-1BCAEoggI46AdSAnVzWARoRogBAZgBMbgBGcgBD9gBAegBAYgCAagCA7gC-NjpvAbAAgHSAiQ4ZGVlZWVhMi1mOTI5LTRmOWQtOTk0OC0xMzU5MWFkYWNlODjYAgXgAgE&sid=f990c8e44d8a49a026ee40f8b9e3b3a2&aid=304142&ucfs=1&arphpl=1&checkin=2025-02-09&checkout=2025-02-16&dest_id=-372490&dest_type=city&group_adults=2&req_adults=2&no_rooms=1&group_children=0&req_children=0&hpos=7&hapos=610&sr_order=popularity&srpvid=91357ea171dd08a0&srepoch=1738173701&all_sr_blocks=183103701_367260836_4_0_0&highlighted_blocks=183103701_367260836_4_0_0&matching_block_id=183103701_367260836_4_0_0&sr_pri_blocks=183103701_367260836_4_0_0__122802&from=searchresults
Kronos on the beach Suite 4,"Ciutat Vella, Barcelona",https://www.booking.com/hotel/es/bright-and-modern-apartment-with-sea-view.html?label=gen173nr-1BCAEoggI46AdSAnVzWARoRogBAZgBMbgBGcgBD9gBAegBAYgCAagCA7gC-NjpvAbAAgHSAiQ4ZGVlZWVhMi1mOTI5LTRmOWQtOTk0OC0xMzU5MWFkYWNlODjYAgXgAgE&sid=f990c8e44d8a49a026ee40f8b9e3b3a2&aid=304142&ucfs=1&arphpl=1&checkin=2025-02-09&checkout=2025-02-16&dest_id=-372490&dest_type=city&group_adults=2&req_adults=2&no_rooms=1&group_children=0&req_children=0&hpos=8&hapos=611&sr_order=popularity&srpvid=91357ea171dd08a0&srepoch=1738173701&all_sr_blocks=727413901_381971805_0_0_0&highlighted_blocks=727413901_381971805_0_0_0&matching_block_id=727413901_381971805_0_0_0&sr_pri_blocks=727413901_381971805_0_0_0__225461&from=searchresults
AinB Eixample-Miro Apartments,"Eixample, Barcelona",https://www.booking.com/hotel/es/apartments-in-barcelona-eixample-center.html?label=gen173nr-1BCAEoggI46AdSAnVzWARoRogBAZgBMbgBGcgBD9gBAegBAYgCAagCA7gC-NjpvAbAAgHSAiQ4ZGVlZWVhMi1mOTI5LTRmOWQtOTk0OC0xMzU5MWFkYWNlODjYAgXgAgE&sid=f990c8e44d8a49a026ee40f8b9e3b3a2&aid=304142&ucfs=1&arphpl=1&checkin=2025-02-09&checkout=2025-02-16&dest_id=-372490&dest_type=city&group_adults=2&req_adults=2&no_rooms=1&group_children=0&req_children=0&hpos=9&hapos=612&sr_order=popularity&srpvid=91357ea171dd08a0&srepoch=1738173701&all_sr_blocks=38625901_0_2_0_0&highlighted_blocks=38625901_0_2_0_0&matching_block_id=38625901_0_2_0_0&sr_pri_blocks=38625901_0_2_0_0__100572&from=searchresults
´Vicens Gem´ Private terrace HS Wi-Fi in Gracia by MyRentalHost,"Gràcia, Barcelona",https://www.booking.com/hotel/es/vicens-gem-private-terrace-hs-wi-fi-in-gracia-by-myrentalhost-barcelona.html?label=gen173nr-1BCAEoggI46AdSAnVzWARoRogBAZgBMbgBGcgBD9gBAegBAYgCAagCA7gC-NjpvAbAAgHSAiQ4ZGVlZWVhMi1mOTI5LTRmOWQtOTk0OC0xMzU5MWFkYWNlODjYAgXgAgE&sid=f990c8e44d8a49a026ee40f8b9e3b3a2&aid=304142&ucfs=1&arphpl=1&checkin=2025-02-09&checkout=2025-02-16&dest_id=-372490&dest_type=city&group_adults=2&req_adults=2&no_rooms=1&group_children=0&req_children=0&hpos=10&hapos=613&sr_order=popularity&srpvid=91357ea171dd08a0&srepoch=1738173701&all_sr_blocks=1166883302_395076791_3_0_0&highlighted_blocks=1166883302_395076791_3_0_0&matching_block_id=1166883302_395076791_3_0_0&sr_pri_blocks=1166883302_395076791_3_0_0__119687&from=searchresults
OLYMPIC VILLAGE,"Sant Martí, Barcelona",https://www.booking.com/hotel/es/olympic-village.html?label=gen173nr-1BCAEoggI46AdSAnVzWARoRogBAZgBMbgBGcgBD9gBAegBAYgCAagCA7gC-NjpvAbAAgHSAiQ4ZGVlZWVhMi1mOTI5LTRmOWQtOTk0OC0xMzU5MWFkYWNlODjYAgXgAgE&sid=f990c8e44d8a49a026ee40f8b9e3b3a2&aid=304142&ucfs=1&arphpl=1&checkin=2025-02-09&checkout=2025-02-16&dest_id=-372490&dest_type=city&group_adults=2&req_adults=2&no_rooms=1&group_children=0&req_children=0&hpos=11&hapos=614&sr_order=popularity&srpvid=91357ea171dd08a0&srepoch=1738173701&all_sr_blocks=526206301_367149062_2_0_0&highlighted_blocks=526206301_367149062_2_0_0&matching_block_id=526206301_367149062_2_0_0&sr_pri_blocks=526206301_367149062_2_0_0__169232&from=searchresults
Hostourist Fira Plaza España 3 rooms,"Sants-Montjuïc, Barcelona",https://www.booking.com/hotel/es/hostourist-bcn-apartamento-fira-plaza-espana.html?label=gen173nr-1BCAEoggI46AdSAnVzWARoRogBAZgBMbgBGcgBD9gBAegBAYgCAagCA7gC-NjpvAbAAgHSAiQ4ZGVlZWVhMi1mOTI5LTRmOWQtOTk0OC0xMzU5MWFkYWNlODjYAgXgAgE&sid=f990c8e44d8a49a026ee40f8b9e3b3a2&aid=304142&ucfs=1&arphpl=1&checkin=2025-02-09&checkout=2025-02-16&dest_id=-372490&dest_type=city&group_adults=2&req_adults=2&no_rooms=1&group_children=0&req_children=0&hpos=12&hapos=615&sr_order=popularity&srpvid=91357ea171dd08a0&srepoch=1738173701&all_sr_blocks=1068718601_379415686_5_0_0&highlighted_blocks=1068718601_379415686_5_0_0&matching_block_id=1068718601_379415686_5_0_0&sr_pri_blocks=1068718601_379415686_5_0_0__179472&from=searchresults
RAMBLA POBLENOU Luxury,"Sant Martí, Barcelona",https://www.booking.com/hotel/es/aitcar-bcn.html?label=gen173nr-1BCAEoggI46AdSAnVzWARoRogBAZgBMbgBGcgBD9gBAegBAYgCAagCA7gC-NjpvAbAAgHSAiQ4ZGVlZWVhMi1mOTI5LTRmOWQtOTk0OC0xMzU5MWFkYWNlODjYAgXgAgE&sid=f990c8e44d8a49a026ee40f8b9e3b3a2&aid=304142&ucfs=1&arphpl=1&checkin=2025-02-09&checkout=2025-02-16&dest_id=-372490&dest_type=city&group_adults=2&req_adults=2&no_rooms=1&group_children=0&req_children=0&hpos=13&hapos=616&sr_order=popularity&srpvid=91357ea171dd08a0&srepoch=1738173701&all_sr_blocks=209007101_329743059_4_0_0&highlighted_blocks=209007101_329743059_4_0_0&matching_block_id=209007101_329743059_4_0_0&sr_pri_blocks=209007101_329743059_4_0_0__210507&from=searchresults
AinB Barcelona Sants Apartments,"Sants-Montjuïc, Barcelona",https://www.booking.com/hotel/es/animapartments-sants.html?label=gen173nr-1BCAEoggI46AdSAnVzWARoRogBAZgBMbgBGcgBD9gBAegBAYgCAagCA7gC-NjpvAbAAgHSAiQ4ZGVlZWVhMi1mOTI5LTRmOWQtOTk0OC0xMzU5MWFkYWNlODjYAgXgAgE&sid=f990c8e44d8a49a026ee40f8b9e3b3a2&aid=304142&ucfs=1&arphpl=1&checkin=2025-02-09&checkout=2025-02-16&dest_id=-372490&dest_type=city&group_adults=2&req_adults=2&no_rooms=1&group_children=0&req_children=0&hpos=14&hapos=617&sr_order=popularity&srpvid=91357ea171dd08a0&srepoch=1738173701&all_sr_blocks=319066101_390102343_2_0_0&highlighted_blocks=319066101_390102343_2_0_0&matching_block_id=319066101_390102343_2_0_0&sr_pri_blocks=319066101_390102343_2_0_0__132632&from=searchresults
Tendency Apartments 5,"Eixample, Barcelona",https://www.booking.com/hotel/es/tendency-apartments-5.html?label=gen173nr-1BCAEoggI46AdSAnVzWARoRogBAZgBMbgBGcgBD9gBAegBAYgCAagCA7gC-NjpvAbAAgHSAiQ4ZGVlZWVhMi1mOTI5LTRmOWQtOTk0OC0xMzU5MWFkYWNlODjYAgXgAgE&sid=f990c8e44d8a49a026ee40f8b9e3b3a2&aid=304142&ucfs=1&arphpl=1&checkin=2025-02-09&checkout=2025-02-16&dest_id=-372490&dest_type=city&group_adults=2&req_adults=2&no_rooms=1&group_children=0&req_children=0&hpos=15&hapos=618&sr_order=popularity&srpvid=91357ea171dd08a0&srepoch=1738173701&all_sr_blocks=84333902_372482590_4_0_0&highlighted_blocks=84333902_372482590_4_0_0&matching_block_id=84333902_372482590_4_0_0&sr_pri_blocks=84333902_372482590_4_0_0__185276&from=searchresults
Anita's Bed and Breakfast,"Gràcia, Barcelona",https://www.booking.com/hotel/es/anita-s-bed-and-breakfast.html?label=gen173nr-1BCAEoggI46AdSAnVzWARoRogBAZgBMbgBGcgBD9gBAegBAYgCAagCA7gC-NjpvAbAAgHSAiQ4ZGVlZWVhMi1mOTI5LTRmOWQtOTk0OC0xMzU5MWFkYWNlODjYAgXgAgE&sid=f990c8e44d8a49a026ee40f8b9e3b3a2&aid=304142&ucfs=1&arphpl=1&checkin=2025-02-09&checkout=2025-02-16&dest_id=-372490&dest_type=city&group_adults=2&req_adults=2&no_rooms=1&group_children=0&req_children=0&hpos=16&hapos=619&sr_order=popularity&srpvid=91357ea171dd08a0&srepoch=1738173701&all_sr_blocks=38219002_204283396_2_2_0&highlighted_blocks=38219002_204283396_2_2_0&matching_block_id=38219002_204283396_2_2_0&sr_pri_blocks=38219002_204283396_2_2_0__113200&from=searchresults
Barcelona Eixample,"Eixample, Barcelona",https://www.booking.com/hotel/es/barcelona-eixample.html?label=gen173nr-1BCAEoggI46AdSAnVzWARoRogBAZgBMbgBGcgBD9gBAegBAYgCAagCA7gC-NjpvAbAAgHSAiQ4ZGVlZWVhMi1mOTI5LTRmOWQtOTk0OC0xMzU5MWFkYWNlODjYAgXgAgE&sid=f990c8e44d8a49a026ee40f8b9e3b3a2&aid=304142&ucfs=1&arphpl=1&checkin=2025-02-09&checkout=2025-02-16&dest_id=-372490&dest_type=city&group_adults=2&req_adults=2&no_rooms=1&group_children=0&req_children=0&hpos=17&hapos=620&sr_order=popularity&srpvid=91357ea171dd08a0&srepoch=1738173701&all_sr_blocks=112306302_326826656_3_0_0&highlighted_blocks=112306302_326826656_3_0_0&matching_block_id=112306302_326826656_3_0_0&sr_pri_blocks=112306302_326826656_3_0_0__196972&from=searchresults
Mercer House Bòria BCN,"Ciutat Vella, Barcelona",https://www.booking.com/hotel/es/mercer-house-boria-bcn.html?label=gen173nr-1BCAEoggI46AdSAnVzWARoRogBAZgBMbgBGcgBD9gBAegBAYgCAagCA7gC-NjpvAbAAgHSAiQ4ZGVlZWVhMi1mOTI5LTRmOWQtOTk0OC0xMzU5MWFkYWNlODjYAgXgAgE&sid=f990c8e44d8a49a026ee40f8b9e3b3a2&aid=304142&ucfs=1&arphpl=1&checkin=2025-02-09&checkout=2025-02-16&dest_id=-372490&dest_type=city&group_adults=2&req_adults=2&no_rooms=1&group_children=0&req_children=0&hpos=18&hapos=621&sr_order=popularity&srpvid=91357ea171dd08a0&srepoch=1738173701&all_sr_blocks=9351205_88193804_3_2_0&highlighted_blocks=9351205_88193804_3_2_0&matching_block_id=9351205_88193804_3_2_0&sr_pri_blocks=9351205_88193804_3_2_0__214878&from=searchresults
Sea Hostel Barcelona,"Ciutat Vella, Barcelona",https://www.booking.com/hotel/es/safestay-barcelona-sea.html?label=gen173nr-1BCAEoggI46AdSAnVzWARoRogBAZgBMbgBGcgBD9gBAegBAYgCAagCA7gC-NjpvAbAAgHSAiQ4ZGVlZWVhMi1mOTI5LTRmOWQtOTk0OC0xMzU5MWFkYWNlODjYAgXgAgE&sid=f990c8e44d8a49a026ee40f8b9e3b3a2&aid=304142&ucfs=1&arphpl=1&checkin=2025-02-09&checkout=2025-02-16&dest_id=-372490&dest_type=city&group_adults=2&req_adults=2&no_rooms=1&group_children=0&req_children=0&hpos=19&hapos=622&sr_order=popularity&srpvid=91357ea171dd08a0&srepoch=1738173701&all_sr_blocks=34336819_103937473_4_0_0_304695&highlighted_blocks=34336819_103937473_4_0_0_304695&matching_block_id=34336819_103937473_4_0_0_304695&sr_pri_blocks=34336819_103937473_4_0_0_304695_240450&from=searchresults
Mellow Barcelona,"Horta-Guinardó, Barcelona",https://www.booking.com/hotel/es/mellow-eco-hostel.html?label=gen173nr-1BCAEoggI46AdSAnVzWARoRogBAZgBMbgBGcgBD9gBAegBAYgCAagCA7gC-NjpvAbAAgHSAiQ4ZGVlZWVhMi1mOTI5LTRmOWQtOTk0OC0xMzU5MWFkYWNlODjYAgXgAgE&sid=f990c8e44d8a49a026ee40f8b9e3b3a2&aid=304142&ucfs=1&arphpl=1&checkin=2025-02-09&checkout=2025-02-16&dest_id=-372490&dest_type=city&group_adults=2&req_adults=2&no_rooms=1&group_children=0&req_children=0&hpos=20&hapos=623&sr_order=popularity&srpvid=91357ea171dd08a0&srepoch=1738173701&all_sr_blocks=30461927_329617728_0_0_0&highlighted_blocks=30461927_329617728_0_0_0&matching_block_id=30461927_329617728_0_0_0&sr_pri_blocks=30461927_329617728_0_0_0__71754&from=searchresults
Consell Cent apartment I 3 dormitorios Eixample,"Eixample, Barcelona",https://www.booking.com/hotel/es/consell-de-cent-apartment-eixample.html?label=gen173nr-1BCAEoggI46AdSAnVzWARoRogBAZgBMbgBGcgBD9gBAegBAYgCAagCA7gC-NjpvAbAAgHSAiQ4ZGVlZWVhMi1mOTI5LTRmOWQtOTk0OC0xMzU5MWFkYWNlODjYAgXgAgE&sid=f990c8e44d8a49a026ee40f8b9e3b3a2&aid=304142&ucfs=1&arphpl=1&checkin=2025-02-09&checkout=2025-02-16&dest_id=-372490&dest_type=city&group_adults=2&req_adults=2&no_rooms=1&group_children=0&req_children=0&hpos=21&hapos=624&sr_order=popularity&srpvid=91357ea171dd08a0&srepoch=1738173701&all_sr_blocks=942341602_366446945_4_0_0&highlighted_blocks=942341602_366446945_4_0_0&matching_block_id=942341602_366446945_4_0_0&sr_pri_blocks=942341602_366446945_4_0_0__122792&from=searchresults
Luminous Designer Loft Style Apt Eixample Views By MyRentalHost,"Eixample, Barcelona",https://www.booking.com/hotel/es/luminous-designer-loft-style-apt-eixample-views-by-myrentalhost.html?label=gen173nr-1BCAEoggI46AdSAnVzWARoRogBAZgBMbgBGcgBD9gBAegBAYgCAagCA7gC-NjpvAbAAgHSAiQ4ZGVlZWVhMi1mOTI5LTRmOWQtOTk0OC0xMzU5MWFkYWNlODjYAgXgAgE&sid=f990c8e44d8a49a026ee40f8b9e3b3a2&aid=304142&ucfs=1&arphpl=1&checkin=2025-02-09&checkout=2025-02-16&dest_id=-372490&dest_type=city&group_adults=2&req_adults=2&no_rooms=1&group_children=0&req_children=0&hpos=22&hapos=625&sr_order=popularity&srpvid=91357ea171dd08a0&srepoch=1738173701&all_sr_blocks=1166883002_398665425_3_0_0&highlighted_blocks=1166883002_398665425_3_0_0&matching_block_id=1166883002_398665425_3_0_0&sr_pri_blocks=1166883002_398665425_3_0_0__206797&from=searchresults
Rainbow,"Sants-Montjuïc, Barcelona",https://www.booking.com/hotel/es/rainbow-hutb-002671.html?label=gen173nr-1BCAEoggI46AdSAnVzWARoRogBAZgBMbgBGcgBD9gBAegBAYgCAagCA7gC-NjpvAbAAgHSAiQ4ZGVlZWVhMi1mOTI5LTRmOWQtOTk0OC0xMzU5MWFkYWNlODjYAgXgAgE&sid=f990c8e44d8a49a026ee40f8b9e3b3a2&aid=304142&ucfs=1&arphpl=1&checkin=2025-02-09&checkout=2025-02-16&dest_id=-372490&dest_type=city&group_adults=2&req_adults=2&no_rooms=1&group_children=0&req_children=0&hpos=23&hapos=626&sr_order=popularity&srpvid=91357ea171dd08a0&srepoch=1738173701&all_sr_blocks=114093101_333004667_4_0_0&highlighted_blocks=114093101_333004667_4_0_0&matching_block_id=114093101_333004667_4_0_0&sr_pri_blocks=114093101_333004667_4_0_0__155132&from=searchresults
Ático con terraza en el corazón de Barcelona,"Eixample, Barcelona",https://www.booking.com/hotel/es/atico-con-terraza-en-el-corazon-de-barcelona-barcelona.html?label=gen173nr-1BCAEoggI46AdSAnVzWARoRogBAZgBMbgBGcgBD9gBAegBAYgCAagCA7gC-NjpvAbAAgHSAiQ4ZGVlZWVhMi1mOTI5LTRmOWQtOTk0OC0xMzU5MWFkYWNlODjYAgXgAgE&sid=f990c8e44d8a49a026ee40f8b9e3b3a2&aid=304142&ucfs=1&arphpl=1&checkin=2025-02-09&checkout=2025-02-16&dest_id=-372490&dest_type=city&group_adults=2&req_adults=2&no_rooms=1&group_children=0&req_children=0&hpos=24&hapos=627&sr_order=popularity&srpvid=91357ea171dd08a0&srepoch=1738173701&all_sr_blocks=1256044201_398142458_4_0_0&highlighted_blocks=1256044201_398142458_4_0_0&matching_block_id=1256044201_398142458_4_0_0&sr_pri_blocks=1256044201_398142458_4_0_0__226122&from=searchresults
Cozy Studio with Amazing Terrace near Plaza España,"Eixample, Barcelona",https://www.booking.com/hotel/es/cozy-studio-with-amazing-terrace-near-plaza-espana.html?label=gen173nr-1BCAEoggI46AdSAnVzWARoRogBAZgBMbgBGcgBD9gBAegBAYgCAagCA7gC-NjpvAbAAgHSAiQ4ZGVlZWVhMi1mOTI5LTRmOWQtOTk0OC0xMzU5MWFkYWNlODjYAgXgAgE&sid=f990c8e44d8a49a026ee40f8b9e3b3a2&aid=304142&ucfs=1&arphpl=1&checkin=2025-02-09&checkout=2025-02-16&dest_id=-372490&dest_type=city&group_adults=2&req_adults=2&no_rooms=1&group_children=0&req_children=0&hpos=25&hapos=628&sr_order=popularity&srpvid=91357ea171dd08a0&srepoch=1738173701&all_sr_blocks=759249602_335684739_2_0_0&highlighted_blocks=759249602_335684739_2_0_0&matching_block_id=759249602_335684739_2_0_0&sr_pri_blocks=759249602_335684739_2_0_0__117452&from=searchresults
Apartamento 4 dormitorios en Calle Balmes - You Stylish Apartments,"Sarrià-St. Gervasi, Barcelona",https://www.booking.com/hotel/es/apartamento-4-dormitorios-en-calle-balmes-you-stylish-apartments.html?label=gen173nr-1BCAEoggI46AdSAnVzWARoRogBAZgBMbgBGcgBD9gBAegBAYgCAagCA7gC-NjpvAbAAgHSAiQ4ZGVlZWVhMi1mOTI5LTRmOWQtOTk0OC0xMzU5MWFkYWNlODjYAgXgAgE&sid=f990c8e44d8a49a026ee40f8b9e3b3a2&aid=304142&ucfs=1&arphpl=1&checkin=2025-02-09&checkout=2025-02-16&dest_id=-372490&dest_type=city&group_adults=2&req_adults=2&no_rooms=1&group_children=0&req_children=0&hpos=1&hapos=629&sr_order=popularity&srpvid=91357ea171dd08a0&srepoch=1738173704&all_sr_blocks=1339439901_406367441_8_0_0&highlighted_blocks=1339439901_406367441_8_0_0&matching_block_id=1339439901_406367441_8_0_0&sr_pri_blocks=1339439901_406367441_8_0_0__247432&from=searchresults
Private rooms Born neighborhood,"Ciutat Vella, Barcelona",https://www.booking.com/hotel/es/private-rooms-born-neighborhood.html?label=gen173nr-1BCAEoggI46AdSAnVzWARoRogBAZgBMbgBGcgBD9gBAegBAYgCAagCA7gC-NjpvAbAAgHSAiQ4ZGVlZWVhMi1mOTI5LTRmOWQtOTk0OC0xMzU5MWFkYWNlODjYAgXgAgE&sid=f990c8e44d8a49a026ee40f8b9e3b3a2&aid=304142&ucfs=1&arphpl=1&checkin=2025-02-09&checkout=2025-02-16&dest_id=-372490&dest_type=city&group_adults=2&req_adults=2&no_rooms=1&group_children=0&req_children=0&hpos=2&hapos=630&sr_order=popularity&srpvid=91357ea171dd08a0&srepoch=1738173704&all_sr_blocks=1253445401_400019102_2_0_0&highlighted_blocks=1253445401_400019102_2_0_0&matching_block_id=1253445401_400019102_2_0_0&sr_pri_blocks=1253445401_400019102_2_0_0__73617&from=searchresults
One of the most outstanding ultra-modern mansions,Barcelona,https://www.booking.com/hotel/es/one-of-the-most-outstanding-ultra-modern-mansions.html?label=gen173nr-1BCAEoggI46AdSAnVzWARoRogBAZgBMbgBGcgBD9gBAegBAYgCAagCA7gC-NjpvAbAAgHSAiQ4ZGVlZWVhMi1mOTI5LTRmOWQtOTk0OC0xMzU5MWFkYWNlODjYAgXgAgE&sid=f990c8e44d8a49a026ee40f8b9e3b3a2&aid=304142&ucfs=1&arphpl=1&checkin=2025-02-09&checkout=2025-02-16&dest_id=-372490&dest_type=city&group_adults=2&req_adults=2&no_rooms=1&group_children=0&req_children=0&hpos=3&hapos=631&sr_order=popularity&srpvid=91357ea171dd08a0&srepoch=1738173704&all_sr_blocks=1351285302_407460659_14_1_0&highlighted_blocks=1351285302_407460659_14_1_0&matching_block_id=1351285302_407460659_14_1_0&sr_pri_blocks=1351285302_407460659_14_1_0__622832&from=searchresults
Orange crush Barcelona,"Sants-Montjuïc, Barcelona",https://www.booking.com/hotel/es/orange-crush-barcelona.html?label=gen173nr-1BCAEoggI46AdSAnVzWARoRogBAZgBMbgBGcgBD9gBAegBAYgCAagCA7gC-NjpvAbAAgHSAiQ4ZGVlZWVhMi1mOTI5LTRmOWQtOTk0OC0xMzU5MWFkYWNlODjYAgXgAgE&sid=f990c8e44d8a49a026ee40f8b9e3b3a2&aid=304142&ucfs=1&arphpl=1&checkin=2025-02-09&checkout=2025-02-16&dest_id=-372490&dest_type=city&group_adults=2&req_adults=2&no_rooms=1&group_children=0&req_children=0&hpos=4&hapos=632&sr_order=popularity&srpvid=91357ea171dd08a0&srepoch=1738173704&all_sr_blocks=1001177301_372945531_4_0_0&highlighted_blocks=1001177301_372945531_4_0_0&matching_block_id=1001177301_372945531_4_0_0&sr_pri_blocks=1001177301_372945531_4_0_0__180611&from=searchresults
Sweett - Dali Apartment Gracia,"Gràcia, Barcelona",https://www.booking.com/hotel/es/sweet-inn-apartment-diagonal-paseo-de-gracia.html?label=gen173nr-1BCAEoggI46AdSAnVzWARoRogBAZgBMbgBGcgBD9gBAegBAYgCAagCA7gC-NjpvAbAAgHSAiQ4ZGVlZWVhMi1mOTI5LTRmOWQtOTk0OC0xMzU5MWFkYWNlODjYAgXgAgE&sid=f990c8e44d8a49a026ee40f8b9e3b3a2&aid=304142&ucfs=1&arphpl=1&checkin=2025-02-09&checkout=2025-02-16&dest_id=-372490&dest_type=city&group_adults=2&req_adults=2&no_rooms=1&group_children=0&req_children=0&hpos=5&hapos=633&sr_order=popularity&srpvid=91357ea171dd08a0&srepoch=1738173704&all_sr_blocks=144934301_89255369_4_0_0&highlighted_blocks=144934301_89255369_4_0_0&matching_block_id=144934301_89255369_4_0_0&sr_pri_blocks=144934301_89255369_4_0_0__125551&from=searchresults
Precioso apartamento en Les Corts,"Les Corts, Barcelona",https://www.booking.com/hotel/es/precioso-apartamento-en-les-corts.html?label=gen173nr-1BCAEoggI46AdSAnVzWARoRogBAZgBMbgBGcgBD9gBAegBAYgCAagCA7gC-NjpvAbAAgHSAiQ4ZGVlZWVhMi1mOTI5LTRmOWQtOTk0OC0xMzU5MWFkYWNlODjYAgXgAgE&sid=f990c8e44d8a49a026ee40f8b9e3b3a2&aid=304142&ucfs=1&arphpl=1&checkin=2025-02-09&checkout=2025-02-16&dest_id=-372490&dest_type=city&group_adults=2&req_adults=2&no_rooms=1&group_children=0&req_children=0&hpos=6&hapos=634&sr_order=popularity&srpvid=91357ea171dd08a0&srepoch=1738173704&all_sr_blocks=1248703701_397267062_3_0_0&highlighted_blocks=1248703701_397267062_3_0_0&matching_block_id=1248703701_397267062_3_0_0&sr_pri_blocks=1248703701_397267062_3_0_0__90597&from=searchresults
Hostal MiMi Las Ramblas,"Ciutat Vella, Barcelona",https://www.booking.com/hotel/es/hostal-albi-barcelona.html?label=gen173nr-1BCAEoggI46AdSAnVzWARoRogBAZgBMbgBGcgBD9gBAegBAYgCAagCA7gC-NjpvAbAAgHSAiQ4ZGVlZWVhMi1mOTI5LTRmOWQtOTk0OC0xMzU5MWFkYWNlODjYAgXgAgE&sid=f990c8e44d8a49a026ee40f8b9e3b3a2&aid=304142&ucfs=1&arphpl=1&checkin=2025-02-09&checkout=2025-02-16&dest_id=-372490&dest_type=city&group_adults=2&req_adults=2&no_rooms=1&group_children=0&req_children=0&hpos=7&hapos=635&sr_order=popularity&srpvid=91357ea171dd08a0&srepoch=1738173704&all_sr_blocks=68017025_342455202_0_0_0&highlighted_blocks=68017025_342455202_0_0_0&matching_block_id=68017025_342455202_0_0_0&sr_pri_blocks=68017025_342455202_0_0_0__64650&from=searchresults
Luxury Modernist Penthouse next Paseo de Gracia,"Eixample, Barcelona",https://www.booking.com/hotel/es/atico-modernista.html?label=gen173nr-1BCAEoggI46AdSAnVzWARoRogBAZgBMbgBGcgBD9gBAegBAYgCAagCA7gC-NjpvAbAAgHSAiQ4ZGVlZWVhMi1mOTI5LTRmOWQtOTk0OC0xMzU5MWFkYWNlODjYAgXgAgE&sid=f990c8e44d8a49a026ee40f8b9e3b3a2&aid=304142&ucfs=1&arphpl=1&checkin=2025-02-09&checkout=2025-02-16&dest_id=-372490&dest_type=city&group_adults=2&req_adults=2&no_rooms=1&group_children=0&req_children=0&hpos=8&hapos=636&sr_order=popularity&srpvid=91357ea171dd08a0&srepoch=1738173704&all_sr_blocks=1334463601_407470537_2_0_0&highlighted_blocks=1334463601_407470537_2_0_0&matching_block_id=1334463601_407470537_2_0_0&sr_pri_blocks=1334463601_407470537_2_0_0__209132&from=searchresults
Barcelona InLoft,"Eixample, Barcelona",https://www.booking.com/hotel/es/barcelona-inloft.html?label=gen173nr-1BCAEoggI46AdSAnVzWARoRogBAZgBMbgBGcgBD9gBAegBAYgCAagCA7gC-NjpvAbAAgHSAiQ4ZGVlZWVhMi1mOTI5LTRmOWQtOTk0OC0xMzU5MWFkYWNlODjYAgXgAgE&sid=f990c8e44d8a49a026ee40f8b9e3b3a2&aid=304142&ucfs=1&arphpl=1&checkin=2025-02-09&checkout=2025-02-16&dest_id=-372490&dest_type=city&group_adults=2&req_adults=2&no_rooms=1&group_children=0&req_children=0&hpos=9&hapos=637&sr_order=popularity&srpvid=91357ea171dd08a0&srepoch=1738173704&all_sr_blocks=107207105_201702244_2_0_0&highlighted_blocks=107207105_201702244_2_0_0&matching_block_id=107207105_201702244_2_0_0&sr_pri_blocks=107207105_201702244_2_0_0__138832&from=searchresults
Exclusive Gracia Apartment,"Gràcia, Barcelona",https://www.booking.com/hotel/es/exclusive-gracia-apartment.html?label=gen173nr-1BCAEoggI46AdSAnVzWARoRogBAZgBMbgBGcgBD9gBAegBAYgCAagCA7gC-NjpvAbAAgHSAiQ4ZGVlZWVhMi1mOTI5LTRmOWQtOTk0OC0xMzU5MWFkYWNlODjYAgXgAgE&sid=f990c8e44d8a49a026ee40f8b9e3b3a2&aid=304142&ucfs=1&arphpl=1&checkin=2025-02-09&checkout=2025-02-16&dest_id=-372490&dest_type=city&group_adults=2&req_adults=2&no_rooms=1&group_children=0&req_children=0&hpos=10&hapos=638&sr_order=popularity&srpvid=91357ea171dd08a0&srepoch=1738173704&all_sr_blocks=1244704801_396584570_4_0_0&highlighted_blocks=1244704801_396584570_4_0_0&matching_block_id=1244704801_396584570_4_0_0&sr_pri_blocks=1244704801_396584570_4_0_0__142279&from=searchresults
Find Calm at this cozy City Sanctuary with terrace,"Eixample, Barcelona",https://www.booking.com/hotel/es/find-calm-at-this-cozy-city-sanctuary-with-terrace.html?label=gen173nr-1BCAEoggI46AdSAnVzWARoRogBAZgBMbgBGcgBD9gBAegBAYgCAagCA7gC-NjpvAbAAgHSAiQ4ZGVlZWVhMi1mOTI5LTRmOWQtOTk0OC0xMzU5MWFkYWNlODjYAgXgAgE&sid=f990c8e44d8a49a026ee40f8b9e3b3a2&aid=304142&ucfs=1&arphpl=1&checkin=2025-02-09&checkout=2025-02-16&dest_id=-372490&dest_type=city&group_adults=2&req_adults=2&no_rooms=1&group_children=0&req_children=0&hpos=11&hapos=639&sr_order=popularity&srpvid=91357ea171dd08a0&srepoch=1738173704&all_sr_blocks=743918901_385213967_2_0_0&highlighted_blocks=743918901_385213967_2_0_0&matching_block_id=743918901_385213967_2_0_0&sr_pri_blocks=743918901_385213967_2_0_0__226267&from=searchresults
Poblenou Beach Amazing Charm,"Sant Martí, Barcelona",https://www.booking.com/hotel/es/poblenou-beach-amazing-charm.html?label=gen173nr-1BCAEoggI46AdSAnVzWARoRogBAZgBMbgBGcgBD9gBAegBAYgCAagCA7gC-NjpvAbAAgHSAiQ4ZGVlZWVhMi1mOTI5LTRmOWQtOTk0OC0xMzU5MWFkYWNlODjYAgXgAgE&sid=f990c8e44d8a49a026ee40f8b9e3b3a2&aid=304142&ucfs=1&arphpl=1&checkin=2025-02-09&checkout=2025-02-16&dest_id=-372490&dest_type=city&group_adults=2&req_adults=2&no_rooms=1&group_children=0&req_children=0&hpos=12&hapos=640&sr_order=popularity&srpvid=91357ea171dd08a0&srepoch=1738173704&all_sr_blocks=640723401_396983498_2_0_0&highlighted_blocks=640723401_396983498_2_0_0&matching_block_id=640723401_396983498_2_0_0&sr_pri_blocks=640723401_396983498_2_0_0__96023&from=searchresults
Colors,"Horta-Guinardó, Barcelona",https://www.booking.com/hotel/es/colors.html?label=gen173nr-1BCAEoggI46AdSAnVzWARoRogBAZgBMbgBGcgBD9gBAegBAYgCAagCA7gC-NjpvAbAAgHSAiQ4ZGVlZWVhMi1mOTI5LTRmOWQtOTk0OC0xMzU5MWFkYWNlODjYAgXgAgE&sid=f990c8e44d8a49a026ee40f8b9e3b3a2&aid=304142&ucfs=1&arphpl=1&checkin=2025-02-09&checkout=2025-02-16&dest_id=-372490&dest_type=city&group_adults=2&req_adults=2&no_rooms=1&group_children=0&req_children=0&hpos=13&hapos=641&sr_order=popularity&srpvid=91357ea171dd08a0&srepoch=1738173704&all_sr_blocks=9393605_340992747_2_2_0&highlighted_blocks=9393605_340992747_2_2_0&matching_block_id=9393605_340992747_2_2_0&sr_pri_blocks=9393605_340992747_2_2_0__74815&from=searchresults
Paseo de gracia gran vía de les corts catalanes,"Eixample, Barcelona",https://www.booking.com/hotel/es/paseo-de-gracia-gran-via-de-les-corts-catalanes.html?label=gen173nr-1BCAEoggI46AdSAnVzWARoRogBAZgBMbgBGcgBD9gBAegBAYgCAagCA7gC-NjpvAbAAgHSAiQ4ZGVlZWVhMi1mOTI5LTRmOWQtOTk0OC0xMzU5MWFkYWNlODjYAgXgAgE&sid=f990c8e44d8a49a026ee40f8b9e3b3a2&aid=304142&ucfs=1&arphpl=1&checkin=2025-02-09&checkout=2025-02-16&dest_id=-372490&dest_type=city&group_adults=2&req_adults=2&no_rooms=1&group_children=0&req_children=0&hpos=14&hapos=642&sr_order=popularity&srpvid=91357ea171dd08a0&srepoch=1738173704&all_sr_blocks=947854701_389480115_2_0_0&highlighted_blocks=947854701_389480115_2_0_0&matching_block_id=947854701_389480115_2_0_0&sr_pri_blocks=947854701_389480115_2_0_0__210823&from=searchresults
Key Sagrada Familia - Carrer Del Clot,"Sant Andreu, Barcelona",https://www.booking.com/hotel/es/sagrada-familia-carrer-del-clot.html?label=gen173nr-1BCAEoggI46AdSAnVzWARoRogBAZgBMbgBGcgBD9gBAegBAYgCAagCA7gC-NjpvAbAAgHSAiQ4ZGVlZWVhMi1mOTI5LTRmOWQtOTk0OC0xMzU5MWFkYWNlODjYAgXgAgE&sid=f990c8e44d8a49a026ee40f8b9e3b3a2&aid=304142&ucfs=1&arphpl=1&checkin=2025-02-09&checkout=2025-02-16&dest_id=-372490&dest_type=city&group_adults=2&req_adults=2&no_rooms=1&group_children=0&req_children=0&hpos=15&hapos=643&sr_order=popularity&srpvid=91357ea171dd08a0&srepoch=1738173704&all_sr_blocks=181472005_181353825_3_0_0_502527&highlighted_blocks=181472005_181353825_3_0_0_502527&matching_block_id=181472005_181353825_3_0_0_502527&sr_pri_blocks=181472005_181353825_3_0_0_502527_95235&from=searchresults
Lets holidays apartment in Sant Martí,"Sant Martí, Barcelona",https://www.booking.com/hotel/es/nice-apartment-with-pool-barcelona-barcelona.html?label=gen173nr-1BCAEoggI46AdSAnVzWARoRogBAZgBMbgBGcgBD9gBAegBAYgCAagCA7gC-NjpvAbAAgHSAiQ4ZGVlZWVhMi1mOTI5LTRmOWQtOTk0OC0xMzU5MWFkYWNlODjYAgXgAgE&sid=f990c8e44d8a49a026ee40f8b9e3b3a2&aid=304142&ucfs=1&arphpl=1&checkin=2025-02-09&checkout=2025-02-16&dest_id=-372490&dest_type=city&group_adults=2&req_adults=2&no_rooms=1&group_children=0&req_children=0&hpos=16&hapos=644&sr_order=popularity&srpvid=91357ea171dd08a0&srepoch=1738173704&all_sr_blocks=687230202_367749095_4_0_0&highlighted_blocks=687230202_367749095_4_0_0&matching_block_id=687230202_367749095_4_0_0&sr_pri_blocks=687230202_367749095_4_0_0__143632&from=searchresults
1214 - TWO BEDROOMS CIUTADELLA APARTMENT,"Sant Martí, Barcelona",https://www.booking.com/hotel/es/1214-beach-olimpic-village-apartment-i.html?label=gen173nr-1BCAEoggI46AdSAnVzWARoRogBAZgBMbgBGcgBD9gBAegBAYgCAagCA7gC-NjpvAbAAgHSAiQ4ZGVlZWVhMi1mOTI5LTRmOWQtOTk0OC0xMzU5MWFkYWNlODjYAgXgAgE&sid=f990c8e44d8a49a026ee40f8b9e3b3a2&aid=304142&ucfs=1&arphpl=1&checkin=2025-02-09&checkout=2025-02-16&dest_id=-372490&dest_type=city&group_adults=2&req_adults=2&no_rooms=1&group_children=0&req_children=0&hpos=17&hapos=645&sr_order=popularity&srpvid=91357ea171dd08a0&srepoch=1738173704&all_sr_blocks=319202502_119490507_4_0_0_611608&highlighted_blocks=319202502_119490507_4_0_0_611608&matching_block_id=319202502_119490507_4_0_0_611608&sr_pri_blocks=319202502_119490507_4_0_0_611608_167642&from=searchresults
Hostal Las Flores Ramblas,"Ciutat Vella, Barcelona",https://www.booking.com/hotel/es/hostal-las-flores.html?label=gen173nr-1BCAEoggI46AdSAnVzWARoRogBAZgBMbgBGcgBD9gBAegBAYgCAagCA7gC-NjpvAbAAgHSAiQ4ZGVlZWVhMi1mOTI5LTRmOWQtOTk0OC0xMzU5MWFkYWNlODjYAgXgAgE&sid=f990c8e44d8a49a026ee40f8b9e3b3a2&aid=304142&ucfs=1&arphpl=1&checkin=2025-02-09&checkout=2025-02-16&dest_id=-372490&dest_type=city&group_adults=2&req_adults=2&no_rooms=1&group_children=0&req_children=0&hpos=18&hapos=646&sr_order=popularity&srpvid=91357ea171dd08a0&srepoch=1738173704&all_sr_blocks=27593501_0_2_0_0&highlighted_blocks=27593501_0_2_0_0&matching_block_id=27593501_0_2_0_0&sr_pri_blocks=27593501_0_2_0_0__75006&from=searchresults
Palau de la música 13,"Ciutat Vella, Barcelona",https://www.booking.com/hotel/es/palau-de-la-musica-13.html?label=gen173nr-1BCAEoggI46AdSAnVzWARoRogBAZgBMbgBGcgBD9gBAegBAYgCAagCA7gC-NjpvAbAAgHSAiQ4ZGVlZWVhMi1mOTI5LTRmOWQtOTk0OC0xMzU5MWFkYWNlODjYAgXgAgE&sid=f990c8e44d8a49a026ee40f8b9e3b3a2&aid=304142&ucfs=1&arphpl=1&checkin=2025-02-09&checkout=2025-02-16&dest_id=-372490&dest_type=city&group_adults=2&req_adults=2&no_rooms=1&group_children=0&req_children=0&hpos=19&hapos=647&sr_order=popularity&srpvid=91357ea171dd08a0&srepoch=1738173704&all_sr_blocks=1245236301_396675766_2_0_0&highlighted_blocks=1245236301_396675766_2_0_0&matching_block_id=1245236301_396675766_2_0_0&sr_pri_blocks=1245236301_396675766_2_0_0__109682&from=searchresults
Art House Fira Apartments,"Eixample, Barcelona",https://www.booking.com/hotel/es/bcnwhynot-fira-apartments.html?label=gen173nr-1BCAEoggI46AdSAnVzWARoRogBAZgBMbgBGcgBD9gBAegBAYgCAagCA7gC-NjpvAbAAgHSAiQ4ZGVlZWVhMi1mOTI5LTRmOWQtOTk0OC0xMzU5MWFkYWNlODjYAgXgAgE&sid=f990c8e44d8a49a026ee40f8b9e3b3a2&aid=304142&ucfs=1&arphpl=1&checkin=2025-02-09&checkout=2025-02-16&dest_id=-372490&dest_type=city&group_adults=2&req_adults=2&no_rooms=1&group_children=0&req_children=0&hpos=20&hapos=648&sr_order=popularity&srpvid=91357ea171dd08a0&srepoch=1738173704&all_sr_blocks=47319402_330858991_3_0_0&highlighted_blocks=47319402_330858991_3_0_0&matching_block_id=47319402_330858991_3_0_0&sr_pri_blocks=47319402_330858991_3_0_0__169802&from=searchresults
The Diagonal Sagrada by Sweett,"Eixample, Barcelona",https://www.booking.com/hotel/es/sweett-diagonal-sagrada.html?label=gen173nr-1BCAEoggI46AdSAnVzWARoRogBAZgBMbgBGcgBD9gBAegBAYgCAagCA7gC-NjpvAbAAgHSAiQ4ZGVlZWVhMi1mOTI5LTRmOWQtOTk0OC0xMzU5MWFkYWNlODjYAgXgAgE&sid=f990c8e44d8a49a026ee40f8b9e3b3a2&aid=304142&ucfs=1&arphpl=1&checkin=2025-02-09&checkout=2025-02-16&dest_id=-372490&dest_type=city&group_adults=2&req_adults=2&no_rooms=1&group_children=0&req_children=0&hpos=21&hapos=649&sr_order=popularity&srpvid=91357ea171dd08a0&srepoch=1738173704&all_sr_blocks=1342270804_406618552_6_0_0&highlighted_blocks=1342270804_406618552_6_0_0&matching_block_id=1342270804_406618552_6_0_0&sr_pri_blocks=1342270804_406618552_6_0_0__176548&from=searchresults
You Stylish Boutique Apartments,"Eixample, Barcelona",https://www.booking.com/hotel/es/you-stylish-boutique-apartments.html?label=gen173nr-1BCAEoggI46AdSAnVzWARoRogBAZgBMbgBGcgBD9gBAegBAYgCAagCA7gC-NjpvAbAAgHSAiQ4ZGVlZWVhMi1mOTI5LTRmOWQtOTk0OC0xMzU5MWFkYWNlODjYAgXgAgE&sid=f990c8e44d8a49a026ee40f8b9e3b3a2&aid=304142&ucfs=1&arphpl=1&checkin=2025-02-09&checkout=2025-02-16&dest_id=-372490&dest_type=city&group_adults=2&req_adults=2&no_rooms=1&group_children=0&req_children=0&hpos=22&hapos=650&sr_order=popularity&srpvid=91357ea171dd08a0&srepoch=1738173704&all_sr_blocks=181711401_357971516_0_0_0&highlighted_blocks=181711401_357971516_0_0_0&matching_block_id=181711401_357971516_0_0_0&sr_pri_blocks=181711401_357971516_0_0_0__222177&from=searchresults
Central Apartment,"Ciutat Vella, Barcelona",https://www.booking.com/hotel/es/central-apartment.html?label=gen173nr-1BCAEoggI46AdSAnVzWARoRogBAZgBMbgBGcgBD9gBAegBAYgCAagCA7gC-NjpvAbAAgHSAiQ4ZGVlZWVhMi1mOTI5LTRmOWQtOTk0OC0xMzU5MWFkYWNlODjYAgXgAgE&sid=f990c8e44d8a49a026ee40f8b9e3b3a2&aid=304142&ucfs=1&arphpl=1&checkin=2025-02-09&checkout=2025-02-16&dest_id=-372490&dest_type=city&group_adults=2&req_adults=2&no_rooms=1&group_children=0&req_children=0&hpos=23&hapos=651&sr_order=popularity&srpvid=91357ea171dd08a0&srepoch=1738173704&all_sr_blocks=138121501_118992384_6_0_0&highlighted_blocks=138121501_118992384_6_0_0&matching_block_id=138121501_118992384_6_0_0&sr_pri_blocks=138121501_118992384_6_0_0__196937&from=searchresults
EL BORN - Ciutat Vella - Port 5 pax 2 bedrooms,"Ciutat Vella, Barcelona",https://www.booking.com/hotel/es/el-born-ciutat-vella-port-5-pax-2-bedrooms.html?label=gen173nr-1BCAEoggI46AdSAnVzWARoRogBAZgBMbgBGcgBD9gBAegBAYgCAagCA7gC-NjpvAbAAgHSAiQ4ZGVlZWVhMi1mOTI5LTRmOWQtOTk0OC0xMzU5MWFkYWNlODjYAgXgAgE&sid=f990c8e44d8a49a026ee40f8b9e3b3a2&aid=304142&ucfs=1&arphpl=1&checkin=2025-02-09&checkout=2025-02-16&dest_id=-372490&dest_type=city&group_adults=2&req_adults=2&no_rooms=1&group_children=0&req_children=0&hpos=24&hapos=652&sr_order=popularity&srpvid=91357ea171dd08a0&srepoch=1738173704&all_sr_blocks=1200188301_392288009_4_0_0&highlighted_blocks=1200188301_392288009_4_0_0&matching_block_id=1200188301_392288009_4_0_0&sr_pri_blocks=1200188301_392288009_4_0_0__188712&from=searchresults
pilar room,"Ciutat Vella, Barcelona",https://www.booking.com/hotel/es/pilar-room.html?label=gen173nr-1BCAEoggI46AdSAnVzWARoRogBAZgBMbgBGcgBD9gBAegBAYgCAagCA7gC-NjpvAbAAgHSAiQ4ZGVlZWVhMi1mOTI5LTRmOWQtOTk0OC0xMzU5MWFkYWNlODjYAgXgAgE&sid=f990c8e44d8a49a026ee40f8b9e3b3a2&aid=304142&ucfs=1&arphpl=1&checkin=2025-02-09&checkout=2025-02-16&dest_id=-372490&dest_type=city&group_adults=2&req_adults=2&no_rooms=1&group_children=0&req_children=0&hpos=1&hapos=653&sr_order=popularity&srpvid=91357ea171dd08a0&srepoch=1738173708&all_sr_blocks=1284573401_401392879_2_0_0&highlighted_blocks=1284573401_401392879_2_0_0&matching_block_id=1284573401_401392879_2_0_0&sr_pri_blocks=1284573401_401392879_2_0_0__49595&from=searchresults
Stylish 2 Bdr In Trendy Gracia,"Gràcia, Barcelona",https://www.booking.com/hotel/es/stylish-2-bdr-apartment-in-trendy-gracia.html?label=gen173nr-1BCAEoggI46AdSAnVzWARoRogBAZgBMbgBGcgBD9gBAegBAYgCAagCA7gC-NjpvAbAAgHSAiQ4ZGVlZWVhMi1mOTI5LTRmOWQtOTk0OC0xMzU5MWFkYWNlODjYAgXgAgE&sid=f990c8e44d8a49a026ee40f8b9e3b3a2&aid=304142&ucfs=1&arphpl=1&checkin=2025-02-09&checkout=2025-02-16&dest_id=-372490&dest_type=city&group_adults=2&req_adults=2&no_rooms=1&group_children=0&req_children=0&hpos=2&hapos=654&sr_order=popularity&srpvid=91357ea171dd08a0&srepoch=1738173708&all_sr_blocks=808440101_396875848_4_0_0&highlighted_blocks=808440101_396875848_4_0_0&matching_block_id=808440101_396875848_4_0_0&sr_pri_blocks=808440101_396875848_4_0_0__125101&from=searchresults
Stay Barcelona Vila de Gracia,"Gràcia, Barcelona",https://www.booking.com/hotel/es/stay-barcelona-vila-de-gracia.html?label=gen173nr-1BCAEoggI46AdSAnVzWARoRogBAZgBMbgBGcgBD9gBAegBAYgCAagCA7gC-NjpvAbAAgHSAiQ4ZGVlZWVhMi1mOTI5LTRmOWQtOTk0OC0xMzU5MWFkYWNlODjYAgXgAgE&sid=f990c8e44d8a49a026ee40f8b9e3b3a2&aid=304142&ucfs=1&arphpl=1&checkin=2025-02-09&checkout=2025-02-16&dest_id=-372490&dest_type=city&group_adults=2&req_adults=2&no_rooms=1&group_children=0&req_children=0&hpos=3&hapos=655&sr_order=popularity&srpvid=91357ea171dd08a0&srepoch=1738173708&all_sr_blocks=222834101_365584965_2_0_0&highlighted_blocks=222834101_365584965_2_0_0&matching_block_id=222834101_365584965_2_0_0&sr_pri_blocks=222834101_365584965_2_0_0__110482&from=searchresults
Habitat apartments Barcelona Center,"Eixample, Barcelona",https://www.booking.com/hotel/es/habitat-apartments-balmes.html?label=gen173nr-1BCAEoggI46AdSAnVzWARoRogBAZgBMbgBGcgBD9gBAegBAYgCAagCA7gC-NjpvAbAAgHSAiQ4ZGVlZWVhMi1mOTI5LTRmOWQtOTk0OC0xMzU5MWFkYWNlODjYAgXgAgE&sid=f990c8e44d8a49a026ee40f8b9e3b3a2&aid=304142&ucfs=1&arphpl=1&checkin=2025-02-09&checkout=2025-02-16&dest_id=-372490&dest_type=city&group_adults=2&req_adults=2&no_rooms=1&group_children=0&req_children=0&hpos=4&hapos=656&sr_order=popularity&srpvid=91357ea171dd08a0&srepoch=1738173708&all_sr_blocks=86628101_88418512_0_0_0&highlighted_blocks=86628101_88418512_0_0_0&matching_block_id=86628101_88418512_0_0_0&sr_pri_blocks=86628101_88418512_0_0_0__127366&from=searchresults
Beachfront with terrace,"Sant Martí, Barcelona",https://www.booking.com/hotel/es/beachfront-with-terrace-barcelona.html?label=gen173nr-1BCAEoggI46AdSAnVzWARoRogBAZgBMbgBGcgBD9gBAegBAYgCAagCA7gC-NjpvAbAAgHSAiQ4ZGVlZWVhMi1mOTI5LTRmOWQtOTk0OC0xMzU5MWFkYWNlODjYAgXgAgE&sid=f990c8e44d8a49a026ee40f8b9e3b3a2&aid=304142&ucfs=1&arphpl=1&checkin=2025-02-09&checkout=2025-02-16&dest_id=-372490&dest_type=city&group_adults=2&req_adults=2&no_rooms=1&group_children=0&req_children=0&hpos=5&hapos=657&sr_order=popularity&srpvid=91357ea171dd08a0&srepoch=1738173708&all_sr_blocks=1055750901_394354321_8_0_0&highlighted_blocks=1055750901_394354321_8_0_0&matching_block_id=1055750901_394354321_8_0_0&sr_pri_blocks=1055750901_394354321_8_0_0__185222&from=searchresults
3bedroom Duplex with balcony in plaza Cataluña,"Eixample, Barcelona",https://www.booking.com/hotel/es/placa-catalunya-breathtaking-3bedroom-duplex-with-balcony.html?label=gen173nr-1BCAEoggI46AdSAnVzWARoRogBAZgBMbgBGcgBD9gBAegBAYgCAagCA7gC-NjpvAbAAgHSAiQ4ZGVlZWVhMi1mOTI5LTRmOWQtOTk0OC0xMzU5MWFkYWNlODjYAgXgAgE&sid=f990c8e44d8a49a026ee40f8b9e3b3a2&aid=304142&ucfs=1&arphpl=1&checkin=2025-02-09&checkout=2025-02-16&dest_id=-372490&dest_type=city&group_adults=2&req_adults=2&no_rooms=1&group_children=0&req_children=0&hpos=6&hapos=658&sr_order=popularity&srpvid=91357ea171dd08a0&srepoch=1738173708&all_sr_blocks=874030202_399861610_4_0_0&highlighted_blocks=874030202_399861610_4_0_0&matching_block_id=874030202_399861610_4_0_0&sr_pri_blocks=874030202_399861610_4_0_0__154837&from=searchresults
Cozy Apartment with Ensuite 11,"Eixample, Barcelona",https://www.booking.com/hotel/es/cozy-apartment-with-ensuite-11.html?label=gen173nr-1BCAEoggI46AdSAnVzWARoRogBAZgBMbgBGcgBD9gBAegBAYgCAagCA7gC-NjpvAbAAgHSAiQ4ZGVlZWVhMi1mOTI5LTRmOWQtOTk0OC0xMzU5MWFkYWNlODjYAgXgAgE&sid=f990c8e44d8a49a026ee40f8b9e3b3a2&aid=304142&ucfs=1&arphpl=1&checkin=2025-02-09&checkout=2025-02-16&dest_id=-372490&dest_type=city&group_adults=2&req_adults=2&no_rooms=1&group_children=0&req_children=0&hpos=7&hapos=659&sr_order=popularity&srpvid=91357ea171dd08a0&srepoch=1738173708&all_sr_blocks=1322992001_404969554_2_0_0&highlighted_blocks=1322992001_404969554_2_0_0&matching_block_id=1322992001_404969554_2_0_0&sr_pri_blocks=1322992001_404969554_2_0_0__141183&from=searchresults
Apartment Diagonal Mar by Interhome,"Sant Martí, Barcelona",https://www.booking.com/hotel/es/apartment-passeig-garcia-faria-barcelona.html?label=gen173nr-1BCAEoggI46AdSAnVzWARoRogBAZgBMbgBGcgBD9gBAegBAYgCAagCA7gC-NjpvAbAAgHSAiQ4ZGVlZWVhMi1mOTI5LTRmOWQtOTk0OC0xMzU5MWFkYWNlODjYAgXgAgE&sid=f990c8e44d8a49a026ee40f8b9e3b3a2&aid=304142&ucfs=1&arphpl=1&checkin=2025-02-09&checkout=2025-02-16&dest_id=-372490&dest_type=city&group_adults=2&req_adults=2&no_rooms=1&group_children=0&req_children=0&hpos=8&hapos=660&sr_order=popularity&srpvid=91357ea171dd08a0&srepoch=1738173708&all_sr_blocks=55233401_331928719_4_0_0&highlighted_blocks=55233401_331928719_4_0_0&matching_block_id=55233401_331928719_4_0_0&sr_pri_blocks=55233401_331928719_4_0_0__158877&from=searchresults
Palau de la música 7,"Ciutat Vella, Barcelona",https://www.booking.com/hotel/es/palau-de-la-musica-7.html?label=gen173nr-1BCAEoggI46AdSAnVzWARoRogBAZgBMbgBGcgBD9gBAegBAYgCAagCA7gC-NjpvAbAAgHSAiQ4ZGVlZWVhMi1mOTI5LTRmOWQtOTk0OC0xMzU5MWFkYWNlODjYAgXgAgE&sid=f990c8e44d8a49a026ee40f8b9e3b3a2&aid=304142&ucfs=1&arphpl=1&checkin=2025-02-09&checkout=2025-02-16&dest_id=-372490&dest_type=city&group_adults=2&req_adults=2&no_rooms=1&group_children=0&req_children=0&hpos=9&hapos=661&sr_order=popularity&srpvid=91357ea171dd08a0&srepoch=1738173708&all_sr_blocks=1244583901_396570401_4_0_0&highlighted_blocks=1244583901_396570401_4_0_0&matching_block_id=1244583901_396570401_4_0_0&sr_pri_blocks=1244583901_396570401_4_0_0__123932&from=searchresults
Apartamento Sagrada Familia,"Sant Martí, Barcelona",https://www.booking.com/hotel/es/apartamento-sagrada-familia.html?label=gen173nr-1BCAEoggI46AdSAnVzWARoRogBAZgBMbgBGcgBD9gBAegBAYgCAagCA7gC-NjpvAbAAgHSAiQ4ZGVlZWVhMi1mOTI5LTRmOWQtOTk0OC0xMzU5MWFkYWNlODjYAgXgAgE&sid=f990c8e44d8a49a026ee40f8b9e3b3a2&aid=304142&ucfs=1&arphpl=1&checkin=2025-02-09&checkout=2025-02-16&dest_id=-372490&dest_type=city&group_adults=2&req_adults=2&no_rooms=1&group_children=0&req_children=0&hpos=10&hapos=662&sr_order=popularity&srpvid=91357ea171dd08a0&srepoch=1738173708&all_sr_blocks=74410501_329645639_4_0_0&highlighted_blocks=74410501_329645639_4_0_0&matching_block_id=74410501_329645639_4_0_0&sr_pri_blocks=74410501_329645639_4_0_0__119382&from=searchresults
Cómodo apartamento en Poble Sec,"Sants-Montjuïc, Barcelona",https://www.booking.com/hotel/es/comodo-apartamento-en-poble-sec.html?label=gen173nr-1BCAEoggI46AdSAnVzWARoRogBAZgBMbgBGcgBD9gBAegBAYgCAagCA7gC-NjpvAbAAgHSAiQ4ZGVlZWVhMi1mOTI5LTRmOWQtOTk0OC0xMzU5MWFkYWNlODjYAgXgAgE&sid=f990c8e44d8a49a026ee40f8b9e3b3a2&aid=304142&ucfs=1&arphpl=1&checkin=2025-02-09&checkout=2025-02-16&dest_id=-372490&dest_type=city&group_adults=2&req_adults=2&no_rooms=1&group_children=0&req_children=0&hpos=11&hapos=663&sr_order=popularity&srpvid=91357ea171dd08a0&srepoch=1738173708&all_sr_blocks=1227500901_394779475_2_0_0&highlighted_blocks=1227500901_394779475_2_0_0&matching_block_id=1227500901_394779475_2_0_0&sr_pri_blocks=1227500901_394779475_2_0_0__88847&from=searchresults
Autèntic Barcelona Monumental,"Eixample, Barcelona",https://www.booking.com/hotel/es/autentic-barcelona-monumental.html?label=gen173nr-1BCAEoggI46AdSAnVzWARoRogBAZgBMbgBGcgBD9gBAegBAYgCAagCA7gC-NjpvAbAAgHSAiQ4ZGVlZWVhMi1mOTI5LTRmOWQtOTk0OC0xMzU5MWFkYWNlODjYAgXgAgE&sid=f990c8e44d8a49a026ee40f8b9e3b3a2&aid=304142&ucfs=1&arphpl=1&checkin=2025-02-09&checkout=2025-02-16&dest_id=-372490&dest_type=city&group_adults=2&req_adults=2&no_rooms=1&group_children=0&req_children=0&hpos=12&hapos=664&sr_order=popularity&srpvid=91357ea171dd08a0&srepoch=1738173708&all_sr_blocks=112943609_374405399_6_0_0&highlighted_blocks=112943609_374405399_6_0_0&matching_block_id=112943609_374405399_6_0_0&sr_pri_blocks=112943609_374405399_6_0_0__233792&from=searchresults
Stay Barcelona Sant Martí,"Sant Martí, Barcelona",https://www.booking.com/hotel/es/stay-barcelona-sant-marti.html?label=gen173nr-1BCAEoggI46AdSAnVzWARoRogBAZgBMbgBGcgBD9gBAegBAYgCAagCA7gC-NjpvAbAAgHSAiQ4ZGVlZWVhMi1mOTI5LTRmOWQtOTk0OC0xMzU5MWFkYWNlODjYAgXgAgE&sid=f990c8e44d8a49a026ee40f8b9e3b3a2&aid=304142&ucfs=1&arphpl=1&checkin=2025-02-09&checkout=2025-02-16&dest_id=-372490&dest_type=city&group_adults=2&req_adults=2&no_rooms=1&group_children=0&req_children=0&hpos=13&hapos=665&sr_order=popularity&srpvid=91357ea171dd08a0&srepoch=1738173708&all_sr_blocks=551295101_365585011_2_0_0&highlighted_blocks=551295101_365585011_2_0_0&matching_block_id=551295101_365585011_2_0_0&sr_pri_blocks=551295101_365585011_2_0_0__110482&from=searchresults
Palau de la música 2,"Ciutat Vella, Barcelona",https://www.booking.com/hotel/es/palau-de-la-musica-2.html?label=gen173nr-1BCAEoggI46AdSAnVzWARoRogBAZgBMbgBGcgBD9gBAegBAYgCAagCA7gC-NjpvAbAAgHSAiQ4ZGVlZWVhMi1mOTI5LTRmOWQtOTk0OC0xMzU5MWFkYWNlODjYAgXgAgE&sid=f990c8e44d8a49a026ee40f8b9e3b3a2&aid=304142&ucfs=1&arphpl=1&checkin=2025-02-09&checkout=2025-02-16&dest_id=-372490&dest_type=city&group_adults=2&req_adults=2&no_rooms=1&group_children=0&req_children=0&hpos=14&hapos=666&sr_order=popularity&srpvid=91357ea171dd08a0&srepoch=1738173708&all_sr_blocks=1240809201_396016157_4_0_0&highlighted_blocks=1240809201_396016157_4_0_0&matching_block_id=1240809201_396016157_4_0_0&sr_pri_blocks=1240809201_396016157_4_0_0__123932&from=searchresults
ME Barcelona,"Eixample, Barcelona",https://www.booking.com/hotel/es/me-barcelona-barcelona.html?label=gen173nr-1BCAEoggI46AdSAnVzWARoRogBAZgBMbgBGcgBD9gBAegBAYgCAagCA7gC-NjpvAbAAgHSAiQ4ZGVlZWVhMi1mOTI5LTRmOWQtOTk0OC0xMzU5MWFkYWNlODjYAgXgAgE&sid=f990c8e44d8a49a026ee40f8b9e3b3a2&aid=304142&ucfs=1&arphpl=1&checkin=2025-02-09&checkout=2025-02-16&dest_id=-372490&dest_type=city&group_adults=2&req_adults=2&no_rooms=1&group_children=0&req_children=0&hpos=15&hapos=667&sr_order=popularity&srpvid=91357ea171dd08a0&srepoch=1738173708&all_sr_blocks=693981302_285547216_2_2_0&highlighted_blocks=693981302_285547216_2_2_0&matching_block_id=693981302_285547216_2_2_0&sr_pri_blocks=693981302_285547216_2_2_0__279150&from_sustainable_property_sr=1&from=searchresults
My Space Emirates - Park Güell Triplex with Private Terrace,"Sarrià-St. Gervasi, Barcelona",https://www.booking.com/hotel/es/barcino-park-guell-apartments.html?label=gen173nr-1BCAEoggI46AdSAnVzWARoRogBAZgBMbgBGcgBD9gBAegBAYgCAagCA7gC-NjpvAbAAgHSAiQ4ZGVlZWVhMi1mOTI5LTRmOWQtOTk0OC0xMzU5MWFkYWNlODjYAgXgAgE&sid=f990c8e44d8a49a026ee40f8b9e3b3a2&aid=304142&ucfs=1&arphpl=1&checkin=2025-02-09&checkout=2025-02-16&dest_id=-372490&dest_type=city&group_adults=2&req_adults=2&no_rooms=1&group_children=0&req_children=0&hpos=16&hapos=668&sr_order=popularity&srpvid=91357ea171dd08a0&srepoch=1738173708&all_sr_blocks=1155294403_390578678_2_0_0&highlighted_blocks=1155294403_390578678_2_0_0&matching_block_id=1155294403_390578678_2_0_0&sr_pri_blocks=1155294403_390578678_2_0_0__101377&from=searchresults
"Bbarcelonapartment Acogedor, tranquilo con Balcón","Gràcia, Barcelona",https://www.booking.com/hotel/es/montmany.html?label=gen173nr-1BCAEoggI46AdSAnVzWARoRogBAZgBMbgBGcgBD9gBAegBAYgCAagCA7gC-NjpvAbAAgHSAiQ4ZGVlZWVhMi1mOTI5LTRmOWQtOTk0OC0xMzU5MWFkYWNlODjYAgXgAgE&sid=f990c8e44d8a49a026ee40f8b9e3b3a2&aid=304142&ucfs=1&arphpl=1&checkin=2025-02-09&checkout=2025-02-16&dest_id=-372490&dest_type=city&group_adults=2&req_adults=2&no_rooms=1&group_children=0&req_children=0&hpos=17&hapos=669&sr_order=popularity&srpvid=91357ea171dd08a0&srepoch=1738173708&all_sr_blocks=727697201_311052661_2_0_0&highlighted_blocks=727697201_311052661_2_0_0&matching_block_id=727697201_311052661_2_0_0&sr_pri_blocks=727697201_311052661_2_0_0__115249&from=searchresults
Alcam Les Corts,"Les Corts, Barcelona",https://www.booking.com/hotel/es/alcam-les-corts.html?label=gen173nr-1BCAEoggI46AdSAnVzWARoRogBAZgBMbgBGcgBD9gBAegBAYgCAagCA7gC-NjpvAbAAgHSAiQ4ZGVlZWVhMi1mOTI5LTRmOWQtOTk0OC0xMzU5MWFkYWNlODjYAgXgAgE&sid=f990c8e44d8a49a026ee40f8b9e3b3a2&aid=304142&ucfs=1&arphpl=1&checkin=2025-02-09&checkout=2025-02-16&dest_id=-372490&dest_type=city&group_adults=2&req_adults=2&no_rooms=1&group_children=0&req_children=0&hpos=18&hapos=670&sr_order=popularity&srpvid=91357ea171dd08a0&srepoch=1738173708&all_sr_blocks=1039207102_376394646_0_0_0&highlighted_blocks=1039207102_376394646_0_0_0&matching_block_id=1039207102_376394646_0_0_0&sr_pri_blocks=1039207102_376394646_0_0_0__109838&from=searchresults
Barcelonaforrent The Sagrada Penthouse,"Eixample, Barcelona",https://www.booking.com/hotel/es/barcelonaforrent-sagrada-familia-apartments.html?label=gen173nr-1BCAEoggI46AdSAnVzWARoRogBAZgBMbgBGcgBD9gBAegBAYgCAagCA7gC-NjpvAbAAgHSAiQ4ZGVlZWVhMi1mOTI5LTRmOWQtOTk0OC0xMzU5MWFkYWNlODjYAgXgAgE&sid=f990c8e44d8a49a026ee40f8b9e3b3a2&aid=304142&ucfs=1&arphpl=1&checkin=2025-02-09&checkout=2025-02-16&dest_id=-372490&dest_type=city&group_adults=2&req_adults=2&no_rooms=1&group_children=0&req_children=0&hpos=19&hapos=671&sr_order=popularity&srpvid=91357ea171dd08a0&srepoch=1738173708&all_sr_blocks=37749303_406314329_0_0_0&highlighted_blocks=37749303_406314329_0_0_0&matching_block_id=37749303_406314329_0_0_0&sr_pri_blocks=37749303_406314329_0_0_0__162857&from=searchresults
One Bedroom Apartment in Carrer Aragó,"Eixample, Barcelona",https://www.booking.com/hotel/es/one-bedroom-apartment-in-carrer-arago.html?label=gen173nr-1BCAEoggI46AdSAnVzWARoRogBAZgBMbgBGcgBD9gBAegBAYgCAagCA7gC-NjpvAbAAgHSAiQ4ZGVlZWVhMi1mOTI5LTRmOWQtOTk0OC0xMzU5MWFkYWNlODjYAgXgAgE&sid=f990c8e44d8a49a026ee40f8b9e3b3a2&aid=304142&ucfs=1&arphpl=1&checkin=2025-02-09&checkout=2025-02-16&dest_id=-372490&dest_type=city&group_adults=2&req_adults=2&no_rooms=1&group_children=0&req_children=0&hpos=20&hapos=672&sr_order=popularity&srpvid=91357ea171dd08a0&srepoch=1738173708&all_sr_blocks=1344260701_406793167_2_0_0&highlighted_blocks=1344260701_406793167_2_0_0&matching_block_id=1344260701_406793167_2_0_0&sr_pri_blocks=1344260701_406793167_2_0_0__114232&from=searchresults
Enamorats,"Eixample, Barcelona",https://www.booking.com/hotel/es/enamorats-barcelona2.html?label=gen173nr-1BCAEoggI46AdSAnVzWARoRogBAZgBMbgBGcgBD9gBAegBAYgCAagCA7gC-NjpvAbAAgHSAiQ4ZGVlZWVhMi1mOTI5LTRmOWQtOTk0OC0xMzU5MWFkYWNlODjYAgXgAgE&sid=f990c8e44d8a49a026ee40f8b9e3b3a2&aid=304142&ucfs=1&arphpl=1&checkin=2025-02-09&checkout=2025-02-16&dest_id=-372490&dest_type=city&group_adults=2&req_adults=2&no_rooms=1&group_children=0&req_children=0&hpos=21&hapos=673&sr_order=popularity&srpvid=91357ea171dd08a0&srepoch=1738173708&all_sr_blocks=1157238001_388494205_6_0_0&highlighted_blocks=1157238001_388494205_6_0_0&matching_block_id=1157238001_388494205_6_0_0&sr_pri_blocks=1157238001_388494205_6_0_0__144964&from=searchresults
Rambla Catalunya 8,"Eixample, Barcelona",https://www.booking.com/hotel/es/rambla-catalunya-8.html?label=gen173nr-1BCAEoggI46AdSAnVzWARoRogBAZgBMbgBGcgBD9gBAegBAYgCAagCA7gC-NjpvAbAAgHSAiQ4ZGVlZWVhMi1mOTI5LTRmOWQtOTk0OC0xMzU5MWFkYWNlODjYAgXgAgE&sid=f990c8e44d8a49a026ee40f8b9e3b3a2&aid=304142&ucfs=1&arphpl=1&checkin=2025-02-09&checkout=2025-02-16&dest_id=-372490&dest_type=city&group_adults=2&req_adults=2&no_rooms=1&group_children=0&req_children=0&hpos=22&hapos=674&sr_order=popularity&srpvid=91357ea171dd08a0&srepoch=1738173708&all_sr_blocks=740799801_328950662_2_0_0&highlighted_blocks=740799801_328950662_2_0_0&matching_block_id=740799801_328950662_2_0_0&sr_pri_blocks=740799801_328950662_2_0_0__140707&from=searchresults
Bordeta,"Sants-Montjuïc, Barcelona",https://www.booking.com/hotel/es/bordeta-barcelona.html?label=gen173nr-1BCAEoggI46AdSAnVzWARoRogBAZgBMbgBGcgBD9gBAegBAYgCAagCA7gC-NjpvAbAAgHSAiQ4ZGVlZWVhMi1mOTI5LTRmOWQtOTk0OC0xMzU5MWFkYWNlODjYAgXgAgE&sid=f990c8e44d8a49a026ee40f8b9e3b3a2&aid=304142&ucfs=1&arphpl=1&checkin=2025-02-09&checkout=2025-02-16&dest_id=-372490&dest_type=city&group_adults=2&req_adults=2&no_rooms=1&group_children=0&req_children=0&hpos=23&hapos=675&sr_order=popularity&srpvid=91357ea171dd08a0&srepoch=1738173708&all_sr_blocks=101706601_332309283_3_0_0&highlighted_blocks=101706601_332309283_3_0_0&matching_block_id=101706601_332309283_3_0_0&sr_pri_blocks=101706601_332309283_3_0_0__142982&from=searchresults
Stay Barcelona Borne Apartment,"Eixample, Barcelona",https://www.booking.com/hotel/es/stay-barcelona-luxury-born-apartment.html?label=gen173nr-1BCAEoggI46AdSAnVzWARoRogBAZgBMbgBGcgBD9gBAegBAYgCAagCA7gC-NjpvAbAAgHSAiQ4ZGVlZWVhMi1mOTI5LTRmOWQtOTk0OC0xMzU5MWFkYWNlODjYAgXgAgE&sid=f990c8e44d8a49a026ee40f8b9e3b3a2&aid=304142&ucfs=1&arphpl=1&checkin=2025-02-09&checkout=2025-02-16&dest_id=-372490&dest_type=city&group_adults=2&req_adults=2&no_rooms=1&group_children=0&req_children=0&hpos=24&hapos=676&sr_order=popularity&srpvid=91357ea171dd08a0&srepoch=1738173708&all_sr_blocks=45190705_365585010_2_0_0&highlighted_blocks=45190705_365585010_2_0_0&matching_block_id=45190705_365585010_2_0_0&sr_pri_blocks=45190705_365585010_2_0_0__116132&from=searchresults
Port IV Apart céntrico ideal grupos 12,"Sants-Montjuïc, Barcelona",https://www.booking.com/hotel/es/port-iv-apart-centrico-ideal-grupos-12.html?label=gen173nr-1BCAEoggI46AdSAnVzWARoRogBAZgBMbgBGcgBD9gBAegBAYgCAagCA7gC-NjpvAbAAgHSAiQ4ZGVlZWVhMi1mOTI5LTRmOWQtOTk0OC0xMzU5MWFkYWNlODjYAgXgAgE&sid=f990c8e44d8a49a026ee40f8b9e3b3a2&aid=304142&ucfs=1&arphpl=1&checkin=2025-02-09&checkout=2025-02-16&dest_id=-372490&dest_type=city&group_adults=2&req_adults=2&no_rooms=1&group_children=0&req_children=0&hpos=25&hapos=677&sr_order=popularity&srpvid=91357ea171dd08a0&srepoch=1738173708&all_sr_blocks=1055004102_377690483_4_0_0&highlighted_blocks=1055004102_377690483_4_0_0&matching_block_id=1055004102_377690483_4_0_0&sr_pri_blocks=1055004102_377690483_4_0_0__167524&from=searchresults
"Wittmore Hotel - Adults Only, Small Luxury Hotels","Ciutat Vella, Barcelona",https://www.booking.com/hotel/es/the-wittmore.html?label=gen173nr-1BCAEoggI46AdSAnVzWARoRogBAZgBMbgBGcgBD9gBAegBAYgCAagCA7gC-NjpvAbAAgHSAiQ4ZGVlZWVhMi1mOTI5LTRmOWQtOTk0OC0xMzU5MWFkYWNlODjYAgXgAgE&sid=f990c8e44d8a49a026ee40f8b9e3b3a2&aid=304142&ucfs=1&arphpl=1&checkin=2025-02-09&checkout=2025-02-16&dest_id=-372490&dest_type=city&group_adults=2&req_adults=2&no_rooms=1&group_children=0&req_children=0&hpos=1&hapos=678&sr_order=popularity&srpvid=91357ea171dd08a0&srepoch=1738173712&all_sr_blocks=177156302_177013893_0_2_0&highlighted_blocks=177156302_177013893_0_2_0&matching_block_id=177156302_177013893_0_2_0&sr_pri_blocks=177156302_177013893_0_2_0__288855&from=searchresults
"Apartament modern al carrer Blai, Poble Sec","Sants-Montjuïc, Barcelona",https://www.booking.com/hotel/es/apartament-modern.html?label=gen173nr-1BCAEoggI46AdSAnVzWARoRogBAZgBMbgBGcgBD9gBAegBAYgCAagCA7gC-NjpvAbAAgHSAiQ4ZGVlZWVhMi1mOTI5LTRmOWQtOTk0OC0xMzU5MWFkYWNlODjYAgXgAgE&sid=f990c8e44d8a49a026ee40f8b9e3b3a2&aid=304142&ucfs=1&arphpl=1&checkin=2025-02-09&checkout=2025-02-16&dest_id=-372490&dest_type=city&group_adults=2&req_adults=2&no_rooms=1&group_children=0&req_children=0&hpos=2&hapos=679&sr_order=popularity&srpvid=91357ea171dd08a0&srepoch=1738173712&all_sr_blocks=1068367201_379311994_4_0_0&highlighted_blocks=1068367201_379311994_4_0_0&matching_block_id=1068367201_379311994_4_0_0&sr_pri_blocks=1068367201_379311994_4_0_0__137027&from=searchresults
Wow Hostel Barcelona,"Sarrià-St. Gervasi, Barcelona",https://www.booking.com/hotel/es/wow-hostel-barcelona-barcelona1.html?label=gen173nr-1BCAEoggI46AdSAnVzWARoRogBAZgBMbgBGcgBD9gBAegBAYgCAagCA7gC-NjpvAbAAgHSAiQ4ZGVlZWVhMi1mOTI5LTRmOWQtOTk0OC0xMzU5MWFkYWNlODjYAgXgAgE&sid=f990c8e44d8a49a026ee40f8b9e3b3a2&aid=304142&ucfs=1&arphpl=1&checkin=2025-02-09&checkout=2025-02-16&dest_id=-372490&dest_type=city&group_adults=2&req_adults=2&no_rooms=1&group_children=0&req_children=0&hpos=3&hapos=680&sr_order=popularity&srpvid=91357ea171dd08a0&srepoch=1738173712&all_sr_blocks=55572519_335168097_0_0_0&highlighted_blocks=55572519_335168097_0_0_0&matching_block_id=55572519_335168097_0_0_0&sr_pri_blocks=55572519_335168097_0_0_0__62804&from=searchresults
Alcam Torrent,"Gràcia, Barcelona",https://www.booking.com/hotel/es/alcam-torrent.html?label=gen173nr-1BCAEoggI46AdSAnVzWARoRogBAZgBMbgBGcgBD9gBAegBAYgCAagCA7gC-NjpvAbAAgHSAiQ4ZGVlZWVhMi1mOTI5LTRmOWQtOTk0OC0xMzU5MWFkYWNlODjYAgXgAgE&sid=f990c8e44d8a49a026ee40f8b9e3b3a2&aid=304142&ucfs=1&arphpl=1&checkin=2025-02-09&checkout=2025-02-16&dest_id=-372490&dest_type=city&group_adults=2&req_adults=2&no_rooms=1&group_children=0&req_children=0&hpos=4&hapos=681&sr_order=popularity&srpvid=91357ea171dd08a0&srepoch=1738173712&all_sr_blocks=73827001_138738838_0_0_0&highlighted_blocks=73827001_138738838_0_0_0&matching_block_id=73827001_138738838_0_0_0&sr_pri_blocks=73827001_138738838_0_0_0__101203&from=searchresults
Sweett - Nova Icaria Beach,"Sant Martí, Barcelona",https://www.booking.com/hotel/es/sweett-nova-icaria-beach.html?label=gen173nr-1BCAEoggI46AdSAnVzWARoRogBAZgBMbgBGcgBD9gBAegBAYgCAagCA7gC-NjpvAbAAgHSAiQ4ZGVlZWVhMi1mOTI5LTRmOWQtOTk0OC0xMzU5MWFkYWNlODjYAgXgAgE&sid=f990c8e44d8a49a026ee40f8b9e3b3a2&aid=304142&ucfs=1&arphpl=1&checkin=2025-02-09&checkout=2025-02-16&dest_id=-372490&dest_type=city&group_adults=2&req_adults=2&no_rooms=1&group_children=0&req_children=0&hpos=5&hapos=682&sr_order=popularity&srpvid=91357ea171dd08a0&srepoch=1738173712&all_sr_blocks=1306442701_403471678_8_0_0&highlighted_blocks=1306442701_403471678_8_0_0&matching_block_id=1306442701_403471678_8_0_0&sr_pri_blocks=1306442701_403471678_8_0_0__187352&from=searchresults
Stay Barcelona Plaza España Fira,"Sants-Montjuïc, Barcelona",https://www.booking.com/hotel/es/stay-barcelona-luxury-plaza-espaa-a-fira.html?label=gen173nr-1BCAEoggI46AdSAnVzWARoRogBAZgBMbgBGcgBD9gBAegBAYgCAagCA7gC-NjpvAbAAgHSAiQ4ZGVlZWVhMi1mOTI5LTRmOWQtOTk0OC0xMzU5MWFkYWNlODjYAgXgAgE&sid=f990c8e44d8a49a026ee40f8b9e3b3a2&aid=304142&ucfs=1&arphpl=1&checkin=2025-02-09&checkout=2025-02-16&dest_id=-372490&dest_type=city&group_adults=2&req_adults=2&no_rooms=1&group_children=0&req_children=0&hpos=6&hapos=683&sr_order=popularity&srpvid=91357ea171dd08a0&srepoch=1738173712&all_sr_blocks=71382201_365584996_2_0_0&highlighted_blocks=71382201_365584996_2_0_0&matching_block_id=71382201_365584996_2_0_0&sr_pri_blocks=71382201_365584996_2_0_0__116832&from=searchresults
Elegante apartamento cerca de la Sagrada Familia I,"Sant Martí, Barcelona",https://www.booking.com/hotel/es/elegante-apartamento-cerca-de-la-sagrada-familia-i.html?label=gen173nr-1BCAEoggI46AdSAnVzWARoRogBAZgBMbgBGcgBD9gBAegBAYgCAagCA7gC-NjpvAbAAgHSAiQ4ZGVlZWVhMi1mOTI5LTRmOWQtOTk0OC0xMzU5MWFkYWNlODjYAgXgAgE&sid=f990c8e44d8a49a026ee40f8b9e3b3a2&aid=304142&ucfs=1&arphpl=1&checkin=2025-02-09&checkout=2025-02-16&dest_id=-372490&dest_type=city&group_adults=2&req_adults=2&no_rooms=1&group_children=0&req_children=0&hpos=7&hapos=684&sr_order=popularity&srpvid=91357ea171dd08a0&srepoch=1738173712&all_sr_blocks=1241325001_396045858_5_0_0&highlighted_blocks=1241325001_396045858_5_0_0&matching_block_id=1241325001_396045858_5_0_0&sr_pri_blocks=1241325001_396045858_5_0_0__110768&from=searchresults
Magic Apartment with Private Terrace,"Eixample, Barcelona",https://www.booking.com/hotel/es/apartment-cosmopolitan-barcelona.html?label=gen173nr-1BCAEoggI46AdSAnVzWARoRogBAZgBMbgBGcgBD9gBAegBAYgCAagCA7gC-NjpvAbAAgHSAiQ4ZGVlZWVhMi1mOTI5LTRmOWQtOTk0OC0xMzU5MWFkYWNlODjYAgXgAgE&sid=f990c8e44d8a49a026ee40f8b9e3b3a2&aid=304142&ucfs=1&arphpl=1&checkin=2025-02-09&checkout=2025-02-16&dest_id=-372490&dest_type=city&group_adults=2&req_adults=2&no_rooms=1&group_children=0&req_children=0&hpos=8&hapos=685&sr_order=popularity&srpvid=91357ea171dd08a0&srepoch=1738173712&all_sr_blocks=129463501_329684468_2_0_0&highlighted_blocks=129463501_329684468_2_0_0&matching_block_id=129463501_329684468_2_0_0&sr_pri_blocks=129463501_329684468_2_0_0__191132&from=searchresults
Casa Batlló - Luxury Historic 4BD 4BTH for 9 guests,"Eixample, Barcelona",https://www.booking.com/hotel/es/casa-batllo-paseo-de-gracia-4bd-4bth-catalan-home.html?label=gen173nr-1BCAEoggI46AdSAnVzWARoRogBAZgBMbgBGcgBD9gBAegBAYgCAagCA7gC-NjpvAbAAgHSAiQ4ZGVlZWVhMi1mOTI5LTRmOWQtOTk0OC0xMzU5MWFkYWNlODjYAgXgAgE&sid=f990c8e44d8a49a026ee40f8b9e3b3a2&aid=304142&ucfs=1&arphpl=1&checkin=2025-02-09&checkout=2025-02-16&dest_id=-372490&dest_type=city&group_adults=2&req_adults=2&no_rooms=1&group_children=0&req_children=0&hpos=9&hapos=686&sr_order=popularity&srpvid=91357ea171dd08a0&srepoch=1738173712&all_sr_blocks=982638302_399861422_8_0_0&highlighted_blocks=982638302_399861422_8_0_0&matching_block_id=982638302_399861422_8_0_0&sr_pri_blocks=982638302_399861422_8_0_0__317102&from=searchresults
Central Station Hostel Barcelona,"Ciutat Vella, Barcelona",https://www.booking.com/hotel/es/hostel-razio.html?label=gen173nr-1BCAEoggI46AdSAnVzWARoRogBAZgBMbgBGcgBD9gBAegBAYgCAagCA7gC-NjpvAbAAgHSAiQ4ZGVlZWVhMi1mOTI5LTRmOWQtOTk0OC0xMzU5MWFkYWNlODjYAgXgAgE&sid=f990c8e44d8a49a026ee40f8b9e3b3a2&aid=304142&ucfs=1&arphpl=1&checkin=2025-02-09&checkout=2025-02-16&dest_id=-372490&dest_type=city&group_adults=2&req_adults=2&no_rooms=1&group_children=0&req_children=0&hpos=10&hapos=687&sr_order=popularity&srpvid=91357ea171dd08a0&srepoch=1738173712&all_sr_blocks=29834305_190244351_0_42_0&highlighted_blocks=29834305_190244351_0_42_0&matching_block_id=29834305_190244351_0_42_0&sr_pri_blocks=29834305_190244351_0_42_0__217000&from=searchresults
Novus Homes Barcelona Sants,"Sants-Montjuïc, Barcelona",https://www.booking.com/hotel/es/rustic-apartments-sants.html?label=gen173nr-1BCAEoggI46AdSAnVzWARoRogBAZgBMbgBGcgBD9gBAegBAYgCAagCA7gC-NjpvAbAAgHSAiQ4ZGVlZWVhMi1mOTI5LTRmOWQtOTk0OC0xMzU5MWFkYWNlODjYAgXgAgE&sid=f990c8e44d8a49a026ee40f8b9e3b3a2&aid=304142&ucfs=1&arphpl=1&checkin=2025-02-09&checkout=2025-02-16&dest_id=-372490&dest_type=city&group_adults=2&req_adults=2&no_rooms=1&group_children=0&req_children=0&hpos=11&hapos=688&sr_order=popularity&srpvid=91357ea171dd08a0&srepoch=1738173712&all_sr_blocks=395972602_396098961_4_0_0&highlighted_blocks=395972602_396098961_4_0_0&matching_block_id=395972602_396098961_4_0_0&sr_pri_blocks=395972602_396098961_4_0_0__267015&from=searchresults
Hostal Capitol Ramblas,"Ciutat Vella, Barcelona",https://www.booking.com/hotel/es/hostal-capitol-ramblas.html?label=gen173nr-1BCAEoggI46AdSAnVzWARoRogBAZgBMbgBGcgBD9gBAegBAYgCAagCA7gC-NjpvAbAAgHSAiQ4ZGVlZWVhMi1mOTI5LTRmOWQtOTk0OC0xMzU5MWFkYWNlODjYAgXgAgE&sid=f990c8e44d8a49a026ee40f8b9e3b3a2&aid=304142&ucfs=1&arphpl=1&checkin=2025-02-09&checkout=2025-02-16&dest_id=-372490&dest_type=city&group_adults=2&req_adults=2&no_rooms=1&group_children=0&req_children=0&hpos=12&hapos=689&sr_order=popularity&srpvid=91357ea171dd08a0&srepoch=1738173712&all_sr_blocks=131283505_91951946_2_0_0&highlighted_blocks=131283505_91951946_2_0_0&matching_block_id=131283505_91951946_2_0_0&sr_pri_blocks=131283505_91951946_2_0_0__69070&from=searchresults
Park Guell Gaudi 2 bedroom Apartment,"Horta-Guinardó, Barcelona",https://www.booking.com/hotel/es/apartment-near-park-guell-gaudi.html?label=gen173nr-1BCAEoggI46AdSAnVzWARoRogBAZgBMbgBGcgBD9gBAegBAYgCAagCA7gC-NjpvAbAAgHSAiQ4ZGVlZWVhMi1mOTI5LTRmOWQtOTk0OC0xMzU5MWFkYWNlODjYAgXgAgE&sid=f990c8e44d8a49a026ee40f8b9e3b3a2&aid=304142&ucfs=1&arphpl=1&checkin=2025-02-09&checkout=2025-02-16&dest_id=-372490&dest_type=city&group_adults=2&req_adults=2&no_rooms=1&group_children=0&req_children=0&hpos=13&hapos=690&sr_order=popularity&srpvid=91357ea171dd08a0&srepoch=1738173712&all_sr_blocks=104155501_329656172_3_0_0&highlighted_blocks=104155501_329656172_3_0_0&matching_block_id=104155501_329656172_3_0_0&sr_pri_blocks=104155501_329656172_3_0_0__119850&from=searchresults
Onefam Paralelo,"Sants-Montjuïc, Barcelona",https://www.booking.com/hotel/es/hostelone-paralel.html?label=gen173nr-1BCAEoggI46AdSAnVzWARoRogBAZgBMbgBGcgBD9gBAegBAYgCAagCA7gC-NjpvAbAAgHSAiQ4ZGVlZWVhMi1mOTI5LTRmOWQtOTk0OC0xMzU5MWFkYWNlODjYAgXgAgE&sid=f990c8e44d8a49a026ee40f8b9e3b3a2&aid=304142&ucfs=1&arphpl=1&checkin=2025-02-09&checkout=2025-02-16&dest_id=-372490&dest_type=city&group_adults=2&req_adults=2&no_rooms=1&group_children=0&req_children=0&hpos=14&hapos=691&sr_order=popularity&srpvid=91357ea171dd08a0&srepoch=1738173712&all_sr_blocks=69624915_0_2_0_0&highlighted_blocks=69624915_0_2_0_0&matching_block_id=69624915_0_2_0_0&sr_pri_blocks=69624915_0_2_0_0__79946&from=searchresults
Casa Cosi El Farro 4,"Sarrià-St. Gervasi, Barcelona",https://www.booking.com/hotel/es/casa-cosi-el-farro-4.html?label=gen173nr-1BCAEoggI46AdSAnVzWARoRogBAZgBMbgBGcgBD9gBAegBAYgCAagCA7gC-NjpvAbAAgHSAiQ4ZGVlZWVhMi1mOTI5LTRmOWQtOTk0OC0xMzU5MWFkYWNlODjYAgXgAgE&sid=f990c8e44d8a49a026ee40f8b9e3b3a2&aid=304142&ucfs=1&arphpl=1&checkin=2025-02-09&checkout=2025-02-16&dest_id=-372490&dest_type=city&group_adults=2&req_adults=2&no_rooms=1&group_children=0&req_children=0&hpos=15&hapos=692&sr_order=popularity&srpvid=91357ea171dd08a0&srepoch=1738173712&all_sr_blocks=910295802_377070332_0_0_0&highlighted_blocks=910295802_377070332_0_0_0&matching_block_id=910295802_377070332_0_0_0&sr_pri_blocks=910295802_377070332_0_0_0__154576&from=searchresults
Private terrace at Sagrada Familia,"Eixample, Barcelona",https://www.booking.com/hotel/es/sagrada-familia-private-terrace.html?label=gen173nr-1BCAEoggI46AdSAnVzWARoRogBAZgBMbgBGcgBD9gBAegBAYgCAagCA7gC-NjpvAbAAgHSAiQ4ZGVlZWVhMi1mOTI5LTRmOWQtOTk0OC0xMzU5MWFkYWNlODjYAgXgAgE&sid=f990c8e44d8a49a026ee40f8b9e3b3a2&aid=304142&ucfs=1&arphpl=1&checkin=2025-02-09&checkout=2025-02-16&dest_id=-372490&dest_type=city&group_adults=2&req_adults=2&no_rooms=1&group_children=0&req_children=0&hpos=16&hapos=693&sr_order=popularity&srpvid=91357ea171dd08a0&srepoch=1738173712&all_sr_blocks=88857401_376693153_2_0_0&highlighted_blocks=88857401_376693153_2_0_0&matching_block_id=88857401_376693153_2_0_0&sr_pri_blocks=88857401_376693153_2_0_0__273942&from=searchresults
My Space Barcelona Rambla Catalunya Center,"Eixample, Barcelona",https://www.booking.com/hotel/es/luxury-rambla.html?label=gen173nr-1BCAEoggI46AdSAnVzWARoRogBAZgBMbgBGcgBD9gBAegBAYgCAagCA7gC-NjpvAbAAgHSAiQ4ZGVlZWVhMi1mOTI5LTRmOWQtOTk0OC0xMzU5MWFkYWNlODjYAgXgAgE&sid=f990c8e44d8a49a026ee40f8b9e3b3a2&aid=304142&ucfs=1&arphpl=1&checkin=2025-02-09&checkout=2025-02-16&dest_id=-372490&dest_type=city&group_adults=2&req_adults=2&no_rooms=1&group_children=0&req_children=0&hpos=17&hapos=694&sr_order=popularity&srpvid=91357ea171dd08a0&srepoch=1738173712&all_sr_blocks=79320602_357747314_2_0_0&highlighted_blocks=79320602_357747314_2_0_0&matching_block_id=79320602_357747314_2_0_0&sr_pri_blocks=79320602_357747314_2_0_0__151402&from=searchresults
Apartment-Loft Sagrada famila L5 Metro exit,"Gràcia, Barcelona",https://www.booking.com/hotel/es/apartment-loft-sagrada-familia.html?label=gen173nr-1BCAEoggI46AdSAnVzWARoRogBAZgBMbgBGcgBD9gBAegBAYgCAagCA7gC-NjpvAbAAgHSAiQ4ZGVlZWVhMi1mOTI5LTRmOWQtOTk0OC0xMzU5MWFkYWNlODjYAgXgAgE&sid=f990c8e44d8a49a026ee40f8b9e3b3a2&aid=304142&ucfs=1&arphpl=1&checkin=2025-02-09&checkout=2025-02-16&dest_id=-372490&dest_type=city&group_adults=2&req_adults=2&no_rooms=1&group_children=0&req_children=0&hpos=18&hapos=695&sr_order=popularity&srpvid=91357ea171dd08a0&srepoch=1738173712&all_sr_blocks=1234325001_395389276_0_0_0&highlighted_blocks=1234325001_395389276_0_0_0&matching_block_id=1234325001_395389276_0_0_0&sr_pri_blocks=1234325001_395389276_0_0_0__114607&from=searchresults
Lodging Apartments Barceloneta Beach Studio 31,"Ciutat Vella, Barcelona",https://www.booking.com/hotel/es/lodging-apartments-barceloneta-beach-studio.html?label=gen173nr-1BCAEoggI46AdSAnVzWARoRogBAZgBMbgBGcgBD9gBAegBAYgCAagCA7gC-NjpvAbAAgHSAiQ4ZGVlZWVhMi1mOTI5LTRmOWQtOTk0OC0xMzU5MWFkYWNlODjYAgXgAgE&sid=f990c8e44d8a49a026ee40f8b9e3b3a2&aid=304142&ucfs=1&arphpl=1&checkin=2025-02-09&checkout=2025-02-16&dest_id=-372490&dest_type=city&group_adults=2&req_adults=2&no_rooms=1&group_children=0&req_children=0&hpos=19&hapos=696&sr_order=popularity&srpvid=91357ea171dd08a0&srepoch=1738173712&all_sr_blocks=743911701_381971775_2_0_0&highlighted_blocks=743911701_381971775_2_0_0&matching_block_id=743911701_381971775_2_0_0&sr_pri_blocks=743911701_381971775_2_0_0__128531&from=searchresults
Apartment familiar,"Sant Martí, Barcelona",https://www.booking.com/hotel/es/apartment-familiar.html?label=gen173nr-1BCAEoggI46AdSAnVzWARoRogBAZgBMbgBGcgBD9gBAegBAYgCAagCA7gC-NjpvAbAAgHSAiQ4ZGVlZWVhMi1mOTI5LTRmOWQtOTk0OC0xMzU5MWFkYWNlODjYAgXgAgE&sid=f990c8e44d8a49a026ee40f8b9e3b3a2&aid=304142&ucfs=1&arphpl=1&checkin=2025-02-09&checkout=2025-02-16&dest_id=-372490&dest_type=city&group_adults=2&req_adults=2&no_rooms=1&group_children=0&req_children=0&hpos=20&hapos=697&sr_order=popularity&srpvid=91357ea171dd08a0&srepoch=1738173712&all_sr_blocks=117061801_362259954_2_0_0&highlighted_blocks=117061801_362259954_2_0_0&matching_block_id=117061801_362259954_2_0_0&sr_pri_blocks=117061801_362259954_2_0_0__166382&from=searchresults
Basic Platja,"Sant Martí, Barcelona",https://www.booking.com/hotel/es/basic-platja-barcelona.html?label=gen173nr-1BCAEoggI46AdSAnVzWARoRogBAZgBMbgBGcgBD9gBAegBAYgCAagCA7gC-NjpvAbAAgHSAiQ4ZGVlZWVhMi1mOTI5LTRmOWQtOTk0OC0xMzU5MWFkYWNlODjYAgXgAgE&sid=f990c8e44d8a49a026ee40f8b9e3b3a2&aid=304142&ucfs=1&arphpl=1&checkin=2025-02-09&checkout=2025-02-16&dest_id=-372490&dest_type=city&group_adults=2&req_adults=2&no_rooms=1&group_children=0&req_children=0&hpos=21&hapos=698&sr_order=popularity&srpvid=91357ea171dd08a0&srepoch=1738173712&all_sr_blocks=507841101_402146779_4_0_0&highlighted_blocks=507841101_402146779_4_0_0&matching_block_id=507841101_402146779_4_0_0&sr_pri_blocks=507841101_402146779_4_0_0__123207&from=searchresults
Port V Apart centrico con estilo 21,"Sants-Montjuïc, Barcelona",https://www.booking.com/hotel/es/port-v-apart-centrico-con-estilo-21.html?label=gen173nr-1BCAEoggI46AdSAnVzWARoRogBAZgBMbgBGcgBD9gBAegBAYgCAagCA7gC-NjpvAbAAgHSAiQ4ZGVlZWVhMi1mOTI5LTRmOWQtOTk0OC0xMzU5MWFkYWNlODjYAgXgAgE&sid=f990c8e44d8a49a026ee40f8b9e3b3a2&aid=304142&ucfs=1&arphpl=1&checkin=2025-02-09&checkout=2025-02-16&dest_id=-372490&dest_type=city&group_adults=2&req_adults=2&no_rooms=1&group_children=0&req_children=0&hpos=22&hapos=699&sr_order=popularity&srpvid=91357ea171dd08a0&srepoch=1738173712&all_sr_blocks=1070246102_399892817_2_0_0&highlighted_blocks=1070246102_399892817_2_0_0&matching_block_id=1070246102_399892817_2_0_0&sr_pri_blocks=1070246102_399892817_2_0_0__145476&from=searchresults
Boat ALOHA,Barcelona,https://www.booking.com/hotel/es/boat-aloha-stay-and-sail.html?label=gen173nr-1BCAEoggI46AdSAnVzWARoRogBAZgBMbgBGcgBD9gBAegBAYgCAagCA7gC-NjpvAbAAgHSAiQ4ZGVlZWVhMi1mOTI5LTRmOWQtOTk0OC0xMzU5MWFkYWNlODjYAgXgAgE&sid=f990c8e44d8a49a026ee40f8b9e3b3a2&aid=304142&ucfs=1&arphpl=1&checkin=2025-02-09&checkout=2025-02-16&dest_id=-372490&dest_type=city&group_adults=2&req_adults=2&no_rooms=1&group_children=0&req_children=0&hpos=23&hapos=700&sr_order=popularity&srpvid=91357ea171dd08a0&srepoch=1738173712&all_sr_blocks=859112702_387972693_2_0_0&highlighted_blocks=859112702_387972693_2_0_0&matching_block_id=859112702_387972693_2_0_0&sr_pri_blocks=859112702_387972693_2_0_0__53300&from=searchresults
Magic Place,"Sarrià-St. Gervasi, Barcelona",https://www.booking.com/hotel/es/magic-place.html?label=gen173nr-1BCAEoggI46AdSAnVzWARoRogBAZgBMbgBGcgBD9gBAegBAYgCAagCA7gC-NjpvAbAAgHSAiQ4ZGVlZWVhMi1mOTI5LTRmOWQtOTk0OC0xMzU5MWFkYWNlODjYAgXgAgE&sid=f990c8e44d8a49a026ee40f8b9e3b3a2&aid=304142&ucfs=1&arphpl=1&checkin=2025-02-09&checkout=2025-02-16&dest_id=-372490&dest_type=city&group_adults=2&req_adults=2&no_rooms=1&group_children=0&req_children=0&hpos=24&hapos=701&sr_order=popularity&srpvid=91357ea171dd08a0&srepoch=1738173712&all_sr_blocks=648013501_333981575_2_0_0&highlighted_blocks=648013501_333981575_2_0_0&matching_block_id=648013501_333981575_2_0_0&sr_pri_blocks=648013501_333981575_2_0_0__149632&from=searchresults
Port VIII Apart céntrico en Paralelo cerca Rambla,"Sants-Montjuïc, Barcelona",https://www.booking.com/hotel/es/port-viii-apart-centrico-en-paralelo-cerca-ramblas.html?label=gen173nr-1BCAEoggI46AdSAnVzWARoRogBAZgBMbgBGcgBD9gBAegBAYgCAagCA7gC-NjpvAbAAgHSAiQ4ZGVlZWVhMi1mOTI5LTRmOWQtOTk0OC0xMzU5MWFkYWNlODjYAgXgAgE&sid=f990c8e44d8a49a026ee40f8b9e3b3a2&aid=304142&ucfs=1&arphpl=1&checkin=2025-02-09&checkout=2025-02-16&dest_id=-372490&dest_type=city&group_adults=2&req_adults=2&no_rooms=1&group_children=0&req_children=0&hpos=25&hapos=702&sr_order=popularity&srpvid=91357ea171dd08a0&srepoch=1738173712&all_sr_blocks=891621702_379493974_4_0_0&highlighted_blocks=891621702_379493974_4_0_0&matching_block_id=891621702_379493974_4_0_0&sr_pri_blocks=891621702_379493974_4_0_0__122792&from=searchresults
Apartamento Joel,"Sants-Montjuïc, Barcelona",https://www.booking.com/hotel/es/apartamento-joel.html?label=gen173nr-1BCAEoggI46AdSAnVzWARoRogBAZgBMbgBGcgBD9gBAegBAYgCAagCA7gC-NjpvAbAAgHSAiQ4ZGVlZWVhMi1mOTI5LTRmOWQtOTk0OC0xMzU5MWFkYWNlODjYAgXgAgE&sid=f990c8e44d8a49a026ee40f8b9e3b3a2&aid=304142&ucfs=1&arphpl=1&checkin=2025-02-09&checkout=2025-02-16&dest_id=-372490&dest_type=city&group_adults=2&req_adults=2&no_rooms=1&group_children=0&req_children=0&hpos=1&hapos=703&sr_order=popularity&srpvid=91357ea171dd08a0&srepoch=1738173715&all_sr_blocks=340994501_116741911_0_0_0&highlighted_blocks=340994501_116741911_0_0_0&matching_block_id=340994501_116741911_0_0_0&sr_pri_blocks=340994501_116741911_0_0_0__133477&from=searchresults
Art House Sagrada Familia,"Eixample, Barcelona",https://www.booking.com/hotel/es/bcn-whynot-sagrada-familia.html?label=gen173nr-1BCAEoggI46AdSAnVzWARoRogBAZgBMbgBGcgBD9gBAegBAYgCAagCA7gC-NjpvAbAAgHSAiQ4ZGVlZWVhMi1mOTI5LTRmOWQtOTk0OC0xMzU5MWFkYWNlODjYAgXgAgE&sid=f990c8e44d8a49a026ee40f8b9e3b3a2&aid=304142&ucfs=1&arphpl=1&checkin=2025-02-09&checkout=2025-02-16&dest_id=-372490&dest_type=city&group_adults=2&req_adults=2&no_rooms=1&group_children=0&req_children=0&hpos=2&hapos=704&sr_order=popularity&srpvid=91357ea171dd08a0&srepoch=1738173715&all_sr_blocks=43911001_330860266_2_0_0&highlighted_blocks=43911001_330860266_2_0_0&matching_block_id=43911001_330860266_2_0_0&sr_pri_blocks=43911001_330860266_2_0_0__148142&from=searchresults
Aya House,Barcelona,https://www.booking.com/hotel/es/skyfall-nature-tibidabo.html?label=gen173nr-1BCAEoggI46AdSAnVzWARoRogBAZgBMbgBGcgBD9gBAegBAYgCAagCA7gC-NjpvAbAAgHSAiQ4ZGVlZWVhMi1mOTI5LTRmOWQtOTk0OC0xMzU5MWFkYWNlODjYAgXgAgE&sid=f990c8e44d8a49a026ee40f8b9e3b3a2&aid=304142&ucfs=1&arphpl=1&checkin=2025-02-09&checkout=2025-02-16&dest_id=-372490&dest_type=city&group_adults=2&req_adults=2&no_rooms=1&group_children=0&req_children=0&hpos=3&hapos=705&sr_order=popularity&srpvid=91357ea171dd08a0&srepoch=1738173715&all_sr_blocks=958833004_385013191_0_42_0&highlighted_blocks=958833004_385013191_0_42_0&matching_block_id=958833004_385013191_0_42_0&sr_pri_blocks=958833004_385013191_0_42_0__75044&from=searchresults
Suite Home Sagrada Familia,"Eixample, Barcelona",https://www.booking.com/hotel/es/suite-home-barcelona.html?label=gen173nr-1BCAEoggI46AdSAnVzWARoRogBAZgBMbgBGcgBD9gBAegBAYgCAagCA7gC-NjpvAbAAgHSAiQ4ZGVlZWVhMi1mOTI5LTRmOWQtOTk0OC0xMzU5MWFkYWNlODjYAgXgAgE&sid=f990c8e44d8a49a026ee40f8b9e3b3a2&aid=304142&ucfs=1&arphpl=1&checkin=2025-02-09&checkout=2025-02-16&dest_id=-372490&dest_type=city&group_adults=2&req_adults=2&no_rooms=1&group_children=0&req_children=0&hpos=4&hapos=706&sr_order=popularity&srpvid=91357ea171dd08a0&srepoch=1738173715&all_sr_blocks=32587817_88497919_4_0_0_655167&highlighted_blocks=32587817_88497919_4_0_0_655167&matching_block_id=32587817_88497919_4_0_0_655167&sr_pri_blocks=32587817_88497919_4_0_0_655167_200372&from=searchresults
Centro Barcelona,"Ciutat Vella, Barcelona",https://www.booking.com/hotel/es/centro-barcelona-barcelona2.html?label=gen173nr-1BCAEoggI46AdSAnVzWARoRogBAZgBMbgBGcgBD9gBAegBAYgCAagCA7gC-NjpvAbAAgHSAiQ4ZGVlZWVhMi1mOTI5LTRmOWQtOTk0OC0xMzU5MWFkYWNlODjYAgXgAgE&sid=f990c8e44d8a49a026ee40f8b9e3b3a2&aid=304142&ucfs=1&arphpl=1&checkin=2025-02-09&checkout=2025-02-16&dest_id=-372490&dest_type=city&group_adults=2&req_adults=2&no_rooms=1&group_children=0&req_children=0&hpos=1&hapos=707&sr_order=popularity&srpvid=91357ea171dd08a0&srepoch=1738173719&all_sr_blocks=1231971902_395163390_2_0_0&highlighted_blocks=1231971902_395163390_2_0_0&matching_block_id=1231971902_395163390_2_0_0&sr_pri_blocks=1231971902_395163390_2_0_0__76475&from=searchresults
Belleview Villa,"Horta-Guinardó, Barcelona",https://www.booking.com/hotel/es/belleview-villa-barcelona.html?label=gen173nr-1BCAEoggI46AdSAnVzWARoRogBAZgBMbgBGcgBD9gBAegBAYgCAagCA7gC-NjpvAbAAgHSAiQ4ZGVlZWVhMi1mOTI5LTRmOWQtOTk0OC0xMzU5MWFkYWNlODjYAgXgAgE&sid=f990c8e44d8a49a026ee40f8b9e3b3a2&aid=304142&ucfs=1&arphpl=1&checkin=2025-02-09&checkout=2025-02-16&dest_id=-372490&dest_type=city&group_adults=2&req_adults=2&no_rooms=1&group_children=0&req_children=0&hpos=2&hapos=708&sr_order=popularity&srpvid=91357ea171dd08a0&srepoch=1738173719&all_sr_blocks=163676701_392082778_2_0_0&highlighted_blocks=163676701_392082778_2_0_0&matching_block_id=163676701_392082778_2_0_0&sr_pri_blocks=163676701_392082778_2_0_0__191832&from=searchresults
Spacious apartment in Barcelona with outdoor terrace,"Eixample, Barcelona",https://www.booking.com/hotel/es/apartment-passeig-de-gracia.html?label=gen173nr-1BCAEoggI46AdSAnVzWARoRogBAZgBMbgBGcgBD9gBAegBAYgCAagCA7gC-NjpvAbAAgHSAiQ4ZGVlZWVhMi1mOTI5LTRmOWQtOTk0OC0xMzU5MWFkYWNlODjYAgXgAgE&sid=f990c8e44d8a49a026ee40f8b9e3b3a2&aid=304142&ucfs=1&arphpl=1&checkin=2025-02-09&checkout=2025-02-16&dest_id=-372490&dest_type=city&group_adults=2&req_adults=2&no_rooms=1&group_children=0&req_children=0&hpos=3&hapos=709&sr_order=popularity&srpvid=91357ea171dd08a0&srepoch=1738173719&all_sr_blocks=592625902_340079198_6_0_0&highlighted_blocks=592625902_340079198_6_0_0&matching_block_id=592625902_340079198_6_0_0&sr_pri_blocks=592625902_340079198_6_0_0__325340&from=searchresults
Sagrada Familia Double Sunny room Metro L-5,"Sant Martí, Barcelona",https://www.booking.com/hotel/es/sagrada-familia-double-sunny-room-metro-l-5-barcelona.html?label=gen173nr-1BCAEoggI46AdSAnVzWARoRogBAZgBMbgBGcgBD9gBAegBAYgCAagCA7gC-NjpvAbAAgHSAiQ4ZGVlZWVhMi1mOTI5LTRmOWQtOTk0OC0xMzU5MWFkYWNlODjYAgXgAgE&sid=f990c8e44d8a49a026ee40f8b9e3b3a2&aid=304142&ucfs=1&arphpl=1&checkin=2025-02-09&checkout=2025-02-16&dest_id=-372490&dest_type=city&group_adults=2&req_adults=2&no_rooms=1&group_children=0&req_children=0&hpos=4&hapos=710&sr_order=popularity&srpvid=91357ea171dd08a0&srepoch=1738173719&all_sr_blocks=1242892201_396212759_0_0_0&highlighted_blocks=1242892201_396212759_0_0_0&matching_block_id=1242892201_396212759_0_0_0&sr_pri_blocks=1242892201_396212759_0_0_0__62800&from=searchresults
Casa Cosi Patio 1,"Sarrià-St. Gervasi, Barcelona",https://www.booking.com/hotel/es/casa-cosi-patio-1.html?label=gen173nr-1BCAEoggI46AdSAnVzWARoRogBAZgBMbgBGcgBD9gBAegBAYgCAagCA7gC-NjpvAbAAgHSAiQ4ZGVlZWVhMi1mOTI5LTRmOWQtOTk0OC0xMzU5MWFkYWNlODjYAgXgAgE&sid=f990c8e44d8a49a026ee40f8b9e3b3a2&aid=304142&ucfs=1&arphpl=1&checkin=2025-02-09&checkout=2025-02-16&dest_id=-372490&dest_type=city&group_adults=2&req_adults=2&no_rooms=1&group_children=0&req_children=0&hpos=5&hapos=711&sr_order=popularity&srpvid=91357ea171dd08a0&srepoch=1738173719&all_sr_blocks=910290002_377070414_0_0_0&highlighted_blocks=910290002_377070414_0_0_0&matching_block_id=910290002_377070414_0_0_0&sr_pri_blocks=910290002_377070414_0_0_0__138656&from=searchresults
Apartamentos Amoblados Barcelona España,"Eixample, Barcelona",https://www.booking.com/hotel/es/apartamentos-amoblados-barcelona-espana.html?label=gen173nr-1BCAEoggI46AdSAnVzWARoRogBAZgBMbgBGcgBD9gBAegBAYgCAagCA7gC-NjpvAbAAgHSAiQ4ZGVlZWVhMi1mOTI5LTRmOWQtOTk0OC0xMzU5MWFkYWNlODjYAgXgAgE&sid=f990c8e44d8a49a026ee40f8b9e3b3a2&aid=304142&ucfs=1&arphpl=1&checkin=2025-02-09&checkout=2025-02-16&dest_id=-372490&dest_type=city&group_adults=2&req_adults=2&no_rooms=1&group_children=0&req_children=0&hpos=6&hapos=712&sr_order=popularity&srpvid=91357ea171dd08a0&srepoch=1738173719&all_sr_blocks=1261918801_398810510_2_0_0&highlighted_blocks=1261918801_398810510_2_0_0&matching_block_id=1261918801_398810510_2_0_0&sr_pri_blocks=1261918801_398810510_2_0_0__348009&from=searchresults
031 Center barca 3 1,"Ciutat Vella, Barcelona",https://www.booking.com/hotel/es/031-center-barca-3-1.html?label=gen173nr-1BCAEoggI46AdSAnVzWARoRogBAZgBMbgBGcgBD9gBAegBAYgCAagCA7gC-NjpvAbAAgHSAiQ4ZGVlZWVhMi1mOTI5LTRmOWQtOTk0OC0xMzU5MWFkYWNlODjYAgXgAgE&sid=f990c8e44d8a49a026ee40f8b9e3b3a2&aid=304142&ucfs=1&arphpl=1&checkin=2025-02-09&checkout=2025-02-16&dest_id=-372490&dest_type=city&group_adults=2&req_adults=2&no_rooms=1&group_children=0&req_children=0&hpos=7&hapos=713&sr_order=popularity&srpvid=91357ea171dd08a0&srepoch=1738173719&all_sr_blocks=1237247201_396244543_2_0_0&highlighted_blocks=1237247201_396244543_2_0_0&matching_block_id=1237247201_396244543_2_0_0&sr_pri_blocks=1237247201_396244543_2_0_0__78982&from=searchresults
David's House,"Gràcia, Barcelona",https://www.booking.com/hotel/es/david-39-s-house.html?label=gen173nr-1BCAEoggI46AdSAnVzWARoRogBAZgBMbgBGcgBD9gBAegBAYgCAagCA7gC-NjpvAbAAgHSAiQ4ZGVlZWVhMi1mOTI5LTRmOWQtOTk0OC0xMzU5MWFkYWNlODjYAgXgAgE&sid=f990c8e44d8a49a026ee40f8b9e3b3a2&aid=304142&ucfs=1&arphpl=1&checkin=2025-02-09&checkout=2025-02-16&dest_id=-372490&dest_type=city&group_adults=2&req_adults=2&no_rooms=1&group_children=0&req_children=0&hpos=8&hapos=714&sr_order=popularity&srpvid=91357ea171dd08a0&srepoch=1738173719&all_sr_blocks=226908801_338592677_0_0_0_554895&highlighted_blocks=226908801_338592677_0_0_0_554895&matching_block_id=226908801_338592677_0_0_0_554895&sr_pri_blocks=226908801_338592677_0_0_0_554895_194090&from=searchresults
Apartment Barcelona Rentals - Gracia Pool Apartments Center,"Gràcia, Barcelona",https://www.booking.com/hotel/es/apartment-barcelona-rentals-gracia-pool-apartments.html?label=gen173nr-1BCAEoggI46AdSAnVzWARoRogBAZgBMbgBGcgBD9gBAegBAYgCAagCA7gC-NjpvAbAAgHSAiQ4ZGVlZWVhMi1mOTI5LTRmOWQtOTk0OC0xMzU5MWFkYWNlODjYAgXgAgE&sid=f990c8e44d8a49a026ee40f8b9e3b3a2&aid=304142&ucfs=1&arphpl=1&checkin=2025-02-09&checkout=2025-02-16&dest_id=-372490&dest_type=city&group_adults=2&req_adults=2&no_rooms=1&group_children=0&req_children=0&hpos=9&hapos=715&sr_order=popularity&srpvid=91357ea171dd08a0&srepoch=1738173719&all_sr_blocks=194047901_357747218_2_0_0&highlighted_blocks=194047901_357747218_2_0_0&matching_block_id=194047901_357747218_2_0_0&sr_pri_blocks=194047901_357747218_2_0_0__120632&from=searchresults
Mercedes Heritage Apartments,"Eixample, Barcelona",https://www.booking.com/hotel/es/provenza-mbs.html?label=gen173nr-1BCAEoggI46AdSAnVzWARoRogBAZgBMbgBGcgBD9gBAegBAYgCAagCA7gC-NjpvAbAAgHSAiQ4ZGVlZWVhMi1mOTI5LTRmOWQtOTk0OC0xMzU5MWFkYWNlODjYAgXgAgE&sid=f990c8e44d8a49a026ee40f8b9e3b3a2&aid=304142&ucfs=1&arphpl=1&checkin=2025-02-09&checkout=2025-02-16&dest_id=-372490&dest_type=city&group_adults=2&req_adults=2&no_rooms=1&group_children=0&req_children=0&hpos=10&hapos=716&sr_order=popularity&srpvid=91357ea171dd08a0&srepoch=1738173719&all_sr_blocks=55436606_0_2_0_0&highlighted_blocks=55436606_0_2_0_0&matching_block_id=55436606_0_2_0_0&sr_pri_blocks=55436606_0_2_0_0__134676&from=searchresults
Great apartment in Poblenou perfect for 4 people,"Sant Martí, Barcelona",https://www.booking.com/hotel/es/great-apartment-in-poblenou-perfect-for-4-people.html?label=gen173nr-1BCAEoggI46AdSAnVzWARoRogBAZgBMbgBGcgBD9gBAegBAYgCAagCA7gC-NjpvAbAAgHSAiQ4ZGVlZWVhMi1mOTI5LTRmOWQtOTk0OC0xMzU5MWFkYWNlODjYAgXgAgE&sid=f990c8e44d8a49a026ee40f8b9e3b3a2&aid=304142&ucfs=1&arphpl=1&checkin=2025-02-09&checkout=2025-02-16&dest_id=-372490&dest_type=city&group_adults=2&req_adults=2&no_rooms=1&group_children=0&req_children=0&hpos=11&hapos=717&sr_order=popularity&srpvid=91357ea171dd08a0&srepoch=1738173719&all_sr_blocks=1315805002_404806010_4_0_0&highlighted_blocks=1315805002_404806010_4_0_0&matching_block_id=1315805002_404806010_4_0_0&sr_pri_blocks=1315805002_404806010_4_0_0__122960&from=searchresults
Apartamento moderno en Urgell,"Eixample, Barcelona",https://www.booking.com/hotel/es/apartamento-moderno-en-urgell.html?label=gen173nr-1BCAEoggI46AdSAnVzWARoRogBAZgBMbgBGcgBD9gBAegBAYgCAagCA7gC-NjpvAbAAgHSAiQ4ZGVlZWVhMi1mOTI5LTRmOWQtOTk0OC0xMzU5MWFkYWNlODjYAgXgAgE&sid=f990c8e44d8a49a026ee40f8b9e3b3a2&aid=304142&ucfs=1&arphpl=1&checkin=2025-02-09&checkout=2025-02-16&dest_id=-372490&dest_type=city&group_adults=2&req_adults=2&no_rooms=1&group_children=0&req_children=0&hpos=12&hapos=718&sr_order=popularity&srpvid=91357ea171dd08a0&srepoch=1738173719&all_sr_blocks=1243178301_396227705_3_0_0&highlighted_blocks=1243178301_396227705_3_0_0&matching_block_id=1243178301_396227705_3_0_0&sr_pri_blocks=1243178301_396227705_3_0_0__216634&from=searchresults
Canela Homes BARCELONA CONCEPCIÓ,"Eixample, Barcelona",https://www.booking.com/hotel/es/canela-homes-barcelona-concepcio.html?label=gen173nr-1BCAEoggI46AdSAnVzWARoRogBAZgBMbgBGcgBD9gBAegBAYgCAagCA7gC-NjpvAbAAgHSAiQ4ZGVlZWVhMi1mOTI5LTRmOWQtOTk0OC0xMzU5MWFkYWNlODjYAgXgAgE&sid=f990c8e44d8a49a026ee40f8b9e3b3a2&aid=304142&ucfs=1&arphpl=1&checkin=2025-02-09&checkout=2025-02-16&dest_id=-372490&dest_type=city&group_adults=2&req_adults=2&no_rooms=1&group_children=0&req_children=0&hpos=13&hapos=719&sr_order=popularity&srpvid=91357ea171dd08a0&srepoch=1738173719&all_sr_blocks=1298085401_402727092_4_0_0&highlighted_blocks=1298085401_402727092_4_0_0&matching_block_id=1298085401_402727092_4_0_0&sr_pri_blocks=1298085401_402727092_4_0_0__227826&from=searchresults
Cozy 2 Bedroom next to Arc de Triomf,"Sant Martí, Barcelona",https://www.booking.com/hotel/es/gowithoh-apartamento-almogavers.html?label=gen173nr-1BCAEoggI46AdSAnVzWARoRogBAZgBMbgBGcgBD9gBAegBAYgCAagCA7gC-NjpvAbAAgHSAiQ4ZGVlZWVhMi1mOTI5LTRmOWQtOTk0OC0xMzU5MWFkYWNlODjYAgXgAgE&sid=f990c8e44d8a49a026ee40f8b9e3b3a2&aid=304142&ucfs=1&arphpl=1&checkin=2025-02-09&checkout=2025-02-16&dest_id=-372490&dest_type=city&group_adults=2&req_adults=2&no_rooms=1&group_children=0&req_children=0&hpos=14&hapos=720&sr_order=popularity&srpvid=91357ea171dd08a0&srepoch=1738173719&all_sr_blocks=130087801_116783525_4_0_0&highlighted_blocks=130087801_116783525_4_0_0&matching_block_id=130087801_116783525_4_0_0&sr_pri_blocks=130087801_116783525_4_0_0__105685&from=searchresults
Practico apartamento junto a Estación de Sants,"Sants-Montjuïc, Barcelona",https://www.booking.com/hotel/es/practico-apartamento-junto-a-estacion-de-sants.html?label=gen173nr-1BCAEoggI46AdSAnVzWARoRogBAZgBMbgBGcgBD9gBAegBAYgCAagCA7gC-NjpvAbAAgHSAiQ4ZGVlZWVhMi1mOTI5LTRmOWQtOTk0OC0xMzU5MWFkYWNlODjYAgXgAgE&sid=f990c8e44d8a49a026ee40f8b9e3b3a2&aid=304142&ucfs=1&arphpl=1&checkin=2025-02-09&checkout=2025-02-16&dest_id=-372490&dest_type=city&group_adults=2&req_adults=2&no_rooms=1&group_children=0&req_children=0&hpos=15&hapos=721&sr_order=popularity&srpvid=91357ea171dd08a0&srepoch=1738173719&all_sr_blocks=1246008501_396805163_4_0_0&highlighted_blocks=1246008501_396805163_4_0_0&matching_block_id=1246008501_396805163_4_0_0&sr_pri_blocks=1246008501_396805163_4_0_0__106077&from=searchresults
Poble Nou I You Stylish Apartments,"Sant Martí, Barcelona",https://www.booking.com/hotel/es/poble-nou-i-you-stylish-apartments.html?label=gen173nr-1BCAEoggI46AdSAnVzWARoRogBAZgBMbgBGcgBD9gBAegBAYgCAagCA7gC-NjpvAbAAgHSAiQ4ZGVlZWVhMi1mOTI5LTRmOWQtOTk0OC0xMzU5MWFkYWNlODjYAgXgAgE&sid=f990c8e44d8a49a026ee40f8b9e3b3a2&aid=304142&ucfs=1&arphpl=1&checkin=2025-02-09&checkout=2025-02-16&dest_id=-372490&dest_type=city&group_adults=2&req_adults=2&no_rooms=1&group_children=0&req_children=0&hpos=16&hapos=722&sr_order=popularity&srpvid=91357ea171dd08a0&srepoch=1738173719&all_sr_blocks=574581702_379835866_0_0_0&highlighted_blocks=574581702_379835866_0_0_0&matching_block_id=574581702_379835866_0_0_0&sr_pri_blocks=574581702_379835866_0_0_0__422212&from=searchresults
Sweett - Ethnic Eixample,"Eixample, Barcelona",https://www.booking.com/hotel/es/sweet-inn-ethnic-eixample.html?label=gen173nr-1BCAEoggI46AdSAnVzWARoRogBAZgBMbgBGcgBD9gBAegBAYgCAagCA7gC-NjpvAbAAgHSAiQ4ZGVlZWVhMi1mOTI5LTRmOWQtOTk0OC0xMzU5MWFkYWNlODjYAgXgAgE&sid=f990c8e44d8a49a026ee40f8b9e3b3a2&aid=304142&ucfs=1&arphpl=1&checkin=2025-02-09&checkout=2025-02-16&dest_id=-372490&dest_type=city&group_adults=2&req_adults=2&no_rooms=1&group_children=0&req_children=0&hpos=17&hapos=723&sr_order=popularity&srpvid=91357ea171dd08a0&srepoch=1738173719&all_sr_blocks=1133681701_386021321_4_0_0&highlighted_blocks=1133681701_386021321_4_0_0&matching_block_id=1133681701_386021321_4_0_0&sr_pri_blocks=1133681701_386021321_4_0_0__130339&from=searchresults
Centric eixample Clinic Aribau,"Eixample, Barcelona",https://www.booking.com/hotel/es/centric-eixample-clinic-aribau.html?label=gen173nr-1BCAEoggI46AdSAnVzWARoRogBAZgBMbgBGcgBD9gBAegBAYgCAagCA7gC-NjpvAbAAgHSAiQ4ZGVlZWVhMi1mOTI5LTRmOWQtOTk0OC0xMzU5MWFkYWNlODjYAgXgAgE&sid=f990c8e44d8a49a026ee40f8b9e3b3a2&aid=304142&ucfs=1&arphpl=1&checkin=2025-02-09&checkout=2025-02-16&dest_id=-372490&dest_type=city&group_adults=2&req_adults=2&no_rooms=1&group_children=0&req_children=0&hpos=18&hapos=724&sr_order=popularity&srpvid=91357ea171dd08a0&srepoch=1738173719&all_sr_blocks=1239248801_395873782_4_0_0&highlighted_blocks=1239248801_395873782_4_0_0&matching_block_id=1239248801_395873782_4_0_0&sr_pri_blocks=1239248801_395873782_4_0_0__160118&from=searchresults
Apartamento Gran Via de les Corts Catalanes,"Sants-Montjuïc, Barcelona",https://www.booking.com/hotel/es/apartamento-gran-via-de-les-corts-catalanes.html?label=gen173nr-1BCAEoggI46AdSAnVzWARoRogBAZgBMbgBGcgBD9gBAegBAYgCAagCA7gC-NjpvAbAAgHSAiQ4ZGVlZWVhMi1mOTI5LTRmOWQtOTk0OC0xMzU5MWFkYWNlODjYAgXgAgE&sid=f990c8e44d8a49a026ee40f8b9e3b3a2&aid=304142&ucfs=1&arphpl=1&checkin=2025-02-09&checkout=2025-02-16&dest_id=-372490&dest_type=city&group_adults=2&req_adults=2&no_rooms=1&group_children=0&req_children=0&hpos=19&hapos=725&sr_order=popularity&srpvid=91357ea171dd08a0&srepoch=1738173719&all_sr_blocks=280440701_107152810_4_0_0&highlighted_blocks=280440701_107152810_4_0_0&matching_block_id=280440701_107152810_4_0_0&sr_pri_blocks=280440701_107152810_4_0_0__187079&from=searchresults
Loft Pere IV,"Sant Martí, Barcelona",https://www.booking.com/hotel/es/stylish-poblenou-loft-wifi-ac-beach-roof-terrace.html?label=gen173nr-1BCAEoggI46AdSAnVzWARoRogBAZgBMbgBGcgBD9gBAegBAYgCAagCA7gC-NjpvAbAAgHSAiQ4ZGVlZWVhMi1mOTI5LTRmOWQtOTk0OC0xMzU5MWFkYWNlODjYAgXgAgE&sid=f990c8e44d8a49a026ee40f8b9e3b3a2&aid=304142&ucfs=1&arphpl=1&checkin=2025-02-09&checkout=2025-02-16&dest_id=-372490&dest_type=city&group_adults=2&req_adults=2&no_rooms=1&group_children=0&req_children=0&hpos=20&hapos=726&sr_order=popularity&srpvid=91357ea171dd08a0&srepoch=1738173719&all_sr_blocks=1215121701_394715540_4_0_0&highlighted_blocks=1215121701_394715540_4_0_0&matching_block_id=1215121701_394715540_4_0_0&sr_pri_blocks=1215121701_394715540_4_0_0__136685&from=searchresults
Sagrada Familia ART Apt By MyRentalHost,"Eixample, Barcelona",https://www.booking.com/hotel/es/sagrada-familia-central-fully-equipped-modern-art-apartment-ref-mrhat.html?label=gen173nr-1BCAEoggI46AdSAnVzWARoRogBAZgBMbgBGcgBD9gBAegBAYgCAagCA7gC-NjpvAbAAgHSAiQ4ZGVlZWVhMi1mOTI5LTRmOWQtOTk0OC0xMzU5MWFkYWNlODjYAgXgAgE&sid=f990c8e44d8a49a026ee40f8b9e3b3a2&aid=304142&ucfs=1&arphpl=1&checkin=2025-02-09&checkout=2025-02-16&dest_id=-372490&dest_type=city&group_adults=2&req_adults=2&no_rooms=1&group_children=0&req_children=0&hpos=21&hapos=727&sr_order=popularity&srpvid=91357ea171dd08a0&srepoch=1738173719&all_sr_blocks=640197202_339649679_4_0_0&highlighted_blocks=640197202_339649679_4_0_0&matching_block_id=640197202_339649679_4_0_0&sr_pri_blocks=640197202_339649679_4_0_0__186587&from=searchresults
Barcelona Sants Station Apartments,"Sants-Montjuïc, Barcelona",https://www.booking.com/hotel/es/barcelona-station.html?label=gen173nr-1BCAEoggI46AdSAnVzWARoRogBAZgBMbgBGcgBD9gBAegBAYgCAagCA7gC-NjpvAbAAgHSAiQ4ZGVlZWVhMi1mOTI5LTRmOWQtOTk0OC0xMzU5MWFkYWNlODjYAgXgAgE&sid=f990c8e44d8a49a026ee40f8b9e3b3a2&aid=304142&ucfs=1&arphpl=1&checkin=2025-02-09&checkout=2025-02-16&dest_id=-372490&dest_type=city&group_adults=2&req_adults=2&no_rooms=1&group_children=0&req_children=0&hpos=22&hapos=728&sr_order=popularity&srpvid=91357ea171dd08a0&srepoch=1738173719&all_sr_blocks=23559304_295620064_4_0_0&highlighted_blocks=23559304_295620064_4_0_0&matching_block_id=23559304_295620064_4_0_0&sr_pri_blocks=23559304_295620064_4_0_0__214632&from=searchresults
Marina Sagrada Familia,"Eixample, Barcelona",https://www.booking.com/hotel/es/marina-sagrada-familia-barcelona.html?label=gen173nr-1BCAEoggI46AdSAnVzWARoRogBAZgBMbgBGcgBD9gBAegBAYgCAagCA7gC-NjpvAbAAgHSAiQ4ZGVlZWVhMi1mOTI5LTRmOWQtOTk0OC0xMzU5MWFkYWNlODjYAgXgAgE&sid=f990c8e44d8a49a026ee40f8b9e3b3a2&aid=304142&ucfs=1&arphpl=1&checkin=2025-02-09&checkout=2025-02-16&dest_id=-372490&dest_type=city&group_adults=2&req_adults=2&no_rooms=1&group_children=0&req_children=0&hpos=1&hapos=729&sr_order=popularity&srpvid=91357ea171dd08a0&srepoch=1738173723&all_sr_blocks=1345993202_406955051_0_0_0&highlighted_blocks=1345993202_406955051_0_0_0&matching_block_id=1345993202_406955051_0_0_0&sr_pri_blocks=1345993202_406955051_0_0_0__140770&from=searchresults
TSA La Rosa,"Gràcia, Barcelona",https://www.booking.com/hotel/es/no-11-the-streets-apartments.html?label=gen173nr-1BCAEoggI46AdSAnVzWARoRogBAZgBMbgBGcgBD9gBAegBAYgCAagCA7gC-NjpvAbAAgHSAiQ4ZGVlZWVhMi1mOTI5LTRmOWQtOTk0OC0xMzU5MWFkYWNlODjYAgXgAgE&sid=f990c8e44d8a49a026ee40f8b9e3b3a2&aid=304142&ucfs=1&arphpl=1&checkin=2025-02-09&checkout=2025-02-16&dest_id=-372490&dest_type=city&group_adults=2&req_adults=2&no_rooms=1&group_children=0&req_children=0&hpos=2&hapos=730&sr_order=popularity&srpvid=91357ea171dd08a0&srepoch=1738173723&all_sr_blocks=396952302_389039057_4_0_0&highlighted_blocks=396952302_389039057_4_0_0&matching_block_id=396952302_389039057_4_0_0&sr_pri_blocks=396952302_389039057_4_0_0__209132&from=searchresults
AinB Born-Dames Apartments,"Ciutat Vella, Barcelona",https://www.booking.com/hotel/es/apartments-in-barcelona-dames.html?label=gen173nr-1BCAEoggI46AdSAnVzWARoRogBAZgBMbgBGcgBD9gBAegBAYgCAagCA7gC-NjpvAbAAgHSAiQ4ZGVlZWVhMi1mOTI5LTRmOWQtOTk0OC0xMzU5MWFkYWNlODjYAgXgAgE&sid=f990c8e44d8a49a026ee40f8b9e3b3a2&aid=304142&ucfs=1&arphpl=1&checkin=2025-02-09&checkout=2025-02-16&dest_id=-372490&dest_type=city&group_adults=2&req_adults=2&no_rooms=1&group_children=0&req_children=0&hpos=3&hapos=731&sr_order=popularity&srpvid=91357ea171dd08a0&srepoch=1738173723&all_sr_blocks=1322403_295620076_2_0_0&highlighted_blocks=1322403_295620076_2_0_0&matching_block_id=1322403_295620076_2_0_0&sr_pri_blocks=1322403_295620076_2_0_0__154507&from=searchresults
Bright Apartment with Balconies 34,"Sants-Montjuïc, Barcelona",https://www.booking.com/hotel/es/bright-apartment-with-balconies.html?label=gen173nr-1BCAEoggI46AdSAnVzWARoRogBAZgBMbgBGcgBD9gBAegBAYgCAagCA7gC-NjpvAbAAgHSAiQ4ZGVlZWVhMi1mOTI5LTRmOWQtOTk0OC0xMzU5MWFkYWNlODjYAgXgAgE&sid=f990c8e44d8a49a026ee40f8b9e3b3a2&aid=304142&ucfs=1&arphpl=1&checkin=2025-02-09&checkout=2025-02-16&dest_id=-372490&dest_type=city&group_adults=2&req_adults=2&no_rooms=1&group_children=0&req_children=0&hpos=4&hapos=732&sr_order=popularity&srpvid=91357ea171dd08a0&srepoch=1738173723&all_sr_blocks=948019902_367379775_0_0_0&highlighted_blocks=948019902_367379775_0_0_0&matching_block_id=948019902_367379775_0_0_0&sr_pri_blocks=948019902_367379775_0_0_0__164644&from=searchresults
Art House Station Rocafort ´Sant Antoni´,"Eixample, Barcelona",https://www.booking.com/hotel/es/art-house-station-rocafort-sant-antoni.html?label=gen173nr-1BCAEoggI46AdSAnVzWARoRogBAZgBMbgBGcgBD9gBAegBAYgCAagCA7gC-NjpvAbAAgHSAiQ4ZGVlZWVhMi1mOTI5LTRmOWQtOTk0OC0xMzU5MWFkYWNlODjYAgXgAgE&sid=f990c8e44d8a49a026ee40f8b9e3b3a2&aid=304142&ucfs=1&arphpl=1&checkin=2025-02-09&checkout=2025-02-16&dest_id=-372490&dest_type=city&group_adults=2&req_adults=2&no_rooms=1&group_children=0&req_children=0&hpos=5&hapos=733&sr_order=popularity&srpvid=91357ea171dd08a0&srepoch=1738173723&all_sr_blocks=666422401_340084977_3_0_0&highlighted_blocks=666422401_340084977_3_0_0&matching_block_id=666422401_340084977_3_0_0&sr_pri_blocks=666422401_340084977_3_0_0__175882&from=searchresults
My Space Barcelona Guell Terrace Center,"Sarrià-St. Gervasi, Barcelona",https://www.booking.com/hotel/es/guell-terrace.html?label=gen173nr-1BCAEoggI46AdSAnVzWARoRogBAZgBMbgBGcgBD9gBAegBAYgCAagCA7gC-NjpvAbAAgHSAiQ4ZGVlZWVhMi1mOTI5LTRmOWQtOTk0OC0xMzU5MWFkYWNlODjYAgXgAgE&sid=f990c8e44d8a49a026ee40f8b9e3b3a2&aid=304142&ucfs=1&arphpl=1&checkin=2025-02-09&checkout=2025-02-16&dest_id=-372490&dest_type=city&group_adults=2&req_adults=2&no_rooms=1&group_children=0&req_children=0&hpos=6&hapos=734&sr_order=popularity&srpvid=91357ea171dd08a0&srepoch=1738173723&all_sr_blocks=40343601_357747337_2_0_0&highlighted_blocks=40343601_357747337_2_0_0&matching_block_id=40343601_357747337_2_0_0&sr_pri_blocks=40343601_357747337_2_0_0__101377&from=searchresults
Diamond Rooftop & private terrace sea views,"Eixample, Barcelona",https://www.booking.com/hotel/es/luxury-amp-magic-apartment.html?label=gen173nr-1BCAEoggI46AdSAnVzWARoRogBAZgBMbgBGcgBD9gBAegBAYgCAagCA7gC-NjpvAbAAgHSAiQ4ZGVlZWVhMi1mOTI5LTRmOWQtOTk0OC0xMzU5MWFkYWNlODjYAgXgAgE&sid=f990c8e44d8a49a026ee40f8b9e3b3a2&aid=304142&ucfs=1&arphpl=1&checkin=2025-02-09&checkout=2025-02-16&dest_id=-372490&dest_type=city&group_adults=2&req_adults=2&no_rooms=1&group_children=0&req_children=0&hpos=7&hapos=735&sr_order=popularity&srpvid=91357ea171dd08a0&srepoch=1738173723&all_sr_blocks=132771501_350232418_2_0_0&highlighted_blocks=132771501_350232418_2_0_0&matching_block_id=132771501_350232418_2_0_0&sr_pri_blocks=132771501_350232418_2_0_0__269932&from=searchresults
Barcelona rent - Picasso House,"Eixample, Barcelona",https://www.booking.com/hotel/es/barcelona-rent-picasso-house.html?label=gen173nr-1BCAEoggI46AdSAnVzWARoRogBAZgBMbgBGcgBD9gBAegBAYgCAagCA7gC-NjpvAbAAgHSAiQ4ZGVlZWVhMi1mOTI5LTRmOWQtOTk0OC0xMzU5MWFkYWNlODjYAgXgAgE&sid=f990c8e44d8a49a026ee40f8b9e3b3a2&aid=304142&ucfs=1&arphpl=1&checkin=2025-02-09&checkout=2025-02-16&dest_id=-372490&dest_type=city&group_adults=2&req_adults=2&no_rooms=1&group_children=0&req_children=0&hpos=8&hapos=736&sr_order=popularity&srpvid=91357ea171dd08a0&srepoch=1738173723&all_sr_blocks=1273768101_400765812_2_0_0&highlighted_blocks=1273768101_400765812_2_0_0&matching_block_id=1273768101_400765812_2_0_0&sr_pri_blocks=1273768101_400765812_2_0_0__135791&from=searchresults
La PLAYA ! Centro Barcelona !,"Ciutat Vella, Barcelona",https://www.booking.com/hotel/es/arc-de-triumfo-2.html?label=gen173nr-1BCAEoggI46AdSAnVzWARoRogBAZgBMbgBGcgBD9gBAegBAYgCAagCA7gC-NjpvAbAAgHSAiQ4ZGVlZWVhMi1mOTI5LTRmOWQtOTk0OC0xMzU5MWFkYWNlODjYAgXgAgE&sid=f990c8e44d8a49a026ee40f8b9e3b3a2&aid=304142&ucfs=1&arphpl=1&checkin=2025-02-09&checkout=2025-02-16&dest_id=-372490&dest_type=city&group_adults=2&req_adults=2&no_rooms=1&group_children=0&req_children=0&hpos=9&hapos=737&sr_order=popularity&srpvid=91357ea171dd08a0&srepoch=1738173723&all_sr_blocks=742813502_329478954_2_0_0&highlighted_blocks=742813502_329478954_2_0_0&matching_block_id=742813502_329478954_2_0_0&sr_pri_blocks=742813502_329478954_2_0_0__89775&from=searchresults
My Space Barcelona Gracia Pool Terrace,"Gràcia, Barcelona",https://www.booking.com/hotel/es/gracia-pool-terrace.html?label=gen173nr-1BCAEoggI46AdSAnVzWARoRogBAZgBMbgBGcgBD9gBAegBAYgCAagCA7gC-NjpvAbAAgHSAiQ4ZGVlZWVhMi1mOTI5LTRmOWQtOTk0OC0xMzU5MWFkYWNlODjYAgXgAgE&sid=f990c8e44d8a49a026ee40f8b9e3b3a2&aid=304142&ucfs=1&arphpl=1&checkin=2025-02-09&checkout=2025-02-16&dest_id=-372490&dest_type=city&group_adults=2&req_adults=2&no_rooms=1&group_children=0&req_children=0&hpos=10&hapos=738&sr_order=popularity&srpvid=91357ea171dd08a0&srepoch=1738173723&all_sr_blocks=161717701_357747294_2_0_0&highlighted_blocks=161717701_357747294_2_0_0&matching_block_id=161717701_357747294_2_0_0&sr_pri_blocks=161717701_357747294_2_0_0__114867&from=searchresults
Habitación marinería Boat Aloha,Barcelona,https://www.booking.com/hotel/es/habitacion-marineria-boat-aloha.html?label=gen173nr-1BCAEoggI46AdSAnVzWARoRogBAZgBMbgBGcgBD9gBAegBAYgCAagCA7gC-NjpvAbAAgHSAiQ4ZGVlZWVhMi1mOTI5LTRmOWQtOTk0OC0xMzU5MWFkYWNlODjYAgXgAgE&sid=f990c8e44d8a49a026ee40f8b9e3b3a2&aid=304142&ucfs=1&arphpl=1&checkin=2025-02-09&checkout=2025-02-16&dest_id=-372490&dest_type=city&group_adults=2&req_adults=2&no_rooms=1&group_children=0&req_children=0&hpos=11&hapos=739&sr_order=popularity&srpvid=91357ea171dd08a0&srepoch=1738173723&all_sr_blocks=1174987001_390055883_2_0_0&highlighted_blocks=1174987001_390055883_2_0_0&matching_block_id=1174987001_390055883_2_0_0&sr_pri_blocks=1174987001_390055883_2_0_0__53728&from=searchresults
SAGRADA FAMILIA- Centric Apartment,"Eixample, Barcelona",https://www.booking.com/hotel/es/sagrada-familia-centric-apartment.html?label=gen173nr-1BCAEoggI46AdSAnVzWARoRogBAZgBMbgBGcgBD9gBAegBAYgCAagCA7gC-NjpvAbAAgHSAiQ4ZGVlZWVhMi1mOTI5LTRmOWQtOTk0OC0xMzU5MWFkYWNlODjYAgXgAgE&sid=f990c8e44d8a49a026ee40f8b9e3b3a2&aid=304142&ucfs=1&arphpl=1&checkin=2025-02-09&checkout=2025-02-16&dest_id=-372490&dest_type=city&group_adults=2&req_adults=2&no_rooms=1&group_children=0&req_children=0&hpos=12&hapos=740&sr_order=popularity&srpvid=91357ea171dd08a0&srepoch=1738173723&all_sr_blocks=1171623201_389702070_2_0_0&highlighted_blocks=1171623201_389702070_2_0_0&matching_block_id=1171623201_389702070_2_0_0&sr_pri_blocks=1171623201_389702070_2_0_0__126672&from=searchresults
Barcelonaforrent The Central Place,"Eixample, Barcelona",https://www.booking.com/hotel/es/barcelonaforrent-the-central-suites.html?label=gen173nr-1BCAEoggI46AdSAnVzWARoRogBAZgBMbgBGcgBD9gBAegBAYgCAagCA7gC-NjpvAbAAgHSAiQ4ZGVlZWVhMi1mOTI5LTRmOWQtOTk0OC0xMzU5MWFkYWNlODjYAgXgAgE&sid=f990c8e44d8a49a026ee40f8b9e3b3a2&aid=304142&ucfs=1&arphpl=1&checkin=2025-02-09&checkout=2025-02-16&dest_id=-372490&dest_type=city&group_adults=2&req_adults=2&no_rooms=1&group_children=0&req_children=0&hpos=13&hapos=741&sr_order=popularity&srpvid=91357ea171dd08a0&srepoch=1738173723&all_sr_blocks=125092303_406314036_0_0_0&highlighted_blocks=125092303_406314036_0_0_0&matching_block_id=125092303_406314036_0_0_0&sr_pri_blocks=125092303_406314036_0_0_0__212632&from=searchresults
Catalan Comfort near Sagrada Familia by MyRentalHost,"Gràcia, Barcelona",https://www.booking.com/hotel/es/jose-gracia-charming-modern-apt-in-trendy-gracia-5pp.html?label=gen173nr-1BCAEoggI46AdSAnVzWARoRogBAZgBMbgBGcgBD9gBAegBAYgCAagCA7gC-NjpvAbAAgHSAiQ4ZGVlZWVhMi1mOTI5LTRmOWQtOTk0OC0xMzU5MWFkYWNlODjYAgXgAgE&sid=f990c8e44d8a49a026ee40f8b9e3b3a2&aid=304142&ucfs=1&arphpl=1&checkin=2025-02-09&checkout=2025-02-16&dest_id=-372490&dest_type=city&group_adults=2&req_adults=2&no_rooms=1&group_children=0&req_children=0&hpos=14&hapos=742&sr_order=popularity&srpvid=91357ea171dd08a0&srepoch=1738173723&all_sr_blocks=1116965802_395075895_3_0_0&highlighted_blocks=1116965802_395075895_3_0_0&matching_block_id=1116965802_395075895_3_0_0&sr_pri_blocks=1116965802_395075895_3_0_0__152689&from=searchresults
Dudu life,"Eixample, Barcelona",https://www.booking.com/hotel/es/dudu-life-barcelona.html?label=gen173nr-1BCAEoggI46AdSAnVzWARoRogBAZgBMbgBGcgBD9gBAegBAYgCAagCA7gC-NjpvAbAAgHSAiQ4ZGVlZWVhMi1mOTI5LTRmOWQtOTk0OC0xMzU5MWFkYWNlODjYAgXgAgE&sid=f990c8e44d8a49a026ee40f8b9e3b3a2&aid=304142&ucfs=1&arphpl=1&checkin=2025-02-09&checkout=2025-02-16&dest_id=-372490&dest_type=city&group_adults=2&req_adults=2&no_rooms=1&group_children=0&req_children=0&hpos=15&hapos=743&sr_order=popularity&srpvid=91357ea171dd08a0&srepoch=1738173723&all_sr_blocks=1292889602_402228708_2_0_0&highlighted_blocks=1292889602_402228708_2_0_0&matching_block_id=1292889602_402228708_2_0_0&sr_pri_blocks=1292889602_402228708_2_0_0__191611&from=searchresults
C211 Barcelona Apartments,"Sarrià-St. Gervasi, Barcelona",https://www.booking.com/hotel/es/c211-casanova.html?label=gen173nr-1BCAEoggI46AdSAnVzWARoRogBAZgBMbgBGcgBD9gBAegBAYgCAagCA7gC-NjpvAbAAgHSAiQ4ZGVlZWVhMi1mOTI5LTRmOWQtOTk0OC0xMzU5MWFkYWNlODjYAgXgAgE&sid=f990c8e44d8a49a026ee40f8b9e3b3a2&aid=304142&ucfs=1&arphpl=1&checkin=2025-02-09&checkout=2025-02-16&dest_id=-372490&dest_type=city&group_adults=2&req_adults=2&no_rooms=1&group_children=0&req_children=0&hpos=16&hapos=744&sr_order=popularity&srpvid=91357ea171dd08a0&srepoch=1738173723&all_sr_blocks=50543409_402995429_4_0_0&highlighted_blocks=50543409_402995429_4_0_0&matching_block_id=50543409_402995429_4_0_0&sr_pri_blocks=50543409_402995429_4_0_0__183032&from=searchresults
Amazing flat in classic boat- Barcelona,Barcelona,https://www.booking.com/hotel/es/amazing-flat-in-classic-boat-barcelona.html?label=gen173nr-1BCAEoggI46AdSAnVzWARoRogBAZgBMbgBGcgBD9gBAegBAYgCAagCA7gC-NjpvAbAAgHSAiQ4ZGVlZWVhMi1mOTI5LTRmOWQtOTk0OC0xMzU5MWFkYWNlODjYAgXgAgE&sid=f990c8e44d8a49a026ee40f8b9e3b3a2&aid=304142&ucfs=1&arphpl=1&checkin=2025-02-09&checkout=2025-02-16&dest_id=-372490&dest_type=city&group_adults=2&req_adults=2&no_rooms=1&group_children=0&req_children=0&hpos=17&hapos=745&sr_order=popularity&srpvid=91357ea171dd08a0&srepoch=1738173723&all_sr_blocks=1273277201_400439384_2_0_0&highlighted_blocks=1273277201_400439384_2_0_0&matching_block_id=1273277201_400439384_2_0_0&sr_pri_blocks=1273277201_400439384_2_0_0__55425&from=searchresults
Navas 2,"Sant Andreu, Barcelona",https://www.booking.com/hotel/es/navas-2.html?label=gen173nr-1BCAEoggI46AdSAnVzWARoRogBAZgBMbgBGcgBD9gBAegBAYgCAagCA7gC-NjpvAbAAgHSAiQ4ZGVlZWVhMi1mOTI5LTRmOWQtOTk0OC0xMzU5MWFkYWNlODjYAgXgAgE&sid=f990c8e44d8a49a026ee40f8b9e3b3a2&aid=304142&ucfs=1&arphpl=1&checkin=2025-02-09&checkout=2025-02-16&dest_id=-372490&dest_type=city&group_adults=2&req_adults=2&no_rooms=1&group_children=0&req_children=0&hpos=18&hapos=746&sr_order=popularity&srpvid=91357ea171dd08a0&srepoch=1738173723&all_sr_blocks=1021030602_404029781_2_0_0&highlighted_blocks=1021030602_404029781_2_0_0&matching_block_id=1021030602_404029781_2_0_0&sr_pri_blocks=1021030602_404029781_2_0_0__130724&from=searchresults
Delightfull with terraze 3beds,"Eixample, Barcelona",https://www.booking.com/hotel/es/delightfull-with-terraze-3beds-barcelona.html?label=gen173nr-1BCAEoggI46AdSAnVzWARoRogBAZgBMbgBGcgBD9gBAegBAYgCAagCA7gC-NjpvAbAAgHSAiQ4ZGVlZWVhMi1mOTI5LTRmOWQtOTk0OC0xMzU5MWFkYWNlODjYAgXgAgE&sid=f990c8e44d8a49a026ee40f8b9e3b3a2&aid=304142&ucfs=1&arphpl=1&checkin=2025-02-09&checkout=2025-02-16&dest_id=-372490&dest_type=city&group_adults=2&req_adults=2&no_rooms=1&group_children=0&req_children=0&hpos=19&hapos=747&sr_order=popularity&srpvid=91357ea171dd08a0&srepoch=1738173723&all_sr_blocks=1061478901_378459406_5_0_0&highlighted_blocks=1061478901_378459406_5_0_0&matching_block_id=1061478901_378459406_5_0_0&sr_pri_blocks=1061478901_378459406_5_0_0__204754&from=searchresults
GuestReady - Charming simplicity near Casa Milà,"Les Corts, Barcelona",https://www.booking.com/hotel/es/guestready-charming-simplicity-near-casa-mila.html?label=gen173nr-1BCAEoggI46AdSAnVzWARoRogBAZgBMbgBGcgBD9gBAegBAYgCAagCA7gC-NjpvAbAAgHSAiQ4ZGVlZWVhMi1mOTI5LTRmOWQtOTk0OC0xMzU5MWFkYWNlODjYAgXgAgE&sid=f990c8e44d8a49a026ee40f8b9e3b3a2&aid=304142&ucfs=1&arphpl=1&checkin=2025-02-09&checkout=2025-02-16&dest_id=-372490&dest_type=city&group_adults=2&req_adults=2&no_rooms=1&group_children=0&req_children=0&hpos=20&hapos=748&sr_order=popularity&srpvid=91357ea171dd08a0&srepoch=1738173723&all_sr_blocks=1036837401_399620169_3_0_0&highlighted_blocks=1036837401_399620169_3_0_0&matching_block_id=1036837401_399620169_3_0_0&sr_pri_blocks=1036837401_399620169_3_0_0__92320&from=searchresults
Canela Homes BARCELONA PARK GÜELL,"Gràcia, Barcelona",https://www.booking.com/hotel/es/canela-homes-barcelona-park-guell.html?label=gen173nr-1BCAEoggI46AdSAnVzWARoRogBAZgBMbgBGcgBD9gBAegBAYgCAagCA7gC-NjpvAbAAgHSAiQ4ZGVlZWVhMi1mOTI5LTRmOWQtOTk0OC0xMzU5MWFkYWNlODjYAgXgAgE&sid=f990c8e44d8a49a026ee40f8b9e3b3a2&aid=304142&ucfs=1&arphpl=1&checkin=2025-02-09&checkout=2025-02-16&dest_id=-372490&dest_type=city&group_adults=2&req_adults=2&no_rooms=1&group_children=0&req_children=0&hpos=21&hapos=749&sr_order=popularity&srpvid=91357ea171dd08a0&srepoch=1738173723&all_sr_blocks=1086111101_402727125_4_0_0&highlighted_blocks=1086111101_402727125_4_0_0&matching_block_id=1086111101_402727125_4_0_0&sr_pri_blocks=1086111101_402727125_4_0_0__147263&from=searchresults
Nice apartment in Sants,"Sants-Montjuïc, Barcelona",https://www.booking.com/hotel/es/nice-apartment-in-sants-free-wifi-amp-netflix.html?label=gen173nr-1BCAEoggI46AdSAnVzWARoRogBAZgBMbgBGcgBD9gBAegBAYgCAagCA7gC-NjpvAbAAgHSAiQ4ZGVlZWVhMi1mOTI5LTRmOWQtOTk0OC0xMzU5MWFkYWNlODjYAgXgAgE&sid=f990c8e44d8a49a026ee40f8b9e3b3a2&aid=304142&ucfs=1&arphpl=1&checkin=2025-02-09&checkout=2025-02-16&dest_id=-372490&dest_type=city&group_adults=2&req_adults=2&no_rooms=1&group_children=0&req_children=0&hpos=22&hapos=750&sr_order=popularity&srpvid=91357ea171dd08a0&srepoch=1738173723&all_sr_blocks=326525901_329934566_4_0_0&highlighted_blocks=326525901_329934566_4_0_0&matching_block_id=326525901_329934566_4_0_0&sr_pri_blocks=326525901_329934566_4_0_0__204157&from=searchresults
Mistral Barcelona Centro,"Eixample, Barcelona",https://www.booking.com/hotel/es/mistral.html?label=gen173nr-1BCAEoggI46AdSAnVzWARoRogBAZgBMbgBGcgBD9gBAegBAYgCAagCA7gC-NjpvAbAAgHSAiQ4ZGVlZWVhMi1mOTI5LTRmOWQtOTk0OC0xMzU5MWFkYWNlODjYAgXgAgE&sid=f990c8e44d8a49a026ee40f8b9e3b3a2&aid=304142&ucfs=1&arphpl=1&checkin=2025-02-09&checkout=2025-02-16&dest_id=-372490&dest_type=city&group_adults=2&req_adults=2&no_rooms=1&group_children=0&req_children=0&hpos=23&hapos=751&sr_order=popularity&srpvid=91357ea171dd08a0&srepoch=1738173723&all_sr_blocks=60482001_88210315_2_0_0&highlighted_blocks=60482001_88210315_2_0_0&matching_block_id=60482001_88210315_2_0_0&sr_pri_blocks=60482001_88210315_2_0_0__329682&from=searchresults
Cosmo Apartments Rambla Catalunya,"Eixample, Barcelona",https://www.booking.com/hotel/es/just-style-rambla-catalunya.html?label=gen173nr-1BCAEoggI46AdSAnVzWARoRogBAZgBMbgBGcgBD9gBAegBAYgCAagCA7gC-NjpvAbAAgHSAiQ4ZGVlZWVhMi1mOTI5LTRmOWQtOTk0OC0xMzU5MWFkYWNlODjYAgXgAgE&sid=f990c8e44d8a49a026ee40f8b9e3b3a2&aid=304142&ucfs=1&arphpl=1&checkin=2025-02-09&checkout=2025-02-16&dest_id=-372490&dest_type=city&group_adults=2&req_adults=2&no_rooms=1&group_children=0&req_children=0&hpos=24&hapos=752&sr_order=popularity&srpvid=91357ea171dd08a0&srepoch=1738173723&all_sr_blocks=72259215_88504526_2_0_0&highlighted_blocks=72259215_88504526_2_0_0&matching_block_id=72259215_88504526_2_0_0&sr_pri_blocks=72259215_88504526_2_0_0__334712&from=searchresults
Yacht Pegasus II,Barcelona,https://www.booking.com/hotel/es/yacht-in-barcelona-sant-adria-de-besos.html?label=gen173nr-1BCAEoggI46AdSAnVzWARoRogBAZgBMbgBGcgBD9gBAegBAYgCAagCA7gC-NjpvAbAAgHSAiQ4ZGVlZWVhMi1mOTI5LTRmOWQtOTk0OC0xMzU5MWFkYWNlODjYAgXgAgE&sid=f990c8e44d8a49a026ee40f8b9e3b3a2&aid=304142&ucfs=1&arphpl=1&checkin=2025-02-09&checkout=2025-02-16&dest_id=-372490&dest_type=city&group_adults=2&req_adults=2&no_rooms=1&group_children=0&req_children=0&hpos=25&hapos=753&sr_order=popularity&srpvid=91357ea171dd08a0&srepoch=1738173723&all_sr_blocks=1209122901_393089078_0_0_0_646715&highlighted_blocks=1209122901_393089078_0_0_0_646715&matching_block_id=1209122901_393089078_0_0_0_646715&sr_pri_blocks=1209122901_393089078_0_0_0_646715_205715&from=searchresults
042 Center Barça 4 2,"Ciutat Vella, Barcelona",https://www.booking.com/hotel/es/042-center-barca-4-2.html?label=gen173nr-1BCAEoggI46AdSAnVzWARoRogBAZgBMbgBGcgBD9gBAegBAYgCAagCA7gC-NjpvAbAAgHSAiQ4ZGVlZWVhMi1mOTI5LTRmOWQtOTk0OC0xMzU5MWFkYWNlODjYAgXgAgE&sid=f990c8e44d8a49a026ee40f8b9e3b3a2&aid=304142&ucfs=1&arphpl=1&checkin=2025-02-09&checkout=2025-02-16&dest_id=-372490&dest_type=city&group_adults=2&req_adults=2&no_rooms=1&group_children=0&req_children=0&hpos=1&hapos=754&sr_order=popularity&srpvid=91357ea171dd08a0&srepoch=1738173727&all_sr_blocks=1235787701_396244767_2_0_0&highlighted_blocks=1235787701_396244767_2_0_0&matching_block_id=1235787701_396244767_2_0_0&sr_pri_blocks=1235787701_396244767_2_0_0__76132&from=searchresults
Ramblas Apartments BCN,"Ciutat Vella, Barcelona",https://www.booking.com/hotel/es/ramblas-apartments-barcelona1.html?label=gen173nr-1BCAEoggI46AdSAnVzWARoRogBAZgBMbgBGcgBD9gBAegBAYgCAagCA7gC-NjpvAbAAgHSAiQ4ZGVlZWVhMi1mOTI5LTRmOWQtOTk0OC0xMzU5MWFkYWNlODjYAgXgAgE&sid=f990c8e44d8a49a026ee40f8b9e3b3a2&aid=304142&ucfs=1&arphpl=1&checkin=2025-02-09&checkout=2025-02-16&dest_id=-372490&dest_type=city&group_adults=2&req_adults=2&no_rooms=1&group_children=0&req_children=0&hpos=2&hapos=755&sr_order=popularity&srpvid=91357ea171dd08a0&srepoch=1738173727&all_sr_blocks=1305952102_403428633_2_0_0&highlighted_blocks=1305952102_403428633_2_0_0&matching_block_id=1305952102_403428633_2_0_0&sr_pri_blocks=1305952102_403428633_2_0_0__122370&from=searchresults
Hostelscat,"Sants-Montjuïc, Barcelona",https://www.booking.com/hotel/es/hostelscat.html?label=gen173nr-1BCAEoggI46AdSAnVzWARoRogBAZgBMbgBGcgBD9gBAegBAYgCAagCA7gC-NjpvAbAAgHSAiQ4ZGVlZWVhMi1mOTI5LTRmOWQtOTk0OC0xMzU5MWFkYWNlODjYAgXgAgE&sid=f990c8e44d8a49a026ee40f8b9e3b3a2&aid=304142&ucfs=1&arphpl=1&checkin=2025-02-09&checkout=2025-02-16&dest_id=-372490&dest_type=city&group_adults=2&req_adults=2&no_rooms=1&group_children=0&req_children=0&hpos=3&hapos=756&sr_order=popularity&srpvid=91357ea171dd08a0&srepoch=1738173727&all_sr_blocks=45520603_380222380_0_2_0&highlighted_blocks=45520603_380222380_0_2_0&matching_block_id=45520603_380222380_0_2_0&sr_pri_blocks=45520603_380222380_0_2_0__116960&from=searchresults
Casa Cosi - Eixample 3,"Eixample, Barcelona",https://www.booking.com/hotel/es/casa-cosi-eixample-3.html?label=gen173nr-1BCAEoggI46AdSAnVzWARoRogBAZgBMbgBGcgBD9gBAegBAYgCAagCA7gC-NjpvAbAAgHSAiQ4ZGVlZWVhMi1mOTI5LTRmOWQtOTk0OC0xMzU5MWFkYWNlODjYAgXgAgE&sid=f990c8e44d8a49a026ee40f8b9e3b3a2&aid=304142&ucfs=1&arphpl=1&checkin=2025-02-09&checkout=2025-02-16&dest_id=-372490&dest_type=city&group_adults=2&req_adults=2&no_rooms=1&group_children=0&req_children=0&hpos=4&hapos=757&sr_order=popularity&srpvid=91357ea171dd08a0&srepoch=1738173727&all_sr_blocks=501254201_377071633_0_0_0&highlighted_blocks=501254201_377071633_0_0_0&matching_block_id=501254201_377071633_0_0_0&sr_pri_blocks=501254201_377071633_0_0_0__236846&from=searchresults
Barcelonaforrent The Gaudí Suites,"Eixample, Barcelona",https://www.booking.com/hotel/es/barcelonaforrent-gaudi-suites.html?label=gen173nr-1BCAEoggI46AdSAnVzWARoRogBAZgBMbgBGcgBD9gBAegBAYgCAagCA7gC-NjpvAbAAgHSAiQ4ZGVlZWVhMi1mOTI5LTRmOWQtOTk0OC0xMzU5MWFkYWNlODjYAgXgAgE&sid=f990c8e44d8a49a026ee40f8b9e3b3a2&aid=304142&ucfs=1&arphpl=1&checkin=2025-02-09&checkout=2025-02-16&dest_id=-372490&dest_type=city&group_adults=2&req_adults=2&no_rooms=1&group_children=0&req_children=0&hpos=5&hapos=758&sr_order=popularity&srpvid=91357ea171dd08a0&srepoch=1738173727&all_sr_blocks=35817501_406314437_0_0_0&highlighted_blocks=35817501_406314437_0_0_0&matching_block_id=35817501_406314437_0_0_0&sr_pri_blocks=35817501_406314437_0_0_0__195062&from=searchresults
Key San Pau House Terrace - Barcelona,"Horta-Guinardó, Barcelona",https://www.booking.com/hotel/es/san-pau-house-terrace-barcelona.html?label=gen173nr-1BCAEoggI46AdSAnVzWARoRogBAZgBMbgBGcgBD9gBAegBAYgCAagCA7gC-NjpvAbAAgHSAiQ4ZGVlZWVhMi1mOTI5LTRmOWQtOTk0OC0xMzU5MWFkYWNlODjYAgXgAgE&sid=f990c8e44d8a49a026ee40f8b9e3b3a2&aid=304142&ucfs=1&arphpl=1&checkin=2025-02-09&checkout=2025-02-16&dest_id=-372490&dest_type=city&group_adults=2&req_adults=2&no_rooms=1&group_children=0&req_children=0&hpos=6&hapos=759&sr_order=popularity&srpvid=91357ea171dd08a0&srepoch=1738173727&all_sr_blocks=123215101_181353849_7_0_0_502529&highlighted_blocks=123215101_181353849_7_0_0_502529&matching_block_id=123215101_181353849_7_0_0_502529&sr_pri_blocks=123215101_181353849_7_0_0_502529_173039&from=searchresults
021 Center Barca 2 1,"Ciutat Vella, Barcelona",https://www.booking.com/hotel/es/021-center-barca-2-1.html?label=gen173nr-1BCAEoggI46AdSAnVzWARoRogBAZgBMbgBGcgBD9gBAegBAYgCAagCA7gC-NjpvAbAAgHSAiQ4ZGVlZWVhMi1mOTI5LTRmOWQtOTk0OC0xMzU5MWFkYWNlODjYAgXgAgE&sid=f990c8e44d8a49a026ee40f8b9e3b3a2&aid=304142&ucfs=1&arphpl=1&checkin=2025-02-09&checkout=2025-02-16&dest_id=-372490&dest_type=city&group_adults=2&req_adults=2&no_rooms=1&group_children=0&req_children=0&hpos=7&hapos=760&sr_order=popularity&srpvid=91357ea171dd08a0&srepoch=1738173727&all_sr_blocks=1237256701_396243280_2_0_0&highlighted_blocks=1237256701_396243280_2_0_0&matching_block_id=1237256701_396243280_2_0_0&sr_pri_blocks=1237256701_396243280_2_0_0__76132&from=searchresults
Port III Apart céntrico ideal familias 11,"Sants-Montjuïc, Barcelona",https://www.booking.com/hotel/es/port-iii-apart-centrico-ideal-familias-11.html?label=gen173nr-1BCAEoggI46AdSAnVzWARoRogBAZgBMbgBGcgBD9gBAegBAYgCAagCA7gC-NjpvAbAAgHSAiQ4ZGVlZWVhMi1mOTI5LTRmOWQtOTk0OC0xMzU5MWFkYWNlODjYAgXgAgE&sid=f990c8e44d8a49a026ee40f8b9e3b3a2&aid=304142&ucfs=1&arphpl=1&checkin=2025-02-09&checkout=2025-02-16&dest_id=-372490&dest_type=city&group_adults=2&req_adults=2&no_rooms=1&group_children=0&req_children=0&hpos=8&hapos=761&sr_order=popularity&srpvid=91357ea171dd08a0&srepoch=1738173727&all_sr_blocks=1055003202_377690446_4_0_0&highlighted_blocks=1055003202_377690446_4_0_0&matching_block_id=1055003202_377690446_4_0_0&sr_pri_blocks=1055003202_377690446_4_0_0__215460&from=searchresults
My Space Emirates - Apartments in Rambla de Catalunya,"Eixample, Barcelona",https://www.booking.com/hotel/es/barcino-inversions-apartments-in-rambla-de-catalunya.html?label=gen173nr-1BCAEoggI46AdSAnVzWARoRogBAZgBMbgBGcgBD9gBAegBAYgCAagCA7gC-NjpvAbAAgHSAiQ4ZGVlZWVhMi1mOTI5LTRmOWQtOTk0OC0xMzU5MWFkYWNlODjYAgXgAgE&sid=f990c8e44d8a49a026ee40f8b9e3b3a2&aid=304142&ucfs=1&arphpl=1&checkin=2025-02-09&checkout=2025-02-16&dest_id=-372490&dest_type=city&group_adults=2&req_adults=2&no_rooms=1&group_children=0&req_children=0&hpos=9&hapos=762&sr_order=popularity&srpvid=91357ea171dd08a0&srepoch=1738173727&all_sr_blocks=1160338601_390578657_2_0_0&highlighted_blocks=1160338601_390578657_2_0_0&matching_block_id=1160338601_390578657_2_0_0&sr_pri_blocks=1160338601_390578657_2_0_0__151402&from=searchresults
3BD in Poblenou next to the beach,"Sant Martí, Barcelona",https://www.booking.com/hotel/es/3bd-in-poblenou-next-to-the-beach.html?label=gen173nr-1BCAEoggI46AdSAnVzWARoRogBAZgBMbgBGcgBD9gBAegBAYgCAagCA7gC-NjpvAbAAgHSAiQ4ZGVlZWVhMi1mOTI5LTRmOWQtOTk0OC0xMzU5MWFkYWNlODjYAgXgAgE&sid=f990c8e44d8a49a026ee40f8b9e3b3a2&aid=304142&ucfs=1&arphpl=1&checkin=2025-02-09&checkout=2025-02-16&dest_id=-372490&dest_type=city&group_adults=2&req_adults=2&no_rooms=1&group_children=0&req_children=0&hpos=10&hapos=763&sr_order=popularity&srpvid=91357ea171dd08a0&srepoch=1738173727&all_sr_blocks=985514102_399861697_4_0_0&highlighted_blocks=985514102_399861697_4_0_0&matching_block_id=985514102_399861697_4_0_0&sr_pri_blocks=985514102_399861697_4_0_0__110437&from=searchresults
Bonito apartamento en Aribau,"Eixample, Barcelona",https://www.booking.com/hotel/es/bonito-apartamento-en-aribau.html?label=gen173nr-1BCAEoggI46AdSAnVzWARoRogBAZgBMbgBGcgBD9gBAegBAYgCAagCA7gC-NjpvAbAAgHSAiQ4ZGVlZWVhMi1mOTI5LTRmOWQtOTk0OC0xMzU5MWFkYWNlODjYAgXgAgE&sid=f990c8e44d8a49a026ee40f8b9e3b3a2&aid=304142&ucfs=1&arphpl=1&checkin=2025-02-09&checkout=2025-02-16&dest_id=-372490&dest_type=city&group_adults=2&req_adults=2&no_rooms=1&group_children=0&req_children=0&hpos=11&hapos=764&sr_order=popularity&srpvid=91357ea171dd08a0&srepoch=1738173727&all_sr_blocks=1339978301_406411175_6_0_0&highlighted_blocks=1339978301_406411175_6_0_0&matching_block_id=1339978301_406411175_6_0_0&sr_pri_blocks=1339978301_406411175_6_0_0__143706&from=searchresults
El Palauet Royal Suites,"Gràcia, Barcelona",https://www.booking.com/hotel/es/el-palauet-living-barcelona.html?label=gen173nr-1BCAEoggI46AdSAnVzWARoRogBAZgBMbgBGcgBD9gBAegBAYgCAagCA7gC-NjpvAbAAgHSAiQ4ZGVlZWVhMi1mOTI5LTRmOWQtOTk0OC0xMzU5MWFkYWNlODjYAgXgAgE&sid=f990c8e44d8a49a026ee40f8b9e3b3a2&aid=304142&ucfs=1&arphpl=1&checkin=2025-02-09&checkout=2025-02-16&dest_id=-372490&dest_type=city&group_adults=2&req_adults=2&no_rooms=1&group_children=0&req_children=0&hpos=12&hapos=765&sr_order=popularity&srpvid=91357ea171dd08a0&srepoch=1738173727&all_sr_blocks=35290306_89012479_4_2_0_264474&highlighted_blocks=35290306_89012479_4_2_0_264474&matching_block_id=35290306_89012479_4_2_0_264474&sr_pri_blocks=35290306_89012479_4_2_0_264474_561496&from=searchresults
Estrella Beach,"Ciutat Vella, Barcelona",https://www.booking.com/hotel/es/estrella-beach.html?label=gen173nr-1BCAEoggI46AdSAnVzWARoRogBAZgBMbgBGcgBD9gBAegBAYgCAagCA7gC-NjpvAbAAgHSAiQ4ZGVlZWVhMi1mOTI5LTRmOWQtOTk0OC0xMzU5MWFkYWNlODjYAgXgAgE&sid=f990c8e44d8a49a026ee40f8b9e3b3a2&aid=304142&ucfs=1&arphpl=1&checkin=2025-02-09&checkout=2025-02-16&dest_id=-372490&dest_type=city&group_adults=2&req_adults=2&no_rooms=1&group_children=0&req_children=0&hpos=13&hapos=766&sr_order=popularity&srpvid=91357ea171dd08a0&srepoch=1738173727&all_sr_blocks=1260059801_398617602_2_0_0&highlighted_blocks=1260059801_398617602_2_0_0&matching_block_id=1260059801_398617602_2_0_0&sr_pri_blocks=1260059801_398617602_2_0_0__152475&from=searchresults
Loft Poblenou cerca de la playawifiazotea,"Sant Martí, Barcelona",https://www.booking.com/hotel/es/loft-pere-iv.html?label=gen173nr-1BCAEoggI46AdSAnVzWARoRogBAZgBMbgBGcgBD9gBAegBAYgCAagCA7gC-NjpvAbAAgHSAiQ4ZGVlZWVhMi1mOTI5LTRmOWQtOTk0OC0xMzU5MWFkYWNlODjYAgXgAgE&sid=f990c8e44d8a49a026ee40f8b9e3b3a2&aid=304142&ucfs=1&arphpl=1&checkin=2025-02-09&checkout=2025-02-16&dest_id=-372490&dest_type=city&group_adults=2&req_adults=2&no_rooms=1&group_children=0&req_children=0&hpos=14&hapos=767&sr_order=popularity&srpvid=91357ea171dd08a0&srepoch=1738173727&all_sr_blocks=103992201_335583925_4_0_0&highlighted_blocks=103992201_335583925_4_0_0&matching_block_id=103992201_335583925_4_0_0&sr_pri_blocks=103992201_335583925_4_0_0__200145&from=searchresults
My Space Emirates - Bright Apartment in Gracia with shared Pool,"Gràcia, Barcelona",https://www.booking.com/hotel/es/barcino-inversions-bright-apartment-in-gracia-with-pool.html?label=gen173nr-1BCAEoggI46AdSAnVzWARoRogBAZgBMbgBGcgBD9gBAegBAYgCAagCA7gC-NjpvAbAAgHSAiQ4ZGVlZWVhMi1mOTI5LTRmOWQtOTk0OC0xMzU5MWFkYWNlODjYAgXgAgE&sid=f990c8e44d8a49a026ee40f8b9e3b3a2&aid=304142&ucfs=1&arphpl=1&checkin=2025-02-09&checkout=2025-02-16&dest_id=-372490&dest_type=city&group_adults=2&req_adults=2&no_rooms=1&group_children=0&req_children=0&hpos=15&hapos=768&sr_order=popularity&srpvid=91357ea171dd08a0&srepoch=1738173727&all_sr_blocks=1160414102_405120184_2_0_0&highlighted_blocks=1160414102_405120184_2_0_0&matching_block_id=1160414102_405120184_2_0_0&sr_pri_blocks=1160414102_405120184_2_0_0__114867&from=searchresults
Idyllic apartment in BCN beach,"Sant Martí, Barcelona",https://www.booking.com/hotel/es/idyllic-apartment-in-bcn-beach.html?label=gen173nr-1BCAEoggI46AdSAnVzWARoRogBAZgBMbgBGcgBD9gBAegBAYgCAagCA7gC-NjpvAbAAgHSAiQ4ZGVlZWVhMi1mOTI5LTRmOWQtOTk0OC0xMzU5MWFkYWNlODjYAgXgAgE&sid=f990c8e44d8a49a026ee40f8b9e3b3a2&aid=304142&ucfs=1&arphpl=1&checkin=2025-02-09&checkout=2025-02-16&dest_id=-372490&dest_type=city&group_adults=2&req_adults=2&no_rooms=1&group_children=0&req_children=0&hpos=16&hapos=769&sr_order=popularity&srpvid=91357ea171dd08a0&srepoch=1738173727&all_sr_blocks=943683501_366532634_3_0_0&highlighted_blocks=943683501_366532634_3_0_0&matching_block_id=943683501_366532634_3_0_0&sr_pri_blocks=943683501_366532634_3_0_0__273571&from=searchresults
Classic Boat,Barcelona,https://www.booking.com/hotel/es/rodeur.html?label=gen173nr-1BCAEoggI46AdSAnVzWARoRogBAZgBMbgBGcgBD9gBAegBAYgCAagCA7gC-NjpvAbAAgHSAiQ4ZGVlZWVhMi1mOTI5LTRmOWQtOTk0OC0xMzU5MWFkYWNlODjYAgXgAgE&sid=f990c8e44d8a49a026ee40f8b9e3b3a2&aid=304142&ucfs=1&arphpl=1&checkin=2025-02-09&checkout=2025-02-16&dest_id=-372490&dest_type=city&group_adults=2&req_adults=2&no_rooms=1&group_children=0&req_children=0&hpos=17&hapos=770&sr_order=popularity&srpvid=91357ea171dd08a0&srepoch=1738173727&all_sr_blocks=1239143601_398604288_2_0_0_545507&highlighted_blocks=1239143601_398604288_2_0_0_545507&matching_block_id=1239143601_398604288_2_0_0_545507&sr_pri_blocks=1239143601_398604288_2_0_0_545507_147476&from=searchresults
Practico apartamento con terraza en Eixample,"Eixample, Barcelona",https://www.booking.com/hotel/es/practico-apartamento-con-terraza-en-eixample-barcelona2.html?label=gen173nr-1BCAEoggI46AdSAnVzWARoRogBAZgBMbgBGcgBD9gBAegBAYgCAagCA7gC-NjpvAbAAgHSAiQ4ZGVlZWVhMi1mOTI5LTRmOWQtOTk0OC0xMzU5MWFkYWNlODjYAgXgAgE&sid=f990c8e44d8a49a026ee40f8b9e3b3a2&aid=304142&ucfs=1&arphpl=1&checkin=2025-02-09&checkout=2025-02-16&dest_id=-372490&dest_type=city&group_adults=2&req_adults=2&no_rooms=1&group_children=0&req_children=0&hpos=18&hapos=771&sr_order=popularity&srpvid=91357ea171dd08a0&srepoch=1738173727&all_sr_blocks=1245439601_396720874_5_0_0&highlighted_blocks=1245439601_396720874_5_0_0&matching_block_id=1245439601_396720874_5_0_0&sr_pri_blocks=1245439601_396720874_5_0_0__126615&from=searchresults
Best deal PENTHOUSE!,"Eixample, Barcelona",https://www.booking.com/hotel/es/penthouse-napols.html?label=gen173nr-1BCAEoggI46AdSAnVzWARoRogBAZgBMbgBGcgBD9gBAegBAYgCAagCA7gC-NjpvAbAAgHSAiQ4ZGVlZWVhMi1mOTI5LTRmOWQtOTk0OC0xMzU5MWFkYWNlODjYAgXgAgE&sid=f990c8e44d8a49a026ee40f8b9e3b3a2&aid=304142&ucfs=1&arphpl=1&checkin=2025-02-09&checkout=2025-02-16&dest_id=-372490&dest_type=city&group_adults=2&req_adults=2&no_rooms=1&group_children=0&req_children=0&hpos=19&hapos=772&sr_order=popularity&srpvid=91357ea171dd08a0&srepoch=1738173727&all_sr_blocks=166414101_329715346_2_0_0&highlighted_blocks=166414101_329715346_2_0_0&matching_block_id=166414101_329715346_2_0_0&sr_pri_blocks=166414101_329715346_2_0_0__227932&from=searchresults
Modern stylish 3 bedroom Arco de Triunfo,"Sant Martí, Barcelona",https://www.booking.com/hotel/es/modern-stylish-3-bedroom-arco-de-triunfo.html?label=gen173nr-1BCAEoggI46AdSAnVzWARoRogBAZgBMbgBGcgBD9gBAegBAYgCAagCA7gC-NjpvAbAAgHSAiQ4ZGVlZWVhMi1mOTI5LTRmOWQtOTk0OC0xMzU5MWFkYWNlODjYAgXgAgE&sid=f990c8e44d8a49a026ee40f8b9e3b3a2&aid=304142&ucfs=1&arphpl=1&checkin=2025-02-09&checkout=2025-02-16&dest_id=-372490&dest_type=city&group_adults=2&req_adults=2&no_rooms=1&group_children=0&req_children=0&hpos=20&hapos=773&sr_order=popularity&srpvid=91357ea171dd08a0&srepoch=1738173727&all_sr_blocks=934607702_368554705_0_0_0&highlighted_blocks=934607702_368554705_0_0_0&matching_block_id=934607702_368554705_0_0_0&sr_pri_blocks=934607702_368554705_0_0_0__172998&from=searchresults
Habitat Apartments Tessa,"Eixample, Barcelona",https://www.booking.com/hotel/es/habitat-apartments-tessa.html?label=gen173nr-1BCAEoggI46AdSAnVzWARoRogBAZgBMbgBGcgBD9gBAegBAYgCAagCA7gC-NjpvAbAAgHSAiQ4ZGVlZWVhMi1mOTI5LTRmOWQtOTk0OC0xMzU5MWFkYWNlODjYAgXgAgE&sid=f990c8e44d8a49a026ee40f8b9e3b3a2&aid=304142&ucfs=1&arphpl=1&checkin=2025-02-09&checkout=2025-02-16&dest_id=-372490&dest_type=city&group_adults=2&req_adults=2&no_rooms=1&group_children=0&req_children=0&hpos=21&hapos=774&sr_order=popularity&srpvid=91357ea171dd08a0&srepoch=1738173727&all_sr_blocks=90532001_88418536_0_0_0&highlighted_blocks=90532001_88418536_0_0_0&matching_block_id=90532001_88418536_0_0_0&sr_pri_blocks=90532001_88418536_0_0_0__274169&from=searchresults
New & Sunny Apartment,"Sant Martí, Barcelona",https://www.booking.com/hotel/es/new-amp-sunny-apartment.html?label=gen173nr-1BCAEoggI46AdSAnVzWARoRogBAZgBMbgBGcgBD9gBAegBAYgCAagCA7gC-NjpvAbAAgHSAiQ4ZGVlZWVhMi1mOTI5LTRmOWQtOTk0OC0xMzU5MWFkYWNlODjYAgXgAgE&sid=f990c8e44d8a49a026ee40f8b9e3b3a2&aid=304142&ucfs=1&arphpl=1&checkin=2025-02-09&checkout=2025-02-16&dest_id=-372490&dest_type=city&group_adults=2&req_adults=2&no_rooms=1&group_children=0&req_children=0&hpos=22&hapos=775&sr_order=popularity&srpvid=91357ea171dd08a0&srepoch=1738173727&all_sr_blocks=103186101_389618401_2_0_0&highlighted_blocks=103186101_389618401_2_0_0&matching_block_id=103186101_389618401_2_0_0&sr_pri_blocks=103186101_389618401_2_0_0__185882&from=searchresults
Flat Meridiana,"Nou Barris, Barcelona",https://www.booking.com/hotel/es/flat-meridiana.html?label=gen173nr-1BCAEoggI46AdSAnVzWARoRogBAZgBMbgBGcgBD9gBAegBAYgCAagCA7gC-NjpvAbAAgHSAiQ4ZGVlZWVhMi1mOTI5LTRmOWQtOTk0OC0xMzU5MWFkYWNlODjYAgXgAgE&sid=f990c8e44d8a49a026ee40f8b9e3b3a2&aid=304142&ucfs=1&arphpl=1&checkin=2025-02-09&checkout=2025-02-16&dest_id=-372490&dest_type=city&group_adults=2&req_adults=2&no_rooms=1&group_children=0&req_children=0&hpos=23&hapos=776&sr_order=popularity&srpvid=91357ea171dd08a0&srepoch=1738173727&all_sr_blocks=421402501_127974946_6_0_0&highlighted_blocks=421402501_127974946_6_0_0&matching_block_id=421402501_127974946_6_0_0&sr_pri_blocks=421402501_127974946_6_0_0__191882&from=searchresults
Hostourist@Bcn Fira Hostafrancs,"Sants-Montjuïc, Barcelona",https://www.booking.com/hotel/es/hostourist-bcn-fira-hostafrancs.html?label=gen173nr-1BCAEoggI46AdSAnVzWARoRogBAZgBMbgBGcgBD9gBAegBAYgCAagCA7gC-NjpvAbAAgHSAiQ4ZGVlZWVhMi1mOTI5LTRmOWQtOTk0OC0xMzU5MWFkYWNlODjYAgXgAgE&sid=f990c8e44d8a49a026ee40f8b9e3b3a2&aid=304142&ucfs=1&arphpl=1&checkin=2025-02-09&checkout=2025-02-16&dest_id=-372490&dest_type=city&group_adults=2&req_adults=2&no_rooms=1&group_children=0&req_children=0&hpos=1&hapos=777&sr_order=popularity&srpvid=91357ea171dd08a0&srepoch=1738173731&all_sr_blocks=1054049501_377591866_2_0_0&highlighted_blocks=1054049501_377591866_2_0_0&matching_block_id=1054049501_377591866_2_0_0&sr_pri_blocks=1054049501_377591866_2_0_0__128237&from=searchresults
Placa Cataluna,"Ciutat Vella, Barcelona",https://www.booking.com/hotel/es/placa-cataluna-barcelona1.html?label=gen173nr-1BCAEoggI46AdSAnVzWARoRogBAZgBMbgBGcgBD9gBAegBAYgCAagCA7gC-NjpvAbAAgHSAiQ4ZGVlZWVhMi1mOTI5LTRmOWQtOTk0OC0xMzU5MWFkYWNlODjYAgXgAgE&sid=f990c8e44d8a49a026ee40f8b9e3b3a2&aid=304142&ucfs=1&arphpl=1&checkin=2025-02-09&checkout=2025-02-16&dest_id=-372490&dest_type=city&group_adults=2&req_adults=2&no_rooms=1&group_children=0&req_children=0&hpos=2&hapos=778&sr_order=popularity&srpvid=91357ea171dd08a0&srepoch=1738173731&all_sr_blocks=1298418101_402995958_2_0_0&highlighted_blocks=1298418101_402995958_2_0_0&matching_block_id=1298418101_402995958_2_0_0&sr_pri_blocks=1298418101_402995958_2_0_0__242725&from=searchresults
Apartment Barcelona Rentals - Rambla de Catalunya Center,"Eixample, Barcelona",https://www.booking.com/hotel/es/apartment-barcelona-rentals-rambla-de-catalunya-barcelona2.html?label=gen173nr-1BCAEoggI46AdSAnVzWARoRogBAZgBMbgBGcgBD9gBAegBAYgCAagCA7gC-NjpvAbAAgHSAiQ4ZGVlZWVhMi1mOTI5LTRmOWQtOTk0OC0xMzU5MWFkYWNlODjYAgXgAgE&sid=f990c8e44d8a49a026ee40f8b9e3b3a2&aid=304142&ucfs=1&arphpl=1&checkin=2025-02-09&checkout=2025-02-16&dest_id=-372490&dest_type=city&group_adults=2&req_adults=2&no_rooms=1&group_children=0&req_children=0&hpos=3&hapos=779&sr_order=popularity&srpvid=91357ea171dd08a0&srepoch=1738173731&all_sr_blocks=202090901_357747177_2_0_0&highlighted_blocks=202090901_357747177_2_0_0&matching_block_id=202090901_357747177_2_0_0&sr_pri_blocks=202090901_357747177_2_0_0__152447&from=searchresults
Hotel Yacht Sherte,Barcelona,https://www.booking.com/hotel/es/yacht-sherte.html?label=gen173nr-1BCAEoggI46AdSAnVzWARoRogBAZgBMbgBGcgBD9gBAegBAYgCAagCA7gC-NjpvAbAAgHSAiQ4ZGVlZWVhMi1mOTI5LTRmOWQtOTk0OC0xMzU5MWFkYWNlODjYAgXgAgE&sid=f990c8e44d8a49a026ee40f8b9e3b3a2&aid=304142&ucfs=1&arphpl=1&checkin=2025-02-09&checkout=2025-02-16&dest_id=-372490&dest_type=city&group_adults=2&req_adults=2&no_rooms=1&group_children=0&req_children=0&hpos=4&hapos=780&sr_order=popularity&srpvid=91357ea171dd08a0&srepoch=1738173731&all_sr_blocks=1300710104_402959469_5_0_0&highlighted_blocks=1300710104_402959469_5_0_0&matching_block_id=1300710104_402959469_5_0_0&sr_pri_blocks=1300710104_402959469_5_0_0__109445&from=searchresults
Spacious Elegant on Avenue Diagonal By MyRentalHost,"Sarrià-St. Gervasi, Barcelona",https://www.booking.com/hotel/es/spacious-elegant-on-avenue-diagonal.html?label=gen173nr-1BCAEoggI46AdSAnVzWARoRogBAZgBMbgBGcgBD9gBAegBAYgCAagCA7gC-NjpvAbAAgHSAiQ4ZGVlZWVhMi1mOTI5LTRmOWQtOTk0OC0xMzU5MWFkYWNlODjYAgXgAgE&sid=f990c8e44d8a49a026ee40f8b9e3b3a2&aid=304142&ucfs=1&arphpl=1&checkin=2025-02-09&checkout=2025-02-16&dest_id=-372490&dest_type=city&group_adults=2&req_adults=2&no_rooms=1&group_children=0&req_children=0&hpos=5&hapos=781&sr_order=popularity&srpvid=91357ea171dd08a0&srepoch=1738173731&all_sr_blocks=1325918302_405210131_6_0_0&highlighted_blocks=1325918302_405210131_6_0_0&matching_block_id=1325918302_405210131_6_0_0&sr_pri_blocks=1325918302_405210131_6_0_0__289916&from=searchresults
CENTRAL STYLISH EIXAMPLE - Casa Antonio By MyRentalHost,"Eixample, Barcelona",https://www.booking.com/hotel/es/central-stylish-fully-equipped-apartment-in-eixample-with-balcony-ref-mrhay.html?label=gen173nr-1BCAEoggI46AdSAnVzWARoRogBAZgBMbgBGcgBD9gBAegBAYgCAagCA7gC-NjpvAbAAgHSAiQ4ZGVlZWVhMi1mOTI5LTRmOWQtOTk0OC0xMzU5MWFkYWNlODjYAgXgAgE&sid=f990c8e44d8a49a026ee40f8b9e3b3a2&aid=304142&ucfs=1&arphpl=1&checkin=2025-02-09&checkout=2025-02-16&dest_id=-372490&dest_type=city&group_adults=2&req_adults=2&no_rooms=1&group_children=0&req_children=0&hpos=6&hapos=782&sr_order=popularity&srpvid=91357ea171dd08a0&srepoch=1738173731&all_sr_blocks=640194902_339649701_4_0_0&highlighted_blocks=640194902_339649701_4_0_0&matching_block_id=640194902_339649701_4_0_0&sr_pri_blocks=640194902_339649701_4_0_0__202087&from=searchresults
Charming boat house in Barcelona with big terrace and solarium,Barcelona,https://www.booking.com/hotel/es/charming-boat-house-in-barcelona-with-big-terrace-and-solarium.html?label=gen173nr-1BCAEoggI46AdSAnVzWARoRogBAZgBMbgBGcgBD9gBAegBAYgCAagCA7gC-NjpvAbAAgHSAiQ4ZGVlZWVhMi1mOTI5LTRmOWQtOTk0OC0xMzU5MWFkYWNlODjYAgXgAgE&sid=f990c8e44d8a49a026ee40f8b9e3b3a2&aid=304142&ucfs=1&arphpl=1&checkin=2025-02-09&checkout=2025-02-16&dest_id=-372490&dest_type=city&group_adults=2&req_adults=2&no_rooms=1&group_children=0&req_children=0&hpos=7&hapos=783&sr_order=popularity&srpvid=91357ea171dd08a0&srepoch=1738173731&all_sr_blocks=980838101_370351717_2_0_0&highlighted_blocks=980838101_370351717_2_0_0&matching_block_id=980838101_370351717_2_0_0&sr_pri_blocks=980838101_370351717_2_0_0__66932&from=searchresults
Hermoso apartamento cerca de Plaza Universitat,"Eixample, Barcelona",https://www.booking.com/hotel/es/hermoso-apartamento-cerca-de-plaza-universitat.html?label=gen173nr-1BCAEoggI46AdSAnVzWARoRogBAZgBMbgBGcgBD9gBAegBAYgCAagCA7gC-NjpvAbAAgHSAiQ4ZGVlZWVhMi1mOTI5LTRmOWQtOTk0OC0xMzU5MWFkYWNlODjYAgXgAgE&sid=f990c8e44d8a49a026ee40f8b9e3b3a2&aid=304142&ucfs=1&arphpl=1&checkin=2025-02-09&checkout=2025-02-16&dest_id=-372490&dest_type=city&group_adults=2&req_adults=2&no_rooms=1&group_children=0&req_children=0&hpos=8&hapos=784&sr_order=popularity&srpvid=91357ea171dd08a0&srepoch=1738173731&all_sr_blocks=1245231501_396669271_0_0_0&highlighted_blocks=1245231501_396669271_0_0_0&matching_block_id=1245231501_396669271_0_0_0&sr_pri_blocks=1245231501_396669271_0_0_0__235467&from=searchresults
1217 - POOL AND BEACH NICE APARTMENT II,"Sant Martí, Barcelona",https://www.booking.com/hotel/es/1217-pool-and-beach-nice-apartment-ii.html?label=gen173nr-1BCAEoggI46AdSAnVzWARoRogBAZgBMbgBGcgBD9gBAegBAYgCAagCA7gC-NjpvAbAAgHSAiQ4ZGVlZWVhMi1mOTI5LTRmOWQtOTk0OC0xMzU5MWFkYWNlODjYAgXgAgE&sid=f990c8e44d8a49a026ee40f8b9e3b3a2&aid=304142&ucfs=1&arphpl=1&checkin=2025-02-09&checkout=2025-02-16&dest_id=-372490&dest_type=city&group_adults=2&req_adults=2&no_rooms=1&group_children=0&req_children=0&hpos=9&hapos=785&sr_order=popularity&srpvid=91357ea171dd08a0&srepoch=1738173731&all_sr_blocks=319201902_120276355_4_0_0_611609&highlighted_blocks=319201902_120276355_4_0_0_611609&matching_block_id=319201902_120276355_4_0_0_611609&sr_pri_blocks=319201902_120276355_4_0_0_611609_151207&from=searchresults
Lodging Apartments Almirall Beach 22,"Ciutat Vella, Barcelona",https://www.booking.com/hotel/es/lodging-apartments-almirall-beach-22.html?label=gen173nr-1BCAEoggI46AdSAnVzWARoRogBAZgBMbgBGcgBD9gBAegBAYgCAagCA7gC-NjpvAbAAgHSAiQ4ZGVlZWVhMi1mOTI5LTRmOWQtOTk0OC0xMzU5MWFkYWNlODjYAgXgAgE&sid=f990c8e44d8a49a026ee40f8b9e3b3a2&aid=304142&ucfs=1&arphpl=1&checkin=2025-02-09&checkout=2025-02-16&dest_id=-372490&dest_type=city&group_adults=2&req_adults=2&no_rooms=1&group_children=0&req_children=0&hpos=10&hapos=786&sr_order=popularity&srpvid=91357ea171dd08a0&srepoch=1738173731&all_sr_blocks=1172100001_389744994_2_0_0&highlighted_blocks=1172100001_389744994_2_0_0&matching_block_id=1172100001_389744994_2_0_0&sr_pri_blocks=1172100001_389744994_2_0_0__133190&from=searchresults
Fantastic 3 Bedrooms Apartment Barcelona,"Eixample, Barcelona",https://www.booking.com/hotel/es/fantastic-3-bedrooms-apartment-barcelona.html?label=gen173nr-1BCAEoggI46AdSAnVzWARoRogBAZgBMbgBGcgBD9gBAegBAYgCAagCA7gC-NjpvAbAAgHSAiQ4ZGVlZWVhMi1mOTI5LTRmOWQtOTk0OC0xMzU5MWFkYWNlODjYAgXgAgE&sid=f990c8e44d8a49a026ee40f8b9e3b3a2&aid=304142&ucfs=1&arphpl=1&checkin=2025-02-09&checkout=2025-02-16&dest_id=-372490&dest_type=city&group_adults=2&req_adults=2&no_rooms=1&group_children=0&req_children=0&hpos=11&hapos=787&sr_order=popularity&srpvid=91357ea171dd08a0&srepoch=1738173731&all_sr_blocks=1211974001_393551072_2_0_0&highlighted_blocks=1211974001_393551072_2_0_0&matching_block_id=1211974001_393551072_2_0_0&sr_pri_blocks=1211974001_393551072_2_0_0__195832&from=searchresults
029 Apartament 2-2,"Ciutat Vella, Barcelona",https://www.booking.com/hotel/es/029-apartament-2-2.html?label=gen173nr-1BCAEoggI46AdSAnVzWARoRogBAZgBMbgBGcgBD9gBAegBAYgCAagCA7gC-NjpvAbAAgHSAiQ4ZGVlZWVhMi1mOTI5LTRmOWQtOTk0OC0xMzU5MWFkYWNlODjYAgXgAgE&sid=f990c8e44d8a49a026ee40f8b9e3b3a2&aid=304142&ucfs=1&arphpl=1&checkin=2025-02-09&checkout=2025-02-16&dest_id=-372490&dest_type=city&group_adults=2&req_adults=2&no_rooms=1&group_children=0&req_children=0&hpos=12&hapos=788&sr_order=popularity&srpvid=91357ea171dd08a0&srepoch=1738173731&all_sr_blocks=1227795501_394801830_2_0_0&highlighted_blocks=1227795501_394801830_2_0_0&matching_block_id=1227795501_394801830_2_0_0&sr_pri_blocks=1227795501_394801830_2_0_0__103324&from=searchresults
Beach! Barcelona!,"Ciutat Vella, Barcelona",https://www.booking.com/hotel/es/apartamento-centrico-barcelona3.html?label=gen173nr-1BCAEoggI46AdSAnVzWARoRogBAZgBMbgBGcgBD9gBAegBAYgCAagCA7gC-NjpvAbAAgHSAiQ4ZGVlZWVhMi1mOTI5LTRmOWQtOTk0OC0xMzU5MWFkYWNlODjYAgXgAgE&sid=f990c8e44d8a49a026ee40f8b9e3b3a2&aid=304142&ucfs=1&arphpl=1&checkin=2025-02-09&checkout=2025-02-16&dest_id=-372490&dest_type=city&group_adults=2&req_adults=2&no_rooms=1&group_children=0&req_children=0&hpos=13&hapos=789&sr_order=popularity&srpvid=91357ea171dd08a0&srepoch=1738173731&all_sr_blocks=1231304303_395109701_2_0_0&highlighted_blocks=1231304303_395109701_2_0_0&matching_block_id=1231304303_395109701_2_0_0&sr_pri_blocks=1231304303_395109701_2_0_0__69825&from=searchresults
0DU Palmer duplex,"Ciutat Vella, Barcelona",https://www.booking.com/hotel/es/0du-palmer-duplex.html?label=gen173nr-1BCAEoggI46AdSAnVzWARoRogBAZgBMbgBGcgBD9gBAegBAYgCAagCA7gC-NjpvAbAAgHSAiQ4ZGVlZWVhMi1mOTI5LTRmOWQtOTk0OC0xMzU5MWFkYWNlODjYAgXgAgE&sid=f990c8e44d8a49a026ee40f8b9e3b3a2&aid=304142&ucfs=1&arphpl=1&checkin=2025-02-09&checkout=2025-02-16&dest_id=-372490&dest_type=city&group_adults=2&req_adults=2&no_rooms=1&group_children=0&req_children=0&hpos=14&hapos=790&sr_order=popularity&srpvid=91357ea171dd08a0&srepoch=1738173731&all_sr_blocks=1235255801_401354286_2_0_0&highlighted_blocks=1235255801_401354286_2_0_0&matching_block_id=1235255801_401354286_2_0_0&sr_pri_blocks=1235255801_401354286_2_0_0__175882&from=searchresults
eg21- MODERNIST AND ELEGANT APARTMENT IN BCN CITY CENTER,"Eixample, Barcelona",https://www.booking.com/hotel/es/modernist-and-elegant-apartment-in-bcn-city-center.html?label=gen173nr-1BCAEoggI46AdSAnVzWARoRogBAZgBMbgBGcgBD9gBAegBAYgCAagCA7gC-NjpvAbAAgHSAiQ4ZGVlZWVhMi1mOTI5LTRmOWQtOTk0OC0xMzU5MWFkYWNlODjYAgXgAgE&sid=f990c8e44d8a49a026ee40f8b9e3b3a2&aid=304142&ucfs=1&arphpl=1&checkin=2025-02-09&checkout=2025-02-16&dest_id=-372490&dest_type=city&group_adults=2&req_adults=2&no_rooms=1&group_children=0&req_children=0&hpos=15&hapos=791&sr_order=popularity&srpvid=91357ea171dd08a0&srepoch=1738173731&all_sr_blocks=500639601_172723911_0_0_0&highlighted_blocks=500639601_172723911_0_0_0&matching_block_id=500639601_172723911_0_0_0&sr_pri_blocks=500639601_172723911_0_0_0__254325&from=searchresults
Yate Hotel STV,Barcelona,https://www.booking.com/hotel/es/yate-stv.html?label=gen173nr-1BCAEoggI46AdSAnVzWARoRogBAZgBMbgBGcgBD9gBAegBAYgCAagCA7gC-NjpvAbAAgHSAiQ4ZGVlZWVhMi1mOTI5LTRmOWQtOTk0OC0xMzU5MWFkYWNlODjYAgXgAgE&sid=f990c8e44d8a49a026ee40f8b9e3b3a2&aid=304142&ucfs=1&arphpl=1&checkin=2025-02-09&checkout=2025-02-16&dest_id=-372490&dest_type=city&group_adults=2&req_adults=2&no_rooms=1&group_children=0&req_children=0&hpos=16&hapos=792&sr_order=popularity&srpvid=91357ea171dd08a0&srepoch=1738173731&all_sr_blocks=1135966803_389095156_2_0_0&highlighted_blocks=1135966803_389095156_2_0_0&matching_block_id=1135966803_389095156_2_0_0&sr_pri_blocks=1135966803_389095156_2_0_0__54250&from=searchresults
Gopal-Comfortable Cozy Apartment for Groups in Gracia,"Gràcia, Barcelona",https://www.booking.com/hotel/es/comfortable-cozy-apartment-for-groups-in-gracia.html?label=gen173nr-1BCAEoggI46AdSAnVzWARoRogBAZgBMbgBGcgBD9gBAegBAYgCAagCA7gC-NjpvAbAAgHSAiQ4ZGVlZWVhMi1mOTI5LTRmOWQtOTk0OC0xMzU5MWFkYWNlODjYAgXgAgE&sid=f990c8e44d8a49a026ee40f8b9e3b3a2&aid=304142&ucfs=1&arphpl=1&checkin=2025-02-09&checkout=2025-02-16&dest_id=-372490&dest_type=city&group_adults=2&req_adults=2&no_rooms=1&group_children=0&req_children=0&hpos=17&hapos=793&sr_order=popularity&srpvid=91357ea171dd08a0&srepoch=1738173731&all_sr_blocks=472668801_161475307_0_0_0&highlighted_blocks=472668801_161475307_0_0_0&matching_block_id=472668801_161475307_0_0_0&sr_pri_blocks=472668801_161475307_0_0_0__137941&from=searchresults
Canela Homes BARCELONA RAMBLA CAT,"Eixample, Barcelona",https://www.booking.com/hotel/es/canela-homes-barcelona-rambla-cat.html?label=gen173nr-1BCAEoggI46AdSAnVzWARoRogBAZgBMbgBGcgBD9gBAegBAYgCAagCA7gC-NjpvAbAAgHSAiQ4ZGVlZWVhMi1mOTI5LTRmOWQtOTk0OC0xMzU5MWFkYWNlODjYAgXgAgE&sid=f990c8e44d8a49a026ee40f8b9e3b3a2&aid=304142&ucfs=1&arphpl=1&checkin=2025-02-09&checkout=2025-02-16&dest_id=-372490&dest_type=city&group_adults=2&req_adults=2&no_rooms=1&group_children=0&req_children=0&hpos=18&hapos=794&sr_order=popularity&srpvid=91357ea171dd08a0&srepoch=1738173731&all_sr_blocks=1084325701_402727137_7_0_0&highlighted_blocks=1084325701_402727137_7_0_0&matching_block_id=1084325701_402727137_7_0_0&sr_pri_blocks=1084325701_402727137_7_0_0__317751&from=searchresults
Architects Home By MyRentalHost,"Sants-Montjuïc, Barcelona",https://www.booking.com/hotel/es/unique-architects-apartment-in-trendy-central-poble-sec-ref-mrhaj.html?label=gen173nr-1BCAEoggI46AdSAnVzWARoRogBAZgBMbgBGcgBD9gBAegBAYgCAagCA7gC-NjpvAbAAgHSAiQ4ZGVlZWVhMi1mOTI5LTRmOWQtOTk0OC0xMzU5MWFkYWNlODjYAgXgAgE&sid=f990c8e44d8a49a026ee40f8b9e3b3a2&aid=304142&ucfs=1&arphpl=1&checkin=2025-02-09&checkout=2025-02-16&dest_id=-372490&dest_type=city&group_adults=2&req_adults=2&no_rooms=1&group_children=0&req_children=0&hpos=19&hapos=795&sr_order=popularity&srpvid=91357ea171dd08a0&srepoch=1738173731&all_sr_blocks=640198502_339649691_4_0_0&highlighted_blocks=640198502_339649691_4_0_0&matching_block_id=640198502_339649691_4_0_0&sr_pri_blocks=640198502_339649691_4_0_0__139437&from=searchresults
Barcelona Centro city,"Ciutat Vella, Barcelona",https://www.booking.com/hotel/es/barcelona-centro-city.html?label=gen173nr-1BCAEoggI46AdSAnVzWARoRogBAZgBMbgBGcgBD9gBAegBAYgCAagCA7gC-NjpvAbAAgHSAiQ4ZGVlZWVhMi1mOTI5LTRmOWQtOTk0OC0xMzU5MWFkYWNlODjYAgXgAgE&sid=f990c8e44d8a49a026ee40f8b9e3b3a2&aid=304142&ucfs=1&arphpl=1&checkin=2025-02-09&checkout=2025-02-16&dest_id=-372490&dest_type=city&group_adults=2&req_adults=2&no_rooms=1&group_children=0&req_children=0&hpos=20&hapos=796&sr_order=popularity&srpvid=91357ea171dd08a0&srepoch=1738173731&all_sr_blocks=1298398001_402744777_2_0_0&highlighted_blocks=1298398001_402744777_2_0_0&matching_block_id=1298398001_402744777_2_0_0&sr_pri_blocks=1298398001_402744777_2_0_0__242725&from=searchresults
Boat Barcelona Yacht,Barcelona,https://www.booking.com/hotel/es/barcelona-yatch.html?label=gen173nr-1BCAEoggI46AdSAnVzWARoRogBAZgBMbgBGcgBD9gBAegBAYgCAagCA7gC-NjpvAbAAgHSAiQ4ZGVlZWVhMi1mOTI5LTRmOWQtOTk0OC0xMzU5MWFkYWNlODjYAgXgAgE&sid=f990c8e44d8a49a026ee40f8b9e3b3a2&aid=304142&ucfs=1&arphpl=1&checkin=2025-02-09&checkout=2025-02-16&dest_id=-372490&dest_type=city&group_adults=2&req_adults=2&no_rooms=1&group_children=0&req_children=0&hpos=21&hapos=797&sr_order=popularity&srpvid=91357ea171dd08a0&srepoch=1738173731&all_sr_blocks=1007556501_373500309_2_0_0&highlighted_blocks=1007556501_373500309_2_0_0&matching_block_id=1007556501_373500309_2_0_0&sr_pri_blocks=1007556501_373500309_2_0_0__58007&from=searchresults
Rosalia en Sagrada Familia Hospital Sant Pau,"Horta-Guinardó, Barcelona",https://www.booking.com/hotel/es/rosalia-en-sagrada-familia-hospital-sant-pau.html?label=gen173nr-1BCAEoggI46AdSAnVzWARoRogBAZgBMbgBGcgBD9gBAegBAYgCAagCA7gC-NjpvAbAAgHSAiQ4ZGVlZWVhMi1mOTI5LTRmOWQtOTk0OC0xMzU5MWFkYWNlODjYAgXgAgE&sid=f990c8e44d8a49a026ee40f8b9e3b3a2&aid=304142&ucfs=1&arphpl=1&checkin=2025-02-09&checkout=2025-02-16&dest_id=-372490&dest_type=city&group_adults=2&req_adults=2&no_rooms=1&group_children=0&req_children=0&hpos=22&hapos=798&sr_order=popularity&srpvid=91357ea171dd08a0&srepoch=1738173731&all_sr_blocks=1239499901_395913551_4_0_0&highlighted_blocks=1239499901_395913551_4_0_0&matching_block_id=1239499901_395913551_4_0_0&sr_pri_blocks=1239499901_395913551_4_0_0__128660&from=searchresults
Elegant 4 Bedroom by Plaza Catalunya,"Eixample, Barcelona",https://www.booking.com/hotel/es/central-and-captivating-4-bedroom-by-placa-catalunya.html?label=gen173nr-1BCAEoggI46AdSAnVzWARoRogBAZgBMbgBGcgBD9gBAegBAYgCAagCA7gC-NjpvAbAAgHSAiQ4ZGVlZWVhMi1mOTI5LTRmOWQtOTk0OC0xMzU5MWFkYWNlODjYAgXgAgE&sid=f990c8e44d8a49a026ee40f8b9e3b3a2&aid=304142&ucfs=1&arphpl=1&checkin=2025-02-09&checkout=2025-02-16&dest_id=-372490&dest_type=city&group_adults=2&req_adults=2&no_rooms=1&group_children=0&req_children=0&hpos=23&hapos=799&sr_order=popularity&srpvid=91357ea171dd08a0&srepoch=1738173731&all_sr_blocks=874026602_399861459_6_0_0&highlighted_blocks=874026602_399861459_6_0_0&matching_block_id=874026602_399861459_6_0_0&sr_pri_blocks=874026602_399861459_6_0_0__160262&from=searchresults
Barcelonaforrent Urban Town Suites,"Sarrià-St. Gervasi, Barcelona",https://www.booking.com/hotel/es/barcelonaforrent-urban-town-suites.html?label=gen173nr-1BCAEoggI46AdSAnVzWARoRogBAZgBMbgBGcgBD9gBAegBAYgCAagCA7gC-NjpvAbAAgHSAiQ4ZGVlZWVhMi1mOTI5LTRmOWQtOTk0OC0xMzU5MWFkYWNlODjYAgXgAgE&sid=f990c8e44d8a49a026ee40f8b9e3b3a2&aid=304142&ucfs=1&arphpl=1&checkin=2025-02-09&checkout=2025-02-16&dest_id=-372490&dest_type=city&group_adults=2&req_adults=2&no_rooms=1&group_children=0&req_children=0&hpos=1&hapos=800&sr_order=popularity&srpvid=91357ea171dd08a0&srepoch=1738173736&all_sr_blocks=90826803_406314229_0_0_0&highlighted_blocks=90826803_406314229_0_0_0&matching_block_id=90826803_406314229_0_0_0&sr_pri_blocks=90826803_406314229_0_0_0__198007&from=searchresults
"Close beach , Sagrada & city center","Sant Martí, Barcelona",https://www.booking.com/hotel/es/close-beach-sagrada-amp-city-center.html?label=gen173nr-1BCAEoggI46AdSAnVzWARoRogBAZgBMbgBGcgBD9gBAegBAYgCAagCA7gC-NjpvAbAAgHSAiQ4ZGVlZWVhMi1mOTI5LTRmOWQtOTk0OC0xMzU5MWFkYWNlODjYAgXgAgE&sid=f990c8e44d8a49a026ee40f8b9e3b3a2&aid=304142&ucfs=1&arphpl=1&checkin=2025-02-09&checkout=2025-02-16&dest_id=-372490&dest_type=city&group_adults=2&req_adults=2&no_rooms=1&group_children=0&req_children=0&hpos=2&hapos=801&sr_order=popularity&srpvid=91357ea171dd08a0&srepoch=1738173736&all_sr_blocks=1282695401_401187847_2_0_0&highlighted_blocks=1282695401_401187847_2_0_0&matching_block_id=1282695401_401187847_2_0_0&sr_pri_blocks=1282695401_401187847_2_0_0__4769632&from=searchresults
Akad Sweet Home,"Ciutat Vella, Barcelona",https://www.booking.com/hotel/es/akad-sweet-home.html?label=gen173nr-1BCAEoggI46AdSAnVzWARoRogBAZgBMbgBGcgBD9gBAegBAYgCAagCA7gC-NjpvAbAAgHSAiQ4ZGVlZWVhMi1mOTI5LTRmOWQtOTk0OC0xMzU5MWFkYWNlODjYAgXgAgE&sid=f990c8e44d8a49a026ee40f8b9e3b3a2&aid=304142&ucfs=1&arphpl=1&checkin=2025-02-09&checkout=2025-02-16&dest_id=-372490&dest_type=city&group_adults=2&req_adults=2&no_rooms=1&group_children=0&req_children=0&hpos=3&hapos=802&sr_order=popularity&srpvid=91357ea171dd08a0&srepoch=1738173736&all_sr_blocks=1005937101_373333782_7_0_0&highlighted_blocks=1005937101_373333782_7_0_0&matching_block_id=1005937101_373333782_7_0_0&sr_pri_blocks=1005937101_373333782_7_0_0__518357&from=searchresults
Cozy yacht lodge in Barcelona with boat tour option,Barcelona,https://www.booking.com/hotel/es/cozy-yacht-lodge-in-barcelona.html?label=gen173nr-1BCAEoggI46AdSAnVzWARoRogBAZgBMbgBGcgBD9gBAegBAYgCAagCA7gC-NjpvAbAAgHSAiQ4ZGVlZWVhMi1mOTI5LTRmOWQtOTk0OC0xMzU5MWFkYWNlODjYAgXgAgE&sid=f990c8e44d8a49a026ee40f8b9e3b3a2&aid=304142&ucfs=1&arphpl=1&checkin=2025-02-09&checkout=2025-02-16&dest_id=-372490&dest_type=city&group_adults=2&req_adults=2&no_rooms=1&group_children=0&req_children=0&hpos=4&hapos=803&sr_order=popularity&srpvid=91357ea171dd08a0&srepoch=1738173736&all_sr_blocks=848997301_391837812_2_0_0&highlighted_blocks=848997301_391837812_2_0_0&matching_block_id=848997301_391837812_2_0_0&sr_pri_blocks=848997301_391837812_2_0_0__114660&from=searchresults
Casa Cosi - Eixample 4,"Eixample, Barcelona",https://www.booking.com/hotel/es/casa-cosi-eixample-4.html?label=gen173nr-1BCAEoggI46AdSAnVzWARoRogBAZgBMbgBGcgBD9gBAegBAYgCAagCA7gC-NjpvAbAAgHSAiQ4ZGVlZWVhMi1mOTI5LTRmOWQtOTk0OC0xMzU5MWFkYWNlODjYAgXgAgE&sid=f990c8e44d8a49a026ee40f8b9e3b3a2&aid=304142&ucfs=1&arphpl=1&checkin=2025-02-09&checkout=2025-02-16&dest_id=-372490&dest_type=city&group_adults=2&req_adults=2&no_rooms=1&group_children=0&req_children=0&hpos=5&hapos=804&sr_order=popularity&srpvid=91357ea171dd08a0&srepoch=1738173736&all_sr_blocks=501343201_377071664_0_0_0&highlighted_blocks=501343201_377071664_0_0_0&matching_block_id=501343201_377071664_0_0_0&sr_pri_blocks=501343201_377071664_0_0_0__239480&from=searchresults
Cozy sailboat - a good experience for everyone!!!!,Barcelona,https://www.booking.com/hotel/es/cozy-sailboat-a-good-experience-for-everyone-sant-adria-de-besos.html?label=gen173nr-1BCAEoggI46AdSAnVzWARoRogBAZgBMbgBGcgBD9gBAegBAYgCAagCA7gC-NjpvAbAAgHSAiQ4ZGVlZWVhMi1mOTI5LTRmOWQtOTk0OC0xMzU5MWFkYWNlODjYAgXgAgE&sid=f990c8e44d8a49a026ee40f8b9e3b3a2&aid=304142&ucfs=1&arphpl=1&checkin=2025-02-09&checkout=2025-02-16&dest_id=-372490&dest_type=city&group_adults=2&req_adults=2&no_rooms=1&group_children=0&req_children=0&hpos=6&hapos=805&sr_order=popularity&srpvid=91357ea171dd08a0&srepoch=1738173736&all_sr_blocks=767294501_334290442_2_0_0&highlighted_blocks=767294501_334290442_2_0_0&matching_block_id=767294501_334290442_2_0_0&sr_pri_blocks=767294501_334290442_2_0_0__47845&from=searchresults
Poble Sec - Modern & comfy 3 bedrooms,"Sants-Montjuïc, Barcelona",https://www.booking.com/hotel/es/recently-renovated-3-bedrooms-in-poble-sec.html?label=gen173nr-1BCAEoggI46AdSAnVzWARoRogBAZgBMbgBGcgBD9gBAegBAYgCAagCA7gC-NjpvAbAAgHSAiQ4ZGVlZWVhMi1mOTI5LTRmOWQtOTk0OC0xMzU5MWFkYWNlODjYAgXgAgE&sid=f990c8e44d8a49a026ee40f8b9e3b3a2&aid=304142&ucfs=1&arphpl=1&checkin=2025-02-09&checkout=2025-02-16&dest_id=-372490&dest_type=city&group_adults=2&req_adults=2&no_rooms=1&group_children=0&req_children=0&hpos=7&hapos=806&sr_order=popularity&srpvid=91357ea171dd08a0&srepoch=1738173736&all_sr_blocks=873642402_399836545_5_0_0&highlighted_blocks=873642402_399836545_5_0_0&matching_block_id=873642402_399836545_5_0_0&sr_pri_blocks=873642402_399836545_5_0_0__146187&from=searchresults
11 Basic Barca principal 11,"Ciutat Vella, Barcelona",https://www.booking.com/hotel/es/11-basic-barca-principal-11.html?label=gen173nr-1BCAEoggI46AdSAnVzWARoRogBAZgBMbgBGcgBD9gBAegBAYgCAagCA7gC-NjpvAbAAgHSAiQ4ZGVlZWVhMi1mOTI5LTRmOWQtOTk0OC0xMzU5MWFkYWNlODjYAgXgAgE&sid=f990c8e44d8a49a026ee40f8b9e3b3a2&aid=304142&ucfs=1&arphpl=1&checkin=2025-02-09&checkout=2025-02-16&dest_id=-372490&dest_type=city&group_adults=2&req_adults=2&no_rooms=1&group_children=0&req_children=0&hpos=8&hapos=807&sr_order=popularity&srpvid=91357ea171dd08a0&srepoch=1738173736&all_sr_blocks=1244228901_396429657_7_0_0&highlighted_blocks=1244228901_396429657_7_0_0&matching_block_id=1244228901_396429657_7_0_0&sr_pri_blocks=1244228901_396429657_7_0_0__308882&from=searchresults
Swan,"Sant Martí, Barcelona",https://www.booking.com/hotel/es/swan.html?label=gen173nr-1BCAEoggI46AdSAnVzWARoRogBAZgBMbgBGcgBD9gBAegBAYgCAagCA7gC-NjpvAbAAgHSAiQ4ZGVlZWVhMi1mOTI5LTRmOWQtOTk0OC0xMzU5MWFkYWNlODjYAgXgAgE&sid=f990c8e44d8a49a026ee40f8b9e3b3a2&aid=304142&ucfs=1&arphpl=1&checkin=2025-02-09&checkout=2025-02-16&dest_id=-372490&dest_type=city&group_adults=2&req_adults=2&no_rooms=1&group_children=0&req_children=0&hpos=9&hapos=808&sr_order=popularity&srpvid=91357ea171dd08a0&srepoch=1738173736&all_sr_blocks=839854001_350623923_2_0_0&highlighted_blocks=839854001_350623923_2_0_0&matching_block_id=839854001_350623923_2_0_0&sr_pri_blocks=839854001_350623923_2_0_0__173950&from=searchresults
Canela Homes BARCELONA EIXAMPLE,"Eixample, Barcelona",https://www.booking.com/hotel/es/canela-homes-barcelona-eixample.html?label=gen173nr-1BCAEoggI46AdSAnVzWARoRogBAZgBMbgBGcgBD9gBAegBAYgCAagCA7gC-NjpvAbAAgHSAiQ4ZGVlZWVhMi1mOTI5LTRmOWQtOTk0OC0xMzU5MWFkYWNlODjYAgXgAgE&sid=f990c8e44d8a49a026ee40f8b9e3b3a2&aid=304142&ucfs=1&arphpl=1&checkin=2025-02-09&checkout=2025-02-16&dest_id=-372490&dest_type=city&group_adults=2&req_adults=2&no_rooms=1&group_children=0&req_children=0&hpos=10&hapos=809&sr_order=popularity&srpvid=91357ea171dd08a0&srepoch=1738173736&all_sr_blocks=1084319401_402727139_6_0_0&highlighted_blocks=1084319401_402727139_6_0_0&matching_block_id=1084319401_402727139_6_0_0&sr_pri_blocks=1084319401_402727139_6_0_0__476838&from=searchresults
Casa Vilaró Park Guell,"Gràcia, Barcelona",https://www.booking.com/hotel/es/casa-vilara3.html?label=gen173nr-1BCAEoggI46AdSAnVzWARoRogBAZgBMbgBGcgBD9gBAegBAYgCAagCA7gC-NjpvAbAAgHSAiQ4ZGVlZWVhMi1mOTI5LTRmOWQtOTk0OC0xMzU5MWFkYWNlODjYAgXgAgE&sid=f990c8e44d8a49a026ee40f8b9e3b3a2&aid=304142&ucfs=1&arphpl=1&checkin=2025-02-09&checkout=2025-02-16&dest_id=-372490&dest_type=city&group_adults=2&req_adults=2&no_rooms=1&group_children=0&req_children=0&hpos=11&hapos=810&sr_order=popularity&srpvid=91357ea171dd08a0&srepoch=1738173736&all_sr_blocks=38321547_120323192_10_0_0&highlighted_blocks=38321547_120323192_10_0_0&matching_block_id=38321547_120323192_10_0_0&sr_pri_blocks=38321547_120323192_10_0_0__552632&from=searchresults
Yate en Port Fórum,Barcelona,https://www.booking.com/hotel/es/yate-en-port-forum.html?label=gen173nr-1BCAEoggI46AdSAnVzWARoRogBAZgBMbgBGcgBD9gBAegBAYgCAagCA7gC-NjpvAbAAgHSAiQ4ZGVlZWVhMi1mOTI5LTRmOWQtOTk0OC0xMzU5MWFkYWNlODjYAgXgAgE&sid=f990c8e44d8a49a026ee40f8b9e3b3a2&aid=304142&ucfs=1&arphpl=1&checkin=2025-02-09&checkout=2025-02-16&dest_id=-372490&dest_type=city&group_adults=2&req_adults=2&no_rooms=1&group_children=0&req_children=0&hpos=12&hapos=811&sr_order=popularity&srpvid=91357ea171dd08a0&srepoch=1738173736&all_sr_blocks=1273185301_400118713_2_0_0&highlighted_blocks=1273185301_400118713_2_0_0&matching_block_id=1273185301_400118713_2_0_0&sr_pri_blocks=1273185301_400118713_2_0_0__187667&from=searchresults
Bed&BCN Baro,"Gràcia, Barcelona",https://www.booking.com/hotel/es/bed-baro.html?label=gen173nr-1BCAEoggI46AdSAnVzWARoRogBAZgBMbgBGcgBD9gBAegBAYgCAagCA7gC-NjpvAbAAgHSAiQ4ZGVlZWVhMi1mOTI5LTRmOWQtOTk0OC0xMzU5MWFkYWNlODjYAgXgAgE&sid=f990c8e44d8a49a026ee40f8b9e3b3a2&aid=304142&ucfs=1&arphpl=1&checkin=2025-02-09&checkout=2025-02-16&dest_id=-372490&dest_type=city&group_adults=2&req_adults=2&no_rooms=1&group_children=0&req_children=0&hpos=13&hapos=812&sr_order=popularity&srpvid=91357ea171dd08a0&srepoch=1738173736&all_sr_blocks=124701701_190152890_11_0_0&highlighted_blocks=124701701_190152890_11_0_0&matching_block_id=124701701_190152890_11_0_0&sr_pri_blocks=124701701_190152890_11_0_0__214802&from=searchresults
Spacious and cozy caribbean boat in Barcelona with tour option,Barcelona,https://www.booking.com/hotel/es/spacious-and-cozy-caribbean-boat-in-barcelona.html?label=gen173nr-1BCAEoggI46AdSAnVzWARoRogBAZgBMbgBGcgBD9gBAegBAYgCAagCA7gC-NjpvAbAAgHSAiQ4ZGVlZWVhMi1mOTI5LTRmOWQtOTk0OC0xMzU5MWFkYWNlODjYAgXgAgE&sid=f990c8e44d8a49a026ee40f8b9e3b3a2&aid=304142&ucfs=1&arphpl=1&checkin=2025-02-09&checkout=2025-02-16&dest_id=-372490&dest_type=city&group_adults=2&req_adults=2&no_rooms=1&group_children=0&req_children=0&hpos=14&hapos=813&sr_order=popularity&srpvid=91357ea171dd08a0&srepoch=1738173736&all_sr_blocks=775886901_376014206_2_0_0&highlighted_blocks=775886901_376014206_2_0_0&matching_block_id=775886901_376014206_2_0_0&sr_pri_blocks=775886901_376014206_2_0_0__107943&from=searchresults
Canela Homes BARCELONA RAMCAT37,"Eixample, Barcelona",https://www.booking.com/hotel/es/canela-homes-barcelona-ramcat37.html?label=gen173nr-1BCAEoggI46AdSAnVzWARoRogBAZgBMbgBGcgBD9gBAegBAYgCAagCA7gC-NjpvAbAAgHSAiQ4ZGVlZWVhMi1mOTI5LTRmOWQtOTk0OC0xMzU5MWFkYWNlODjYAgXgAgE&sid=f990c8e44d8a49a026ee40f8b9e3b3a2&aid=304142&ucfs=1&arphpl=1&checkin=2025-02-09&checkout=2025-02-16&dest_id=-372490&dest_type=city&group_adults=2&req_adults=2&no_rooms=1&group_children=0&req_children=0&hpos=15&hapos=814&sr_order=popularity&srpvid=91357ea171dd08a0&srepoch=1738173736&all_sr_blocks=1084338501_402727135_6_0_0&highlighted_blocks=1084338501_402727135_6_0_0&matching_block_id=1084338501_402727135_6_0_0&sr_pri_blocks=1084338501_402727135_6_0_0__332476&from=searchresults
Apartamento soleado en Barcelona city,"Sant Andreu, Barcelona",https://www.booking.com/hotel/es/apartamento-soleado-en-barcelona-city.html?label=gen173nr-1BCAEoggI46AdSAnVzWARoRogBAZgBMbgBGcgBD9gBAegBAYgCAagCA7gC-NjpvAbAAgHSAiQ4ZGVlZWVhMi1mOTI5LTRmOWQtOTk0OC0xMzU5MWFkYWNlODjYAgXgAgE&sid=f990c8e44d8a49a026ee40f8b9e3b3a2&aid=304142&ucfs=1&arphpl=1&checkin=2025-02-09&checkout=2025-02-16&dest_id=-372490&dest_type=city&group_adults=2&req_adults=2&no_rooms=1&group_children=0&req_children=0&hpos=16&hapos=815&sr_order=popularity&srpvid=91357ea171dd08a0&srepoch=1738173736&all_sr_blocks=1058542301_378105215_4_0_0&highlighted_blocks=1058542301_378105215_4_0_0&matching_block_id=1058542301_378105215_4_0_0&sr_pri_blocks=1058542301_378105215_4_0_0__108717&from=searchresults
HeyLola! Hostel,"Sants-Montjuïc, Barcelona",https://www.booking.com/hotel/es/heylola-hostel.html?label=gen173nr-1BCAEoggI46AdSAnVzWARoRogBAZgBMbgBGcgBD9gBAegBAYgCAagCA7gC-NjpvAbAAgHSAiQ4ZGVlZWVhMi1mOTI5LTRmOWQtOTk0OC0xMzU5MWFkYWNlODjYAgXgAgE&sid=f990c8e44d8a49a026ee40f8b9e3b3a2&aid=304142&ucfs=1&arphpl=1&checkin=2025-02-09&checkout=2025-02-16&dest_id=-372490&dest_type=city&group_adults=2&req_adults=2&no_rooms=1&group_children=0&req_children=0&hpos=17&hapos=816&sr_order=popularity&srpvid=91357ea171dd08a0&srepoch=1738173736&all_sr_blocks=1281447105_401049989_0_0_0%2C1281447105_401049989_0_0_0&highlighted_blocks=1281447105_401049989_0_0_0%2C1281447105_401049989_0_0_0&matching_block_id=1281447105_401049989_0_0_0&sr_pri_blocks=1281447105_401049989_0_0_0__17482%2C1281447105_401049989_0_0_0__17482&from=searchresults
Hostel New York,"Ciutat Vella, Barcelona",https://www.booking.com/hotel/es/hostel-new-york.html?label=gen173nr-1BCAEoggI46AdSAnVzWARoRogBAZgBMbgBGcgBD9gBAegBAYgCAagCA7gC-NjpvAbAAgHSAiQ4ZGVlZWVhMi1mOTI5LTRmOWQtOTk0OC0xMzU5MWFkYWNlODjYAgXgAgE&sid=f990c8e44d8a49a026ee40f8b9e3b3a2&aid=304142&ucfs=1&arphpl=1&checkin=2025-02-09&checkout=2025-02-16&dest_id=-372490&dest_type=city&group_adults=2&req_adults=2&no_rooms=1&group_children=0&req_children=0&hpos=18&hapos=817&sr_order=popularity&srpvid=91357ea171dd08a0&srepoch=1738173736&all_sr_blocks=35044307_377365849_0_0_0%2C35044307_377365849_0_0_0&highlighted_blocks=35044307_377365849_0_0_0%2C35044307_377365849_0_0_0&matching_block_id=35044307_377365849_0_0_0&sr_pri_blocks=35044307_377365849_0_0_0__18340%2C35044307_377365849_0_0_0__18340&from=searchresults
The Central House Barcelona Gracia,"Eixample, Barcelona",https://www.booking.com/hotel/es/rodama3n-barcelona-centre.html?label=gen173nr-1BCAEoggI46AdSAnVzWARoRogBAZgBMbgBGcgBD9gBAegBAYgCAagCA7gC-NjpvAbAAgHSAiQ4ZGVlZWVhMi1mOTI5LTRmOWQtOTk0OC0xMzU5MWFkYWNlODjYAgXgAgE&sid=f990c8e44d8a49a026ee40f8b9e3b3a2&aid=304142&ucfs=1&arphpl=1&checkin=2025-02-09&checkout=2025-02-16&dest_id=-372490&dest_type=city&group_adults=2&req_adults=2&no_rooms=1&group_children=0&req_children=0&hpos=19&hapos=818&sr_order=popularity&srpvid=91357ea171dd08a0&srepoch=1738173736&all_sr_blocks=57658005_88797809_0_2_0_578119%2C57658004_88797809_0_2_0_578119&highlighted_blocks=57658005_88797809_0_2_0_578119%2C57658004_88797809_0_2_0_578119&matching_block_id=57658005_88797809_0_2_0_578119&sr_pri_blocks=57658005_88797809_0_2_0_578119_21591%2C57658004_88797809_0_2_0_578119_22852&from=searchresults
Ant Hostel Barcelona,"Sant Martí, Barcelona",https://www.booking.com/hotel/es/ant-hostel-barcelona.html?label=gen173nr-1BCAEoggI46AdSAnVzWARoRogBAZgBMbgBGcgBD9gBAegBAYgCAagCA7gC-NjpvAbAAgHSAiQ4ZGVlZWVhMi1mOTI5LTRmOWQtOTk0OC0xMzU5MWFkYWNlODjYAgXgAgE&sid=f990c8e44d8a49a026ee40f8b9e3b3a2&aid=304142&ucfs=1&arphpl=1&checkin=2025-02-09&checkout=2025-02-16&dest_id=-372490&dest_type=city&group_adults=2&req_adults=2&no_rooms=1&group_children=0&req_children=0&hpos=20&hapos=819&sr_order=popularity&srpvid=91357ea171dd08a0&srepoch=1738173736&all_sr_blocks=135626902_87075050_0_0_0%2C135626902_87075050_0_0_0&highlighted_blocks=135626902_87075050_0_0_0%2C135626902_87075050_0_0_0&matching_block_id=135626902_87075050_0_0_0&sr_pri_blocks=135626902_87075050_0_0_0__27505%2C135626902_87075050_0_0_0__27505&from=searchresults
Casa Barcelo Hostel Barcelona,"Eixample, Barcelona",https://www.booking.com/hotel/es/barcelo-hostel.html?label=gen173nr-1BCAEoggI46AdSAnVzWARoRogBAZgBMbgBGcgBD9gBAegBAYgCAagCA7gC-NjpvAbAAgHSAiQ4ZGVlZWVhMi1mOTI5LTRmOWQtOTk0OC0xMzU5MWFkYWNlODjYAgXgAgE&sid=f990c8e44d8a49a026ee40f8b9e3b3a2&aid=304142&ucfs=1&arphpl=1&checkin=2025-02-09&checkout=2025-02-16&dest_id=-372490&dest_type=city&group_adults=2&req_adults=2&no_rooms=1&group_children=0&req_children=0&hpos=21&hapos=820&sr_order=popularity&srpvid=91357ea171dd08a0&srepoch=1738173736&all_sr_blocks=60742102_89658171_0_1_0%2C60742102_89658171_0_1_0&highlighted_blocks=60742102_89658171_0_1_0%2C60742102_89658171_0_1_0&matching_block_id=60742102_89658171_0_1_0&sr_pri_blocks=60742102_89658171_0_1_0__17277%2C60742102_89658171_0_1_0__17277&from=searchresults
Urbany Hostel BCN GO!,"Eixample, Barcelona",https://www.booking.com/hotel/es/urbany-hostel-bcn-go.html?label=gen173nr-1BCAEoggI46AdSAnVzWARoRogBAZgBMbgBGcgBD9gBAegBAYgCAagCA7gC-NjpvAbAAgHSAiQ4ZGVlZWVhMi1mOTI5LTRmOWQtOTk0OC0xMzU5MWFkYWNlODjYAgXgAgE&sid=f990c8e44d8a49a026ee40f8b9e3b3a2&aid=304142&ucfs=1&arphpl=1&checkin=2025-02-09&checkout=2025-02-16&dest_id=-372490&dest_type=city&group_adults=2&req_adults=2&no_rooms=1&group_children=0&req_children=0&hpos=22&hapos=821&sr_order=popularity&srpvid=91357ea171dd08a0&srepoch=1738173736&all_sr_blocks=48240531_367331458_0_0_0%2C48240531_367331458_0_0_0&highlighted_blocks=48240531_367331458_0_0_0%2C48240531_367331458_0_0_0&matching_block_id=48240531_367331458_0_0_0&sr_pri_blocks=48240531_367331458_0_0_0__14015%2C48240531_367331458_0_0_0__14015&from_sustainable_property_sr=1&from=searchresults
Zenit Barcelona,"Sarrià-St. Gervasi, Barcelona",https://www.booking.com/hotel/es/zenitbarna.html?label=gen173nr-1BCAEoggI46AdSAnVzWARoRogBAZgBMbgBGcgBD9gBAegBAYgCAagCA7gC-NjpvAbAAgHSAiQ4ZGVlZWVhMi1mOTI5LTRmOWQtOTk0OC0xMzU5MWFkYWNlODjYAgXgAgE&sid=f990c8e44d8a49a026ee40f8b9e3b3a2&aid=304142&ucfs=1&arphpl=1&checkin=2025-02-09&checkout=2025-02-16&dest_id=-372490&dest_type=city&group_adults=2&req_adults=2&no_rooms=1&group_children=0&req_children=0&hpos=23&hapos=822&sr_order=popularity&srpvid=91357ea171dd08a0&srepoch=1738173736&all_sr_blocks=9009908_252942648_0_42_0%2C9009908_252942648_0_42_0&highlighted_blocks=9009908_252942648_0_42_0%2C9009908_252942648_0_42_0&matching_block_id=9009908_252942648_0_42_0&sr_pri_blocks=9009908_252942648_0_42_0__90554%2C9009908_252942648_0_42_0__90554&from=searchresults
Pars Tailor's Hostel,"Eixample, Barcelona",https://www.booking.com/hotel/es/tailor-s-hostel.html?label=gen173nr-1BCAEoggI46AdSAnVzWARoRogBAZgBMbgBGcgBD9gBAegBAYgCAagCA7gC-NjpvAbAAgHSAiQ4ZGVlZWVhMi1mOTI5LTRmOWQtOTk0OC0xMzU5MWFkYWNlODjYAgXgAgE&sid=f990c8e44d8a49a026ee40f8b9e3b3a2&aid=304142&ucfs=1&arphpl=1&checkin=2025-02-09&checkout=2025-02-16&dest_id=-372490&dest_type=city&group_adults=2&req_adults=2&no_rooms=1&group_children=0&req_children=0&hpos=24&hapos=823&sr_order=popularity&srpvid=91357ea171dd08a0&srepoch=1738173736&all_sr_blocks=53752316_89198125_0_0_0%2C53752316_89198125_0_0_0&highlighted_blocks=53752316_89198125_0_0_0%2C53752316_89198125_0_0_0&matching_block_id=53752316_89198125_0_0_0&sr_pri_blocks=53752316_89198125_0_0_0__18529%2C53752316_89198125_0_0_0__18529&from=searchresults
Rocket Hostels Gracia,"Gràcia, Barcelona",https://www.booking.com/hotel/es/the-hostel-box-gaudi.html?label=gen173nr-1BCAEoggI46AdSAnVzWARoRogBAZgBMbgBGcgBD9gBAegBAYgCAagCA7gC-NjpvAbAAgHSAiQ4ZGVlZWVhMi1mOTI5LTRmOWQtOTk0OC0xMzU5MWFkYWNlODjYAgXgAgE&sid=f990c8e44d8a49a026ee40f8b9e3b3a2&aid=304142&ucfs=1&arphpl=1&checkin=2025-02-09&checkout=2025-02-16&dest_id=-372490&dest_type=city&group_adults=2&req_adults=2&no_rooms=1&group_children=0&req_children=0&hpos=25&hapos=824&sr_order=popularity&srpvid=91357ea171dd08a0&srepoch=1738173736&all_sr_blocks=49969303_91931480_0_0_0%2C49969303_91931480_0_0_0&highlighted_blocks=49969303_91931480_0_0_0%2C49969303_91931480_0_0_0&matching_block_id=49969303_91931480_0_0_0&sr_pri_blocks=49969303_91931480_0_0_0__17958%2C49969303_91931480_0_0_0__17958&from=searchresults
Sant Jordi Hostels Sagrada Familia,"Sant Martí, Barcelona",https://www.booking.com/hotel/es/sant-jordi-sagrada-familia.html?label=gen173nr-1BCAEoggI46AdSAnVzWARoRogBAZgBMbgBGcgBD9gBAegBAYgCAagCA7gC-NjpvAbAAgHSAiQ4ZGVlZWVhMi1mOTI5LTRmOWQtOTk0OC0xMzU5MWFkYWNlODjYAgXgAgE&sid=f990c8e44d8a49a026ee40f8b9e3b3a2&aid=304142&ucfs=1&arphpl=1&checkin=2025-02-09&checkout=2025-02-16&dest_id=-372490&dest_type=city&group_adults=2&req_adults=2&no_rooms=1&group_children=0&req_children=0&hpos=1&hapos=825&sr_order=popularity&srpvid=91357ea171dd08a0&srepoch=1738173740&all_sr_blocks=17588912_107202763_0_2_0_322371%2C17588912_107202763_0_2_0_322371&highlighted_blocks=17588912_107202763_0_2_0_322371%2C17588912_107202763_0_2_0_322371&matching_block_id=17588912_107202763_0_2_0_322371&sr_pri_blocks=17588912_107202763_0_2_0_322371_19034%2C17588912_107202763_0_2_0_322371_19034&from_sustainable_property_sr=1&from=searchresults
Kabul Party Hostel Barcelona,"Ciutat Vella, Barcelona",https://www.booking.com/hotel/es/kabul-backpackers-hostel-s-l.html?label=gen173nr-1BCAEoggI46AdSAnVzWARoRogBAZgBMbgBGcgBD9gBAegBAYgCAagCA7gC-NjpvAbAAgHSAiQ4ZGVlZWVhMi1mOTI5LTRmOWQtOTk0OC0xMzU5MWFkYWNlODjYAgXgAgE&sid=f990c8e44d8a49a026ee40f8b9e3b3a2&aid=304142&ucfs=1&arphpl=1&checkin=2025-02-09&checkout=2025-02-16&dest_id=-372490&dest_type=city&group_adults=2&req_adults=2&no_rooms=1&group_children=0&req_children=0&hpos=2&hapos=826&sr_order=popularity&srpvid=91357ea171dd08a0&srepoch=1738173740&all_sr_blocks=36173503_88207920_0_1_0%2C36173503_88207920_0_1_0&highlighted_blocks=36173503_88207920_0_1_0%2C36173503_88207920_0_1_0&matching_block_id=36173503_88207920_0_1_0&sr_pri_blocks=36173503_88207920_0_1_0__27903%2C36173503_88207920_0_1_0__27903&from_sustainable_property_sr=1&from=searchresults
Casa Jam Barcelona,"Gràcia, Barcelona",https://www.booking.com/hotel/es/jam-hostel-barcelona.html?label=gen173nr-1BCAEoggI46AdSAnVzWARoRogBAZgBMbgBGcgBD9gBAegBAYgCAagCA7gC-NjpvAbAAgHSAiQ4ZGVlZWVhMi1mOTI5LTRmOWQtOTk0OC0xMzU5MWFkYWNlODjYAgXgAgE&sid=f990c8e44d8a49a026ee40f8b9e3b3a2&aid=304142&ucfs=1&arphpl=1&checkin=2025-02-09&checkout=2025-02-16&dest_id=-372490&dest_type=city&group_adults=2&req_adults=2&no_rooms=1&group_children=0&req_children=0&hpos=3&hapos=827&sr_order=popularity&srpvid=91357ea171dd08a0&srepoch=1738173740&all_sr_blocks=100197703_221764089_1_0_0%2C100197703_221764089_1_0_0&highlighted_blocks=100197703_221764089_1_0_0%2C100197703_221764089_1_0_0&matching_block_id=100197703_221764089_1_0_0&sr_pri_blocks=100197703_221764089_1_0_0__19690%2C100197703_221764089_1_0_0__19690&from_sustainable_property_sr=1&from=searchresults
Arc House Gracia,"Gràcia, Barcelona",https://www.booking.com/hotel/es/gracia-city-by-arc-house.html?label=gen173nr-1BCAEoggI46AdSAnVzWARoRogBAZgBMbgBGcgBD9gBAegBAYgCAagCA7gC-NjpvAbAAgHSAiQ4ZGVlZWVhMi1mOTI5LTRmOWQtOTk0OC0xMzU5MWFkYWNlODjYAgXgAgE&sid=f990c8e44d8a49a026ee40f8b9e3b3a2&aid=304142&ucfs=1&arphpl=1&checkin=2025-02-09&checkout=2025-02-16&dest_id=-372490&dest_type=city&group_adults=2&req_adults=2&no_rooms=1&group_children=0&req_children=0&hpos=4&hapos=828&sr_order=popularity&srpvid=91357ea171dd08a0&srepoch=1738173740&all_sr_blocks=632665201_354839925_1_0_0%2C632665201_354839925_1_0_0&highlighted_blocks=632665201_354839925_1_0_0%2C632665201_354839925_1_0_0&matching_block_id=632665201_354839925_1_0_0&sr_pri_blocks=632665201_354839925_1_0_0__18550%2C632665201_354839925_1_0_0__18550&from=searchresults
Hola Hostal Eixample,"Eixample, Barcelona",https://www.booking.com/hotel/es/hola-hostal-eixample.html?label=gen173nr-1BCAEoggI46AdSAnVzWARoRogBAZgBMbgBGcgBD9gBAegBAYgCAagCA7gC-NjpvAbAAgHSAiQ4ZGVlZWVhMi1mOTI5LTRmOWQtOTk0OC0xMzU5MWFkYWNlODjYAgXgAgE&sid=f990c8e44d8a49a026ee40f8b9e3b3a2&aid=304142&ucfs=1&arphpl=1&checkin=2025-02-09&checkout=2025-02-16&dest_id=-372490&dest_type=city&group_adults=2&req_adults=2&no_rooms=1&group_children=0&req_children=0&hpos=5&hapos=829&sr_order=popularity&srpvid=91357ea171dd08a0&srepoch=1738173740&all_sr_blocks=55541801_337602678_0_0_0%2C55541801_337602678_0_0_0&highlighted_blocks=55541801_337602678_0_0_0%2C55541801_337602678_0_0_0&matching_block_id=55541801_337602678_0_0_0&sr_pri_blocks=55541801_337602678_0_0_0__15478%2C55541801_337602678_0_0_0__15478&from=searchresults
No Limit Hostel Graffiti,"Sant Martí, Barcelona",https://www.booking.com/hotel/es/graffiti-hostel.html?label=gen173nr-1BCAEoggI46AdSAnVzWARoRogBAZgBMbgBGcgBD9gBAegBAYgCAagCA7gC-NjpvAbAAgHSAiQ4ZGVlZWVhMi1mOTI5LTRmOWQtOTk0OC0xMzU5MWFkYWNlODjYAgXgAgE&sid=f990c8e44d8a49a026ee40f8b9e3b3a2&aid=304142&ucfs=1&arphpl=1&checkin=2025-02-09&checkout=2025-02-16&dest_id=-372490&dest_type=city&group_adults=2&req_adults=2&no_rooms=1&group_children=0&req_children=0&hpos=6&hapos=830&sr_order=popularity&srpvid=91357ea171dd08a0&srepoch=1738173740&all_sr_blocks=40596712_123436711_0_0_0%2C40596712_123436711_0_0_0&highlighted_blocks=40596712_123436711_0_0_0%2C40596712_123436711_0_0_0&matching_block_id=40596712_123436711_0_0_0&sr_pri_blocks=40596712_123436711_0_0_0__16982%2C40596712_123436711_0_0_0__16982&from=searchresults
Room018BCN,"Les Corts, Barcelona",https://www.booking.com/hotel/es/room018bcn.html?label=gen173nr-1BCAEoggI46AdSAnVzWARoRogBAZgBMbgBGcgBD9gBAegBAYgCAagCA7gC-NjpvAbAAgHSAiQ4ZGVlZWVhMi1mOTI5LTRmOWQtOTk0OC0xMzU5MWFkYWNlODjYAgXgAgE&sid=f990c8e44d8a49a026ee40f8b9e3b3a2&aid=304142&ucfs=1&arphpl=1&checkin=2025-02-09&checkout=2025-02-16&dest_id=-372490&dest_type=city&group_adults=2&req_adults=2&no_rooms=1&group_children=0&req_children=0&hpos=7&hapos=831&sr_order=popularity&srpvid=91357ea171dd08a0&srepoch=1738173740&all_sr_blocks=106679008_399892117_1_0_0%2C106679008_399892117_1_0_0&highlighted_blocks=106679008_399892117_1_0_0%2C106679008_399892117_1_0_0&matching_block_id=106679008_399892117_1_0_0&sr_pri_blocks=106679008_399892117_1_0_0__19462%2C106679008_399892117_1_0_0__19462&from=searchresults
Dream Cube Hostel,"Les Corts, Barcelona",https://www.booking.com/hotel/es/dream-cube-hostel.html?label=gen173nr-1BCAEoggI46AdSAnVzWARoRogBAZgBMbgBGcgBD9gBAegBAYgCAagCA7gC-NjpvAbAAgHSAiQ4ZGVlZWVhMi1mOTI5LTRmOWQtOTk0OC0xMzU5MWFkYWNlODjYAgXgAgE&sid=f990c8e44d8a49a026ee40f8b9e3b3a2&aid=304142&ucfs=1&arphpl=1&checkin=2025-02-09&checkout=2025-02-16&dest_id=-372490&dest_type=city&group_adults=2&req_adults=2&no_rooms=1&group_children=0&req_children=0&hpos=8&hapos=832&sr_order=popularity&srpvid=91357ea171dd08a0&srepoch=1738173740&all_sr_blocks=81178806_91939858_0_0_0_405047%2C81178806_91939858_0_0_0_405047&highlighted_blocks=81178806_91939858_0_0_0_405047%2C81178806_91939858_0_0_0_405047&matching_block_id=81178806_91939858_0_0_0_405047&sr_pri_blocks=81178806_91939858_0_0_0_405047_14624%2C81178806_91939858_0_0_0_405047_14624&from=searchresults
Arc House Barcelona,"Sant Martí, Barcelona",https://www.booking.com/hotel/es/arc-house.html?label=gen173nr-1BCAEoggI46AdSAnVzWARoRogBAZgBMbgBGcgBD9gBAegBAYgCAagCA7gC-NjpvAbAAgHSAiQ4ZGVlZWVhMi1mOTI5LTRmOWQtOTk0OC0xMzU5MWFkYWNlODjYAgXgAgE&sid=f990c8e44d8a49a026ee40f8b9e3b3a2&aid=304142&ucfs=1&arphpl=1&checkin=2025-02-09&checkout=2025-02-16&dest_id=-372490&dest_type=city&group_adults=2&req_adults=2&no_rooms=1&group_children=0&req_children=0&hpos=9&hapos=833&sr_order=popularity&srpvid=91357ea171dd08a0&srepoch=1738173740&all_sr_blocks=126787802_389706125_0_0_0%2C126787802_389706125_0_0_0&highlighted_blocks=126787802_389706125_0_0_0%2C126787802_389706125_0_0_0&matching_block_id=126787802_389706125_0_0_0&sr_pri_blocks=126787802_389706125_0_0_0__16126%2C126787802_389706125_0_0_0__16126&from=searchresults
Hostelle - Women only hostel Barcelona,"Nou Barris, Barcelona",https://www.booking.com/hotel/es/hostelle-barcelona.html?label=gen173nr-1BCAEoggI46AdSAnVzWARoRogBAZgBMbgBGcgBD9gBAegBAYgCAagCA7gC-NjpvAbAAgHSAiQ4ZGVlZWVhMi1mOTI5LTRmOWQtOTk0OC0xMzU5MWFkYWNlODjYAgXgAgE&sid=f990c8e44d8a49a026ee40f8b9e3b3a2&aid=304142&ucfs=1&arphpl=1&checkin=2025-02-09&checkout=2025-02-16&dest_id=-372490&dest_type=city&group_adults=2&req_adults=2&no_rooms=1&group_children=0&req_children=0&hpos=10&hapos=834&sr_order=popularity&srpvid=91357ea171dd08a0&srepoch=1738173740&all_sr_blocks=673578702_275551159_0_0_0%2C673578702_275551159_0_0_0&highlighted_blocks=673578702_275551159_0_0_0%2C673578702_275551159_0_0_0&matching_block_id=673578702_275551159_0_0_0&sr_pri_blocks=673578702_275551159_0_0_0__18200%2C673578702_275551159_0_0_0__18200&from=searchresults
Mambo Tango,"Sants-Montjuïc, Barcelona",https://www.booking.com/hotel/es/mambo-tango.html?label=gen173nr-1BCAEoggI46AdSAnVzWARoRogBAZgBMbgBGcgBD9gBAegBAYgCAagCA7gC-NjpvAbAAgHSAiQ4ZGVlZWVhMi1mOTI5LTRmOWQtOTk0OC0xMzU5MWFkYWNlODjYAgXgAgE&sid=f990c8e44d8a49a026ee40f8b9e3b3a2&aid=304142&ucfs=1&arphpl=1&checkin=2025-02-09&checkout=2025-02-16&dest_id=-372490&dest_type=city&group_adults=2&req_adults=2&no_rooms=1&group_children=0&req_children=0&hpos=11&hapos=835&sr_order=popularity&srpvid=91357ea171dd08a0&srepoch=1738173740&all_sr_blocks=27399803_375666331_0_0_0%2C27399803_375666331_0_0_0&highlighted_blocks=27399803_375666331_0_0_0%2C27399803_375666331_0_0_0&matching_block_id=27399803_375666331_0_0_0&sr_pri_blocks=27399803_375666331_0_0_0__21612%2C27399803_375666331_0_0_0__21612&from=searchresults
Itaca Hostel,"Ciutat Vella, Barcelona",https://www.booking.com/hotel/es/itaca-hostel.html?label=gen173nr-1BCAEoggI46AdSAnVzWARoRogBAZgBMbgBGcgBD9gBAegBAYgCAagCA7gC-NjpvAbAAgHSAiQ4ZGVlZWVhMi1mOTI5LTRmOWQtOTk0OC0xMzU5MWFkYWNlODjYAgXgAgE&sid=f990c8e44d8a49a026ee40f8b9e3b3a2&aid=304142&ucfs=1&arphpl=1&checkin=2025-02-09&checkout=2025-02-16&dest_id=-372490&dest_type=city&group_adults=2&req_adults=2&no_rooms=1&group_children=0&req_children=0&hpos=12&hapos=836&sr_order=popularity&srpvid=91357ea171dd08a0&srepoch=1738173740&all_sr_blocks=33617010_88750904_1_0_0%2C33617001_88750904_1_0_0&highlighted_blocks=33617010_88750904_1_0_0%2C33617001_88750904_1_0_0&matching_block_id=33617010_88750904_1_0_0&sr_pri_blocks=33617010_88750904_1_0_0__18019%2C33617001_88750904_1_0_0__19416&from=searchresults
Piulet Hostel,"Eixample, Barcelona",https://www.booking.com/hotel/es/piulet-hostel.html?label=gen173nr-1BCAEoggI46AdSAnVzWARoRogBAZgBMbgBGcgBD9gBAegBAYgCAagCA7gC-NjpvAbAAgHSAiQ4ZGVlZWVhMi1mOTI5LTRmOWQtOTk0OC0xMzU5MWFkYWNlODjYAgXgAgE&sid=f990c8e44d8a49a026ee40f8b9e3b3a2&aid=304142&ucfs=1&arphpl=1&checkin=2025-02-09&checkout=2025-02-16&dest_id=-372490&dest_type=city&group_adults=2&req_adults=2&no_rooms=1&group_children=0&req_children=0&hpos=13&hapos=837&sr_order=popularity&srpvid=91357ea171dd08a0&srepoch=1738173740&all_sr_blocks=1183528102_395506172_0_0_0%2C1183528102_395506172_0_0_0&highlighted_blocks=1183528102_395506172_0_0_0%2C1183528102_395506172_0_0_0&matching_block_id=1183528102_395506172_0_0_0&sr_pri_blocks=1183528102_395506172_0_0_0__21526%2C1183528102_395506172_0_0_0__21526&from=searchresults
Safestay Barcelona Gothic,"Ciutat Vella, Barcelona",https://www.booking.com/hotel/es/safestay-barcelona-gothic.html?label=gen173nr-1BCAEoggI46AdSAnVzWARoRogBAZgBMbgBGcgBD9gBAegBAYgCAagCA7gC-NjpvAbAAgHSAiQ4ZGVlZWVhMi1mOTI5LTRmOWQtOTk0OC0xMzU5MWFkYWNlODjYAgXgAgE&sid=f990c8e44d8a49a026ee40f8b9e3b3a2&aid=304142&ucfs=1&arphpl=1&checkin=2025-02-09&checkout=2025-02-16&dest_id=-372490&dest_type=city&group_adults=2&req_adults=2&no_rooms=1&group_children=0&req_children=0&hpos=14&hapos=838&sr_order=popularity&srpvid=91357ea171dd08a0&srepoch=1738173740&all_sr_blocks=25932205_88496284_0_0_0%2C25932205_88496284_0_0_0&highlighted_blocks=25932205_88496284_0_0_0%2C25932205_88496284_0_0_0&matching_block_id=25932205_88496284_0_0_0&sr_pri_blocks=25932205_88496284_0_0_0__15874%2C25932205_88496284_0_0_0__15874&from=searchresults
Casa Lit Barcelona,"Ciutat Vella, Barcelona",https://www.booking.com/hotel/es/casa-lit-barcelona-by-ona.html?label=gen173nr-1BCAEoggI46AdSAnVzWARoRogBAZgBMbgBGcgBD9gBAegBAYgCAagCA7gC-NjpvAbAAgHSAiQ4ZGVlZWVhMi1mOTI5LTRmOWQtOTk0OC0xMzU5MWFkYWNlODjYAgXgAgE&sid=f990c8e44d8a49a026ee40f8b9e3b3a2&aid=304142&ucfs=1&arphpl=1&checkin=2025-02-09&checkout=2025-02-16&dest_id=-372490&dest_type=city&group_adults=2&req_adults=2&no_rooms=1&group_children=0&req_children=0&hpos=15&hapos=839&sr_order=popularity&srpvid=91357ea171dd08a0&srepoch=1738173740&all_sr_blocks=24745216_91468713_0_2_0%2C24745216_91468713_0_2_0&highlighted_blocks=24745216_91468713_0_2_0%2C24745216_91468713_0_2_0&matching_block_id=24745216_91468713_0_2_0&sr_pri_blocks=24745216_91468713_0_2_0__73575%2C24745216_91468713_0_2_0__73575&from=searchresults
Pension Alamar,"Ciutat Vella, Barcelona",https://www.booking.com/hotel/es/pension-alamar.html?label=gen173nr-1BCAEoggI46AdSAnVzWARoRogBAZgBMbgBGcgBD9gBAegBAYgCAagCA7gC-NjpvAbAAgHSAiQ4ZGVlZWVhMi1mOTI5LTRmOWQtOTk0OC0xMzU5MWFkYWNlODjYAgXgAgE&sid=f990c8e44d8a49a026ee40f8b9e3b3a2&aid=304142&ucfs=1&arphpl=1&checkin=2025-02-09&checkout=2025-02-16&dest_id=-372490&dest_type=city&group_adults=2&req_adults=2&no_rooms=1&group_children=0&req_children=0&hpos=16&hapos=840&sr_order=popularity&srpvid=91357ea171dd08a0&srepoch=1738173740&all_sr_blocks=217979501_369913830_1_0_0%2C217979501_369913830_1_0_0&highlighted_blocks=217979501_369913830_1_0_0%2C217979501_369913830_1_0_0&matching_block_id=217979501_369913830_1_0_0&sr_pri_blocks=217979501_369913830_1_0_0__41896%2C217979501_369913830_1_0_0__41896&from=searchresults
The Loft House - Barcelona La Pedrera,"Eixample, Barcelona",https://www.booking.com/hotel/es/la-flor-de-gaudi-hostel-la-pedrera.html?label=gen173nr-1BCAEoggI46AdSAnVzWARoRogBAZgBMbgBGcgBD9gBAegBAYgCAagCA7gC-NjpvAbAAgHSAiQ4ZGVlZWVhMi1mOTI5LTRmOWQtOTk0OC0xMzU5MWFkYWNlODjYAgXgAgE&sid=f990c8e44d8a49a026ee40f8b9e3b3a2&aid=304142&ucfs=1&arphpl=1&checkin=2025-02-09&checkout=2025-02-16&dest_id=-372490&dest_type=city&group_adults=2&req_adults=2&no_rooms=1&group_children=0&req_children=0&hpos=17&hapos=841&sr_order=popularity&srpvid=91357ea171dd08a0&srepoch=1738173740&all_sr_blocks=88652215_341437948_0_2_0%2C88652215_341437948_0_2_0&highlighted_blocks=88652215_341437948_0_2_0%2C88652215_341437948_0_2_0&matching_block_id=88652215_341437948_0_2_0&sr_pri_blocks=88652215_341437948_0_2_0__17586%2C88652215_341437948_0_2_0__17586&from_sustainable_property_sr=1&from=searchresults
Mediterranean Hostel Barcelona,"Eixample, Barcelona",https://www.booking.com/hotel/es/mediterranean-hostel-barcelona.html?label=gen173nr-1BCAEoggI46AdSAnVzWARoRogBAZgBMbgBGcgBD9gBAegBAYgCAagCA7gC-NjpvAbAAgHSAiQ4ZGVlZWVhMi1mOTI5LTRmOWQtOTk0OC0xMzU5MWFkYWNlODjYAgXgAgE&sid=f990c8e44d8a49a026ee40f8b9e3b3a2&aid=304142&ucfs=1&arphpl=1&checkin=2025-02-09&checkout=2025-02-16&dest_id=-372490&dest_type=city&group_adults=2&req_adults=2&no_rooms=1&group_children=0&req_children=0&hpos=18&hapos=842&sr_order=popularity&srpvid=91357ea171dd08a0&srepoch=1738173740&all_sr_blocks=36247620_94644707_0_32_0%2C36247620_94644707_0_32_0&highlighted_blocks=36247620_94644707_0_32_0%2C36247620_94644707_0_32_0&matching_block_id=36247620_94644707_0_32_0&sr_pri_blocks=36247620_94644707_0_32_0__23732%2C36247620_94644707_0_32_0__23732&from=searchresults
Onefam Sants,"Sants-Montjuïc, Barcelona",https://www.booking.com/hotel/es/hostel-one-sants.html?label=gen173nr-1BCAEoggI46AdSAnVzWARoRogBAZgBMbgBGcgBD9gBAegBAYgCAagCA7gC-NjpvAbAAgHSAiQ4ZGVlZWVhMi1mOTI5LTRmOWQtOTk0OC0xMzU5MWFkYWNlODjYAgXgAgE&sid=f990c8e44d8a49a026ee40f8b9e3b3a2&aid=304142&ucfs=1&arphpl=1&checkin=2025-02-09&checkout=2025-02-16&dest_id=-372490&dest_type=city&group_adults=2&req_adults=2&no_rooms=1&group_children=0&req_children=0&hpos=19&hapos=843&sr_order=popularity&srpvid=91357ea171dd08a0&srepoch=1738173740&all_sr_blocks=38977901_88499304_0_0_0%2C38977901_88499304_0_0_0&highlighted_blocks=38977901_88499304_0_0_0%2C38977901_88499304_0_0_0&matching_block_id=38977901_88499304_0_0_0&sr_pri_blocks=38977901_88499304_0_0_0__20284%2C38977901_88499304_0_0_0__20284&from=searchresults
Hesperia Barcelona Barri Gòtic,"Ciutat Vella, Barcelona",https://www.booking.com/hotel/es/hesperiametropol.html?label=gen173nr-1BCAEoggI46AdSAnVzWARoRogBAZgBMbgBGcgBD9gBAegBAYgCAagCA7gC-NjpvAbAAgHSAiQ4ZGVlZWVhMi1mOTI5LTRmOWQtOTk0OC0xMzU5MWFkYWNlODjYAgXgAgE&sid=f990c8e44d8a49a026ee40f8b9e3b3a2&aid=304142&ucfs=1&arphpl=1&checkin=2025-02-09&checkout=2025-02-16&dest_id=-372490&dest_type=city&group_adults=2&req_adults=2&no_rooms=1&group_children=0&req_children=0&hpos=20&hapos=844&sr_order=popularity&srpvid=91357ea171dd08a0&srepoch=1738173740&all_sr_blocks=9181918_199337645_0_2_0_301712%2C9181918_199337645_0_2_0_301712&highlighted_blocks=9181918_199337645_0_2_0_301712%2C9181918_199337645_0_2_0_301712&matching_block_id=9181918_199337645_0_2_0_301712&sr_pri_blocks=9181918_199337645_0_2_0_301712_90410%2C9181918_199337645_0_2_0_301712_90410&from_sustainable_property_sr=1&from=searchresults
Ten To Go Hostel,"Sants-Montjuïc, Barcelona",https://www.booking.com/hotel/es/ten-to-go-hostel.html?label=gen173nr-1BCAEoggI46AdSAnVzWARoRogBAZgBMbgBGcgBD9gBAegBAYgCAagCA7gC-NjpvAbAAgHSAiQ4ZGVlZWVhMi1mOTI5LTRmOWQtOTk0OC0xMzU5MWFkYWNlODjYAgXgAgE&sid=f990c8e44d8a49a026ee40f8b9e3b3a2&aid=304142&ucfs=1&arphpl=1&checkin=2025-02-09&checkout=2025-02-16&dest_id=-372490&dest_type=city&group_adults=2&req_adults=2&no_rooms=1&group_children=0&req_children=0&hpos=21&hapos=845&sr_order=popularity&srpvid=91357ea171dd08a0&srepoch=1738173740&all_sr_blocks=264546501_105476109_0_0_0%2C264546501_105476109_0_0_0&highlighted_blocks=264546501_105476109_0_0_0%2C264546501_105476109_0_0_0&matching_block_id=264546501_105476109_0_0_0&sr_pri_blocks=264546501_105476109_0_0_0__18624%2C264546501_105476109_0_0_0__18624&from=searchresults
Onefam Batlló,"Eixample, Barcelona",https://www.booking.com/hotel/es/hostel-one-gran-via.html?label=gen173nr-1BCAEoggI46AdSAnVzWARoRogBAZgBMbgBGcgBD9gBAegBAYgCAagCA7gC-NjpvAbAAgHSAiQ4ZGVlZWVhMi1mOTI5LTRmOWQtOTk0OC0xMzU5MWFkYWNlODjYAgXgAgE&sid=f990c8e44d8a49a026ee40f8b9e3b3a2&aid=304142&ucfs=1&arphpl=1&checkin=2025-02-09&checkout=2025-02-16&dest_id=-372490&dest_type=city&group_adults=2&req_adults=2&no_rooms=1&group_children=0&req_children=0&hpos=22&hapos=846&sr_order=popularity&srpvid=91357ea171dd08a0&srepoch=1738173740&all_sr_blocks=804914703_341884593_0_0_0%2C804914703_341884593_0_0_0&highlighted_blocks=804914703_341884593_0_0_0%2C804914703_341884593_0_0_0&matching_block_id=804914703_341884593_0_0_0&sr_pri_blocks=804914703_341884593_0_0_0__23992%2C804914703_341884593_0_0_0__23992&from=searchresults
Factory Hostels Barcelona,"Gràcia, Barcelona",https://www.booking.com/hotel/es/la-flor-de-gaudi-park-guell.html?label=gen173nr-1BCAEoggI46AdSAnVzWARoRogBAZgBMbgBGcgBD9gBAegBAYgCAagCA7gC-NjpvAbAAgHSAiQ4ZGVlZWVhMi1mOTI5LTRmOWQtOTk0OC0xMzU5MWFkYWNlODjYAgXgAgE&sid=f990c8e44d8a49a026ee40f8b9e3b3a2&aid=304142&ucfs=1&arphpl=1&checkin=2025-02-09&checkout=2025-02-16&dest_id=-372490&dest_type=city&group_adults=2&req_adults=2&no_rooms=1&group_children=0&req_children=0&hpos=23&hapos=847&sr_order=popularity&srpvid=91357ea171dd08a0&srepoch=1738173740&all_sr_blocks=77041106_91939059_0_2_0%2C77041101_91939059_0_2_0&highlighted_blocks=77041106_91939059_0_2_0%2C77041101_91939059_0_2_0&matching_block_id=77041106_91939059_0_2_0&sr_pri_blocks=77041106_91939059_0_2_0__18734%2C77041101_91939059_0_2_0__20523&from=searchresults
360 Hostel Centro,"Eixample, Barcelona",https://www.booking.com/hotel/es/hostel-one-barcelona-centro.html?label=gen173nr-1BCAEoggI46AdSAnVzWARoRogBAZgBMbgBGcgBD9gBAegBAYgCAagCA7gC-NjpvAbAAgHSAiQ4ZGVlZWVhMi1mOTI5LTRmOWQtOTk0OC0xMzU5MWFkYWNlODjYAgXgAgE&sid=f990c8e44d8a49a026ee40f8b9e3b3a2&aid=304142&ucfs=1&arphpl=1&checkin=2025-02-09&checkout=2025-02-16&dest_id=-372490&dest_type=city&group_adults=2&req_adults=2&no_rooms=1&group_children=0&req_children=0&hpos=24&hapos=848&sr_order=popularity&srpvid=91357ea171dd08a0&srepoch=1738173740&all_sr_blocks=43609902_88500363_0_0_0%2C43609902_88500363_0_0_0&highlighted_blocks=43609902_88500363_0_0_0%2C43609902_88500363_0_0_0&matching_block_id=43609902_88500363_0_0_0&sr_pri_blocks=43609902_88500363_0_0_0__20998%2C43609902_88500363_0_0_0__20998&from=searchresults
HelloBCN Youth Hostel Barcelona,"Sants-Montjuïc, Barcelona",https://www.booking.com/hotel/es/hellobcn-hostel-barcelona.html?label=gen173nr-1BCAEoggI46AdSAnVzWARoRogBAZgBMbgBGcgBD9gBAegBAYgCAagCA7gC-NjpvAbAAgHSAiQ4ZGVlZWVhMi1mOTI5LTRmOWQtOTk0OC0xMzU5MWFkYWNlODjYAgXgAgE&sid=f990c8e44d8a49a026ee40f8b9e3b3a2&aid=304142&ucfs=1&arphpl=1&checkin=2025-02-09&checkout=2025-02-16&dest_id=-372490&dest_type=city&group_adults=2&req_adults=2&no_rooms=1&group_children=0&req_children=0&hpos=1&hapos=849&sr_order=popularity&srpvid=91357ea171dd08a0&srepoch=1738173745&all_sr_blocks=35116603_91923594_0_2_0%2C35116603_91923594_0_2_0&highlighted_blocks=35116603_91923594_0_2_0%2C35116603_91923594_0_2_0&matching_block_id=35116603_91923594_0_2_0&sr_pri_blocks=35116603_91923594_0_2_0__17495%2C35116603_91923594_0_2_0__17495&from_sustainable_property_sr=1&from=searchresults
Ideal Youth Hostel,"Ciutat Vella, Barcelona",https://www.booking.com/hotel/es/ideal-youth-hostel.html?label=gen173nr-1BCAEoggI46AdSAnVzWARoRogBAZgBMbgBGcgBD9gBAegBAYgCAagCA7gC-NjpvAbAAgHSAiQ4ZGVlZWVhMi1mOTI5LTRmOWQtOTk0OC0xMzU5MWFkYWNlODjYAgXgAgE&sid=f990c8e44d8a49a026ee40f8b9e3b3a2&aid=304142&ucfs=1&arphpl=1&checkin=2025-02-09&checkout=2025-02-16&dest_id=-372490&dest_type=city&group_adults=2&req_adults=2&no_rooms=1&group_children=0&req_children=0&hpos=2&hapos=850&sr_order=popularity&srpvid=91357ea171dd08a0&srepoch=1738173745&all_sr_blocks=101003404_89764689_0_2_0%2C101003404_89764689_0_2_0&highlighted_blocks=101003404_89764689_0_2_0%2C101003404_89764689_0_2_0&matching_block_id=101003404_89764689_0_2_0&sr_pri_blocks=101003404_89764689_0_2_0__16922%2C101003404_89764689_0_2_0__16922&from=searchresults
Onefam Les Corts,"Les Corts, Barcelona",https://www.booking.com/hotel/es/yellow-nest-hostel.html?label=gen173nr-1BCAEoggI46AdSAnVzWARoRogBAZgBMbgBGcgBD9gBAegBAYgCAagCA7gC-NjpvAbAAgHSAiQ4ZGVlZWVhMi1mOTI5LTRmOWQtOTk0OC0xMzU5MWFkYWNlODjYAgXgAgE&sid=f990c8e44d8a49a026ee40f8b9e3b3a2&aid=304142&ucfs=1&arphpl=1&checkin=2025-02-09&checkout=2025-02-16&dest_id=-372490&dest_type=city&group_adults=2&req_adults=2&no_rooms=1&group_children=0&req_children=0&hpos=3&hapos=851&sr_order=popularity&srpvid=91357ea171dd08a0&srepoch=1738173745&all_sr_blocks=31117717_170582352_0_0_0%2C31117717_170582352_0_0_0&highlighted_blocks=31117717_170582352_0_0_0%2C31117717_170582352_0_0_0&matching_block_id=31117717_170582352_0_0_0&sr_pri_blocks=31117717_170582352_0_0_0__17796%2C31117717_170582352_0_0_0__17796&from=searchresults
Pars Teatro Hostel,"Sants-Montjuïc, Barcelona",https://www.booking.com/hotel/es/albareda-youth-hostel.html?label=gen173nr-1BCAEoggI46AdSAnVzWARoRogBAZgBMbgBGcgBD9gBAegBAYgCAagCA7gC-NjpvAbAAgHSAiQ4ZGVlZWVhMi1mOTI5LTRmOWQtOTk0OC0xMzU5MWFkYWNlODjYAgXgAgE&sid=f990c8e44d8a49a026ee40f8b9e3b3a2&aid=304142&ucfs=1&arphpl=1&checkin=2025-02-09&checkout=2025-02-16&dest_id=-372490&dest_type=city&group_adults=2&req_adults=2&no_rooms=1&group_children=0&req_children=0&hpos=4&hapos=852&sr_order=popularity&srpvid=91357ea171dd08a0&srepoch=1738173745&all_sr_blocks=34929502_96070425_0_0_0%2C34929502_96070425_0_0_0&highlighted_blocks=34929502_96070425_0_0_0%2C34929502_96070425_0_0_0&matching_block_id=34929502_96070425_0_0_0&sr_pri_blocks=34929502_96070425_0_0_0__21539%2C34929502_96070425_0_0_0__21539&from=searchresults
Sant Jordi Hostels Gracia,"Gràcia, Barcelona",https://www.booking.com/hotel/es/sant-jordi-gracia.html?label=gen173nr-1BCAEoggI46AdSAnVzWARoRogBAZgBMbgBGcgBD9gBAegBAYgCAagCA7gC-NjpvAbAAgHSAiQ4ZGVlZWVhMi1mOTI5LTRmOWQtOTk0OC0xMzU5MWFkYWNlODjYAgXgAgE&sid=f990c8e44d8a49a026ee40f8b9e3b3a2&aid=304142&ucfs=1&arphpl=1&checkin=2025-02-09&checkout=2025-02-16&dest_id=-372490&dest_type=city&group_adults=2&req_adults=2&no_rooms=1&group_children=0&req_children=0&hpos=5&hapos=853&sr_order=popularity&srpvid=91357ea171dd08a0&srepoch=1738173745&all_sr_blocks=42723502_107202802_0_2_0_322369%2C42723502_107202802_0_2_0_322369&highlighted_blocks=42723502_107202802_0_2_0_322369%2C42723502_107202802_0_2_0_322369&matching_block_id=42723502_107202802_0_2_0_322369&sr_pri_blocks=42723502_107202802_0_2_0_322369_17989%2C42723502_107202802_0_2_0_322369_17989&from_sustainable_property_sr=1&from=searchresults
Soul Backpackers Barcelona,"Eixample, Barcelona",https://www.booking.com/hotel/es/backpackers-bcn-diputacia3.html?label=gen173nr-1BCAEoggI46AdSAnVzWARoRogBAZgBMbgBGcgBD9gBAegBAYgCAagCA7gC-NjpvAbAAgHSAiQ4ZGVlZWVhMi1mOTI5LTRmOWQtOTk0OC0xMzU5MWFkYWNlODjYAgXgAgE&sid=f990c8e44d8a49a026ee40f8b9e3b3a2&aid=304142&ucfs=1&arphpl=1&checkin=2025-02-09&checkout=2025-02-16&dest_id=-372490&dest_type=city&group_adults=2&req_adults=2&no_rooms=1&group_children=0&req_children=0&hpos=6&hapos=854&sr_order=popularity&srpvid=91357ea171dd08a0&srepoch=1738173745&all_sr_blocks=70944902_332195341_0_0_0%2C70944902_332195341_0_0_0&highlighted_blocks=70944902_332195341_0_0_0%2C70944902_332195341_0_0_0&matching_block_id=70944902_332195341_0_0_0&sr_pri_blocks=70944902_332195341_0_0_0__22844%2C70944902_332195341_0_0_0__22844&from=searchresults
Hostal Parisien Las Ramblas,"Ciutat Vella, Barcelona",https://www.booking.com/hotel/es/hostal-parisien.html?label=gen173nr-1BCAEoggI46AdSAnVzWARoRogBAZgBMbgBGcgBD9gBAegBAYgCAagCA7gC-NjpvAbAAgHSAiQ4ZGVlZWVhMi1mOTI5LTRmOWQtOTk0OC0xMzU5MWFkYWNlODjYAgXgAgE&sid=f990c8e44d8a49a026ee40f8b9e3b3a2&aid=304142&ucfs=1&arphpl=1&checkin=2025-02-09&checkout=2025-02-16&dest_id=-372490&dest_type=city&group_adults=2&req_adults=2&no_rooms=1&group_children=0&req_children=0&hpos=7&hapos=855&sr_order=popularity&srpvid=91357ea171dd08a0&srepoch=1738173745&all_sr_blocks=314236006_360588548_0_0_0%2C314236006_360588548_0_0_0&highlighted_blocks=314236006_360588548_0_0_0%2C314236006_360588548_0_0_0&matching_block_id=314236006_360588548_0_0_0&sr_pri_blocks=314236006_360588548_0_0_0__57031%2C314236006_360588548_0_0_0__57031&from=searchresults
Barcelona & You Hostel Sagrada Familia,"Eixample, Barcelona",https://www.booking.com/hotel/es/barcelona-and-you.html?label=gen173nr-1BCAEoggI46AdSAnVzWARoRogBAZgBMbgBGcgBD9gBAegBAYgCAagCA7gC-NjpvAbAAgHSAiQ4ZGVlZWVhMi1mOTI5LTRmOWQtOTk0OC0xMzU5MWFkYWNlODjYAgXgAgE&sid=f990c8e44d8a49a026ee40f8b9e3b3a2&aid=304142&ucfs=1&arphpl=1&checkin=2025-02-09&checkout=2025-02-16&dest_id=-372490&dest_type=city&group_adults=2&req_adults=2&no_rooms=1&group_children=0&req_children=0&hpos=8&hapos=856&sr_order=popularity&srpvid=91357ea171dd08a0&srepoch=1738173745&all_sr_blocks=168361003_367381485_1_0_0%2C168361003_367381485_1_0_0&highlighted_blocks=168361003_367381485_1_0_0%2C168361003_367381485_1_0_0&matching_block_id=168361003_367381485_1_0_0&sr_pri_blocks=168361003_367381485_1_0_0__20010%2C168361003_367381485_1_0_0__20010&from=searchresults
Onefam Ramblas,"Sants-Montjuïc, Barcelona",https://www.booking.com/hotel/es/the-hostel-box.html?label=gen173nr-1BCAEoggI46AdSAnVzWARoRogBAZgBMbgBGcgBD9gBAegBAYgCAagCA7gC-NjpvAbAAgHSAiQ4ZGVlZWVhMi1mOTI5LTRmOWQtOTk0OC0xMzU5MWFkYWNlODjYAgXgAgE&sid=f990c8e44d8a49a026ee40f8b9e3b3a2&aid=304142&ucfs=1&arphpl=1&checkin=2025-02-09&checkout=2025-02-16&dest_id=-372490&dest_type=city&group_adults=2&req_adults=2&no_rooms=1&group_children=0&req_children=0&hpos=9&hapos=857&sr_order=popularity&srpvid=91357ea171dd08a0&srepoch=1738173745&all_sr_blocks=42701305_91928175_0_0_0%2C42701305_91928175_0_0_0&highlighted_blocks=42701305_91928175_0_0_0%2C42701305_91928175_0_0_0&matching_block_id=42701305_91928175_0_0_0&sr_pri_blocks=42701305_91928175_0_0_0__29617%2C42701305_91928175_0_0_0__29617&from=searchresults
Guest House Barcelona Bruc,"Eixample, Barcelona",https://www.booking.com/hotel/es/guest-house-barcelona-bruc.html?label=gen173nr-1BCAEoggI46AdSAnVzWARoRogBAZgBMbgBGcgBD9gBAegBAYgCAagCA7gC-NjpvAbAAgHSAiQ4ZGVlZWVhMi1mOTI5LTRmOWQtOTk0OC0xMzU5MWFkYWNlODjYAgXgAgE&sid=f990c8e44d8a49a026ee40f8b9e3b3a2&aid=304142&ucfs=1&arphpl=1&checkin=2025-02-09&checkout=2025-02-16&dest_id=-372490&dest_type=city&group_adults=2&req_adults=2&no_rooms=1&group_children=0&req_children=0&hpos=10&hapos=858&sr_order=popularity&srpvid=91357ea171dd08a0&srepoch=1738173745&all_sr_blocks=731173509_369837033_1_0_0%2C731173509_369837033_1_0_0&highlighted_blocks=731173509_369837033_1_0_0%2C731173509_369837033_1_0_0&matching_block_id=731173509_369837033_1_0_0&sr_pri_blocks=731173509_369837033_1_0_0__20650%2C731173509_369837033_1_0_0__20650&from=searchresults
Double Private Rooms in Center City Metro L5-L1,"Eixample, Barcelona",https://www.booking.com/hotel/es/double-private-room-center-city-metro-l5-l1.html?label=gen173nr-1BCAEoggI46AdSAnVzWARoRogBAZgBMbgBGcgBD9gBAegBAYgCAagCA7gC-NjpvAbAAgHSAiQ4ZGVlZWVhMi1mOTI5LTRmOWQtOTk0OC0xMzU5MWFkYWNlODjYAgXgAgE&sid=f990c8e44d8a49a026ee40f8b9e3b3a2&aid=304142&ucfs=1&arphpl=1&checkin=2025-02-09&checkout=2025-02-16&dest_id=-372490&dest_type=city&group_adults=2&req_adults=2&no_rooms=1&group_children=0&req_children=0&hpos=11&hapos=859&sr_order=popularity&srpvid=91357ea171dd08a0&srepoch=1738173745&all_sr_blocks=1243898301_396324393_0_0_0%2C1243898302_396324393_0_0_0&highlighted_blocks=1243898301_396324393_0_0_0%2C1243898302_396324393_0_0_0&matching_block_id=1243898301_396324393_0_0_0&sr_pri_blocks=1243898301_396324393_0_0_0__54675%2C1243898302_396324393_0_0_0__62370&from=searchresults
Sun & Moon Hostel,"Ciutat Vella, Barcelona",https://www.booking.com/hotel/es/sun-moon-hostel.html?label=gen173nr-1BCAEoggI46AdSAnVzWARoRogBAZgBMbgBGcgBD9gBAegBAYgCAagCA7gC-NjpvAbAAgHSAiQ4ZGVlZWVhMi1mOTI5LTRmOWQtOTk0OC0xMzU5MWFkYWNlODjYAgXgAgE&sid=f990c8e44d8a49a026ee40f8b9e3b3a2&aid=304142&ucfs=1&arphpl=1&checkin=2025-02-09&checkout=2025-02-16&dest_id=-372490&dest_type=city&group_adults=2&req_adults=2&no_rooms=1&group_children=0&req_children=0&hpos=12&hapos=860&sr_order=popularity&srpvid=91357ea171dd08a0&srepoch=1738173745&all_sr_blocks=24007631_349027027_1_2_0%2C24007631_349027027_1_2_0&highlighted_blocks=24007631_349027027_1_2_0%2C24007631_349027027_1_2_0&matching_block_id=24007631_349027027_1_2_0&sr_pri_blocks=24007631_349027027_1_2_0__19450%2C24007631_349027027_1_2_0__19450&from=searchresults
Alternative Creative Youth Hostel Barcelona,"Eixample, Barcelona",https://www.booking.com/hotel/es/alternative-creative-youth-home-hostel-barcelona.html?label=gen173nr-1BCAEoggI46AdSAnVzWARoRogBAZgBMbgBGcgBD9gBAegBAYgCAagCA7gC-NjpvAbAAgHSAiQ4ZGVlZWVhMi1mOTI5LTRmOWQtOTk0OC0xMzU5MWFkYWNlODjYAgXgAgE&sid=f990c8e44d8a49a026ee40f8b9e3b3a2&aid=304142&ucfs=1&arphpl=1&checkin=2025-02-09&checkout=2025-02-16&dest_id=-372490&dest_type=city&group_adults=2&req_adults=2&no_rooms=1&group_children=0&req_children=0&hpos=13&hapos=861&sr_order=popularity&srpvid=91357ea171dd08a0&srepoch=1738173745&all_sr_blocks=32201202_329619420_0_0_0%2C32201202_329619420_0_0_0&highlighted_blocks=32201202_329619420_0_0_0%2C32201202_329619420_0_0_0&matching_block_id=32201202_329619420_0_0_0&sr_pri_blocks=32201202_329619420_0_0_0__23624%2C32201202_329619420_0_0_0__23624&from=searchresults
Don Moustache Boutique Hostel,"Eixample, Barcelona",https://www.booking.com/hotel/es/bon-moustache-hostel.html?label=gen173nr-1BCAEoggI46AdSAnVzWARoRogBAZgBMbgBGcgBD9gBAegBAYgCAagCA7gC-NjpvAbAAgHSAiQ4ZGVlZWVhMi1mOTI5LTRmOWQtOTk0OC0xMzU5MWFkYWNlODjYAgXgAgE&sid=f990c8e44d8a49a026ee40f8b9e3b3a2&aid=304142&ucfs=1&arphpl=1&checkin=2025-02-09&checkout=2025-02-16&dest_id=-372490&dest_type=city&group_adults=2&req_adults=2&no_rooms=1&group_children=0&req_children=0&hpos=14&hapos=862&sr_order=popularity&srpvid=91357ea171dd08a0&srepoch=1738173745&all_sr_blocks=42206201_88500085_0_0_0_473616%2C42206201_88500085_0_0_0_473616&highlighted_blocks=42206201_88500085_0_0_0_473616%2C42206201_88500085_0_0_0_473616&matching_block_id=42206201_88500085_0_0_0_473616&sr_pri_blocks=42206201_88500085_0_0_0_473616_16500%2C42206201_88500085_0_0_0_473616_16500&from=searchresults
Sunny Central Double Bed Room Metro L5 - L1,"Eixample, Barcelona",https://www.booking.com/hotel/es/sunny-central-double-bed-room-metro-l5-l1.html?label=gen173nr-1BCAEoggI46AdSAnVzWARoRogBAZgBMbgBGcgBD9gBAegBAYgCAagCA7gC-NjpvAbAAgHSAiQ4ZGVlZWVhMi1mOTI5LTRmOWQtOTk0OC0xMzU5MWFkYWNlODjYAgXgAgE&sid=f990c8e44d8a49a026ee40f8b9e3b3a2&aid=304142&ucfs=1&arphpl=1&checkin=2025-02-09&checkout=2025-02-16&dest_id=-372490&dest_type=city&group_adults=2&req_adults=2&no_rooms=1&group_children=0&req_children=0&hpos=15&hapos=863&sr_order=popularity&srpvid=91357ea171dd08a0&srepoch=1738173745&all_sr_blocks=1302641901_403135091_0_0_0%2C1302641901_403135091_0_0_0&highlighted_blocks=1302641901_403135091_0_0_0%2C1302641901_403135091_0_0_0&matching_block_id=1302641901_403135091_0_0_0&sr_pri_blocks=1302641901_403135091_0_0_0__64650%2C1302641901_403135091_0_0_0__64650&from=searchresults
Double Private Rooms Center City FGC Padua,"Sarrià-St. Gervasi, Barcelona",https://www.booking.com/hotel/es/barcelona-upper-area-double-room-available-railways-padua.html?label=gen173nr-1BCAEoggI46AdSAnVzWARoRogBAZgBMbgBGcgBD9gBAegBAYgCAagCA7gC-NjpvAbAAgHSAiQ4ZGVlZWVhMi1mOTI5LTRmOWQtOTk0OC0xMzU5MWFkYWNlODjYAgXgAgE&sid=f990c8e44d8a49a026ee40f8b9e3b3a2&aid=304142&ucfs=1&arphpl=1&checkin=2025-02-09&checkout=2025-02-16&dest_id=-372490&dest_type=city&group_adults=2&req_adults=2&no_rooms=1&group_children=0&req_children=0&hpos=16&hapos=864&sr_order=popularity&srpvid=91357ea171dd08a0&srepoch=1738173745&all_sr_blocks=1253421301_397861836_0_0_0%2C1253421301_397861836_0_0_0&highlighted_blocks=1253421301_397861836_0_0_0%2C1253421301_397861836_0_0_0&matching_block_id=1253421301_397861836_0_0_0&sr_pri_blocks=1253421301_397861836_0_0_0__57525%2C1253421301_397861836_0_0_0__57525&from=searchresults
