hotel_name,neighborhood,url
Unite Hostel Barcelona,"Sant Martí, Barcelona",https://www.booking.com/hotel/es/unite-hostel-barcelona.html?label=gen173nr-1BCAEoggI46AdSAnVzWARoRogBAZgBMbgBGcgBD9gBAegBAYgCAagCA7gC-NjpvAbAAgHSAiQ4ZGVlZWVhMi1mOTI5LTRmOWQtOTk0OC0xMzU5MWFkYWNlODjYAgXgAgE&sid=f990c8e44d8a49a026ee40f8b9e3b3a2&aid=304142&ucfs=1&arphpl=1&checkin=2025-03-01&checkout=2025-03-08&dest_id=-372490&dest_type=city&group_adults=2&req_adults=2&no_rooms=1&group_children=0&req_children=0&hpos=1&hapos=1&sr_order=popularity&srpvid=af307f62bb9d0534&srepoch=1738174144&all_sr_blocks=385960703_0_2_0_0&highlighted_blocks=385960703_0_2_0_0&matching_block_id=385960703_0_2_0_0&sr_pri_blocks=385960703_0_2_0_0__227328&from=searchresults
Hotel & Spa Villa Olimpica Suites,"Sant Martí, Barcelona",https://www.booking.com/hotel/es/spa-villa-olimpic-suites.html?label=gen173nr-1BCAEoggI46AdSAnVzWARoRogBAZgBMbgBGcgBD9gBAegBAYgCAagCA7gC-NjpvAbAAgHSAiQ4ZGVlZWVhMi1mOTI5LTRmOWQtOTk0OC0xMzU5MWFkYWNlODjYAgXgAgE&sid=f990c8e44d8a49a026ee40f8b9e3b3a2&aid=304142&ucfs=1&arphpl=1&checkin=2025-03-01&checkout=2025-03-08&dest_id=-372490&dest_type=city&group_adults=2&req_adults=2&no_rooms=1&group_children=0&req_children=0&hpos=2&hapos=2&sr_order=popularity&srpvid=af307f62bb9d0534&srepoch=1738174144&all_sr_blocks=4221208_0_2_0_0&highlighted_blocks=4221208_0_2_0_0&matching_block_id=4221208_0_2_0_0&sr_pri_blocks=4221208_0_2_0_0__216589&from=searchresults
Golden Hotel Barcelona,"Sant Martí, Barcelona",https://www.booking.com/hotel/es/golden-tulip-barcelona.html?label=gen173nr-1BCAEoggI46AdSAnVzWARoRogBAZgBMbgBGcgBD9gBAegBAYgCAagCA7gC-NjpvAbAAgHSAiQ4ZGVlZWVhMi1mOTI5LTRmOWQtOTk0OC0xMzU5MWFkYWNlODjYAgXgAgE&sid=f990c8e44d8a49a026ee40f8b9e3b3a2&aid=304142&ucfs=1&arphpl=1&checkin=2025-03-01&checkout=2025-03-08&dest_id=-372490&dest_type=city&group_adults=2&req_adults=2&no_rooms=1&group_children=0&req_children=0&hpos=3&hapos=3&sr_order=popularity&srpvid=af307f62bb9d0534&srepoch=1738174144&all_sr_blocks=231129012_0_2_0_0&highlighted_blocks=231129012_0_2_0_0&matching_block_id=231129012_0_2_0_0&sr_pri_blocks=231129012_0_2_0_0__211518&from_sustainable_property_sr=1&from=searchresults
Sallés Hotel Pere IV,"Sant Martí, Barcelona",https://www.booking.com/hotel/es/pereiv.html?label=gen173nr-1BCAEoggI46AdSAnVzWARoRogBAZgBMbgBGcgBD9gBAegBAYgCAagCA7gC-NjpvAbAAgHSAiQ4ZGVlZWVhMi1mOTI5LTRmOWQtOTk0OC0xMzU5MWFkYWNlODjYAgXgAgE&sid=f990c8e44d8a49a026ee40f8b9e3b3a2&aid=304142&ucfs=1&arphpl=1&checkin=2025-03-01&checkout=2025-03-08&dest_id=-372490&dest_type=city&group_adults=2&req_adults=2&no_rooms=1&group_children=0&req_children=0&hpos=4&hapos=4&sr_order=popularity&srpvid=af307f62bb9d0534&srepoch=1738174144&all_sr_blocks=9094311_386295770_2_0_0_43960&highlighted_blocks=9094311_386295770_2_0_0_43960&matching_block_id=9094311_386295770_2_0_0_43960&sr_pri_blocks=9094311_386295770_2_0_0_43960_257278&from_sustainable_property_sr=1&from=searchresults
Vincci Bit,"Sant Martí, Barcelona",https://www.booking.com/hotel/es/vincci-bit.html?label=gen173nr-1BCAEoggI46AdSAnVzWARoRogBAZgBMbgBGcgBD9gBAegBAYgCAagCA7gC-NjpvAbAAgHSAiQ4ZGVlZWVhMi1mOTI5LTRmOWQtOTk0OC0xMzU5MWFkYWNlODjYAgXgAgE&sid=f990c8e44d8a49a026ee40f8b9e3b3a2&aid=304142&ucfs=1&arphpl=1&checkin=2025-03-01&checkout=2025-03-08&dest_id=-372490&dest_type=city&group_adults=2&req_adults=2&no_rooms=1&group_children=0&req_children=0&hpos=5&hapos=5&sr_order=popularity&srpvid=af307f62bb9d0534&srepoch=1738174144&all_sr_blocks=36066801_407078547_0_2_0_203778&highlighted_blocks=36066801_407078547_0_2_0_203778&matching_block_id=36066801_407078547_0_2_0_203778&sr_pri_blocks=36066801_407078547_0_2_0_203778_299393&from_sustainable_property_sr=1&from=searchresults
BARCELONA GOTIC Guesthouse,"Ciutat Vella, Barcelona",https://www.booking.com/hotel/es/guesthouse-barcelona-gotic.html?label=gen173nr-1BCAEoggI46AdSAnVzWARoRogBAZgBMbgBGcgBD9gBAegBAYgCAagCA7gC-NjpvAbAAgHSAiQ4ZGVlZWVhMi1mOTI5LTRmOWQtOTk0OC0xMzU5MWFkYWNlODjYAgXgAgE&sid=f990c8e44d8a49a026ee40f8b9e3b3a2&aid=304142&ucfs=1&arphpl=1&checkin=2025-03-01&checkout=2025-03-08&dest_id=-372490&dest_type=city&group_adults=2&req_adults=2&no_rooms=1&group_children=0&req_children=0&hpos=6&hapos=6&sr_order=popularity&srpvid=af307f62bb9d0534&srepoch=1738174144&all_sr_blocks=67502201_96934025_2_0_0&highlighted_blocks=67502201_96934025_2_0_0&matching_block_id=67502201_96934025_2_0_0&sr_pri_blocks=67502201_96934025_2_0_0__83930&from=searchresults
Hotel Sant Agustí,"Ciutat Vella, Barcelona",https://www.booking.com/hotel/es/san-agustin.html?label=gen173nr-1BCAEoggI46AdSAnVzWARoRogBAZgBMbgBGcgBD9gBAegBAYgCAagCA7gC-NjpvAbAAgHSAiQ4ZGVlZWVhMi1mOTI5LTRmOWQtOTk0OC0xMzU5MWFkYWNlODjYAgXgAgE&sid=f990c8e44d8a49a026ee40f8b9e3b3a2&aid=304142&ucfs=1&arphpl=1&checkin=2025-03-01&checkout=2025-03-08&dest_id=-372490&dest_type=city&group_adults=2&req_adults=2&no_rooms=1&group_children=0&req_children=0&hpos=7&hapos=7&sr_order=popularity&srpvid=af307f62bb9d0534&srepoch=1738174144&all_sr_blocks=9750243_339550942_2_2_0&highlighted_blocks=9750243_339550942_2_2_0&matching_block_id=9750243_339550942_2_2_0&sr_pri_blocks=9750243_339550942_2_2_0__283200&from=searchresults
Axel Hotel Barcelona - Adults Only,"Eixample, Barcelona",https://www.booking.com/hotel/es/hotelaxelbarcelona.html?label=gen173nr-1BCAEoggI46AdSAnVzWARoRogBAZgBMbgBGcgBD9gBAegBAYgCAagCA7gC-NjpvAbAAgHSAiQ4ZGVlZWVhMi1mOTI5LTRmOWQtOTk0OC0xMzU5MWFkYWNlODjYAgXgAgE&sid=f990c8e44d8a49a026ee40f8b9e3b3a2&aid=304142&ucfs=1&arphpl=1&checkin=2025-03-01&checkout=2025-03-08&dest_id=-372490&dest_type=city&group_adults=2&req_adults=2&no_rooms=1&group_children=0&req_children=0&hpos=8&hapos=8&sr_order=popularity&srpvid=af307f62bb9d0534&srepoch=1738174144&all_sr_blocks=9124302_249121011_0_2_0&highlighted_blocks=9124302_249121011_0_2_0&matching_block_id=9124302_249121011_0_2_0&sr_pri_blocks=9124302_249121011_0_2_0__232313&from=searchresults
Hostal Central Barcelona,"Eixample, Barcelona",https://www.booking.com/hotel/es/hostal-central-barcelona.html?label=gen173nr-1BCAEoggI46AdSAnVzWARoRogBAZgBMbgBGcgBD9gBAegBAYgCAagCA7gC-NjpvAbAAgHSAiQ4ZGVlZWVhMi1mOTI5LTRmOWQtOTk0OC0xMzU5MWFkYWNlODjYAgXgAgE&sid=f990c8e44d8a49a026ee40f8b9e3b3a2&aid=304142&ucfs=1&arphpl=1&checkin=2025-03-01&checkout=2025-03-08&dest_id=-372490&dest_type=city&group_adults=2&req_adults=2&no_rooms=1&group_children=0&req_children=0&hpos=9&hapos=9&sr_order=popularity&srpvid=af307f62bb9d0534&srepoch=1738174144&all_sr_blocks=18925605_347080935_0_0_0_489076&highlighted_blocks=18925605_347080935_0_0_0_489076&matching_block_id=18925605_347080935_0_0_0_489076&sr_pri_blocks=18925605_347080935_0_0_0_489076_233895&from=searchresults
Chic & Basic Born Boutique Hotel,"Ciutat Vella, Barcelona",https://www.booking.com/hotel/es/chic-basic-born.html?label=gen173nr-1BCAEoggI46AdSAnVzWARoRogBAZgBMbgBGcgBD9gBAegBAYgCAagCA7gC-NjpvAbAAgHSAiQ4ZGVlZWVhMi1mOTI5LTRmOWQtOTk0OC0xMzU5MWFkYWNlODjYAgXgAgE&sid=f990c8e44d8a49a026ee40f8b9e3b3a2&aid=304142&ucfs=1&arphpl=1&checkin=2025-03-01&checkout=2025-03-08&dest_id=-372490&dest_type=city&group_adults=2&req_adults=2&no_rooms=1&group_children=0&req_children=0&hpos=10&hapos=10&sr_order=popularity&srpvid=af307f62bb9d0534&srepoch=1738174144&all_sr_blocks=9432501_356862870_2_2_0&highlighted_blocks=9432501_356862870_2_2_0&matching_block_id=9432501_356862870_2_2_0&sr_pri_blocks=9432501_356862870_2_2_0__243775&from=searchresults
Vincci Maritimo,"Sant Martí, Barcelona",https://www.booking.com/hotel/es/vinccimaritimo.html?label=gen173nr-1BCAEoggI46AdSAnVzWARoRogBAZgBMbgBGcgBD9gBAegBAYgCAagCA7gC-NjpvAbAAgHSAiQ4ZGVlZWVhMi1mOTI5LTRmOWQtOTk0OC0xMzU5MWFkYWNlODjYAgXgAgE&sid=f990c8e44d8a49a026ee40f8b9e3b3a2&aid=304142&ucfs=1&arphpl=1&checkin=2025-03-01&checkout=2025-03-08&dest_id=-372490&dest_type=city&group_adults=2&req_adults=2&no_rooms=1&group_children=0&req_children=0&hpos=11&hapos=11&sr_order=popularity&srpvid=af307f62bb9d0534&srepoch=1738174144&all_sr_blocks=9117502_407078059_0_2_0_203780&highlighted_blocks=9117502_407078059_0_2_0_203780&matching_block_id=9117502_407078059_0_2_0_203780&sr_pri_blocks=9117502_407078059_0_2_0_203780_321024&from_sustainable_property_sr=1&from=searchresults
Good-Home Paseo de Gracia,"Eixample, Barcelona",https://www.booking.com/hotel/es/good-home-paseo-de-gracia.html?label=gen173nr-1BCAEoggI46AdSAnVzWARoRogBAZgBMbgBGcgBD9gBAegBAYgCAagCA7gC-NjpvAbAAgHSAiQ4ZGVlZWVhMi1mOTI5LTRmOWQtOTk0OC0xMzU5MWFkYWNlODjYAgXgAgE&sid=f990c8e44d8a49a026ee40f8b9e3b3a2&aid=304142&ucfs=1&arphpl=1&checkin=2025-03-01&checkout=2025-03-08&dest_id=-372490&dest_type=city&group_adults=2&req_adults=2&no_rooms=1&group_children=0&req_children=0&hpos=12&hapos=12&sr_order=popularity&srpvid=af307f62bb9d0534&srepoch=1738174144&all_sr_blocks=109649002_265561142_4_1_0&highlighted_blocks=109649002_265561142_4_1_0&matching_block_id=109649002_265561142_4_1_0&sr_pri_blocks=109649002_265561142_4_1_0__247000&from=searchresults
Vincci Mae,"Sarrià-St. Gervasi, Barcelona",https://www.booking.com/hotel/es/vincci-mae.html?label=gen173nr-1BCAEoggI46AdSAnVzWARoRogBAZgBMbgBGcgBD9gBAegBAYgCAagCA7gC-NjpvAbAAgHSAiQ4ZGVlZWVhMi1mOTI5LTRmOWQtOTk0OC0xMzU5MWFkYWNlODjYAgXgAgE&sid=f990c8e44d8a49a026ee40f8b9e3b3a2&aid=304142&ucfs=1&arphpl=1&checkin=2025-03-01&checkout=2025-03-08&dest_id=-372490&dest_type=city&group_adults=2&req_adults=2&no_rooms=1&group_children=0&req_children=0&hpos=13&hapos=13&sr_order=popularity&srpvid=af307f62bb9d0534&srepoch=1738174144&all_sr_blocks=195646506_407078777_0_2_0_203796&highlighted_blocks=195646506_407078777_0_2_0_203796&matching_block_id=195646506_407078777_0_2_0_203796&sr_pri_blocks=195646506_407078777_0_2_0_203796_381216&from_sustainable_property_sr=1&from=searchresults
Catalonia Barcelona 505,"Sarrià-St. Gervasi, Barcelona",https://www.booking.com/hotel/es/catalonia-barcelona-505.html?label=gen173nr-1BCAEoggI46AdSAnVzWARoRogBAZgBMbgBGcgBD9gBAegBAYgCAagCA7gC-NjpvAbAAgHSAiQ4ZGVlZWVhMi1mOTI5LTRmOWQtOTk0OC0xMzU5MWFkYWNlODjYAgXgAgE&sid=f990c8e44d8a49a026ee40f8b9e3b3a2&aid=304142&ucfs=1&arphpl=1&checkin=2025-03-01&checkout=2025-03-08&dest_id=-372490&dest_type=city&group_adults=2&req_adults=2&no_rooms=1&group_children=0&req_children=0&hpos=14&hapos=14&sr_order=popularity&srpvid=af307f62bb9d0534&srepoch=1738174144&all_sr_blocks=9059305_88181959_0_2_0&highlighted_blocks=9059305_88181959_0_2_0&matching_block_id=9059305_88181959_0_2_0&sr_pri_blocks=9059305_88181959_0_2_0__177778&from_sustainable_property_sr=1&from=searchresults
Ola Living Gracia,"Gràcia, Barcelona",https://www.booking.com/hotel/es/ola-living-gracia.html?label=gen173nr-1BCAEoggI46AdSAnVzWARoRogBAZgBMbgBGcgBD9gBAegBAYgCAagCA7gC-NjpvAbAAgHSAiQ4ZGVlZWVhMi1mOTI5LTRmOWQtOTk0OC0xMzU5MWFkYWNlODjYAgXgAgE&sid=f990c8e44d8a49a026ee40f8b9e3b3a2&aid=304142&ucfs=1&arphpl=1&checkin=2025-03-01&checkout=2025-03-08&dest_id=-372490&dest_type=city&group_adults=2&req_adults=2&no_rooms=1&group_children=0&req_children=0&hpos=15&hapos=15&sr_order=popularity&srpvid=af307f62bb9d0534&srepoch=1738174144&all_sr_blocks=1246055701_397463030_3_0_0&highlighted_blocks=1246055701_397463030_3_0_0&matching_block_id=1246055701_397463030_3_0_0&sr_pri_blocks=1246055701_397463030_3_0_0__247266&from=searchresults
Serennia Cest Apartamentos Arc de Triomf,"Eixample, Barcelona",https://www.booking.com/hotel/es/serennia-hospitalet-de-llobregat.html?label=gen173nr-1BCAEoggI46AdSAnVzWARoRogBAZgBMbgBGcgBD9gBAegBAYgCAagCA7gC-NjpvAbAAgHSAiQ4ZGVlZWVhMi1mOTI5LTRmOWQtOTk0OC0xMzU5MWFkYWNlODjYAgXgAgE&sid=f990c8e44d8a49a026ee40f8b9e3b3a2&aid=304142&ucfs=1&arphpl=1&checkin=2025-03-01&checkout=2025-03-08&dest_id=-372490&dest_type=city&group_adults=2&req_adults=2&no_rooms=1&group_children=0&req_children=0&hpos=16&hapos=16&sr_order=popularity&srpvid=af307f62bb9d0534&srepoch=1738174144&all_sr_blocks=34638920_364396568_3_0_0&highlighted_blocks=34638920_364396568_3_0_0&matching_block_id=34638920_364396568_3_0_0&sr_pri_blocks=34638920_364396568_3_0_0__286632&from=searchresults
Monturiol Apartaments,"Sant Martí, Barcelona",https://www.booking.com/hotel/es/monturiol-apartaments-barcelona.html?label=gen173nr-1BCAEoggI46AdSAnVzWARoRogBAZgBMbgBGcgBD9gBAegBAYgCAagCA7gC-NjpvAbAAgHSAiQ4ZGVlZWVhMi1mOTI5LTRmOWQtOTk0OC0xMzU5MWFkYWNlODjYAgXgAgE&sid=f990c8e44d8a49a026ee40f8b9e3b3a2&aid=304142&ucfs=1&arphpl=1&checkin=2025-03-01&checkout=2025-03-08&dest_id=-372490&dest_type=city&group_adults=2&req_adults=2&no_rooms=1&group_children=0&req_children=0&hpos=17&hapos=17&sr_order=popularity&srpvid=af307f62bb9d0534&srepoch=1738174144&all_sr_blocks=1204881208_394310134_0_0_0&highlighted_blocks=1204881208_394310134_0_0_0&matching_block_id=1204881208_394310134_0_0_0&sr_pri_blocks=1204881208_394310134_0_0_0__221433&from=searchresults
Vincci Gala,"Eixample, Barcelona",https://www.booking.com/hotel/es/vincci-gala.html?label=gen173nr-1BCAEoggI46AdSAnVzWARoRogBAZgBMbgBGcgBD9gBAegBAYgCAagCA7gC-NjpvAbAAgHSAiQ4ZGVlZWVhMi1mOTI5LTRmOWQtOTk0OC0xMzU5MWFkYWNlODjYAgXgAgE&sid=f990c8e44d8a49a026ee40f8b9e3b3a2&aid=304142&ucfs=1&arphpl=1&checkin=2025-03-01&checkout=2025-03-08&dest_id=-372490&dest_type=city&group_adults=2&req_adults=2&no_rooms=1&group_children=0&req_children=0&hpos=18&hapos=18&sr_order=popularity&srpvid=af307f62bb9d0534&srepoch=1738174144&all_sr_blocks=73847401_407078691_0_2_0_203795&highlighted_blocks=73847401_407078691_0_2_0_203795&matching_block_id=73847401_407078691_0_2_0_203795&sr_pri_blocks=73847401_407078691_0_2_0_203795_415074&from_sustainable_property_sr=1&from=searchresults
Miiro Borneta,"Ciutat Vella, Barcelona",https://www.booking.com/hotel/es/k-k-picasso.html?label=gen173nr-1BCAEoggI46AdSAnVzWARoRogBAZgBMbgBGcgBD9gBAegBAYgCAagCA7gC-NjpvAbAAgHSAiQ4ZGVlZWVhMi1mOTI5LTRmOWQtOTk0OC0xMzU5MWFkYWNlODjYAgXgAgE&sid=f990c8e44d8a49a026ee40f8b9e3b3a2&aid=304142&ucfs=1&arphpl=1&checkin=2025-03-01&checkout=2025-03-08&dest_id=-372490&dest_type=city&group_adults=2&req_adults=2&no_rooms=1&group_children=0&req_children=0&hpos=19&hapos=19&sr_order=popularity&srpvid=af307f62bb9d0534&srepoch=1738174144&all_sr_blocks=36039220_0_2_0_0&highlighted_blocks=36039220_0_2_0_0&matching_block_id=36039220_0_2_0_0&sr_pri_blocks=36039220_0_2_0_0__504133&from=searchresults
Casa Lolita,"Eixample, Barcelona",https://www.booking.com/hotel/es/casa-lolita-barcelona.html?label=gen173nr-1BCAEoggI46AdSAnVzWARoRogBAZgBMbgBGcgBD9gBAegBAYgCAagCA7gC-NjpvAbAAgHSAiQ4ZGVlZWVhMi1mOTI5LTRmOWQtOTk0OC0xMzU5MWFkYWNlODjYAgXgAgE&sid=f990c8e44d8a49a026ee40f8b9e3b3a2&aid=304142&ucfs=1&arphpl=1&checkin=2025-03-01&checkout=2025-03-08&dest_id=-372490&dest_type=city&group_adults=2&req_adults=2&no_rooms=1&group_children=0&req_children=0&hpos=20&hapos=20&sr_order=popularity&srpvid=af307f62bb9d0534&srepoch=1738174144&all_sr_blocks=864578402_357600594_2_0_0_632352&highlighted_blocks=864578402_357600594_2_0_0_632352&matching_block_id=864578402_357600594_2_0_0_632352&sr_pri_blocks=864578402_357600594_2_0_0_632352_234250&from=searchresults
ApartEasy - Central Gracia Apartments,"Gràcia, Barcelona",https://www.booking.com/hotel/es/aparteasy-central-gracia-apartments.html?label=gen173nr-1BCAEoggI46AdSAnVzWARoRogBAZgBMbgBGcgBD9gBAegBAYgCAagCA7gC-NjpvAbAAgHSAiQ4ZGVlZWVhMi1mOTI5LTRmOWQtOTk0OC0xMzU5MWFkYWNlODjYAgXgAgE&sid=f990c8e44d8a49a026ee40f8b9e3b3a2&aid=304142&ucfs=1&arphpl=1&checkin=2025-03-01&checkout=2025-03-08&dest_id=-372490&dest_type=city&group_adults=2&req_adults=2&no_rooms=1&group_children=0&req_children=0&hpos=21&hapos=21&sr_order=popularity&srpvid=af307f62bb9d0534&srepoch=1738174144&all_sr_blocks=248362003_364397536_5_0_0&highlighted_blocks=248362003_364397536_5_0_0&matching_block_id=248362003_364397536_5_0_0&sr_pri_blocks=248362003_364397536_5_0_0__252782&from=searchresults
Suites Center Barcelona,"Gràcia, Barcelona",https://www.booking.com/hotel/es/suites-center-barcelona.html?label=gen173nr-1BCAEoggI46AdSAnVzWARoRogBAZgBMbgBGcgBD9gBAegBAYgCAagCA7gC-NjpvAbAAgHSAiQ4ZGVlZWVhMi1mOTI5LTRmOWQtOTk0OC0xMzU5MWFkYWNlODjYAgXgAgE&sid=f990c8e44d8a49a026ee40f8b9e3b3a2&aid=304142&ucfs=1&arphpl=1&checkin=2025-03-01&checkout=2025-03-08&dest_id=-372490&dest_type=city&group_adults=2&req_adults=2&no_rooms=1&group_children=0&req_children=0&hpos=22&hapos=22&sr_order=popularity&srpvid=af307f62bb9d0534&srepoch=1738174144&all_sr_blocks=24684001_406565568_0_2_0_411219&highlighted_blocks=24684001_406565568_0_2_0_411219&matching_block_id=24684001_406565568_0_2_0_411219&sr_pri_blocks=24684001_406565568_0_2_0_411219_380227&from=searchresults
Catalonia Sagrada Familia,"Sant Martí, Barcelona",https://www.booking.com/hotel/es/cataloniaaragon.html?label=gen173nr-1BCAEoggI46AdSAnVzWARoRogBAZgBMbgBGcgBD9gBAegBAYgCAagCA7gC-NjpvAbAAgHSAiQ4ZGVlZWVhMi1mOTI5LTRmOWQtOTk0OC0xMzU5MWFkYWNlODjYAgXgAgE&sid=f990c8e44d8a49a026ee40f8b9e3b3a2&aid=304142&ucfs=1&arphpl=1&checkin=2025-03-01&checkout=2025-03-08&dest_id=-372490&dest_type=city&group_adults=2&req_adults=2&no_rooms=1&group_children=0&req_children=0&hpos=23&hapos=23&sr_order=popularity&srpvid=af307f62bb9d0534&srepoch=1738174144&all_sr_blocks=9058707_88181940_0_2_0&highlighted_blocks=9058707_88181940_0_2_0&matching_block_id=9058707_88181940_0_2_0&sr_pri_blocks=9058707_88181940_0_2_0__168200&from_sustainable_property_sr=1&from=searchresults
The White Flats Les Corts,"Les Corts, Barcelona",https://www.booking.com/hotel/es/the-white-flats.html?label=gen173nr-1BCAEoggI46AdSAnVzWARoRogBAZgBMbgBGcgBD9gBAegBAYgCAagCA7gC-NjpvAbAAgHSAiQ4ZGVlZWVhMi1mOTI5LTRmOWQtOTk0OC0xMzU5MWFkYWNlODjYAgXgAgE&sid=f990c8e44d8a49a026ee40f8b9e3b3a2&aid=304142&ucfs=1&arphpl=1&checkin=2025-03-01&checkout=2025-03-08&dest_id=-372490&dest_type=city&group_adults=2&req_adults=2&no_rooms=1&group_children=0&req_children=0&hpos=24&hapos=24&sr_order=popularity&srpvid=af307f62bb9d0534&srepoch=1738174144&all_sr_blocks=49933619_379482362_3_0_0&highlighted_blocks=49933619_379482362_3_0_0&matching_block_id=49933619_379482362_3_0_0&sr_pri_blocks=49933619_379482362_3_0_0__472872&from=searchresults
Acta Voraport,"Sant Martí, Barcelona",https://www.booking.com/hotel/es/acta-voraport.html?label=gen173nr-1BCAEoggI46AdSAnVzWARoRogBAZgBMbgBGcgBD9gBAegBAYgCAagCA7gC-NjpvAbAAgHSAiQ4ZGVlZWVhMi1mOTI5LTRmOWQtOTk0OC0xMzU5MWFkYWNlODjYAgXgAgE&sid=f990c8e44d8a49a026ee40f8b9e3b3a2&aid=304142&ucfs=1&arphpl=1&checkin=2025-03-01&checkout=2025-03-08&dest_id=-372490&dest_type=city&group_adults=2&req_adults=2&no_rooms=1&group_children=0&req_children=0&hpos=25&hapos=25&sr_order=popularity&srpvid=af307f62bb9d0534&srepoch=1738174144&all_sr_blocks=543679302_195343895_0_1_0&highlighted_blocks=543679302_195343895_0_1_0&matching_block_id=543679302_195343895_0_1_0&sr_pri_blocks=543679302_195343895_0_1_0__286720&from=searchresults
Isabella's House,"Sarrià-St. Gervasi, Barcelona",https://www.booking.com/hotel/es/isabella-39-s-house.html?label=gen173nr-1BCAEoggI46AdSAnVzWARoRogBAZgBMbgBGcgBD9gBAegBAYgCAagCA7gC-NjpvAbAAgHSAiQ4ZGVlZWVhMi1mOTI5LTRmOWQtOTk0OC0xMzU5MWFkYWNlODjYAgXgAgE&sid=f990c8e44d8a49a026ee40f8b9e3b3a2&aid=304142&ucfs=1&arphpl=1&checkin=2025-03-01&checkout=2025-03-08&dest_id=-372490&dest_type=city&group_adults=2&req_adults=2&no_rooms=1&group_children=0&req_children=0&hpos=1&hapos=26&sr_order=popularity&srpvid=af307f62bb9d0534&srepoch=1738174032&all_sr_blocks=582626803_365032187_4_2_0&highlighted_blocks=582626803_365032187_4_2_0&matching_block_id=582626803_365032187_4_2_0&sr_pri_blocks=582626803_365032187_4_2_0__382232&from=searchresults
Charming Boat in Barcelona - Perfect getaway,Barcelona,https://www.booking.com/hotel/es/classic-yacht-with-huge-deck-and-amazing-views.html?label=gen173nr-1BCAEoggI46AdSAnVzWARoRogBAZgBMbgBGcgBD9gBAegBAYgCAagCA7gC-NjpvAbAAgHSAiQ4ZGVlZWVhMi1mOTI5LTRmOWQtOTk0OC0xMzU5MWFkYWNlODjYAgXgAgE&sid=f990c8e44d8a49a026ee40f8b9e3b3a2&aid=304142&ucfs=1&arphpl=1&checkin=2025-03-01&checkout=2025-03-08&dest_id=-372490&dest_type=city&group_adults=2&req_adults=2&no_rooms=1&group_children=0&req_children=0&hpos=2&hapos=27&sr_order=popularity&srpvid=af307f62bb9d0534&srepoch=1738174032&all_sr_blocks=899418001_378843855_8_0_0&highlighted_blocks=899418001_378843855_8_0_0&matching_block_id=899418001_378843855_8_0_0&sr_pri_blocks=899418001_378843855_8_0_0__240535&from=searchresults
Hotel Viladomat,"Eixample, Barcelona",https://www.booking.com/hotel/es/hotel-viladomat.html?label=gen173nr-1BCAEoggI46AdSAnVzWARoRogBAZgBMbgBGcgBD9gBAegBAYgCAagCA7gC-NjpvAbAAgHSAiQ4ZGVlZWVhMi1mOTI5LTRmOWQtOTk0OC0xMzU5MWFkYWNlODjYAgXgAgE&sid=f990c8e44d8a49a026ee40f8b9e3b3a2&aid=304142&ucfs=1&arphpl=1&checkin=2025-03-01&checkout=2025-03-08&dest_id=-372490&dest_type=city&group_adults=2&req_adults=2&no_rooms=1&group_children=0&req_children=0&hpos=3&hapos=28&sr_order=popularity&srpvid=af307f62bb9d0534&srepoch=1738174032&all_sr_blocks=9046610_335554440_0_2_0&highlighted_blocks=9046610_335554440_0_2_0&matching_block_id=9046610_335554440_0_2_0&sr_pri_blocks=9046610_335554440_0_2_0__234700&from=searchresults
Rent Top Apartments Rambla Catalunya,"Eixample, Barcelona",https://www.booking.com/hotel/es/renttopapartments-rambla-catalunya-8.html?label=gen173nr-1BCAEoggI46AdSAnVzWARoRogBAZgBMbgBGcgBD9gBAegBAYgCAagCA7gC-NjpvAbAAgHSAiQ4ZGVlZWVhMi1mOTI5LTRmOWQtOTk0OC0xMzU5MWFkYWNlODjYAgXgAgE&sid=f990c8e44d8a49a026ee40f8b9e3b3a2&aid=304142&ucfs=1&arphpl=1&checkin=2025-03-01&checkout=2025-03-08&dest_id=-372490&dest_type=city&group_adults=2&req_adults=2&no_rooms=1&group_children=0&req_children=0&hpos=4&hapos=29&sr_order=popularity&srpvid=af307f62bb9d0534&srepoch=1738174032&all_sr_blocks=171200505_381699284_0_0_0&highlighted_blocks=171200505_381699284_0_0_0&matching_block_id=171200505_381699284_0_0_0&sr_pri_blocks=171200505_381699284_0_0_0__410032&from=searchresults
Sweett - Avenida Roma,"Eixample, Barcelona",https://www.booking.com/hotel/es/sweet-inn-avenida-roma-barcelona9.html?label=gen173nr-1BCAEoggI46AdSAnVzWARoRogBAZgBMbgBGcgBD9gBAegBAYgCAagCA7gC-NjpvAbAAgHSAiQ4ZGVlZWVhMi1mOTI5LTRmOWQtOTk0OC0xMzU5MWFkYWNlODjYAgXgAgE&sid=f990c8e44d8a49a026ee40f8b9e3b3a2&aid=304142&ucfs=1&arphpl=1&checkin=2025-03-01&checkout=2025-03-08&dest_id=-372490&dest_type=city&group_adults=2&req_adults=2&no_rooms=1&group_children=0&req_children=0&hpos=5&hapos=30&sr_order=popularity&srpvid=af307f62bb9d0534&srepoch=1738174032&all_sr_blocks=982622012_376231769_4_0_0&highlighted_blocks=982622012_376231769_4_0_0&matching_block_id=982622012_376231769_4_0_0&sr_pri_blocks=982622012_376231769_4_0_0__281176&from=searchresults
Hotel Boutique Mirlo Barcelona,"Sarrià-St. Gervasi, Barcelona",https://www.booking.com/hotel/es/mirlo-barcelona.html?label=gen173nr-1BCAEoggI46AdSAnVzWARoRogBAZgBMbgBGcgBD9gBAegBAYgCAagCA7gC-NjpvAbAAgHSAiQ4ZGVlZWVhMi1mOTI5LTRmOWQtOTk0OC0xMzU5MWFkYWNlODjYAgXgAgE&sid=f990c8e44d8a49a026ee40f8b9e3b3a2&aid=304142&ucfs=1&arphpl=1&checkin=2025-03-01&checkout=2025-03-08&dest_id=-372490&dest_type=city&group_adults=2&req_adults=2&no_rooms=1&group_children=0&req_children=0&hpos=6&hapos=31&sr_order=popularity&srpvid=af307f62bb9d0534&srepoch=1738174032&all_sr_blocks=630947205_402672646_2_2_0_359563&highlighted_blocks=630947205_402672646_2_2_0_359563&matching_block_id=630947205_402672646_2_2_0_359563&sr_pri_blocks=630947205_402672646_2_2_0_359563_601453&from=searchresults
Tendency Apartments 5,"Eixample, Barcelona",https://www.booking.com/hotel/es/tendency-apartments-5.html?label=gen173nr-1BCAEoggI46AdSAnVzWARoRogBAZgBMbgBGcgBD9gBAegBAYgCAagCA7gC-NjpvAbAAgHSAiQ4ZGVlZWVhMi1mOTI5LTRmOWQtOTk0OC0xMzU5MWFkYWNlODjYAgXgAgE&sid=f990c8e44d8a49a026ee40f8b9e3b3a2&aid=304142&ucfs=1&arphpl=1&checkin=2025-03-01&checkout=2025-03-08&dest_id=-372490&dest_type=city&group_adults=2&req_adults=2&no_rooms=1&group_children=0&req_children=0&hpos=7&hapos=32&sr_order=popularity&srpvid=af307f62bb9d0534&srepoch=1738174032&all_sr_blocks=84333903_372482590_5_0_0&highlighted_blocks=84333903_372482590_5_0_0&matching_block_id=84333903_372482590_5_0_0&sr_pri_blocks=84333903_372482590_5_0_0__412481&from=searchresults
Leonardo Boutique Hotel Barcelona Sagrada Familia,"Sant Martí, Barcelona",https://www.booking.com/hotel/es/leonardo-boutique-hotel-barcelona-sagrada-familia.html?label=gen173nr-1BCAEoggI46AdSAnVzWARoRogBAZgBMbgBGcgBD9gBAegBAYgCAagCA7gC-NjpvAbAAgHSAiQ4ZGVlZWVhMi1mOTI5LTRmOWQtOTk0OC0xMzU5MWFkYWNlODjYAgXgAgE&sid=f990c8e44d8a49a026ee40f8b9e3b3a2&aid=304142&ucfs=1&arphpl=1&checkin=2025-03-01&checkout=2025-03-08&dest_id=-372490&dest_type=city&group_adults=2&req_adults=2&no_rooms=1&group_children=0&req_children=0&hpos=8&hapos=33&sr_order=popularity&srpvid=af307f62bb9d0534&srepoch=1738174032&all_sr_blocks=27707101_91470765_0_2_0&highlighted_blocks=27707101_91470765_0_2_0&matching_block_id=27707101_91470765_0_2_0&sr_pri_blocks=27707101_91470765_0_2_0__174470&from_sustainable_property_sr=1&from=searchresults
1208 - EXCLUSIVE DESIGN APARTMENT,"Eixample, Barcelona",https://www.booking.com/hotel/es/1208-exclusive-design-apartment.html?label=gen173nr-1BCAEoggI46AdSAnVzWARoRogBAZgBMbgBGcgBD9gBAegBAYgCAagCA7gC-NjpvAbAAgHSAiQ4ZGVlZWVhMi1mOTI5LTRmOWQtOTk0OC0xMzU5MWFkYWNlODjYAgXgAgE&sid=f990c8e44d8a49a026ee40f8b9e3b3a2&aid=304142&ucfs=1&arphpl=1&checkin=2025-03-01&checkout=2025-03-08&dest_id=-372490&dest_type=city&group_adults=2&req_adults=2&no_rooms=1&group_children=0&req_children=0&hpos=9&hapos=34&sr_order=popularity&srpvid=af307f62bb9d0534&srepoch=1738174032&all_sr_blocks=718161701_407330330_4_0_0_611607&highlighted_blocks=718161701_407330330_4_0_0_611607&matching_block_id=718161701_407330330_4_0_0_611607&sr_pri_blocks=718161701_407330330_4_0_0_611607_461667&from=searchresults
Pensión Villanueva,"Ciutat Vella, Barcelona",https://www.booking.com/hotel/es/pension-villanueva-barcelona.html?label=gen173nr-1BCAEoggI46AdSAnVzWARoRogBAZgBMbgBGcgBD9gBAegBAYgCAagCA7gC-NjpvAbAAgHSAiQ4ZGVlZWVhMi1mOTI5LTRmOWQtOTk0OC0xMzU5MWFkYWNlODjYAgXgAgE&sid=f990c8e44d8a49a026ee40f8b9e3b3a2&aid=304142&ucfs=1&arphpl=1&checkin=2025-03-01&checkout=2025-03-08&dest_id=-372490&dest_type=city&group_adults=2&req_adults=2&no_rooms=1&group_children=0&req_children=0&hpos=10&hapos=35&sr_order=popularity&srpvid=af307f62bb9d0534&srepoch=1738174032&all_sr_blocks=49295201_96918595_0_0_0&highlighted_blocks=49295201_96918595_0_0_0&matching_block_id=49295201_96918595_0_0_0&sr_pri_blocks=49295201_96918595_0_0_0__151126&from=searchresults
Tendency Apartments 6,"Eixample, Barcelona",https://www.booking.com/hotel/es/tendency-apartments-6.html?label=gen173nr-1BCAEoggI46AdSAnVzWARoRogBAZgBMbgBGcgBD9gBAegBAYgCAagCA7gC-NjpvAbAAgHSAiQ4ZGVlZWVhMi1mOTI5LTRmOWQtOTk0OC0xMzU5MWFkYWNlODjYAgXgAgE&sid=f990c8e44d8a49a026ee40f8b9e3b3a2&aid=304142&ucfs=1&arphpl=1&checkin=2025-03-01&checkout=2025-03-08&dest_id=-372490&dest_type=city&group_adults=2&req_adults=2&no_rooms=1&group_children=0&req_children=0&hpos=11&hapos=36&sr_order=popularity&srpvid=af307f62bb9d0534&srepoch=1738174032&all_sr_blocks=88154221_375947835_4_0_0&highlighted_blocks=88154221_375947835_4_0_0&matching_block_id=88154221_375947835_4_0_0&sr_pri_blocks=88154221_375947835_4_0_0__376832&from=searchresults
Barcelonaforrent Tucson Suites,"Eixample, Barcelona",https://www.booking.com/hotel/es/barcelonaforrent-tucson-suites.html?label=gen173nr-1BCAEoggI46AdSAnVzWARoRogBAZgBMbgBGcgBD9gBAegBAYgCAagCA7gC-NjpvAbAAgHSAiQ4ZGVlZWVhMi1mOTI5LTRmOWQtOTk0OC0xMzU5MWFkYWNlODjYAgXgAgE&sid=f990c8e44d8a49a026ee40f8b9e3b3a2&aid=304142&ucfs=1&arphpl=1&checkin=2025-03-01&checkout=2025-03-08&dest_id=-372490&dest_type=city&group_adults=2&req_adults=2&no_rooms=1&group_children=0&req_children=0&hpos=12&hapos=37&sr_order=popularity&srpvid=af307f62bb9d0534&srepoch=1738174032&all_sr_blocks=111391701_406314126_0_0_0&highlighted_blocks=111391701_406314126_0_0_0&matching_block_id=111391701_406314126_0_0_0&sr_pri_blocks=111391701_406314126_0_0_0__452892&from=searchresults
SERHS Carlit Boutique Hotel,"Eixample, Barcelona",https://www.booking.com/hotel/es/carlit.html?label=gen173nr-1BCAEoggI46AdSAnVzWARoRogBAZgBMbgBGcgBD9gBAegBAYgCAagCA7gC-NjpvAbAAgHSAiQ4ZGVlZWVhMi1mOTI5LTRmOWQtOTk0OC0xMzU5MWFkYWNlODjYAgXgAgE&sid=f990c8e44d8a49a026ee40f8b9e3b3a2&aid=304142&ucfs=1&arphpl=1&checkin=2025-03-01&checkout=2025-03-08&dest_id=-372490&dest_type=city&group_adults=2&req_adults=2&no_rooms=1&group_children=0&req_children=0&hpos=13&hapos=38&sr_order=popularity&srpvid=af307f62bb9d0534&srepoch=1738174032&all_sr_blocks=44646402_91474863_0_2_0_488885&highlighted_blocks=44646402_91474863_0_2_0_488885&matching_block_id=44646402_91474863_0_2_0_488885&sr_pri_blocks=44646402_91474863_0_2_0_488885_213755&from=searchresults
Hotel Market,"Eixample, Barcelona",https://www.booking.com/hotel/es/market.html?label=gen173nr-1BCAEoggI46AdSAnVzWARoRogBAZgBMbgBGcgBD9gBAegBAYgCAagCA7gC-NjpvAbAAgHSAiQ4ZGVlZWVhMi1mOTI5LTRmOWQtOTk0OC0xMzU5MWFkYWNlODjYAgXgAgE&sid=f990c8e44d8a49a026ee40f8b9e3b3a2&aid=304142&ucfs=1&arphpl=1&checkin=2025-03-01&checkout=2025-03-08&dest_id=-372490&dest_type=city&group_adults=2&req_adults=2&no_rooms=1&group_children=0&req_children=0&hpos=14&hapos=39&sr_order=popularity&srpvid=af307f62bb9d0534&srepoch=1738174032&all_sr_blocks=9411113_88195485_0_0_0&highlighted_blocks=9411113_88195485_0_0_0&matching_block_id=9411113_88195485_0_0_0&sr_pri_blocks=9411113_88195485_0_0_0__217270&from=searchresults
Hotel Via Augusta,"Sarrià-St. Gervasi, Barcelona",https://www.booking.com/hotel/es/viaaugusta.html?label=gen173nr-1BCAEoggI46AdSAnVzWARoRogBAZgBMbgBGcgBD9gBAegBAYgCAagCA7gC-NjpvAbAAgHSAiQ4ZGVlZWVhMi1mOTI5LTRmOWQtOTk0OC0xMzU5MWFkYWNlODjYAgXgAgE&sid=f990c8e44d8a49a026ee40f8b9e3b3a2&aid=304142&ucfs=1&arphpl=1&checkin=2025-03-01&checkout=2025-03-08&dest_id=-372490&dest_type=city&group_adults=2&req_adults=2&no_rooms=1&group_children=0&req_children=0&hpos=15&hapos=40&sr_order=popularity&srpvid=af307f62bb9d0534&srepoch=1738174032&all_sr_blocks=9098512_88190354_0_2_0&highlighted_blocks=9098512_88190354_0_2_0&matching_block_id=9098512_88190354_0_2_0&sr_pri_blocks=9098512_88190354_0_2_0__202550&from_sustainable_property_sr=1&from=searchresults
BizFlats Eixample Apartments,"Eixample, Barcelona",https://www.booking.com/hotel/es/bizflats-dandi-eixample-apartments.html?label=gen173nr-1BCAEoggI46AdSAnVzWARoRogBAZgBMbgBGcgBD9gBAegBAYgCAagCA7gC-NjpvAbAAgHSAiQ4ZGVlZWVhMi1mOTI5LTRmOWQtOTk0OC0xMzU5MWFkYWNlODjYAgXgAgE&sid=f990c8e44d8a49a026ee40f8b9e3b3a2&aid=304142&ucfs=1&arphpl=1&checkin=2025-03-01&checkout=2025-03-08&dest_id=-372490&dest_type=city&group_adults=2&req_adults=2&no_rooms=1&group_children=0&req_children=0&hpos=16&hapos=41&sr_order=popularity&srpvid=af307f62bb9d0534&srepoch=1738174032&all_sr_blocks=88658210_200927367_2_0_0&highlighted_blocks=88658210_200927367_2_0_0&matching_block_id=88658210_200927367_2_0_0&sr_pri_blocks=88658210_200927367_2_0_0__431733&from=searchresults
Exe Mitre,"Sarrià-St. Gervasi, Barcelona",https://www.booking.com/hotel/es/mitre.html?label=gen173nr-1BCAEoggI46AdSAnVzWARoRogBAZgBMbgBGcgBD9gBAegBAYgCAagCA7gC-NjpvAbAAgHSAiQ4ZGVlZWVhMi1mOTI5LTRmOWQtOTk0OC0xMzU5MWFkYWNlODjYAgXgAgE&sid=f990c8e44d8a49a026ee40f8b9e3b3a2&aid=304142&ucfs=1&arphpl=1&checkin=2025-03-01&checkout=2025-03-08&dest_id=-372490&dest_type=city&group_adults=2&req_adults=2&no_rooms=1&group_children=0&req_children=0&hpos=17&hapos=42&sr_order=popularity&srpvid=af307f62bb9d0534&srepoch=1738174032&all_sr_blocks=9008303_91462634_2_2_0&highlighted_blocks=9008303_91462634_2_2_0&matching_block_id=9008303_91462634_2_2_0&sr_pri_blocks=9008303_91462634_2_2_0__176753&from_sustainable_property_sr=1&from=searchresults
Urbany Hostel Barcelona,"Sant Martí, Barcelona",https://www.booking.com/hotel/es/barcelona-urbany-hostel.html?label=gen173nr-1BCAEoggI46AdSAnVzWARoRogBAZgBMbgBGcgBD9gBAegBAYgCAagCA7gC-NjpvAbAAgHSAiQ4ZGVlZWVhMi1mOTI5LTRmOWQtOTk0OC0xMzU5MWFkYWNlODjYAgXgAgE&sid=f990c8e44d8a49a026ee40f8b9e3b3a2&aid=304142&ucfs=1&arphpl=1&checkin=2025-03-01&checkout=2025-03-08&dest_id=-372490&dest_type=city&group_adults=2&req_adults=2&no_rooms=1&group_children=0&req_children=0&hpos=18&hapos=43&sr_order=popularity&srpvid=af307f62bb9d0534&srepoch=1738174032&all_sr_blocks=1484203_95139582_2_0_0&highlighted_blocks=1484203_95139582_2_0_0&matching_block_id=1484203_95139582_2_0_0&sr_pri_blocks=1484203_95139582_2_0_0__144148&from_sustainable_property_sr=1&from=searchresults
Feelathome Casa Bertrand,"Eixample, Barcelona",https://www.booking.com/hotel/es/feelathome-casa-bertrand.html?label=gen173nr-1BCAEoggI46AdSAnVzWARoRogBAZgBMbgBGcgBD9gBAegBAYgCAagCA7gC-NjpvAbAAgHSAiQ4ZGVlZWVhMi1mOTI5LTRmOWQtOTk0OC0xMzU5MWFkYWNlODjYAgXgAgE&sid=f990c8e44d8a49a026ee40f8b9e3b3a2&aid=304142&ucfs=1&arphpl=1&checkin=2025-03-01&checkout=2025-03-08&dest_id=-372490&dest_type=city&group_adults=2&req_adults=2&no_rooms=1&group_children=0&req_children=0&hpos=19&hapos=44&sr_order=popularity&srpvid=af307f62bb9d0534&srepoch=1738174032&all_sr_blocks=958815101_368452207_2_0_0&highlighted_blocks=958815101_368452207_2_0_0&matching_block_id=958815101_368452207_2_0_0&sr_pri_blocks=958815101_368452207_2_0_0__219352&from=searchresults
Cuatro Naciones,"Ciutat Vella, Barcelona",https://www.booking.com/hotel/es/cuatro-naciones.html?label=gen173nr-1BCAEoggI46AdSAnVzWARoRogBAZgBMbgBGcgBD9gBAegBAYgCAagCA7gC-NjpvAbAAgHSAiQ4ZGVlZWVhMi1mOTI5LTRmOWQtOTk0OC0xMzU5MWFkYWNlODjYAgXgAgE&sid=f990c8e44d8a49a026ee40f8b9e3b3a2&aid=304142&ucfs=1&arphpl=1&checkin=2025-03-01&checkout=2025-03-08&dest_id=-372490&dest_type=city&group_adults=2&req_adults=2&no_rooms=1&group_children=0&req_children=0&hpos=20&hapos=45&sr_order=popularity&srpvid=af307f62bb9d0534&srepoch=1738174032&all_sr_blocks=23984309_91913557_2_2_0&highlighted_blocks=23984309_91913557_2_2_0&matching_block_id=23984309_91913557_2_2_0&sr_pri_blocks=23984309_91913557_2_2_0__195800&from=searchresults
Bonanova Suite,"Sarrià-St. Gervasi, Barcelona",https://www.booking.com/hotel/es/aparthotel-bonanova.html?label=gen173nr-1BCAEoggI46AdSAnVzWARoRogBAZgBMbgBGcgBD9gBAegBAYgCAagCA7gC-NjpvAbAAgHSAiQ4ZGVlZWVhMi1mOTI5LTRmOWQtOTk0OC0xMzU5MWFkYWNlODjYAgXgAgE&sid=f990c8e44d8a49a026ee40f8b9e3b3a2&aid=304142&ucfs=1&arphpl=1&checkin=2025-03-01&checkout=2025-03-08&dest_id=-372490&dest_type=city&group_adults=2&req_adults=2&no_rooms=1&group_children=0&req_children=0&hpos=21&hapos=46&sr_order=popularity&srpvid=af307f62bb9d0534&srepoch=1738174032&all_sr_blocks=1325502_95137214_2_0_0&highlighted_blocks=1325502_95137214_2_0_0&matching_block_id=1325502_95137214_2_0_0&sr_pri_blocks=1325502_95137214_2_0_0__201949&from=searchresults
Hotel Condal,"Ciutat Vella, Barcelona",https://www.booking.com/hotel/es/condal-barcelona.html?label=gen173nr-1BCAEoggI46AdSAnVzWARoRogBAZgBMbgBGcgBD9gBAegBAYgCAagCA7gC-NjpvAbAAgHSAiQ4ZGVlZWVhMi1mOTI5LTRmOWQtOTk0OC0xMzU5MWFkYWNlODjYAgXgAgE&sid=f990c8e44d8a49a026ee40f8b9e3b3a2&aid=304142&ucfs=1&arphpl=1&checkin=2025-03-01&checkout=2025-03-08&dest_id=-372490&dest_type=city&group_adults=2&req_adults=2&no_rooms=1&group_children=0&req_children=0&hpos=22&hapos=47&sr_order=popularity&srpvid=af307f62bb9d0534&srepoch=1738174032&all_sr_blocks=23826305_88204202_2_2_0&highlighted_blocks=23826305_88204202_2_2_0&matching_block_id=23826305_88204202_2_2_0&sr_pri_blocks=23826305_88204202_2_2_0__190231&from=searchresults
Hotel Casa Teva Barcelona,"Ciutat Vella, Barcelona",https://www.booking.com/hotel/es/casa-teva-barcelona.html?label=gen173nr-1BCAEoggI46AdSAnVzWARoRogBAZgBMbgBGcgBD9gBAegBAYgCAagCA7gC-NjpvAbAAgHSAiQ4ZGVlZWVhMi1mOTI5LTRmOWQtOTk0OC0xMzU5MWFkYWNlODjYAgXgAgE&sid=f990c8e44d8a49a026ee40f8b9e3b3a2&aid=304142&ucfs=1&arphpl=1&checkin=2025-03-01&checkout=2025-03-08&dest_id=-372490&dest_type=city&group_adults=2&req_adults=2&no_rooms=1&group_children=0&req_children=0&hpos=23&hapos=48&sr_order=popularity&srpvid=af307f62bb9d0534&srepoch=1738174032&all_sr_blocks=9039116_88450465_0_1_0&highlighted_blocks=9039116_88450465_0_1_0&matching_block_id=9039116_88450465_0_1_0&sr_pri_blocks=9039116_88450465_0_1_0__255152&from=searchresults
Hotel Ramblas Internacional,"Ciutat Vella, Barcelona",https://www.booking.com/hotel/es/husainternacional.html?label=gen173nr-1BCAEoggI46AdSAnVzWARoRogBAZgBMbgBGcgBD9gBAegBAYgCAagCA7gC-NjpvAbAAgHSAiQ4ZGVlZWVhMi1mOTI5LTRmOWQtOTk0OC0xMzU5MWFkYWNlODjYAgXgAgE&sid=f990c8e44d8a49a026ee40f8b9e3b3a2&aid=304142&ucfs=1&arphpl=1&checkin=2025-03-01&checkout=2025-03-08&dest_id=-372490&dest_type=city&group_adults=2&req_adults=2&no_rooms=1&group_children=0&req_children=0&hpos=1&hapos=49&sr_order=popularity&srpvid=af307f62bb9d0534&srepoch=1738174035&all_sr_blocks=9048610_99408980_0_2_0&highlighted_blocks=9048610_99408980_0_2_0&matching_block_id=9048610_99408980_0_2_0&sr_pri_blocks=9048610_99408980_0_2_0__192830&from=searchresults
Catalonia Atenas,"Sant Martí, Barcelona",https://www.booking.com/hotel/es/cataloniatenas.html?label=gen173nr-1BCAEoggI46AdSAnVzWARoRogBAZgBMbgBGcgBD9gBAegBAYgCAagCA7gC-NjpvAbAAgHSAiQ4ZGVlZWVhMi1mOTI5LTRmOWQtOTk0OC0xMzU5MWFkYWNlODjYAgXgAgE&sid=f990c8e44d8a49a026ee40f8b9e3b3a2&aid=304142&ucfs=1&arphpl=1&checkin=2025-03-01&checkout=2025-03-08&dest_id=-372490&dest_type=city&group_adults=2&req_adults=2&no_rooms=1&group_children=0&req_children=0&hpos=2&hapos=50&sr_order=popularity&srpvid=af307f62bb9d0534&srepoch=1738174035&all_sr_blocks=9059407_88181970_0_2_0&highlighted_blocks=9059407_88181970_0_2_0&matching_block_id=9059407_88181970_0_2_0&sr_pri_blocks=9059407_88181970_0_2_0__190778&from_sustainable_property_sr=1&from=searchresults
Yomo Hostal BCN Port,"Sants-Montjuïc, Barcelona",https://www.booking.com/hotel/es/hostal-bcn-port.html?label=gen173nr-1BCAEoggI46AdSAnVzWARoRogBAZgBMbgBGcgBD9gBAegBAYgCAagCA7gC-NjpvAbAAgHSAiQ4ZGVlZWVhMi1mOTI5LTRmOWQtOTk0OC0xMzU5MWFkYWNlODjYAgXgAgE&sid=f990c8e44d8a49a026ee40f8b9e3b3a2&aid=304142&ucfs=1&arphpl=1&checkin=2025-03-01&checkout=2025-03-08&dest_id=-372490&dest_type=city&group_adults=2&req_adults=2&no_rooms=1&group_children=0&req_children=0&hpos=3&hapos=51&sr_order=popularity&srpvid=af307f62bb9d0534&srepoch=1738174035&all_sr_blocks=17311101_88197053_0_2_0&highlighted_blocks=17311101_88197053_0_2_0&matching_block_id=17311101_88197053_0_2_0&sr_pri_blocks=17311101_88197053_0_2_0__167000&from=searchresults
The Social Hub Barcelona Poblenou,"Sant Martí, Barcelona",https://www.booking.com/hotel/es/the-social-hub-barcelona-poblenou.html?label=gen173nr-1BCAEoggI46AdSAnVzWARoRogBAZgBMbgBGcgBD9gBAegBAYgCAagCA7gC-NjpvAbAAgHSAiQ4ZGVlZWVhMi1mOTI5LTRmOWQtOTk0OC0xMzU5MWFkYWNlODjYAgXgAgE&sid=f990c8e44d8a49a026ee40f8b9e3b3a2&aid=304142&ucfs=1&arphpl=1&checkin=2025-03-01&checkout=2025-03-08&dest_id=-372490&dest_type=city&group_adults=2&req_adults=2&no_rooms=1&group_children=0&req_children=0&hpos=4&hapos=52&sr_order=popularity&srpvid=af307f62bb9d0534&srepoch=1738174035&all_sr_blocks=910251301_362254989_0_42_0&highlighted_blocks=910251301_362254989_0_42_0&matching_block_id=910251301_362254989_0_42_0&sr_pri_blocks=910251301_362254989_0_42_0__244760&from=searchresults
Hotel Monegal,"Ciutat Vella, Barcelona",https://www.booking.com/hotel/es/monegal.html?label=gen173nr-1BCAEoggI46AdSAnVzWARoRogBAZgBMbgBGcgBD9gBAegBAYgCAagCA7gC-NjpvAbAAgHSAiQ4ZGVlZWVhMi1mOTI5LTRmOWQtOTk0OC0xMzU5MWFkYWNlODjYAgXgAgE&sid=f990c8e44d8a49a026ee40f8b9e3b3a2&aid=304142&ucfs=1&arphpl=1&checkin=2025-03-01&checkout=2025-03-08&dest_id=-372490&dest_type=city&group_adults=2&req_adults=2&no_rooms=1&group_children=0&req_children=0&hpos=5&hapos=53&sr_order=popularity&srpvid=af307f62bb9d0534&srepoch=1738174035&all_sr_blocks=9043511_117716363_0_0_0&highlighted_blocks=9043511_117716363_0_0_0&matching_block_id=9043511_117716363_0_0_0&sr_pri_blocks=9043511_117716363_0_0_0__166000&from=searchresults
Silken Sant Gervasi,"Sarrià-St. Gervasi, Barcelona",https://www.booking.com/hotel/es/stgervasi.html?label=gen173nr-1BCAEoggI46AdSAnVzWARoRogBAZgBMbgBGcgBD9gBAegBAYgCAagCA7gC-NjpvAbAAgHSAiQ4ZGVlZWVhMi1mOTI5LTRmOWQtOTk0OC0xMzU5MWFkYWNlODjYAgXgAgE&sid=f990c8e44d8a49a026ee40f8b9e3b3a2&aid=304142&ucfs=1&arphpl=1&checkin=2025-03-01&checkout=2025-03-08&dest_id=-372490&dest_type=city&group_adults=2&req_adults=2&no_rooms=1&group_children=0&req_children=0&hpos=6&hapos=54&sr_order=popularity&srpvid=af307f62bb9d0534&srepoch=1738174035&all_sr_blocks=9115201_91462822_0_2_0_88000&highlighted_blocks=9115201_91462822_0_2_0_88000&matching_block_id=9115201_91462822_0_2_0_88000&sr_pri_blocks=9115201_91462822_0_2_0_88000_239177&from_sustainable_property_sr=1&from=searchresults
Hotel Nuevo Triunfo,"Sants-Montjuïc, Barcelona",https://www.booking.com/hotel/es/nuevotriunfo.html?label=gen173nr-1BCAEoggI46AdSAnVzWARoRogBAZgBMbgBGcgBD9gBAegBAYgCAagCA7gC-NjpvAbAAgHSAiQ4ZGVlZWVhMi1mOTI5LTRmOWQtOTk0OC0xMzU5MWFkYWNlODjYAgXgAgE&sid=f990c8e44d8a49a026ee40f8b9e3b3a2&aid=304142&ucfs=1&arphpl=1&checkin=2025-03-01&checkout=2025-03-08&dest_id=-372490&dest_type=city&group_adults=2&req_adults=2&no_rooms=1&group_children=0&req_children=0&hpos=7&hapos=55&sr_order=popularity&srpvid=af307f62bb9d0534&srepoch=1738174035&all_sr_blocks=9037403_88181610_0_1_0&highlighted_blocks=9037403_88181610_0_1_0&matching_block_id=9037403_88181610_0_1_0&sr_pri_blocks=9037403_88181610_0_1_0__233800&from=searchresults
Mihlton Barcelona Boutique B&B,"Eixample, Barcelona",https://www.booking.com/hotel/es/mihlton-barcelona.html?label=gen173nr-1BCAEoggI46AdSAnVzWARoRogBAZgBMbgBGcgBD9gBAegBAYgCAagCA7gC-NjpvAbAAgHSAiQ4ZGVlZWVhMi1mOTI5LTRmOWQtOTk0OC0xMzU5MWFkYWNlODjYAgXgAgE&sid=f990c8e44d8a49a026ee40f8b9e3b3a2&aid=304142&ucfs=1&arphpl=1&checkin=2025-03-01&checkout=2025-03-08&dest_id=-372490&dest_type=city&group_adults=2&req_adults=2&no_rooms=1&group_children=0&req_children=0&hpos=8&hapos=56&sr_order=popularity&srpvid=af307f62bb9d0534&srepoch=1738174035&all_sr_blocks=54286010_0_2_0_0&highlighted_blocks=54286010_0_2_0_0&matching_block_id=54286010_0_2_0_0&sr_pri_blocks=54286010_0_2_0_0__216349&from=searchresults
Hotel El Call,"Ciutat Vella, Barcelona",https://www.booking.com/hotel/es/call.html?label=gen173nr-1BCAEoggI46AdSAnVzWARoRogBAZgBMbgBGcgBD9gBAegBAYgCAagCA7gC-NjpvAbAAgHSAiQ4ZGVlZWVhMi1mOTI5LTRmOWQtOTk0OC0xMzU5MWFkYWNlODjYAgXgAgE&sid=f990c8e44d8a49a026ee40f8b9e3b3a2&aid=304142&ucfs=1&arphpl=1&checkin=2025-03-01&checkout=2025-03-08&dest_id=-372490&dest_type=city&group_adults=2&req_adults=2&no_rooms=1&group_children=0&req_children=0&hpos=9&hapos=57&sr_order=popularity&srpvid=af307f62bb9d0534&srepoch=1738174035&all_sr_blocks=17314206_88197051_0_0_0&highlighted_blocks=17314206_88197051_0_0_0&matching_block_id=17314206_88197051_0_0_0&sr_pri_blocks=17314206_88197051_0_0_0__176895&from=searchresults
Casual Colours Barcelona,"Les Corts, Barcelona",https://www.booking.com/hotel/es/prisma.html?label=gen173nr-1BCAEoggI46AdSAnVzWARoRogBAZgBMbgBGcgBD9gBAegBAYgCAagCA7gC-NjpvAbAAgHSAiQ4ZGVlZWVhMi1mOTI5LTRmOWQtOTk0OC0xMzU5MWFkYWNlODjYAgXgAgE&sid=f990c8e44d8a49a026ee40f8b9e3b3a2&aid=304142&ucfs=1&arphpl=1&checkin=2025-03-01&checkout=2025-03-08&dest_id=-372490&dest_type=city&group_adults=2&req_adults=2&no_rooms=1&group_children=0&req_children=0&hpos=10&hapos=58&sr_order=popularity&srpvid=af307f62bb9d0534&srepoch=1738174035&all_sr_blocks=9043703_348647753_2_1_0&highlighted_blocks=9043703_348647753_2_1_0&matching_block_id=9043703_348647753_2_1_0&sr_pri_blocks=9043703_348647753_2_1_0__221792&from=searchresults
Sixties Ramblas,"Ciutat Vella, Barcelona",https://www.booking.com/hotel/es/apartahotel-gutenberg.html?label=gen173nr-1BCAEoggI46AdSAnVzWARoRogBAZgBMbgBGcgBD9gBAegBAYgCAagCA7gC-NjpvAbAAgHSAiQ4ZGVlZWVhMi1mOTI5LTRmOWQtOTk0OC0xMzU5MWFkYWNlODjYAgXgAgE&sid=f990c8e44d8a49a026ee40f8b9e3b3a2&aid=304142&ucfs=1&arphpl=1&checkin=2025-03-01&checkout=2025-03-08&dest_id=-372490&dest_type=city&group_adults=2&req_adults=2&no_rooms=1&group_children=0&req_children=0&hpos=11&hapos=59&sr_order=popularity&srpvid=af307f62bb9d0534&srepoch=1738174035&all_sr_blocks=1444308_95139055_0_2_0&highlighted_blocks=1444308_95139055_0_2_0&matching_block_id=1444308_95139055_0_2_0&sr_pri_blocks=1444308_95139055_0_2_0__236386&from=searchresults
Feelathome Center Apartments,"Eixample, Barcelona",https://www.booking.com/hotel/es/gaudi-apartment.html?label=gen173nr-1BCAEoggI46AdSAnVzWARoRogBAZgBMbgBGcgBD9gBAegBAYgCAagCA7gC-NjpvAbAAgHSAiQ4ZGVlZWVhMi1mOTI5LTRmOWQtOTk0OC0xMzU5MWFkYWNlODjYAgXgAgE&sid=f990c8e44d8a49a026ee40f8b9e3b3a2&aid=304142&ucfs=1&arphpl=1&checkin=2025-03-01&checkout=2025-03-08&dest_id=-372490&dest_type=city&group_adults=2&req_adults=2&no_rooms=1&group_children=0&req_children=0&hpos=12&hapos=60&sr_order=popularity&srpvid=af307f62bb9d0534&srepoch=1738174035&all_sr_blocks=9370018_88493696_2_0_0&highlighted_blocks=9370018_88493696_2_0_0&matching_block_id=9370018_88493696_2_0_0&sr_pri_blocks=9370018_88493696_2_0_0__203432&from=searchresults
Feelathome Poblenou Beach Apartments,"Sant Martí, Barcelona",https://www.booking.com/hotel/es/feelathome-poblenou-beach-apartments.html?label=gen173nr-1BCAEoggI46AdSAnVzWARoRogBAZgBMbgBGcgBD9gBAegBAYgCAagCA7gC-NjpvAbAAgHSAiQ4ZGVlZWVhMi1mOTI5LTRmOWQtOTk0OC0xMzU5MWFkYWNlODjYAgXgAgE&sid=f990c8e44d8a49a026ee40f8b9e3b3a2&aid=304142&ucfs=1&arphpl=1&checkin=2025-03-01&checkout=2025-03-08&dest_id=-372490&dest_type=city&group_adults=2&req_adults=2&no_rooms=1&group_children=0&req_children=0&hpos=13&hapos=61&sr_order=popularity&srpvid=af307f62bb9d0534&srepoch=1738174035&all_sr_blocks=17288601_91464588_2_0_0&highlighted_blocks=17288601_91464588_2_0_0&matching_block_id=17288601_91464588_2_0_0&sr_pri_blocks=17288601_91464588_2_0_0__218561&from=searchresults
Pol & Grace Hotel,"Sarrià-St. Gervasi, Barcelona",https://www.booking.com/hotel/es/guillermo-tell.html?label=gen173nr-1BCAEoggI46AdSAnVzWARoRogBAZgBMbgBGcgBD9gBAegBAYgCAagCA7gC-NjpvAbAAgHSAiQ4ZGVlZWVhMi1mOTI5LTRmOWQtOTk0OC0xMzU5MWFkYWNlODjYAgXgAgE&sid=f990c8e44d8a49a026ee40f8b9e3b3a2&aid=304142&ucfs=1&arphpl=1&checkin=2025-03-01&checkout=2025-03-08&dest_id=-372490&dest_type=city&group_adults=2&req_adults=2&no_rooms=1&group_children=0&req_children=0&hpos=14&hapos=62&sr_order=popularity&srpvid=af307f62bb9d0534&srepoch=1738174035&all_sr_blocks=9235709_91908354_0_2_0&highlighted_blocks=9235709_91908354_0_2_0&matching_block_id=9235709_91908354_0_2_0&sr_pri_blocks=9235709_91908354_0_2_0__212797&from=searchresults
Generator Barcelona,"Gràcia, Barcelona",https://www.booking.com/hotel/es/generator-hostel-barcelona.html?label=gen173nr-1BCAEoggI46AdSAnVzWARoRogBAZgBMbgBGcgBD9gBAegBAYgCAagCA7gC-NjpvAbAAgHSAiQ4ZGVlZWVhMi1mOTI5LTRmOWQtOTk0OC0xMzU5MWFkYWNlODjYAgXgAgE&sid=f990c8e44d8a49a026ee40f8b9e3b3a2&aid=304142&ucfs=1&arphpl=1&checkin=2025-03-01&checkout=2025-03-08&dest_id=-372490&dest_type=city&group_adults=2&req_adults=2&no_rooms=1&group_children=0&req_children=0&hpos=15&hapos=63&sr_order=popularity&srpvid=af307f62bb9d0534&srepoch=1738174035&all_sr_blocks=38624409_139595419_0_2_0_548717&highlighted_blocks=38624409_139595419_0_2_0_548717&matching_block_id=38624409_139595419_0_2_0_548717&sr_pri_blocks=38624409_139595419_0_2_0_548717_245123&from=searchresults
Leonardo Hotel Barcelona Las Ramblas,"Ciutat Vella, Barcelona",https://www.booking.com/hotel/es/leonardo-hotel-barcelona-las-ramblas.html?label=gen173nr-1BCAEoggI46AdSAnVzWARoRogBAZgBMbgBGcgBD9gBAegBAYgCAagCA7gC-NjpvAbAAgHSAiQ4ZGVlZWVhMi1mOTI5LTRmOWQtOTk0OC0xMzU5MWFkYWNlODjYAgXgAgE&sid=f990c8e44d8a49a026ee40f8b9e3b3a2&aid=304142&ucfs=1&arphpl=1&checkin=2025-03-01&checkout=2025-03-08&dest_id=-372490&dest_type=city&group_adults=2&req_adults=2&no_rooms=1&group_children=0&req_children=0&hpos=16&hapos=64&sr_order=popularity&srpvid=af307f62bb9d0534&srepoch=1738174035&all_sr_blocks=9036307_91462699_0_2_0&highlighted_blocks=9036307_91462699_0_2_0&matching_block_id=9036307_91462699_0_2_0&sr_pri_blocks=9036307_91462699_0_2_0__238730&from_sustainable_property_sr=1&from=searchresults
Catalonia La Boquería,"Ciutat Vella, Barcelona",https://www.booking.com/hotel/es/catalonia-la-boqueria.html?label=gen173nr-1BCAEoggI46AdSAnVzWARoRogBAZgBMbgBGcgBD9gBAegBAYgCAagCA7gC-NjpvAbAAgHSAiQ4ZGVlZWVhMi1mOTI5LTRmOWQtOTk0OC0xMzU5MWFkYWNlODjYAgXgAgE&sid=f990c8e44d8a49a026ee40f8b9e3b3a2&aid=304142&ucfs=1&arphpl=1&checkin=2025-03-01&checkout=2025-03-08&dest_id=-372490&dest_type=city&group_adults=2&req_adults=2&no_rooms=1&group_children=0&req_children=0&hpos=17&hapos=65&sr_order=popularity&srpvid=af307f62bb9d0534&srepoch=1738174035&all_sr_blocks=4991808_94105299_0_2_0_203806&highlighted_blocks=4991808_94105299_0_2_0_203806&matching_block_id=4991808_94105299_0_2_0_203806&sr_pri_blocks=4991808_94105299_0_2_0_203806_271278&from_sustainable_property_sr=1&from=searchresults
Novotel Barcelona City,"Sant Martí, Barcelona",https://www.booking.com/hotel/es/novotel-barcelona-city.html?label=gen173nr-1BCAEoggI46AdSAnVzWARoRogBAZgBMbgBGcgBD9gBAegBAYgCAagCA7gC-NjpvAbAAgHSAiQ4ZGVlZWVhMi1mOTI5LTRmOWQtOTk0OC0xMzU5MWFkYWNlODjYAgXgAgE&sid=f990c8e44d8a49a026ee40f8b9e3b3a2&aid=304142&ucfs=1&arphpl=1&checkin=2025-03-01&checkout=2025-03-08&dest_id=-372490&dest_type=city&group_adults=2&req_adults=2&no_rooms=1&group_children=0&req_children=0&hpos=18&hapos=66&sr_order=popularity&srpvid=af307f62bb9d0534&srepoch=1738174035&all_sr_blocks=18941701_93714692_2_42_0&highlighted_blocks=18941701_93714692_2_42_0&matching_block_id=18941701_93714692_2_42_0&sr_pri_blocks=18941701_93714692_2_42_0__323685&from_sustainable_property_sr=1&from=searchresults
NH Barcelona Stadium,"Les Corts, Barcelona",https://www.booking.com/hotel/es/nh-barcelona-stadium.html?label=gen173nr-1BCAEoggI46AdSAnVzWARoRogBAZgBMbgBGcgBD9gBAegBAYgCAagCA7gC-NjpvAbAAgHSAiQ4ZGVlZWVhMi1mOTI5LTRmOWQtOTk0OC0xMzU5MWFkYWNlODjYAgXgAgE&sid=f990c8e44d8a49a026ee40f8b9e3b3a2&aid=304142&ucfs=1&arphpl=1&checkin=2025-03-01&checkout=2025-03-08&dest_id=-372490&dest_type=city&group_adults=2&req_adults=2&no_rooms=1&group_children=0&req_children=0&hpos=19&hapos=67&sr_order=popularity&srpvid=af307f62bb9d0534&srepoch=1738174035&all_sr_blocks=9096502_93709151_0_2_0&highlighted_blocks=9096502_93709151_0_2_0&matching_block_id=9096502_93709151_0_2_0&sr_pri_blocks=9096502_93709151_0_2_0__265829&from_sustainable_property_sr=1&from=searchresults
Hotel Inglés,"Ciutat Vella, Barcelona",https://www.booking.com/hotel/es/hotelinglesbarcelona.html?label=gen173nr-1BCAEoggI46AdSAnVzWARoRogBAZgBMbgBGcgBD9gBAegBAYgCAagCA7gC-NjpvAbAAgHSAiQ4ZGVlZWVhMi1mOTI5LTRmOWQtOTk0OC0xMzU5MWFkYWNlODjYAgXgAgE&sid=f990c8e44d8a49a026ee40f8b9e3b3a2&aid=304142&ucfs=1&arphpl=1&checkin=2025-03-01&checkout=2025-03-08&dest_id=-372490&dest_type=city&group_adults=2&req_adults=2&no_rooms=1&group_children=0&req_children=0&hpos=20&hapos=68&sr_order=popularity&srpvid=af307f62bb9d0534&srepoch=1738174035&all_sr_blocks=9159201_88191402_0_0_0&highlighted_blocks=9159201_88191402_0_0_0&matching_block_id=9159201_88191402_0_0_0&sr_pri_blocks=9159201_88191402_0_0_0__191525&from=searchresults
Leonardo Hotel Barcelona Gran Via,"Eixample, Barcelona",https://www.booking.com/hotel/es/leonardo-hotel-barcelona-gran-via.html?label=gen173nr-1BCAEoggI46AdSAnVzWARoRogBAZgBMbgBGcgBD9gBAegBAYgCAagCA7gC-NjpvAbAAgHSAiQ4ZGVlZWVhMi1mOTI5LTRmOWQtOTk0OC0xMzU5MWFkYWNlODjYAgXgAgE&sid=f990c8e44d8a49a026ee40f8b9e3b3a2&aid=304142&ucfs=1&arphpl=1&checkin=2025-03-01&checkout=2025-03-08&dest_id=-372490&dest_type=city&group_adults=2&req_adults=2&no_rooms=1&group_children=0&req_children=0&hpos=21&hapos=69&sr_order=popularity&srpvid=af307f62bb9d0534&srepoch=1738174035&all_sr_blocks=9115414_88190628_0_2_0&highlighted_blocks=9115414_88190628_0_2_0&matching_block_id=9115414_88190628_0_2_0&sr_pri_blocks=9115414_88190628_0_2_0__286970&from_sustainable_property_sr=1&from=searchresults
Hotel Cortes Rambla,"Ciutat Vella, Barcelona",https://www.booking.com/hotel/es/cortes-boutique.html?label=gen173nr-1BCAEoggI46AdSAnVzWARoRogBAZgBMbgBGcgBD9gBAegBAYgCAagCA7gC-NjpvAbAAgHSAiQ4ZGVlZWVhMi1mOTI5LTRmOWQtOTk0OC0xMzU5MWFkYWNlODjYAgXgAgE&sid=f990c8e44d8a49a026ee40f8b9e3b3a2&aid=304142&ucfs=1&arphpl=1&checkin=2025-03-01&checkout=2025-03-08&dest_id=-372490&dest_type=city&group_adults=2&req_adults=2&no_rooms=1&group_children=0&req_children=0&hpos=22&hapos=70&sr_order=popularity&srpvid=af307f62bb9d0534&srepoch=1738174035&all_sr_blocks=1011517809_373820432_0_0_0&highlighted_blocks=1011517809_373820432_0_0_0&matching_block_id=1011517809_373820432_0_0_0&sr_pri_blocks=1011517809_373820432_0_0_0__350798&from=searchresults
Exe Ramblas Boquería,"Ciutat Vella, Barcelona",https://www.booking.com/hotel/es/eurostars-ramblas-boqueria.html?label=gen173nr-1BCAEoggI46AdSAnVzWARoRogBAZgBMbgBGcgBD9gBAegBAYgCAagCA7gC-NjpvAbAAgHSAiQ4ZGVlZWVhMi1mOTI5LTRmOWQtOTk0OC0xMzU5MWFkYWNlODjYAgXgAgE&sid=f990c8e44d8a49a026ee40f8b9e3b3a2&aid=304142&ucfs=1&arphpl=1&checkin=2025-03-01&checkout=2025-03-08&dest_id=-372490&dest_type=city&group_adults=2&req_adults=2&no_rooms=1&group_children=0&req_children=0&hpos=23&hapos=71&sr_order=popularity&srpvid=af307f62bb9d0534&srepoch=1738174035&all_sr_blocks=1930801_95144068_2_2_0&highlighted_blocks=1930801_95144068_2_2_0&matching_block_id=1930801_95144068_2_2_0&sr_pri_blocks=1930801_95144068_2_2_0__282605&from_sustainable_property_sr=1&from=searchresults
Barceló Sants,"Sants-Montjuïc, Barcelona",https://www.booking.com/hotel/es/barcelo-sants.html?label=gen173nr-1BCAEoggI46AdSAnVzWARoRogBAZgBMbgBGcgBD9gBAegBAYgCAagCA7gC-NjpvAbAAgHSAiQ4ZGVlZWVhMi1mOTI5LTRmOWQtOTk0OC0xMzU5MWFkYWNlODjYAgXgAgE&sid=f990c8e44d8a49a026ee40f8b9e3b3a2&aid=304142&ucfs=1&arphpl=1&checkin=2025-03-01&checkout=2025-03-08&dest_id=-372490&dest_type=city&group_adults=2&req_adults=2&no_rooms=1&group_children=0&req_children=0&hpos=24&hapos=72&sr_order=popularity&srpvid=af307f62bb9d0534&srepoch=1738174035&all_sr_blocks=9263411_88192826_2_2_0&highlighted_blocks=9263411_88192826_2_2_0&matching_block_id=9263411_88192826_2_2_0&sr_pri_blocks=9263411_88192826_2_2_0__292728&from=searchresults
Wilson Boutique Hotel,"Sarrià-St. Gervasi, Barcelona",https://www.booking.com/hotel/es/wilson.html?label=gen173nr-1BCAEoggI46AdSAnVzWARoRogBAZgBMbgBGcgBD9gBAegBAYgCAagCA7gC-NjpvAbAAgHSAiQ4ZGVlZWVhMi1mOTI5LTRmOWQtOTk0OC0xMzU5MWFkYWNlODjYAgXgAgE&sid=f990c8e44d8a49a026ee40f8b9e3b3a2&aid=304142&ucfs=1&arphpl=1&checkin=2025-03-01&checkout=2025-03-08&dest_id=-372490&dest_type=city&group_adults=2&req_adults=2&no_rooms=1&group_children=0&req_children=0&hpos=25&hapos=73&sr_order=popularity&srpvid=af307f62bb9d0534&srepoch=1738174035&all_sr_blocks=9046002_88492580_0_2_0&highlighted_blocks=9046002_88492580_0_2_0&matching_block_id=9046002_88492580_0_2_0&sr_pri_blocks=9046002_88492580_0_2_0__264727&from=searchresults
08028 Apartments,"Les Corts, Barcelona",https://www.booking.com/hotel/es/08028apartments.html?label=gen173nr-1BCAEoggI46AdSAnVzWARoRogBAZgBMbgBGcgBD9gBAegBAYgCAagCA7gC-NjpvAbAAgHSAiQ4ZGVlZWVhMi1mOTI5LTRmOWQtOTk0OC0xMzU5MWFkYWNlODjYAgXgAgE&sid=f990c8e44d8a49a026ee40f8b9e3b3a2&aid=304142&ucfs=1&arphpl=1&checkin=2025-03-01&checkout=2025-03-08&dest_id=-372490&dest_type=city&group_adults=2&req_adults=2&no_rooms=1&group_children=0&req_children=0&hpos=1&hapos=74&sr_order=popularity&srpvid=af307f62bb9d0534&srepoch=1738174037&all_sr_blocks=26451106_348175686_0_0_0&highlighted_blocks=26451106_348175686_0_0_0&matching_block_id=26451106_348175686_0_0_0&sr_pri_blocks=26451106_348175686_0_0_0__182438&from=searchresults
Occidental Barcelona 1929,"Sants-Montjuïc, Barcelona",https://www.booking.com/hotel/es/ona-hotels-terra.html?label=gen173nr-1BCAEoggI46AdSAnVzWARoRogBAZgBMbgBGcgBD9gBAegBAYgCAagCA7gC-NjpvAbAAgHSAiQ4ZGVlZWVhMi1mOTI5LTRmOWQtOTk0OC0xMzU5MWFkYWNlODjYAgXgAgE&sid=f990c8e44d8a49a026ee40f8b9e3b3a2&aid=304142&ucfs=1&arphpl=1&checkin=2025-03-01&checkout=2025-03-08&dest_id=-372490&dest_type=city&group_adults=2&req_adults=2&no_rooms=1&group_children=0&req_children=0&hpos=2&hapos=75&sr_order=popularity&srpvid=af307f62bb9d0534&srepoch=1738174037&all_sr_blocks=509109921_175423472_2_2_0&highlighted_blocks=509109921_175423472_2_2_0&matching_block_id=509109921_175423472_2_2_0&sr_pri_blocks=509109921_175423472_2_2_0__359600&from=searchresults
Hotel Jazz,"Eixample, Barcelona",https://www.booking.com/hotel/es/jazz.html?label=gen173nr-1BCAEoggI46AdSAnVzWARoRogBAZgBMbgBGcgBD9gBAegBAYgCAagCA7gC-NjpvAbAAgHSAiQ4ZGVlZWVhMi1mOTI5LTRmOWQtOTk0OC0xMzU5MWFkYWNlODjYAgXgAgE&sid=f990c8e44d8a49a026ee40f8b9e3b3a2&aid=304142&ucfs=1&arphpl=1&checkin=2025-03-01&checkout=2025-03-08&dest_id=-372490&dest_type=city&group_adults=2&req_adults=2&no_rooms=1&group_children=0&req_children=0&hpos=3&hapos=76&sr_order=popularity&srpvid=af307f62bb9d0534&srepoch=1738174037&all_sr_blocks=9056002_89245993_0_2_0&highlighted_blocks=9056002_89245993_0_2_0&matching_block_id=9056002_89245993_0_2_0&sr_pri_blocks=9056002_89245993_0_2_0__358250&from_sustainable_property_sr=1&from=searchresults
Yurbban Trafalgar Hotel,"Ciutat Vella, Barcelona",https://www.booking.com/hotel/es/yurbban-trafalgar.html?label=gen173nr-1BCAEoggI46AdSAnVzWARoRogBAZgBMbgBGcgBD9gBAegBAYgCAagCA7gC-NjpvAbAAgHSAiQ4ZGVlZWVhMi1mOTI5LTRmOWQtOTk0OC0xMzU5MWFkYWNlODjYAgXgAgE&sid=f990c8e44d8a49a026ee40f8b9e3b3a2&aid=304142&ucfs=1&arphpl=1&checkin=2025-03-01&checkout=2025-03-08&dest_id=-372490&dest_type=city&group_adults=2&req_adults=2&no_rooms=1&group_children=0&req_children=0&hpos=4&hapos=77&sr_order=popularity&srpvid=af307f62bb9d0534&srepoch=1738174037&all_sr_blocks=115120902_120204750_0_2_0&highlighted_blocks=115120902_120204750_0_2_0&matching_block_id=115120902_120204750_0_2_0&sr_pri_blocks=115120902_120204750_0_2_0__379200&from_sustainable_property_sr=1&from=searchresults
Hotel Astoria,"Eixample, Barcelona",https://www.booking.com/hotel/es/astoriaderby333.html?label=gen173nr-1BCAEoggI46AdSAnVzWARoRogBAZgBMbgBGcgBD9gBAegBAYgCAagCA7gC-NjpvAbAAgHSAiQ4ZGVlZWVhMi1mOTI5LTRmOWQtOTk0OC0xMzU5MWFkYWNlODjYAgXgAgE&sid=f990c8e44d8a49a026ee40f8b9e3b3a2&aid=304142&ucfs=1&arphpl=1&checkin=2025-03-01&checkout=2025-03-08&dest_id=-372490&dest_type=city&group_adults=2&req_adults=2&no_rooms=1&group_children=0&req_children=0&hpos=5&hapos=78&sr_order=popularity&srpvid=af307f62bb9d0534&srepoch=1738174037&all_sr_blocks=9003610_88181288_0_2_0&highlighted_blocks=9003610_88181288_0_2_0&matching_block_id=9003610_88181288_0_2_0&sr_pri_blocks=9003610_88181288_0_2_0__302000&from=searchresults
Feelathome Plaza Apartments,"Sants-Montjuïc, Barcelona",https://www.booking.com/hotel/es/feelathome-plaza-apartments.html?label=gen173nr-1BCAEoggI46AdSAnVzWARoRogBAZgBMbgBGcgBD9gBAegBAYgCAagCA7gC-NjpvAbAAgHSAiQ4ZGVlZWVhMi1mOTI5LTRmOWQtOTk0OC0xMzU5MWFkYWNlODjYAgXgAgE&sid=f990c8e44d8a49a026ee40f8b9e3b3a2&aid=304142&ucfs=1&arphpl=1&checkin=2025-03-01&checkout=2025-03-08&dest_id=-372490&dest_type=city&group_adults=2&req_adults=2&no_rooms=1&group_children=0&req_children=0&hpos=6&hapos=79&sr_order=popularity&srpvid=af307f62bb9d0534&srepoch=1738174037&all_sr_blocks=101541505_91476545_2_0_0&highlighted_blocks=101541505_91476545_2_0_0&matching_block_id=101541505_91476545_2_0_0&sr_pri_blocks=101541505_91476545_2_0_0__229481&from=searchresults
Barcelona Princess,"Sant Martí, Barcelona",https://www.booking.com/hotel/es/barcelonaprincess.html?label=gen173nr-1BCAEoggI46AdSAnVzWARoRogBAZgBMbgBGcgBD9gBAegBAYgCAagCA7gC-NjpvAbAAgHSAiQ4ZGVlZWVhMi1mOTI5LTRmOWQtOTk0OC0xMzU5MWFkYWNlODjYAgXgAgE&sid=f990c8e44d8a49a026ee40f8b9e3b3a2&aid=304142&ucfs=1&arphpl=1&checkin=2025-03-01&checkout=2025-03-08&dest_id=-372490&dest_type=city&group_adults=2&req_adults=2&no_rooms=1&group_children=0&req_children=0&hpos=7&hapos=80&sr_order=popularity&srpvid=af307f62bb9d0534&srepoch=1738174037&all_sr_blocks=9103227_374706069_0_2_0_360410&highlighted_blocks=9103227_374706069_0_2_0_360410&matching_block_id=9103227_374706069_0_2_0_360410&sr_pri_blocks=9103227_374706069_0_2_0_360410_249033&from_sustainable_property_sr=1&from=searchresults
Barceló Raval,"Ciutat Vella, Barcelona",https://www.booking.com/hotel/es/raval.html?label=gen173nr-1BCAEoggI46AdSAnVzWARoRogBAZgBMbgBGcgBD9gBAegBAYgCAagCA7gC-NjpvAbAAgHSAiQ4ZGVlZWVhMi1mOTI5LTRmOWQtOTk0OC0xMzU5MWFkYWNlODjYAgXgAgE&sid=f990c8e44d8a49a026ee40f8b9e3b3a2&aid=304142&ucfs=1&arphpl=1&checkin=2025-03-01&checkout=2025-03-08&dest_id=-372490&dest_type=city&group_adults=2&req_adults=2&no_rooms=1&group_children=0&req_children=0&hpos=8&hapos=81&sr_order=popularity&srpvid=af307f62bb9d0534&srepoch=1738174037&all_sr_blocks=1269711_0_2_0_0&highlighted_blocks=1269711_0_2_0_0&matching_block_id=1269711_0_2_0_0&sr_pri_blocks=1269711_0_2_0_0__239860&from=searchresults
Catalonia Avinyo,"Ciutat Vella, Barcelona",https://www.booking.com/hotel/es/avinyo.html?label=gen173nr-1BCAEoggI46AdSAnVzWARoRogBAZgBMbgBGcgBD9gBAegBAYgCAagCA7gC-NjpvAbAAgHSAiQ4ZGVlZWVhMi1mOTI5LTRmOWQtOTk0OC0xMzU5MWFkYWNlODjYAgXgAgE&sid=f990c8e44d8a49a026ee40f8b9e3b3a2&aid=304142&ucfs=1&arphpl=1&checkin=2025-03-01&checkout=2025-03-08&dest_id=-372490&dest_type=city&group_adults=2&req_adults=2&no_rooms=1&group_children=0&req_children=0&hpos=9&hapos=82&sr_order=popularity&srpvid=af307f62bb9d0534&srepoch=1738174037&all_sr_blocks=9452608_88196133_0_2_0&highlighted_blocks=9452608_88196133_0_2_0&matching_block_id=9452608_88196133_0_2_0&sr_pri_blocks=9452608_88196133_0_2_0__284700&from_sustainable_property_sr=1&from=searchresults
Caledonian,"Eixample, Barcelona",https://www.booking.com/hotel/es/caledonian.html?label=gen173nr-1BCAEoggI46AdSAnVzWARoRogBAZgBMbgBGcgBD9gBAegBAYgCAagCA7gC-NjpvAbAAgHSAiQ4ZGVlZWVhMi1mOTI5LTRmOWQtOTk0OC0xMzU5MWFkYWNlODjYAgXgAgE&sid=f990c8e44d8a49a026ee40f8b9e3b3a2&aid=304142&ucfs=1&arphpl=1&checkin=2025-03-01&checkout=2025-03-08&dest_id=-372490&dest_type=city&group_adults=2&req_adults=2&no_rooms=1&group_children=0&req_children=0&hpos=10&hapos=83&sr_order=popularity&srpvid=af307f62bb9d0534&srepoch=1738174037&all_sr_blocks=9015803_88181415_0_2_0&highlighted_blocks=9015803_88181415_0_2_0&matching_block_id=9015803_88181415_0_2_0&sr_pri_blocks=9015803_88181415_0_2_0__260167&from=searchresults
"Grand Hotel Central, Small Luxury Hotels","Ciutat Vella, Barcelona",https://www.booking.com/hotel/es/grandhotelcentral.html?label=gen173nr-1BCAEoggI46AdSAnVzWARoRogBAZgBMbgBGcgBD9gBAegBAYgCAagCA7gC-NjpvAbAAgHSAiQ4ZGVlZWVhMi1mOTI5LTRmOWQtOTk0OC0xMzU5MWFkYWNlODjYAgXgAgE&sid=f990c8e44d8a49a026ee40f8b9e3b3a2&aid=304142&ucfs=1&arphpl=1&checkin=2025-03-01&checkout=2025-03-08&dest_id=-372490&dest_type=city&group_adults=2&req_adults=2&no_rooms=1&group_children=0&req_children=0&hpos=11&hapos=84&sr_order=popularity&srpvid=af307f62bb9d0534&srepoch=1738174037&all_sr_blocks=0_0_2_1_0&highlighted_blocks=0_0_2_1_0&matching_block_id=0_0_2_1_0&sr_pri_blocks=0_0_2_1_0__990958&from_sustainable_property_sr=1&from=searchresults
Hotel Derby,"Les Corts, Barcelona",https://www.booking.com/hotel/es/derby.html?label=gen173nr-1BCAEoggI46AdSAnVzWARoRogBAZgBMbgBGcgBD9gBAegBAYgCAagCA7gC-NjpvAbAAgHSAiQ4ZGVlZWVhMi1mOTI5LTRmOWQtOTk0OC0xMzU5MWFkYWNlODjYAgXgAgE&sid=f990c8e44d8a49a026ee40f8b9e3b3a2&aid=304142&ucfs=1&arphpl=1&checkin=2025-03-01&checkout=2025-03-08&dest_id=-372490&dest_type=city&group_adults=2&req_adults=2&no_rooms=1&group_children=0&req_children=0&hpos=12&hapos=85&sr_order=popularity&srpvid=af307f62bb9d0534&srepoch=1738174037&all_sr_blocks=9004002_88181301_0_2_0&highlighted_blocks=9004002_88181301_0_2_0&matching_block_id=9004002_88181301_0_2_0&sr_pri_blocks=9004002_88181301_0_2_0__276078&from=searchresults
Blanc Guest House,"Sarrià-St. Gervasi, Barcelona",https://www.booking.com/hotel/es/blanc-guest-house.html?label=gen173nr-1BCAEoggI46AdSAnVzWARoRogBAZgBMbgBGcgBD9gBAegBAYgCAagCA7gC-NjpvAbAAgHSAiQ4ZGVlZWVhMi1mOTI5LTRmOWQtOTk0OC0xMzU5MWFkYWNlODjYAgXgAgE&sid=f990c8e44d8a49a026ee40f8b9e3b3a2&aid=304142&ucfs=1&arphpl=1&checkin=2025-03-01&checkout=2025-03-08&dest_id=-372490&dest_type=city&group_adults=2&req_adults=2&no_rooms=1&group_children=0&req_children=0&hpos=13&hapos=86&sr_order=popularity&srpvid=af307f62bb9d0534&srepoch=1738174037&all_sr_blocks=9693015_88494245_2_1_0&highlighted_blocks=9693015_88494245_2_1_0&matching_block_id=9693015_88494245_2_1_0&sr_pri_blocks=9693015_88494245_2_1_0__165553&from_sustainable_property_sr=1&from=searchresults
Catalonia Diagonal Centro,"Eixample, Barcelona",https://www.booking.com/hotel/es/catalonia-diagonal-centro.html?label=gen173nr-1BCAEoggI46AdSAnVzWARoRogBAZgBMbgBGcgBD9gBAegBAYgCAagCA7gC-NjpvAbAAgHSAiQ4ZGVlZWVhMi1mOTI5LTRmOWQtOTk0OC0xMzU5MWFkYWNlODjYAgXgAgE&sid=f990c8e44d8a49a026ee40f8b9e3b3a2&aid=304142&ucfs=1&arphpl=1&checkin=2025-03-01&checkout=2025-03-08&dest_id=-372490&dest_type=city&group_adults=2&req_adults=2&no_rooms=1&group_children=0&req_children=0&hpos=14&hapos=87&sr_order=popularity&srpvid=af307f62bb9d0534&srepoch=1738174037&all_sr_blocks=9058108_88181902_0_2_0&highlighted_blocks=9058108_88181902_0_2_0&matching_block_id=9058108_88181902_0_2_0&sr_pri_blocks=9058108_88181902_0_2_0__342778&from_sustainable_property_sr=1&from=searchresults
Urban Flats Vallirana,"Sarrià-St. Gervasi, Barcelona",https://www.booking.com/hotel/es/lucasland-vallirana.html?label=gen173nr-1BCAEoggI46AdSAnVzWARoRogBAZgBMbgBGcgBD9gBAegBAYgCAagCA7gC-NjpvAbAAgHSAiQ4ZGVlZWVhMi1mOTI5LTRmOWQtOTk0OC0xMzU5MWFkYWNlODjYAgXgAgE&sid=f990c8e44d8a49a026ee40f8b9e3b3a2&aid=304142&ucfs=1&arphpl=1&checkin=2025-03-01&checkout=2025-03-08&dest_id=-372490&dest_type=city&group_adults=2&req_adults=2&no_rooms=1&group_children=0&req_children=0&hpos=15&hapos=88&sr_order=popularity&srpvid=af307f62bb9d0534&srepoch=1738174037&all_sr_blocks=992974003_372249617_2_0_0&highlighted_blocks=992974003_372249617_2_0_0&matching_block_id=992974003_372249617_2_0_0&sr_pri_blocks=992974003_372249617_2_0_0__209054&from=searchresults
BYPILLOW Mothern,"Eixample, Barcelona",https://www.booking.com/hotel/es/granducat.html?label=gen173nr-1BCAEoggI46AdSAnVzWARoRogBAZgBMbgBGcgBD9gBAegBAYgCAagCA7gC-NjpvAbAAgHSAiQ4ZGVlZWVhMi1mOTI5LTRmOWQtOTk0OC0xMzU5MWFkYWNlODjYAgXgAgE&sid=f990c8e44d8a49a026ee40f8b9e3b3a2&aid=304142&ucfs=1&arphpl=1&checkin=2025-03-01&checkout=2025-03-08&dest_id=-372490&dest_type=city&group_adults=2&req_adults=2&no_rooms=1&group_children=0&req_children=0&hpos=16&hapos=89&sr_order=popularity&srpvid=af307f62bb9d0534&srepoch=1738174037&all_sr_blocks=9101609_204775766_2_2_0_290192&highlighted_blocks=9101609_204775766_2_2_0_290192&matching_block_id=9101609_204775766_2_2_0_290192&sr_pri_blocks=9101609_204775766_2_2_0_290192_219292&from_sustainable_property_sr=1&from=searchresults
Cozy Apartment with Suite 21,"Eixample, Barcelona",https://www.booking.com/hotel/es/cozy-apartment-with-suite-21.html?label=gen173nr-1BCAEoggI46AdSAnVzWARoRogBAZgBMbgBGcgBD9gBAegBAYgCAagCA7gC-NjpvAbAAgHSAiQ4ZGVlZWVhMi1mOTI5LTRmOWQtOTk0OC0xMzU5MWFkYWNlODjYAgXgAgE&sid=f990c8e44d8a49a026ee40f8b9e3b3a2&aid=304142&ucfs=1&arphpl=1&checkin=2025-03-01&checkout=2025-03-08&dest_id=-372490&dest_type=city&group_adults=2&req_adults=2&no_rooms=1&group_children=0&req_children=0&hpos=17&hapos=90&sr_order=popularity&srpvid=af307f62bb9d0534&srepoch=1738174037&all_sr_blocks=1323140601_407477058_4_0_0&highlighted_blocks=1323140601_407477058_4_0_0&matching_block_id=1323140601_407477058_4_0_0&sr_pri_blocks=1323140601_407477058_4_0_0__180516&from=searchresults
AG Apartments,"Sants-Montjuïc, Barcelona",https://www.booking.com/hotel/es/excellence-barcelona.html?label=gen173nr-1BCAEoggI46AdSAnVzWARoRogBAZgBMbgBGcgBD9gBAegBAYgCAagCA7gC-NjpvAbAAgHSAiQ4ZGVlZWVhMi1mOTI5LTRmOWQtOTk0OC0xMzU5MWFkYWNlODjYAgXgAgE&sid=f990c8e44d8a49a026ee40f8b9e3b3a2&aid=304142&ucfs=1&arphpl=1&checkin=2025-03-01&checkout=2025-03-08&dest_id=-372490&dest_type=city&group_adults=2&req_adults=2&no_rooms=1&group_children=0&req_children=0&hpos=18&hapos=91&sr_order=popularity&srpvid=af307f62bb9d0534&srepoch=1738174037&all_sr_blocks=83726534_92858584_2_0_0&highlighted_blocks=83726534_92858584_2_0_0&matching_block_id=83726534_92858584_2_0_0&sr_pri_blocks=83726534_92858584_2_0_0__260132&from=searchresults
Catalonia Eixample 1864,"Eixample, Barcelona",https://www.booking.com/hotel/es/catalonia-eixample-1864.html?label=gen173nr-1BCAEoggI46AdSAnVzWARoRogBAZgBMbgBGcgBD9gBAegBAYgCAagCA7gC-NjpvAbAAgHSAiQ4ZGVlZWVhMi1mOTI5LTRmOWQtOTk0OC0xMzU5MWFkYWNlODjYAgXgAgE&sid=f990c8e44d8a49a026ee40f8b9e3b3a2&aid=304142&ucfs=1&arphpl=1&checkin=2025-03-01&checkout=2025-03-08&dest_id=-372490&dest_type=city&group_adults=2&req_adults=2&no_rooms=1&group_children=0&req_children=0&hpos=19&hapos=92&sr_order=popularity&srpvid=af307f62bb9d0534&srepoch=1738174037&all_sr_blocks=9058506_88181927_0_2_0&highlighted_blocks=9058506_88181927_0_2_0&matching_block_id=9058506_88181927_0_2_0&sr_pri_blocks=9058506_88181927_0_2_0__339778&from_sustainable_property_sr=1&from=searchresults
BCN Urbaness Hotels Del Comte,"Eixample, Barcelona",https://www.booking.com/hotel/es/delcomte.html?label=gen173nr-1BCAEoggI46AdSAnVzWARoRogBAZgBMbgBGcgBD9gBAegBAYgCAagCA7gC-NjpvAbAAgHSAiQ4ZGVlZWVhMi1mOTI5LTRmOWQtOTk0OC0xMzU5MWFkYWNlODjYAgXgAgE&sid=f990c8e44d8a49a026ee40f8b9e3b3a2&aid=304142&ucfs=1&arphpl=1&checkin=2025-03-01&checkout=2025-03-08&dest_id=-372490&dest_type=city&group_adults=2&req_adults=2&no_rooms=1&group_children=0&req_children=0&hpos=20&hapos=93&sr_order=popularity&srpvid=af307f62bb9d0534&srepoch=1738174037&all_sr_blocks=9106015_204775746_0_2_0&highlighted_blocks=9106015_204775746_0_2_0&matching_block_id=9106015_204775746_0_2_0&sr_pri_blocks=9106015_204775746_0_2_0__246900&from=searchresults
Eco Boutique Hostal Grau,"Ciutat Vella, Barcelona",https://www.booking.com/hotel/es/hosteria-grau.html?label=gen173nr-1BCAEoggI46AdSAnVzWARoRogBAZgBMbgBGcgBD9gBAegBAYgCAagCA7gC-NjpvAbAAgHSAiQ4ZGVlZWVhMi1mOTI5LTRmOWQtOTk0OC0xMzU5MWFkYWNlODjYAgXgAgE&sid=f990c8e44d8a49a026ee40f8b9e3b3a2&aid=304142&ucfs=1&arphpl=1&checkin=2025-03-01&checkout=2025-03-08&dest_id=-372490&dest_type=city&group_adults=2&req_adults=2&no_rooms=1&group_children=0&req_children=0&hpos=21&hapos=94&sr_order=popularity&srpvid=af307f62bb9d0534&srepoch=1738174037&all_sr_blocks=9352107_91908471_2_2_0&highlighted_blocks=9352107_91908471_2_2_0&matching_block_id=9352107_91908471_2_2_0&sr_pri_blocks=9352107_91908471_2_2_0__229100&from_sustainable_property_sr=1&from=searchresults
Catalunya,"Ciutat Vella, Barcelona",https://www.booking.com/hotel/es/cataluna.html?label=gen173nr-1BCAEoggI46AdSAnVzWARoRogBAZgBMbgBGcgBD9gBAegBAYgCAagCA7gC-NjpvAbAAgHSAiQ4ZGVlZWVhMi1mOTI5LTRmOWQtOTk0OC0xMzU5MWFkYWNlODjYAgXgAgE&sid=f990c8e44d8a49a026ee40f8b9e3b3a2&aid=304142&ucfs=1&arphpl=1&checkin=2025-03-01&checkout=2025-03-08&dest_id=-372490&dest_type=city&group_adults=2&req_adults=2&no_rooms=1&group_children=0&req_children=0&hpos=22&hapos=95&sr_order=popularity&srpvid=af307f62bb9d0534&srepoch=1738174037&all_sr_blocks=9096309_88190291_0_0_0&highlighted_blocks=9096309_88190291_0_0_0&matching_block_id=9096309_88190291_0_0_0&sr_pri_blocks=9096309_88190291_0_0_0__231454&from=searchresults
Park Hotel,"Ciutat Vella, Barcelona",https://www.booking.com/hotel/es/park.html?label=gen173nr-1BCAEoggI46AdSAnVzWARoRogBAZgBMbgBGcgBD9gBAegBAYgCAagCA7gC-NjpvAbAAgHSAiQ4ZGVlZWVhMi1mOTI5LTRmOWQtOTk0OC0xMzU5MWFkYWNlODjYAgXgAgE&sid=f990c8e44d8a49a026ee40f8b9e3b3a2&aid=304142&ucfs=1&arphpl=1&checkin=2025-03-01&checkout=2025-03-08&dest_id=-372490&dest_type=city&group_adults=2&req_adults=2&no_rooms=1&group_children=0&req_children=0&hpos=23&hapos=96&sr_order=popularity&srpvid=af307f62bb9d0534&srepoch=1738174037&all_sr_blocks=0_0_2_0_0&highlighted_blocks=0_0_2_0_0&matching_block_id=0_0_2_0_0&sr_pri_blocks=0_0_2_0_0__266774&from=searchresults
Allegro Barcelona,"Eixample, Barcelona",https://www.booking.com/hotel/es/allegrobarcelona.html?label=gen173nr-1BCAEoggI46AdSAnVzWARoRogBAZgBMbgBGcgBD9gBAegBAYgCAagCA7gC-NjpvAbAAgHSAiQ4ZGVlZWVhMi1mOTI5LTRmOWQtOTk0OC0xMzU5MWFkYWNlODjYAgXgAgE&sid=f990c8e44d8a49a026ee40f8b9e3b3a2&aid=304142&ucfs=1&arphpl=1&checkin=2025-03-01&checkout=2025-03-08&dest_id=-372490&dest_type=city&group_adults=2&req_adults=2&no_rooms=1&group_children=0&req_children=0&hpos=1&hapos=97&sr_order=popularity&srpvid=af307f62bb9d0534&srepoch=1738174038&all_sr_blocks=18997214_88405871_2_2_0&highlighted_blocks=18997214_88405871_2_2_0&matching_block_id=18997214_88405871_2_2_0&sr_pri_blocks=18997214_88405871_2_2_0__262850&from=searchresults
Room Mate Anna,"Eixample, Barcelona",https://www.booking.com/hotel/es/room-mate-anna.html?label=gen173nr-1BCAEoggI46AdSAnVzWARoRogBAZgBMbgBGcgBD9gBAegBAYgCAagCA7gC-NjpvAbAAgHSAiQ4ZGVlZWVhMi1mOTI5LTRmOWQtOTk0OC0xMzU5MWFkYWNlODjYAgXgAgE&sid=f990c8e44d8a49a026ee40f8b9e3b3a2&aid=304142&ucfs=1&arphpl=1&checkin=2025-03-01&checkout=2025-03-08&dest_id=-372490&dest_type=city&group_adults=2&req_adults=2&no_rooms=1&group_children=0&req_children=0&hpos=2&hapos=98&sr_order=popularity&srpvid=af307f62bb9d0534&srepoch=1738174038&all_sr_blocks=176914302_0_2_0_0&highlighted_blocks=176914302_0_2_0_0&matching_block_id=176914302_0_2_0_0&sr_pri_blocks=176914302_0_2_0_0__255563&from=searchresults
Zenit Barcelona,"Sarrià-St. Gervasi, Barcelona",https://www.booking.com/hotel/es/zenitbarna.html?label=gen173nr-1BCAEoggI46AdSAnVzWARoRogBAZgBMbgBGcgBD9gBAegBAYgCAagCA7gC-NjpvAbAAgHSAiQ4ZGVlZWVhMi1mOTI5LTRmOWQtOTk0OC0xMzU5MWFkYWNlODjYAgXgAgE&sid=f990c8e44d8a49a026ee40f8b9e3b3a2&aid=304142&ucfs=1&arphpl=1&checkin=2025-03-01&checkout=2025-03-08&dest_id=-372490&dest_type=city&group_adults=2&req_adults=2&no_rooms=1&group_children=0&req_children=0&hpos=3&hapos=99&sr_order=popularity&srpvid=af307f62bb9d0534&srepoch=1738174038&all_sr_blocks=9009902_91462641_2_42_0&highlighted_blocks=9009902_91462641_2_42_0&matching_block_id=9009902_91462641_2_42_0&sr_pri_blocks=9009902_91462641_2_42_0__256728&from=searchresults
Acevi Villarroel,"Eixample, Barcelona",https://www.booking.com/hotel/es/acevivillarroel.html?label=gen173nr-1BCAEoggI46AdSAnVzWARoRogBAZgBMbgBGcgBD9gBAegBAYgCAagCA7gC-NjpvAbAAgHSAiQ4ZGVlZWVhMi1mOTI5LTRmOWQtOTk0OC0xMzU5MWFkYWNlODjYAgXgAgE&sid=f990c8e44d8a49a026ee40f8b9e3b3a2&aid=304142&ucfs=1&arphpl=1&checkin=2025-03-01&checkout=2025-03-08&dest_id=-372490&dest_type=city&group_adults=2&req_adults=2&no_rooms=1&group_children=0&req_children=0&hpos=4&hapos=100&sr_order=popularity&srpvid=af307f62bb9d0534&srepoch=1738174038&all_sr_blocks=9065102_88182100_0_2_0&highlighted_blocks=9065102_88182100_0_2_0&matching_block_id=9065102_88182100_0_2_0&sr_pri_blocks=9065102_88182100_0_2_0__295773&from=searchresults
Eurostars Monumental,"Eixample, Barcelona",https://www.booking.com/hotel/es/eurostars-monumental.html?label=gen173nr-1BCAEoggI46AdSAnVzWARoRogBAZgBMbgBGcgBD9gBAegBAYgCAagCA7gC-NjpvAbAAgHSAiQ4ZGVlZWVhMi1mOTI5LTRmOWQtOTk0OC0xMzU5MWFkYWNlODjYAgXgAgE&sid=f990c8e44d8a49a026ee40f8b9e3b3a2&aid=304142&ucfs=1&arphpl=1&checkin=2025-03-01&checkout=2025-03-08&dest_id=-372490&dest_type=city&group_adults=2&req_adults=2&no_rooms=1&group_children=0&req_children=0&hpos=5&hapos=101&sr_order=popularity&srpvid=af307f62bb9d0534&srepoch=1738174038&all_sr_blocks=9120002_91462874_2_2_0&highlighted_blocks=9120002_91462874_2_2_0&matching_block_id=9120002_91462874_2_2_0&sr_pri_blocks=9120002_91462874_2_2_0__299584&from_sustainable_property_sr=1&from=searchresults
Hotel Casa Gardenia,"Ciutat Vella, Barcelona",https://www.booking.com/hotel/es/casa-gardenia-barcelona.html?label=gen173nr-1BCAEoggI46AdSAnVzWARoRogBAZgBMbgBGcgBD9gBAegBAYgCAagCA7gC-NjpvAbAAgHSAiQ4ZGVlZWVhMi1mOTI5LTRmOWQtOTk0OC0xMzU5MWFkYWNlODjYAgXgAgE&sid=f990c8e44d8a49a026ee40f8b9e3b3a2&aid=304142&ucfs=1&arphpl=1&checkin=2025-03-01&checkout=2025-03-08&dest_id=-372490&dest_type=city&group_adults=2&req_adults=2&no_rooms=1&group_children=0&req_children=0&hpos=6&hapos=102&sr_order=popularity&srpvid=af307f62bb9d0534&srepoch=1738174038&all_sr_blocks=1096878408_382578833_2_2_0&highlighted_blocks=1096878408_382578833_2_2_0&matching_block_id=1096878408_382578833_2_2_0&sr_pri_blocks=1096878408_382578833_2_2_0__221720&from=searchresults
"Radisson Blu 1882 Hotel, Barcelona Sagrada Familia","Gràcia, Barcelona",https://www.booking.com/hotel/es/barcelona-1882-barcelona1.html?label=gen173nr-1BCAEoggI46AdSAnVzWARoRogBAZgBMbgBGcgBD9gBAegBAYgCAagCA7gC-NjpvAbAAgHSAiQ4ZGVlZWVhMi1mOTI5LTRmOWQtOTk0OC0xMzU5MWFkYWNlODjYAgXgAgE&sid=f990c8e44d8a49a026ee40f8b9e3b3a2&aid=304142&ucfs=1&arphpl=1&checkin=2025-03-01&checkout=2025-03-08&dest_id=-372490&dest_type=city&group_adults=2&req_adults=2&no_rooms=1&group_children=0&req_children=0&hpos=7&hapos=103&sr_order=popularity&srpvid=af307f62bb9d0534&srepoch=1738174038&all_sr_blocks=405526609_124376065_2_2_0&highlighted_blocks=405526609_124376065_2_2_0&matching_block_id=405526609_124376065_2_2_0&sr_pri_blocks=405526609_124376065_2_2_0__416678&from_sustainable_property_sr=1&from=searchresults
Petit Palace Museum,"Eixample, Barcelona",https://www.booking.com/hotel/es/petit-palace-museum.html?label=gen173nr-1BCAEoggI46AdSAnVzWARoRogBAZgBMbgBGcgBD9gBAegBAYgCAagCA7gC-NjpvAbAAgHSAiQ4ZGVlZWVhMi1mOTI5LTRmOWQtOTk0OC0xMzU5MWFkYWNlODjYAgXgAgE&sid=f990c8e44d8a49a026ee40f8b9e3b3a2&aid=304142&ucfs=1&arphpl=1&checkin=2025-03-01&checkout=2025-03-08&dest_id=-372490&dest_type=city&group_adults=2&req_adults=2&no_rooms=1&group_children=0&req_children=0&hpos=8&hapos=104&sr_order=popularity&srpvid=af307f62bb9d0534&srepoch=1738174038&all_sr_blocks=9435217_88195831_0_2_0_182280&highlighted_blocks=9435217_88195831_0_2_0_182280&matching_block_id=9435217_88195831_0_2_0_182280&sr_pri_blocks=9435217_88195831_0_2_0_182280_335978&from=searchresults
AC Hotel Barcelona Fórum by Marriott,"Sant Martí, Barcelona",https://www.booking.com/hotel/es/achotelsbarcelona.html?label=gen173nr-1BCAEoggI46AdSAnVzWARoRogBAZgBMbgBGcgBD9gBAegBAYgCAagCA7gC-NjpvAbAAgHSAiQ4ZGVlZWVhMi1mOTI5LTRmOWQtOTk0OC0xMzU5MWFkYWNlODjYAgXgAgE&sid=f990c8e44d8a49a026ee40f8b9e3b3a2&aid=304142&ucfs=1&arphpl=1&checkin=2025-03-01&checkout=2025-03-08&dest_id=-372490&dest_type=city&group_adults=2&req_adults=2&no_rooms=1&group_children=0&req_children=0&hpos=9&hapos=105&sr_order=popularity&srpvid=af307f62bb9d0534&srepoch=1738174038&all_sr_blocks=9134511_94304392_0_41_0&highlighted_blocks=9134511_94304392_0_41_0&matching_block_id=9134511_94304392_0_41_0&sr_pri_blocks=9134511_94304392_0_41_0__363418&from_sustainable_property_sr=1&from=searchresults
Pestana Arena Barcelona,"Sants-Montjuïc, Barcelona",https://www.booking.com/hotel/es/pestana-arena-barcelona.html?label=gen173nr-1BCAEoggI46AdSAnVzWARoRogBAZgBMbgBGcgBD9gBAegBAYgCAagCA7gC-NjpvAbAAgHSAiQ4ZGVlZWVhMi1mOTI5LTRmOWQtOTk0OC0xMzU5MWFkYWNlODjYAgXgAgE&sid=f990c8e44d8a49a026ee40f8b9e3b3a2&aid=304142&ucfs=1&arphpl=1&checkin=2025-03-01&checkout=2025-03-08&dest_id=-372490&dest_type=city&group_adults=2&req_adults=2&no_rooms=1&group_children=0&req_children=0&hpos=10&hapos=106&sr_order=popularity&srpvid=af307f62bb9d0534&srepoch=1738174038&all_sr_blocks=9271025_0_2_0_0&highlighted_blocks=9271025_0_2_0_0&matching_block_id=9271025_0_2_0_0&sr_pri_blocks=9271025_0_2_0_0__323044&from=searchresults
Arya Stadium Hotel,"Sants-Montjuïc, Barcelona",https://www.booking.com/hotel/es/arya-stadium-hotel.html?label=gen173nr-1BCAEoggI46AdSAnVzWARoRogBAZgBMbgBGcgBD9gBAegBAYgCAagCA7gC-NjpvAbAAgHSAiQ4ZGVlZWVhMi1mOTI5LTRmOWQtOTk0OC0xMzU5MWFkYWNlODjYAgXgAgE&sid=f990c8e44d8a49a026ee40f8b9e3b3a2&aid=304142&ucfs=1&arphpl=1&checkin=2025-03-01&checkout=2025-03-08&dest_id=-372490&dest_type=city&group_adults=2&req_adults=2&no_rooms=1&group_children=0&req_children=0&hpos=11&hapos=107&sr_order=popularity&srpvid=af307f62bb9d0534&srepoch=1738174038&all_sr_blocks=258713501_0_2_0_0&highlighted_blocks=258713501_0_2_0_0&matching_block_id=258713501_0_2_0_0&sr_pri_blocks=258713501_0_2_0_0__259969&from=searchresults
Blasco de Garay Apartment - Poble Sec,"Sants-Montjuïc, Barcelona",https://www.booking.com/hotel/es/blasco-de-garay-apartment.html?label=gen173nr-1BCAEoggI46AdSAnVzWARoRogBAZgBMbgBGcgBD9gBAegBAYgCAagCA7gC-NjpvAbAAgHSAiQ4ZGVlZWVhMi1mOTI5LTRmOWQtOTk0OC0xMzU5MWFkYWNlODjYAgXgAgE&sid=f990c8e44d8a49a026ee40f8b9e3b3a2&aid=304142&ucfs=1&arphpl=1&checkin=2025-03-01&checkout=2025-03-08&dest_id=-372490&dest_type=city&group_adults=2&req_adults=2&no_rooms=1&group_children=0&req_children=0&hpos=12&hapos=108&sr_order=popularity&srpvid=af307f62bb9d0534&srepoch=1738174038&all_sr_blocks=138335603_88512030_2_0_0_537173&highlighted_blocks=138335603_88512030_2_0_0_537173&matching_block_id=138335603_88512030_2_0_0_537173&sr_pri_blocks=138335603_88512030_2_0_0_537173_211931&from=searchresults
Located on the iconic Paseo de Gracia,Barcelona,https://www.booking.com/hotel/es/located-on-the-iconic-paseo-de-gracia.html?label=gen173nr-1BCAEoggI46AdSAnVzWARoRogBAZgBMbgBGcgBD9gBAegBAYgCAagCA7gC-NjpvAbAAgHSAiQ4ZGVlZWVhMi1mOTI5LTRmOWQtOTk0OC0xMzU5MWFkYWNlODjYAgXgAgE&sid=f990c8e44d8a49a026ee40f8b9e3b3a2&aid=304142&ucfs=1&arphpl=1&checkin=2025-03-01&checkout=2025-03-08&dest_id=-372490&dest_type=city&group_adults=2&req_adults=2&no_rooms=1&group_children=0&req_children=0&hpos=13&hapos=109&sr_order=popularity&srpvid=af307f62bb9d0534&srepoch=1738174038&all_sr_blocks=1351311802_407462079_6_1_0&highlighted_blocks=1351311802_407462079_6_1_0&matching_block_id=1351311802_407462079_6_1_0&sr_pri_blocks=1351311802_407462079_6_1_0__469532&from=searchresults
Catalonia Gracia,"Eixample, Barcelona",https://www.booking.com/hotel/es/cataloniacorcega.html?label=gen173nr-1BCAEoggI46AdSAnVzWARoRogBAZgBMbgBGcgBD9gBAegBAYgCAagCA7gC-NjpvAbAAgHSAiQ4ZGVlZWVhMi1mOTI5LTRmOWQtOTk0OC0xMzU5MWFkYWNlODjYAgXgAgE&sid=f990c8e44d8a49a026ee40f8b9e3b3a2&aid=304142&ucfs=1&arphpl=1&checkin=2025-03-01&checkout=2025-03-08&dest_id=-372490&dest_type=city&group_adults=2&req_adults=2&no_rooms=1&group_children=0&req_children=0&hpos=14&hapos=110&sr_order=popularity&srpvid=af307f62bb9d0534&srepoch=1738174038&all_sr_blocks=9058305_88181910_0_2_0&highlighted_blocks=9058305_88181910_0_2_0&matching_block_id=9058305_88181910_0_2_0&sr_pri_blocks=9058305_88181910_0_2_0__320778&from_sustainable_property_sr=1&from=searchresults
Sensation Sagrada Familia,"Eixample, Barcelona",https://www.booking.com/hotel/es/sensation-sagrada-familia.html?label=gen173nr-1BCAEoggI46AdSAnVzWARoRogBAZgBMbgBGcgBD9gBAegBAYgCAagCA7gC-NjpvAbAAgHSAiQ4ZGVlZWVhMi1mOTI5LTRmOWQtOTk0OC0xMzU5MWFkYWNlODjYAgXgAgE&sid=f990c8e44d8a49a026ee40f8b9e3b3a2&aid=304142&ucfs=1&arphpl=1&checkin=2025-03-01&checkout=2025-03-08&dest_id=-372490&dest_type=city&group_adults=2&req_adults=2&no_rooms=1&group_children=0&req_children=0&hpos=15&hapos=111&sr_order=popularity&srpvid=af307f62bb9d0534&srepoch=1738174038&all_sr_blocks=33262804_88498037_4_0_0&highlighted_blocks=33262804_88498037_4_0_0&matching_block_id=33262804_88498037_4_0_0&sr_pri_blocks=33262804_88498037_4_0_0__314297&from=searchresults
Aparthotel Allada 3*,"Ciutat Vella, Barcelona",https://www.booking.com/hotel/es/apartamentos-allada.html?label=gen173nr-1BCAEoggI46AdSAnVzWARoRogBAZgBMbgBGcgBD9gBAegBAYgCAagCA7gC-NjpvAbAAgHSAiQ4ZGVlZWVhMi1mOTI5LTRmOWQtOTk0OC0xMzU5MWFkYWNlODjYAgXgAgE&sid=f990c8e44d8a49a026ee40f8b9e3b3a2&aid=304142&ucfs=1&arphpl=1&checkin=2025-03-01&checkout=2025-03-08&dest_id=-372490&dest_type=city&group_adults=2&req_adults=2&no_rooms=1&group_children=0&req_children=0&hpos=16&hapos=112&sr_order=popularity&srpvid=af307f62bb9d0534&srepoch=1738174038&all_sr_blocks=9419704_88195615_0_0_0&highlighted_blocks=9419704_88195615_0_0_0&matching_block_id=9419704_88195615_0_0_0&sr_pri_blocks=9419704_88195615_0_0_0__203000&from=searchresults
Plaza Goya Rooms,"Eixample, Barcelona",https://www.booking.com/hotel/es/pension-de-la-plaza-de-goya.html?label=gen173nr-1BCAEoggI46AdSAnVzWARoRogBAZgBMbgBGcgBD9gBAegBAYgCAagCA7gC-NjpvAbAAgHSAiQ4ZGVlZWVhMi1mOTI5LTRmOWQtOTk0OC0xMzU5MWFkYWNlODjYAgXgAgE&sid=f990c8e44d8a49a026ee40f8b9e3b3a2&aid=304142&ucfs=1&arphpl=1&checkin=2025-03-01&checkout=2025-03-08&dest_id=-372490&dest_type=city&group_adults=2&req_adults=2&no_rooms=1&group_children=0&req_children=0&hpos=17&hapos=113&sr_order=popularity&srpvid=af307f62bb9d0534&srepoch=1738174038&all_sr_blocks=26189605_332352799_3_2_0&highlighted_blocks=26189605_332352799_3_2_0&matching_block_id=26189605_332352799_3_2_0&sr_pri_blocks=26189605_332352799_3_2_0__228145&from=searchresults
Barcelona Apartment Republica,"Sant Martí, Barcelona",https://www.booking.com/hotel/es/republica.html?label=gen173nr-1BCAEoggI46AdSAnVzWARoRogBAZgBMbgBGcgBD9gBAegBAYgCAagCA7gC-NjpvAbAAgHSAiQ4ZGVlZWVhMi1mOTI5LTRmOWQtOTk0OC0xMzU5MWFkYWNlODjYAgXgAgE&sid=f990c8e44d8a49a026ee40f8b9e3b3a2&aid=304142&ucfs=1&arphpl=1&checkin=2025-03-01&checkout=2025-03-08&dest_id=-372490&dest_type=city&group_adults=2&req_adults=2&no_rooms=1&group_children=0&req_children=0&hpos=18&hapos=114&sr_order=popularity&srpvid=af307f62bb9d0534&srepoch=1738174038&all_sr_blocks=25821003_88205566_0_0_0&highlighted_blocks=25821003_88205566_0_0_0&matching_block_id=25821003_88205566_0_0_0&sr_pri_blocks=25821003_88205566_0_0_0__235128&from=searchresults
Barcelona City North Hostal,"Sarrià-St. Gervasi, Barcelona",https://www.booking.com/hotel/es/barcelona-city-north.html?label=gen173nr-1BCAEoggI46AdSAnVzWARoRogBAZgBMbgBGcgBD9gBAegBAYgCAagCA7gC-NjpvAbAAgHSAiQ4ZGVlZWVhMi1mOTI5LTRmOWQtOTk0OC0xMzU5MWFkYWNlODjYAgXgAgE&sid=f990c8e44d8a49a026ee40f8b9e3b3a2&aid=304142&ucfs=1&arphpl=1&checkin=2025-03-01&checkout=2025-03-08&dest_id=-372490&dest_type=city&group_adults=2&req_adults=2&no_rooms=1&group_children=0&req_children=0&hpos=19&hapos=115&sr_order=popularity&srpvid=af307f62bb9d0534&srepoch=1738174038&all_sr_blocks=9397708_310967931_2_2_0&highlighted_blocks=9397708_310967931_2_2_0&matching_block_id=9397708_310967931_2_2_0&sr_pri_blocks=9397708_310967931_2_2_0__171056&from=searchresults
Dalia Ramblas,"Ciutat Vella, Barcelona",https://www.booking.com/hotel/es/dalia-ramblas.html?label=gen173nr-1BCAEoggI46AdSAnVzWARoRogBAZgBMbgBGcgBD9gBAegBAYgCAagCA7gC-NjpvAbAAgHSAiQ4ZGVlZWVhMi1mOTI5LTRmOWQtOTk0OC0xMzU5MWFkYWNlODjYAgXgAgE&sid=f990c8e44d8a49a026ee40f8b9e3b3a2&aid=304142&ucfs=1&arphpl=1&checkin=2025-03-01&checkout=2025-03-08&dest_id=-372490&dest_type=city&group_adults=2&req_adults=2&no_rooms=1&group_children=0&req_children=0&hpos=20&hapos=116&sr_order=popularity&srpvid=af307f62bb9d0534&srepoch=1738174038&all_sr_blocks=45588503_0_2_0_0&highlighted_blocks=45588503_0_2_0_0&matching_block_id=45588503_0_2_0_0&sr_pri_blocks=45588503_0_2_0_0__235333&from=searchresults
Silken Ramblas,"Ciutat Vella, Barcelona",https://www.booking.com/hotel/es/silken-ambassador-ramblas.html?label=gen173nr-1BCAEoggI46AdSAnVzWARoRogBAZgBMbgBGcgBD9gBAegBAYgCAagCA7gC-NjpvAbAAgHSAiQ4ZGVlZWVhMi1mOTI5LTRmOWQtOTk0OC0xMzU5MWFkYWNlODjYAgXgAgE&sid=f990c8e44d8a49a026ee40f8b9e3b3a2&aid=304142&ucfs=1&arphpl=1&checkin=2025-03-01&checkout=2025-03-08&dest_id=-372490&dest_type=city&group_adults=2&req_adults=2&no_rooms=1&group_children=0&req_children=0&hpos=21&hapos=117&sr_order=popularity&srpvid=af307f62bb9d0534&srepoch=1738174038&all_sr_blocks=9467102_91463260_0_2_0_86697&highlighted_blocks=9467102_91463260_0_2_0_86697&matching_block_id=9467102_91463260_0_2_0_86697&sr_pri_blocks=9467102_91463260_0_2_0_86697_318288&from_sustainable_property_sr=1&from=searchresults
Latroupe Poblenou Beach,"Sant Martí, Barcelona",https://www.booking.com/hotel/es/zero-barcelona-hostel.html?label=gen173nr-1BCAEoggI46AdSAnVzWARoRogBAZgBMbgBGcgBD9gBAegBAYgCAagCA7gC-NjpvAbAAgHSAiQ4ZGVlZWVhMi1mOTI5LTRmOWQtOTk0OC0xMzU5MWFkYWNlODjYAgXgAgE&sid=f990c8e44d8a49a026ee40f8b9e3b3a2&aid=304142&ucfs=1&arphpl=1&checkin=2025-03-01&checkout=2025-03-08&dest_id=-372490&dest_type=city&group_adults=2&req_adults=2&no_rooms=1&group_children=0&req_children=0&hpos=22&hapos=118&sr_order=popularity&srpvid=af307f62bb9d0534&srepoch=1738174038&all_sr_blocks=734197911_351448283_8_2_0&highlighted_blocks=734197911_351448283_8_2_0&matching_block_id=734197911_351448283_8_2_0&sr_pri_blocks=734197911_351448283_8_2_0__230000&from=searchresults
NH Collection Barcelona Podium,"Eixample, Barcelona",https://www.booking.com/hotel/es/nhpodium.html?label=gen173nr-1BCAEoggI46AdSAnVzWARoRogBAZgBMbgBGcgBD9gBAegBAYgCAagCA7gC-NjpvAbAAgHSAiQ4ZGVlZWVhMi1mOTI5LTRmOWQtOTk0OC0xMzU5MWFkYWNlODjYAgXgAgE&sid=f990c8e44d8a49a026ee40f8b9e3b3a2&aid=304142&ucfs=1&arphpl=1&checkin=2025-03-01&checkout=2025-03-08&dest_id=-372490&dest_type=city&group_adults=2&req_adults=2&no_rooms=1&group_children=0&req_children=0&hpos=23&hapos=119&sr_order=popularity&srpvid=af307f62bb9d0534&srepoch=1738174038&all_sr_blocks=9077803_93709050_0_2_0&highlighted_blocks=9077803_93709050_0_2_0&matching_block_id=9077803_93709050_0_2_0&sr_pri_blocks=9077803_93709050_0_2_0__397138&from_sustainable_property_sr=1&from=searchresults
Feelathome Mozart Apartments,"Gràcia, Barcelona",https://www.booking.com/hotel/es/feelathome-mozart-apartments.html?label=gen173nr-1BCAEoggI46AdSAnVzWARoRogBAZgBMbgBGcgBD9gBAegBAYgCAagCA7gC-NjpvAbAAgHSAiQ4ZGVlZWVhMi1mOTI5LTRmOWQtOTk0OC0xMzU5MWFkYWNlODjYAgXgAgE&sid=f990c8e44d8a49a026ee40f8b9e3b3a2&aid=304142&ucfs=1&arphpl=1&checkin=2025-03-01&checkout=2025-03-08&dest_id=-372490&dest_type=city&group_adults=2&req_adults=2&no_rooms=1&group_children=0&req_children=0&hpos=24&hapos=120&sr_order=popularity&srpvid=af307f62bb9d0534&srepoch=1738174038&all_sr_blocks=118015601_88509497_2_0_0&highlighted_blocks=118015601_88509497_2_0_0&matching_block_id=118015601_88509497_2_0_0&sr_pri_blocks=118015601_88509497_2_0_0__244282&from=searchresults
Sercotel Amister Art Hotel Barcelona,"Eixample, Barcelona",https://www.booking.com/hotel/es/amisterbarcelona.html?label=gen173nr-1BCAEoggI46AdSAnVzWARoRogBAZgBMbgBGcgBD9gBAegBAYgCAagCA7gC-NjpvAbAAgHSAiQ4ZGVlZWVhMi1mOTI5LTRmOWQtOTk0OC0xMzU5MWFkYWNlODjYAgXgAgE&sid=f990c8e44d8a49a026ee40f8b9e3b3a2&aid=304142&ucfs=1&arphpl=1&checkin=2025-03-01&checkout=2025-03-08&dest_id=-372490&dest_type=city&group_adults=2&req_adults=2&no_rooms=1&group_children=0&req_children=0&hpos=1&hapos=121&sr_order=popularity&srpvid=af307f62bb9d0534&srepoch=1738174040&all_sr_blocks=9110315_91462808_2_2_0&highlighted_blocks=9110315_91462808_2_2_0&matching_block_id=9110315_91462808_2_2_0&sr_pri_blocks=9110315_91462808_2_2_0__323228&from_sustainable_property_sr=1&from=searchresults
Hotel Arconte,"Eixample, Barcelona",https://www.booking.com/hotel/es/the-mirror-barcelona.html?label=gen173nr-1BCAEoggI46AdSAnVzWARoRogBAZgBMbgBGcgBD9gBAegBAYgCAagCA7gC-NjpvAbAAgHSAiQ4ZGVlZWVhMi1mOTI5LTRmOWQtOTk0OC0xMzU5MWFkYWNlODjYAgXgAgE&sid=f990c8e44d8a49a026ee40f8b9e3b3a2&aid=304142&ucfs=1&arphpl=1&checkin=2025-03-01&checkout=2025-03-08&dest_id=-372490&dest_type=city&group_adults=2&req_adults=2&no_rooms=1&group_children=0&req_children=0&hpos=2&hapos=122&sr_order=popularity&srpvid=af307f62bb9d0534&srepoch=1738174040&all_sr_blocks=27664004_88206135_0_2_0&highlighted_blocks=27664004_88206135_0_2_0&matching_block_id=27664004_88206135_0_2_0&sr_pri_blocks=27664004_88206135_0_2_0__278978&from=searchresults
Hotel Regina Barcelona,"Eixample, Barcelona",https://www.booking.com/hotel/es/hotel-regina.html?label=gen173nr-1BCAEoggI46AdSAnVzWARoRogBAZgBMbgBGcgBD9gBAegBAYgCAagCA7gC-NjpvAbAAgHSAiQ4ZGVlZWVhMi1mOTI5LTRmOWQtOTk0OC0xMzU5MWFkYWNlODjYAgXgAgE&sid=f990c8e44d8a49a026ee40f8b9e3b3a2&aid=304142&ucfs=1&arphpl=1&checkin=2025-03-01&checkout=2025-03-08&dest_id=-372490&dest_type=city&group_adults=2&req_adults=2&no_rooms=1&group_children=0&req_children=0&hpos=3&hapos=123&sr_order=popularity&srpvid=af307f62bb9d0534&srepoch=1738174040&all_sr_blocks=9223702_88192241_2_2_0&highlighted_blocks=9223702_88192241_2_2_0&matching_block_id=9223702_88192241_2_2_0&sr_pri_blocks=9223702_88192241_2_2_0__331428&from=searchresults
Sunotel Aston,"Eixample, Barcelona",https://www.booking.com/hotel/es/astonbarcelona.html?label=gen173nr-1BCAEoggI46AdSAnVzWARoRogBAZgBMbgBGcgBD9gBAegBAYgCAagCA7gC-NjpvAbAAgHSAiQ4ZGVlZWVhMi1mOTI5LTRmOWQtOTk0OC0xMzU5MWFkYWNlODjYAgXgAgE&sid=f990c8e44d8a49a026ee40f8b9e3b3a2&aid=304142&ucfs=1&arphpl=1&checkin=2025-03-01&checkout=2025-03-08&dest_id=-372490&dest_type=city&group_adults=2&req_adults=2&no_rooms=1&group_children=0&req_children=0&hpos=4&hapos=124&sr_order=popularity&srpvid=af307f62bb9d0534&srepoch=1738174040&all_sr_blocks=9122217_88190763_2_2_0&highlighted_blocks=9122217_88190763_2_2_0&matching_block_id=9122217_88190763_2_2_0&sr_pri_blocks=9122217_88190763_2_2_0__250330&from=searchresults
Olivia Plaza Hotel,"Ciutat Vella, Barcelona",https://www.booking.com/hotel/es/olivia-plaza.html?label=gen173nr-1BCAEoggI46AdSAnVzWARoRogBAZgBMbgBGcgBD9gBAegBAYgCAagCA7gC-NjpvAbAAgHSAiQ4ZGVlZWVhMi1mOTI5LTRmOWQtOTk0OC0xMzU5MWFkYWNlODjYAgXgAgE&sid=f990c8e44d8a49a026ee40f8b9e3b3a2&aid=304142&ucfs=1&arphpl=1&checkin=2025-03-01&checkout=2025-03-08&dest_id=-372490&dest_type=city&group_adults=2&req_adults=2&no_rooms=1&group_children=0&req_children=0&hpos=5&hapos=125&sr_order=popularity&srpvid=af307f62bb9d0534&srepoch=1738174040&all_sr_blocks=9195204_88192048_2_2_0&highlighted_blocks=9195204_88192048_2_2_0&matching_block_id=9195204_88192048_2_2_0&sr_pri_blocks=9195204_88192048_2_2_0__432678&from=searchresults
Hotel España Ramblas,"Ciutat Vella, Barcelona",https://www.booking.com/hotel/es/espana-barcelona.html?label=gen173nr-1BCAEoggI46AdSAnVzWARoRogBAZgBMbgBGcgBD9gBAegBAYgCAagCA7gC-NjpvAbAAgHSAiQ4ZGVlZWVhMi1mOTI5LTRmOWQtOTk0OC0xMzU5MWFkYWNlODjYAgXgAgE&sid=f990c8e44d8a49a026ee40f8b9e3b3a2&aid=304142&ucfs=1&arphpl=1&checkin=2025-03-01&checkout=2025-03-08&dest_id=-372490&dest_type=city&group_adults=2&req_adults=2&no_rooms=1&group_children=0&req_children=0&hpos=6&hapos=126&sr_order=popularity&srpvid=af307f62bb9d0534&srepoch=1738174040&all_sr_blocks=4794301_88181097_0_2_0_608558&highlighted_blocks=4794301_88181097_0_2_0_608558&matching_block_id=4794301_88181097_0_2_0_608558&sr_pri_blocks=4794301_88181097_0_2_0_608558_311055&from=searchresults
Barcelona Apartment Villarroel,"Eixample, Barcelona",https://www.booking.com/hotel/es/barcelona-apartment-villarroel.html?label=gen173nr-1BCAEoggI46AdSAnVzWARoRogBAZgBMbgBGcgBD9gBAegBAYgCAagCA7gC-NjpvAbAAgHSAiQ4ZGVlZWVhMi1mOTI5LTRmOWQtOTk0OC0xMzU5MWFkYWNlODjYAgXgAgE&sid=f990c8e44d8a49a026ee40f8b9e3b3a2&aid=304142&ucfs=1&arphpl=1&checkin=2025-03-01&checkout=2025-03-08&dest_id=-372490&dest_type=city&group_adults=2&req_adults=2&no_rooms=1&group_children=0&req_children=0&hpos=7&hapos=127&sr_order=popularity&srpvid=af307f62bb9d0534&srepoch=1738174040&all_sr_blocks=48247601_88209823_0_0_0&highlighted_blocks=48247601_88209823_0_0_0&matching_block_id=48247601_88209823_0_0_0&sr_pri_blocks=48247601_88209823_0_0_0__306182&from=searchresults
Apartaments-Hotel Hispanos 7 Suiza,"Eixample, Barcelona",https://www.booking.com/hotel/es/hispanos7suiza.html?label=gen173nr-1BCAEoggI46AdSAnVzWARoRogBAZgBMbgBGcgBD9gBAegBAYgCAagCA7gC-NjpvAbAAgHSAiQ4ZGVlZWVhMi1mOTI5LTRmOWQtOTk0OC0xMzU5MWFkYWNlODjYAgXgAgE&sid=f990c8e44d8a49a026ee40f8b9e3b3a2&aid=304142&ucfs=1&arphpl=1&checkin=2025-03-01&checkout=2025-03-08&dest_id=-372490&dest_type=city&group_adults=2&req_adults=2&no_rooms=1&group_children=0&req_children=0&hpos=8&hapos=128&sr_order=popularity&srpvid=af307f62bb9d0534&srepoch=1738174040&all_sr_blocks=9080707_88492739_2_0_0&highlighted_blocks=9080707_88492739_2_0_0&matching_block_id=9080707_88492739_2_0_0&sr_pri_blocks=9080707_88492739_2_0_0__339586&from=searchresults
May Ramblas Hotel,"Ciutat Vella, Barcelona",https://www.booking.com/hotel/es/may-ramblas.html?label=gen173nr-1BCAEoggI46AdSAnVzWARoRogBAZgBMbgBGcgBD9gBAegBAYgCAagCA7gC-NjpvAbAAgHSAiQ4ZGVlZWVhMi1mOTI5LTRmOWQtOTk0OC0xMzU5MWFkYWNlODjYAgXgAgE&sid=f990c8e44d8a49a026ee40f8b9e3b3a2&aid=304142&ucfs=1&arphpl=1&checkin=2025-03-01&checkout=2025-03-08&dest_id=-372490&dest_type=city&group_adults=2&req_adults=2&no_rooms=1&group_children=0&req_children=0&hpos=9&hapos=129&sr_order=popularity&srpvid=af307f62bb9d0534&srepoch=1738174040&all_sr_blocks=177821602_0_2_0_0&highlighted_blocks=177821602_0_2_0_0&matching_block_id=177821602_0_2_0_0&sr_pri_blocks=177821602_0_2_0_0__234869&from=searchresults
Ola Living Hostal Diagonal,"Sarrià-St. Gervasi, Barcelona",https://www.booking.com/hotel/es/barcelona-226-exclusive-rooms.html?label=gen173nr-1BCAEoggI46AdSAnVzWARoRogBAZgBMbgBGcgBD9gBAegBAYgCAagCA7gC-NjpvAbAAgHSAiQ4ZGVlZWVhMi1mOTI5LTRmOWQtOTk0OC0xMzU5MWFkYWNlODjYAgXgAgE&sid=f990c8e44d8a49a026ee40f8b9e3b3a2&aid=304142&ucfs=1&arphpl=1&checkin=2025-03-01&checkout=2025-03-08&dest_id=-372490&dest_type=city&group_adults=2&req_adults=2&no_rooms=1&group_children=0&req_children=0&hpos=10&hapos=130&sr_order=popularity&srpvid=af307f62bb9d0534&srepoch=1738174040&all_sr_blocks=110656406_400322508_2_0_0&highlighted_blocks=110656406_400322508_2_0_0&matching_block_id=110656406_400322508_2_0_0&sr_pri_blocks=110656406_400322508_2_0_0__235985&from=searchresults
Ilunion Auditori,"Eixample, Barcelona",https://www.booking.com/hotel/es/confortel-auditori.html?label=gen173nr-1BCAEoggI46AdSAnVzWARoRogBAZgBMbgBGcgBD9gBAegBAYgCAagCA7gC-NjpvAbAAgHSAiQ4ZGVlZWVhMi1mOTI5LTRmOWQtOTk0OC0xMzU5MWFkYWNlODjYAgXgAgE&sid=f990c8e44d8a49a026ee40f8b9e3b3a2&aid=304142&ucfs=1&arphpl=1&checkin=2025-03-01&checkout=2025-03-08&dest_id=-372490&dest_type=city&group_adults=2&req_adults=2&no_rooms=1&group_children=0&req_children=0&hpos=11&hapos=131&sr_order=popularity&srpvid=af307f62bb9d0534&srepoch=1738174040&all_sr_blocks=9277401_0_2_0_0&highlighted_blocks=9277401_0_2_0_0&matching_block_id=9277401_0_2_0_0&sr_pri_blocks=9277401_0_2_0_0__239878&from=searchresults
Happy People Ramblas Harbour Apartments,"Sants-Montjuïc, Barcelona",https://www.booking.com/hotel/es/happy-people-ramblas-harbour-apartments.html?label=gen173nr-1BCAEoggI46AdSAnVzWARoRogBAZgBMbgBGcgBD9gBAegBAYgCAagCA7gC-NjpvAbAAgHSAiQ4ZGVlZWVhMi1mOTI5LTRmOWQtOTk0OC0xMzU5MWFkYWNlODjYAgXgAgE&sid=f990c8e44d8a49a026ee40f8b9e3b3a2&aid=304142&ucfs=1&arphpl=1&checkin=2025-03-01&checkout=2025-03-08&dest_id=-372490&dest_type=city&group_adults=2&req_adults=2&no_rooms=1&group_children=0&req_children=0&hpos=12&hapos=132&sr_order=popularity&srpvid=af307f62bb9d0534&srepoch=1738174040&all_sr_blocks=59281001_91935562_4_0_0&highlighted_blocks=59281001_91935562_4_0_0&matching_block_id=59281001_91935562_4_0_0&sr_pri_blocks=59281001_91935562_4_0_0__302627&from_sustainable_property_sr=1&from=searchresults
Fisa Rentals Ramblas Apartments,"Eixample, Barcelona",https://www.booking.com/hotel/es/fisa-rentals-ramblas.html?label=gen173nr-1BCAEoggI46AdSAnVzWARoRogBAZgBMbgBGcgBD9gBAegBAYgCAagCA7gC-NjpvAbAAgHSAiQ4ZGVlZWVhMi1mOTI5LTRmOWQtOTk0OC0xMzU5MWFkYWNlODjYAgXgAgE&sid=f990c8e44d8a49a026ee40f8b9e3b3a2&aid=304142&ucfs=1&arphpl=1&checkin=2025-03-01&checkout=2025-03-08&dest_id=-372490&dest_type=city&group_adults=2&req_adults=2&no_rooms=1&group_children=0&req_children=0&hpos=13&hapos=133&sr_order=popularity&srpvid=af307f62bb9d0534&srepoch=1738174040&all_sr_blocks=34476509_119088343_0_0_0&highlighted_blocks=34476509_119088343_0_0_0&matching_block_id=34476509_119088343_0_0_0&sr_pri_blocks=34476509_119088343_0_0_0__364250&from=searchresults
Eurohotel Diagonal Port,"Sant Martí, Barcelona",https://www.booking.com/hotel/es/rafaeldiagonal.html?label=gen173nr-1BCAEoggI46AdSAnVzWARoRogBAZgBMbgBGcgBD9gBAegBAYgCAagCA7gC-NjpvAbAAgHSAiQ4ZGVlZWVhMi1mOTI5LTRmOWQtOTk0OC0xMzU5MWFkYWNlODjYAgXgAgE&sid=f990c8e44d8a49a026ee40f8b9e3b3a2&aid=304142&ucfs=1&arphpl=1&checkin=2025-03-01&checkout=2025-03-08&dest_id=-372490&dest_type=city&group_adults=2&req_adults=2&no_rooms=1&group_children=0&req_children=0&hpos=14&hapos=134&sr_order=popularity&srpvid=af307f62bb9d0534&srepoch=1738174040&all_sr_blocks=9029202_88181517_0_2_0&highlighted_blocks=9029202_88181517_0_2_0&matching_block_id=9029202_88181517_0_2_0&sr_pri_blocks=9029202_88181517_0_2_0__217208&from=searchresults
Barcelona Apartment Milà,"Gràcia, Barcelona",https://www.booking.com/hotel/es/barcelona-apartment-mila.html?label=gen173nr-1BCAEoggI46AdSAnVzWARoRogBAZgBMbgBGcgBD9gBAegBAYgCAagCA7gC-NjpvAbAAgHSAiQ4ZGVlZWVhMi1mOTI5LTRmOWQtOTk0OC0xMzU5MWFkYWNlODjYAgXgAgE&sid=f990c8e44d8a49a026ee40f8b9e3b3a2&aid=304142&ucfs=1&arphpl=1&checkin=2025-03-01&checkout=2025-03-08&dest_id=-372490&dest_type=city&group_adults=2&req_adults=2&no_rooms=1&group_children=0&req_children=0&hpos=15&hapos=135&sr_order=popularity&srpvid=af307f62bb9d0534&srepoch=1738174040&all_sr_blocks=107213901_91476616_0_0_0&highlighted_blocks=107213901_91476616_0_0_0&matching_block_id=107213901_91476616_0_0_0&sr_pri_blocks=107213901_91476616_0_0_0__258018&from=searchresults
Catalonia Plaza Catalunya,"Eixample, Barcelona",https://www.booking.com/hotel/es/cataloniaduques.html?label=gen173nr-1BCAEoggI46AdSAnVzWARoRogBAZgBMbgBGcgBD9gBAegBAYgCAagCA7gC-NjpvAbAAgHSAiQ4ZGVlZWVhMi1mOTI5LTRmOWQtOTk0OC0xMzU5MWFkYWNlODjYAgXgAgE&sid=f990c8e44d8a49a026ee40f8b9e3b3a2&aid=304142&ucfs=1&arphpl=1&checkin=2025-03-01&checkout=2025-03-08&dest_id=-372490&dest_type=city&group_adults=2&req_adults=2&no_rooms=1&group_children=0&req_children=0&hpos=16&hapos=136&sr_order=popularity&srpvid=af307f62bb9d0534&srepoch=1738174040&all_sr_blocks=9058012_88181903_0_42_0&highlighted_blocks=9058012_88181903_0_42_0&matching_block_id=9058012_88181903_0_42_0&sr_pri_blocks=9058012_88181903_0_42_0__388778&from_sustainable_property_sr=1&from=searchresults
HOTEL FORNOS - Barcelona,"Ciutat Vella, Barcelona",https://www.booking.com/hotel/es/fornos.html?label=gen173nr-1BCAEoggI46AdSAnVzWARoRogBAZgBMbgBGcgBD9gBAegBAYgCAagCA7gC-NjpvAbAAgHSAiQ4ZGVlZWVhMi1mOTI5LTRmOWQtOTk0OC0xMzU5MWFkYWNlODjYAgXgAgE&sid=f990c8e44d8a49a026ee40f8b9e3b3a2&aid=304142&ucfs=1&arphpl=1&checkin=2025-03-01&checkout=2025-03-08&dest_id=-372490&dest_type=city&group_adults=2&req_adults=2&no_rooms=1&group_children=0&req_children=0&hpos=17&hapos=137&sr_order=popularity&srpvid=af307f62bb9d0534&srepoch=1738174040&all_sr_blocks=30302202_403844515_0_1_0&highlighted_blocks=30302202_403844515_0_1_0&matching_block_id=30302202_403844515_0_1_0&sr_pri_blocks=30302202_403844515_0_1_0__166300&from=searchresults
Eurostars Grand Marina Hotel GL,"Ciutat Vella, Barcelona",https://www.booking.com/hotel/es/grandmarina.html?label=gen173nr-1BCAEoggI46AdSAnVzWARoRogBAZgBMbgBGcgBD9gBAegBAYgCAagCA7gC-NjpvAbAAgHSAiQ4ZGVlZWVhMi1mOTI5LTRmOWQtOTk0OC0xMzU5MWFkYWNlODjYAgXgAgE&sid=f990c8e44d8a49a026ee40f8b9e3b3a2&aid=304142&ucfs=1&arphpl=1&checkin=2025-03-01&checkout=2025-03-08&dest_id=-372490&dest_type=city&group_adults=2&req_adults=2&no_rooms=1&group_children=0&req_children=0&hpos=18&hapos=138&sr_order=popularity&srpvid=af307f62bb9d0534&srepoch=1738174040&all_sr_blocks=9032701_0_2_0_0&highlighted_blocks=9032701_0_2_0_0&matching_block_id=9032701_0_2_0_0&sr_pri_blocks=9032701_0_2_0_0__447572&from_sustainable_property_sr=1&from=searchresults
"Labtwentytwo Barcelona, a Tribute Portfolio Hotel","Sant Martí, Barcelona",https://www.booking.com/hotel/es/labtwentytwo-barcelona-a-tribute-portfolio.html?label=gen173nr-1BCAEoggI46AdSAnVzWARoRogBAZgBMbgBGcgBD9gBAegBAYgCAagCA7gC-NjpvAbAAgHSAiQ4ZGVlZWVhMi1mOTI5LTRmOWQtOTk0OC0xMzU5MWFkYWNlODjYAgXgAgE&sid=f990c8e44d8a49a026ee40f8b9e3b3a2&aid=304142&ucfs=1&arphpl=1&checkin=2025-03-01&checkout=2025-03-08&dest_id=-372490&dest_type=city&group_adults=2&req_adults=2&no_rooms=1&group_children=0&req_children=0&hpos=19&hapos=139&sr_order=popularity&srpvid=af307f62bb9d0534&srepoch=1738174040&all_sr_blocks=1072514604_379795374_0_42_0&highlighted_blocks=1072514604_379795374_0_42_0&matching_block_id=1072514604_379795374_0_42_0&sr_pri_blocks=1072514604_379795374_0_42_0__359678&from_sustainable_property_sr=1&from=searchresults
BYPILLOW Twenty,"Ciutat Vella, Barcelona",https://www.booking.com/hotel/es/atlas.html?label=gen173nr-1BCAEoggI46AdSAnVzWARoRogBAZgBMbgBGcgBD9gBAegBAYgCAagCA7gC-NjpvAbAAgHSAiQ4ZGVlZWVhMi1mOTI5LTRmOWQtOTk0OC0xMzU5MWFkYWNlODjYAgXgAgE&sid=f990c8e44d8a49a026ee40f8b9e3b3a2&aid=304142&ucfs=1&arphpl=1&checkin=2025-03-01&checkout=2025-03-08&dest_id=-372490&dest_type=city&group_adults=2&req_adults=2&no_rooms=1&group_children=0&req_children=0&hpos=20&hapos=140&sr_order=popularity&srpvid=af307f62bb9d0534&srepoch=1738174040&all_sr_blocks=1326101_95137227_0_2_0_290211&highlighted_blocks=1326101_95137227_0_2_0_290211&matching_block_id=1326101_95137227_0_2_0_290211&sr_pri_blocks=1326101_95137227_0_2_0_290211_261500&from=searchresults
Ikonik Anglí,"Sarrià-St. Gervasi, Barcelona",https://www.booking.com/hotel/es/eurostars-angli.html?label=gen173nr-1BCAEoggI46AdSAnVzWARoRogBAZgBMbgBGcgBD9gBAegBAYgCAagCA7gC-NjpvAbAAgHSAiQ4ZGVlZWVhMi1mOTI5LTRmOWQtOTk0OC0xMzU5MWFkYWNlODjYAgXgAgE&sid=f990c8e44d8a49a026ee40f8b9e3b3a2&aid=304142&ucfs=1&arphpl=1&checkin=2025-03-01&checkout=2025-03-08&dest_id=-372490&dest_type=city&group_adults=2&req_adults=2&no_rooms=1&group_children=0&req_children=0&hpos=21&hapos=141&sr_order=popularity&srpvid=af307f62bb9d0534&srepoch=1738174040&all_sr_blocks=9237514_93709554_2_2_0&highlighted_blocks=9237514_93709554_2_2_0&matching_block_id=9237514_93709554_2_2_0&sr_pri_blocks=9237514_93709554_2_2_0__227906&from_sustainable_property_sr=1&from=searchresults
Catalonia Ramblas 4* Sup,"Ciutat Vella, Barcelona",https://www.booking.com/hotel/es/catalonia-ramblas.html?label=gen173nr-1BCAEoggI46AdSAnVzWARoRogBAZgBMbgBGcgBD9gBAegBAYgCAagCA7gC-NjpvAbAAgHSAiQ4ZGVlZWVhMi1mOTI5LTRmOWQtOTk0OC0xMzU5MWFkYWNlODjYAgXgAgE&sid=f990c8e44d8a49a026ee40f8b9e3b3a2&aid=304142&ucfs=1&arphpl=1&checkin=2025-03-01&checkout=2025-03-08&dest_id=-372490&dest_type=city&group_adults=2&req_adults=2&no_rooms=1&group_children=0&req_children=0&hpos=22&hapos=142&sr_order=popularity&srpvid=af307f62bb9d0534&srepoch=1738174040&all_sr_blocks=9343016_88193731_0_2_0&highlighted_blocks=9343016_88193731_0_2_0&matching_block_id=9343016_88193731_0_2_0&sr_pri_blocks=9343016_88193731_0_2_0__399778&from_sustainable_property_sr=1&from=searchresults
Casa Gracia,"Gràcia, Barcelona",https://www.booking.com/hotel/es/hostel-casa-gracia.html?label=gen173nr-1BCAEoggI46AdSAnVzWARoRogBAZgBMbgBGcgBD9gBAegBAYgCAagCA7gC-NjpvAbAAgHSAiQ4ZGVlZWVhMi1mOTI5LTRmOWQtOTk0OC0xMzU5MWFkYWNlODjYAgXgAgE&sid=f990c8e44d8a49a026ee40f8b9e3b3a2&aid=304142&ucfs=1&arphpl=1&checkin=2025-03-01&checkout=2025-03-08&dest_id=-372490&dest_type=city&group_adults=2&req_adults=2&no_rooms=1&group_children=0&req_children=0&hpos=23&hapos=143&sr_order=popularity&srpvid=af307f62bb9d0534&srepoch=1738174040&all_sr_blocks=25515436_0_2_0_0&highlighted_blocks=25515436_0_2_0_0&matching_block_id=25515436_0_2_0_0&sr_pri_blocks=25515436_0_2_0_0__230910&from=searchresults
La Casa de Antonio Boutique Rooms,"Eixample, Barcelona",https://www.booking.com/hotel/es/la-casa-de-antonio.html?label=gen173nr-1BCAEoggI46AdSAnVzWARoRogBAZgBMbgBGcgBD9gBAegBAYgCAagCA7gC-NjpvAbAAgHSAiQ4ZGVlZWVhMi1mOTI5LTRmOWQtOTk0OC0xMzU5MWFkYWNlODjYAgXgAgE&sid=f990c8e44d8a49a026ee40f8b9e3b3a2&aid=304142&ucfs=1&arphpl=1&checkin=2025-03-01&checkout=2025-03-08&dest_id=-372490&dest_type=city&group_adults=2&req_adults=2&no_rooms=1&group_children=0&req_children=0&hpos=24&hapos=144&sr_order=popularity&srpvid=af307f62bb9d0534&srepoch=1738174040&all_sr_blocks=125636404_121110081_2_0_0&highlighted_blocks=125636404_121110081_2_0_0&matching_block_id=125636404_121110081_2_0_0&sr_pri_blocks=125636404_121110081_2_0_0__223450&from=searchresults
NH Collection Barcelona Constanza,"Les Corts, Barcelona",https://www.booking.com/hotel/es/nh-constanza.html?label=gen173nr-1BCAEoggI46AdSAnVzWARoRogBAZgBMbgBGcgBD9gBAegBAYgCAagCA7gC-NjpvAbAAgHSAiQ4ZGVlZWVhMi1mOTI5LTRmOWQtOTk0OC0xMzU5MWFkYWNlODjYAgXgAgE&sid=f990c8e44d8a49a026ee40f8b9e3b3a2&aid=304142&ucfs=1&arphpl=1&checkin=2025-03-01&checkout=2025-03-08&dest_id=-372490&dest_type=city&group_adults=2&req_adults=2&no_rooms=1&group_children=0&req_children=0&hpos=25&hapos=145&sr_order=popularity&srpvid=af307f62bb9d0534&srepoch=1738174040&all_sr_blocks=9385410_93709751_0_1_0&highlighted_blocks=9385410_93709751_0_1_0&matching_block_id=9385410_93709751_0_1_0&sr_pri_blocks=9385410_93709751_0_1_0__415938&from_sustainable_property_sr=1&from=searchresults
Catalonia Barcelona Plaza,"Sants-Montjuïc, Barcelona",https://www.booking.com/hotel/es/cataloniabarcelonaplaza.html?label=gen173nr-1BCAEoggI46AdSAnVzWARoRogBAZgBMbgBGcgBD9gBAegBAYgCAagCA7gC-NjpvAbAAgHSAiQ4ZGVlZWVhMi1mOTI5LTRmOWQtOTk0OC0xMzU5MWFkYWNlODjYAgXgAgE&sid=f990c8e44d8a49a026ee40f8b9e3b3a2&aid=304142&ucfs=1&arphpl=1&checkin=2025-03-01&checkout=2025-03-08&dest_id=-372490&dest_type=city&group_adults=2&req_adults=2&no_rooms=1&group_children=0&req_children=0&hpos=1&hapos=146&sr_order=popularity&srpvid=af307f62bb9d0534&srepoch=1738174042&all_sr_blocks=9058208_88181919_0_34_0&highlighted_blocks=9058208_88181919_0_34_0&matching_block_id=9058208_88181919_0_34_0&sr_pri_blocks=9058208_88181919_0_34_0__447778&from_sustainable_property_sr=1&from=searchresults
Hotel Nouvel,"Ciutat Vella, Barcelona",https://www.booking.com/hotel/es/nouvel.html?label=gen173nr-1BCAEoggI46AdSAnVzWARoRogBAZgBMbgBGcgBD9gBAegBAYgCAagCA7gC-NjpvAbAAgHSAiQ4ZGVlZWVhMi1mOTI5LTRmOWQtOTk0OC0xMzU5MWFkYWNlODjYAgXgAgE&sid=f990c8e44d8a49a026ee40f8b9e3b3a2&aid=304142&ucfs=1&arphpl=1&checkin=2025-03-01&checkout=2025-03-08&dest_id=-372490&dest_type=city&group_adults=2&req_adults=2&no_rooms=1&group_children=0&req_children=0&hpos=2&hapos=147&sr_order=popularity&srpvid=af307f62bb9d0534&srepoch=1738174042&all_sr_blocks=9065413_0_2_0_0&highlighted_blocks=9065413_0_2_0_0&matching_block_id=9065413_0_2_0_0&sr_pri_blocks=9065413_0_2_0_0__246879&from=searchresults
Molino Fresh,"Sants-Montjuïc, Barcelona",https://www.booking.com/hotel/es/molino-fresh.html?label=gen173nr-1BCAEoggI46AdSAnVzWARoRogBAZgBMbgBGcgBD9gBAegBAYgCAagCA7gC-NjpvAbAAgHSAiQ4ZGVlZWVhMi1mOTI5LTRmOWQtOTk0OC0xMzU5MWFkYWNlODjYAgXgAgE&sid=f990c8e44d8a49a026ee40f8b9e3b3a2&aid=304142&ucfs=1&arphpl=1&checkin=2025-03-01&checkout=2025-03-08&dest_id=-372490&dest_type=city&group_adults=2&req_adults=2&no_rooms=1&group_children=0&req_children=0&hpos=3&hapos=148&sr_order=popularity&srpvid=af307f62bb9d0534&srepoch=1738174042&all_sr_blocks=88243701_88506177_2_0_0&highlighted_blocks=88243701_88506177_2_0_0&matching_block_id=88243701_88506177_2_0_0&sr_pri_blocks=88243701_88506177_2_0_0__292972&from=searchresults
Ramblas Hotel,"Ciutat Vella, Barcelona",https://www.booking.com/hotel/es/ramblashotel.html?label=gen173nr-1BCAEoggI46AdSAnVzWARoRogBAZgBMbgBGcgBD9gBAegBAYgCAagCA7gC-NjpvAbAAgHSAiQ4ZGVlZWVhMi1mOTI5LTRmOWQtOTk0OC0xMzU5MWFkYWNlODjYAgXgAgE&sid=f990c8e44d8a49a026ee40f8b9e3b3a2&aid=304142&ucfs=1&arphpl=1&checkin=2025-03-01&checkout=2025-03-08&dest_id=-372490&dest_type=city&group_adults=2&req_adults=2&no_rooms=1&group_children=0&req_children=0&hpos=4&hapos=149&sr_order=popularity&srpvid=af307f62bb9d0534&srepoch=1738174042&all_sr_blocks=0_0_2_1_0&highlighted_blocks=0_0_2_1_0&matching_block_id=0_0_2_1_0&sr_pri_blocks=0_0_2_1_0__345437&from=searchresults
Chic & Basic Velvet,"Eixample, Barcelona",https://www.booking.com/hotel/es/santangelo-barcelona.html?label=gen173nr-1BCAEoggI46AdSAnVzWARoRogBAZgBMbgBGcgBD9gBAegBAYgCAagCA7gC-NjpvAbAAgHSAiQ4ZGVlZWVhMi1mOTI5LTRmOWQtOTk0OC0xMzU5MWFkYWNlODjYAgXgAgE&sid=f990c8e44d8a49a026ee40f8b9e3b3a2&aid=304142&ucfs=1&arphpl=1&checkin=2025-03-01&checkout=2025-03-08&dest_id=-372490&dest_type=city&group_adults=2&req_adults=2&no_rooms=1&group_children=0&req_children=0&hpos=5&hapos=150&sr_order=popularity&srpvid=af307f62bb9d0534&srepoch=1738174042&all_sr_blocks=9096610_88190298_0_2_0&highlighted_blocks=9096610_88190298_0_2_0&matching_block_id=9096610_88190298_0_2_0&sr_pri_blocks=9096610_88190298_0_2_0__285686&from_sustainable_property_sr=1&from=searchresults
Hesperia Barcelona Presidente,"Sarrià-St. Gervasi, Barcelona",https://www.booking.com/hotel/es/hesperiapresidente.html?label=gen173nr-1BCAEoggI46AdSAnVzWARoRogBAZgBMbgBGcgBD9gBAegBAYgCAagCA7gC-NjpvAbAAgHSAiQ4ZGVlZWVhMi1mOTI5LTRmOWQtOTk0OC0xMzU5MWFkYWNlODjYAgXgAgE&sid=f990c8e44d8a49a026ee40f8b9e3b3a2&aid=304142&ucfs=1&arphpl=1&checkin=2025-03-01&checkout=2025-03-08&dest_id=-372490&dest_type=city&group_adults=2&req_adults=2&no_rooms=1&group_children=0&req_children=0&hpos=6&hapos=151&sr_order=popularity&srpvid=af307f62bb9d0534&srepoch=1738174042&all_sr_blocks=9119702_93709286_0_2_0_571924&highlighted_blocks=9119702_93709286_0_2_0_571924&matching_block_id=9119702_93709286_0_2_0_571924&sr_pri_blocks=9119702_93709286_0_2_0_571924_326021&from_sustainable_property_sr=1&from=searchresults
Hostal Girona,"Eixample, Barcelona",https://www.booking.com/hotel/es/hostal-girona.html?label=gen173nr-1BCAEoggI46AdSAnVzWARoRogBAZgBMbgBGcgBD9gBAegBAYgCAagCA7gC-NjpvAbAAgHSAiQ4ZGVlZWVhMi1mOTI5LTRmOWQtOTk0OC0xMzU5MWFkYWNlODjYAgXgAgE&sid=f990c8e44d8a49a026ee40f8b9e3b3a2&aid=304142&ucfs=1&arphpl=1&checkin=2025-03-01&checkout=2025-03-08&dest_id=-372490&dest_type=city&group_adults=2&req_adults=2&no_rooms=1&group_children=0&req_children=0&hpos=7&hapos=152&sr_order=popularity&srpvid=af307f62bb9d0534&srepoch=1738174042&all_sr_blocks=17554515_88494609_0_1_0&highlighted_blocks=17554515_88494609_0_1_0&matching_block_id=17554515_88494609_0_1_0&sr_pri_blocks=17554515_88494609_0_1_0__252661&from=searchresults
Ilunion Almirante,"Ciutat Vella, Barcelona",https://www.booking.com/hotel/es/almirante.html?label=gen173nr-1BCAEoggI46AdSAnVzWARoRogBAZgBMbgBGcgBD9gBAegBAYgCAagCA7gC-NjpvAbAAgHSAiQ4ZGVlZWVhMi1mOTI5LTRmOWQtOTk0OC0xMzU5MWFkYWNlODjYAgXgAgE&sid=f990c8e44d8a49a026ee40f8b9e3b3a2&aid=304142&ucfs=1&arphpl=1&checkin=2025-03-01&checkout=2025-03-08&dest_id=-372490&dest_type=city&group_adults=2&req_adults=2&no_rooms=1&group_children=0&req_children=0&hpos=8&hapos=153&sr_order=popularity&srpvid=af307f62bb9d0534&srepoch=1738174042&all_sr_blocks=9005002_88181332_0_2_0_311289&highlighted_blocks=9005002_88181332_0_2_0_311289&matching_block_id=9005002_88181332_0_2_0_311289&sr_pri_blocks=9005002_88181332_0_2_0_311289_280007&from=searchresults
AC Hotel Diagonal L'Illa by Marriott,"Les Corts, Barcelona",https://www.booking.com/hotel/es/ac-marriott-diagonal-lilla.html?label=gen173nr-1BCAEoggI46AdSAnVzWARoRogBAZgBMbgBGcgBD9gBAegBAYgCAagCA7gC-NjpvAbAAgHSAiQ4ZGVlZWVhMi1mOTI5LTRmOWQtOTk0OC0xMzU5MWFkYWNlODjYAgXgAgE&sid=f990c8e44d8a49a026ee40f8b9e3b3a2&aid=304142&ucfs=1&arphpl=1&checkin=2025-03-01&checkout=2025-03-08&dest_id=-372490&dest_type=city&group_adults=2&req_adults=2&no_rooms=1&group_children=0&req_children=0&hpos=9&hapos=154&sr_order=popularity&srpvid=af307f62bb9d0534&srepoch=1738174042&all_sr_blocks=9046425_93708842_0_2_0&highlighted_blocks=9046425_93708842_0_2_0&matching_block_id=9046425_93708842_0_2_0&sr_pri_blocks=9046425_93708842_0_2_0__498168&from_sustainable_property_sr=1&from=searchresults
Aspasios Catedral Apartments,"Ciutat Vella, Barcelona",https://www.booking.com/hotel/es/duran-i-bas.html?label=gen173nr-1BCAEoggI46AdSAnVzWARoRogBAZgBMbgBGcgBD9gBAegBAYgCAagCA7gC-NjpvAbAAgHSAiQ4ZGVlZWVhMi1mOTI5LTRmOWQtOTk0OC0xMzU5MWFkYWNlODjYAgXgAgE&sid=f990c8e44d8a49a026ee40f8b9e3b3a2&aid=304142&ucfs=1&arphpl=1&checkin=2025-03-01&checkout=2025-03-08&dest_id=-372490&dest_type=city&group_adults=2&req_adults=2&no_rooms=1&group_children=0&req_children=0&hpos=10&hapos=155&sr_order=popularity&srpvid=af307f62bb9d0534&srepoch=1738174042&all_sr_blocks=31829405_88497812_4_0_0&highlighted_blocks=31829405_88497812_4_0_0&matching_block_id=31829405_88497812_4_0_0&sr_pri_blocks=31829405_88497812_4_0_0__309452&from=searchresults
Guitart Grand Passage,"Eixample, Barcelona",https://www.booking.com/hotel/es/grandpasage.html?label=gen173nr-1BCAEoggI46AdSAnVzWARoRogBAZgBMbgBGcgBD9gBAegBAYgCAagCA7gC-NjpvAbAAgHSAiQ4ZGVlZWVhMi1mOTI5LTRmOWQtOTk0OC0xMzU5MWFkYWNlODjYAgXgAgE&sid=f990c8e44d8a49a026ee40f8b9e3b3a2&aid=304142&ucfs=1&arphpl=1&checkin=2025-03-01&checkout=2025-03-08&dest_id=-372490&dest_type=city&group_adults=2&req_adults=2&no_rooms=1&group_children=0&req_children=0&hpos=11&hapos=156&sr_order=popularity&srpvid=af307f62bb9d0534&srepoch=1738174042&all_sr_blocks=9005113_372898785_0_2_0&highlighted_blocks=9005113_372898785_0_2_0&matching_block_id=9005113_372898785_0_2_0&sr_pri_blocks=9005113_372898785_0_2_0__303978&from_sustainable_property_sr=1&from=searchresults
Habitat Apartments Cool Jazz,"Sant Martí, Barcelona",https://www.booking.com/hotel/es/habitat-apartments-jazz-barcelona.html?label=gen173nr-1BCAEoggI46AdSAnVzWARoRogBAZgBMbgBGcgBD9gBAegBAYgCAagCA7gC-NjpvAbAAgHSAiQ4ZGVlZWVhMi1mOTI5LTRmOWQtOTk0OC0xMzU5MWFkYWNlODjYAgXgAgE&sid=f990c8e44d8a49a026ee40f8b9e3b3a2&aid=304142&ucfs=1&arphpl=1&checkin=2025-03-01&checkout=2025-03-08&dest_id=-372490&dest_type=city&group_adults=2&req_adults=2&no_rooms=1&group_children=0&req_children=0&hpos=12&hapos=157&sr_order=popularity&srpvid=af307f62bb9d0534&srepoch=1738174042&all_sr_blocks=138052211_86640514_0_0_0&highlighted_blocks=138052211_86640514_0_0_0&matching_block_id=138052211_86640514_0_0_0&sr_pri_blocks=138052211_86640514_0_0_0__244712&from=searchresults
Barcelona Apartment Aramunt,"Eixample, Barcelona",https://www.booking.com/hotel/es/aramunt-apartmnets.html?label=gen173nr-1BCAEoggI46AdSAnVzWARoRogBAZgBMbgBGcgBD9gBAegBAYgCAagCA7gC-NjpvAbAAgHSAiQ4ZGVlZWVhMi1mOTI5LTRmOWQtOTk0OC0xMzU5MWFkYWNlODjYAgXgAgE&sid=f990c8e44d8a49a026ee40f8b9e3b3a2&aid=304142&ucfs=1&arphpl=1&checkin=2025-03-01&checkout=2025-03-08&dest_id=-372490&dest_type=city&group_adults=2&req_adults=2&no_rooms=1&group_children=0&req_children=0&hpos=13&hapos=158&sr_order=popularity&srpvid=af307f62bb9d0534&srepoch=1738174042&all_sr_blocks=9432305_88195800_0_0_0&highlighted_blocks=9432305_88195800_0_0_0&matching_block_id=9432305_88195800_0_0_0&sr_pri_blocks=9432305_88195800_0_0_0__223700&from=searchresults
Sweett - Aragon Park Miro,"Eixample, Barcelona",https://www.booking.com/hotel/es/sweet-inn-park-miro.html?label=gen173nr-1BCAEoggI46AdSAnVzWARoRogBAZgBMbgBGcgBD9gBAegBAYgCAagCA7gC-NjpvAbAAgHSAiQ4ZGVlZWVhMi1mOTI5LTRmOWQtOTk0OC0xMzU5MWFkYWNlODjYAgXgAgE&sid=f990c8e44d8a49a026ee40f8b9e3b3a2&aid=304142&ucfs=1&arphpl=1&checkin=2025-03-01&checkout=2025-03-08&dest_id=-372490&dest_type=city&group_adults=2&req_adults=2&no_rooms=1&group_children=0&req_children=0&hpos=14&hapos=159&sr_order=popularity&srpvid=af307f62bb9d0534&srepoch=1738174042&all_sr_blocks=1042230515_376641287_4_0_0&highlighted_blocks=1042230515_376641287_4_0_0&matching_block_id=1042230515_376641287_4_0_0&sr_pri_blocks=1042230515_376641287_4_0_0__354160&from=searchresults
You Stylish Beach Apartments,"Sant Martí, Barcelona",https://www.booking.com/hotel/es/you-stylish-apartments.html?label=gen173nr-1BCAEoggI46AdSAnVzWARoRogBAZgBMbgBGcgBD9gBAegBAYgCAagCA7gC-NjpvAbAAgHSAiQ4ZGVlZWVhMi1mOTI5LTRmOWQtOTk0OC0xMzU5MWFkYWNlODjYAgXgAgE&sid=f990c8e44d8a49a026ee40f8b9e3b3a2&aid=304142&ucfs=1&arphpl=1&checkin=2025-03-01&checkout=2025-03-08&dest_id=-372490&dest_type=city&group_adults=2&req_adults=2&no_rooms=1&group_children=0&req_children=0&hpos=15&hapos=160&sr_order=popularity&srpvid=af307f62bb9d0534&srepoch=1738174042&all_sr_blocks=27931711_88496948_0_0_0&highlighted_blocks=27931711_88496948_0_0_0&matching_block_id=27931711_88496948_0_0_0&sr_pri_blocks=27931711_88496948_0_0_0__243502&from=searchresults
"Hotel Balmes, a member of Preferred Hotels & Resorts","Eixample, Barcelona",https://www.booking.com/hotel/es/balmesderby.html?label=gen173nr-1BCAEoggI46AdSAnVzWARoRogBAZgBMbgBGcgBD9gBAegBAYgCAagCA7gC-NjpvAbAAgHSAiQ4ZGVlZWVhMi1mOTI5LTRmOWQtOTk0OC0xMzU5MWFkYWNlODjYAgXgAgE&sid=f990c8e44d8a49a026ee40f8b9e3b3a2&aid=304142&ucfs=1&arphpl=1&checkin=2025-03-01&checkout=2025-03-08&dest_id=-372490&dest_type=city&group_adults=2&req_adults=2&no_rooms=1&group_children=0&req_children=0&hpos=16&hapos=161&sr_order=popularity&srpvid=af307f62bb9d0534&srepoch=1738174042&all_sr_blocks=9003917_88181299_0_2_0&highlighted_blocks=9003917_88181299_0_2_0&matching_block_id=9003917_88181299_0_2_0&sr_pri_blocks=9003917_88181299_0_2_0__358428&from=searchresults
"Hotel Indigo Barcelona Plaza Espana, an IHG Hotel","Sants-Montjuïc, Barcelona",https://www.booking.com/hotel/es/hotel-indigo-barcelona-granvia-plaza-espana.html?label=gen173nr-1BCAEoggI46AdSAnVzWARoRogBAZgBMbgBGcgBD9gBAegBAYgCAagCA7gC-NjpvAbAAgHSAiQ4ZGVlZWVhMi1mOTI5LTRmOWQtOTk0OC0xMzU5MWFkYWNlODjYAgXgAgE&sid=f990c8e44d8a49a026ee40f8b9e3b3a2&aid=304142&ucfs=1&arphpl=1&checkin=2025-03-01&checkout=2025-03-08&dest_id=-372490&dest_type=city&group_adults=2&req_adults=2&no_rooms=1&group_children=0&req_children=0&hpos=17&hapos=162&sr_order=popularity&srpvid=af307f62bb9d0534&srepoch=1738174042&all_sr_blocks=9392323_88194437_2_1_0&highlighted_blocks=9392323_88194437_2_1_0&matching_block_id=9392323_88194437_2_1_0&sr_pri_blocks=9392323_88194437_2_1_0__451078&from_sustainable_property_sr=1&from=searchresults
Palau de la Musica Apartments,"Ciutat Vella, Barcelona",https://www.booking.com/hotel/es/las-ramblas-rooms-iii.html?label=gen173nr-1BCAEoggI46AdSAnVzWARoRogBAZgBMbgBGcgBD9gBAegBAYgCAagCA7gC-NjpvAbAAgHSAiQ4ZGVlZWVhMi1mOTI5LTRmOWQtOTk0OC0xMzU5MWFkYWNlODjYAgXgAgE&sid=f990c8e44d8a49a026ee40f8b9e3b3a2&aid=304142&ucfs=1&arphpl=1&checkin=2025-03-01&checkout=2025-03-08&dest_id=-372490&dest_type=city&group_adults=2&req_adults=2&no_rooms=1&group_children=0&req_children=0&hpos=18&hapos=163&sr_order=popularity&srpvid=af307f62bb9d0534&srepoch=1738174042&all_sr_blocks=1224002_118602042_2_0_0&highlighted_blocks=1224002_118602042_2_0_0&matching_block_id=1224002_118602042_2_0_0&sr_pri_blocks=1224002_118602042_2_0_0__335360&from=searchresults
Senator Barcelona Apartments,"Sarrià-St. Gervasi, Barcelona",https://www.booking.com/hotel/es/aparthotelcitysenator.html?label=gen173nr-1BCAEoggI46AdSAnVzWARoRogBAZgBMbgBGcgBD9gBAegBAYgCAagCA7gC-NjpvAbAAgHSAiQ4ZGVlZWVhMi1mOTI5LTRmOWQtOTk0OC0xMzU5MWFkYWNlODjYAgXgAgE&sid=f990c8e44d8a49a026ee40f8b9e3b3a2&aid=304142&ucfs=1&arphpl=1&checkin=2025-03-01&checkout=2025-03-08&dest_id=-372490&dest_type=city&group_adults=2&req_adults=2&no_rooms=1&group_children=0&req_children=0&hpos=19&hapos=164&sr_order=popularity&srpvid=af307f62bb9d0534&srepoch=1738174042&all_sr_blocks=9037310_365919148_2_0_0&highlighted_blocks=9037310_365919148_2_0_0&matching_block_id=9037310_365919148_2_0_0&sr_pri_blocks=9037310_365919148_2_0_0__194850&from=searchresults
Stay U-nique Apartments Rambla Catalunya,"Eixample, Barcelona",https://www.booking.com/hotel/es/stay-u-nique-rambla-catalunya.html?label=gen173nr-1BCAEoggI46AdSAnVzWARoRogBAZgBMbgBGcgBD9gBAegBAYgCAagCA7gC-NjpvAbAAgHSAiQ4ZGVlZWVhMi1mOTI5LTRmOWQtOTk0OC0xMzU5MWFkYWNlODjYAgXgAgE&sid=f990c8e44d8a49a026ee40f8b9e3b3a2&aid=304142&ucfs=1&arphpl=1&checkin=2025-03-01&checkout=2025-03-08&dest_id=-372490&dest_type=city&group_adults=2&req_adults=2&no_rooms=1&group_children=0&req_children=0&hpos=20&hapos=165&sr_order=popularity&srpvid=af307f62bb9d0534&srepoch=1738174042&all_sr_blocks=129395510_247002615_0_0_0&highlighted_blocks=129395510_247002615_0_0_0&matching_block_id=129395510_247002615_0_0_0&sr_pri_blocks=129395510_247002615_0_0_0__251475&from=searchresults
Sunotel Junior,"Eixample, Barcelona",https://www.booking.com/hotel/es/junior.html?label=gen173nr-1BCAEoggI46AdSAnVzWARoRogBAZgBMbgBGcgBD9gBAegBAYgCAagCA7gC-NjpvAbAAgHSAiQ4ZGVlZWVhMi1mOTI5LTRmOWQtOTk0OC0xMzU5MWFkYWNlODjYAgXgAgE&sid=f990c8e44d8a49a026ee40f8b9e3b3a2&aid=304142&ucfs=1&arphpl=1&checkin=2025-03-01&checkout=2025-03-08&dest_id=-372490&dest_type=city&group_adults=2&req_adults=2&no_rooms=1&group_children=0&req_children=0&hpos=21&hapos=166&sr_order=popularity&srpvid=af307f62bb9d0534&srepoch=1738174042&all_sr_blocks=9102211_88190408_0_2_0&highlighted_blocks=9102211_88190408_0_2_0&matching_block_id=9102211_88190408_0_2_0&sr_pri_blocks=9102211_88190408_0_2_0__250615&from=searchresults
BcnStop Sagrada Familia,"Horta-Guinardó, Barcelona",https://www.booking.com/hotel/es/bcn-stop-sagrada-familia.html?label=gen173nr-1BCAEoggI46AdSAnVzWARoRogBAZgBMbgBGcgBD9gBAegBAYgCAagCA7gC-NjpvAbAAgHSAiQ4ZGVlZWVhMi1mOTI5LTRmOWQtOTk0OC0xMzU5MWFkYWNlODjYAgXgAgE&sid=f990c8e44d8a49a026ee40f8b9e3b3a2&aid=304142&ucfs=1&arphpl=1&checkin=2025-03-01&checkout=2025-03-08&dest_id=-372490&dest_type=city&group_adults=2&req_adults=2&no_rooms=1&group_children=0&req_children=0&hpos=22&hapos=167&sr_order=popularity&srpvid=af307f62bb9d0534&srepoch=1738174042&all_sr_blocks=24456601_0_2_0_0&highlighted_blocks=24456601_0_2_0_0&matching_block_id=24456601_0_2_0_0&sr_pri_blocks=24456601_0_2_0_0__230330&from=searchresults
Catalonia Rigoletto,"Les Corts, Barcelona",https://www.booking.com/hotel/es/rigoletto.html?label=gen173nr-1BCAEoggI46AdSAnVzWARoRogBAZgBMbgBGcgBD9gBAegBAYgCAagCA7gC-NjpvAbAAgHSAiQ4ZGVlZWVhMi1mOTI5LTRmOWQtOTk0OC0xMzU5MWFkYWNlODjYAgXgAgE&sid=f990c8e44d8a49a026ee40f8b9e3b3a2&aid=304142&ucfs=1&arphpl=1&checkin=2025-03-01&checkout=2025-03-08&dest_id=-372490&dest_type=city&group_adults=2&req_adults=2&no_rooms=1&group_children=0&req_children=0&hpos=23&hapos=168&sr_order=popularity&srpvid=af307f62bb9d0534&srepoch=1738174042&all_sr_blocks=2980011_95154156_0_2_0&highlighted_blocks=2980011_95154156_0_2_0&matching_block_id=2980011_95154156_0_2_0&sr_pri_blocks=2980011_95154156_0_2_0__348778&from_sustainable_property_sr=1&from=searchresults
Ikonik Ramblas,"Ciutat Vella, Barcelona",https://www.booking.com/hotel/es/eurostars-ramblas.html?label=gen173nr-1BCAEoggI46AdSAnVzWARoRogBAZgBMbgBGcgBD9gBAegBAYgCAagCA7gC-NjpvAbAAgHSAiQ4ZGVlZWVhMi1mOTI5LTRmOWQtOTk0OC0xMzU5MWFkYWNlODjYAgXgAgE&sid=f990c8e44d8a49a026ee40f8b9e3b3a2&aid=304142&ucfs=1&arphpl=1&checkin=2025-03-01&checkout=2025-03-08&dest_id=-372490&dest_type=city&group_adults=2&req_adults=2&no_rooms=1&group_children=0&req_children=0&hpos=24&hapos=169&sr_order=popularity&srpvid=af307f62bb9d0534&srepoch=1738174042&all_sr_blocks=34646001_93736275_2_2_0&highlighted_blocks=34646001_93736275_2_2_0&matching_block_id=34646001_93736275_2_2_0&sr_pri_blocks=34646001_93736275_2_2_0__306470&from_sustainable_property_sr=1&from=searchresults
Room Mate Carla,"Eixample, Barcelona",https://www.booking.com/hotel/es/987-barcelona.html?label=gen173nr-1BCAEoggI46AdSAnVzWARoRogBAZgBMbgBGcgBD9gBAegBAYgCAagCA7gC-NjpvAbAAgHSAiQ4ZGVlZWVhMi1mOTI5LTRmOWQtOTk0OC0xMzU5MWFkYWNlODjYAgXgAgE&sid=f990c8e44d8a49a026ee40f8b9e3b3a2&aid=304142&ucfs=1&arphpl=1&checkin=2025-03-01&checkout=2025-03-08&dest_id=-372490&dest_type=city&group_adults=2&req_adults=2&no_rooms=1&group_children=0&req_children=0&hpos=25&hapos=170&sr_order=popularity&srpvid=af307f62bb9d0534&srepoch=1738174042&all_sr_blocks=9383210_88194249_0_2_0_303440&highlighted_blocks=9383210_88194249_0_2_0_303440&matching_block_id=9383210_88194249_0_2_0_303440&sr_pri_blocks=9383210_88194249_0_2_0_303440_307890&from=searchresults
Catalonia Passeig de Gràcia 4* Sup,"Eixample, Barcelona",https://www.booking.com/hotel/es/catalonia-passeig-de-gra-cia.html?label=gen173nr-1BCAEoggI46AdSAnVzWARoRogBAZgBMbgBGcgBD9gBAegBAYgCAagCA7gC-NjpvAbAAgHSAiQ4ZGVlZWVhMi1mOTI5LTRmOWQtOTk0OC0xMzU5MWFkYWNlODjYAgXgAgE&sid=f990c8e44d8a49a026ee40f8b9e3b3a2&aid=304142&ucfs=1&arphpl=1&checkin=2025-03-01&checkout=2025-03-08&dest_id=-372490&dest_type=city&group_adults=2&req_adults=2&no_rooms=1&group_children=0&req_children=0&hpos=1&hapos=171&sr_order=popularity&srpvid=af307f62bb9d0534&srepoch=1738174044&all_sr_blocks=49301501_88209880_0_2_0&highlighted_blocks=49301501_88209880_0_2_0&matching_block_id=49301501_88209880_0_2_0&sr_pri_blocks=49301501_88209880_0_2_0__461778&from_sustainable_property_sr=1&from=searchresults
AinB Sagrada Familia Apartments,"Eixample, Barcelona",https://www.booking.com/hotel/es/apartments-in-barcelona-sagrada-familia.html?label=gen173nr-1BCAEoggI46AdSAnVzWARoRogBAZgBMbgBGcgBD9gBAegBAYgCAagCA7gC-NjpvAbAAgHSAiQ4ZGVlZWVhMi1mOTI5LTRmOWQtOTk0OC0xMzU5MWFkYWNlODjYAgXgAgE&sid=f990c8e44d8a49a026ee40f8b9e3b3a2&aid=304142&ucfs=1&arphpl=1&checkin=2025-03-01&checkout=2025-03-08&dest_id=-372490&dest_type=city&group_adults=2&req_adults=2&no_rooms=1&group_children=0&req_children=0&hpos=2&hapos=172&sr_order=popularity&srpvid=af307f62bb9d0534&srepoch=1738174044&all_sr_blocks=41093401_0_2_0_0&highlighted_blocks=41093401_0_2_0_0&matching_block_id=41093401_0_2_0_0&sr_pri_blocks=41093401_0_2_0_0__233422&from=searchresults
La Fira,"Sants-Montjuïc, Barcelona",https://www.booking.com/hotel/es/la-fira-barcelona.html?label=gen173nr-1BCAEoggI46AdSAnVzWARoRogBAZgBMbgBGcgBD9gBAegBAYgCAagCA7gC-NjpvAbAAgHSAiQ4ZGVlZWVhMi1mOTI5LTRmOWQtOTk0OC0xMzU5MWFkYWNlODjYAgXgAgE&sid=f990c8e44d8a49a026ee40f8b9e3b3a2&aid=304142&ucfs=1&arphpl=1&checkin=2025-03-01&checkout=2025-03-08&dest_id=-372490&dest_type=city&group_adults=2&req_adults=2&no_rooms=1&group_children=0&req_children=0&hpos=3&hapos=173&sr_order=popularity&srpvid=af307f62bb9d0534&srepoch=1738174044&all_sr_blocks=88243305_88506176_2_0_0&highlighted_blocks=88243305_88506176_2_0_0&matching_block_id=88243305_88506176_2_0_0&sr_pri_blocks=88243305_88506176_2_0_0__256552&from=searchresults
Hotel Royal Passeig de Gracia,"Eixample, Barcelona",https://www.booking.com/hotel/es/royal-passeig-de-gracia.html?label=gen173nr-1BCAEoggI46AdSAnVzWARoRogBAZgBMbgBGcgBD9gBAegBAYgCAagCA7gC-NjpvAbAAgHSAiQ4ZGVlZWVhMi1mOTI5LTRmOWQtOTk0OC0xMzU5MWFkYWNlODjYAgXgAgE&sid=f990c8e44d8a49a026ee40f8b9e3b3a2&aid=304142&ucfs=1&arphpl=1&checkin=2025-03-01&checkout=2025-03-08&dest_id=-372490&dest_type=city&group_adults=2&req_adults=2&no_rooms=1&group_children=0&req_children=0&hpos=4&hapos=174&sr_order=popularity&srpvid=af307f62bb9d0534&srepoch=1738174044&all_sr_blocks=48280801_88209853_0_2_0&highlighted_blocks=48280801_88209853_0_2_0&matching_block_id=48280801_88209853_0_2_0&sr_pri_blocks=48280801_88209853_0_2_0__354078&from_sustainable_property_sr=1&from=searchresults
Central and Basic Universitat for YOUNG HOSTEL,"Ciutat Vella, Barcelona",https://www.booking.com/hotel/es/hostal-gat-raval.html?label=gen173nr-1BCAEoggI46AdSAnVzWARoRogBAZgBMbgBGcgBD9gBAegBAYgCAagCA7gC-NjpvAbAAgHSAiQ4ZGVlZWVhMi1mOTI5LTRmOWQtOTk0OC0xMzU5MWFkYWNlODjYAgXgAgE&sid=f990c8e44d8a49a026ee40f8b9e3b3a2&aid=304142&ucfs=1&arphpl=1&checkin=2025-03-01&checkout=2025-03-08&dest_id=-372490&dest_type=city&group_adults=2&req_adults=2&no_rooms=1&group_children=0&req_children=0&hpos=5&hapos=175&sr_order=popularity&srpvid=af307f62bb9d0534&srepoch=1738174044&all_sr_blocks=1699403_243762589_0_0_0&highlighted_blocks=1699403_243762589_0_0_0&matching_block_id=1699403_243762589_0_0_0&sr_pri_blocks=1699403_243762589_0_0_0__142741&from=searchresults
Hostal Balkonis,"Eixample, Barcelona",https://www.booking.com/hotel/es/hostal-balkonis.html?label=gen173nr-1BCAEoggI46AdSAnVzWARoRogBAZgBMbgBGcgBD9gBAegBAYgCAagCA7gC-NjpvAbAAgHSAiQ4ZGVlZWVhMi1mOTI5LTRmOWQtOTk0OC0xMzU5MWFkYWNlODjYAgXgAgE&sid=f990c8e44d8a49a026ee40f8b9e3b3a2&aid=304142&ucfs=1&arphpl=1&checkin=2025-03-01&checkout=2025-03-08&dest_id=-372490&dest_type=city&group_adults=2&req_adults=2&no_rooms=1&group_children=0&req_children=0&hpos=6&hapos=176&sr_order=popularity&srpvid=af307f62bb9d0534&srepoch=1738174044&all_sr_blocks=101701914_326336537_4_0_0&highlighted_blocks=101701914_326336537_4_0_0&matching_block_id=101701914_326336537_4_0_0&sr_pri_blocks=101701914_326336537_4_0_0__219200&from=searchresults
Sansi Pedralbes,"Les Corts, Barcelona",https://www.booking.com/hotel/es/sansipedralbes.html?label=gen173nr-1BCAEoggI46AdSAnVzWARoRogBAZgBMbgBGcgBD9gBAegBAYgCAagCA7gC-NjpvAbAAgHSAiQ4ZGVlZWVhMi1mOTI5LTRmOWQtOTk0OC0xMzU5MWFkYWNlODjYAgXgAgE&sid=f990c8e44d8a49a026ee40f8b9e3b3a2&aid=304142&ucfs=1&arphpl=1&checkin=2025-03-01&checkout=2025-03-08&dest_id=-372490&dest_type=city&group_adults=2&req_adults=2&no_rooms=1&group_children=0&req_children=0&hpos=7&hapos=177&sr_order=popularity&srpvid=af307f62bb9d0534&srepoch=1738174044&all_sr_blocks=9101702_88190377_0_2_0&highlighted_blocks=9101702_88190377_0_2_0&matching_block_id=9101702_88190377_0_2_0&sr_pri_blocks=9101702_88190377_0_2_0__495278&from=searchresults
Catalonia Port,"Ciutat Vella, Barcelona",https://www.booking.com/hotel/es/catalonia-port.html?label=gen173nr-1BCAEoggI46AdSAnVzWARoRogBAZgBMbgBGcgBD9gBAegBAYgCAagCA7gC-NjpvAbAAgHSAiQ4ZGVlZWVhMi1mOTI5LTRmOWQtOTk0OC0xMzU5MWFkYWNlODjYAgXgAgE&sid=f990c8e44d8a49a026ee40f8b9e3b3a2&aid=304142&ucfs=1&arphpl=1&checkin=2025-03-01&checkout=2025-03-08&dest_id=-372490&dest_type=city&group_adults=2&req_adults=2&no_rooms=1&group_children=0&req_children=0&hpos=8&hapos=178&sr_order=popularity&srpvid=af307f62bb9d0534&srepoch=1738174044&all_sr_blocks=1336010_95137397_0_2_0&highlighted_blocks=1336010_95137397_0_2_0&matching_block_id=1336010_95137397_0_2_0&sr_pri_blocks=1336010_95137397_0_2_0__407278&from_sustainable_property_sr=1&from=searchresults
Fisa Rentals Gran Via Apartments,"Eixample, Barcelona",https://www.booking.com/hotel/es/fisa-rentals-gran-via.html?label=gen173nr-1BCAEoggI46AdSAnVzWARoRogBAZgBMbgBGcgBD9gBAegBAYgCAagCA7gC-NjpvAbAAgHSAiQ4ZGVlZWVhMi1mOTI5LTRmOWQtOTk0OC0xMzU5MWFkYWNlODjYAgXgAgE&sid=f990c8e44d8a49a026ee40f8b9e3b3a2&aid=304142&ucfs=1&arphpl=1&checkin=2025-03-01&checkout=2025-03-08&dest_id=-372490&dest_type=city&group_adults=2&req_adults=2&no_rooms=1&group_children=0&req_children=0&hpos=9&hapos=179&sr_order=popularity&srpvid=af307f62bb9d0534&srepoch=1738174044&all_sr_blocks=28776405_120550344_0_0_0&highlighted_blocks=28776405_120550344_0_0_0&matching_block_id=28776405_120550344_0_0_0&sr_pri_blocks=28776405_120550344_0_0_0__359480&from=searchresults
Moderno,"Ciutat Vella, Barcelona",https://www.booking.com/hotel/es/modernobarcelona.html?label=gen173nr-1BCAEoggI46AdSAnVzWARoRogBAZgBMbgBGcgBD9gBAegBAYgCAagCA7gC-NjpvAbAAgHSAiQ4ZGVlZWVhMi1mOTI5LTRmOWQtOTk0OC0xMzU5MWFkYWNlODjYAgXgAgE&sid=f990c8e44d8a49a026ee40f8b9e3b3a2&aid=304142&ucfs=1&arphpl=1&checkin=2025-03-01&checkout=2025-03-08&dest_id=-372490&dest_type=city&group_adults=2&req_adults=2&no_rooms=1&group_children=0&req_children=0&hpos=10&hapos=180&sr_order=popularity&srpvid=af307f62bb9d0534&srepoch=1738174044&all_sr_blocks=0_0_2_0_0&highlighted_blocks=0_0_2_0_0&matching_block_id=0_0_2_0_0&sr_pri_blocks=0_0_2_0_0__175277&from=searchresults
Hotel Pulitzer Barcelona,"Eixample, Barcelona",https://www.booking.com/hotel/es/hotelpulitzer.html?label=gen173nr-1BCAEoggI46AdSAnVzWARoRogBAZgBMbgBGcgBD9gBAegBAYgCAagCA7gC-NjpvAbAAgHSAiQ4ZGVlZWVhMi1mOTI5LTRmOWQtOTk0OC0xMzU5MWFkYWNlODjYAgXgAgE&sid=f990c8e44d8a49a026ee40f8b9e3b3a2&aid=304142&ucfs=1&arphpl=1&checkin=2025-03-01&checkout=2025-03-08&dest_id=-372490&dest_type=city&group_adults=2&req_adults=2&no_rooms=1&group_children=0&req_children=0&hpos=11&hapos=181&sr_order=popularity&srpvid=af307f62bb9d0534&srepoch=1738174044&all_sr_blocks=9175915_88191734_2_2_0&highlighted_blocks=9175915_88191734_2_2_0&matching_block_id=9175915_88191734_2_2_0&sr_pri_blocks=9175915_88191734_2_2_0__563015&from_sustainable_property_sr=1&from=searchresults
Acacia Suite,"Eixample, Barcelona",https://www.booking.com/hotel/es/aparthotel-acacia.html?label=gen173nr-1BCAEoggI46AdSAnVzWARoRogBAZgBMbgBGcgBD9gBAegBAYgCAagCA7gC-NjpvAbAAgHSAiQ4ZGVlZWVhMi1mOTI5LTRmOWQtOTk0OC0xMzU5MWFkYWNlODjYAgXgAgE&sid=f990c8e44d8a49a026ee40f8b9e3b3a2&aid=304142&ucfs=1&arphpl=1&checkin=2025-03-01&checkout=2025-03-08&dest_id=-372490&dest_type=city&group_adults=2&req_adults=2&no_rooms=1&group_children=0&req_children=0&hpos=12&hapos=182&sr_order=popularity&srpvid=af307f62bb9d0534&srepoch=1738174044&all_sr_blocks=1337504_95137437_2_2_0&highlighted_blocks=1337504_95137437_2_2_0&matching_block_id=1337504_95137437_2_2_0&sr_pri_blocks=1337504_95137437_2_2_0__252619&from=searchresults
BYPILLOW House,"Horta-Guinardó, Barcelona",https://www.booking.com/hotel/es/voluto.html?label=gen173nr-1BCAEoggI46AdSAnVzWARoRogBAZgBMbgBGcgBD9gBAegBAYgCAagCA7gC-NjpvAbAAgHSAiQ4ZGVlZWVhMi1mOTI5LTRmOWQtOTk0OC0xMzU5MWFkYWNlODjYAgXgAgE&sid=f990c8e44d8a49a026ee40f8b9e3b3a2&aid=304142&ucfs=1&arphpl=1&checkin=2025-03-01&checkout=2025-03-08&dest_id=-372490&dest_type=city&group_adults=2&req_adults=2&no_rooms=1&group_children=0&req_children=0&hpos=13&hapos=183&sr_order=popularity&srpvid=af307f62bb9d0534&srepoch=1738174044&all_sr_blocks=55122401_88210100_0_0_0&highlighted_blocks=55122401_88210100_0_0_0&matching_block_id=55122401_88210100_0_0_0&sr_pri_blocks=55122401_88210100_0_0_0__165191&from_sustainable_property_sr=1&from=searchresults
Sunotel Club Central,"Eixample, Barcelona",https://www.booking.com/hotel/es/sunotel-club-central.html?label=gen173nr-1BCAEoggI46AdSAnVzWARoRogBAZgBMbgBGcgBD9gBAegBAYgCAagCA7gC-NjpvAbAAgHSAiQ4ZGVlZWVhMi1mOTI5LTRmOWQtOTk0OC0xMzU5MWFkYWNlODjYAgXgAgE&sid=f990c8e44d8a49a026ee40f8b9e3b3a2&aid=304142&ucfs=1&arphpl=1&checkin=2025-03-01&checkout=2025-03-08&dest_id=-372490&dest_type=city&group_adults=2&req_adults=2&no_rooms=1&group_children=0&req_children=0&hpos=14&hapos=184&sr_order=popularity&srpvid=af307f62bb9d0534&srepoch=1738174044&all_sr_blocks=54199006_88155218_0_2_0&highlighted_blocks=54199006_88155218_0_2_0&matching_block_id=54199006_88155218_0_2_0&sr_pri_blocks=54199006_88155218_0_2_0__389178&from=searchresults
Residència Erasmus Gracia,"Gràcia, Barcelona",https://www.booking.com/hotel/es/residencia-erasmus.html?label=gen173nr-1BCAEoggI46AdSAnVzWARoRogBAZgBMbgBGcgBD9gBAegBAYgCAagCA7gC-NjpvAbAAgHSAiQ4ZGVlZWVhMi1mOTI5LTRmOWQtOTk0OC0xMzU5MWFkYWNlODjYAgXgAgE&sid=f990c8e44d8a49a026ee40f8b9e3b3a2&aid=304142&ucfs=1&arphpl=1&checkin=2025-03-01&checkout=2025-03-08&dest_id=-372490&dest_type=city&group_adults=2&req_adults=2&no_rooms=1&group_children=0&req_children=0&hpos=15&hapos=185&sr_order=popularity&srpvid=af307f62bb9d0534&srepoch=1738174044&all_sr_blocks=9417701_339234993_0_2_0&highlighted_blocks=9417701_339234993_0_2_0&matching_block_id=9417701_339234993_0_2_0&sr_pri_blocks=9417701_339234993_0_2_0__142595&from=searchresults
Sunotel Central,"Eixample, Barcelona",https://www.booking.com/hotel/es/sunotel-central.html?label=gen173nr-1BCAEoggI46AdSAnVzWARoRogBAZgBMbgBGcgBD9gBAegBAYgCAagCA7gC-NjpvAbAAgHSAiQ4ZGVlZWVhMi1mOTI5LTRmOWQtOTk0OC0xMzU5MWFkYWNlODjYAgXgAgE&sid=f990c8e44d8a49a026ee40f8b9e3b3a2&aid=304142&ucfs=1&arphpl=1&checkin=2025-03-01&checkout=2025-03-08&dest_id=-372490&dest_type=city&group_adults=2&req_adults=2&no_rooms=1&group_children=0&req_children=0&hpos=16&hapos=186&sr_order=popularity&srpvid=af307f62bb9d0534&srepoch=1738174044&all_sr_blocks=9677116_88196407_0_2_0&highlighted_blocks=9677116_88196407_0_2_0&matching_block_id=9677116_88196407_0_2_0&sr_pri_blocks=9677116_88196407_0_2_0__478648&from=searchresults
BacHome Terrace B&B,"Eixample, Barcelona",https://www.booking.com/hotel/es/casa-con-estilo-bruc.html?label=gen173nr-1BCAEoggI46AdSAnVzWARoRogBAZgBMbgBGcgBD9gBAegBAYgCAagCA7gC-NjpvAbAAgHSAiQ4ZGVlZWVhMi1mOTI5LTRmOWQtOTk0OC0xMzU5MWFkYWNlODjYAgXgAgE&sid=f990c8e44d8a49a026ee40f8b9e3b3a2&aid=304142&ucfs=1&arphpl=1&checkin=2025-03-01&checkout=2025-03-08&dest_id=-372490&dest_type=city&group_adults=2&req_adults=2&no_rooms=1&group_children=0&req_children=0&hpos=17&hapos=187&sr_order=popularity&srpvid=af307f62bb9d0534&srepoch=1738174044&all_sr_blocks=55172119_88502265_2_0_0&highlighted_blocks=55172119_88502265_2_0_0&matching_block_id=55172119_88502265_2_0_0&sr_pri_blocks=55172119_88502265_2_0_0__247100&from=searchresults
Hotel Santa Marta,"Ciutat Vella, Barcelona",https://www.booking.com/hotel/es/santa-marta.html?label=gen173nr-1BCAEoggI46AdSAnVzWARoRogBAZgBMbgBGcgBD9gBAegBAYgCAagCA7gC-NjpvAbAAgHSAiQ4ZGVlZWVhMi1mOTI5LTRmOWQtOTk0OC0xMzU5MWFkYWNlODjYAgXgAgE&sid=f990c8e44d8a49a026ee40f8b9e3b3a2&aid=304142&ucfs=1&arphpl=1&checkin=2025-03-01&checkout=2025-03-08&dest_id=-372490&dest_type=city&group_adults=2&req_adults=2&no_rooms=1&group_children=0&req_children=0&hpos=18&hapos=188&sr_order=popularity&srpvid=af307f62bb9d0534&srepoch=1738174044&all_sr_blocks=9435005_0_2_0_0&highlighted_blocks=9435005_0_2_0_0&matching_block_id=9435005_0_2_0_0&sr_pri_blocks=9435005_0_2_0_0__391153&from=searchresults
Pierre & Vacances Barcelona Sants,"Sants-Montjuïc, Barcelona",https://www.booking.com/hotel/es/pierre-amp-vacances-barcelona.html?label=gen173nr-1BCAEoggI46AdSAnVzWARoRogBAZgBMbgBGcgBD9gBAegBAYgCAagCA7gC-NjpvAbAAgHSAiQ4ZGVlZWVhMi1mOTI5LTRmOWQtOTk0OC0xMzU5MWFkYWNlODjYAgXgAgE&sid=f990c8e44d8a49a026ee40f8b9e3b3a2&aid=304142&ucfs=1&arphpl=1&checkin=2025-03-01&checkout=2025-03-08&dest_id=-372490&dest_type=city&group_adults=2&req_adults=2&no_rooms=1&group_children=0&req_children=0&hpos=19&hapos=189&sr_order=popularity&srpvid=af307f62bb9d0534&srepoch=1738174044&all_sr_blocks=0_0_2_0_0&highlighted_blocks=0_0_2_0_0&matching_block_id=0_0_2_0_0&sr_pri_blocks=0_0_2_0_0__201274&from=searchresults
Flor Parks,"Ciutat Vella, Barcelona",https://www.booking.com/hotel/es/flor-parks.html?label=gen173nr-1BCAEoggI46AdSAnVzWARoRogBAZgBMbgBGcgBD9gBAegBAYgCAagCA7gC-NjpvAbAAgHSAiQ4ZGVlZWVhMi1mOTI5LTRmOWQtOTk0OC0xMzU5MWFkYWNlODjYAgXgAgE&sid=f990c8e44d8a49a026ee40f8b9e3b3a2&aid=304142&ucfs=1&arphpl=1&checkin=2025-03-01&checkout=2025-03-08&dest_id=-372490&dest_type=city&group_adults=2&req_adults=2&no_rooms=1&group_children=0&req_children=0&hpos=20&hapos=190&sr_order=popularity&srpvid=af307f62bb9d0534&srepoch=1738174044&all_sr_blocks=9244205_88192497_2_0_0&highlighted_blocks=9244205_88192497_2_0_0&matching_block_id=9244205_88192497_2_0_0&sr_pri_blocks=9244205_88192497_2_0_0__277115&from=searchresults
Canela Homes BARCELONA MACBA,"Ciutat Vella, Barcelona",https://www.booking.com/hotel/es/whotells-raval.html?label=gen173nr-1BCAEoggI46AdSAnVzWARoRogBAZgBMbgBGcgBD9gBAegBAYgCAagCA7gC-NjpvAbAAgHSAiQ4ZGVlZWVhMi1mOTI5LTRmOWQtOTk0OC0xMzU5MWFkYWNlODjYAgXgAgE&sid=f990c8e44d8a49a026ee40f8b9e3b3a2&aid=304142&ucfs=1&arphpl=1&checkin=2025-03-01&checkout=2025-03-08&dest_id=-372490&dest_type=city&group_adults=2&req_adults=2&no_rooms=1&group_children=0&req_children=0&hpos=21&hapos=191&sr_order=popularity&srpvid=af307f62bb9d0534&srepoch=1738174044&all_sr_blocks=23954801_88204279_2_0_0&highlighted_blocks=23954801_88204279_2_0_0&matching_block_id=23954801_88204279_2_0_0&sr_pri_blocks=23954801_88204279_2_0_0__279315&from=searchresults
BUHO Boutique Rooms,"Eixample, Barcelona",https://www.booking.com/hotel/es/antic-espai.html?label=gen173nr-1BCAEoggI46AdSAnVzWARoRogBAZgBMbgBGcgBD9gBAegBAYgCAagCA7gC-NjpvAbAAgHSAiQ4ZGVlZWVhMi1mOTI5LTRmOWQtOTk0OC0xMzU5MWFkYWNlODjYAgXgAgE&sid=f990c8e44d8a49a026ee40f8b9e3b3a2&aid=304142&ucfs=1&arphpl=1&checkin=2025-03-01&checkout=2025-03-08&dest_id=-372490&dest_type=city&group_adults=2&req_adults=2&no_rooms=1&group_children=0&req_children=0&hpos=22&hapos=192&sr_order=popularity&srpvid=af307f62bb9d0534&srepoch=1738174044&all_sr_blocks=50545011_332352759_3_0_0&highlighted_blocks=50545011_332352759_3_0_0&matching_block_id=50545011_332352759_3_0_0&sr_pri_blocks=50545011_332352759_3_0_0__275493&from=searchresults
Sweett - Harmony Central,"Ciutat Vella, Barcelona",https://www.booking.com/hotel/es/sweett-harmony-central.html?label=gen173nr-1BCAEoggI46AdSAnVzWARoRogBAZgBMbgBGcgBD9gBAegBAYgCAagCA7gC-NjpvAbAAgHSAiQ4ZGVlZWVhMi1mOTI5LTRmOWQtOTk0OC0xMzU5MWFkYWNlODjYAgXgAgE&sid=f990c8e44d8a49a026ee40f8b9e3b3a2&aid=304142&ucfs=1&arphpl=1&checkin=2025-03-01&checkout=2025-03-08&dest_id=-372490&dest_type=city&group_adults=2&req_adults=2&no_rooms=1&group_children=0&req_children=0&hpos=23&hapos=193&sr_order=popularity&srpvid=af307f62bb9d0534&srepoch=1738174044&all_sr_blocks=1311419911_403926418_3_0_0&highlighted_blocks=1311419911_403926418_3_0_0&matching_block_id=1311419911_403926418_3_0_0&sr_pri_blocks=1311419911_403926418_3_0_0__299534&from=searchresults
DestinationBCN Universitat Apartments,"Eixample, Barcelona",https://www.booking.com/hotel/es/destinationbcn-apartment-suites-in-barcelona.html?label=gen173nr-1BCAEoggI46AdSAnVzWARoRogBAZgBMbgBGcgBD9gBAegBAYgCAagCA7gC-NjpvAbAAgHSAiQ4ZGVlZWVhMi1mOTI5LTRmOWQtOTk0OC0xMzU5MWFkYWNlODjYAgXgAgE&sid=f990c8e44d8a49a026ee40f8b9e3b3a2&aid=304142&ucfs=1&arphpl=1&checkin=2025-03-01&checkout=2025-03-08&dest_id=-372490&dest_type=city&group_adults=2&req_adults=2&no_rooms=1&group_children=0&req_children=0&hpos=24&hapos=194&sr_order=popularity&srpvid=af307f62bb9d0534&srepoch=1738174044&all_sr_blocks=44280816_356076027_0_0_0&highlighted_blocks=44280816_356076027_0_0_0&matching_block_id=44280816_356076027_0_0_0&sr_pri_blocks=44280816_356076027_0_0_0__345407&from=searchresults
BcnStop Parc Güell,"Gràcia, Barcelona",https://www.booking.com/hotel/es/bcn-stop-parc-guell.html?label=gen173nr-1BCAEoggI46AdSAnVzWARoRogBAZgBMbgBGcgBD9gBAegBAYgCAagCA7gC-NjpvAbAAgHSAiQ4ZGVlZWVhMi1mOTI5LTRmOWQtOTk0OC0xMzU5MWFkYWNlODjYAgXgAgE&sid=f990c8e44d8a49a026ee40f8b9e3b3a2&aid=304142&ucfs=1&arphpl=1&checkin=2025-03-01&checkout=2025-03-08&dest_id=-372490&dest_type=city&group_adults=2&req_adults=2&no_rooms=1&group_children=0&req_children=0&hpos=1&hapos=195&sr_order=popularity&srpvid=af307f62bb9d0534&srepoch=1738174046&all_sr_blocks=24439008_0_2_0_0&highlighted_blocks=24439008_0_2_0_0&matching_block_id=24439008_0_2_0_0&sr_pri_blocks=24439008_0_2_0_0__272538&from=searchresults
Casa Gracia Apartments,"Gràcia, Barcelona",https://www.booking.com/hotel/es/casa-gracia-apartments.html?label=gen173nr-1BCAEoggI46AdSAnVzWARoRogBAZgBMbgBGcgBD9gBAegBAYgCAagCA7gC-NjpvAbAAgHSAiQ4ZGVlZWVhMi1mOTI5LTRmOWQtOTk0OC0xMzU5MWFkYWNlODjYAgXgAgE&sid=f990c8e44d8a49a026ee40f8b9e3b3a2&aid=304142&ucfs=1&arphpl=1&checkin=2025-03-01&checkout=2025-03-08&dest_id=-372490&dest_type=city&group_adults=2&req_adults=2&no_rooms=1&group_children=0&req_children=0&hpos=2&hapos=196&sr_order=popularity&srpvid=af307f62bb9d0534&srepoch=1738174046&all_sr_blocks=848329504_351986369_0_0_0&highlighted_blocks=848329504_351986369_0_0_0&matching_block_id=848329504_351986369_0_0_0&sr_pri_blocks=848329504_351986369_0_0_0__297330&from=searchresults
Ciutadella Park Born,"Sant Martí, Barcelona",https://www.booking.com/hotel/es/ciutadella-park-born-apartment.html?label=gen173nr-1BCAEoggI46AdSAnVzWARoRogBAZgBMbgBGcgBD9gBAegBAYgCAagCA7gC-NjpvAbAAgHSAiQ4ZGVlZWVhMi1mOTI5LTRmOWQtOTk0OC0xMzU5MWFkYWNlODjYAgXgAgE&sid=f990c8e44d8a49a026ee40f8b9e3b3a2&aid=304142&ucfs=1&arphpl=1&checkin=2025-03-01&checkout=2025-03-08&dest_id=-372490&dest_type=city&group_adults=2&req_adults=2&no_rooms=1&group_children=0&req_children=0&hpos=3&hapos=197&sr_order=popularity&srpvid=af307f62bb9d0534&srepoch=1738174046&all_sr_blocks=217239101_253544748_5_0_0&highlighted_blocks=217239101_253544748_5_0_0&matching_block_id=217239101_253544748_5_0_0&sr_pri_blocks=217239101_253544748_5_0_0__293957&from=searchresults
Circa 1905,"Eixample, Barcelona",https://www.booking.com/hotel/es/circa-1905-boutique-bed-breakfast.html?label=gen173nr-1BCAEoggI46AdSAnVzWARoRogBAZgBMbgBGcgBD9gBAegBAYgCAagCA7gC-NjpvAbAAgHSAiQ4ZGVlZWVhMi1mOTI5LTRmOWQtOTk0OC0xMzU5MWFkYWNlODjYAgXgAgE&sid=f990c8e44d8a49a026ee40f8b9e3b3a2&aid=304142&ucfs=1&arphpl=1&checkin=2025-03-01&checkout=2025-03-08&dest_id=-372490&dest_type=city&group_adults=2&req_adults=2&no_rooms=1&group_children=0&req_children=0&hpos=4&hapos=198&sr_order=popularity&srpvid=af307f62bb9d0534&srepoch=1738174046&all_sr_blocks=31872905_88207234_2_1_0&highlighted_blocks=31872905_88207234_2_1_0&matching_block_id=31872905_88207234_2_1_0&sr_pri_blocks=31872905_88207234_2_1_0__341663&from=searchresults
Petit Palace Boqueria Garden,"Ciutat Vella, Barcelona",https://www.booking.com/hotel/es/petit-palace-opera-garden-ramblas.html?label=gen173nr-1BCAEoggI46AdSAnVzWARoRogBAZgBMbgBGcgBD9gBAegBAYgCAagCA7gC-NjpvAbAAgHSAiQ4ZGVlZWVhMi1mOTI5LTRmOWQtOTk0OC0xMzU5MWFkYWNlODjYAgXgAgE&sid=f990c8e44d8a49a026ee40f8b9e3b3a2&aid=304142&ucfs=1&arphpl=1&checkin=2025-03-01&checkout=2025-03-08&dest_id=-372490&dest_type=city&group_adults=2&req_adults=2&no_rooms=1&group_children=0&req_children=0&hpos=5&hapos=199&sr_order=popularity&srpvid=af307f62bb9d0534&srepoch=1738174046&all_sr_blocks=9292315_0_2_0_0&highlighted_blocks=9292315_0_2_0_0&matching_block_id=9292315_0_2_0_0&sr_pri_blocks=9292315_0_2_0_0__453038&from=searchresults
Catalonia Square 4* Sup,"Eixample, Barcelona",https://www.booking.com/hotel/es/catalonia-square.html?label=gen173nr-1BCAEoggI46AdSAnVzWARoRogBAZgBMbgBGcgBD9gBAegBAYgCAagCA7gC-NjpvAbAAgHSAiQ4ZGVlZWVhMi1mOTI5LTRmOWQtOTk0OC0xMzU5MWFkYWNlODjYAgXgAgE&sid=f990c8e44d8a49a026ee40f8b9e3b3a2&aid=304142&ucfs=1&arphpl=1&checkin=2025-03-01&checkout=2025-03-08&dest_id=-372490&dest_type=city&group_adults=2&req_adults=2&no_rooms=1&group_children=0&req_children=0&hpos=6&hapos=200&sr_order=popularity&srpvid=af307f62bb9d0534&srepoch=1738174046&all_sr_blocks=86735301_88211637_0_2_0&highlighted_blocks=86735301_88211637_0_2_0&matching_block_id=86735301_88211637_0_2_0&sr_pri_blocks=86735301_88211637_0_2_0__453778&from_sustainable_property_sr=1&from=searchresults
Barcelona Apartment Val,"Eixample, Barcelona",https://www.booking.com/hotel/es/barcelona-apartment-val.html?label=gen173nr-1BCAEoggI46AdSAnVzWARoRogBAZgBMbgBGcgBD9gBAegBAYgCAagCA7gC-NjpvAbAAgHSAiQ4ZGVlZWVhMi1mOTI5LTRmOWQtOTk0OC0xMzU5MWFkYWNlODjYAgXgAgE&sid=f990c8e44d8a49a026ee40f8b9e3b3a2&aid=304142&ucfs=1&arphpl=1&checkin=2025-03-01&checkout=2025-03-08&dest_id=-372490&dest_type=city&group_adults=2&req_adults=2&no_rooms=1&group_children=0&req_children=0&hpos=7&hapos=201&sr_order=popularity&srpvid=af307f62bb9d0534&srepoch=1738174046&all_sr_blocks=55536704_88210120_0_0_0&highlighted_blocks=55536704_88210120_0_0_0&matching_block_id=55536704_88210120_0_0_0&sr_pri_blocks=55536704_88210120_0_0_0__288618&from=searchresults
Barcelona Apartment Gran de Gràcia,"Gràcia, Barcelona",https://www.booking.com/hotel/es/gran-de-gracia.html?label=gen173nr-1BCAEoggI46AdSAnVzWARoRogBAZgBMbgBGcgBD9gBAegBAYgCAagCA7gC-NjpvAbAAgHSAiQ4ZGVlZWVhMi1mOTI5LTRmOWQtOTk0OC0xMzU5MWFkYWNlODjYAgXgAgE&sid=f990c8e44d8a49a026ee40f8b9e3b3a2&aid=304142&ucfs=1&arphpl=1&checkin=2025-03-01&checkout=2025-03-08&dest_id=-372490&dest_type=city&group_adults=2&req_adults=2&no_rooms=1&group_children=0&req_children=0&hpos=8&hapos=202&sr_order=popularity&srpvid=af307f62bb9d0534&srepoch=1738174046&all_sr_blocks=37372302_88208095_0_0_0&highlighted_blocks=37372302_88208095_0_0_0&matching_block_id=37372302_88208095_0_0_0&sr_pri_blocks=37372302_88208095_0_0_0__271982&from=searchresults
ICON Bcn,"Eixample, Barcelona",https://www.booking.com/hotel/es/petit-palace-bcn.html?label=gen173nr-1BCAEoggI46AdSAnVzWARoRogBAZgBMbgBGcgBD9gBAegBAYgCAagCA7gC-NjpvAbAAgHSAiQ4ZGVlZWVhMi1mOTI5LTRmOWQtOTk0OC0xMzU5MWFkYWNlODjYAgXgAgE&sid=f990c8e44d8a49a026ee40f8b9e3b3a2&aid=304142&ucfs=1&arphpl=1&checkin=2025-03-01&checkout=2025-03-08&dest_id=-372490&dest_type=city&group_adults=2&req_adults=2&no_rooms=1&group_children=0&req_children=0&hpos=9&hapos=203&sr_order=popularity&srpvid=af307f62bb9d0534&srepoch=1738174046&all_sr_blocks=9411018_88195494_0_1_0_182198&highlighted_blocks=9411018_88195494_0_1_0_182198&matching_block_id=9411018_88195494_0_1_0_182198&sr_pri_blocks=9411018_88195494_0_1_0_182198_468878&from=searchresults
Sant Jordi Hostels Sagrada Familia,"Sant Martí, Barcelona",https://www.booking.com/hotel/es/sant-jordi-sagrada-familia.html?label=gen173nr-1BCAEoggI46AdSAnVzWARoRogBAZgBMbgBGcgBD9gBAegBAYgCAagCA7gC-NjpvAbAAgHSAiQ4ZGVlZWVhMi1mOTI5LTRmOWQtOTk0OC0xMzU5MWFkYWNlODjYAgXgAgE&sid=f990c8e44d8a49a026ee40f8b9e3b3a2&aid=304142&ucfs=1&arphpl=1&checkin=2025-03-01&checkout=2025-03-08&dest_id=-372490&dest_type=city&group_adults=2&req_adults=2&no_rooms=1&group_children=0&req_children=0&hpos=10&hapos=204&sr_order=popularity&srpvid=af307f62bb9d0534&srepoch=1738174046&all_sr_blocks=17588921_107202763_0_2_0_322371&highlighted_blocks=17588921_107202763_0_2_0_322371&matching_block_id=17588921_107202763_0_2_0_322371&sr_pri_blocks=17588921_107202763_0_2_0_322371_255513&from_sustainable_property_sr=1&from=searchresults
Decô Apartments Barcelona-Eixample,"Eixample, Barcelona",https://www.booking.com/hotel/es/barcelona-upartments-paris.html?label=gen173nr-1BCAEoggI46AdSAnVzWARoRogBAZgBMbgBGcgBD9gBAegBAYgCAagCA7gC-NjpvAbAAgHSAiQ4ZGVlZWVhMi1mOTI5LTRmOWQtOTk0OC0xMzU5MWFkYWNlODjYAgXgAgE&sid=f990c8e44d8a49a026ee40f8b9e3b3a2&aid=304142&ucfs=1&arphpl=1&checkin=2025-03-01&checkout=2025-03-08&dest_id=-372490&dest_type=city&group_adults=2&req_adults=2&no_rooms=1&group_children=0&req_children=0&hpos=11&hapos=205&sr_order=popularity&srpvid=af307f62bb9d0534&srepoch=1738174046&all_sr_blocks=110664201_88508254_2_0_0&highlighted_blocks=110664201_88508254_2_0_0&matching_block_id=110664201_88508254_2_0_0&sr_pri_blocks=110664201_88508254_2_0_0__343932&from_sustainable_property_sr=1&from=searchresults
One of the most outstanding ultra-modern mansions,Barcelona,https://www.booking.com/hotel/es/one-of-the-most-outstanding-ultra-modern-mansions.html?label=gen173nr-1BCAEoggI46AdSAnVzWARoRogBAZgBMbgBGcgBD9gBAegBAYgCAagCA7gC-NjpvAbAAgHSAiQ4ZGVlZWVhMi1mOTI5LTRmOWQtOTk0OC0xMzU5MWFkYWNlODjYAgXgAgE&sid=f990c8e44d8a49a026ee40f8b9e3b3a2&aid=304142&ucfs=1&arphpl=1&checkin=2025-03-01&checkout=2025-03-08&dest_id=-372490&dest_type=city&group_adults=2&req_adults=2&no_rooms=1&group_children=0&req_children=0&hpos=12&hapos=206&sr_order=popularity&srpvid=af307f62bb9d0534&srepoch=1738174046&all_sr_blocks=1351285302_407460659_14_1_0&highlighted_blocks=1351285302_407460659_14_1_0&matching_block_id=1351285302_407460659_14_1_0&sr_pri_blocks=1351285302_407460659_14_1_0__622832&from=searchresults
Sweett - Eixample,"Eixample, Barcelona",https://www.booking.com/hotel/es/sweet-inn-eixample.html?label=gen173nr-1BCAEoggI46AdSAnVzWARoRogBAZgBMbgBGcgBD9gBAegBAYgCAagCA7gC-NjpvAbAAgHSAiQ4ZGVlZWVhMi1mOTI5LTRmOWQtOTk0OC0xMzU5MWFkYWNlODjYAgXgAgE&sid=f990c8e44d8a49a026ee40f8b9e3b3a2&aid=304142&ucfs=1&arphpl=1&checkin=2025-03-01&checkout=2025-03-08&dest_id=-372490&dest_type=city&group_adults=2&req_adults=2&no_rooms=1&group_children=0&req_children=0&hpos=13&hapos=207&sr_order=popularity&srpvid=af307f62bb9d0534&srepoch=1738174046&all_sr_blocks=959012502_368466722_4_0_0&highlighted_blocks=959012502_368466722_4_0_0&matching_block_id=959012502_368466722_4_0_0&sr_pri_blocks=959012502_368466722_4_0_0__269288&from=searchresults
Suites Avenue,"Eixample, Barcelona",https://www.booking.com/hotel/es/suites-avenue.html?label=gen173nr-1BCAEoggI46AdSAnVzWARoRogBAZgBMbgBGcgBD9gBAegBAYgCAagCA7gC-NjpvAbAAgHSAiQ4ZGVlZWVhMi1mOTI5LTRmOWQtOTk0OC0xMzU5MWFkYWNlODjYAgXgAgE&sid=f990c8e44d8a49a026ee40f8b9e3b3a2&aid=304142&ucfs=1&arphpl=1&checkin=2025-03-01&checkout=2025-03-08&dest_id=-372490&dest_type=city&group_adults=2&req_adults=2&no_rooms=1&group_children=0&req_children=0&hpos=14&hapos=208&sr_order=popularity&srpvid=af307f62bb9d0534&srepoch=1738174046&all_sr_blocks=2396703_95147845_0_0_0&highlighted_blocks=2396703_95147845_0_0_0&matching_block_id=2396703_95147845_0_0_0&sr_pri_blocks=2396703_95147845_0_0_0__522632&from=searchresults
Ocean Drive Barcelona,"Eixample, Barcelona",https://www.booking.com/hotel/es/od-barcelona.html?label=gen173nr-1BCAEoggI46AdSAnVzWARoRogBAZgBMbgBGcgBD9gBAegBAYgCAagCA7gC-NjpvAbAAgHSAiQ4ZGVlZWVhMi1mOTI5LTRmOWQtOTk0OC0xMzU5MWFkYWNlODjYAgXgAgE&sid=f990c8e44d8a49a026ee40f8b9e3b3a2&aid=304142&ucfs=1&arphpl=1&checkin=2025-03-01&checkout=2025-03-08&dest_id=-372490&dest_type=city&group_adults=2&req_adults=2&no_rooms=1&group_children=0&req_children=0&hpos=15&hapos=209&sr_order=popularity&srpvid=af307f62bb9d0534&srepoch=1738174046&all_sr_blocks=205249202_94991702_0_2_0&highlighted_blocks=205249202_94991702_0_2_0&matching_block_id=205249202_94991702_0_2_0&sr_pri_blocks=205249202_94991702_0_2_0__409600&from_sustainable_property_sr=1&from=searchresults
Sweett - Carrer Girona,"Eixample, Barcelona",https://www.booking.com/hotel/es/sweet-inn-carrer-girona-barcelona.html?label=gen173nr-1BCAEoggI46AdSAnVzWARoRogBAZgBMbgBGcgBD9gBAegBAYgCAagCA7gC-NjpvAbAAgHSAiQ4ZGVlZWVhMi1mOTI5LTRmOWQtOTk0OC0xMzU5MWFkYWNlODjYAgXgAgE&sid=f990c8e44d8a49a026ee40f8b9e3b3a2&aid=304142&ucfs=1&arphpl=1&checkin=2025-03-01&checkout=2025-03-08&dest_id=-372490&dest_type=city&group_adults=2&req_adults=2&no_rooms=1&group_children=0&req_children=0&hpos=16&hapos=210&sr_order=popularity&srpvid=af307f62bb9d0534&srepoch=1738174046&all_sr_blocks=1128007314_385441386_4_0_0&highlighted_blocks=1128007314_385441386_4_0_0&matching_block_id=1128007314_385441386_4_0_0&sr_pri_blocks=1128007314_385441386_4_0_0__289192&from=searchresults
Aparthotel Rambla108,"Ciutat Vella, Barcelona",https://www.booking.com/hotel/es/apart-ramblas108.html?label=gen173nr-1BCAEoggI46AdSAnVzWARoRogBAZgBMbgBGcgBD9gBAegBAYgCAagCA7gC-NjpvAbAAgHSAiQ4ZGVlZWVhMi1mOTI5LTRmOWQtOTk0OC0xMzU5MWFkYWNlODjYAgXgAgE&sid=f990c8e44d8a49a026ee40f8b9e3b3a2&aid=304142&ucfs=1&arphpl=1&checkin=2025-03-01&checkout=2025-03-08&dest_id=-372490&dest_type=city&group_adults=2&req_adults=2&no_rooms=1&group_children=0&req_children=0&hpos=17&hapos=211&sr_order=popularity&srpvid=af307f62bb9d0534&srepoch=1738174046&all_sr_blocks=1653805_95141239_0_0_0&highlighted_blocks=1653805_95141239_0_0_0&matching_block_id=1653805_95141239_0_0_0&sr_pri_blocks=1653805_95141239_0_0_0__349700&from=searchresults
We Boutique Hotel Barcelona,"Eixample, Barcelona",https://www.booking.com/hotel/es/pillow-rooms-barcelona1.html?label=gen173nr-1BCAEoggI46AdSAnVzWARoRogBAZgBMbgBGcgBD9gBAegBAYgCAagCA7gC-NjpvAbAAgHSAiQ4ZGVlZWVhMi1mOTI5LTRmOWQtOTk0OC0xMzU5MWFkYWNlODjYAgXgAgE&sid=f990c8e44d8a49a026ee40f8b9e3b3a2&aid=304142&ucfs=1&arphpl=1&checkin=2025-03-01&checkout=2025-03-08&dest_id=-372490&dest_type=city&group_adults=2&req_adults=2&no_rooms=1&group_children=0&req_children=0&hpos=18&hapos=212&sr_order=popularity&srpvid=af307f62bb9d0534&srepoch=1738174046&all_sr_blocks=74373403_92051349_0_1_0&highlighted_blocks=74373403_92051349_0_1_0&matching_block_id=74373403_92051349_0_1_0&sr_pri_blocks=74373403_92051349_0_1_0__420475&from=searchresults
Casa Lirio,"Ciutat Vella, Barcelona",https://www.booking.com/hotel/es/casa-lirio-barcelona.html?label=gen173nr-1BCAEoggI46AdSAnVzWARoRogBAZgBMbgBGcgBD9gBAegBAYgCAagCA7gC-NjpvAbAAgHSAiQ4ZGVlZWVhMi1mOTI5LTRmOWQtOTk0OC0xMzU5MWFkYWNlODjYAgXgAgE&sid=f990c8e44d8a49a026ee40f8b9e3b3a2&aid=304142&ucfs=1&arphpl=1&checkin=2025-03-01&checkout=2025-03-08&dest_id=-372490&dest_type=city&group_adults=2&req_adults=2&no_rooms=1&group_children=0&req_children=0&hpos=19&hapos=213&sr_order=popularity&srpvid=af307f62bb9d0534&srepoch=1738174046&all_sr_blocks=314399601_0_2_0_0&highlighted_blocks=314399601_0_2_0_0&matching_block_id=314399601_0_2_0_0&sr_pri_blocks=314399601_0_2_0_0__233851&from=searchresults
Habitat Apartments Bailén,"Eixample, Barcelona",https://www.booking.com/hotel/es/habitat-apartments-bailen.html?label=gen173nr-1BCAEoggI46AdSAnVzWARoRogBAZgBMbgBGcgBD9gBAegBAYgCAagCA7gC-NjpvAbAAgHSAiQ4ZGVlZWVhMi1mOTI5LTRmOWQtOTk0OC0xMzU5MWFkYWNlODjYAgXgAgE&sid=f990c8e44d8a49a026ee40f8b9e3b3a2&aid=304142&ucfs=1&arphpl=1&checkin=2025-03-01&checkout=2025-03-08&dest_id=-372490&dest_type=city&group_adults=2&req_adults=2&no_rooms=1&group_children=0&req_children=0&hpos=20&hapos=214&sr_order=popularity&srpvid=af307f62bb9d0534&srepoch=1738174046&all_sr_blocks=100396705_83624114_0_0_0&highlighted_blocks=100396705_83624114_0_0_0&matching_block_id=100396705_83624114_0_0_0&sr_pri_blocks=100396705_83624114_0_0_0__371732&from=searchresults
"Claris Hotel & Spa GL, a Small Luxury Hotel of the World","Eixample, Barcelona",https://www.booking.com/hotel/es/clarisderby.html?label=gen173nr-1BCAEoggI46AdSAnVzWARoRogBAZgBMbgBGcgBD9gBAegBAYgCAagCA7gC-NjpvAbAAgHSAiQ4ZGVlZWVhMi1mOTI5LTRmOWQtOTk0OC0xMzU5MWFkYWNlODjYAgXgAgE&sid=f990c8e44d8a49a026ee40f8b9e3b3a2&aid=304142&ucfs=1&arphpl=1&checkin=2025-03-01&checkout=2025-03-08&dest_id=-372490&dest_type=city&group_adults=2&req_adults=2&no_rooms=1&group_children=0&req_children=0&hpos=21&hapos=215&sr_order=popularity&srpvid=af307f62bb9d0534&srepoch=1738174046&all_sr_blocks=0_0_2_0_0&highlighted_blocks=0_0_2_0_0&matching_block_id=0_0_2_0_0&sr_pri_blocks=0_0_2_0_0__474089&from_sustainable_property_sr=1&from=searchresults
NH Collection Barcelona Gran Hotel Calderon,"Eixample, Barcelona",https://www.booking.com/hotel/es/nhcalderon.html?label=gen173nr-1BCAEoggI46AdSAnVzWARoRogBAZgBMbgBGcgBD9gBAegBAYgCAagCA7gC-NjpvAbAAgHSAiQ4ZGVlZWVhMi1mOTI5LTRmOWQtOTk0OC0xMzU5MWFkYWNlODjYAgXgAgE&sid=f990c8e44d8a49a026ee40f8b9e3b3a2&aid=304142&ucfs=1&arphpl=1&checkin=2025-03-01&checkout=2025-03-08&dest_id=-372490&dest_type=city&group_adults=2&req_adults=2&no_rooms=1&group_children=0&req_children=0&hpos=22&hapos=216&sr_order=popularity&srpvid=af307f62bb9d0534&srepoch=1738174046&all_sr_blocks=9035915_93708810_0_2_0&highlighted_blocks=9035915_93708810_0_2_0&matching_block_id=9035915_93708810_0_2_0&sr_pri_blocks=9035915_93708810_0_2_0__837802&from_sustainable_property_sr=1&from=searchresults
Sweett - Sants,"Sants-Montjuïc, Barcelona",https://www.booking.com/hotel/es/apartments-de-sants.html?label=gen173nr-1BCAEoggI46AdSAnVzWARoRogBAZgBMbgBGcgBD9gBAegBAYgCAagCA7gC-NjpvAbAAgHSAiQ4ZGVlZWVhMi1mOTI5LTRmOWQtOTk0OC0xMzU5MWFkYWNlODjYAgXgAgE&sid=f990c8e44d8a49a026ee40f8b9e3b3a2&aid=304142&ucfs=1&arphpl=1&checkin=2025-03-01&checkout=2025-03-08&dest_id=-372490&dest_type=city&group_adults=2&req_adults=2&no_rooms=1&group_children=0&req_children=0&hpos=23&hapos=217&sr_order=popularity&srpvid=af307f62bb9d0534&srepoch=1738174046&all_sr_blocks=161796301_89062017_4_0_0&highlighted_blocks=161796301_89062017_4_0_0&matching_block_id=161796301_89062017_4_0_0&sr_pri_blocks=161796301_89062017_4_0_0__279930&from=searchresults
Cozy Apartment Les Corts,"Les Corts, Barcelona",https://www.booking.com/hotel/es/cozy-apartment-les-corts.html?label=gen173nr-1BCAEoggI46AdSAnVzWARoRogBAZgBMbgBGcgBD9gBAegBAYgCAagCA7gC-NjpvAbAAgHSAiQ4ZGVlZWVhMi1mOTI5LTRmOWQtOTk0OC0xMzU5MWFkYWNlODjYAgXgAgE&sid=f990c8e44d8a49a026ee40f8b9e3b3a2&aid=304142&ucfs=1&arphpl=1&checkin=2025-03-01&checkout=2025-03-08&dest_id=-372490&dest_type=city&group_adults=2&req_adults=2&no_rooms=1&group_children=0&req_children=0&hpos=24&hapos=218&sr_order=popularity&srpvid=af307f62bb9d0534&srepoch=1738174046&all_sr_blocks=1077159401_380304253_2_0_0&highlighted_blocks=1077159401_380304253_2_0_0&matching_block_id=1077159401_380304253_2_0_0&sr_pri_blocks=1077159401_380304253_2_0_0__333132&from=searchresults
Majestic Hotel & Spa Barcelona GL,"Eixample, Barcelona",https://www.booking.com/hotel/es/majestic.html?label=gen173nr-1BCAEoggI46AdSAnVzWARoRogBAZgBMbgBGcgBD9gBAegBAYgCAagCA7gC-NjpvAbAAgHSAiQ4ZGVlZWVhMi1mOTI5LTRmOWQtOTk0OC0xMzU5MWFkYWNlODjYAgXgAgE&sid=f990c8e44d8a49a026ee40f8b9e3b3a2&aid=304142&ucfs=1&arphpl=1&checkin=2025-03-01&checkout=2025-03-08&dest_id=-372490&dest_type=city&group_adults=2&req_adults=2&no_rooms=1&group_children=0&req_children=0&hpos=25&hapos=219&sr_order=popularity&srpvid=af307f62bb9d0534&srepoch=1738174046&all_sr_blocks=9102018_0_2_0_0&highlighted_blocks=9102018_0_2_0_0&matching_block_id=9102018_0_2_0_0&sr_pri_blocks=9102018_0_2_0_0__440843&from_sustainable_property_sr=1&from=searchresults
Room Mate Gerard,"Eixample, Barcelona",https://www.booking.com/hotel/es/room-mate-gerard.html?label=gen173nr-1BCAEoggI46AdSAnVzWARoRogBAZgBMbgBGcgBD9gBAegBAYgCAagCA7gC-NjpvAbAAgHSAiQ4ZGVlZWVhMi1mOTI5LTRmOWQtOTk0OC0xMzU5MWFkYWNlODjYAgXgAgE&sid=f990c8e44d8a49a026ee40f8b9e3b3a2&aid=304142&ucfs=1&arphpl=1&checkin=2025-03-01&checkout=2025-03-08&dest_id=-372490&dest_type=city&group_adults=2&req_adults=2&no_rooms=1&group_children=0&req_children=0&hpos=1&hapos=220&sr_order=popularity&srpvid=af307f62bb9d0534&srepoch=1738174048&all_sr_blocks=224211802_98757563_0_2_0_303442&highlighted_blocks=224211802_98757563_0_2_0_303442&matching_block_id=224211802_98757563_0_2_0_303442&sr_pri_blocks=224211802_98757563_0_2_0_303442_463663&from_sustainable_property_sr=1&from=searchresults
Hotel El Palace Barcelona,"Eixample, Barcelona",https://www.booking.com/hotel/es/ritzbcn.html?label=gen173nr-1BCAEoggI46AdSAnVzWARoRogBAZgBMbgBGcgBD9gBAegBAYgCAagCA7gC-NjpvAbAAgHSAiQ4ZGVlZWVhMi1mOTI5LTRmOWQtOTk0OC0xMzU5MWFkYWNlODjYAgXgAgE&sid=f990c8e44d8a49a026ee40f8b9e3b3a2&aid=304142&ucfs=1&arphpl=1&checkin=2025-03-01&checkout=2025-03-08&dest_id=-372490&dest_type=city&group_adults=2&req_adults=2&no_rooms=1&group_children=0&req_children=0&hpos=2&hapos=221&sr_order=popularity&srpvid=af307f62bb9d0534&srepoch=1738174048&all_sr_blocks=9004816_91908049_2_2_0&highlighted_blocks=9004816_91908049_2_2_0&matching_block_id=9004816_91908049_2_2_0&sr_pri_blocks=9004816_91908049_2_2_0__777032&from_sustainable_property_sr=1&from=searchresults
Cosmo Apartments Sants,"Sants-Montjuïc, Barcelona",https://www.booking.com/hotel/es/just-style.html?label=gen173nr-1BCAEoggI46AdSAnVzWARoRogBAZgBMbgBGcgBD9gBAegBAYgCAagCA7gC-NjpvAbAAgHSAiQ4ZGVlZWVhMi1mOTI5LTRmOWQtOTk0OC0xMzU5MWFkYWNlODjYAgXgAgE&sid=f990c8e44d8a49a026ee40f8b9e3b3a2&aid=304142&ucfs=1&arphpl=1&checkin=2025-03-01&checkout=2025-03-08&dest_id=-372490&dest_type=city&group_adults=2&req_adults=2&no_rooms=1&group_children=0&req_children=0&hpos=3&hapos=222&sr_order=popularity&srpvid=af307f62bb9d0534&srepoch=1738174048&all_sr_blocks=0_0_2_0_0&highlighted_blocks=0_0_2_0_0&matching_block_id=0_0_2_0_0&sr_pri_blocks=0_0_2_0_0__350001&from=searchresults
Cram Hotel,"Eixample, Barcelona",https://www.booking.com/hotel/es/crambarcelona.html?label=gen173nr-1BCAEoggI46AdSAnVzWARoRogBAZgBMbgBGcgBD9gBAegBAYgCAagCA7gC-NjpvAbAAgHSAiQ4ZGVlZWVhMi1mOTI5LTRmOWQtOTk0OC0xMzU5MWFkYWNlODjYAgXgAgE&sid=f990c8e44d8a49a026ee40f8b9e3b3a2&aid=304142&ucfs=1&arphpl=1&checkin=2025-03-01&checkout=2025-03-08&dest_id=-372490&dest_type=city&group_adults=2&req_adults=2&no_rooms=1&group_children=0&req_children=0&hpos=4&hapos=223&sr_order=popularity&srpvid=af307f62bb9d0534&srepoch=1738174048&all_sr_blocks=9122612_88190794_2_2_0&highlighted_blocks=9122612_88190794_2_2_0&matching_block_id=9122612_88190794_2_2_0&sr_pri_blocks=9122612_88190794_2_2_0__642919&from=searchresults
Picasso Suites,"Eixample, Barcelona",https://www.booking.com/hotel/es/picasso-suites.html?label=gen173nr-1BCAEoggI46AdSAnVzWARoRogBAZgBMbgBGcgBD9gBAegBAYgCAagCA7gC-NjpvAbAAgHSAiQ4ZGVlZWVhMi1mOTI5LTRmOWQtOTk0OC0xMzU5MWFkYWNlODjYAgXgAgE&sid=f990c8e44d8a49a026ee40f8b9e3b3a2&aid=304142&ucfs=1&arphpl=1&checkin=2025-03-01&checkout=2025-03-08&dest_id=-372490&dest_type=city&group_adults=2&req_adults=2&no_rooms=1&group_children=0&req_children=0&hpos=5&hapos=224&sr_order=popularity&srpvid=af307f62bb9d0534&srepoch=1738174048&all_sr_blocks=78611101_88505281_2_0_0&highlighted_blocks=78611101_88505281_2_0_0&matching_block_id=78611101_88505281_2_0_0&sr_pri_blocks=78611101_88505281_2_0_0__290792&from=searchresults
Chic Apartments Barcelona,"Eixample, Barcelona",https://www.booking.com/hotel/es/apartments-one-barcelona.html?label=gen173nr-1BCAEoggI46AdSAnVzWARoRogBAZgBMbgBGcgBD9gBAegBAYgCAagCA7gC-NjpvAbAAgHSAiQ4ZGVlZWVhMi1mOTI5LTRmOWQtOTk0OC0xMzU5MWFkYWNlODjYAgXgAgE&sid=f990c8e44d8a49a026ee40f8b9e3b3a2&aid=304142&ucfs=1&arphpl=1&checkin=2025-03-01&checkout=2025-03-08&dest_id=-372490&dest_type=city&group_adults=2&req_adults=2&no_rooms=1&group_children=0&req_children=0&hpos=6&hapos=225&sr_order=popularity&srpvid=af307f62bb9d0534&srepoch=1738174048&all_sr_blocks=504199502_172846763_2_0_0&highlighted_blocks=504199502_172846763_2_0_0&matching_block_id=504199502_172846763_2_0_0&sr_pri_blocks=504199502_172846763_2_0_0__434234&from=searchresults
Hilton Diagonal Mar Barcelona,"Sant Martí, Barcelona",https://www.booking.com/hotel/es/hilton-diagonal-mar-barcelona.html?label=gen173nr-1BCAEoggI46AdSAnVzWARoRogBAZgBMbgBGcgBD9gBAegBAYgCAagCA7gC-NjpvAbAAgHSAiQ4ZGVlZWVhMi1mOTI5LTRmOWQtOTk0OC0xMzU5MWFkYWNlODjYAgXgAgE&sid=f990c8e44d8a49a026ee40f8b9e3b3a2&aid=304142&ucfs=1&arphpl=1&checkin=2025-03-01&checkout=2025-03-08&dest_id=-372490&dest_type=city&group_adults=2&req_adults=2&no_rooms=1&group_children=0&req_children=0&hpos=7&hapos=226&sr_order=popularity&srpvid=af307f62bb9d0534&srepoch=1738174048&all_sr_blocks=9687826_93709920_2_34_0&highlighted_blocks=9687826_93709920_2_34_0&matching_block_id=9687826_93709920_2_34_0&sr_pri_blocks=9687826_93709920_2_34_0__495775&from_sustainable_property_sr=1&from=searchresults
Casa Cosi - Francoli 1,"Sarrià-St. Gervasi, Barcelona",https://www.booking.com/hotel/es/casa-cosi-francoli.html?label=gen173nr-1BCAEoggI46AdSAnVzWARoRogBAZgBMbgBGcgBD9gBAegBAYgCAagCA7gC-NjpvAbAAgHSAiQ4ZGVlZWVhMi1mOTI5LTRmOWQtOTk0OC0xMzU5MWFkYWNlODjYAgXgAgE&sid=f990c8e44d8a49a026ee40f8b9e3b3a2&aid=304142&ucfs=1&arphpl=1&checkin=2025-03-01&checkout=2025-03-08&dest_id=-372490&dest_type=city&group_adults=2&req_adults=2&no_rooms=1&group_children=0&req_children=0&hpos=8&hapos=227&sr_order=popularity&srpvid=af307f62bb9d0534&srepoch=1738174048&all_sr_blocks=481767801_377093758_0_0_0&highlighted_blocks=481767801_377093758_0_0_0&matching_block_id=481767801_377093758_0_0_0&sr_pri_blocks=481767801_377093758_0_0_0__311848&from=searchresults
Canela Homes BARCELONA FONTANA,"Gràcia, Barcelona",https://www.booking.com/hotel/es/canela-homes-barcelona-fontana.html?label=gen173nr-1BCAEoggI46AdSAnVzWARoRogBAZgBMbgBGcgBD9gBAegBAYgCAagCA7gC-NjpvAbAAgHSAiQ4ZGVlZWVhMi1mOTI5LTRmOWQtOTk0OC0xMzU5MWFkYWNlODjYAgXgAgE&sid=f990c8e44d8a49a026ee40f8b9e3b3a2&aid=304142&ucfs=1&arphpl=1&checkin=2025-03-01&checkout=2025-03-08&dest_id=-372490&dest_type=city&group_adults=2&req_adults=2&no_rooms=1&group_children=0&req_children=0&hpos=9&hapos=228&sr_order=popularity&srpvid=af307f62bb9d0534&srepoch=1738174048&all_sr_blocks=1093062901_382168634_4_0_0&highlighted_blocks=1093062901_382168634_4_0_0&matching_block_id=1093062901_382168634_4_0_0&sr_pri_blocks=1093062901_382168634_4_0_0__419104&from=searchresults
Habitat Apartments Hot Jazz,"Sant Martí, Barcelona",https://www.booking.com/hotel/es/habitat-apartments-hot-jazz.html?label=gen173nr-1BCAEoggI46AdSAnVzWARoRogBAZgBMbgBGcgBD9gBAegBAYgCAagCA7gC-NjpvAbAAgHSAiQ4ZGVlZWVhMi1mOTI5LTRmOWQtOTk0OC0xMzU5MWFkYWNlODjYAgXgAgE&sid=f990c8e44d8a49a026ee40f8b9e3b3a2&aid=304142&ucfs=1&arphpl=1&checkin=2025-03-01&checkout=2025-03-08&dest_id=-372490&dest_type=city&group_adults=2&req_adults=2&no_rooms=1&group_children=0&req_children=0&hpos=10&hapos=229&sr_order=popularity&srpvid=af307f62bb9d0534&srepoch=1738174048&all_sr_blocks=170548807_90028608_0_0_0&highlighted_blocks=170548807_90028608_0_0_0&matching_block_id=170548807_90028608_0_0_0&sr_pri_blocks=170548807_90028608_0_0_0__262982&from=searchresults
Habitat Apartments Blanca,Barcelona,https://www.booking.com/hotel/es/habitat-apartments-blanca.html?label=gen173nr-1BCAEoggI46AdSAnVzWARoRogBAZgBMbgBGcgBD9gBAegBAYgCAagCA7gC-NjpvAbAAgHSAiQ4ZGVlZWVhMi1mOTI5LTRmOWQtOTk0OC0xMzU5MWFkYWNlODjYAgXgAgE&sid=f990c8e44d8a49a026ee40f8b9e3b3a2&aid=304142&ucfs=1&arphpl=1&checkin=2025-03-01&checkout=2025-03-08&dest_id=-372490&dest_type=city&group_adults=2&req_adults=2&no_rooms=1&group_children=0&req_children=0&hpos=11&hapos=230&sr_order=popularity&srpvid=af307f62bb9d0534&srepoch=1738174048&all_sr_blocks=107795405_88418647_2_0_0&highlighted_blocks=107795405_88418647_2_0_0&matching_block_id=107795405_88418647_2_0_0&sr_pri_blocks=107795405_88418647_2_0_0__306232&from=searchresults
Casa Cosi - Gotico,"Ciutat Vella, Barcelona",https://www.booking.com/hotel/es/casa-cosi-gotico.html?label=gen173nr-1BCAEoggI46AdSAnVzWARoRogBAZgBMbgBGcgBD9gBAegBAYgCAagCA7gC-NjpvAbAAgHSAiQ4ZGVlZWVhMi1mOTI5LTRmOWQtOTk0OC0xMzU5MWFkYWNlODjYAgXgAgE&sid=f990c8e44d8a49a026ee40f8b9e3b3a2&aid=304142&ucfs=1&arphpl=1&checkin=2025-03-01&checkout=2025-03-08&dest_id=-372490&dest_type=city&group_adults=2&req_adults=2&no_rooms=1&group_children=0&req_children=0&hpos=12&hapos=231&sr_order=popularity&srpvid=af307f62bb9d0534&srepoch=1738174048&all_sr_blocks=449823301_377072194_0_0_0&highlighted_blocks=449823301_377072194_0_0_0&matching_block_id=449823301_377072194_0_0_0&sr_pri_blocks=449823301_377072194_0_0_0__402926&from=searchresults
htop BCN City #htopEnjoy,"Horta-Guinardó, Barcelona",https://www.booking.com/hotel/es/abalon.html?label=gen173nr-1BCAEoggI46AdSAnVzWARoRogBAZgBMbgBGcgBD9gBAegBAYgCAagCA7gC-NjpvAbAAgHSAiQ4ZGVlZWVhMi1mOTI5LTRmOWQtOTk0OC0xMzU5MWFkYWNlODjYAgXgAgE&sid=f990c8e44d8a49a026ee40f8b9e3b3a2&aid=304142&ucfs=1&arphpl=1&checkin=2025-03-01&checkout=2025-03-08&dest_id=-372490&dest_type=city&group_adults=2&req_adults=2&no_rooms=1&group_children=0&req_children=0&hpos=13&hapos=232&sr_order=popularity&srpvid=af307f62bb9d0534&srepoch=1738174048&all_sr_blocks=9043604_0_2_0_0&highlighted_blocks=9043604_0_2_0_0&matching_block_id=9043604_0_2_0_0&sr_pri_blocks=9043604_0_2_0_0__170140&from=searchresults
Aparthotel Arai 4* Superior,"Ciutat Vella, Barcelona",https://www.booking.com/hotel/es/arai-4-s-monument.html?label=gen173nr-1BCAEoggI46AdSAnVzWARoRogBAZgBMbgBGcgBD9gBAegBAYgCAagCA7gC-NjpvAbAAgHSAiQ4ZGVlZWVhMi1mOTI5LTRmOWQtOTk0OC0xMzU5MWFkYWNlODjYAgXgAgE&sid=f990c8e44d8a49a026ee40f8b9e3b3a2&aid=304142&ucfs=1&arphpl=1&checkin=2025-03-01&checkout=2025-03-08&dest_id=-372490&dest_type=city&group_adults=2&req_adults=2&no_rooms=1&group_children=0&req_children=0&hpos=14&hapos=233&sr_order=popularity&srpvid=af307f62bb9d0534&srepoch=1738174048&all_sr_blocks=48248703_88209821_0_0_0&highlighted_blocks=48248703_88209821_0_0_0&matching_block_id=48248703_88209821_0_0_0&sr_pri_blocks=48248703_88209821_0_0_0__477228&from=searchresults
Casa Cosi Mallorca I,"Eixample, Barcelona",https://www.booking.com/hotel/es/casa-cosi-mallorca-i.html?label=gen173nr-1BCAEoggI46AdSAnVzWARoRogBAZgBMbgBGcgBD9gBAegBAYgCAagCA7gC-NjpvAbAAgHSAiQ4ZGVlZWVhMi1mOTI5LTRmOWQtOTk0OC0xMzU5MWFkYWNlODjYAgXgAgE&sid=f990c8e44d8a49a026ee40f8b9e3b3a2&aid=304142&ucfs=1&arphpl=1&checkin=2025-03-01&checkout=2025-03-08&dest_id=-372490&dest_type=city&group_adults=2&req_adults=2&no_rooms=1&group_children=0&req_children=0&hpos=15&hapos=234&sr_order=popularity&srpvid=af307f62bb9d0534&srepoch=1738174048&all_sr_blocks=227412701_377093038_0_0_0&highlighted_blocks=227412701_377093038_0_0_0&matching_block_id=227412701_377093038_0_0_0&sr_pri_blocks=227412701_377093038_0_0_0__452722&from=searchresults
Sonder Casa Luz,"Eixample, Barcelona",https://www.booking.com/hotel/es/casa-luz-barcelona.html?label=gen173nr-1BCAEoggI46AdSAnVzWARoRogBAZgBMbgBGcgBD9gBAegBAYgCAagCA7gC-NjpvAbAAgHSAiQ4ZGVlZWVhMi1mOTI5LTRmOWQtOTk0OC0xMzU5MWFkYWNlODjYAgXgAgE&sid=f990c8e44d8a49a026ee40f8b9e3b3a2&aid=304142&ucfs=1&arphpl=1&checkin=2025-03-01&checkout=2025-03-08&dest_id=-372490&dest_type=city&group_adults=2&req_adults=2&no_rooms=1&group_children=0&req_children=0&hpos=16&hapos=235&sr_order=popularity&srpvid=af307f62bb9d0534&srepoch=1738174048&all_sr_blocks=596194813_396862328_2_2_0&highlighted_blocks=596194813_396862328_2_2_0&matching_block_id=596194813_396862328_2_2_0&sr_pri_blocks=596194813_396862328_2_2_0__485271&from_sustainable_property_sr=1&from=searchresults
Casa Cosi - Casanova 5,"Eixample, Barcelona",https://www.booking.com/hotel/es/casa-cosi-casanova-5.html?label=gen173nr-1BCAEoggI46AdSAnVzWARoRogBAZgBMbgBGcgBD9gBAegBAYgCAagCA7gC-NjpvAbAAgHSAiQ4ZGVlZWVhMi1mOTI5LTRmOWQtOTk0OC0xMzU5MWFkYWNlODjYAgXgAgE&sid=f990c8e44d8a49a026ee40f8b9e3b3a2&aid=304142&ucfs=1&arphpl=1&checkin=2025-03-01&checkout=2025-03-08&dest_id=-372490&dest_type=city&group_adults=2&req_adults=2&no_rooms=1&group_children=0&req_children=0&hpos=17&hapos=236&sr_order=popularity&srpvid=af307f62bb9d0534&srepoch=1738174048&all_sr_blocks=814045102_362247094_0_0_0&highlighted_blocks=814045102_362247094_0_0_0&matching_block_id=814045102_362247094_0_0_0&sr_pri_blocks=814045102_362247094_0_0_0__471754&from=searchresults
Habitat Apartments Ferran,"Ciutat Vella, Barcelona",https://www.booking.com/hotel/es/habitat-apartments-ferran.html?label=gen173nr-1BCAEoggI46AdSAnVzWARoRogBAZgBMbgBGcgBD9gBAegBAYgCAagCA7gC-NjpvAbAAgHSAiQ4ZGVlZWVhMi1mOTI5LTRmOWQtOTk0OC0xMzU5MWFkYWNlODjYAgXgAgE&sid=f990c8e44d8a49a026ee40f8b9e3b3a2&aid=304142&ucfs=1&arphpl=1&checkin=2025-03-01&checkout=2025-03-08&dest_id=-372490&dest_type=city&group_adults=2&req_adults=2&no_rooms=1&group_children=0&req_children=0&hpos=18&hapos=237&sr_order=popularity&srpvid=af307f62bb9d0534&srepoch=1738174048&all_sr_blocks=86623303_88418498_0_0_0&highlighted_blocks=86623303_88418498_0_0_0&matching_block_id=86623303_88418498_0_0_0&sr_pri_blocks=86623303_88418498_0_0_0__666529&from=searchresults
Casa Cosi Don Bajos,"Sarrià-St. Gervasi, Barcelona",https://www.booking.com/hotel/es/casa-cosi-don-bajos.html?label=gen173nr-1BCAEoggI46AdSAnVzWARoRogBAZgBMbgBGcgBD9gBAegBAYgCAagCA7gC-NjpvAbAAgHSAiQ4ZGVlZWVhMi1mOTI5LTRmOWQtOTk0OC0xMzU5MWFkYWNlODjYAgXgAgE&sid=f990c8e44d8a49a026ee40f8b9e3b3a2&aid=304142&ucfs=1&arphpl=1&checkin=2025-03-01&checkout=2025-03-08&dest_id=-372490&dest_type=city&group_adults=2&req_adults=2&no_rooms=1&group_children=0&req_children=0&hpos=19&hapos=238&sr_order=popularity&srpvid=af307f62bb9d0534&srepoch=1738174048&all_sr_blocks=910293002_377070179_0_0_0&highlighted_blocks=910293002_377070179_0_0_0&matching_block_id=910293002_377070179_0_0_0&sr_pri_blocks=910293002_377070179_0_0_0__293548&from=searchresults
Lodging Apartments City Center-Eixample,"Eixample, Barcelona",https://www.booking.com/hotel/es/lodging-apartments-sagrada-familia.html?label=gen173nr-1BCAEoggI46AdSAnVzWARoRogBAZgBMbgBGcgBD9gBAegBAYgCAagCA7gC-NjpvAbAAgHSAiQ4ZGVlZWVhMi1mOTI5LTRmOWQtOTk0OC0xMzU5MWFkYWNlODjYAgXgAgE&sid=f990c8e44d8a49a026ee40f8b9e3b3a2&aid=304142&ucfs=1&arphpl=1&checkin=2025-03-01&checkout=2025-03-08&dest_id=-372490&dest_type=city&group_adults=2&req_adults=2&no_rooms=1&group_children=0&req_children=0&hpos=20&hapos=239&sr_order=popularity&srpvid=af307f62bb9d0534&srepoch=1738174048&all_sr_blocks=68967401_88504030_2_0_0&highlighted_blocks=68967401_88504030_2_0_0&matching_block_id=68967401_88504030_2_0_0&sr_pri_blocks=68967401_88504030_2_0_0__301368&from_sustainable_property_sr=1&from=searchresults
Casa Cosi - El Farro 3,"Sarrià-St. Gervasi, Barcelona",https://www.booking.com/hotel/es/casa-cosi-el-farro.html?label=gen173nr-1BCAEoggI46AdSAnVzWARoRogBAZgBMbgBGcgBD9gBAegBAYgCAagCA7gC-NjpvAbAAgHSAiQ4ZGVlZWVhMi1mOTI5LTRmOWQtOTk0OC0xMzU5MWFkYWNlODjYAgXgAgE&sid=f990c8e44d8a49a026ee40f8b9e3b3a2&aid=304142&ucfs=1&arphpl=1&checkin=2025-03-01&checkout=2025-03-08&dest_id=-372490&dest_type=city&group_adults=2&req_adults=2&no_rooms=1&group_children=0&req_children=0&hpos=21&hapos=240&sr_order=popularity&srpvid=af307f62bb9d0534&srepoch=1738174048&all_sr_blocks=732065101_377093936_0_0_0&highlighted_blocks=732065101_377093936_0_0_0&matching_block_id=732065101_377093936_0_0_0&sr_pri_blocks=732065101_377093936_0_0_0__294865&from=searchresults
Nobu Hotel Barcelona,"Sants-Montjuïc, Barcelona",https://www.booking.com/hotel/es/nobu-barcelona.html?label=gen173nr-1BCAEoggI46AdSAnVzWARoRogBAZgBMbgBGcgBD9gBAegBAYgCAagCA7gC-NjpvAbAAgHSAiQ4ZGVlZWVhMi1mOTI5LTRmOWQtOTk0OC0xMzU5MWFkYWNlODjYAgXgAgE&sid=f990c8e44d8a49a026ee40f8b9e3b3a2&aid=304142&ucfs=1&arphpl=1&checkin=2025-03-01&checkout=2025-03-08&dest_id=-372490&dest_type=city&group_adults=2&req_adults=2&no_rooms=1&group_children=0&req_children=0&hpos=22&hapos=241&sr_order=popularity&srpvid=af307f62bb9d0534&srepoch=1738174048&all_sr_blocks=0_0_2_0_0&highlighted_blocks=0_0_2_0_0&matching_block_id=0_0_2_0_0&sr_pri_blocks=0_0_2_0_0__750980&from=searchresults
Casa Cosi - Eixample 2,"Eixample, Barcelona",https://www.booking.com/hotel/es/casa-cosi-eixample-2.html?label=gen173nr-1BCAEoggI46AdSAnVzWARoRogBAZgBMbgBGcgBD9gBAegBAYgCAagCA7gC-NjpvAbAAgHSAiQ4ZGVlZWVhMi1mOTI5LTRmOWQtOTk0OC0xMzU5MWFkYWNlODjYAgXgAgE&sid=f990c8e44d8a49a026ee40f8b9e3b3a2&aid=304142&ucfs=1&arphpl=1&checkin=2025-03-01&checkout=2025-03-08&dest_id=-372490&dest_type=city&group_adults=2&req_adults=2&no_rooms=1&group_children=0&req_children=0&hpos=23&hapos=242&sr_order=popularity&srpvid=af307f62bb9d0534&srepoch=1738174048&all_sr_blocks=499598701_377071548_0_0_0&highlighted_blocks=499598701_377071548_0_0_0&matching_block_id=499598701_377071548_0_0_0&sr_pri_blocks=499598701_377071548_0_0_0__620302&from=searchresults
Jardinets De Gràcia by The 5ve Soul,"Gràcia, Barcelona",https://www.booking.com/hotel/es/the-5ve-soul-gracia.html?label=gen173nr-1BCAEoggI46AdSAnVzWARoRogBAZgBMbgBGcgBD9gBAegBAYgCAagCA7gC-NjpvAbAAgHSAiQ4ZGVlZWVhMi1mOTI5LTRmOWQtOTk0OC0xMzU5MWFkYWNlODjYAgXgAgE&sid=f990c8e44d8a49a026ee40f8b9e3b3a2&aid=304142&ucfs=1&arphpl=1&checkin=2025-03-01&checkout=2025-03-08&dest_id=-372490&dest_type=city&group_adults=2&req_adults=2&no_rooms=1&group_children=0&req_children=0&hpos=24&hapos=243&sr_order=popularity&srpvid=af307f62bb9d0534&srepoch=1738174048&all_sr_blocks=771340408_358349631_2_0_0&highlighted_blocks=771340408_358349631_2_0_0&matching_block_id=771340408_358349631_2_0_0&sr_pri_blocks=771340408_358349631_2_0_0__465632&from=searchresults
Alma Barcelona GL,"Eixample, Barcelona",https://www.booking.com/hotel/es/almabarcelona.html?label=gen173nr-1BCAEoggI46AdSAnVzWARoRogBAZgBMbgBGcgBD9gBAegBAYgCAagCA7gC-NjpvAbAAgHSAiQ4ZGVlZWVhMi1mOTI5LTRmOWQtOTk0OC0xMzU5MWFkYWNlODjYAgXgAgE&sid=f990c8e44d8a49a026ee40f8b9e3b3a2&aid=304142&ucfs=1&arphpl=1&checkin=2025-03-01&checkout=2025-03-08&dest_id=-372490&dest_type=city&group_adults=2&req_adults=2&no_rooms=1&group_children=0&req_children=0&hpos=25&hapos=244&sr_order=popularity&srpvid=af307f62bb9d0534&srepoch=1738174048&all_sr_blocks=0_0_2_0_0&highlighted_blocks=0_0_2_0_0&matching_block_id=0_0_2_0_0&sr_pri_blocks=0_0_2_0_0__634133&from_sustainable_property_sr=1&from=searchresults
Casa Cosi - Casanova 3,"Eixample, Barcelona",https://www.booking.com/hotel/es/casa-cosi-casanova-3.html?label=gen173nr-1BCAEoggI46AdSAnVzWARoRogBAZgBMbgBGcgBD9gBAegBAYgCAagCA7gC-NjpvAbAAgHSAiQ4ZGVlZWVhMi1mOTI5LTRmOWQtOTk0OC0xMzU5MWFkYWNlODjYAgXgAgE&sid=f990c8e44d8a49a026ee40f8b9e3b3a2&aid=304142&ucfs=1&arphpl=1&checkin=2025-03-01&checkout=2025-03-08&dest_id=-372490&dest_type=city&group_adults=2&req_adults=2&no_rooms=1&group_children=0&req_children=0&hpos=1&hapos=245&sr_order=popularity&srpvid=af307f62bb9d0534&srepoch=1738174050&all_sr_blocks=814034602_362247683_0_0_0&highlighted_blocks=814034602_362247683_0_0_0&matching_block_id=814034602_362247683_0_0_0&sr_pri_blocks=814034602_362247683_0_0_0__511494&from=searchresults
Lodging Apartments Liceu G2,"Ciutat Vella, Barcelona",https://www.booking.com/hotel/es/lodging-apartments-liceu-g2.html?label=gen173nr-1BCAEoggI46AdSAnVzWARoRogBAZgBMbgBGcgBD9gBAegBAYgCAagCA7gC-NjpvAbAAgHSAiQ4ZGVlZWVhMi1mOTI5LTRmOWQtOTk0OC0xMzU5MWFkYWNlODjYAgXgAgE&sid=f990c8e44d8a49a026ee40f8b9e3b3a2&aid=304142&ucfs=1&arphpl=1&checkin=2025-03-01&checkout=2025-03-08&dest_id=-372490&dest_type=city&group_adults=2&req_adults=2&no_rooms=1&group_children=0&req_children=0&hpos=2&hapos=246&sr_order=popularity&srpvid=af307f62bb9d0534&srepoch=1738174050&all_sr_blocks=893586801_359761474_4_0_0&highlighted_blocks=893586801_359761474_4_0_0&matching_block_id=893586801_359761474_4_0_0&sr_pri_blocks=893586801_359761474_4_0_0__312336&from=searchresults
Diagonal Suites by Sweett,"Eixample, Barcelona",https://www.booking.com/hotel/es/diagonal-suites-by-sweett.html?label=gen173nr-1BCAEoggI46AdSAnVzWARoRogBAZgBMbgBGcgBD9gBAegBAYgCAagCA7gC-NjpvAbAAgHSAiQ4ZGVlZWVhMi1mOTI5LTRmOWQtOTk0OC0xMzU5MWFkYWNlODjYAgXgAgE&sid=f990c8e44d8a49a026ee40f8b9e3b3a2&aid=304142&ucfs=1&arphpl=1&checkin=2025-03-01&checkout=2025-03-08&dest_id=-372490&dest_type=city&group_adults=2&req_adults=2&no_rooms=1&group_children=0&req_children=0&hpos=3&hapos=247&sr_order=popularity&srpvid=af307f62bb9d0534&srepoch=1738174050&all_sr_blocks=1253389502_397858725_0_0_0&highlighted_blocks=1253389502_397858725_0_0_0&matching_block_id=1253389502_397858725_0_0_0&sr_pri_blocks=1253389502_397858725_0_0_0__1216672&from=searchresults
"Torre Melina, a Gran Meliá Hotel","Les Corts, Barcelona",https://www.booking.com/hotel/es/torre-melina-gran-melia-hotel.html?label=gen173nr-1BCAEoggI46AdSAnVzWARoRogBAZgBMbgBGcgBD9gBAegBAYgCAagCA7gC-NjpvAbAAgHSAiQ4ZGVlZWVhMi1mOTI5LTRmOWQtOTk0OC0xMzU5MWFkYWNlODjYAgXgAgE&sid=f990c8e44d8a49a026ee40f8b9e3b3a2&aid=304142&ucfs=1&arphpl=1&checkin=2025-03-01&checkout=2025-03-08&dest_id=-372490&dest_type=city&group_adults=2&req_adults=2&no_rooms=1&group_children=0&req_children=0&hpos=4&hapos=248&sr_order=popularity&srpvid=af307f62bb9d0534&srepoch=1738174050&all_sr_blocks=59121446_88210302_2_1_0&highlighted_blocks=59121446_88210302_2_1_0&matching_block_id=59121446_88210302_2_1_0&sr_pri_blocks=59121446_88210302_2_1_0__590450&from=searchresults
Sonder Los Arcos,"Ciutat Vella, Barcelona",https://www.booking.com/hotel/es/sonder-los-arcos.html?label=gen173nr-1BCAEoggI46AdSAnVzWARoRogBAZgBMbgBGcgBD9gBAegBAYgCAagCA7gC-NjpvAbAAgHSAiQ4ZGVlZWVhMi1mOTI5LTRmOWQtOTk0OC0xMzU5MWFkYWNlODjYAgXgAgE&sid=f990c8e44d8a49a026ee40f8b9e3b3a2&aid=304142&ucfs=1&arphpl=1&checkin=2025-03-01&checkout=2025-03-08&dest_id=-372490&dest_type=city&group_adults=2&req_adults=2&no_rooms=1&group_children=0&req_children=0&hpos=5&hapos=249&sr_order=popularity&srpvid=af307f62bb9d0534&srepoch=1738174050&all_sr_blocks=938607905_0_2_0_0&highlighted_blocks=938607905_0_2_0_0&matching_block_id=938607905_0_2_0_0&sr_pri_blocks=938607905_0_2_0_0__321237&from=searchresults
Canela Homes BARCELONA ARAGÓ,"Eixample, Barcelona",https://www.booking.com/hotel/es/canela-homes-barcelona-arago.html?label=gen173nr-1BCAEoggI46AdSAnVzWARoRogBAZgBMbgBGcgBD9gBAegBAYgCAagCA7gC-NjpvAbAAgHSAiQ4ZGVlZWVhMi1mOTI5LTRmOWQtOTk0OC0xMzU5MWFkYWNlODjYAgXgAgE&sid=f990c8e44d8a49a026ee40f8b9e3b3a2&aid=304142&ucfs=1&arphpl=1&checkin=2025-03-01&checkout=2025-03-08&dest_id=-372490&dest_type=city&group_adults=2&req_adults=2&no_rooms=1&group_children=0&req_children=0&hpos=6&hapos=250&sr_order=popularity&srpvid=af307f62bb9d0534&srepoch=1738174050&all_sr_blocks=1084463201_381351745_4_0_0&highlighted_blocks=1084463201_381351745_4_0_0&matching_block_id=1084463201_381351745_4_0_0&sr_pri_blocks=1084463201_381351745_4_0_0__422312&from=searchresults
Casa Cosi - Putxet 4,"Sarrià-St. Gervasi, Barcelona",https://www.booking.com/hotel/es/casa-cosi-putxet.html?label=gen173nr-1BCAEoggI46AdSAnVzWARoRogBAZgBMbgBGcgBD9gBAegBAYgCAagCA7gC-NjpvAbAAgHSAiQ4ZGVlZWVhMi1mOTI5LTRmOWQtOTk0OC0xMzU5MWFkYWNlODjYAgXgAgE&sid=f990c8e44d8a49a026ee40f8b9e3b3a2&aid=304142&ucfs=1&arphpl=1&checkin=2025-03-01&checkout=2025-03-08&dest_id=-372490&dest_type=city&group_adults=2&req_adults=2&no_rooms=1&group_children=0&req_children=0&hpos=7&hapos=251&sr_order=popularity&srpvid=af307f62bb9d0534&srepoch=1738174050&all_sr_blocks=614079901_377093334_0_0_0&highlighted_blocks=614079901_377093334_0_0_0&matching_block_id=614079901_377093334_0_0_0&sr_pri_blocks=614079901_377093334_0_0_0__338528&from=searchresults
Casa Cosi - Eixample 3,"Eixample, Barcelona",https://www.booking.com/hotel/es/casa-cosi-eixample-3.html?label=gen173nr-1BCAEoggI46AdSAnVzWARoRogBAZgBMbgBGcgBD9gBAegBAYgCAagCA7gC-NjpvAbAAgHSAiQ4ZGVlZWVhMi1mOTI5LTRmOWQtOTk0OC0xMzU5MWFkYWNlODjYAgXgAgE&sid=f990c8e44d8a49a026ee40f8b9e3b3a2&aid=304142&ucfs=1&arphpl=1&checkin=2025-03-01&checkout=2025-03-08&dest_id=-372490&dest_type=city&group_adults=2&req_adults=2&no_rooms=1&group_children=0&req_children=0&hpos=8&hapos=252&sr_order=popularity&srpvid=af307f62bb9d0534&srepoch=1738174050&all_sr_blocks=501254201_377071633_0_0_0&highlighted_blocks=501254201_377071633_0_0_0&matching_block_id=501254201_377071633_0_0_0&sr_pri_blocks=501254201_377071633_0_0_0__597622&from=searchresults
Vasanta powered by Sonder,"Eixample, Barcelona",https://www.booking.com/hotel/es/vasanta.html?label=gen173nr-1BCAEoggI46AdSAnVzWARoRogBAZgBMbgBGcgBD9gBAegBAYgCAagCA7gC-NjpvAbAAgHSAiQ4ZGVlZWVhMi1mOTI5LTRmOWQtOTk0OC0xMzU5MWFkYWNlODjYAgXgAgE&sid=f990c8e44d8a49a026ee40f8b9e3b3a2&aid=304142&ucfs=1&arphpl=1&checkin=2025-03-01&checkout=2025-03-08&dest_id=-372490&dest_type=city&group_adults=2&req_adults=2&no_rooms=1&group_children=0&req_children=0&hpos=9&hapos=253&sr_order=popularity&srpvid=af307f62bb9d0534&srepoch=1738174050&all_sr_blocks=41782010_128095389_4_0_0&highlighted_blocks=41782010_128095389_4_0_0&matching_block_id=41782010_128095389_4_0_0&sr_pri_blocks=41782010_128095389_4_0_0__419718&from=searchresults
Casa Cosi - Casanova 7,"Eixample, Barcelona",https://www.booking.com/hotel/es/casa-cosi-casanova-7.html?label=gen173nr-1BCAEoggI46AdSAnVzWARoRogBAZgBMbgBGcgBD9gBAegBAYgCAagCA7gC-NjpvAbAAgHSAiQ4ZGVlZWVhMi1mOTI5LTRmOWQtOTk0OC0xMzU5MWFkYWNlODjYAgXgAgE&sid=f990c8e44d8a49a026ee40f8b9e3b3a2&aid=304142&ucfs=1&arphpl=1&checkin=2025-03-01&checkout=2025-03-08&dest_id=-372490&dest_type=city&group_adults=2&req_adults=2&no_rooms=1&group_children=0&req_children=0&hpos=10&hapos=254&sr_order=popularity&srpvid=af307f62bb9d0534&srepoch=1738174050&all_sr_blocks=814045502_362247079_0_0_0&highlighted_blocks=814045502_362247079_0_0_0&matching_block_id=814045502_362247079_0_0_0&sr_pri_blocks=814045502_362247079_0_0_0__463973&from=searchresults
ABaC Restaurant Hotel Barcelona GL Monumento,"Sarrià-St. Gervasi, Barcelona",https://www.booking.com/hotel/es/abac-barcelona.html?label=gen173nr-1BCAEoggI46AdSAnVzWARoRogBAZgBMbgBGcgBD9gBAegBAYgCAagCA7gC-NjpvAbAAgHSAiQ4ZGVlZWVhMi1mOTI5LTRmOWQtOTk0OC0xMzU5MWFkYWNlODjYAgXgAgE&sid=f990c8e44d8a49a026ee40f8b9e3b3a2&aid=304142&ucfs=1&arphpl=1&checkin=2025-03-01&checkout=2025-03-08&dest_id=-372490&dest_type=city&group_adults=2&req_adults=2&no_rooms=1&group_children=0&req_children=0&hpos=11&hapos=255&sr_order=popularity&srpvid=af307f62bb9d0534&srepoch=1738174050&all_sr_blocks=1365404_0_2_0_0&highlighted_blocks=1365404_0_2_0_0&matching_block_id=1365404_0_2_0_0&sr_pri_blocks=1365404_0_2_0_0__552978&from=searchresults
HoHomes - Luxury Palacete,"Eixample, Barcelona",https://www.booking.com/hotel/es/luxury-palacete.html?label=gen173nr-1BCAEoggI46AdSAnVzWARoRogBAZgBMbgBGcgBD9gBAegBAYgCAagCA7gC-NjpvAbAAgHSAiQ4ZGVlZWVhMi1mOTI5LTRmOWQtOTk0OC0xMzU5MWFkYWNlODjYAgXgAgE&sid=f990c8e44d8a49a026ee40f8b9e3b3a2&aid=304142&ucfs=1&arphpl=1&checkin=2025-03-01&checkout=2025-03-08&dest_id=-372490&dest_type=city&group_adults=2&req_adults=2&no_rooms=1&group_children=0&req_children=0&hpos=12&hapos=256&sr_order=popularity&srpvid=af307f62bb9d0534&srepoch=1738174050&all_sr_blocks=184669801_374006349_6_0_0&highlighted_blocks=184669801_374006349_6_0_0&matching_block_id=184669801_374006349_6_0_0&sr_pri_blocks=184669801_374006349_6_0_0__883359&from=searchresults
DO Plaça Reial powered by Sonder,"Ciutat Vella, Barcelona",https://www.booking.com/hotel/es/do.html?label=gen173nr-1BCAEoggI46AdSAnVzWARoRogBAZgBMbgBGcgBD9gBAegBAYgCAagCA7gC-NjpvAbAAgHSAiQ4ZGVlZWVhMi1mOTI5LTRmOWQtOTk0OC0xMzU5MWFkYWNlODjYAgXgAgE&sid=f990c8e44d8a49a026ee40f8b9e3b3a2&aid=304142&ucfs=1&arphpl=1&checkin=2025-03-01&checkout=2025-03-08&dest_id=-372490&dest_type=city&group_adults=2&req_adults=2&no_rooms=1&group_children=0&req_children=0&hpos=1&hapos=257&sr_order=popularity&srpvid=af307f62bb9d0534&srepoch=1738174051&all_sr_blocks=37584711_88208115_2_2_0&highlighted_blocks=37584711_88208115_2_2_0&matching_block_id=37584711_88208115_2_2_0&sr_pri_blocks=37584711_88208115_2_2_0__720916&from=searchresults
Casa Cosi - Terrace 2,"Eixample, Barcelona",https://www.booking.com/hotel/es/casa-cosi-terrace-2.html?label=gen173nr-1BCAEoggI46AdSAnVzWARoRogBAZgBMbgBGcgBD9gBAegBAYgCAagCA7gC-NjpvAbAAgHSAiQ4ZGVlZWVhMi1mOTI5LTRmOWQtOTk0OC0xMzU5MWFkYWNlODjYAgXgAgE&sid=f990c8e44d8a49a026ee40f8b9e3b3a2&aid=304142&ucfs=1&arphpl=1&checkin=2025-03-01&checkout=2025-03-08&dest_id=-372490&dest_type=city&group_adults=2&req_adults=2&no_rooms=1&group_children=0&req_children=0&hpos=2&hapos=258&sr_order=popularity&srpvid=af307f62bb9d0534&srepoch=1738174051&all_sr_blocks=814035002_388658559_0_0_0&highlighted_blocks=814035002_388658559_0_0_0&matching_block_id=814035002_388658559_0_0_0&sr_pri_blocks=814035002_388658559_0_0_0__525619&from=searchresults
Plaza Catalunya,"Eixample, Barcelona",https://www.booking.com/hotel/es/sweet-inn-plaza-catalunya.html?label=gen173nr-1BCAEoggI46AdSAnVzWARoRogBAZgBMbgBGcgBD9gBAegBAYgCAagCA7gC-NjpvAbAAgHSAiQ4ZGVlZWVhMi1mOTI5LTRmOWQtOTk0OC0xMzU5MWFkYWNlODjYAgXgAgE&sid=f990c8e44d8a49a026ee40f8b9e3b3a2&aid=304142&ucfs=1&arphpl=1&checkin=2025-03-01&checkout=2025-03-08&dest_id=-372490&dest_type=city&group_adults=2&req_adults=2&no_rooms=1&group_children=0&req_children=0&hpos=3&hapos=259&sr_order=popularity&srpvid=af307f62bb9d0534&srepoch=1738174051&all_sr_blocks=1096943701_382585121_7_0_0&highlighted_blocks=1096943701_382585121_7_0_0&matching_block_id=1096943701_382585121_7_0_0&sr_pri_blocks=1096943701_382585121_7_0_0__814372&from=searchresults
Canela Homes BARCELONA CÒRSEGA,"Gràcia, Barcelona",https://www.booking.com/hotel/es/canela-homes-barcelona-corsega.html?label=gen173nr-1BCAEoggI46AdSAnVzWARoRogBAZgBMbgBGcgBD9gBAegBAYgCAagCA7gC-NjpvAbAAgHSAiQ4ZGVlZWVhMi1mOTI5LTRmOWQtOTk0OC0xMzU5MWFkYWNlODjYAgXgAgE&sid=f990c8e44d8a49a026ee40f8b9e3b3a2&aid=304142&ucfs=1&arphpl=1&checkin=2025-03-01&checkout=2025-03-08&dest_id=-372490&dest_type=city&group_adults=2&req_adults=2&no_rooms=1&group_children=0&req_children=0&hpos=4&hapos=260&sr_order=popularity&srpvid=af307f62bb9d0534&srepoch=1738174051&all_sr_blocks=1076098701_380199638_4_0_0&highlighted_blocks=1076098701_380199638_4_0_0&matching_block_id=1076098701_380199638_4_0_0&sr_pri_blocks=1076098701_380199638_4_0_0__396490&from=searchresults
Four Petals Barcelona Boutique Apartments,"Ciutat Vella, Barcelona",https://www.booking.com/hotel/es/four-petals-barcelona-boutique-apartments.html?label=gen173nr-1BCAEoggI46AdSAnVzWARoRogBAZgBMbgBGcgBD9gBAegBAYgCAagCA7gC-NjpvAbAAgHSAiQ4ZGVlZWVhMi1mOTI5LTRmOWQtOTk0OC0xMzU5MWFkYWNlODjYAgXgAgE&sid=f990c8e44d8a49a026ee40f8b9e3b3a2&aid=304142&ucfs=1&arphpl=1&checkin=2025-03-01&checkout=2025-03-08&dest_id=-372490&dest_type=city&group_adults=2&req_adults=2&no_rooms=1&group_children=0&req_children=0&hpos=5&hapos=261&sr_order=popularity&srpvid=af307f62bb9d0534&srepoch=1738174051&all_sr_blocks=168631702_89773742_2_0_0&highlighted_blocks=168631702_89773742_2_0_0&matching_block_id=168631702_89773742_2_0_0&sr_pri_blocks=168631702_89773742_2_0_0__335360&from=searchresults
Canela Homes BARCELONA LESSEPS,"Sarrià-St. Gervasi, Barcelona",https://www.booking.com/hotel/es/canela-homes-barcelona-lesseps.html?label=gen173nr-1BCAEoggI46AdSAnVzWARoRogBAZgBMbgBGcgBD9gBAegBAYgCAagCA7gC-NjpvAbAAgHSAiQ4ZGVlZWVhMi1mOTI5LTRmOWQtOTk0OC0xMzU5MWFkYWNlODjYAgXgAgE&sid=f990c8e44d8a49a026ee40f8b9e3b3a2&aid=304142&ucfs=1&arphpl=1&checkin=2025-03-01&checkout=2025-03-08&dest_id=-372490&dest_type=city&group_adults=2&req_adults=2&no_rooms=1&group_children=0&req_children=0&hpos=6&hapos=262&sr_order=popularity&srpvid=af307f62bb9d0534&srepoch=1738174051&all_sr_blocks=1154076001_388186589_5_0_0&highlighted_blocks=1154076001_388186589_5_0_0&matching_block_id=1154076001_388186589_5_0_0&sr_pri_blocks=1154076001_388186589_5_0_0__421247&from=searchresults
Rent Top Apartments Avenida Diagonal,"Sarrià-St. Gervasi, Barcelona",https://www.booking.com/hotel/es/rent-top-apartments-avenida-diagonal.html?label=gen173nr-1BCAEoggI46AdSAnVzWARoRogBAZgBMbgBGcgBD9gBAegBAYgCAagCA7gC-NjpvAbAAgHSAiQ4ZGVlZWVhMi1mOTI5LTRmOWQtOTk0OC0xMzU5MWFkYWNlODjYAgXgAgE&sid=f990c8e44d8a49a026ee40f8b9e3b3a2&aid=304142&ucfs=1&arphpl=1&checkin=2025-03-01&checkout=2025-03-08&dest_id=-372490&dest_type=city&group_adults=2&req_adults=2&no_rooms=1&group_children=0&req_children=0&hpos=7&hapos=263&sr_order=popularity&srpvid=af307f62bb9d0534&srepoch=1738174051&all_sr_blocks=347319202_117377870_0_0_0&highlighted_blocks=347319202_117377870_0_0_0&matching_block_id=347319202_117377870_0_0_0&sr_pri_blocks=347319202_117377870_0_0_0__499232&from=searchresults
Canela Homes BARCELONA MODERNISTA,"Eixample, Barcelona",https://www.booking.com/hotel/es/canela-homes-barcelona-modernista.html?label=gen173nr-1BCAEoggI46AdSAnVzWARoRogBAZgBMbgBGcgBD9gBAegBAYgCAagCA7gC-NjpvAbAAgHSAiQ4ZGVlZWVhMi1mOTI5LTRmOWQtOTk0OC0xMzU5MWFkYWNlODjYAgXgAgE&sid=f990c8e44d8a49a026ee40f8b9e3b3a2&aid=304142&ucfs=1&arphpl=1&checkin=2025-03-01&checkout=2025-03-08&dest_id=-372490&dest_type=city&group_adults=2&req_adults=2&no_rooms=1&group_children=0&req_children=0&hpos=8&hapos=264&sr_order=popularity&srpvid=af307f62bb9d0534&srepoch=1738174051&all_sr_blocks=1084322801_381339030_5_0_0&highlighted_blocks=1084322801_381339030_5_0_0&matching_block_id=1084322801_381339030_5_0_0&sr_pri_blocks=1084322801_381339030_5_0_0__1537251&from=searchresults
Canela Homes BARCELONA UNIVERSITAT,"Eixample, Barcelona",https://www.booking.com/hotel/es/canela-homes-barcelona-universitat.html?label=gen173nr-1BCAEoggI46AdSAnVzWARoRogBAZgBMbgBGcgBD9gBAegBAYgCAagCA7gC-NjpvAbAAgHSAiQ4ZGVlZWVhMi1mOTI5LTRmOWQtOTk0OC0xMzU5MWFkYWNlODjYAgXgAgE&sid=f990c8e44d8a49a026ee40f8b9e3b3a2&aid=304142&ucfs=1&arphpl=1&checkin=2025-03-01&checkout=2025-03-08&dest_id=-372490&dest_type=city&group_adults=2&req_adults=2&no_rooms=1&group_children=0&req_children=0&hpos=9&hapos=265&sr_order=popularity&srpvid=af307f62bb9d0534&srepoch=1738174051&all_sr_blocks=1122052301_384972313_5_0_0&highlighted_blocks=1122052301_384972313_5_0_0&matching_block_id=1122052301_384972313_5_0_0&sr_pri_blocks=1122052301_384972313_5_0_0__612672&from=searchresults
Sarriá - Sant Gervasi,"Sarrià-St. Gervasi, Barcelona",https://www.booking.com/hotel/es/sarria-sant-gervasi.html?label=gen173nr-1BCAEoggI46AdSAnVzWARoRogBAZgBMbgBGcgBD9gBAegBAYgCAagCA7gC-NjpvAbAAgHSAiQ4ZGVlZWVhMi1mOTI5LTRmOWQtOTk0OC0xMzU5MWFkYWNlODjYAgXgAgE&sid=f990c8e44d8a49a026ee40f8b9e3b3a2&aid=304142&ucfs=1&arphpl=1&checkin=2025-03-01&checkout=2025-03-08&dest_id=-372490&dest_type=city&group_adults=2&req_adults=2&no_rooms=1&group_children=0&req_children=0&hpos=10&hapos=266&sr_order=popularity&srpvid=af307f62bb9d0534&srepoch=1738174051&all_sr_blocks=197393101_93884996_2_0_0_634498&highlighted_blocks=197393101_93884996_2_0_0_634498&matching_block_id=197393101_93884996_2_0_0_634498&sr_pri_blocks=197393101_93884996_2_0_0_634498_1487072&from=searchresults
Cosmo Suite Penthouse,"Sants-Montjuïc, Barcelona",https://www.booking.com/hotel/es/cosmo-suite-penthouse.html?label=gen173nr-1BCAEoggI46AdSAnVzWARoRogBAZgBMbgBGcgBD9gBAegBAYgCAagCA7gC-NjpvAbAAgHSAiQ4ZGVlZWVhMi1mOTI5LTRmOWQtOTk0OC0xMzU5MWFkYWNlODjYAgXgAgE&sid=f990c8e44d8a49a026ee40f8b9e3b3a2&aid=304142&ucfs=1&arphpl=1&checkin=2025-03-01&checkout=2025-03-08&dest_id=-372490&dest_type=city&group_adults=2&req_adults=2&no_rooms=1&group_children=0&req_children=0&hpos=11&hapos=267&sr_order=popularity&srpvid=af307f62bb9d0534&srepoch=1738174051&all_sr_blocks=378975901_120673721_6_0_0_694958&highlighted_blocks=378975901_120673721_6_0_0_694958&matching_block_id=378975901_120673721_6_0_0_694958&sr_pri_blocks=378975901_120673721_6_0_0_694958_3141632&from=searchresults
ArtlifeBCN Urban Oasis Apartment,"Sants-Montjuïc, Barcelona",https://www.booking.com/hotel/es/holiday-home-artlifebcn.html?label=gen173nr-1BCAEoggI46AdSAnVzWARoRogBAZgBMbgBGcgBD9gBAegBAYgCAagCA7gC-NjpvAbAAgHSAiQ4ZGVlZWVhMi1mOTI5LTRmOWQtOTk0OC0xMzU5MWFkYWNlODjYAgXgAgE&sid=f990c8e44d8a49a026ee40f8b9e3b3a2&aid=304142&ucfs=1&arphpl=1&checkin=2025-03-01&checkout=2025-03-08&dest_id=-372490&dest_type=city&group_adults=2&req_adults=2&no_rooms=1&group_children=0&req_children=0&hpos=12&hapos=268&sr_order=popularity&srpvid=af307f62bb9d0534&srepoch=1738174051&all_sr_blocks=115046904_88509047_2_0_0_681145&highlighted_blocks=115046904_88509047_2_0_0_681145&matching_block_id=115046904_88509047_2_0_0_681145&sr_pri_blocks=115046904_88509047_2_0_0_681145_911927&from=searchresults
Bailen Apartments by Central,"Eixample, Barcelona",https://www.booking.com/hotel/es/bailen-apartments-by-central-barcelona.html?label=gen173nr-1BCAEoggI46AdSAnVzWARoRogBAZgBMbgBGcgBD9gBAegBAYgCAagCA7gC-NjpvAbAAgHSAiQ4ZGVlZWVhMi1mOTI5LTRmOWQtOTk0OC0xMzU5MWFkYWNlODjYAgXgAgE&sid=f990c8e44d8a49a026ee40f8b9e3b3a2&aid=304142&ucfs=1&arphpl=1&checkin=2025-03-01&checkout=2025-03-08&dest_id=-372490&dest_type=city&group_adults=2&req_adults=2&no_rooms=1&group_children=0&req_children=0&hpos=13&hapos=269&sr_order=popularity&srpvid=af307f62bb9d0534&srepoch=1738174051&all_sr_blocks=1273697602_400182663_2_0_0&highlighted_blocks=1273697602_400182663_2_0_0&matching_block_id=1273697602_400182663_2_0_0&sr_pri_blocks=1273697602_400182663_2_0_0__187130&from=searchresults
Brummell Apartments Eixample Izquierda/Valeris,"Eixample, Barcelona",https://www.booking.com/hotel/es/brummell-apartments-eixample-izquierda-47-valeries.html?label=gen173nr-1BCAEoggI46AdSAnVzWARoRogBAZgBMbgBGcgBD9gBAegBAYgCAagCA7gC-NjpvAbAAgHSAiQ4ZGVlZWVhMi1mOTI5LTRmOWQtOTk0OC0xMzU5MWFkYWNlODjYAgXgAgE&sid=f990c8e44d8a49a026ee40f8b9e3b3a2&aid=304142&ucfs=1&arphpl=1&checkin=2025-03-01&checkout=2025-03-08&dest_id=-372490&dest_type=city&group_adults=2&req_adults=2&no_rooms=1&group_children=0&req_children=0&hpos=14&hapos=270&sr_order=popularity&srpvid=af307f62bb9d0534&srepoch=1738174051&all_sr_blocks=551700702_339827535_2_0_0&highlighted_blocks=551700702_339827535_2_0_0&matching_block_id=551700702_339827535_2_0_0&sr_pri_blocks=551700702_339827535_2_0_0__241632&from=searchresults
Hotel Glòries,"Eixample, Barcelona",https://www.booking.com/hotel/es/glories.html?label=gen173nr-1BCAEoggI46AdSAnVzWARoRogBAZgBMbgBGcgBD9gBAegBAYgCAagCA7gC-NjpvAbAAgHSAiQ4ZGVlZWVhMi1mOTI5LTRmOWQtOTk0OC0xMzU5MWFkYWNlODjYAgXgAgE&sid=f990c8e44d8a49a026ee40f8b9e3b3a2&aid=304142&ucfs=1&arphpl=1&checkin=2025-03-01&checkout=2025-03-08&dest_id=-372490&dest_type=city&group_adults=2&req_adults=2&no_rooms=1&group_children=0&req_children=0&hpos=15&hapos=271&sr_order=popularity&srpvid=af307f62bb9d0534&srepoch=1738174051&all_sr_blocks=9144304_0_2_0_0&highlighted_blocks=9144304_0_2_0_0&matching_block_id=9144304_0_2_0_0&sr_pri_blocks=9144304_0_2_0_0__189480&from=searchresults
Praktik Bakery,"Eixample, Barcelona",https://www.booking.com/hotel/es/praktik-bakery.html?label=gen173nr-1BCAEoggI46AdSAnVzWARoRogBAZgBMbgBGcgBD9gBAegBAYgCAagCA7gC-NjpvAbAAgHSAiQ4ZGVlZWVhMi1mOTI5LTRmOWQtOTk0OC0xMzU5MWFkYWNlODjYAgXgAgE&sid=f990c8e44d8a49a026ee40f8b9e3b3a2&aid=304142&ucfs=1&arphpl=1&checkin=2025-03-01&checkout=2025-03-08&dest_id=-372490&dest_type=city&group_adults=2&req_adults=2&no_rooms=1&group_children=0&req_children=0&hpos=16&hapos=272&sr_order=popularity&srpvid=af307f62bb9d0534&srepoch=1738174051&all_sr_blocks=80778104_360577982_0_2_0&highlighted_blocks=80778104_360577982_0_2_0&matching_block_id=80778104_360577982_0_2_0&sr_pri_blocks=80778104_360577982_0_2_0__280200&from_sustainable_property_sr=1&from=searchresults
El Palauet Royal Suites,"Gràcia, Barcelona",https://www.booking.com/hotel/es/el-palauet-living-barcelona.html?label=gen173nr-1BCAEoggI46AdSAnVzWARoRogBAZgBMbgBGcgBD9gBAegBAYgCAagCA7gC-NjpvAbAAgHSAiQ4ZGVlZWVhMi1mOTI5LTRmOWQtOTk0OC0xMzU5MWFkYWNlODjYAgXgAgE&sid=f990c8e44d8a49a026ee40f8b9e3b3a2&aid=304142&ucfs=1&arphpl=1&checkin=2025-03-01&checkout=2025-03-08&dest_id=-372490&dest_type=city&group_adults=2&req_adults=2&no_rooms=1&group_children=0&req_children=0&hpos=17&hapos=273&sr_order=popularity&srpvid=af307f62bb9d0534&srepoch=1738174051&all_sr_blocks=35290305_89012479_4_2_0_264474&highlighted_blocks=35290305_89012479_4_2_0_264474&matching_block_id=35290305_89012479_4_2_0_264474&sr_pri_blocks=35290305_89012479_4_2_0_264474_1062750&from=searchresults
Bonavista Apartments - Virreina,"Gràcia, Barcelona",https://www.booking.com/hotel/es/bonavista-apartments-barcelona-virreina.html?label=gen173nr-1BCAEoggI46AdSAnVzWARoRogBAZgBMbgBGcgBD9gBAegBAYgCAagCA7gC-NjpvAbAAgHSAiQ4ZGVlZWVhMi1mOTI5LTRmOWQtOTk0OC0xMzU5MWFkYWNlODjYAgXgAgE&sid=f990c8e44d8a49a026ee40f8b9e3b3a2&aid=304142&ucfs=1&arphpl=1&checkin=2025-03-01&checkout=2025-03-08&dest_id=-372490&dest_type=city&group_adults=2&req_adults=2&no_rooms=1&group_children=0&req_children=0&hpos=18&hapos=274&sr_order=popularity&srpvid=af307f62bb9d0534&srepoch=1738174051&all_sr_blocks=32167403_364394898_4_0_0&highlighted_blocks=32167403_364394898_4_0_0&matching_block_id=32167403_364394898_4_0_0&sr_pri_blocks=32167403_364394898_4_0_0__231067&from=searchresults
Praktik Garden,"Eixample, Barcelona",https://www.booking.com/hotel/es/the-praktik.html?label=gen173nr-1BCAEoggI46AdSAnVzWARoRogBAZgBMbgBGcgBD9gBAegBAYgCAagCA7gC-NjpvAbAAgHSAiQ4ZGVlZWVhMi1mOTI5LTRmOWQtOTk0OC0xMzU5MWFkYWNlODjYAgXgAgE&sid=f990c8e44d8a49a026ee40f8b9e3b3a2&aid=304142&ucfs=1&arphpl=1&checkin=2025-03-01&checkout=2025-03-08&dest_id=-372490&dest_type=city&group_adults=2&req_adults=2&no_rooms=1&group_children=0&req_children=0&hpos=19&hapos=275&sr_order=popularity&srpvid=af307f62bb9d0534&srepoch=1738174051&all_sr_blocks=9450116_360578002_0_0_0&highlighted_blocks=9450116_360578002_0_0_0&matching_block_id=9450116_360578002_0_0_0&sr_pri_blocks=9450116_360578002_0_0_0__252100&from_sustainable_property_sr=1&from=searchresults
The Loft House - Barcelona La Pedrera,"Eixample, Barcelona",https://www.booking.com/hotel/es/la-flor-de-gaudi-hostel-la-pedrera.html?label=gen173nr-1BCAEoggI46AdSAnVzWARoRogBAZgBMbgBGcgBD9gBAegBAYgCAagCA7gC-NjpvAbAAgHSAiQ4ZGVlZWVhMi1mOTI5LTRmOWQtOTk0OC0xMzU5MWFkYWNlODjYAgXgAgE&sid=f990c8e44d8a49a026ee40f8b9e3b3a2&aid=304142&ucfs=1&arphpl=1&checkin=2025-03-01&checkout=2025-03-08&dest_id=-372490&dest_type=city&group_adults=2&req_adults=2&no_rooms=1&group_children=0&req_children=0&hpos=20&hapos=276&sr_order=popularity&srpvid=af307f62bb9d0534&srepoch=1738174051&all_sr_blocks=88652227_341437948_6_2_0&highlighted_blocks=88652227_341437948_6_2_0&matching_block_id=88652227_341437948_6_2_0&sr_pri_blocks=88652227_341437948_6_2_0__178278&from_sustainable_property_sr=1&from=searchresults
Barcelona4Seasons - Sagrada Familia,"Eixample, Barcelona",https://www.booking.com/hotel/es/barcelona4seasons.html?label=gen173nr-1BCAEoggI46AdSAnVzWARoRogBAZgBMbgBGcgBD9gBAegBAYgCAagCA7gC-NjpvAbAAgHSAiQ4ZGVlZWVhMi1mOTI5LTRmOWQtOTk0OC0xMzU5MWFkYWNlODjYAgXgAgE&sid=f990c8e44d8a49a026ee40f8b9e3b3a2&aid=304142&ucfs=1&arphpl=1&checkin=2025-03-01&checkout=2025-03-08&dest_id=-372490&dest_type=city&group_adults=2&req_adults=2&no_rooms=1&group_children=0&req_children=0&hpos=21&hapos=277&sr_order=popularity&srpvid=af307f62bb9d0534&srepoch=1738174051&all_sr_blocks=9475619_363243386_2_0_0_476183&highlighted_blocks=9475619_363243386_2_0_0_476183&matching_block_id=9475619_363243386_2_0_0_476183&sr_pri_blocks=9475619_363243386_2_0_0_476183_275932&from=searchresults
Modern Apartments Center Exiample,"Eixample, Barcelona",https://www.booking.com/hotel/es/bright-sunny-apartment-in-central-exiample.html?label=gen173nr-1BCAEoggI46AdSAnVzWARoRogBAZgBMbgBGcgBD9gBAegBAYgCAagCA7gC-NjpvAbAAgHSAiQ4ZGVlZWVhMi1mOTI5LTRmOWQtOTk0OC0xMzU5MWFkYWNlODjYAgXgAgE&sid=f990c8e44d8a49a026ee40f8b9e3b3a2&aid=304142&ucfs=1&arphpl=1&checkin=2025-03-01&checkout=2025-03-08&dest_id=-372490&dest_type=city&group_adults=2&req_adults=2&no_rooms=1&group_children=0&req_children=0&hpos=22&hapos=278&sr_order=popularity&srpvid=af307f62bb9d0534&srepoch=1738174051&all_sr_blocks=1168487302_389490517_2_0_0&highlighted_blocks=1168487302_389490517_2_0_0&matching_block_id=1168487302_389490517_2_0_0&sr_pri_blocks=1168487302_389490517_2_0_0__205157&from=searchresults
ApartEasy - Turo Park with lovely balcony,"Sarrià-St. Gervasi, Barcelona",https://www.booking.com/hotel/es/turo-park-lovely-apartment-with-balcony.html?label=gen173nr-1BCAEoggI46AdSAnVzWARoRogBAZgBMbgBGcgBD9gBAegBAYgCAagCA7gC-NjpvAbAAgHSAiQ4ZGVlZWVhMi1mOTI5LTRmOWQtOTk0OC0xMzU5MWFkYWNlODjYAgXgAgE&sid=f990c8e44d8a49a026ee40f8b9e3b3a2&aid=304142&ucfs=1&arphpl=1&checkin=2025-03-01&checkout=2025-03-08&dest_id=-372490&dest_type=city&group_adults=2&req_adults=2&no_rooms=1&group_children=0&req_children=0&hpos=23&hapos=279&sr_order=popularity&srpvid=af307f62bb9d0534&srepoch=1738174051&all_sr_blocks=848699602_370255582_4_0_0&highlighted_blocks=848699602_370255582_4_0_0&matching_block_id=848699602_370255582_4_0_0&sr_pri_blocks=848699602_370255582_4_0_0__192274&from=searchresults
Family apartment Plaza España,"Eixample, Barcelona",https://www.booking.com/hotel/es/family-apartment-plaza-espana.html?label=gen173nr-1BCAEoggI46AdSAnVzWARoRogBAZgBMbgBGcgBD9gBAegBAYgCAagCA7gC-NjpvAbAAgHSAiQ4ZGVlZWVhMi1mOTI5LTRmOWQtOTk0OC0xMzU5MWFkYWNlODjYAgXgAgE&sid=f990c8e44d8a49a026ee40f8b9e3b3a2&aid=304142&ucfs=1&arphpl=1&checkin=2025-03-01&checkout=2025-03-08&dest_id=-372490&dest_type=city&group_adults=2&req_adults=2&no_rooms=1&group_children=0&req_children=0&hpos=24&hapos=280&sr_order=popularity&srpvid=af307f62bb9d0534&srepoch=1738174051&all_sr_blocks=1169256501_389494211_2_0_0&highlighted_blocks=1169256501_389494211_2_0_0&matching_block_id=1169256501_389494211_2_0_0&sr_pri_blocks=1169256501_389494211_2_0_0__245382&from=searchresults
Catalonia Park Putxet,"Sarrià-St. Gervasi, Barcelona",https://www.booking.com/hotel/es/cataloniaparkputxet.html?label=gen173nr-1BCAEoggI46AdSAnVzWARoRogBAZgBMbgBGcgBD9gBAegBAYgCAagCA7gC-NjpvAbAAgHSAiQ4ZGVlZWVhMi1mOTI5LTRmOWQtOTk0OC0xMzU5MWFkYWNlODjYAgXgAgE&sid=f990c8e44d8a49a026ee40f8b9e3b3a2&aid=304142&ucfs=1&arphpl=1&checkin=2025-03-01&checkout=2025-03-08&dest_id=-372490&dest_type=city&group_adults=2&req_adults=2&no_rooms=1&group_children=0&req_children=0&hpos=25&hapos=281&sr_order=popularity&srpvid=af307f62bb9d0534&srepoch=1738174051&all_sr_blocks=9059209_88181958_0_2_0&highlighted_blocks=9059209_88181958_0_2_0&matching_block_id=9059209_88181958_0_2_0&sr_pri_blocks=9059209_88181958_0_2_0__164778&from_sustainable_property_sr=1&from=searchresults
Avenida Gaudi Barcelona,"Eixample, Barcelona",https://www.booking.com/hotel/es/avenida-gaudi-barcelona-barcelona.html?label=gen173nr-1BCAEoggI46AdSAnVzWARoRogBAZgBMbgBGcgBD9gBAegBAYgCAagCA7gC-NjpvAbAAgHSAiQ4ZGVlZWVhMi1mOTI5LTRmOWQtOTk0OC0xMzU5MWFkYWNlODjYAgXgAgE&sid=f990c8e44d8a49a026ee40f8b9e3b3a2&aid=304142&ucfs=1&arphpl=1&checkin=2025-03-01&checkout=2025-03-08&dest_id=-372490&dest_type=city&group_adults=2&req_adults=2&no_rooms=1&group_children=0&req_children=0&hpos=1&hapos=282&sr_order=popularity&srpvid=af307f62bb9d0534&srepoch=1738174053&all_sr_blocks=1017743602_374337746_0_0_0&highlighted_blocks=1017743602_374337746_0_0_0&matching_block_id=1017743602_374337746_0_0_0&sr_pri_blocks=1017743602_374337746_0_0_0__305087&from=searchresults
Tembo Barcelona,Barcelona,https://www.booking.com/hotel/es/tembo-barcelona.html?label=gen173nr-1BCAEoggI46AdSAnVzWARoRogBAZgBMbgBGcgBD9gBAegBAYgCAagCA7gC-NjpvAbAAgHSAiQ4ZGVlZWVhMi1mOTI5LTRmOWQtOTk0OC0xMzU5MWFkYWNlODjYAgXgAgE&sid=f990c8e44d8a49a026ee40f8b9e3b3a2&aid=304142&ucfs=1&arphpl=1&checkin=2025-03-01&checkout=2025-03-08&dest_id=-372490&dest_type=city&group_adults=2&req_adults=2&no_rooms=1&group_children=0&req_children=0&hpos=2&hapos=283&sr_order=popularity&srpvid=af307f62bb9d0534&srepoch=1738174053&all_sr_blocks=1094597703_403048137_2_2_0_432379&highlighted_blocks=1094597703_403048137_2_2_0_432379&matching_block_id=1094597703_403048137_2_2_0_432379&sr_pri_blocks=1094597703_403048137_2_2_0_432379_326748&from=searchresults
Loft Miro Apart Barcelona,"Eixample, Barcelona",https://www.booking.com/hotel/es/loft-miro-apart-barcelona.html?label=gen173nr-1BCAEoggI46AdSAnVzWARoRogBAZgBMbgBGcgBD9gBAegBAYgCAagCA7gC-NjpvAbAAgHSAiQ4ZGVlZWVhMi1mOTI5LTRmOWQtOTk0OC0xMzU5MWFkYWNlODjYAgXgAgE&sid=f990c8e44d8a49a026ee40f8b9e3b3a2&aid=304142&ucfs=1&arphpl=1&checkin=2025-03-01&checkout=2025-03-08&dest_id=-372490&dest_type=city&group_adults=2&req_adults=2&no_rooms=1&group_children=0&req_children=0&hpos=3&hapos=284&sr_order=popularity&srpvid=af307f62bb9d0534&srepoch=1738174053&all_sr_blocks=1024539302_375343111_0_0_0&highlighted_blocks=1024539302_375343111_0_0_0&matching_block_id=1024539302_375343111_0_0_0&sr_pri_blocks=1024539302_375343111_0_0_0__329692&from=searchresults
Bonavista Apartments - Passeig de Gracia,"Gràcia, Barcelona",https://www.booking.com/hotel/es/bonavista-apartments-barcelona.html?label=gen173nr-1BCAEoggI46AdSAnVzWARoRogBAZgBMbgBGcgBD9gBAegBAYgCAagCA7gC-NjpvAbAAgHSAiQ4ZGVlZWVhMi1mOTI5LTRmOWQtOTk0OC0xMzU5MWFkYWNlODjYAgXgAgE&sid=f990c8e44d8a49a026ee40f8b9e3b3a2&aid=304142&ucfs=1&arphpl=1&checkin=2025-03-01&checkout=2025-03-08&dest_id=-372490&dest_type=city&group_adults=2&req_adults=2&no_rooms=1&group_children=0&req_children=0&hpos=4&hapos=285&sr_order=popularity&srpvid=af307f62bb9d0534&srepoch=1738174053&all_sr_blocks=1968309_366109967_4_0_0&highlighted_blocks=1968309_366109967_4_0_0&matching_block_id=1968309_366109967_4_0_0&sr_pri_blocks=1968309_366109967_4_0_0__294317&from_sustainable_property_sr=1&from=searchresults
Poble Nou I You Stylish Apartments,"Sant Martí, Barcelona",https://www.booking.com/hotel/es/poble-nou-i-you-stylish-apartments.html?label=gen173nr-1BCAEoggI46AdSAnVzWARoRogBAZgBMbgBGcgBD9gBAegBAYgCAagCA7gC-NjpvAbAAgHSAiQ4ZGVlZWVhMi1mOTI5LTRmOWQtOTk0OC0xMzU5MWFkYWNlODjYAgXgAgE&sid=f990c8e44d8a49a026ee40f8b9e3b3a2&aid=304142&ucfs=1&arphpl=1&checkin=2025-03-01&checkout=2025-03-08&dest_id=-372490&dest_type=city&group_adults=2&req_adults=2&no_rooms=1&group_children=0&req_children=0&hpos=5&hapos=286&sr_order=popularity&srpvid=af307f62bb9d0534&srepoch=1738174053&all_sr_blocks=574581701_379835866_4_0_0&highlighted_blocks=574581701_379835866_4_0_0&matching_block_id=574581701_379835866_4_0_0&sr_pri_blocks=574581701_379835866_4_0_0__344152&from=searchresults
Hostal Alogar,"Sarrià-St. Gervasi, Barcelona",https://www.booking.com/hotel/es/hostal-alogar.html?label=gen173nr-1BCAEoggI46AdSAnVzWARoRogBAZgBMbgBGcgBD9gBAegBAYgCAagCA7gC-NjpvAbAAgHSAiQ4ZGVlZWVhMi1mOTI5LTRmOWQtOTk0OC0xMzU5MWFkYWNlODjYAgXgAgE&sid=f990c8e44d8a49a026ee40f8b9e3b3a2&aid=304142&ucfs=1&arphpl=1&checkin=2025-03-01&checkout=2025-03-08&dest_id=-372490&dest_type=city&group_adults=2&req_adults=2&no_rooms=1&group_children=0&req_children=0&hpos=6&hapos=287&sr_order=popularity&srpvid=af307f62bb9d0534&srepoch=1738174053&all_sr_blocks=9252812_88493256_2_0_0&highlighted_blocks=9252812_88493256_2_0_0&matching_block_id=9252812_88493256_2_0_0&sr_pri_blocks=9252812_88493256_2_0_0__90700&from=searchresults
Villa Olimpica Beach,"Sant Martí, Barcelona",https://www.booking.com/hotel/es/villa-olimpica-beach-barcelona.html?label=gen173nr-1BCAEoggI46AdSAnVzWARoRogBAZgBMbgBGcgBD9gBAegBAYgCAagCA7gC-NjpvAbAAgHSAiQ4ZGVlZWVhMi1mOTI5LTRmOWQtOTk0OC0xMzU5MWFkYWNlODjYAgXgAgE&sid=f990c8e44d8a49a026ee40f8b9e3b3a2&aid=304142&ucfs=1&arphpl=1&checkin=2025-03-01&checkout=2025-03-08&dest_id=-372490&dest_type=city&group_adults=2&req_adults=2&no_rooms=1&group_children=0&req_children=0&hpos=7&hapos=288&sr_order=popularity&srpvid=af307f62bb9d0534&srepoch=1738174053&all_sr_blocks=1041449802_376601634_0_0_0&highlighted_blocks=1041449802_376601634_0_0_0&matching_block_id=1041449802_376601634_0_0_0&sr_pri_blocks=1041449802_376601634_0_0_0__305087&from=searchresults
Hostal Oliva,"Eixample, Barcelona",https://www.booking.com/hotel/es/hostal-oliva-barcelona.html?label=gen173nr-1BCAEoggI46AdSAnVzWARoRogBAZgBMbgBGcgBD9gBAegBAYgCAagCA7gC-NjpvAbAAgHSAiQ4ZGVlZWVhMi1mOTI5LTRmOWQtOTk0OC0xMzU5MWFkYWNlODjYAgXgAgE&sid=f990c8e44d8a49a026ee40f8b9e3b3a2&aid=304142&ucfs=1&arphpl=1&checkin=2025-03-01&checkout=2025-03-08&dest_id=-372490&dest_type=city&group_adults=2&req_adults=2&no_rooms=1&group_children=0&req_children=0&hpos=8&hapos=289&sr_order=popularity&srpvid=af307f62bb9d0534&srepoch=1738174053&all_sr_blocks=167292307_397931074_0_0_0&highlighted_blocks=167292307_397931074_0_0_0&matching_block_id=167292307_397931074_0_0_0&sr_pri_blocks=167292307_397931074_0_0_0__215000&from=searchresults
Cozy Apartment II - Les Corts,"Les Corts, Barcelona",https://www.booking.com/hotel/es/cozy-apartment-ii-les-corts.html?label=gen173nr-1BCAEoggI46AdSAnVzWARoRogBAZgBMbgBGcgBD9gBAegBAYgCAagCA7gC-NjpvAbAAgHSAiQ4ZGVlZWVhMi1mOTI5LTRmOWQtOTk0OC0xMzU5MWFkYWNlODjYAgXgAgE&sid=f990c8e44d8a49a026ee40f8b9e3b3a2&aid=304142&ucfs=1&arphpl=1&checkin=2025-03-01&checkout=2025-03-08&dest_id=-372490&dest_type=city&group_adults=2&req_adults=2&no_rooms=1&group_children=0&req_children=0&hpos=9&hapos=290&sr_order=popularity&srpvid=af307f62bb9d0534&srepoch=1738174053&all_sr_blocks=1236922501_395914448_2_0_0&highlighted_blocks=1236922501_395914448_2_0_0&matching_block_id=1236922501_395914448_2_0_0&sr_pri_blocks=1236922501_395914448_2_0_0__284132&from=searchresults
Soho Apartments & Studios Ramblas,"Ciutat Vella, Barcelona",https://www.booking.com/hotel/es/staycenter-apartments-test.html?label=gen173nr-1BCAEoggI46AdSAnVzWARoRogBAZgBMbgBGcgBD9gBAegBAYgCAagCA7gC-NjpvAbAAgHSAiQ4ZGVlZWVhMi1mOTI5LTRmOWQtOTk0OC0xMzU5MWFkYWNlODjYAgXgAgE&sid=f990c8e44d8a49a026ee40f8b9e3b3a2&aid=304142&ucfs=1&arphpl=1&checkin=2025-03-01&checkout=2025-03-08&dest_id=-372490&dest_type=city&group_adults=2&req_adults=2&no_rooms=1&group_children=0&req_children=0&hpos=10&hapos=291&sr_order=popularity&srpvid=af307f62bb9d0534&srepoch=1738174053&all_sr_blocks=1133779106_386032092_2_0_0&highlighted_blocks=1133779106_386032092_2_0_0&matching_block_id=1133779106_386032092_2_0_0&sr_pri_blocks=1133779106_386032092_2_0_0__197557&from=searchresults
Apartamentos Calvet,"Sarrià-St. Gervasi, Barcelona",https://www.booking.com/hotel/es/apartamentos-calvet-17.html?label=gen173nr-1BCAEoggI46AdSAnVzWARoRogBAZgBMbgBGcgBD9gBAegBAYgCAagCA7gC-NjpvAbAAgHSAiQ4ZGVlZWVhMi1mOTI5LTRmOWQtOTk0OC0xMzU5MWFkYWNlODjYAgXgAgE&sid=f990c8e44d8a49a026ee40f8b9e3b3a2&aid=304142&ucfs=1&arphpl=1&checkin=2025-03-01&checkout=2025-03-08&dest_id=-372490&dest_type=city&group_adults=2&req_adults=2&no_rooms=1&group_children=0&req_children=0&hpos=11&hapos=292&sr_order=popularity&srpvid=af307f62bb9d0534&srepoch=1738174053&all_sr_blocks=74038013_401599916_4_0_0&highlighted_blocks=74038013_401599916_4_0_0&matching_block_id=74038013_401599916_4_0_0&sr_pri_blocks=74038013_401599916_4_0_0__253632&from=searchresults
Bed&BCN Diagonal 1,"Eixample, Barcelona",https://www.booking.com/hotel/es/bed-amp-bcn-diagonal-1.html?label=gen173nr-1BCAEoggI46AdSAnVzWARoRogBAZgBMbgBGcgBD9gBAegBAYgCAagCA7gC-NjpvAbAAgHSAiQ4ZGVlZWVhMi1mOTI5LTRmOWQtOTk0OC0xMzU5MWFkYWNlODjYAgXgAgE&sid=f990c8e44d8a49a026ee40f8b9e3b3a2&aid=304142&ucfs=1&arphpl=1&checkin=2025-03-01&checkout=2025-03-08&dest_id=-372490&dest_type=city&group_adults=2&req_adults=2&no_rooms=1&group_children=0&req_children=0&hpos=12&hapos=293&sr_order=popularity&srpvid=af307f62bb9d0534&srepoch=1738174053&all_sr_blocks=979760801_392344760_4_0_0&highlighted_blocks=979760801_392344760_4_0_0&matching_block_id=979760801_392344760_4_0_0&sr_pri_blocks=979760801_392344760_4_0_0__210401&from=searchresults
Sagrada familia apartment,"Eixample, Barcelona",https://www.booking.com/hotel/es/sagrada-familia-apartment-barcelona1234567.html?label=gen173nr-1BCAEoggI46AdSAnVzWARoRogBAZgBMbgBGcgBD9gBAegBAYgCAagCA7gC-NjpvAbAAgHSAiQ4ZGVlZWVhMi1mOTI5LTRmOWQtOTk0OC0xMzU5MWFkYWNlODjYAgXgAgE&sid=f990c8e44d8a49a026ee40f8b9e3b3a2&aid=304142&ucfs=1&arphpl=1&checkin=2025-03-01&checkout=2025-03-08&dest_id=-372490&dest_type=city&group_adults=2&req_adults=2&no_rooms=1&group_children=0&req_children=0&hpos=13&hapos=294&sr_order=popularity&srpvid=af307f62bb9d0534&srepoch=1738174053&all_sr_blocks=687701802_348386296_6_0_0&highlighted_blocks=687701802_348386296_6_0_0&matching_block_id=687701802_348386296_6_0_0&sr_pri_blocks=687701802_348386296_6_0_0__264522&from=searchresults
Travelodge Barcelona Poblenou,"Sant Martí, Barcelona",https://www.booking.com/hotel/es/travelodge-barcelona-poblenou.html?label=gen173nr-1BCAEoggI46AdSAnVzWARoRogBAZgBMbgBGcgBD9gBAegBAYgCAagCA7gC-NjpvAbAAgHSAiQ4ZGVlZWVhMi1mOTI5LTRmOWQtOTk0OC0xMzU5MWFkYWNlODjYAgXgAgE&sid=f990c8e44d8a49a026ee40f8b9e3b3a2&aid=304142&ucfs=1&arphpl=1&checkin=2025-03-01&checkout=2025-03-08&dest_id=-372490&dest_type=city&group_adults=2&req_adults=2&no_rooms=1&group_children=0&req_children=0&hpos=14&hapos=295&sr_order=popularity&srpvid=af307f62bb9d0534&srepoch=1738174053&all_sr_blocks=44478301_91474839_0_2_0&highlighted_blocks=44478301_91474839_0_2_0&matching_block_id=44478301_91474839_0_2_0&sr_pri_blocks=44478301_91474839_0_2_0__141160&from=searchresults
Autèntic Barcelona Monumental,"Eixample, Barcelona",https://www.booking.com/hotel/es/autentic-barcelona-monumental.html?label=gen173nr-1BCAEoggI46AdSAnVzWARoRogBAZgBMbgBGcgBD9gBAegBAYgCAagCA7gC-NjpvAbAAgHSAiQ4ZGVlZWVhMi1mOTI5LTRmOWQtOTk0OC0xMzU5MWFkYWNlODjYAgXgAgE&sid=f990c8e44d8a49a026ee40f8b9e3b3a2&aid=304142&ucfs=1&arphpl=1&checkin=2025-03-01&checkout=2025-03-08&dest_id=-372490&dest_type=city&group_adults=2&req_adults=2&no_rooms=1&group_children=0&req_children=0&hpos=15&hapos=296&sr_order=popularity&srpvid=af307f62bb9d0534&srepoch=1738174053&all_sr_blocks=112943603_374405399_2_0_0&highlighted_blocks=112943603_374405399_2_0_0&matching_block_id=112943603_374405399_2_0_0&sr_pri_blocks=112943603_374405399_2_0_0__393792&from=searchresults
Hotel Brummell,"Sants-Montjuïc, Barcelona",https://www.booking.com/hotel/es/brummell.html?label=gen173nr-1BCAEoggI46AdSAnVzWARoRogBAZgBMbgBGcgBD9gBAegBAYgCAagCA7gC-NjpvAbAAgHSAiQ4ZGVlZWVhMi1mOTI5LTRmOWQtOTk0OC0xMzU5MWFkYWNlODjYAgXgAgE&sid=f990c8e44d8a49a026ee40f8b9e3b3a2&aid=304142&ucfs=1&arphpl=1&checkin=2025-03-01&checkout=2025-03-08&dest_id=-372490&dest_type=city&group_adults=2&req_adults=2&no_rooms=1&group_children=0&req_children=0&hpos=16&hapos=297&sr_order=popularity&srpvid=af307f62bb9d0534&srepoch=1738174053&all_sr_blocks=130553004_339582459_2_2_0&highlighted_blocks=130553004_339582459_2_2_0&matching_block_id=130553004_339582459_2_2_0&sr_pri_blocks=130553004_339582459_2_2_0__382478&from=searchresults
Bonavista Apartments - Eixample,"Eixample, Barcelona",https://www.booking.com/hotel/es/bonavista-apartments-barcelona-eixample.html?label=gen173nr-1BCAEoggI46AdSAnVzWARoRogBAZgBMbgBGcgBD9gBAegBAYgCAagCA7gC-NjpvAbAAgHSAiQ4ZGVlZWVhMi1mOTI5LTRmOWQtOTk0OC0xMzU5MWFkYWNlODjYAgXgAgE&sid=f990c8e44d8a49a026ee40f8b9e3b3a2&aid=304142&ucfs=1&arphpl=1&checkin=2025-03-01&checkout=2025-03-08&dest_id=-372490&dest_type=city&group_adults=2&req_adults=2&no_rooms=1&group_children=0&req_children=0&hpos=17&hapos=298&sr_order=popularity&srpvid=af307f62bb9d0534&srepoch=1738174053&all_sr_blocks=36005704_364390479_3_0_0&highlighted_blocks=36005704_364390479_3_0_0&matching_block_id=36005704_364390479_3_0_0&sr_pri_blocks=36005704_364390479_3_0_0__238167&from=searchresults
Abba Garden,Barcelona,https://www.booking.com/hotel/es/abbagarden.html?label=gen173nr-1BCAEoggI46AdSAnVzWARoRogBAZgBMbgBGcgBD9gBAegBAYgCAagCA7gC-NjpvAbAAgHSAiQ4ZGVlZWVhMi1mOTI5LTRmOWQtOTk0OC0xMzU5MWFkYWNlODjYAgXgAgE&sid=f990c8e44d8a49a026ee40f8b9e3b3a2&aid=304142&ucfs=1&arphpl=1&checkin=2025-03-01&checkout=2025-03-08&dest_id=-372490&dest_type=city&group_adults=2&req_adults=2&no_rooms=1&group_children=0&req_children=0&hpos=18&hapos=299&sr_order=popularity&srpvid=af307f62bb9d0534&srepoch=1738174053&all_sr_blocks=9049302_0_2_0_0&highlighted_blocks=9049302_0_2_0_0&matching_block_id=9049302_0_2_0_0&sr_pri_blocks=9049302_0_2_0_0__165496&from_sustainable_property_sr=1&from=searchresults
Family apartment Plaza España 2,"Eixample, Barcelona",https://www.booking.com/hotel/es/family-apartment-plaza-espana-2.html?label=gen173nr-1BCAEoggI46AdSAnVzWARoRogBAZgBMbgBGcgBD9gBAegBAYgCAagCA7gC-NjpvAbAAgHSAiQ4ZGVlZWVhMi1mOTI5LTRmOWQtOTk0OC0xMzU5MWFkYWNlODjYAgXgAgE&sid=f990c8e44d8a49a026ee40f8b9e3b3a2&aid=304142&ucfs=1&arphpl=1&checkin=2025-03-01&checkout=2025-03-08&dest_id=-372490&dest_type=city&group_adults=2&req_adults=2&no_rooms=1&group_children=0&req_children=0&hpos=19&hapos=300&sr_order=popularity&srpvid=af307f62bb9d0534&srepoch=1738174053&all_sr_blocks=1169271901_389495319_2_0_0&highlighted_blocks=1169271901_389495319_2_0_0&matching_block_id=1169271901_389495319_2_0_0&sr_pri_blocks=1169271901_389495319_2_0_0__248707&from=searchresults
ApartEasy - Modernist flat in Eixample center,"Eixample, Barcelona",https://www.booking.com/hotel/es/aparteasy-modernist-flat-in-eixample-center.html?label=gen173nr-1BCAEoggI46AdSAnVzWARoRogBAZgBMbgBGcgBD9gBAegBAYgCAagCA7gC-NjpvAbAAgHSAiQ4ZGVlZWVhMi1mOTI5LTRmOWQtOTk0OC0xMzU5MWFkYWNlODjYAgXgAgE&sid=f990c8e44d8a49a026ee40f8b9e3b3a2&aid=304142&ucfs=1&arphpl=1&checkin=2025-03-01&checkout=2025-03-08&dest_id=-372490&dest_type=city&group_adults=2&req_adults=2&no_rooms=1&group_children=0&req_children=0&hpos=20&hapos=301&sr_order=popularity&srpvid=af307f62bb9d0534&srepoch=1738174053&all_sr_blocks=1005419502_373819018_5_0_0&highlighted_blocks=1005419502_373819018_5_0_0&matching_block_id=1005419502_373819018_5_0_0&sr_pri_blocks=1005419502_373819018_5_0_0__313790&from=searchresults
Hotel SB Icaria,"Sant Martí, Barcelona",https://www.booking.com/hotel/es/sbicaria.html?label=gen173nr-1BCAEoggI46AdSAnVzWARoRogBAZgBMbgBGcgBD9gBAegBAYgCAagCA7gC-NjpvAbAAgHSAiQ4ZGVlZWVhMi1mOTI5LTRmOWQtOTk0OC0xMzU5MWFkYWNlODjYAgXgAgE&sid=f990c8e44d8a49a026ee40f8b9e3b3a2&aid=304142&ucfs=1&arphpl=1&checkin=2025-03-01&checkout=2025-03-08&dest_id=-372490&dest_type=city&group_adults=2&req_adults=2&no_rooms=1&group_children=0&req_children=0&hpos=21&hapos=302&sr_order=popularity&srpvid=af307f62bb9d0534&srepoch=1738174053&all_sr_blocks=9127122_91462890_0_42_0&highlighted_blocks=9127122_91462890_0_42_0&matching_block_id=9127122_91462890_0_42_0&sr_pri_blocks=9127122_91462890_0_42_0__170508&from=searchresults
1201 - Encantador Apartamento en Poble Nou,"Sant Martí, Barcelona",https://www.booking.com/hotel/es/1201-encantador-apartamento-en-poble-nou.html?label=gen173nr-1BCAEoggI46AdSAnVzWARoRogBAZgBMbgBGcgBD9gBAegBAYgCAagCA7gC-NjpvAbAAgHSAiQ4ZGVlZWVhMi1mOTI5LTRmOWQtOTk0OC0xMzU5MWFkYWNlODjYAgXgAgE&sid=f990c8e44d8a49a026ee40f8b9e3b3a2&aid=304142&ucfs=1&arphpl=1&checkin=2025-03-01&checkout=2025-03-08&dest_id=-372490&dest_type=city&group_adults=2&req_adults=2&no_rooms=1&group_children=0&req_children=0&hpos=22&hapos=303&sr_order=popularity&srpvid=af307f62bb9d0534&srepoch=1738174053&all_sr_blocks=1140796601_407330306_4_0_0_611616&highlighted_blocks=1140796601_407330306_4_0_0_611616&matching_block_id=1140796601_407330306_4_0_0_611616&sr_pri_blocks=1140796601_407330306_4_0_0_611616_258704&from=searchresults
Stay U-nique Apartments Est,"Ciutat Vella, Barcelona",https://www.booking.com/hotel/es/cozy-apartment-in-central-bcn.html?label=gen173nr-1BCAEoggI46AdSAnVzWARoRogBAZgBMbgBGcgBD9gBAegBAYgCAagCA7gC-NjpvAbAAgHSAiQ4ZGVlZWVhMi1mOTI5LTRmOWQtOTk0OC0xMzU5MWFkYWNlODjYAgXgAgE&sid=f990c8e44d8a49a026ee40f8b9e3b3a2&aid=304142&ucfs=1&arphpl=1&checkin=2025-03-01&checkout=2025-03-08&dest_id=-372490&dest_type=city&group_adults=2&req_adults=2&no_rooms=1&group_children=0&req_children=0&hpos=23&hapos=304&sr_order=popularity&srpvid=af307f62bb9d0534&srepoch=1738174053&all_sr_blocks=874733309_356755164_0_0_0&highlighted_blocks=874733309_356755164_0_0_0&matching_block_id=874733309_356755164_0_0_0&sr_pri_blocks=874733309_356755164_0_0_0__180707&from=searchresults
AB Gran de Gràcia,"Gràcia, Barcelona",https://www.booking.com/hotel/es/sant-domenec.html?label=gen173nr-1BCAEoggI46AdSAnVzWARoRogBAZgBMbgBGcgBD9gBAegBAYgCAagCA7gC-NjpvAbAAgHSAiQ4ZGVlZWVhMi1mOTI5LTRmOWQtOTk0OC0xMzU5MWFkYWNlODjYAgXgAgE&sid=f990c8e44d8a49a026ee40f8b9e3b3a2&aid=304142&ucfs=1&arphpl=1&checkin=2025-03-01&checkout=2025-03-08&dest_id=-372490&dest_type=city&group_adults=2&req_adults=2&no_rooms=1&group_children=0&req_children=0&hpos=24&hapos=305&sr_order=popularity&srpvid=af307f62bb9d0534&srepoch=1738174053&all_sr_blocks=722838101_375615381_2_0_0&highlighted_blocks=722838101_375615381_2_0_0&matching_block_id=722838101_375615381_2_0_0&sr_pri_blocks=722838101_375615381_2_0_0__296412&from=searchresults
Gran Via Terrace Barcelona,"Eixample, Barcelona",https://www.booking.com/hotel/es/gran-via-terrace-barcelona.html?label=gen173nr-1BCAEoggI46AdSAnVzWARoRogBAZgBMbgBGcgBD9gBAegBAYgCAagCA7gC-NjpvAbAAgHSAiQ4ZGVlZWVhMi1mOTI5LTRmOWQtOTk0OC0xMzU5MWFkYWNlODjYAgXgAgE&sid=f990c8e44d8a49a026ee40f8b9e3b3a2&aid=304142&ucfs=1&arphpl=1&checkin=2025-03-01&checkout=2025-03-08&dest_id=-372490&dest_type=city&group_adults=2&req_adults=2&no_rooms=1&group_children=0&req_children=0&hpos=25&hapos=306&sr_order=popularity&srpvid=af307f62bb9d0534&srepoch=1738174053&all_sr_blocks=1024536902_375343078_0_0_0&highlighted_blocks=1024536902_375343078_0_0_0&matching_block_id=1024536902_375343078_0_0_0&sr_pri_blocks=1024536902_375343078_0_0_0__280482&from=searchresults
Sweett - Miro Park,"Eixample, Barcelona",https://www.booking.com/hotel/es/sweet-inn-apartments-miropark.html?label=gen173nr-1BCAEoggI46AdSAnVzWARoRogBAZgBMbgBGcgBD9gBAegBAYgCAagCA7gC-NjpvAbAAgHSAiQ4ZGVlZWVhMi1mOTI5LTRmOWQtOTk0OC0xMzU5MWFkYWNlODjYAgXgAgE&sid=f990c8e44d8a49a026ee40f8b9e3b3a2&aid=304142&ucfs=1&arphpl=1&checkin=2025-03-01&checkout=2025-03-08&dest_id=-372490&dest_type=city&group_adults=2&req_adults=2&no_rooms=1&group_children=0&req_children=0&hpos=1&hapos=307&sr_order=popularity&srpvid=af307f62bb9d0534&srepoch=1738174056&all_sr_blocks=257699501_376234171_2_0_0&highlighted_blocks=257699501_376234171_2_0_0&matching_block_id=257699501_376234171_2_0_0&sr_pri_blocks=257699501_376234171_2_0_0__216450&from=searchresults
Palau de la música 8,"Ciutat Vella, Barcelona",https://www.booking.com/hotel/es/palau-de-la-musica-8.html?label=gen173nr-1BCAEoggI46AdSAnVzWARoRogBAZgBMbgBGcgBD9gBAegBAYgCAagCA7gC-NjpvAbAAgHSAiQ4ZGVlZWVhMi1mOTI5LTRmOWQtOTk0OC0xMzU5MWFkYWNlODjYAgXgAgE&sid=f990c8e44d8a49a026ee40f8b9e3b3a2&aid=304142&ucfs=1&arphpl=1&checkin=2025-03-01&checkout=2025-03-08&dest_id=-372490&dest_type=city&group_adults=2&req_adults=2&no_rooms=1&group_children=0&req_children=0&hpos=2&hapos=308&sr_order=popularity&srpvid=af307f62bb9d0534&srepoch=1738174056&all_sr_blocks=1244597501_396572631_2_0_0&highlighted_blocks=1244597501_396572631_2_0_0&matching_block_id=1244597501_396572631_2_0_0&sr_pri_blocks=1244597501_396572631_2_0_0__199457&from=searchresults
Tres Torres Atiram Hotels,"Sarrià-St. Gervasi, Barcelona",https://www.booking.com/hotel/es/atiramtrestorres.html?label=gen173nr-1BCAEoggI46AdSAnVzWARoRogBAZgBMbgBGcgBD9gBAegBAYgCAagCA7gC-NjpvAbAAgHSAiQ4ZGVlZWVhMi1mOTI5LTRmOWQtOTk0OC0xMzU5MWFkYWNlODjYAgXgAgE&sid=f990c8e44d8a49a026ee40f8b9e3b3a2&aid=304142&ucfs=1&arphpl=1&checkin=2025-03-01&checkout=2025-03-08&dest_id=-372490&dest_type=city&group_adults=2&req_adults=2&no_rooms=1&group_children=0&req_children=0&hpos=3&hapos=309&sr_order=popularity&srpvid=af307f62bb9d0534&srepoch=1738174056&all_sr_blocks=9033902_88181587_0_2_0_672067&highlighted_blocks=9033902_88181587_0_2_0_672067&matching_block_id=9033902_88181587_0_2_0_672067&sr_pri_blocks=9033902_88181587_0_2_0_672067_173000&from=searchresults
Praktik Vinoteca,"Eixample, Barcelona",https://www.booking.com/hotel/es/praktik-vinoteca.html?label=gen173nr-1BCAEoggI46AdSAnVzWARoRogBAZgBMbgBGcgBD9gBAegBAYgCAagCA7gC-NjpvAbAAgHSAiQ4ZGVlZWVhMi1mOTI5LTRmOWQtOTk0OC0xMzU5MWFkYWNlODjYAgXgAgE&sid=f990c8e44d8a49a026ee40f8b9e3b3a2&aid=304142&ucfs=1&arphpl=1&checkin=2025-03-01&checkout=2025-03-08&dest_id=-372490&dest_type=city&group_adults=2&req_adults=2&no_rooms=1&group_children=0&req_children=0&hpos=4&hapos=310&sr_order=popularity&srpvid=af307f62bb9d0534&srepoch=1738174056&all_sr_blocks=111539501_360578037_0_2_0&highlighted_blocks=111539501_360578037_0_2_0&matching_block_id=111539501_360578037_0_2_0&sr_pri_blocks=111539501_360578037_0_2_0__302200&from_sustainable_property_sr=1&from=searchresults
Apartment Link BCN Sagrada Familia,"Eixample, Barcelona",https://www.booking.com/hotel/es/apartment-link-bcn.html?label=gen173nr-1BCAEoggI46AdSAnVzWARoRogBAZgBMbgBGcgBD9gBAegBAYgCAagCA7gC-NjpvAbAAgHSAiQ4ZGVlZWVhMi1mOTI5LTRmOWQtOTk0OC0xMzU5MWFkYWNlODjYAgXgAgE&sid=f990c8e44d8a49a026ee40f8b9e3b3a2&aid=304142&ucfs=1&arphpl=1&checkin=2025-03-01&checkout=2025-03-08&dest_id=-372490&dest_type=city&group_adults=2&req_adults=2&no_rooms=1&group_children=0&req_children=0&hpos=5&hapos=311&sr_order=popularity&srpvid=af307f62bb9d0534&srepoch=1738174056&all_sr_blocks=156874201_369771594_5_0_0&highlighted_blocks=156874201_369771594_5_0_0&matching_block_id=156874201_369771594_5_0_0&sr_pri_blocks=156874201_369771594_5_0_0__276702&from=searchresults
Alos Apartments Paseo de Gracia-Diagonal,"Gràcia, Barcelona",https://www.booking.com/hotel/es/alos-gestion-inmobiliaria-sl.html?label=gen173nr-1BCAEoggI46AdSAnVzWARoRogBAZgBMbgBGcgBD9gBAegBAYgCAagCA7gC-NjpvAbAAgHSAiQ4ZGVlZWVhMi1mOTI5LTRmOWQtOTk0OC0xMzU5MWFkYWNlODjYAgXgAgE&sid=f990c8e44d8a49a026ee40f8b9e3b3a2&aid=304142&ucfs=1&arphpl=1&checkin=2025-03-01&checkout=2025-03-08&dest_id=-372490&dest_type=city&group_adults=2&req_adults=2&no_rooms=1&group_children=0&req_children=0&hpos=6&hapos=312&sr_order=popularity&srpvid=af307f62bb9d0534&srepoch=1738174056&all_sr_blocks=55436803_385060822_2_0_0&highlighted_blocks=55436803_385060822_2_0_0&matching_block_id=55436803_385060822_2_0_0&sr_pri_blocks=55436803_385060822_2_0_0__246382&from=searchresults
Hostal Delfos,"Eixample, Barcelona",https://www.booking.com/hotel/es/hostal-delfos.html?label=gen173nr-1BCAEoggI46AdSAnVzWARoRogBAZgBMbgBGcgBD9gBAegBAYgCAagCA7gC-NjpvAbAAgHSAiQ4ZGVlZWVhMi1mOTI5LTRmOWQtOTk0OC0xMzU5MWFkYWNlODjYAgXgAgE&sid=f990c8e44d8a49a026ee40f8b9e3b3a2&aid=304142&ucfs=1&arphpl=1&checkin=2025-03-01&checkout=2025-03-08&dest_id=-372490&dest_type=city&group_adults=2&req_adults=2&no_rooms=1&group_children=0&req_children=0&hpos=7&hapos=313&sr_order=popularity&srpvid=af307f62bb9d0534&srepoch=1738174056&all_sr_blocks=25258101_309887261_0_0_0&highlighted_blocks=25258101_309887261_0_0_0&matching_block_id=25258101_309887261_0_0_0&sr_pri_blocks=25258101_309887261_0_0_0__106880&from=searchresults
MH Apartments Ramblas,"Ciutat Vella, Barcelona",https://www.booking.com/hotel/es/mh-apartments-guell.html?label=gen173nr-1BCAEoggI46AdSAnVzWARoRogBAZgBMbgBGcgBD9gBAegBAYgCAagCA7gC-NjpvAbAAgHSAiQ4ZGVlZWVhMi1mOTI5LTRmOWQtOTk0OC0xMzU5MWFkYWNlODjYAgXgAgE&sid=f990c8e44d8a49a026ee40f8b9e3b3a2&aid=304142&ucfs=1&arphpl=1&checkin=2025-03-01&checkout=2025-03-08&dest_id=-372490&dest_type=city&group_adults=2&req_adults=2&no_rooms=1&group_children=0&req_children=0&hpos=8&hapos=314&sr_order=popularity&srpvid=af307f62bb9d0534&srepoch=1738174056&all_sr_blocks=41702706_403038611_2_0_0_161271&highlighted_blocks=41702706_403038611_2_0_0_161271&matching_block_id=41702706_403038611_2_0_0_161271&sr_pri_blocks=41702706_403038611_2_0_0_161271_283932&from=searchresults
SmartRoom Barcelona,"Sants-Montjuïc, Barcelona",https://www.booking.com/hotel/es/smartroom-barcelona.html?label=gen173nr-1BCAEoggI46AdSAnVzWARoRogBAZgBMbgBGcgBD9gBAegBAYgCAagCA7gC-NjpvAbAAgHSAiQ4ZGVlZWVhMi1mOTI5LTRmOWQtOTk0OC0xMzU5MWFkYWNlODjYAgXgAgE&sid=f990c8e44d8a49a026ee40f8b9e3b3a2&aid=304142&ucfs=1&arphpl=1&checkin=2025-03-01&checkout=2025-03-08&dest_id=-372490&dest_type=city&group_adults=2&req_adults=2&no_rooms=1&group_children=0&req_children=0&hpos=9&hapos=315&sr_order=popularity&srpvid=af307f62bb9d0534&srepoch=1738174056&all_sr_blocks=130602103_184478165_0_0_0&highlighted_blocks=130602103_184478165_0_0_0&matching_block_id=130602103_184478165_0_0_0&sr_pri_blocks=130602103_184478165_0_0_0__345235&from_sustainable_property_sr=1&from=searchresults
Tyche apartment,"Eixample, Barcelona",https://www.booking.com/hotel/es/tyche-apartment-barcelona.html?label=gen173nr-1BCAEoggI46AdSAnVzWARoRogBAZgBMbgBGcgBD9gBAegBAYgCAagCA7gC-NjpvAbAAgHSAiQ4ZGVlZWVhMi1mOTI5LTRmOWQtOTk0OC0xMzU5MWFkYWNlODjYAgXgAgE&sid=f990c8e44d8a49a026ee40f8b9e3b3a2&aid=304142&ucfs=1&arphpl=1&checkin=2025-03-01&checkout=2025-03-08&dest_id=-372490&dest_type=city&group_adults=2&req_adults=2&no_rooms=1&group_children=0&req_children=0&hpos=10&hapos=316&sr_order=popularity&srpvid=af307f62bb9d0534&srepoch=1738174056&all_sr_blocks=706636902_374392681_7_0_0&highlighted_blocks=706636902_374392681_7_0_0&matching_block_id=706636902_374392681_7_0_0&sr_pri_blocks=706636902_374392681_7_0_0__386217&from=searchresults
Torre de Gracia Barcelona,"Gràcia, Barcelona",https://www.booking.com/hotel/es/torre-de-gracia-barcelona.html?label=gen173nr-1BCAEoggI46AdSAnVzWARoRogBAZgBMbgBGcgBD9gBAegBAYgCAagCA7gC-NjpvAbAAgHSAiQ4ZGVlZWVhMi1mOTI5LTRmOWQtOTk0OC0xMzU5MWFkYWNlODjYAgXgAgE&sid=f990c8e44d8a49a026ee40f8b9e3b3a2&aid=304142&ucfs=1&arphpl=1&checkin=2025-03-01&checkout=2025-03-08&dest_id=-372490&dest_type=city&group_adults=2&req_adults=2&no_rooms=1&group_children=0&req_children=0&hpos=11&hapos=317&sr_order=popularity&srpvid=af307f62bb9d0534&srepoch=1738174056&all_sr_blocks=1041449402_376601611_0_0_0&highlighted_blocks=1041449402_376601611_0_0_0&matching_block_id=1041449402_376601611_0_0_0&sr_pri_blocks=1041449402_376601611_0_0_0__264522&from=searchresults
Sagrada Familia Gaudi,"Eixample, Barcelona",https://www.booking.com/hotel/es/sagrada-familia-gaudi-barcelona2.html?label=gen173nr-1BCAEoggI46AdSAnVzWARoRogBAZgBMbgBGcgBD9gBAegBAYgCAagCA7gC-NjpvAbAAgHSAiQ4ZGVlZWVhMi1mOTI5LTRmOWQtOTk0OC0xMzU5MWFkYWNlODjYAgXgAgE&sid=f990c8e44d8a49a026ee40f8b9e3b3a2&aid=304142&ucfs=1&arphpl=1&checkin=2025-03-01&checkout=2025-03-08&dest_id=-372490&dest_type=city&group_adults=2&req_adults=2&no_rooms=1&group_children=0&req_children=0&hpos=12&hapos=318&sr_order=popularity&srpvid=af307f62bb9d0534&srepoch=1738174056&all_sr_blocks=1029410002_375651253_0_0_0&highlighted_blocks=1029410002_375651253_0_0_0&matching_block_id=1029410002_375651253_0_0_0&sr_pri_blocks=1029410002_375651253_0_0_0__264522&from=searchresults
Poblenou renovated 3BD next to the beach,"Sant Martí, Barcelona",https://www.booking.com/hotel/es/poblenou-renovated-3bd-next-to-the-beach.html?label=gen173nr-1BCAEoggI46AdSAnVzWARoRogBAZgBMbgBGcgBD9gBAegBAYgCAagCA7gC-NjpvAbAAgHSAiQ4ZGVlZWVhMi1mOTI5LTRmOWQtOTk0OC0xMzU5MWFkYWNlODjYAgXgAgE&sid=f990c8e44d8a49a026ee40f8b9e3b3a2&aid=304142&ucfs=1&arphpl=1&checkin=2025-03-01&checkout=2025-03-08&dest_id=-372490&dest_type=city&group_adults=2&req_adults=2&no_rooms=1&group_children=0&req_children=0&hpos=13&hapos=319&sr_order=popularity&srpvid=af307f62bb9d0534&srepoch=1738174056&all_sr_blocks=985514702_399861710_4_0_0&highlighted_blocks=985514702_399861710_4_0_0&matching_block_id=985514702_399861710_4_0_0&sr_pri_blocks=985514702_399861710_4_0_0__324472&from=searchresults
Consell Cent apartment I 3 dormitorios Eixample,"Eixample, Barcelona",https://www.booking.com/hotel/es/consell-de-cent-apartment-eixample.html?label=gen173nr-1BCAEoggI46AdSAnVzWARoRogBAZgBMbgBGcgBD9gBAegBAYgCAagCA7gC-NjpvAbAAgHSAiQ4ZGVlZWVhMi1mOTI5LTRmOWQtOTk0OC0xMzU5MWFkYWNlODjYAgXgAgE&sid=f990c8e44d8a49a026ee40f8b9e3b3a2&aid=304142&ucfs=1&arphpl=1&checkin=2025-03-01&checkout=2025-03-08&dest_id=-372490&dest_type=city&group_adults=2&req_adults=2&no_rooms=1&group_children=0&req_children=0&hpos=14&hapos=320&sr_order=popularity&srpvid=af307f62bb9d0534&srepoch=1738174056&all_sr_blocks=942341602_366446945_4_0_0&highlighted_blocks=942341602_366446945_4_0_0&matching_block_id=942341602_366446945_4_0_0&sr_pri_blocks=942341602_366446945_4_0_0__211272&from=searchresults
Apartaments Olivier Barcelona,"Eixample, Barcelona",https://www.booking.com/hotel/es/apartaments-olivier-barcelona.html?label=gen173nr-1BCAEoggI46AdSAnVzWARoRogBAZgBMbgBGcgBD9gBAegBAYgCAagCA7gC-NjpvAbAAgHSAiQ4ZGVlZWVhMi1mOTI5LTRmOWQtOTk0OC0xMzU5MWFkYWNlODjYAgXgAgE&sid=f990c8e44d8a49a026ee40f8b9e3b3a2&aid=304142&ucfs=1&arphpl=1&checkin=2025-03-01&checkout=2025-03-08&dest_id=-372490&dest_type=city&group_adults=2&req_adults=2&no_rooms=1&group_children=0&req_children=0&hpos=15&hapos=321&sr_order=popularity&srpvid=af307f62bb9d0534&srepoch=1738174056&all_sr_blocks=114675701_217362004_5_0_0&highlighted_blocks=114675701_217362004_5_0_0&matching_block_id=114675701_217362004_5_0_0&sr_pri_blocks=114675701_217362004_5_0_0__413132&from=searchresults
Casa Sagrada Familia,"Eixample, Barcelona",https://www.booking.com/hotel/es/casa-sagrada-familia-barcelona.html?label=gen173nr-1BCAEoggI46AdSAnVzWARoRogBAZgBMbgBGcgBD9gBAegBAYgCAagCA7gC-NjpvAbAAgHSAiQ4ZGVlZWVhMi1mOTI5LTRmOWQtOTk0OC0xMzU5MWFkYWNlODjYAgXgAgE&sid=f990c8e44d8a49a026ee40f8b9e3b3a2&aid=304142&ucfs=1&arphpl=1&checkin=2025-03-01&checkout=2025-03-08&dest_id=-372490&dest_type=city&group_adults=2&req_adults=2&no_rooms=1&group_children=0&req_children=0&hpos=16&hapos=322&sr_order=popularity&srpvid=af307f62bb9d0534&srepoch=1738174056&all_sr_blocks=1017744802_374395220_0_0_0&highlighted_blocks=1017744802_374395220_0_0_0&matching_block_id=1017744802_374395220_0_0_0&sr_pri_blocks=1017744802_374395220_0_0_0__264522&from=searchresults
Renovated & Classic 3-Bedroom Sagrada Familia Apt.,"Eixample, Barcelona",https://www.booking.com/hotel/es/renovated-amp-classic-3-bedroom-sagrada-familia-apt-barcelona1.html?label=gen173nr-1BCAEoggI46AdSAnVzWARoRogBAZgBMbgBGcgBD9gBAegBAYgCAagCA7gC-NjpvAbAAgHSAiQ4ZGVlZWVhMi1mOTI5LTRmOWQtOTk0OC0xMzU5MWFkYWNlODjYAgXgAgE&sid=f990c8e44d8a49a026ee40f8b9e3b3a2&aid=304142&ucfs=1&arphpl=1&checkin=2025-03-01&checkout=2025-03-08&dest_id=-372490&dest_type=city&group_adults=2&req_adults=2&no_rooms=1&group_children=0&req_children=0&hpos=17&hapos=323&sr_order=popularity&srpvid=af307f62bb9d0534&srepoch=1738174056&all_sr_blocks=394624201_369771573_6_0_0&highlighted_blocks=394624201_369771573_6_0_0&matching_block_id=394624201_369771573_6_0_0&sr_pri_blocks=394624201_369771573_6_0_0__383197&from=searchresults
Sharing flats in gotico,"Ciutat Vella, Barcelona",https://www.booking.com/hotel/es/sharing-flats-in-gotico.html?label=gen173nr-1BCAEoggI46AdSAnVzWARoRogBAZgBMbgBGcgBD9gBAegBAYgCAagCA7gC-NjpvAbAAgHSAiQ4ZGVlZWVhMi1mOTI5LTRmOWQtOTk0OC0xMzU5MWFkYWNlODjYAgXgAgE&sid=f990c8e44d8a49a026ee40f8b9e3b3a2&aid=304142&ucfs=1&arphpl=1&checkin=2025-03-01&checkout=2025-03-08&dest_id=-372490&dest_type=city&group_adults=2&req_adults=2&no_rooms=1&group_children=0&req_children=0&hpos=18&hapos=324&sr_order=popularity&srpvid=af307f62bb9d0534&srepoch=1738174056&all_sr_blocks=1310245203_403800911_2_0_0&highlighted_blocks=1310245203_403800911_2_0_0&matching_block_id=1310245203_403800911_2_0_0&sr_pri_blocks=1310245203_403800911_2_0_0__208796&from=searchresults
Flat with views to Sagrada Famila,"Eixample, Barcelona",https://www.booking.com/hotel/es/flat-with-views-to-sagrada-famila.html?label=gen173nr-1BCAEoggI46AdSAnVzWARoRogBAZgBMbgBGcgBD9gBAegBAYgCAagCA7gC-NjpvAbAAgHSAiQ4ZGVlZWVhMi1mOTI5LTRmOWQtOTk0OC0xMzU5MWFkYWNlODjYAgXgAgE&sid=f990c8e44d8a49a026ee40f8b9e3b3a2&aid=304142&ucfs=1&arphpl=1&checkin=2025-03-01&checkout=2025-03-08&dest_id=-372490&dest_type=city&group_adults=2&req_adults=2&no_rooms=1&group_children=0&req_children=0&hpos=19&hapos=325&sr_order=popularity&srpvid=af307f62bb9d0534&srepoch=1738174056&all_sr_blocks=1222214701_394358091_4_0_0&highlighted_blocks=1222214701_394358091_4_0_0&matching_block_id=1222214701_394358091_4_0_0&sr_pri_blocks=1222214701_394358091_4_0_0__384932&from=searchresults
BCN Urbaness Hotels Bonavista,"Gràcia, Barcelona",https://www.booking.com/hotel/es/bcnurbanbonavista.html?label=gen173nr-1BCAEoggI46AdSAnVzWARoRogBAZgBMbgBGcgBD9gBAegBAYgCAagCA7gC-NjpvAbAAgHSAiQ4ZGVlZWVhMi1mOTI5LTRmOWQtOTk0OC0xMzU5MWFkYWNlODjYAgXgAgE&sid=f990c8e44d8a49a026ee40f8b9e3b3a2&aid=304142&ucfs=1&arphpl=1&checkin=2025-03-01&checkout=2025-03-08&dest_id=-372490&dest_type=city&group_adults=2&req_adults=2&no_rooms=1&group_children=0&req_children=0&hpos=20&hapos=326&sr_order=popularity&srpvid=af307f62bb9d0534&srepoch=1738174056&all_sr_blocks=9339502_204775695_2_0_0&highlighted_blocks=9339502_204775695_2_0_0&matching_block_id=9339502_204775695_2_0_0&sr_pri_blocks=9339502_204775695_2_0_0__161900&from=searchresults
Praktik Èssens,"Eixample, Barcelona",https://www.booking.com/hotel/es/praktik-essens.html?label=gen173nr-1BCAEoggI46AdSAnVzWARoRogBAZgBMbgBGcgBD9gBAegBAYgCAagCA7gC-NjpvAbAAgHSAiQ4ZGVlZWVhMi1mOTI5LTRmOWQtOTk0OC0xMzU5MWFkYWNlODjYAgXgAgE&sid=f990c8e44d8a49a026ee40f8b9e3b3a2&aid=304142&ucfs=1&arphpl=1&checkin=2025-03-01&checkout=2025-03-08&dest_id=-372490&dest_type=city&group_adults=2&req_adults=2&no_rooms=1&group_children=0&req_children=0&hpos=21&hapos=327&sr_order=popularity&srpvid=af307f62bb9d0534&srepoch=1738174056&all_sr_blocks=421690701_360578042_0_0_0&highlighted_blocks=421690701_360578042_0_0_0&matching_block_id=421690701_360578042_0_0_0&sr_pri_blocks=421690701_360578042_0_0_0__329700&from_sustainable_property_sr=1&from=searchresults
"ApartEasy - Lightly, central and quiet apartment","Eixample, Barcelona",https://www.booking.com/hotel/es/aparteasy-lightly-central-and-quiet-apartment.html?label=gen173nr-1BCAEoggI46AdSAnVzWARoRogBAZgBMbgBGcgBD9gBAegBAYgCAagCA7gC-NjpvAbAAgHSAiQ4ZGVlZWVhMi1mOTI5LTRmOWQtOTk0OC0xMzU5MWFkYWNlODjYAgXgAgE&sid=f990c8e44d8a49a026ee40f8b9e3b3a2&aid=304142&ucfs=1&arphpl=1&checkin=2025-03-01&checkout=2025-03-08&dest_id=-372490&dest_type=city&group_adults=2&req_adults=2&no_rooms=1&group_children=0&req_children=0&hpos=22&hapos=328&sr_order=popularity&srpvid=af307f62bb9d0534&srepoch=1738174056&all_sr_blocks=1112145202_384298252_2_0_0&highlighted_blocks=1112145202_384298252_2_0_0&matching_block_id=1112145202_384298252_2_0_0&sr_pri_blocks=1112145202_384298252_2_0_0__183348&from=searchresults
Stylish typical BCN flat,"Sants-Montjuïc, Barcelona",https://www.booking.com/hotel/es/apartment-parc-de-montjuic.html?label=gen173nr-1BCAEoggI46AdSAnVzWARoRogBAZgBMbgBGcgBD9gBAegBAYgCAagCA7gC-NjpvAbAAgHSAiQ4ZGVlZWVhMi1mOTI5LTRmOWQtOTk0OC0xMzU5MWFkYWNlODjYAgXgAgE&sid=f990c8e44d8a49a026ee40f8b9e3b3a2&aid=304142&ucfs=1&arphpl=1&checkin=2025-03-01&checkout=2025-03-08&dest_id=-372490&dest_type=city&group_adults=2&req_adults=2&no_rooms=1&group_children=0&req_children=0&hpos=23&hapos=329&sr_order=popularity&srpvid=af307f62bb9d0534&srepoch=1738174056&all_sr_blocks=128700901_388238763_4_0_0&highlighted_blocks=128700901_388238763_4_0_0&matching_block_id=128700901_388238763_4_0_0&sr_pri_blocks=128700901_388238763_4_0_0__278132&from=searchresults
Hotel SB Glow 4 Sup,"Sant Martí, Barcelona",https://www.booking.com/hotel/es/sb-glow-4-sup.html?label=gen173nr-1BCAEoggI46AdSAnVzWARoRogBAZgBMbgBGcgBD9gBAegBAYgCAagCA7gC-NjpvAbAAgHSAiQ4ZGVlZWVhMi1mOTI5LTRmOWQtOTk0OC0xMzU5MWFkYWNlODjYAgXgAgE&sid=f990c8e44d8a49a026ee40f8b9e3b3a2&aid=304142&ucfs=1&arphpl=1&checkin=2025-03-01&checkout=2025-03-08&dest_id=-372490&dest_type=city&group_adults=2&req_adults=2&no_rooms=1&group_children=0&req_children=0&hpos=24&hapos=330&sr_order=popularity&srpvid=af307f62bb9d0534&srepoch=1738174056&all_sr_blocks=233873104_100776494_2_2_0&highlighted_blocks=233873104_100776494_2_2_0&matching_block_id=233873104_100776494_2_2_0&sr_pri_blocks=233873104_100776494_2_2_0__182928&from=searchresults
Sant antoni apartment,"Eixample, Barcelona",https://www.booking.com/hotel/es/sant-antoni-apartment.html?label=gen173nr-1BCAEoggI46AdSAnVzWARoRogBAZgBMbgBGcgBD9gBAegBAYgCAagCA7gC-NjpvAbAAgHSAiQ4ZGVlZWVhMi1mOTI5LTRmOWQtOTk0OC0xMzU5MWFkYWNlODjYAgXgAgE&sid=f990c8e44d8a49a026ee40f8b9e3b3a2&aid=304142&ucfs=1&arphpl=1&checkin=2025-03-01&checkout=2025-03-08&dest_id=-372490&dest_type=city&group_adults=2&req_adults=2&no_rooms=1&group_children=0&req_children=0&hpos=25&hapos=331&sr_order=popularity&srpvid=af307f62bb9d0534&srepoch=1738174056&all_sr_blocks=733245302_348473773_2_0_0&highlighted_blocks=733245302_348473773_2_0_0&matching_block_id=733245302_348473773_2_0_0&sr_pri_blocks=733245302_348473773_2_0_0__248562&from=searchresults
Vibrant and modern apartment,"Sants-Montjuïc, Barcelona",https://www.booking.com/hotel/es/apartment-deluxe-red.html?label=gen173nr-1BCAEoggI46AdSAnVzWARoRogBAZgBMbgBGcgBD9gBAegBAYgCAagCA7gC-NjpvAbAAgHSAiQ4ZGVlZWVhMi1mOTI5LTRmOWQtOTk0OC0xMzU5MWFkYWNlODjYAgXgAgE&sid=f990c8e44d8a49a026ee40f8b9e3b3a2&aid=304142&ucfs=1&arphpl=1&checkin=2025-03-01&checkout=2025-03-08&dest_id=-372490&dest_type=city&group_adults=2&req_adults=2&no_rooms=1&group_children=0&req_children=0&hpos=1&hapos=332&sr_order=popularity&srpvid=af307f62bb9d0534&srepoch=1738174058&all_sr_blocks=128703801_388238060_0_0_0&highlighted_blocks=128703801_388238060_0_0_0&matching_block_id=128703801_388238060_0_0_0&sr_pri_blocks=128703801_388238060_0_0_0__278132&from=searchresults
chic&basic Habana Hoose,"Ciutat Vella, Barcelona",https://www.booking.com/hotel/es/chic-amp-basic-havana-hoose.html?label=gen173nr-1BCAEoggI46AdSAnVzWARoRogBAZgBMbgBGcgBD9gBAegBAYgCAagCA7gC-NjpvAbAAgHSAiQ4ZGVlZWVhMi1mOTI5LTRmOWQtOTk0OC0xMzU5MWFkYWNlODjYAgXgAgE&sid=f990c8e44d8a49a026ee40f8b9e3b3a2&aid=304142&ucfs=1&arphpl=1&checkin=2025-03-01&checkout=2025-03-08&dest_id=-372490&dest_type=city&group_adults=2&req_adults=2&no_rooms=1&group_children=0&req_children=0&hpos=2&hapos=333&sr_order=popularity&srpvid=af307f62bb9d0534&srepoch=1738174058&all_sr_blocks=801761102_343829179_0_2_0&highlighted_blocks=801761102_343829179_0_2_0&matching_block_id=801761102_343829179_0_2_0&sr_pri_blocks=801761102_343829179_0_2_0__307700&from_sustainable_property_sr=1&from=searchresults
Modern and Trendy Duplex next to Paseo de Gracia,"Gràcia, Barcelona",https://www.booking.com/hotel/es/modern-and-trendy-duplex-next-to-paseo-de-gracia.html?label=gen173nr-1BCAEoggI46AdSAnVzWARoRogBAZgBMbgBGcgBD9gBAegBAYgCAagCA7gC-NjpvAbAAgHSAiQ4ZGVlZWVhMi1mOTI5LTRmOWQtOTk0OC0xMzU5MWFkYWNlODjYAgXgAgE&sid=f990c8e44d8a49a026ee40f8b9e3b3a2&aid=304142&ucfs=1&arphpl=1&checkin=2025-03-01&checkout=2025-03-08&dest_id=-372490&dest_type=city&group_adults=2&req_adults=2&no_rooms=1&group_children=0&req_children=0&hpos=3&hapos=334&sr_order=popularity&srpvid=af307f62bb9d0534&srepoch=1738174058&all_sr_blocks=333611801_369771574_3_0_0&highlighted_blocks=333611801_369771574_3_0_0&matching_block_id=333611801_369771574_3_0_0&sr_pri_blocks=333611801_369771574_3_0_0__274422&from=searchresults
ApartEasy - Sant Antoni Market,"Eixample, Barcelona",https://www.booking.com/hotel/es/aparteasy-poble-sec-amp-sant-antoni.html?label=gen173nr-1BCAEoggI46AdSAnVzWARoRogBAZgBMbgBGcgBD9gBAegBAYgCAagCA7gC-NjpvAbAAgHSAiQ4ZGVlZWVhMi1mOTI5LTRmOWQtOTk0OC0xMzU5MWFkYWNlODjYAgXgAgE&sid=f990c8e44d8a49a026ee40f8b9e3b3a2&aid=304142&ucfs=1&arphpl=1&checkin=2025-03-01&checkout=2025-03-08&dest_id=-372490&dest_type=city&group_adults=2&req_adults=2&no_rooms=1&group_children=0&req_children=0&hpos=4&hapos=335&sr_order=popularity&srpvid=af307f62bb9d0534&srepoch=1738174058&all_sr_blocks=247130901_363411699_3_0_0&highlighted_blocks=247130901_363411699_3_0_0&matching_block_id=247130901_363411699_3_0_0&sr_pri_blocks=247130901_363411699_3_0_0__217821&from=searchresults
Tendency Sagrada Familia Luxury,"Gràcia, Barcelona",https://www.booking.com/hotel/es/sagrada-familia-luxury.html?label=gen173nr-1BCAEoggI46AdSAnVzWARoRogBAZgBMbgBGcgBD9gBAegBAYgCAagCA7gC-NjpvAbAAgHSAiQ4ZGVlZWVhMi1mOTI5LTRmOWQtOTk0OC0xMzU5MWFkYWNlODjYAgXgAgE&sid=f990c8e44d8a49a026ee40f8b9e3b3a2&aid=304142&ucfs=1&arphpl=1&checkin=2025-03-01&checkout=2025-03-08&dest_id=-372490&dest_type=city&group_adults=2&req_adults=2&no_rooms=1&group_children=0&req_children=0&hpos=5&hapos=336&sr_order=popularity&srpvid=af307f62bb9d0534&srepoch=1738174058&all_sr_blocks=315926502_372482550_4_0_0&highlighted_blocks=315926502_372482550_4_0_0&matching_block_id=315926502_372482550_4_0_0&sr_pri_blocks=315926502_372482550_4_0_0__394450&from=searchresults
Oasis Sagrada Familia,"Eixample, Barcelona",https://www.booking.com/hotel/es/oasis-sagrada-familia-barcelona.html?label=gen173nr-1BCAEoggI46AdSAnVzWARoRogBAZgBMbgBGcgBD9gBAegBAYgCAagCA7gC-NjpvAbAAgHSAiQ4ZGVlZWVhMi1mOTI5LTRmOWQtOTk0OC0xMzU5MWFkYWNlODjYAgXgAgE&sid=f990c8e44d8a49a026ee40f8b9e3b3a2&aid=304142&ucfs=1&arphpl=1&checkin=2025-03-01&checkout=2025-03-08&dest_id=-372490&dest_type=city&group_adults=2&req_adults=2&no_rooms=1&group_children=0&req_children=0&hpos=6&hapos=337&sr_order=popularity&srpvid=af307f62bb9d0534&srepoch=1738174058&all_sr_blocks=973240801_369724041_2_2_0&highlighted_blocks=973240801_369724041_2_2_0&matching_block_id=973240801_369724041_2_2_0&sr_pri_blocks=973240801_369724041_2_2_0__262798&from=searchresults
Sunny Playa Apartment,"Sant Martí, Barcelona",https://www.booking.com/hotel/es/sunny-playa-apartment.html?label=gen173nr-1BCAEoggI46AdSAnVzWARoRogBAZgBMbgBGcgBD9gBAegBAYgCAagCA7gC-NjpvAbAAgHSAiQ4ZGVlZWVhMi1mOTI5LTRmOWQtOTk0OC0xMzU5MWFkYWNlODjYAgXgAgE&sid=f990c8e44d8a49a026ee40f8b9e3b3a2&aid=304142&ucfs=1&arphpl=1&checkin=2025-03-01&checkout=2025-03-08&dest_id=-372490&dest_type=city&group_adults=2&req_adults=2&no_rooms=1&group_children=0&req_children=0&hpos=7&hapos=338&sr_order=popularity&srpvid=af307f62bb9d0534&srepoch=1738174058&all_sr_blocks=863687102_374337557_0_0_0&highlighted_blocks=863687102_374337557_0_0_0&matching_block_id=863687102_374337557_0_0_0&sr_pri_blocks=863687102_374337557_0_0_0__223957&from=searchresults
Elegantniy Poble Sec,"Sants-Montjuïc, Barcelona",https://www.booking.com/hotel/es/elegantniy-poble-sec.html?label=gen173nr-1BCAEoggI46AdSAnVzWARoRogBAZgBMbgBGcgBD9gBAegBAYgCAagCA7gC-NjpvAbAAgHSAiQ4ZGVlZWVhMi1mOTI5LTRmOWQtOTk0OC0xMzU5MWFkYWNlODjYAgXgAgE&sid=f990c8e44d8a49a026ee40f8b9e3b3a2&aid=304142&ucfs=1&arphpl=1&checkin=2025-03-01&checkout=2025-03-08&dest_id=-372490&dest_type=city&group_adults=2&req_adults=2&no_rooms=1&group_children=0&req_children=0&hpos=8&hapos=339&sr_order=popularity&srpvid=af307f62bb9d0534&srepoch=1738174058&all_sr_blocks=259822701_404660639_3_0_0&highlighted_blocks=259822701_404660639_3_0_0&matching_block_id=259822701_404660639_3_0_0&sr_pri_blocks=259822701_404660639_3_0_0__324537&from=searchresults
Cozy apartment in Gracia,"Gràcia, Barcelona",https://www.booking.com/hotel/es/cozy-apartment-in-gracia.html?label=gen173nr-1BCAEoggI46AdSAnVzWARoRogBAZgBMbgBGcgBD9gBAegBAYgCAagCA7gC-NjpvAbAAgHSAiQ4ZGVlZWVhMi1mOTI5LTRmOWQtOTk0OC0xMzU5MWFkYWNlODjYAgXgAgE&sid=f990c8e44d8a49a026ee40f8b9e3b3a2&aid=304142&ucfs=1&arphpl=1&checkin=2025-03-01&checkout=2025-03-08&dest_id=-372490&dest_type=city&group_adults=2&req_adults=2&no_rooms=1&group_children=0&req_children=0&hpos=9&hapos=340&sr_order=popularity&srpvid=af307f62bb9d0534&srepoch=1738174058&all_sr_blocks=1089824301_381887018_2_0_0&highlighted_blocks=1089824301_381887018_2_0_0&matching_block_id=1089824301_381887018_2_0_0&sr_pri_blocks=1089824301_381887018_2_0_0__178882&from=searchresults
Tendency Apartments - Sagrada Familia,"Eixample, Barcelona",https://www.booking.com/hotel/es/apartment-sagrada-familia-barcelona9.html?label=gen173nr-1BCAEoggI46AdSAnVzWARoRogBAZgBMbgBGcgBD9gBAegBAYgCAagCA7gC-NjpvAbAAgHSAiQ4ZGVlZWVhMi1mOTI5LTRmOWQtOTk0OC0xMzU5MWFkYWNlODjYAgXgAgE&sid=f990c8e44d8a49a026ee40f8b9e3b3a2&aid=304142&ucfs=1&arphpl=1&checkin=2025-03-01&checkout=2025-03-08&dest_id=-372490&dest_type=city&group_adults=2&req_adults=2&no_rooms=1&group_children=0&req_children=0&hpos=10&hapos=341&sr_order=popularity&srpvid=af307f62bb9d0534&srepoch=1738174058&all_sr_blocks=149058002_372482569_4_0_0&highlighted_blocks=149058002_372482569_4_0_0&matching_block_id=149058002_372482569_4_0_0&sr_pri_blocks=149058002_372482569_4_0_0__294518&from=searchresults
Hotel Palermo,"Ciutat Vella, Barcelona",https://www.booking.com/hotel/es/hostal-palermo.html?label=gen173nr-1BCAEoggI46AdSAnVzWARoRogBAZgBMbgBGcgBD9gBAegBAYgCAagCA7gC-NjpvAbAAgHSAiQ4ZGVlZWVhMi1mOTI5LTRmOWQtOTk0OC0xMzU5MWFkYWNlODjYAgXgAgE&sid=f990c8e44d8a49a026ee40f8b9e3b3a2&aid=304142&ucfs=1&arphpl=1&checkin=2025-03-01&checkout=2025-03-08&dest_id=-372490&dest_type=city&group_adults=2&req_adults=2&no_rooms=1&group_children=0&req_children=0&hpos=11&hapos=342&sr_order=popularity&srpvid=af307f62bb9d0534&srepoch=1738174058&all_sr_blocks=26866421_88205885_0_0_0_273989&highlighted_blocks=26866421_88205885_0_0_0_273989&matching_block_id=26866421_88205885_0_0_0_273989&sr_pri_blocks=26866421_88205885_0_0_0_273989_290325&from=searchresults
Teatro Miro Apartment,"Sants-Montjuïc, Barcelona",https://www.booking.com/hotel/es/teatro-miro-apartment.html?label=gen173nr-1BCAEoggI46AdSAnVzWARoRogBAZgBMbgBGcgBD9gBAegBAYgCAagCA7gC-NjpvAbAAgHSAiQ4ZGVlZWVhMi1mOTI5LTRmOWQtOTk0OC0xMzU5MWFkYWNlODjYAgXgAgE&sid=f990c8e44d8a49a026ee40f8b9e3b3a2&aid=304142&ucfs=1&arphpl=1&checkin=2025-03-01&checkout=2025-03-08&dest_id=-372490&dest_type=city&group_adults=2&req_adults=2&no_rooms=1&group_children=0&req_children=0&hpos=12&hapos=343&sr_order=popularity&srpvid=af307f62bb9d0534&srepoch=1738174058&all_sr_blocks=1041448902_376579636_0_0_0&highlighted_blocks=1041448902_376579636_0_0_0&matching_block_id=1041448902_376579636_0_0_0&sr_pri_blocks=1041448902_376579636_0_0_0__248562&from=searchresults
Eixample Sagrada Familia Apartments II,"Eixample, Barcelona",https://www.booking.com/hotel/es/eixample-sagrada-familia-aparments-ii.html?label=gen173nr-1BCAEoggI46AdSAnVzWARoRogBAZgBMbgBGcgBD9gBAegBAYgCAagCA7gC-NjpvAbAAgHSAiQ4ZGVlZWVhMi1mOTI5LTRmOWQtOTk0OC0xMzU5MWFkYWNlODjYAgXgAgE&sid=f990c8e44d8a49a026ee40f8b9e3b3a2&aid=304142&ucfs=1&arphpl=1&checkin=2025-03-01&checkout=2025-03-08&dest_id=-372490&dest_type=city&group_adults=2&req_adults=2&no_rooms=1&group_children=0&req_children=0&hpos=13&hapos=344&sr_order=popularity&srpvid=af307f62bb9d0534&srepoch=1738174058&all_sr_blocks=107233109_407071456_2_0_0&highlighted_blocks=107233109_407071456_2_0_0&matching_block_id=107233109_407071456_2_0_0&sr_pri_blocks=107233109_407071456_2_0_0__199732&from=searchresults
64 Apartment in a typical Barcelona's old building,"Sants-Montjuïc, Barcelona",https://www.booking.com/hotel/es/beautiful-flat-in-poble-sec.html?label=gen173nr-1BCAEoggI46AdSAnVzWARoRogBAZgBMbgBGcgBD9gBAegBAYgCAagCA7gC-NjpvAbAAgHSAiQ4ZGVlZWVhMi1mOTI5LTRmOWQtOTk0OC0xMzU5MWFkYWNlODjYAgXgAgE&sid=f990c8e44d8a49a026ee40f8b9e3b3a2&aid=304142&ucfs=1&arphpl=1&checkin=2025-03-01&checkout=2025-03-08&dest_id=-372490&dest_type=city&group_adults=2&req_adults=2&no_rooms=1&group_children=0&req_children=0&hpos=14&hapos=345&sr_order=popularity&srpvid=af307f62bb9d0534&srepoch=1738174058&all_sr_blocks=124284301_388910582_0_0_0&highlighted_blocks=124284301_388910582_0_0_0&matching_block_id=124284301_388910582_0_0_0&sr_pri_blocks=124284301_388910582_0_0_0__316322&from=searchresults
White Apartment Barcelona,"Ciutat Vella, Barcelona",https://www.booking.com/hotel/es/white-apartment-barcelona-barcelona.html?label=gen173nr-1BCAEoggI46AdSAnVzWARoRogBAZgBMbgBGcgBD9gBAegBAYgCAagCA7gC-NjpvAbAAgHSAiQ4ZGVlZWVhMi1mOTI5LTRmOWQtOTk0OC0xMzU5MWFkYWNlODjYAgXgAgE&sid=f990c8e44d8a49a026ee40f8b9e3b3a2&aid=304142&ucfs=1&arphpl=1&checkin=2025-03-01&checkout=2025-03-08&dest_id=-372490&dest_type=city&group_adults=2&req_adults=2&no_rooms=1&group_children=0&req_children=0&hpos=15&hapos=346&sr_order=popularity&srpvid=af307f62bb9d0534&srepoch=1738174058&all_sr_blocks=1081915401_380780359_3_0_0&highlighted_blocks=1081915401_380780359_3_0_0&matching_block_id=1081915401_380780359_3_0_0&sr_pri_blocks=1081915401_380780359_3_0_0__328595&from=searchresults
Elegant apartment Rambla Badal,"Sants-Montjuïc, Barcelona",https://www.booking.com/hotel/es/elegant-apartment-rambla-badal.html?label=gen173nr-1BCAEoggI46AdSAnVzWARoRogBAZgBMbgBGcgBD9gBAegBAYgCAagCA7gC-NjpvAbAAgHSAiQ4ZGVlZWVhMi1mOTI5LTRmOWQtOTk0OC0xMzU5MWFkYWNlODjYAgXgAgE&sid=f990c8e44d8a49a026ee40f8b9e3b3a2&aid=304142&ucfs=1&arphpl=1&checkin=2025-03-01&checkout=2025-03-08&dest_id=-372490&dest_type=city&group_adults=2&req_adults=2&no_rooms=1&group_children=0&req_children=0&hpos=16&hapos=347&sr_order=popularity&srpvid=af307f62bb9d0534&srepoch=1738174058&all_sr_blocks=963166801_368905435_2_0_0&highlighted_blocks=963166801_368905435_2_0_0&matching_block_id=963166801_368905435_2_0_0&sr_pri_blocks=963166801_368905435_2_0_0__187363&from=searchresults
Catalonia La Maquinista,"Sant Andreu, Barcelona",https://www.booking.com/hotel/es/catalonialamaquinista.html?label=gen173nr-1BCAEoggI46AdSAnVzWARoRogBAZgBMbgBGcgBD9gBAegBAYgCAagCA7gC-NjpvAbAAgHSAiQ4ZGVlZWVhMi1mOTI5LTRmOWQtOTk0OC0xMzU5MWFkYWNlODjYAgXgAgE&sid=f990c8e44d8a49a026ee40f8b9e3b3a2&aid=304142&ucfs=1&arphpl=1&checkin=2025-03-01&checkout=2025-03-08&dest_id=-372490&dest_type=city&group_adults=2&req_adults=2&no_rooms=1&group_children=0&req_children=0&hpos=17&hapos=348&sr_order=popularity&srpvid=af307f62bb9d0534&srepoch=1738174058&all_sr_blocks=9083702_94109935_0_2_0&highlighted_blocks=9083702_94109935_0_2_0&matching_block_id=9083702_94109935_0_2_0&sr_pri_blocks=9083702_94109935_0_2_0__165778&from_sustainable_property_sr=1&from=searchresults
Paseo San Juan Barcelona,"Gràcia, Barcelona",https://www.booking.com/hotel/es/paseo-san-juan-barcelona.html?label=gen173nr-1BCAEoggI46AdSAnVzWARoRogBAZgBMbgBGcgBD9gBAegBAYgCAagCA7gC-NjpvAbAAgHSAiQ4ZGVlZWVhMi1mOTI5LTRmOWQtOTk0OC0xMzU5MWFkYWNlODjYAgXgAgE&sid=f990c8e44d8a49a026ee40f8b9e3b3a2&aid=304142&ucfs=1&arphpl=1&checkin=2025-03-01&checkout=2025-03-08&dest_id=-372490&dest_type=city&group_adults=2&req_adults=2&no_rooms=1&group_children=0&req_children=0&hpos=18&hapos=349&sr_order=popularity&srpvid=af307f62bb9d0534&srepoch=1738174058&all_sr_blocks=1024540002_375343019_0_0_0&highlighted_blocks=1024540002_375343019_0_0_0&matching_block_id=1024540002_375343019_0_0_0&sr_pri_blocks=1024540002_375343019_0_0_0__307087&from=searchresults
Cozy Ploblesec Apartment,"Sants-Montjuïc, Barcelona",https://www.booking.com/hotel/es/cozy-ploblesec-apartment.html?label=gen173nr-1BCAEoggI46AdSAnVzWARoRogBAZgBMbgBGcgBD9gBAegBAYgCAagCA7gC-NjpvAbAAgHSAiQ4ZGVlZWVhMi1mOTI5LTRmOWQtOTk0OC0xMzU5MWFkYWNlODjYAgXgAgE&sid=f990c8e44d8a49a026ee40f8b9e3b3a2&aid=304142&ucfs=1&arphpl=1&checkin=2025-03-01&checkout=2025-03-08&dest_id=-372490&dest_type=city&group_adults=2&req_adults=2&no_rooms=1&group_children=0&req_children=0&hpos=19&hapos=350&sr_order=popularity&srpvid=af307f62bb9d0534&srepoch=1738174058&all_sr_blocks=1127800201_385420377_4_0_0&highlighted_blocks=1127800201_385420377_4_0_0&matching_block_id=1127800201_385420377_4_0_0&sr_pri_blocks=1127800201_385420377_4_0_0__207384&from=searchresults
Terracotta terrace,"Sants-Montjuïc, Barcelona",https://www.booking.com/hotel/es/terracotta-terrace.html?label=gen173nr-1BCAEoggI46AdSAnVzWARoRogBAZgBMbgBGcgBD9gBAegBAYgCAagCA7gC-NjpvAbAAgHSAiQ4ZGVlZWVhMi1mOTI5LTRmOWQtOTk0OC0xMzU5MWFkYWNlODjYAgXgAgE&sid=f990c8e44d8a49a026ee40f8b9e3b3a2&aid=304142&ucfs=1&arphpl=1&checkin=2025-03-01&checkout=2025-03-08&dest_id=-372490&dest_type=city&group_adults=2&req_adults=2&no_rooms=1&group_children=0&req_children=0&hpos=20&hapos=351&sr_order=popularity&srpvid=af307f62bb9d0534&srepoch=1738174058&all_sr_blocks=786430902_354654413_4_0_0&highlighted_blocks=786430902_354654413_4_0_0&matching_block_id=786430902_354654413_4_0_0&sr_pri_blocks=786430902_354654413_4_0_0__239917&from=searchresults
Tendency Apartments Miro 8,"Eixample, Barcelona",https://www.booking.com/hotel/es/tendency-apartments-miro-8.html?label=gen173nr-1BCAEoggI46AdSAnVzWARoRogBAZgBMbgBGcgBD9gBAegBAYgCAagCA7gC-NjpvAbAAgHSAiQ4ZGVlZWVhMi1mOTI5LTRmOWQtOTk0OC0xMzU5MWFkYWNlODjYAgXgAgE&sid=f990c8e44d8a49a026ee40f8b9e3b3a2&aid=304142&ucfs=1&arphpl=1&checkin=2025-03-01&checkout=2025-03-08&dest_id=-372490&dest_type=city&group_adults=2&req_adults=2&no_rooms=1&group_children=0&req_children=0&hpos=21&hapos=352&sr_order=popularity&srpvid=af307f62bb9d0534&srepoch=1738174058&all_sr_blocks=960164601_375949878_4_0_0&highlighted_blocks=960164601_375949878_4_0_0&matching_block_id=960164601_375949878_4_0_0&sr_pri_blocks=960164601_375949878_4_0_0__357019&from=searchresults
Barcelona4Seasons - Muntaner,"Eixample, Barcelona",https://www.booking.com/hotel/es/barcelona4seasons-muntaner-barcelona.html?label=gen173nr-1BCAEoggI46AdSAnVzWARoRogBAZgBMbgBGcgBD9gBAegBAYgCAagCA7gC-NjpvAbAAgHSAiQ4ZGVlZWVhMi1mOTI5LTRmOWQtOTk0OC0xMzU5MWFkYWNlODjYAgXgAgE&sid=f990c8e44d8a49a026ee40f8b9e3b3a2&aid=304142&ucfs=1&arphpl=1&checkin=2025-03-01&checkout=2025-03-08&dest_id=-372490&dest_type=city&group_adults=2&req_adults=2&no_rooms=1&group_children=0&req_children=0&hpos=22&hapos=353&sr_order=popularity&srpvid=af307f62bb9d0534&srepoch=1738174058&all_sr_blocks=242559201_363243554_0_0_0_476188&highlighted_blocks=242559201_363243554_0_0_0_476188&matching_block_id=242559201_363243554_0_0_0_476188&sr_pri_blocks=242559201_363243554_0_0_0_476188_221532&from=searchresults
Suites4days Provenza Apartment,"Eixample, Barcelona",https://www.booking.com/hotel/es/suites4days-provenza-apartment-barcelona74.html?label=gen173nr-1BCAEoggI46AdSAnVzWARoRogBAZgBMbgBGcgBD9gBAegBAYgCAagCA7gC-NjpvAbAAgHSAiQ4ZGVlZWVhMi1mOTI5LTRmOWQtOTk0OC0xMzU5MWFkYWNlODjYAgXgAgE&sid=f990c8e44d8a49a026ee40f8b9e3b3a2&aid=304142&ucfs=1&arphpl=1&checkin=2025-03-01&checkout=2025-03-08&dest_id=-372490&dest_type=city&group_adults=2&req_adults=2&no_rooms=1&group_children=0&req_children=0&hpos=23&hapos=354&sr_order=popularity&srpvid=af307f62bb9d0534&srepoch=1738174058&all_sr_blocks=938027601_367088183_3_0_0&highlighted_blocks=938027601_367088183_3_0_0&matching_block_id=938027601_367088183_3_0_0&sr_pri_blocks=938027601_367088183_3_0_0__266801&from=searchresults
The Vintage Rentals,"Gràcia, Barcelona",https://www.booking.com/hotel/es/the-vintage-apartments.html?label=gen173nr-1BCAEoggI46AdSAnVzWARoRogBAZgBMbgBGcgBD9gBAegBAYgCAagCA7gC-NjpvAbAAgHSAiQ4ZGVlZWVhMi1mOTI5LTRmOWQtOTk0OC0xMzU5MWFkYWNlODjYAgXgAgE&sid=f990c8e44d8a49a026ee40f8b9e3b3a2&aid=304142&ucfs=1&arphpl=1&checkin=2025-03-01&checkout=2025-03-08&dest_id=-372490&dest_type=city&group_adults=2&req_adults=2&no_rooms=1&group_children=0&req_children=0&hpos=24&hapos=355&sr_order=popularity&srpvid=af307f62bb9d0534&srepoch=1738174058&all_sr_blocks=35879014_354148582_2_42_0&highlighted_blocks=35879014_354148582_2_42_0&matching_block_id=35879014_354148582_2_42_0&sr_pri_blocks=35879014_354148582_2_42_0__273132&from=searchresults
Numa I Seda Apartments,"Ciutat Vella, Barcelona",https://www.booking.com/hotel/es/friendly-rentals-hopper.html?label=gen173nr-1BCAEoggI46AdSAnVzWARoRogBAZgBMbgBGcgBD9gBAegBAYgCAagCA7gC-NjpvAbAAgHSAiQ4ZGVlZWVhMi1mOTI5LTRmOWQtOTk0OC0xMzU5MWFkYWNlODjYAgXgAgE&sid=f990c8e44d8a49a026ee40f8b9e3b3a2&aid=304142&ucfs=1&arphpl=1&checkin=2025-03-01&checkout=2025-03-08&dest_id=-372490&dest_type=city&group_adults=2&req_adults=2&no_rooms=1&group_children=0&req_children=0&hpos=25&hapos=356&sr_order=popularity&srpvid=af307f62bb9d0534&srepoch=1738174058&all_sr_blocks=54649101_356261845_2_2_0&highlighted_blocks=54649101_356261845_2_2_0&matching_block_id=54649101_356261845_2_2_0&sr_pri_blocks=54649101_356261845_2_2_0__279200&from=searchresults
St. Antoni sky lounge,"Eixample, Barcelona",https://www.booking.com/hotel/es/st-antoni-sky-lounge.html?label=gen173nr-1BCAEoggI46AdSAnVzWARoRogBAZgBMbgBGcgBD9gBAegBAYgCAagCA7gC-NjpvAbAAgHSAiQ4ZGVlZWVhMi1mOTI5LTRmOWQtOTk0OC0xMzU5MWFkYWNlODjYAgXgAgE&sid=f990c8e44d8a49a026ee40f8b9e3b3a2&aid=304142&ucfs=1&arphpl=1&checkin=2025-03-01&checkout=2025-03-08&dest_id=-372490&dest_type=city&group_adults=2&req_adults=2&no_rooms=1&group_children=0&req_children=0&hpos=1&hapos=357&sr_order=popularity&srpvid=af307f62bb9d0534&srepoch=1738174060&all_sr_blocks=150276401_370860614_2_0_0&highlighted_blocks=150276401_370860614_2_0_0&matching_block_id=150276401_370860614_2_0_0&sr_pri_blocks=150276401_370860614_2_0_0__306787&from=searchresults
Marion House Barcelona,"Eixample, Barcelona",https://www.booking.com/hotel/es/marion-house-barcelona.html?label=gen173nr-1BCAEoggI46AdSAnVzWARoRogBAZgBMbgBGcgBD9gBAegBAYgCAagCA7gC-NjpvAbAAgHSAiQ4ZGVlZWVhMi1mOTI5LTRmOWQtOTk0OC0xMzU5MWFkYWNlODjYAgXgAgE&sid=f990c8e44d8a49a026ee40f8b9e3b3a2&aid=304142&ucfs=1&arphpl=1&checkin=2025-03-01&checkout=2025-03-08&dest_id=-372490&dest_type=city&group_adults=2&req_adults=2&no_rooms=1&group_children=0&req_children=0&hpos=2&hapos=358&sr_order=popularity&srpvid=af307f62bb9d0534&srepoch=1738174060&all_sr_blocks=1107585001_384148986_5_0_0&highlighted_blocks=1107585001_384148986_5_0_0&matching_block_id=1107585001_384148986_5_0_0&sr_pri_blocks=1107585001_384148986_5_0_0__344132&from=searchresults
Comfortable 3BD in Poblenou next to the beach!,"Sant Martí, Barcelona",https://www.booking.com/hotel/es/comfortable-3bd-in-poblenou-next-to-the-beach.html?label=gen173nr-1BCAEoggI46AdSAnVzWARoRogBAZgBMbgBGcgBD9gBAegBAYgCAagCA7gC-NjpvAbAAgHSAiQ4ZGVlZWVhMi1mOTI5LTRmOWQtOTk0OC0xMzU5MWFkYWNlODjYAgXgAgE&sid=f990c8e44d8a49a026ee40f8b9e3b3a2&aid=304142&ucfs=1&arphpl=1&checkin=2025-03-01&checkout=2025-03-08&dest_id=-372490&dest_type=city&group_adults=2&req_adults=2&no_rooms=1&group_children=0&req_children=0&hpos=3&hapos=359&sr_order=popularity&srpvid=af307f62bb9d0534&srepoch=1738174060&all_sr_blocks=985513902_399861664_4_0_0&highlighted_blocks=985513902_399861664_4_0_0&matching_block_id=985513902_399861664_4_0_0&sr_pri_blocks=985513902_399861664_4_0_0__295022&from=searchresults
Ampersand - Bright 2-Bedroom Apartment,"Gràcia, Barcelona",https://www.booking.com/hotel/es/ampersand-bright-2-bedroom-apartment.html?label=gen173nr-1BCAEoggI46AdSAnVzWARoRogBAZgBMbgBGcgBD9gBAegBAYgCAagCA7gC-NjpvAbAAgHSAiQ4ZGVlZWVhMi1mOTI5LTRmOWQtOTk0OC0xMzU5MWFkYWNlODjYAgXgAgE&sid=f990c8e44d8a49a026ee40f8b9e3b3a2&aid=304142&ucfs=1&arphpl=1&checkin=2025-03-01&checkout=2025-03-08&dest_id=-372490&dest_type=city&group_adults=2&req_adults=2&no_rooms=1&group_children=0&req_children=0&hpos=4&hapos=360&sr_order=popularity&srpvid=af307f62bb9d0534&srepoch=1738174060&all_sr_blocks=1183325602_407413854_4_0_0&highlighted_blocks=1183325602_407413854_4_0_0&matching_block_id=1183325602_407413854_4_0_0&sr_pri_blocks=1183325602_407413854_4_0_0__292515&from=searchresults
Lugaris Beach Apartments,"Sant Martí, Barcelona",https://www.booking.com/hotel/es/lugaris-sea-the-home-concept.html?label=gen173nr-1BCAEoggI46AdSAnVzWARoRogBAZgBMbgBGcgBD9gBAegBAYgCAagCA7gC-NjpvAbAAgHSAiQ4ZGVlZWVhMi1mOTI5LTRmOWQtOTk0OC0xMzU5MWFkYWNlODjYAgXgAgE&sid=f990c8e44d8a49a026ee40f8b9e3b3a2&aid=304142&ucfs=1&arphpl=1&checkin=2025-03-01&checkout=2025-03-08&dest_id=-372490&dest_type=city&group_adults=2&req_adults=2&no_rooms=1&group_children=0&req_children=0&hpos=5&hapos=361&sr_order=popularity&srpvid=af307f62bb9d0534&srepoch=1738174060&all_sr_blocks=26842401_0_2_0_0&highlighted_blocks=26842401_0_2_0_0&matching_block_id=26842401_0_2_0_0&sr_pri_blocks=26842401_0_2_0_0__184312&from_sustainable_property_sr=1&from=searchresults
Ro Lively and bright apartment next to Blai st,"Sants-Montjuïc, Barcelona",https://www.booking.com/hotel/es/apartment-pink-floyd.html?label=gen173nr-1BCAEoggI46AdSAnVzWARoRogBAZgBMbgBGcgBD9gBAegBAYgCAagCA7gC-NjpvAbAAgHSAiQ4ZGVlZWVhMi1mOTI5LTRmOWQtOTk0OC0xMzU5MWFkYWNlODjYAgXgAgE&sid=f990c8e44d8a49a026ee40f8b9e3b3a2&aid=304142&ucfs=1&arphpl=1&checkin=2025-03-01&checkout=2025-03-08&dest_id=-372490&dest_type=city&group_adults=2&req_adults=2&no_rooms=1&group_children=0&req_children=0&hpos=6&hapos=362&sr_order=popularity&srpvid=af307f62bb9d0534&srepoch=1738174060&all_sr_blocks=134681201_391284221_0_0_0&highlighted_blocks=134681201_391284221_0_0_0&matching_block_id=134681201_391284221_0_0_0&sr_pri_blocks=134681201_391284221_0_0_0__278132&from=searchresults
Aragón Sagrada Familia,"Eixample, Barcelona",https://www.booking.com/hotel/es/aragon-sagrada-familia.html?label=gen173nr-1BCAEoggI46AdSAnVzWARoRogBAZgBMbgBGcgBD9gBAegBAYgCAagCA7gC-NjpvAbAAgHSAiQ4ZGVlZWVhMi1mOTI5LTRmOWQtOTk0OC0xMzU5MWFkYWNlODjYAgXgAgE&sid=f990c8e44d8a49a026ee40f8b9e3b3a2&aid=304142&ucfs=1&arphpl=1&checkin=2025-03-01&checkout=2025-03-08&dest_id=-372490&dest_type=city&group_adults=2&req_adults=2&no_rooms=1&group_children=0&req_children=0&hpos=7&hapos=363&sr_order=popularity&srpvid=af307f62bb9d0534&srepoch=1738174060&all_sr_blocks=1256875001_398234427_4_0_0&highlighted_blocks=1256875001_398234427_4_0_0&matching_block_id=1256875001_398234427_4_0_0&sr_pri_blocks=1256875001_398234427_4_0_0__297105&from=searchresults
Apart céntrico con terraza en Gracia,"Gràcia, Barcelona",https://www.booking.com/hotel/es/apart-centrico-con-terraza-en-gracia.html?label=gen173nr-1BCAEoggI46AdSAnVzWARoRogBAZgBMbgBGcgBD9gBAegBAYgCAagCA7gC-NjpvAbAAgHSAiQ4ZGVlZWVhMi1mOTI5LTRmOWQtOTk0OC0xMzU5MWFkYWNlODjYAgXgAgE&sid=f990c8e44d8a49a026ee40f8b9e3b3a2&aid=304142&ucfs=1&arphpl=1&checkin=2025-03-01&checkout=2025-03-08&dest_id=-372490&dest_type=city&group_adults=2&req_adults=2&no_rooms=1&group_children=0&req_children=0&hpos=8&hapos=364&sr_order=popularity&srpvid=af307f62bb9d0534&srepoch=1738174060&all_sr_blocks=891272802_389700801_2_0_0&highlighted_blocks=891272802_389700801_2_0_0&matching_block_id=891272802_389700801_2_0_0&sr_pri_blocks=891272802_389700801_2_0_0__160492&from=searchresults
Centric Molino Theatre 1-1,"Sants-Montjuïc, Barcelona",https://www.booking.com/hotel/es/centric-apartment-molino-1.html?label=gen173nr-1BCAEoggI46AdSAnVzWARoRogBAZgBMbgBGcgBD9gBAegBAYgCAagCA7gC-NjpvAbAAgHSAiQ4ZGVlZWVhMi1mOTI5LTRmOWQtOTk0OC0xMzU5MWFkYWNlODjYAgXgAgE&sid=f990c8e44d8a49a026ee40f8b9e3b3a2&aid=304142&ucfs=1&arphpl=1&checkin=2025-03-01&checkout=2025-03-08&dest_id=-372490&dest_type=city&group_adults=2&req_adults=2&no_rooms=1&group_children=0&req_children=0&hpos=9&hapos=365&sr_order=popularity&srpvid=af307f62bb9d0534&srepoch=1738174060&all_sr_blocks=1156615101_388437357_2_0_0&highlighted_blocks=1156615101_388437357_2_0_0&matching_block_id=1156615101_388437357_2_0_0&sr_pri_blocks=1156615101_388437357_2_0_0__226632&from=searchresults
Cozy Flat With Unbeatable Views to Sagrada Familia,"Eixample, Barcelona",https://www.booking.com/hotel/es/casa-ema-sagrada-familia.html?label=gen173nr-1BCAEoggI46AdSAnVzWARoRogBAZgBMbgBGcgBD9gBAegBAYgCAagCA7gC-NjpvAbAAgHSAiQ4ZGVlZWVhMi1mOTI5LTRmOWQtOTk0OC0xMzU5MWFkYWNlODjYAgXgAgE&sid=f990c8e44d8a49a026ee40f8b9e3b3a2&aid=304142&ucfs=1&arphpl=1&checkin=2025-03-01&checkout=2025-03-08&dest_id=-372490&dest_type=city&group_adults=2&req_adults=2&no_rooms=1&group_children=0&req_children=0&hpos=10&hapos=366&sr_order=popularity&srpvid=af307f62bb9d0534&srepoch=1738174060&all_sr_blocks=275790701_369771581_6_0_0&highlighted_blocks=275790701_369771581_6_0_0&matching_block_id=275790701_369771581_6_0_0&sr_pri_blocks=275790701_369771581_6_0_0__383197&from=searchresults
Great Eixample Apartment,"Eixample, Barcelona",https://www.booking.com/hotel/es/great-eixample-apartment-barcelona.html?label=gen173nr-1BCAEoggI46AdSAnVzWARoRogBAZgBMbgBGcgBD9gBAegBAYgCAagCA7gC-NjpvAbAAgHSAiQ4ZGVlZWVhMi1mOTI5LTRmOWQtOTk0OC0xMzU5MWFkYWNlODjYAgXgAgE&sid=f990c8e44d8a49a026ee40f8b9e3b3a2&aid=304142&ucfs=1&arphpl=1&checkin=2025-03-01&checkout=2025-03-08&dest_id=-372490&dest_type=city&group_adults=2&req_adults=2&no_rooms=1&group_children=0&req_children=0&hpos=11&hapos=367&sr_order=popularity&srpvid=af307f62bb9d0534&srepoch=1738174060&all_sr_blocks=1115609801_389586761_8_0_0&highlighted_blocks=1115609801_389586761_8_0_0&matching_block_id=1115609801_389586761_8_0_0&sr_pri_blocks=1115609801_389586761_8_0_0__514853&from=searchresults
Hg City Suites Barcelona Apartments,"Sarrià-St. Gervasi, Barcelona",https://www.booking.com/hotel/es/hg-city-suites-barcelona-apartments.html?label=gen173nr-1BCAEoggI46AdSAnVzWARoRogBAZgBMbgBGcgBD9gBAegBAYgCAagCA7gC-NjpvAbAAgHSAiQ4ZGVlZWVhMi1mOTI5LTRmOWQtOTk0OC0xMzU5MWFkYWNlODjYAgXgAgE&sid=f990c8e44d8a49a026ee40f8b9e3b3a2&aid=304142&ucfs=1&arphpl=1&checkin=2025-03-01&checkout=2025-03-08&dest_id=-372490&dest_type=city&group_adults=2&req_adults=2&no_rooms=1&group_children=0&req_children=0&hpos=12&hapos=368&sr_order=popularity&srpvid=af307f62bb9d0534&srepoch=1738174060&all_sr_blocks=0_0_2_0_0&highlighted_blocks=0_0_2_0_0&matching_block_id=0_0_2_0_0&sr_pri_blocks=0_0_2_0_0__230988&from=searchresults
Stay U-nique Apartments Sant Eudald II,"Gràcia, Barcelona",https://www.booking.com/hotel/es/family-apartment-near-to-park-guell.html?label=gen173nr-1BCAEoggI46AdSAnVzWARoRogBAZgBMbgBGcgBD9gBAegBAYgCAagCA7gC-NjpvAbAAgHSAiQ4ZGVlZWVhMi1mOTI5LTRmOWQtOTk0OC0xMzU5MWFkYWNlODjYAgXgAgE&sid=f990c8e44d8a49a026ee40f8b9e3b3a2&aid=304142&ucfs=1&arphpl=1&checkin=2025-03-01&checkout=2025-03-08&dest_id=-372490&dest_type=city&group_adults=2&req_adults=2&no_rooms=1&group_children=0&req_children=0&hpos=13&hapos=369&sr_order=popularity&srpvid=af307f62bb9d0534&srepoch=1738174060&all_sr_blocks=949488802_376621924_4_0_0&highlighted_blocks=949488802_376621924_4_0_0&matching_block_id=949488802_376621924_4_0_0&sr_pri_blocks=949488802_376621924_4_0_0__195081&from=searchresults
Port VIII Apart céntrico en Paralelo cerca Rambla,"Sants-Montjuïc, Barcelona",https://www.booking.com/hotel/es/port-viii-apart-centrico-en-paralelo-cerca-ramblas.html?label=gen173nr-1BCAEoggI46AdSAnVzWARoRogBAZgBMbgBGcgBD9gBAegBAYgCAagCA7gC-NjpvAbAAgHSAiQ4ZGVlZWVhMi1mOTI5LTRmOWQtOTk0OC0xMzU5MWFkYWNlODjYAgXgAgE&sid=f990c8e44d8a49a026ee40f8b9e3b3a2&aid=304142&ucfs=1&arphpl=1&checkin=2025-03-01&checkout=2025-03-08&dest_id=-372490&dest_type=city&group_adults=2&req_adults=2&no_rooms=1&group_children=0&req_children=0&hpos=14&hapos=370&sr_order=popularity&srpvid=af307f62bb9d0534&srepoch=1738174060&all_sr_blocks=891621702_379493974_4_0_0&highlighted_blocks=891621702_379493974_4_0_0&matching_block_id=891621702_379493974_4_0_0&sr_pri_blocks=891621702_379493974_4_0_0__197832&from=searchresults
Modern and bright apartment in Eixample 1-2,"Eixample, Barcelona",https://www.booking.com/hotel/es/modern-and-bright-apartment-in-eixample-1-2.html?label=gen173nr-1BCAEoggI46AdSAnVzWARoRogBAZgBMbgBGcgBD9gBAegBAYgCAagCA7gC-NjpvAbAAgHSAiQ4ZGVlZWVhMi1mOTI5LTRmOWQtOTk0OC0xMzU5MWFkYWNlODjYAgXgAgE&sid=f990c8e44d8a49a026ee40f8b9e3b3a2&aid=304142&ucfs=1&arphpl=1&checkin=2025-03-01&checkout=2025-03-08&dest_id=-372490&dest_type=city&group_adults=2&req_adults=2&no_rooms=1&group_children=0&req_children=0&hpos=15&hapos=371&sr_order=popularity&srpvid=af307f62bb9d0534&srepoch=1738174060&all_sr_blocks=873679102_399861718_4_0_0&highlighted_blocks=873679102_399861718_4_0_0&matching_block_id=873679102_399861718_4_0_0&sr_pri_blocks=873679102_399861718_4_0_0__285502&from=searchresults
Fashion House,"Eixample, Barcelona",https://www.booking.com/hotel/es/fashion-house.html?label=gen173nr-1BCAEoggI46AdSAnVzWARoRogBAZgBMbgBGcgBD9gBAegBAYgCAagCA7gC-NjpvAbAAgHSAiQ4ZGVlZWVhMi1mOTI5LTRmOWQtOTk0OC0xMzU5MWFkYWNlODjYAgXgAgE&sid=f990c8e44d8a49a026ee40f8b9e3b3a2&aid=304142&ucfs=1&arphpl=1&checkin=2025-03-01&checkout=2025-03-08&dest_id=-372490&dest_type=city&group_adults=2&req_adults=2&no_rooms=1&group_children=0&req_children=0&hpos=16&hapos=372&sr_order=popularity&srpvid=af307f62bb9d0534&srepoch=1738174060&all_sr_blocks=1201110_332685443_0_2_0&highlighted_blocks=1201110_332685443_0_2_0&matching_block_id=1201110_332685443_0_2_0&sr_pri_blocks=1201110_332685443_0_2_0__117700&from=searchresults
"ApartEasy - MONUMENT, large, cosy apartment","Eixample, Barcelona",https://www.booking.com/hotel/es/monument-large-cosy-apartment.html?label=gen173nr-1BCAEoggI46AdSAnVzWARoRogBAZgBMbgBGcgBD9gBAegBAYgCAagCA7gC-NjpvAbAAgHSAiQ4ZGVlZWVhMi1mOTI5LTRmOWQtOTk0OC0xMzU5MWFkYWNlODjYAgXgAgE&sid=f990c8e44d8a49a026ee40f8b9e3b3a2&aid=304142&ucfs=1&arphpl=1&checkin=2025-03-01&checkout=2025-03-08&dest_id=-372490&dest_type=city&group_adults=2&req_adults=2&no_rooms=1&group_children=0&req_children=0&hpos=17&hapos=373&sr_order=popularity&srpvid=af307f62bb9d0534&srepoch=1738174060&all_sr_blocks=1325940002_405212115_3_0_0&highlighted_blocks=1325940002_405212115_3_0_0&matching_block_id=1325940002_405212115_3_0_0&sr_pri_blocks=1325940002_405212115_3_0_0__259298&from=searchresults
SANTS STATION PENTHOUSE,"Sants-Montjuïc, Barcelona",https://www.booking.com/hotel/es/sants-station-penthouse.html?label=gen173nr-1BCAEoggI46AdSAnVzWARoRogBAZgBMbgBGcgBD9gBAegBAYgCAagCA7gC-NjpvAbAAgHSAiQ4ZGVlZWVhMi1mOTI5LTRmOWQtOTk0OC0xMzU5MWFkYWNlODjYAgXgAgE&sid=f990c8e44d8a49a026ee40f8b9e3b3a2&aid=304142&ucfs=1&arphpl=1&checkin=2025-03-01&checkout=2025-03-08&dest_id=-372490&dest_type=city&group_adults=2&req_adults=2&no_rooms=1&group_children=0&req_children=0&hpos=18&hapos=374&sr_order=popularity&srpvid=af307f62bb9d0534&srepoch=1738174060&all_sr_blocks=448722501_367088184_0_0_0&highlighted_blocks=448722501_367088184_0_0_0&matching_block_id=448722501_367088184_0_0_0&sr_pri_blocks=448722501_367088184_0_0_0__242823&from=searchresults
Modern and bright apartment in Eixample 3-1,"Eixample, Barcelona",https://www.booking.com/hotel/es/modern-and-bright-apartment-in-eixample-3-1.html?label=gen173nr-1BCAEoggI46AdSAnVzWARoRogBAZgBMbgBGcgBD9gBAegBAYgCAagCA7gC-NjpvAbAAgHSAiQ4ZGVlZWVhMi1mOTI5LTRmOWQtOTk0OC0xMzU5MWFkYWNlODjYAgXgAgE&sid=f990c8e44d8a49a026ee40f8b9e3b3a2&aid=304142&ucfs=1&arphpl=1&checkin=2025-03-01&checkout=2025-03-08&dest_id=-372490&dest_type=city&group_adults=2&req_adults=2&no_rooms=1&group_children=0&req_children=0&hpos=19&hapos=375&sr_order=popularity&srpvid=af307f62bb9d0534&srepoch=1738174060&all_sr_blocks=873681302_399861656_4_0_0&highlighted_blocks=873681302_399861656_4_0_0&matching_block_id=873681302_399861656_4_0_0&sr_pri_blocks=873681302_399861656_4_0_0__271727&from=searchresults
En Ville Boutique Apartments Sant Antoni,"Eixample, Barcelona",https://www.booking.com/hotel/es/en-ville-apartments-barcelona.html?label=gen173nr-1BCAEoggI46AdSAnVzWARoRogBAZgBMbgBGcgBD9gBAegBAYgCAagCA7gC-NjpvAbAAgHSAiQ4ZGVlZWVhMi1mOTI5LTRmOWQtOTk0OC0xMzU5MWFkYWNlODjYAgXgAgE&sid=f990c8e44d8a49a026ee40f8b9e3b3a2&aid=304142&ucfs=1&arphpl=1&checkin=2025-03-01&checkout=2025-03-08&dest_id=-372490&dest_type=city&group_adults=2&req_adults=2&no_rooms=1&group_children=0&req_children=0&hpos=20&hapos=376&sr_order=popularity&srpvid=af307f62bb9d0534&srepoch=1738174060&all_sr_blocks=117634605_387056702_2_0_0&highlighted_blocks=117634605_387056702_2_0_0&matching_block_id=117634605_387056702_2_0_0&sr_pri_blocks=117634605_387056702_2_0_0__278924&from=searchresults
Palau de la música 2,"Ciutat Vella, Barcelona",https://www.booking.com/hotel/es/palau-de-la-musica-2.html?label=gen173nr-1BCAEoggI46AdSAnVzWARoRogBAZgBMbgBGcgBD9gBAegBAYgCAagCA7gC-NjpvAbAAgHSAiQ4ZGVlZWVhMi1mOTI5LTRmOWQtOTk0OC0xMzU5MWFkYWNlODjYAgXgAgE&sid=f990c8e44d8a49a026ee40f8b9e3b3a2&aid=304142&ucfs=1&arphpl=1&checkin=2025-03-01&checkout=2025-03-08&dest_id=-372490&dest_type=city&group_adults=2&req_adults=2&no_rooms=1&group_children=0&req_children=0&hpos=21&hapos=377&sr_order=popularity&srpvid=af307f62bb9d0534&srepoch=1738174060&all_sr_blocks=1240809201_396016157_4_0_0&highlighted_blocks=1240809201_396016157_4_0_0&matching_block_id=1240809201_396016157_4_0_0&sr_pri_blocks=1240809201_396016157_4_0_0__224157&from=searchresults
Duplex in Gracia,"Gràcia, Barcelona",https://www.booking.com/hotel/es/duplex-in-gracia.html?label=gen173nr-1BCAEoggI46AdSAnVzWARoRogBAZgBMbgBGcgBD9gBAegBAYgCAagCA7gC-NjpvAbAAgHSAiQ4ZGVlZWVhMi1mOTI5LTRmOWQtOTk0OC0xMzU5MWFkYWNlODjYAgXgAgE&sid=f990c8e44d8a49a026ee40f8b9e3b3a2&aid=304142&ucfs=1&arphpl=1&checkin=2025-03-01&checkout=2025-03-08&dest_id=-372490&dest_type=city&group_adults=2&req_adults=2&no_rooms=1&group_children=0&req_children=0&hpos=22&hapos=378&sr_order=popularity&srpvid=af307f62bb9d0534&srepoch=1738174060&all_sr_blocks=1239423501_396036898_4_0_0&highlighted_blocks=1239423501_396036898_4_0_0&matching_block_id=1239423501_396036898_4_0_0&sr_pri_blocks=1239423501_396036898_4_0_0__245667&from=searchresults
Catalonia Park Güell,"Gràcia, Barcelona",https://www.booking.com/hotel/es/catalonia-park-guell.html?label=gen173nr-1BCAEoggI46AdSAnVzWARoRogBAZgBMbgBGcgBD9gBAegBAYgCAagCA7gC-NjpvAbAAgHSAiQ4ZGVlZWVhMi1mOTI5LTRmOWQtOTk0OC0xMzU5MWFkYWNlODjYAgXgAgE&sid=f990c8e44d8a49a026ee40f8b9e3b3a2&aid=304142&ucfs=1&arphpl=1&checkin=2025-03-01&checkout=2025-03-08&dest_id=-372490&dest_type=city&group_adults=2&req_adults=2&no_rooms=1&group_children=0&req_children=0&hpos=23&hapos=379&sr_order=popularity&srpvid=af307f62bb9d0534&srepoch=1738174060&all_sr_blocks=9058908_88181949_0_2_0&highlighted_blocks=9058908_88181949_0_2_0&matching_block_id=9058908_88181949_0_2_0&sr_pri_blocks=9058908_88181949_0_2_0__148700&from_sustainable_property_sr=1&from=searchresults
Axel TWO Barcelona 4 Sup - Adults Only,"Eixample, Barcelona",https://www.booking.com/hotel/es/two-barcelona-by-axel.html?label=gen173nr-1BCAEoggI46AdSAnVzWARoRogBAZgBMbgBGcgBD9gBAegBAYgCAagCA7gC-NjpvAbAAgHSAiQ4ZGVlZWVhMi1mOTI5LTRmOWQtOTk0OC0xMzU5MWFkYWNlODjYAgXgAgE&sid=f990c8e44d8a49a026ee40f8b9e3b3a2&aid=304142&ucfs=1&arphpl=1&checkin=2025-03-01&checkout=2025-03-08&dest_id=-372490&dest_type=city&group_adults=2&req_adults=2&no_rooms=1&group_children=0&req_children=0&hpos=24&hapos=380&sr_order=popularity&srpvid=af307f62bb9d0534&srepoch=1738174060&all_sr_blocks=131688502_261958602_0_2_0&highlighted_blocks=131688502_261958602_0_2_0&matching_block_id=131688502_261958602_0_2_0&sr_pri_blocks=131688502_261958602_0_2_0__254077&from=searchresults
Hostal La Terrassa,"Ciutat Vella, Barcelona",https://www.booking.com/hotel/es/la-terrassa-barcelona.html?label=gen173nr-1BCAEoggI46AdSAnVzWARoRogBAZgBMbgBGcgBD9gBAegBAYgCAagCA7gC-NjpvAbAAgHSAiQ4ZGVlZWVhMi1mOTI5LTRmOWQtOTk0OC0xMzU5MWFkYWNlODjYAgXgAgE&sid=f990c8e44d8a49a026ee40f8b9e3b3a2&aid=304142&ucfs=1&arphpl=1&checkin=2025-03-01&checkout=2025-03-08&dest_id=-372490&dest_type=city&group_adults=2&req_adults=2&no_rooms=1&group_children=0&req_children=0&hpos=1&hapos=381&sr_order=popularity&srpvid=af307f62bb9d0534&srepoch=1738174063&all_sr_blocks=31097506_88497695_0_0_0&highlighted_blocks=31097506_88497695_0_0_0&matching_block_id=31097506_88497695_0_0_0&sr_pri_blocks=31097506_88497695_0_0_0__127400&from=searchresults
Sagrada Familia,"Eixample, Barcelona",https://www.booking.com/hotel/es/sagrada-familia-barcelona25.html?label=gen173nr-1BCAEoggI46AdSAnVzWARoRogBAZgBMbgBGcgBD9gBAegBAYgCAagCA7gC-NjpvAbAAgHSAiQ4ZGVlZWVhMi1mOTI5LTRmOWQtOTk0OC0xMzU5MWFkYWNlODjYAgXgAgE&sid=f990c8e44d8a49a026ee40f8b9e3b3a2&aid=304142&ucfs=1&arphpl=1&checkin=2025-03-01&checkout=2025-03-08&dest_id=-372490&dest_type=city&group_adults=2&req_adults=2&no_rooms=1&group_children=0&req_children=0&hpos=2&hapos=382&sr_order=popularity&srpvid=af307f62bb9d0534&srepoch=1738174063&all_sr_blocks=1025844501_393499865_0_0_0&highlighted_blocks=1025844501_393499865_0_0_0&matching_block_id=1025844501_393499865_0_0_0&sr_pri_blocks=1025844501_393499865_0_0_0__302294&from=searchresults
Tendency Apartments Miro 6,"Sarrià-St. Gervasi, Barcelona",https://www.booking.com/hotel/es/tendency-apartments-miro-6.html?label=gen173nr-1BCAEoggI46AdSAnVzWARoRogBAZgBMbgBGcgBD9gBAegBAYgCAagCA7gC-NjpvAbAAgHSAiQ4ZGVlZWVhMi1mOTI5LTRmOWQtOTk0OC0xMzU5MWFkYWNlODjYAgXgAgE&sid=f990c8e44d8a49a026ee40f8b9e3b3a2&aid=304142&ucfs=1&arphpl=1&checkin=2025-03-01&checkout=2025-03-08&dest_id=-372490&dest_type=city&group_adults=2&req_adults=2&no_rooms=1&group_children=0&req_children=0&hpos=3&hapos=383&sr_order=popularity&srpvid=af307f62bb9d0534&srepoch=1738174063&all_sr_blocks=1033340401_375952025_4_0_0&highlighted_blocks=1033340401_375952025_4_0_0&matching_block_id=1033340401_375952025_4_0_0&sr_pri_blocks=1033340401_375952025_4_0_0__341030&from=searchresults
4bedroom apart with balcony in Las Ramblas 1 1,"Ciutat Vella, Barcelona",https://www.booking.com/hotel/es/4bedroom-apartment-with-a-balcony-in-las-ramblas-1-1.html?label=gen173nr-1BCAEoggI46AdSAnVzWARoRogBAZgBMbgBGcgBD9gBAegBAYgCAagCA7gC-NjpvAbAAgHSAiQ4ZGVlZWVhMi1mOTI5LTRmOWQtOTk0OC0xMzU5MWFkYWNlODjYAgXgAgE&sid=f990c8e44d8a49a026ee40f8b9e3b3a2&aid=304142&ucfs=1&arphpl=1&checkin=2025-03-01&checkout=2025-03-08&dest_id=-372490&dest_type=city&group_adults=2&req_adults=2&no_rooms=1&group_children=0&req_children=0&hpos=4&hapos=384&sr_order=popularity&srpvid=af307f62bb9d0534&srepoch=1738174063&all_sr_blocks=874019202_399861474_6_0_0&highlighted_blocks=874019202_399861474_6_0_0&matching_block_id=874019202_399861474_6_0_0&sr_pri_blocks=874019202_399861474_6_0_0__494212&from=searchresults
Beautiful apartment in Las Ramblas Barcelona 6pax,"Ciutat Vella, Barcelona",https://www.booking.com/hotel/es/las-ramblas-bcn-excellent-location-5-pax.html?label=gen173nr-1BCAEoggI46AdSAnVzWARoRogBAZgBMbgBGcgBD9gBAegBAYgCAagCA7gC-NjpvAbAAgHSAiQ4ZGVlZWVhMi1mOTI5LTRmOWQtOTk0OC0xMzU5MWFkYWNlODjYAgXgAgE&sid=f990c8e44d8a49a026ee40f8b9e3b3a2&aid=304142&ucfs=1&arphpl=1&checkin=2025-03-01&checkout=2025-03-08&dest_id=-372490&dest_type=city&group_adults=2&req_adults=2&no_rooms=1&group_children=0&req_children=0&hpos=5&hapos=385&sr_order=popularity&srpvid=af307f62bb9d0534&srepoch=1738174063&all_sr_blocks=944419201_384618608_6_0_0&highlighted_blocks=944419201_384618608_6_0_0&matching_block_id=944419201_384618608_6_0_0&sr_pri_blocks=944419201_384618608_6_0_0__293127&from=searchresults
Elegant apartment Poblenou beach,"Sant Martí, Barcelona",https://www.booking.com/hotel/es/elegant-apartment-poblenou-beach.html?label=gen173nr-1BCAEoggI46AdSAnVzWARoRogBAZgBMbgBGcgBD9gBAegBAYgCAagCA7gC-NjpvAbAAgHSAiQ4ZGVlZWVhMi1mOTI5LTRmOWQtOTk0OC0xMzU5MWFkYWNlODjYAgXgAgE&sid=f990c8e44d8a49a026ee40f8b9e3b3a2&aid=304142&ucfs=1&arphpl=1&checkin=2025-03-01&checkout=2025-03-08&dest_id=-372490&dest_type=city&group_adults=2&req_adults=2&no_rooms=1&group_children=0&req_children=0&hpos=6&hapos=386&sr_order=popularity&srpvid=af307f62bb9d0534&srepoch=1738174063&all_sr_blocks=1255016201_398016876_2_0_0&highlighted_blocks=1255016201_398016876_2_0_0&matching_block_id=1255016201_398016876_2_0_0&sr_pri_blocks=1255016201_398016876_2_0_0__212467&from=searchresults
Stay Barcelona Sant Antoni,"Eixample, Barcelona",https://www.booking.com/hotel/es/stay-barcelona-sant-antoni.html?label=gen173nr-1BCAEoggI46AdSAnVzWARoRogBAZgBMbgBGcgBD9gBAegBAYgCAagCA7gC-NjpvAbAAgHSAiQ4ZGVlZWVhMi1mOTI5LTRmOWQtOTk0OC0xMzU5MWFkYWNlODjYAgXgAgE&sid=f990c8e44d8a49a026ee40f8b9e3b3a2&aid=304142&ucfs=1&arphpl=1&checkin=2025-03-01&checkout=2025-03-08&dest_id=-372490&dest_type=city&group_adults=2&req_adults=2&no_rooms=1&group_children=0&req_children=0&hpos=7&hapos=387&sr_order=popularity&srpvid=af307f62bb9d0534&srepoch=1738174063&all_sr_blocks=213569501_365584981_2_0_0&highlighted_blocks=213569501_365584981_2_0_0&matching_block_id=213569501_365584981_2_0_0&sr_pri_blocks=213569501_365584981_2_0_0__197332&from=searchresults
The White Flats Sant Antoni,"Eixample, Barcelona",https://www.booking.com/hotel/es/the-white-flats-sant-antoni.html?label=gen173nr-1BCAEoggI46AdSAnVzWARoRogBAZgBMbgBGcgBD9gBAegBAYgCAagCA7gC-NjpvAbAAgHSAiQ4ZGVlZWVhMi1mOTI5LTRmOWQtOTk0OC0xMzU5MWFkYWNlODjYAgXgAgE&sid=f990c8e44d8a49a026ee40f8b9e3b3a2&aid=304142&ucfs=1&arphpl=1&checkin=2025-03-01&checkout=2025-03-08&dest_id=-372490&dest_type=city&group_adults=2&req_adults=2&no_rooms=1&group_children=0&req_children=0&hpos=8&hapos=388&sr_order=popularity&srpvid=af307f62bb9d0534&srepoch=1738174063&all_sr_blocks=83550604_379482359_3_0_0&highlighted_blocks=83550604_379482359_3_0_0&matching_block_id=83550604_379482359_3_0_0&sr_pri_blocks=83550604_379482359_3_0_0__541182&from=searchresults
Stylish Apartment with Terrace for Couple or Family,"Sants-Montjuïc, Barcelona",https://www.booking.com/hotel/es/amazing-new-apartment-in-the-heart-of-barcelona.html?label=gen173nr-1BCAEoggI46AdSAnVzWARoRogBAZgBMbgBGcgBD9gBAegBAYgCAagCA7gC-NjpvAbAAgHSAiQ4ZGVlZWVhMi1mOTI5LTRmOWQtOTk0OC0xMzU5MWFkYWNlODjYAgXgAgE&sid=f990c8e44d8a49a026ee40f8b9e3b3a2&aid=304142&ucfs=1&arphpl=1&checkin=2025-03-01&checkout=2025-03-08&dest_id=-372490&dest_type=city&group_adults=2&req_adults=2&no_rooms=1&group_children=0&req_children=0&hpos=9&hapos=389&sr_order=popularity&srpvid=af307f62bb9d0534&srepoch=1738174063&all_sr_blocks=340884401_374777324_2_0_0&highlighted_blocks=340884401_374777324_2_0_0&matching_block_id=340884401_374777324_2_0_0&sr_pri_blocks=340884401_374777324_2_0_0__363757&from=searchresults
Tendency Apartments 3,"Sant Martí, Barcelona",https://www.booking.com/hotel/es/tendency-group-apartments-3.html?label=gen173nr-1BCAEoggI46AdSAnVzWARoRogBAZgBMbgBGcgBD9gBAegBAYgCAagCA7gC-NjpvAbAAgHSAiQ4ZGVlZWVhMi1mOTI5LTRmOWQtOTk0OC0xMzU5MWFkYWNlODjYAgXgAgE&sid=f990c8e44d8a49a026ee40f8b9e3b3a2&aid=304142&ucfs=1&arphpl=1&checkin=2025-03-01&checkout=2025-03-08&dest_id=-372490&dest_type=city&group_adults=2&req_adults=2&no_rooms=1&group_children=0&req_children=0&hpos=10&hapos=390&sr_order=popularity&srpvid=af307f62bb9d0534&srepoch=1738174063&all_sr_blocks=27884001_372482598_5_0_0&highlighted_blocks=27884001_372482598_5_0_0&matching_block_id=27884001_372482598_5_0_0&sr_pri_blocks=27884001_372482598_5_0_0__457165&from=searchresults
Ma Bright apartment next to Parc de Montjuïc,"Sants-Montjuïc, Barcelona",https://www.booking.com/hotel/es/apartment-montjuic.html?label=gen173nr-1BCAEoggI46AdSAnVzWARoRogBAZgBMbgBGcgBD9gBAegBAYgCAagCA7gC-NjpvAbAAgHSAiQ4ZGVlZWVhMi1mOTI5LTRmOWQtOTk0OC0xMzU5MWFkYWNlODjYAgXgAgE&sid=f990c8e44d8a49a026ee40f8b9e3b3a2&aid=304142&ucfs=1&arphpl=1&checkin=2025-03-01&checkout=2025-03-08&dest_id=-372490&dest_type=city&group_adults=2&req_adults=2&no_rooms=1&group_children=0&req_children=0&hpos=11&hapos=391&sr_order=popularity&srpvid=af307f62bb9d0534&srepoch=1738174063&all_sr_blocks=117652401_388239730_3_0_0&highlighted_blocks=117652401_388239730_3_0_0&matching_block_id=117652401_388239730_3_0_0&sr_pri_blocks=117652401_388239730_3_0_0__278132&from=searchresults
Palau de la música 7,"Ciutat Vella, Barcelona",https://www.booking.com/hotel/es/palau-de-la-musica-7.html?label=gen173nr-1BCAEoggI46AdSAnVzWARoRogBAZgBMbgBGcgBD9gBAegBAYgCAagCA7gC-NjpvAbAAgHSAiQ4ZGVlZWVhMi1mOTI5LTRmOWQtOTk0OC0xMzU5MWFkYWNlODjYAgXgAgE&sid=f990c8e44d8a49a026ee40f8b9e3b3a2&aid=304142&ucfs=1&arphpl=1&checkin=2025-03-01&checkout=2025-03-08&dest_id=-372490&dest_type=city&group_adults=2&req_adults=2&no_rooms=1&group_children=0&req_children=0&hpos=12&hapos=392&sr_order=popularity&srpvid=af307f62bb9d0534&srepoch=1738174063&all_sr_blocks=1244583901_396570401_4_0_0&highlighted_blocks=1244583901_396570401_4_0_0&matching_block_id=1244583901_396570401_4_0_0&sr_pri_blocks=1244583901_396570401_4_0_0__224157&from=searchresults
Palau de la música 13,"Ciutat Vella, Barcelona",https://www.booking.com/hotel/es/palau-de-la-musica-13.html?label=gen173nr-1BCAEoggI46AdSAnVzWARoRogBAZgBMbgBGcgBD9gBAegBAYgCAagCA7gC-NjpvAbAAgHSAiQ4ZGVlZWVhMi1mOTI5LTRmOWQtOTk0OC0xMzU5MWFkYWNlODjYAgXgAgE&sid=f990c8e44d8a49a026ee40f8b9e3b3a2&aid=304142&ucfs=1&arphpl=1&checkin=2025-03-01&checkout=2025-03-08&dest_id=-372490&dest_type=city&group_adults=2&req_adults=2&no_rooms=1&group_children=0&req_children=0&hpos=13&hapos=393&sr_order=popularity&srpvid=af307f62bb9d0534&srepoch=1738174063&all_sr_blocks=1245236301_396675766_2_0_0&highlighted_blocks=1245236301_396675766_2_0_0&matching_block_id=1245236301_396675766_2_0_0&sr_pri_blocks=1245236301_396675766_2_0_0__199457&from=searchresults
Poblenou beach experience,"Sant Martí, Barcelona",https://www.booking.com/hotel/es/poblenou-beach-experience.html?label=gen173nr-1BCAEoggI46AdSAnVzWARoRogBAZgBMbgBGcgBD9gBAegBAYgCAagCA7gC-NjpvAbAAgHSAiQ4ZGVlZWVhMi1mOTI5LTRmOWQtOTk0OC0xMzU5MWFkYWNlODjYAgXgAgE&sid=f990c8e44d8a49a026ee40f8b9e3b3a2&aid=304142&ucfs=1&arphpl=1&checkin=2025-03-01&checkout=2025-03-08&dest_id=-372490&dest_type=city&group_adults=2&req_adults=2&no_rooms=1&group_children=0&req_children=0&hpos=14&hapos=394&sr_order=popularity&srpvid=af307f62bb9d0534&srepoch=1738174063&all_sr_blocks=1312368501_404009167_2_0_0&highlighted_blocks=1312368501_404009167_2_0_0&matching_block_id=1312368501_404009167_2_0_0&sr_pri_blocks=1312368501_404009167_2_0_0__261682&from=searchresults
Habitat Apartments Plaza España Urban,"Sants-Montjuïc, Barcelona",https://www.booking.com/hotel/es/habitat-apartments-plaza-espana-urban.html?label=gen173nr-1BCAEoggI46AdSAnVzWARoRogBAZgBMbgBGcgBD9gBAegBAYgCAagCA7gC-NjpvAbAAgHSAiQ4ZGVlZWVhMi1mOTI5LTRmOWQtOTk0OC0xMzU5MWFkYWNlODjYAgXgAgE&sid=f990c8e44d8a49a026ee40f8b9e3b3a2&aid=304142&ucfs=1&arphpl=1&checkin=2025-03-01&checkout=2025-03-08&dest_id=-372490&dest_type=city&group_adults=2&req_adults=2&no_rooms=1&group_children=0&req_children=0&hpos=15&hapos=395&sr_order=popularity&srpvid=af307f62bb9d0534&srepoch=1738174063&all_sr_blocks=743164801_329519651_2_0_0&highlighted_blocks=743164801_329519651_2_0_0&matching_block_id=743164801_329519651_2_0_0&sr_pri_blocks=743164801_329519651_2_0_0__232744&from=searchresults
Alcam Futbol Pequeño,"Les Corts, Barcelona",https://www.booking.com/hotel/es/alcam-futbol-pequeno.html?label=gen173nr-1BCAEoggI46AdSAnVzWARoRogBAZgBMbgBGcgBD9gBAegBAYgCAagCA7gC-NjpvAbAAgHSAiQ4ZGVlZWVhMi1mOTI5LTRmOWQtOTk0OC0xMzU5MWFkYWNlODjYAgXgAgE&sid=f990c8e44d8a49a026ee40f8b9e3b3a2&aid=304142&ucfs=1&arphpl=1&checkin=2025-03-01&checkout=2025-03-08&dest_id=-372490&dest_type=city&group_adults=2&req_adults=2&no_rooms=1&group_children=0&req_children=0&hpos=16&hapos=396&sr_order=popularity&srpvid=af307f62bb9d0534&srepoch=1738174063&all_sr_blocks=1160577601_397104360_0_0_0&highlighted_blocks=1160577601_397104360_0_0_0&matching_block_id=1160577601_397104360_0_0_0&sr_pri_blocks=1160577601_397104360_0_0_0__246553&from=searchresults
Numa I Lustre Apartments,"Ciutat Vella, Barcelona",https://www.booking.com/hotel/es/friendly-rentals-mozart.html?label=gen173nr-1BCAEoggI46AdSAnVzWARoRogBAZgBMbgBGcgBD9gBAegBAYgCAagCA7gC-NjpvAbAAgHSAiQ4ZGVlZWVhMi1mOTI5LTRmOWQtOTk0OC0xMzU5MWFkYWNlODjYAgXgAgE&sid=f990c8e44d8a49a026ee40f8b9e3b3a2&aid=304142&ucfs=1&arphpl=1&checkin=2025-03-01&checkout=2025-03-08&dest_id=-372490&dest_type=city&group_adults=2&req_adults=2&no_rooms=1&group_children=0&req_children=0&hpos=17&hapos=397&sr_order=popularity&srpvid=af307f62bb9d0534&srepoch=1738174063&all_sr_blocks=88381101_356261907_2_2_0&highlighted_blocks=88381101_356261907_2_2_0&matching_block_id=88381101_356261907_2_2_0&sr_pri_blocks=88381101_356261907_2_2_0__265500&from=searchresults
Hostourist@Bcn Apartamento Monumental,"Eixample, Barcelona",https://www.booking.com/hotel/es/hostourist-bcn-apartamento-monumental.html?label=gen173nr-1BCAEoggI46AdSAnVzWARoRogBAZgBMbgBGcgBD9gBAegBAYgCAagCA7gC-NjpvAbAAgHSAiQ4ZGVlZWVhMi1mOTI5LTRmOWQtOTk0OC0xMzU5MWFkYWNlODjYAgXgAgE&sid=f990c8e44d8a49a026ee40f8b9e3b3a2&aid=304142&ucfs=1&arphpl=1&checkin=2025-03-01&checkout=2025-03-08&dest_id=-372490&dest_type=city&group_adults=2&req_adults=2&no_rooms=1&group_children=0&req_children=0&hpos=18&hapos=398&sr_order=popularity&srpvid=af307f62bb9d0534&srepoch=1738174063&all_sr_blocks=1054068501_378088115_4_0_0&highlighted_blocks=1054068501_378088115_4_0_0&matching_block_id=1054068501_378088115_4_0_0&sr_pri_blocks=1054068501_378088115_4_0_0__254627&from=searchresults
Tendency Apartments 8,"Eixample, Barcelona",https://www.booking.com/hotel/es/tendency-apartments-8.html?label=gen173nr-1BCAEoggI46AdSAnVzWARoRogBAZgBMbgBGcgBD9gBAegBAYgCAagCA7gC-NjpvAbAAgHSAiQ4ZGVlZWVhMi1mOTI5LTRmOWQtOTk0OC0xMzU5MWFkYWNlODjYAgXgAgE&sid=f990c8e44d8a49a026ee40f8b9e3b3a2&aid=304142&ucfs=1&arphpl=1&checkin=2025-03-01&checkout=2025-03-08&dest_id=-372490&dest_type=city&group_adults=2&req_adults=2&no_rooms=1&group_children=0&req_children=0&hpos=19&hapos=399&sr_order=popularity&srpvid=af307f62bb9d0534&srepoch=1738174063&all_sr_blocks=544037302_372482514_4_0_0&highlighted_blocks=544037302_372482514_4_0_0&matching_block_id=544037302_372482514_4_0_0&sr_pri_blocks=544037302_372482514_4_0_0__263122&from=searchresults
Kronos on the Beach Attic Suite,"Ciutat Vella, Barcelona",https://www.booking.com/hotel/es/barceloneta-attic-suite.html?label=gen173nr-1BCAEoggI46AdSAnVzWARoRogBAZgBMbgBGcgBD9gBAegBAYgCAagCA7gC-NjpvAbAAgHSAiQ4ZGVlZWVhMi1mOTI5LTRmOWQtOTk0OC0xMzU5MWFkYWNlODjYAgXgAgE&sid=f990c8e44d8a49a026ee40f8b9e3b3a2&aid=304142&ucfs=1&arphpl=1&checkin=2025-03-01&checkout=2025-03-08&dest_id=-372490&dest_type=city&group_adults=2&req_adults=2&no_rooms=1&group_children=0&req_children=0&hpos=20&hapos=400&sr_order=popularity&srpvid=af307f62bb9d0534&srepoch=1738174063&all_sr_blocks=628612802_381977175_2_0_0&highlighted_blocks=628612802_381977175_2_0_0&matching_block_id=628612802_381977175_2_0_0&sr_pri_blocks=628612802_381977175_2_0_0__490231&from=searchresults
Basic Platja,"Sant Martí, Barcelona",https://www.booking.com/hotel/es/basic-platja-barcelona.html?label=gen173nr-1BCAEoggI46AdSAnVzWARoRogBAZgBMbgBGcgBD9gBAegBAYgCAagCA7gC-NjpvAbAAgHSAiQ4ZGVlZWVhMi1mOTI5LTRmOWQtOTk0OC0xMzU5MWFkYWNlODjYAgXgAgE&sid=f990c8e44d8a49a026ee40f8b9e3b3a2&aid=304142&ucfs=1&arphpl=1&checkin=2025-03-01&checkout=2025-03-08&dest_id=-372490&dest_type=city&group_adults=2&req_adults=2&no_rooms=1&group_children=0&req_children=0&hpos=21&hapos=401&sr_order=popularity&srpvid=af307f62bb9d0534&srepoch=1738174063&all_sr_blocks=507841101_402146779_4_0_0&highlighted_blocks=507841101_402146779_4_0_0&matching_block_id=507841101_402146779_4_0_0&sr_pri_blocks=507841101_402146779_4_0_0__239012&from=searchresults
Port VI Apart céntrico ideal familias 22,"Sants-Montjuïc, Barcelona",https://www.booking.com/hotel/es/port-vi-apart-centrico-ideal-familias-22.html?label=gen173nr-1BCAEoggI46AdSAnVzWARoRogBAZgBMbgBGcgBD9gBAegBAYgCAagCA7gC-NjpvAbAAgHSAiQ4ZGVlZWVhMi1mOTI5LTRmOWQtOTk0OC0xMzU5MWFkYWNlODjYAgXgAgE&sid=f990c8e44d8a49a026ee40f8b9e3b3a2&aid=304142&ucfs=1&arphpl=1&checkin=2025-03-01&checkout=2025-03-08&dest_id=-372490&dest_type=city&group_adults=2&req_adults=2&no_rooms=1&group_children=0&req_children=0&hpos=22&hapos=402&sr_order=popularity&srpvid=af307f62bb9d0534&srepoch=1738174063&all_sr_blocks=1055005002_382159345_4_0_0&highlighted_blocks=1055005002_382159345_4_0_0&matching_block_id=1055005002_382159345_4_0_0&sr_pri_blocks=1055005002_382159345_4_0_0__285908&from=searchresults
Penthouse with terrace in Poblenou,"Sant Martí, Barcelona",https://www.booking.com/hotel/es/penthouse-with-terrace-in-poblenou.html?label=gen173nr-1BCAEoggI46AdSAnVzWARoRogBAZgBMbgBGcgBD9gBAegBAYgCAagCA7gC-NjpvAbAAgHSAiQ4ZGVlZWVhMi1mOTI5LTRmOWQtOTk0OC0xMzU5MWFkYWNlODjYAgXgAgE&sid=f990c8e44d8a49a026ee40f8b9e3b3a2&aid=304142&ucfs=1&arphpl=1&checkin=2025-03-01&checkout=2025-03-08&dest_id=-372490&dest_type=city&group_adults=2&req_adults=2&no_rooms=1&group_children=0&req_children=0&hpos=23&hapos=403&sr_order=popularity&srpvid=af307f62bb9d0534&srepoch=1738174063&all_sr_blocks=1315773202_404806858_8_0_0&highlighted_blocks=1315773202_404806858_8_0_0&matching_block_id=1315773202_404806858_8_0_0&sr_pri_blocks=1315773202_404806858_8_0_0__386240&from=searchresults
Tendency Rambla Catalunya,"Eixample, Barcelona",https://www.booking.com/hotel/es/apartment-miro-iv.html?label=gen173nr-1BCAEoggI46AdSAnVzWARoRogBAZgBMbgBGcgBD9gBAegBAYgCAagCA7gC-NjpvAbAAgHSAiQ4ZGVlZWVhMi1mOTI5LTRmOWQtOTk0OC0xMzU5MWFkYWNlODjYAgXgAgE&sid=f990c8e44d8a49a026ee40f8b9e3b3a2&aid=304142&ucfs=1&arphpl=1&checkin=2025-03-01&checkout=2025-03-08&dest_id=-372490&dest_type=city&group_adults=2&req_adults=2&no_rooms=1&group_children=0&req_children=0&hpos=24&hapos=404&sr_order=popularity&srpvid=af307f62bb9d0534&srepoch=1738174063&all_sr_blocks=132868505_372482576_6_0_0&highlighted_blocks=132868505_372482576_6_0_0&matching_block_id=132868505_372482576_6_0_0&sr_pri_blocks=132868505_372482576_6_0_0__610654&from=searchresults
Piso con Piscina en Barcelona,"Eixample, Barcelona",https://www.booking.com/hotel/es/piso-con-piscina-en-barcelona.html?label=gen173nr-1BCAEoggI46AdSAnVzWARoRogBAZgBMbgBGcgBD9gBAegBAYgCAagCA7gC-NjpvAbAAgHSAiQ4ZGVlZWVhMi1mOTI5LTRmOWQtOTk0OC0xMzU5MWFkYWNlODjYAgXgAgE&sid=f990c8e44d8a49a026ee40f8b9e3b3a2&aid=304142&ucfs=1&arphpl=1&checkin=2025-03-01&checkout=2025-03-08&dest_id=-372490&dest_type=city&group_adults=2&req_adults=2&no_rooms=1&group_children=0&req_children=0&hpos=25&hapos=405&sr_order=popularity&srpvid=af307f62bb9d0534&srepoch=1738174063&all_sr_blocks=1259864001_398603521_5_0_0&highlighted_blocks=1259864001_398603521_5_0_0&matching_block_id=1259864001_398603521_5_0_0&sr_pri_blocks=1259864001_398603521_5_0_0__280652&from=searchresults
Romantic apartment for couples with Jacuzzi,"Horta-Guinardó, Barcelona",https://www.booking.com/hotel/es/apartment-bismarck-barcelona1.html?label=gen173nr-1BCAEoggI46AdSAnVzWARoRogBAZgBMbgBGcgBD9gBAegBAYgCAagCA7gC-NjpvAbAAgHSAiQ4ZGVlZWVhMi1mOTI5LTRmOWQtOTk0OC0xMzU5MWFkYWNlODjYAgXgAgE&sid=f990c8e44d8a49a026ee40f8b9e3b3a2&aid=304142&ucfs=1&arphpl=1&checkin=2025-03-01&checkout=2025-03-08&dest_id=-372490&dest_type=city&group_adults=2&req_adults=2&no_rooms=1&group_children=0&req_children=0&hpos=1&hapos=406&sr_order=popularity&srpvid=af307f62bb9d0534&srepoch=1738174066&all_sr_blocks=1098176703_405625265_2_0_0&highlighted_blocks=1098176703_405625265_2_0_0&matching_block_id=1098176703_405625265_2_0_0&sr_pri_blocks=1098176703_405625265_2_0_0__387802&from=searchresults
Bed&Bcn Sant Andreu,"Sant Andreu, Barcelona",https://www.booking.com/hotel/es/bed-amp-bcn-sant-andreu.html?label=gen173nr-1BCAEoggI46AdSAnVzWARoRogBAZgBMbgBGcgBD9gBAegBAYgCAagCA7gC-NjpvAbAAgHSAiQ4ZGVlZWVhMi1mOTI5LTRmOWQtOTk0OC0xMzU5MWFkYWNlODjYAgXgAgE&sid=f990c8e44d8a49a026ee40f8b9e3b3a2&aid=304142&ucfs=1&arphpl=1&checkin=2025-03-01&checkout=2025-03-08&dest_id=-372490&dest_type=city&group_adults=2&req_adults=2&no_rooms=1&group_children=0&req_children=0&hpos=2&hapos=407&sr_order=popularity&srpvid=af307f62bb9d0534&srepoch=1738174066&all_sr_blocks=108483301_392344765_3_0_0&highlighted_blocks=108483301_392344765_3_0_0&matching_block_id=108483301_392344765_3_0_0&sr_pri_blocks=108483301_392344765_3_0_0__203480&from=searchresults
Tendency Sagrada Familia Deluxe,"Horta-Guinardó, Barcelona",https://www.booking.com/hotel/es/tendency-sagrada-familia-deluxe.html?label=gen173nr-1BCAEoggI46AdSAnVzWARoRogBAZgBMbgBGcgBD9gBAegBAYgCAagCA7gC-NjpvAbAAgHSAiQ4ZGVlZWVhMi1mOTI5LTRmOWQtOTk0OC0xMzU5MWFkYWNlODjYAgXgAgE&sid=f990c8e44d8a49a026ee40f8b9e3b3a2&aid=304142&ucfs=1&arphpl=1&checkin=2025-03-01&checkout=2025-03-08&dest_id=-372490&dest_type=city&group_adults=2&req_adults=2&no_rooms=1&group_children=0&req_children=0&hpos=3&hapos=408&sr_order=popularity&srpvid=af307f62bb9d0534&srepoch=1738174066&all_sr_blocks=247036402_372482561_8_0_0&highlighted_blocks=247036402_372482561_8_0_0&matching_block_id=247036402_372482561_8_0_0&sr_pri_blocks=247036402_372482561_8_0_0__597137&from=searchresults
"Encanto en Las Ramblas, Espacio perfecto para 9","Ciutat Vella, Barcelona",https://www.booking.com/hotel/es/encanto-en-las-ramblas-espacio-perfecto-para-9-barcelona.html?label=gen173nr-1BCAEoggI46AdSAnVzWARoRogBAZgBMbgBGcgBD9gBAegBAYgCAagCA7gC-NjpvAbAAgHSAiQ4ZGVlZWVhMi1mOTI5LTRmOWQtOTk0OC0xMzU5MWFkYWNlODjYAgXgAgE&sid=f990c8e44d8a49a026ee40f8b9e3b3a2&aid=304142&ucfs=1&arphpl=1&checkin=2025-03-01&checkout=2025-03-08&dest_id=-372490&dest_type=city&group_adults=2&req_adults=2&no_rooms=1&group_children=0&req_children=0&hpos=4&hapos=409&sr_order=popularity&srpvid=af307f62bb9d0534&srepoch=1738174066&all_sr_blocks=1298097301_402719470_0_0_0&highlighted_blocks=1298097301_402719470_0_0_0&matching_block_id=1298097301_402719470_0_0_0&sr_pri_blocks=1298097301_402719470_0_0_0__515402&from=searchresults
Ola Living Poblenou Beach,"Sant Martí, Barcelona",https://www.booking.com/hotel/es/ola-living-poble-nou-beach.html?label=gen173nr-1BCAEoggI46AdSAnVzWARoRogBAZgBMbgBGcgBD9gBAegBAYgCAagCA7gC-NjpvAbAAgHSAiQ4ZGVlZWVhMi1mOTI5LTRmOWQtOTk0OC0xMzU5MWFkYWNlODjYAgXgAgE&sid=f990c8e44d8a49a026ee40f8b9e3b3a2&aid=304142&ucfs=1&arphpl=1&checkin=2025-03-01&checkout=2025-03-08&dest_id=-372490&dest_type=city&group_adults=2&req_adults=2&no_rooms=1&group_children=0&req_children=0&hpos=5&hapos=410&sr_order=popularity&srpvid=af307f62bb9d0534&srepoch=1738174066&all_sr_blocks=1323064701_404974678_3_0_0&highlighted_blocks=1323064701_404974678_3_0_0&matching_block_id=1323064701_404974678_3_0_0&sr_pri_blocks=1323064701_404974678_3_0_0__166702&from=searchresults
Enjoybcn Miro Apartments,"Eixample, Barcelona",https://www.booking.com/hotel/es/miro-building-apartments.html?label=gen173nr-1BCAEoggI46AdSAnVzWARoRogBAZgBMbgBGcgBD9gBAegBAYgCAagCA7gC-NjpvAbAAgHSAiQ4ZGVlZWVhMi1mOTI5LTRmOWQtOTk0OC0xMzU5MWFkYWNlODjYAgXgAgE&sid=f990c8e44d8a49a026ee40f8b9e3b3a2&aid=304142&ucfs=1&arphpl=1&checkin=2025-03-01&checkout=2025-03-08&dest_id=-372490&dest_type=city&group_adults=2&req_adults=2&no_rooms=1&group_children=0&req_children=0&hpos=6&hapos=411&sr_order=popularity&srpvid=af307f62bb9d0534&srepoch=1738174066&all_sr_blocks=117695202_333207856_6_2_0&highlighted_blocks=117695202_333207856_6_2_0&matching_block_id=117695202_333207856_6_2_0&sr_pri_blocks=117695202_333207856_6_2_0__665576&from=searchresults
Stay Barcelona Plaza España Fira,"Sants-Montjuïc, Barcelona",https://www.booking.com/hotel/es/stay-barcelona-luxury-plaza-espaa-a-fira.html?label=gen173nr-1BCAEoggI46AdSAnVzWARoRogBAZgBMbgBGcgBD9gBAegBAYgCAagCA7gC-NjpvAbAAgHSAiQ4ZGVlZWVhMi1mOTI5LTRmOWQtOTk0OC0xMzU5MWFkYWNlODjYAgXgAgE&sid=f990c8e44d8a49a026ee40f8b9e3b3a2&aid=304142&ucfs=1&arphpl=1&checkin=2025-03-01&checkout=2025-03-08&dest_id=-372490&dest_type=city&group_adults=2&req_adults=2&no_rooms=1&group_children=0&req_children=0&hpos=7&hapos=412&sr_order=popularity&srpvid=af307f62bb9d0534&srepoch=1738174066&all_sr_blocks=71382201_365584996_2_0_0&highlighted_blocks=71382201_365584996_2_0_0&matching_block_id=71382201_365584996_2_0_0&sr_pri_blocks=71382201_365584996_2_0_0__268982&from=searchresults
Cozy and bright 3BD apartment by Gran Via,"Eixample, Barcelona",https://www.booking.com/hotel/es/modern-and-bright-3bd-apartment-by-gran-via-plaza-espana.html?label=gen173nr-1BCAEoggI46AdSAnVzWARoRogBAZgBMbgBGcgBD9gBAegBAYgCAagCA7gC-NjpvAbAAgHSAiQ4ZGVlZWVhMi1mOTI5LTRmOWQtOTk0OC0xMzU5MWFkYWNlODjYAgXgAgE&sid=f990c8e44d8a49a026ee40f8b9e3b3a2&aid=304142&ucfs=1&arphpl=1&checkin=2025-03-01&checkout=2025-03-08&dest_id=-372490&dest_type=city&group_adults=2&req_adults=2&no_rooms=1&group_children=0&req_children=0&hpos=8&hapos=413&sr_order=popularity&srpvid=af307f62bb9d0534&srepoch=1738174066&all_sr_blocks=873640202_399861760_4_0_0&highlighted_blocks=873640202_399861760_4_0_0&matching_block_id=873640202_399861760_4_0_0&sr_pri_blocks=873640202_399861760_4_0_0__358892&from=searchresults
Tendency Apartments Sagrada Familia Penthouse,"Eixample, Barcelona",https://www.booking.com/hotel/es/tendency-apartments-sagrada-familia-penthouse.html?label=gen173nr-1BCAEoggI46AdSAnVzWARoRogBAZgBMbgBGcgBD9gBAegBAYgCAagCA7gC-NjpvAbAAgHSAiQ4ZGVlZWVhMi1mOTI5LTRmOWQtOTk0OC0xMzU5MWFkYWNlODjYAgXgAgE&sid=f990c8e44d8a49a026ee40f8b9e3b3a2&aid=304142&ucfs=1&arphpl=1&checkin=2025-03-01&checkout=2025-03-08&dest_id=-372490&dest_type=city&group_adults=2&req_adults=2&no_rooms=1&group_children=0&req_children=0&hpos=9&hapos=414&sr_order=popularity&srpvid=af307f62bb9d0534&srepoch=1738174066&all_sr_blocks=1057083401_377909250_5_0_0&highlighted_blocks=1057083401_377909250_5_0_0&matching_block_id=1057083401_377909250_5_0_0&sr_pri_blocks=1057083401_377909250_5_0_0__569230&from=searchresults
Barcelona me enamora,"Eixample, Barcelona",https://www.booking.com/hotel/es/barcelona-me-enamora.html?label=gen173nr-1BCAEoggI46AdSAnVzWARoRogBAZgBMbgBGcgBD9gBAegBAYgCAagCA7gC-NjpvAbAAgHSAiQ4ZGVlZWVhMi1mOTI5LTRmOWQtOTk0OC0xMzU5MWFkYWNlODjYAgXgAgE&sid=f990c8e44d8a49a026ee40f8b9e3b3a2&aid=304142&ucfs=1&arphpl=1&checkin=2025-03-01&checkout=2025-03-08&dest_id=-372490&dest_type=city&group_adults=2&req_adults=2&no_rooms=1&group_children=0&req_children=0&hpos=10&hapos=415&sr_order=popularity&srpvid=af307f62bb9d0534&srepoch=1738174066&all_sr_blocks=198900201_402143860_2_0_0&highlighted_blocks=198900201_402143860_2_0_0&matching_block_id=198900201_402143860_2_0_0&sr_pri_blocks=198900201_402143860_2_0_0__233902&from=searchresults
Barcelona Eixample,"Eixample, Barcelona",https://www.booking.com/hotel/es/barcelona-eixample.html?label=gen173nr-1BCAEoggI46AdSAnVzWARoRogBAZgBMbgBGcgBD9gBAegBAYgCAagCA7gC-NjpvAbAAgHSAiQ4ZGVlZWVhMi1mOTI5LTRmOWQtOTk0OC0xMzU5MWFkYWNlODjYAgXgAgE&sid=f990c8e44d8a49a026ee40f8b9e3b3a2&aid=304142&ucfs=1&arphpl=1&checkin=2025-03-01&checkout=2025-03-08&dest_id=-372490&dest_type=city&group_adults=2&req_adults=2&no_rooms=1&group_children=0&req_children=0&hpos=11&hapos=416&sr_order=popularity&srpvid=af307f62bb9d0534&srepoch=1738174066&all_sr_blocks=112306302_326826656_3_0_0&highlighted_blocks=112306302_326826656_3_0_0&matching_block_id=112306302_326826656_3_0_0&sr_pri_blocks=112306302_326826656_3_0_0__525862&from=searchresults
Barcelona4Seasons - Central Palace,"Eixample, Barcelona",https://www.booking.com/hotel/es/barcelona4seasons-central-palace.html?label=gen173nr-1BCAEoggI46AdSAnVzWARoRogBAZgBMbgBGcgBD9gBAegBAYgCAagCA7gC-NjpvAbAAgHSAiQ4ZGVlZWVhMi1mOTI5LTRmOWQtOTk0OC0xMzU5MWFkYWNlODjYAgXgAgE&sid=f990c8e44d8a49a026ee40f8b9e3b3a2&aid=304142&ucfs=1&arphpl=1&checkin=2025-03-01&checkout=2025-03-08&dest_id=-372490&dest_type=city&group_adults=2&req_adults=2&no_rooms=1&group_children=0&req_children=0&hpos=12&hapos=417&sr_order=popularity&srpvid=af307f62bb9d0534&srepoch=1738174066&all_sr_blocks=247758801_363243568_4_0_0_476187&highlighted_blocks=247758801_363243568_4_0_0_476187&matching_block_id=247758801_363243568_4_0_0_476187&sr_pri_blocks=247758801_363243568_4_0_0_476187_331032&from=searchresults
Hotel Ronda Lesseps,"Gràcia, Barcelona",https://www.booking.com/hotel/es/rondalessepsbarcelona.html?label=gen173nr-1BCAEoggI46AdSAnVzWARoRogBAZgBMbgBGcgBD9gBAegBAYgCAagCA7gC-NjpvAbAAgHSAiQ4ZGVlZWVhMi1mOTI5LTRmOWQtOTk0OC0xMzU5MWFkYWNlODjYAgXgAgE&sid=f990c8e44d8a49a026ee40f8b9e3b3a2&aid=304142&ucfs=1&arphpl=1&checkin=2025-03-01&checkout=2025-03-08&dest_id=-372490&dest_type=city&group_adults=2&req_adults=2&no_rooms=1&group_children=0&req_children=0&hpos=13&hapos=418&sr_order=popularity&srpvid=af307f62bb9d0534&srepoch=1738174066&all_sr_blocks=9156607_88492939_0_2_0&highlighted_blocks=9156607_88492939_0_2_0&matching_block_id=9156607_88492939_0_2_0&sr_pri_blocks=9156607_88492939_0_2_0__213464&from_sustainable_property_sr=1&from=searchresults
Plaza Cataluña Penthouse,"Eixample, Barcelona",https://www.booking.com/hotel/es/plaza-cataluna-penthouse.html?label=gen173nr-1BCAEoggI46AdSAnVzWARoRogBAZgBMbgBGcgBD9gBAegBAYgCAagCA7gC-NjpvAbAAgHSAiQ4ZGVlZWVhMi1mOTI5LTRmOWQtOTk0OC0xMzU5MWFkYWNlODjYAgXgAgE&sid=f990c8e44d8a49a026ee40f8b9e3b3a2&aid=304142&ucfs=1&arphpl=1&checkin=2025-03-01&checkout=2025-03-08&dest_id=-372490&dest_type=city&group_adults=2&req_adults=2&no_rooms=1&group_children=0&req_children=0&hpos=14&hapos=419&sr_order=popularity&srpvid=af307f62bb9d0534&srepoch=1738174066&all_sr_blocks=1024541402_375343227_0_0_0&highlighted_blocks=1024541402_375343227_0_0_0&matching_block_id=1024541402_375343227_0_0_0&sr_pri_blocks=1024541402_375343227_0_0_0__800367&from=searchresults
Great apartment in Poblenou perfect for 4 people,"Sant Martí, Barcelona",https://www.booking.com/hotel/es/great-apartment-in-poblenou-perfect-for-4-people.html?label=gen173nr-1BCAEoggI46AdSAnVzWARoRogBAZgBMbgBGcgBD9gBAegBAYgCAagCA7gC-NjpvAbAAgHSAiQ4ZGVlZWVhMi1mOTI5LTRmOWQtOTk0OC0xMzU5MWFkYWNlODjYAgXgAgE&sid=f990c8e44d8a49a026ee40f8b9e3b3a2&aid=304142&ucfs=1&arphpl=1&checkin=2025-03-01&checkout=2025-03-08&dest_id=-372490&dest_type=city&group_adults=2&req_adults=2&no_rooms=1&group_children=0&req_children=0&hpos=15&hapos=420&sr_order=popularity&srpvid=af307f62bb9d0534&srepoch=1738174066&all_sr_blocks=1315805002_404806010_4_0_0&highlighted_blocks=1315805002_404806010_4_0_0&matching_block_id=1315805002_404806010_4_0_0&sr_pri_blocks=1315805002_404806010_4_0_0__230560&from=searchresults
Eixample next to Paseo de Gracia modern 3BD,"Eixample, Barcelona",https://www.booking.com/hotel/es/eixample-next-to-paseo-de-gracia-modern-3bd.html?label=gen173nr-1BCAEoggI46AdSAnVzWARoRogBAZgBMbgBGcgBD9gBAegBAYgCAagCA7gC-NjpvAbAAgHSAiQ4ZGVlZWVhMi1mOTI5LTRmOWQtOTk0OC0xMzU5MWFkYWNlODjYAgXgAgE&sid=f990c8e44d8a49a026ee40f8b9e3b3a2&aid=304142&ucfs=1&arphpl=1&checkin=2025-03-01&checkout=2025-03-08&dest_id=-372490&dest_type=city&group_adults=2&req_adults=2&no_rooms=1&group_children=0&req_children=0&hpos=16&hapos=421&sr_order=popularity&srpvid=af307f62bb9d0534&srepoch=1738174066&all_sr_blocks=1083872202_399861719_5_0_0&highlighted_blocks=1083872202_399861719_5_0_0&matching_block_id=1083872202_399861719_5_0_0&sr_pri_blocks=1083872202_399861719_5_0_0__366532&from=searchresults
Ronda Sant Pere Private City Center 3Bedroom Suite C,"Eixample, Barcelona",https://www.booking.com/hotel/es/ronda-sant-pere-private-city-center-3bedroom-suite-c.html?label=gen173nr-1BCAEoggI46AdSAnVzWARoRogBAZgBMbgBGcgBD9gBAegBAYgCAagCA7gC-NjpvAbAAgHSAiQ4ZGVlZWVhMi1mOTI5LTRmOWQtOTk0OC0xMzU5MWFkYWNlODjYAgXgAgE&sid=f990c8e44d8a49a026ee40f8b9e3b3a2&aid=304142&ucfs=1&arphpl=1&checkin=2025-03-01&checkout=2025-03-08&dest_id=-372490&dest_type=city&group_adults=2&req_adults=2&no_rooms=1&group_children=0&req_children=0&hpos=17&hapos=422&sr_order=popularity&srpvid=af307f62bb9d0534&srepoch=1738174066&all_sr_blocks=874031902_399861675_3_0_0&highlighted_blocks=874031902_399861675_3_0_0&matching_block_id=874031902_399861675_3_0_0&sr_pri_blocks=874031902_399861675_3_0_0__400067&from=searchresults
David's House,"Gràcia, Barcelona",https://www.booking.com/hotel/es/david-39-s-house.html?label=gen173nr-1BCAEoggI46AdSAnVzWARoRogBAZgBMbgBGcgBD9gBAegBAYgCAagCA7gC-NjpvAbAAgHSAiQ4ZGVlZWVhMi1mOTI5LTRmOWQtOTk0OC0xMzU5MWFkYWNlODjYAgXgAgE&sid=f990c8e44d8a49a026ee40f8b9e3b3a2&aid=304142&ucfs=1&arphpl=1&checkin=2025-03-01&checkout=2025-03-08&dest_id=-372490&dest_type=city&group_adults=2&req_adults=2&no_rooms=1&group_children=0&req_children=0&hpos=18&hapos=423&sr_order=popularity&srpvid=af307f62bb9d0534&srepoch=1738174066&all_sr_blocks=226908801_338592677_0_0_0_554895&highlighted_blocks=226908801_338592677_0_0_0_554895&matching_block_id=226908801_338592677_0_0_0_554895&sr_pri_blocks=226908801_338592677_0_0_0_554895_375373&from=searchresults
Catalonia Mikado,"Sarrià-St. Gervasi, Barcelona",https://www.booking.com/hotel/es/cataloniamikado.html?label=gen173nr-1BCAEoggI46AdSAnVzWARoRogBAZgBMbgBGcgBD9gBAegBAYgCAagCA7gC-NjpvAbAAgHSAiQ4ZGVlZWVhMi1mOTI5LTRmOWQtOTk0OC0xMzU5MWFkYWNlODjYAgXgAgE&sid=f990c8e44d8a49a026ee40f8b9e3b3a2&aid=304142&ucfs=1&arphpl=1&checkin=2025-03-01&checkout=2025-03-08&dest_id=-372490&dest_type=city&group_adults=2&req_adults=2&no_rooms=1&group_children=0&req_children=0&hpos=19&hapos=424&sr_order=popularity&srpvid=af307f62bb9d0534&srepoch=1738174066&all_sr_blocks=9059107_88181951_0_2_0&highlighted_blocks=9059107_88181951_0_2_0&matching_block_id=9059107_88181951_0_2_0&sr_pri_blocks=9059107_88181951_0_2_0__150700&from_sustainable_property_sr=1&from=searchresults
Spacious apartment in the Gothic,"Ciutat Vella, Barcelona",https://www.booking.com/hotel/es/timeless-masterpiece-next-lo-la-rambla.html?label=gen173nr-1BCAEoggI46AdSAnVzWARoRogBAZgBMbgBGcgBD9gBAegBAYgCAagCA7gC-NjpvAbAAgHSAiQ4ZGVlZWVhMi1mOTI5LTRmOWQtOTk0OC0xMzU5MWFkYWNlODjYAgXgAgE&sid=f990c8e44d8a49a026ee40f8b9e3b3a2&aid=304142&ucfs=1&arphpl=1&checkin=2025-03-01&checkout=2025-03-08&dest_id=-372490&dest_type=city&group_adults=2&req_adults=2&no_rooms=1&group_children=0&req_children=0&hpos=20&hapos=425&sr_order=popularity&srpvid=af307f62bb9d0534&srepoch=1738174066&all_sr_blocks=981616801_370427911_6_2_0&highlighted_blocks=981616801_370427911_6_2_0&matching_block_id=981616801_370427911_6_2_0&sr_pri_blocks=981616801_370427911_6_2_0__691922&from=searchresults
Sunny Rooftop Apartment,"Sant Martí, Barcelona",https://www.booking.com/hotel/es/sunny-rooftop-apartment.html?label=gen173nr-1BCAEoggI46AdSAnVzWARoRogBAZgBMbgBGcgBD9gBAegBAYgCAagCA7gC-NjpvAbAAgHSAiQ4ZGVlZWVhMi1mOTI5LTRmOWQtOTk0OC0xMzU5MWFkYWNlODjYAgXgAgE&sid=f990c8e44d8a49a026ee40f8b9e3b3a2&aid=304142&ucfs=1&arphpl=1&checkin=2025-03-01&checkout=2025-03-08&dest_id=-372490&dest_type=city&group_adults=2&req_adults=2&no_rooms=1&group_children=0&req_children=0&hpos=21&hapos=426&sr_order=popularity&srpvid=af307f62bb9d0534&srepoch=1738174066&all_sr_blocks=1041446802_376579171_0_0_0&highlighted_blocks=1041446802_376579171_0_0_0&matching_block_id=1041446802_376579171_0_0_0&sr_pri_blocks=1041446802_376579171_0_0_0__223957&from=searchresults
Bright and modern 4bedroom with terrace in Las Ramblas P2,"Ciutat Vella, Barcelona",https://www.booking.com/hotel/es/bright-and-modern-4bedroom-with-terrace-in-las-ramblas-p2.html?label=gen173nr-1BCAEoggI46AdSAnVzWARoRogBAZgBMbgBGcgBD9gBAegBAYgCAagCA7gC-NjpvAbAAgHSAiQ4ZGVlZWVhMi1mOTI5LTRmOWQtOTk0OC0xMzU5MWFkYWNlODjYAgXgAgE&sid=f990c8e44d8a49a026ee40f8b9e3b3a2&aid=304142&ucfs=1&arphpl=1&checkin=2025-03-01&checkout=2025-03-08&dest_id=-372490&dest_type=city&group_adults=2&req_adults=2&no_rooms=1&group_children=0&req_children=0&hpos=22&hapos=427&sr_order=popularity&srpvid=af307f62bb9d0534&srepoch=1738174066&all_sr_blocks=874022302_399861637_6_0_0&highlighted_blocks=874022302_399861637_6_0_0&matching_block_id=874022302_399861637_6_0_0&sr_pri_blocks=874022302_399861637_6_0_0__559952&from=searchresults
NH Barcelona Diagonal Center,"Sant Martí, Barcelona",https://www.booking.com/hotel/es/nh-diagonal-center.html?label=gen173nr-1BCAEoggI46AdSAnVzWARoRogBAZgBMbgBGcgBD9gBAegBAYgCAagCA7gC-NjpvAbAAgHSAiQ4ZGVlZWVhMi1mOTI5LTRmOWQtOTk0OC0xMzU5MWFkYWNlODjYAgXgAgE&sid=f990c8e44d8a49a026ee40f8b9e3b3a2&aid=304142&ucfs=1&arphpl=1&checkin=2025-03-01&checkout=2025-03-08&dest_id=-372490&dest_type=city&group_adults=2&req_adults=2&no_rooms=1&group_children=0&req_children=0&hpos=23&hapos=428&sr_order=popularity&srpvid=af307f62bb9d0534&srepoch=1738174066&all_sr_blocks=33678001_94417644_0_2_0&highlighted_blocks=33678001_94417644_0_2_0&matching_block_id=33678001_94417644_0_2_0&sr_pri_blocks=33678001_94417644_0_2_0__218410&from_sustainable_property_sr=1&from=searchresults
Amazing flat in classic boat- Barcelona,Barcelona,https://www.booking.com/hotel/es/amazing-flat-in-classic-boat-barcelona.html?label=gen173nr-1BCAEoggI46AdSAnVzWARoRogBAZgBMbgBGcgBD9gBAegBAYgCAagCA7gC-NjpvAbAAgHSAiQ4ZGVlZWVhMi1mOTI5LTRmOWQtOTk0OC0xMzU5MWFkYWNlODjYAgXgAgE&sid=f990c8e44d8a49a026ee40f8b9e3b3a2&aid=304142&ucfs=1&arphpl=1&checkin=2025-03-01&checkout=2025-03-08&dest_id=-372490&dest_type=city&group_adults=2&req_adults=2&no_rooms=1&group_children=0&req_children=0&hpos=24&hapos=429&sr_order=popularity&srpvid=af307f62bb9d0534&srepoch=1738174066&all_sr_blocks=1273277201_400439384_2_0_0&highlighted_blocks=1273277201_400439384_2_0_0&matching_block_id=1273277201_400439384_2_0_0&sr_pri_blocks=1273277201_400439384_2_0_0__86775&from=searchresults
Bright and modern Duplex with terrace in Eixample district P1,"Eixample, Barcelona",https://www.booking.com/hotel/es/bright-and-modern-duplex-with-terrace-in-eixample-district-p1.html?label=gen173nr-1BCAEoggI46AdSAnVzWARoRogBAZgBMbgBGcgBD9gBAegBAYgCAagCA7gC-NjpvAbAAgHSAiQ4ZGVlZWVhMi1mOTI5LTRmOWQtOTk0OC0xMzU5MWFkYWNlODjYAgXgAgE&sid=f990c8e44d8a49a026ee40f8b9e3b3a2&aid=304142&ucfs=1&arphpl=1&checkin=2025-03-01&checkout=2025-03-08&dest_id=-372490&dest_type=city&group_adults=2&req_adults=2&no_rooms=1&group_children=0&req_children=0&hpos=25&hapos=430&sr_order=popularity&srpvid=af307f62bb9d0534&srepoch=1738174066&all_sr_blocks=873674502_399861655_4_0_0&highlighted_blocks=873674502_399861655_4_0_0&matching_block_id=873674502_399861655_4_0_0&sr_pri_blocks=873674502_399861655_4_0_0__282502&from=searchresults
Be Barcelona Eixample Urquinaona II,"Eixample, Barcelona",https://www.booking.com/hotel/es/be-barcelona-eixample-urquinaona-2.html?label=gen173nr-1BCAEoggI46AdSAnVzWARoRogBAZgBMbgBGcgBD9gBAegBAYgCAagCA7gC-NjpvAbAAgHSAiQ4ZGVlZWVhMi1mOTI5LTRmOWQtOTk0OC0xMzU5MWFkYWNlODjYAgXgAgE&sid=f990c8e44d8a49a026ee40f8b9e3b3a2&aid=304142&ucfs=1&arphpl=1&checkin=2025-03-01&checkout=2025-03-08&dest_id=-372490&dest_type=city&group_adults=2&req_adults=2&no_rooms=1&group_children=0&req_children=0&hpos=1&hapos=431&sr_order=popularity&srpvid=af307f62bb9d0534&srepoch=1738174068&all_sr_blocks=86560710_370860568_5_0_0&highlighted_blocks=86560710_370860568_5_0_0&matching_block_id=86560710_370860568_5_0_0&sr_pri_blocks=86560710_370860568_5_0_0__487432&from=searchresults
3bedroom Duplex with balcony in plaza Cataluña,"Eixample, Barcelona",https://www.booking.com/hotel/es/placa-catalunya-breathtaking-3bedroom-duplex-with-balcony.html?label=gen173nr-1BCAEoggI46AdSAnVzWARoRogBAZgBMbgBGcgBD9gBAegBAYgCAagCA7gC-NjpvAbAAgHSAiQ4ZGVlZWVhMi1mOTI5LTRmOWQtOTk0OC0xMzU5MWFkYWNlODjYAgXgAgE&sid=f990c8e44d8a49a026ee40f8b9e3b3a2&aid=304142&ucfs=1&arphpl=1&checkin=2025-03-01&checkout=2025-03-08&dest_id=-372490&dest_type=city&group_adults=2&req_adults=2&no_rooms=1&group_children=0&req_children=0&hpos=2&hapos=432&sr_order=popularity&srpvid=af307f62bb9d0534&srepoch=1738174068&all_sr_blocks=874030202_399861610_4_0_0&highlighted_blocks=874030202_399861610_4_0_0&matching_block_id=874030202_399861610_4_0_0&sr_pri_blocks=874030202_399861610_4_0_0__427772&from=searchresults
Akad Sweet Home,"Ciutat Vella, Barcelona",https://www.booking.com/hotel/es/akad-sweet-home.html?label=gen173nr-1BCAEoggI46AdSAnVzWARoRogBAZgBMbgBGcgBD9gBAegBAYgCAagCA7gC-NjpvAbAAgHSAiQ4ZGVlZWVhMi1mOTI5LTRmOWQtOTk0OC0xMzU5MWFkYWNlODjYAgXgAgE&sid=f990c8e44d8a49a026ee40f8b9e3b3a2&aid=304142&ucfs=1&arphpl=1&checkin=2025-03-01&checkout=2025-03-08&dest_id=-372490&dest_type=city&group_adults=2&req_adults=2&no_rooms=1&group_children=0&req_children=0&hpos=3&hapos=433&sr_order=popularity&srpvid=af307f62bb9d0534&srepoch=1738174068&all_sr_blocks=1005937101_373333782_7_0_0&highlighted_blocks=1005937101_373333782_7_0_0&matching_block_id=1005937101_373333782_7_0_0&sr_pri_blocks=1005937101_373333782_7_0_0__560751&from=searchresults
Stylish and comfortable apartment,"Eixample, Barcelona",https://www.booking.com/hotel/es/stylish-and-comfortable-apartment.html?label=gen173nr-1BCAEoggI46AdSAnVzWARoRogBAZgBMbgBGcgBD9gBAegBAYgCAagCA7gC-NjpvAbAAgHSAiQ4ZGVlZWVhMi1mOTI5LTRmOWQtOTk0OC0xMzU5MWFkYWNlODjYAgXgAgE&sid=f990c8e44d8a49a026ee40f8b9e3b3a2&aid=304142&ucfs=1&arphpl=1&checkin=2025-03-01&checkout=2025-03-08&dest_id=-372490&dest_type=city&group_adults=2&req_adults=2&no_rooms=1&group_children=0&req_children=0&hpos=4&hapos=434&sr_order=popularity&srpvid=af307f62bb9d0534&srepoch=1738174068&all_sr_blocks=873690802_399861686_4_0_0&highlighted_blocks=873690802_399861686_4_0_0&matching_block_id=873690802_399861686_4_0_0&sr_pri_blocks=873690802_399861686_4_0_0__440112&from=searchresults
Breathtaking Penthouse in Eixample,"Eixample, Barcelona",https://www.booking.com/hotel/es/breathtaking-penthouse-in-eixample.html?label=gen173nr-1BCAEoggI46AdSAnVzWARoRogBAZgBMbgBGcgBD9gBAegBAYgCAagCA7gC-NjpvAbAAgHSAiQ4ZGVlZWVhMi1mOTI5LTRmOWQtOTk0OC0xMzU5MWFkYWNlODjYAgXgAgE&sid=f990c8e44d8a49a026ee40f8b9e3b3a2&aid=304142&ucfs=1&arphpl=1&checkin=2025-03-01&checkout=2025-03-08&dest_id=-372490&dest_type=city&group_adults=2&req_adults=2&no_rooms=1&group_children=0&req_children=0&hpos=5&hapos=435&sr_order=popularity&srpvid=af307f62bb9d0534&srepoch=1738174068&all_sr_blocks=873692502_399861559_2_0_0&highlighted_blocks=873692502_399861559_2_0_0&matching_block_id=873692502_399861559_2_0_0&sr_pri_blocks=873692502_399861559_2_0_0__290867&from=searchresults
bp1- Piso para Grandes Grupos,"Eixample, Barcelona",https://www.booking.com/hotel/es/balmes-apartment.html?label=gen173nr-1BCAEoggI46AdSAnVzWARoRogBAZgBMbgBGcgBD9gBAegBAYgCAagCA7gC-NjpvAbAAgHSAiQ4ZGVlZWVhMi1mOTI5LTRmOWQtOTk0OC0xMzU5MWFkYWNlODjYAgXgAgE&sid=f990c8e44d8a49a026ee40f8b9e3b3a2&aid=304142&ucfs=1&arphpl=1&checkin=2025-03-01&checkout=2025-03-08&dest_id=-372490&dest_type=city&group_adults=2&req_adults=2&no_rooms=1&group_children=0&req_children=0&hpos=6&hapos=436&sr_order=popularity&srpvid=af307f62bb9d0534&srepoch=1738174068&all_sr_blocks=419522601_179399288_0_0_0&highlighted_blocks=419522601_179399288_0_0_0&matching_block_id=419522601_179399288_0_0_0&sr_pri_blocks=419522601_179399288_0_0_0__1009550&from=searchresults
Modern and bright apartment in Eixample 2-2,"Eixample, Barcelona",https://www.booking.com/hotel/es/modern-and-bright-apartment-in-eixample-2-2.html?label=gen173nr-1BCAEoggI46AdSAnVzWARoRogBAZgBMbgBGcgBD9gBAegBAYgCAagCA7gC-NjpvAbAAgHSAiQ4ZGVlZWVhMi1mOTI5LTRmOWQtOTk0OC0xMzU5MWFkYWNlODjYAgXgAgE&sid=f990c8e44d8a49a026ee40f8b9e3b3a2&aid=304142&ucfs=1&arphpl=1&checkin=2025-03-01&checkout=2025-03-08&dest_id=-372490&dest_type=city&group_adults=2&req_adults=2&no_rooms=1&group_children=0&req_children=0&hpos=7&hapos=437&sr_order=popularity&srpvid=af307f62bb9d0534&srepoch=1738174068&all_sr_blocks=873681002_399861657_4_0_0&highlighted_blocks=873681002_399861657_4_0_0&matching_block_id=873681002_399861657_4_0_0&sr_pri_blocks=873681002_399861657_4_0_0__292532&from=searchresults
"Passeig Sant Joan 1-2, Eixample","Eixample, Barcelona",https://www.booking.com/hotel/es/passeig-sant-joan-1-2-eixample.html?label=gen173nr-1BCAEoggI46AdSAnVzWARoRogBAZgBMbgBGcgBD9gBAegBAYgCAagCA7gC-NjpvAbAAgHSAiQ4ZGVlZWVhMi1mOTI5LTRmOWQtOTk0OC0xMzU5MWFkYWNlODjYAgXgAgE&sid=f990c8e44d8a49a026ee40f8b9e3b3a2&aid=304142&ucfs=1&arphpl=1&checkin=2025-03-01&checkout=2025-03-08&dest_id=-372490&dest_type=city&group_adults=2&req_adults=2&no_rooms=1&group_children=0&req_children=0&hpos=8&hapos=438&sr_order=popularity&srpvid=af307f62bb9d0534&srepoch=1738174068&all_sr_blocks=1306058501_404974557_6_0_0&highlighted_blocks=1306058501_404974557_6_0_0&matching_block_id=1306058501_404974557_6_0_0&sr_pri_blocks=1306058501_404974557_6_0_0__463048&from=searchresults
Elegant 4 bedrooms 3 bathrooms Catalan home,"Eixample, Barcelona",https://www.booking.com/hotel/es/elegant-4-bedrooms-3-bathrooms-catalan-home.html?label=gen173nr-1BCAEoggI46AdSAnVzWARoRogBAZgBMbgBGcgBD9gBAegBAYgCAagCA7gC-NjpvAbAAgHSAiQ4ZGVlZWVhMi1mOTI5LTRmOWQtOTk0OC0xMzU5MWFkYWNlODjYAgXgAgE&sid=f990c8e44d8a49a026ee40f8b9e3b3a2&aid=304142&ucfs=1&arphpl=1&checkin=2025-03-01&checkout=2025-03-08&dest_id=-372490&dest_type=city&group_adults=2&req_adults=2&no_rooms=1&group_children=0&req_children=0&hpos=9&hapos=439&sr_order=popularity&srpvid=af307f62bb9d0534&srepoch=1738174068&all_sr_blocks=873637602_399861534_5_0_0&highlighted_blocks=873637602_399861534_5_0_0&matching_block_id=873637602_399861534_5_0_0&sr_pri_blocks=873637602_399861534_5_0_0__454177&from=searchresults
Arc de Triomf Luxury Modern 2-Bedroom 2-Bathroom,"Eixample, Barcelona",https://www.booking.com/hotel/es/arc-de-triomf-luxury-modern-2-bedroom-2-bathroom-barcelona.html?label=gen173nr-1BCAEoggI46AdSAnVzWARoRogBAZgBMbgBGcgBD9gBAegBAYgCAagCA7gC-NjpvAbAAgHSAiQ4ZGVlZWVhMi1mOTI5LTRmOWQtOTk0OC0xMzU5MWFkYWNlODjYAgXgAgE&sid=f990c8e44d8a49a026ee40f8b9e3b3a2&aid=304142&ucfs=1&arphpl=1&checkin=2025-03-01&checkout=2025-03-08&dest_id=-372490&dest_type=city&group_adults=2&req_adults=2&no_rooms=1&group_children=0&req_children=0&hpos=10&hapos=440&sr_order=popularity&srpvid=af307f62bb9d0534&srepoch=1738174068&all_sr_blocks=873618302_399861636_2_0_0&highlighted_blocks=873618302_399861636_2_0_0&matching_block_id=873618302_399861636_2_0_0&sr_pri_blocks=873618302_399861636_2_0_0__384012&from=searchresults
"Close beach , Sagrada & city center","Sant Martí, Barcelona",https://www.booking.com/hotel/es/close-beach-sagrada-amp-city-center.html?label=gen173nr-1BCAEoggI46AdSAnVzWARoRogBAZgBMbgBGcgBD9gBAegBAYgCAagCA7gC-NjpvAbAAgHSAiQ4ZGVlZWVhMi1mOTI5LTRmOWQtOTk0OC0xMzU5MWFkYWNlODjYAgXgAgE&sid=f990c8e44d8a49a026ee40f8b9e3b3a2&aid=304142&ucfs=1&arphpl=1&checkin=2025-03-01&checkout=2025-03-08&dest_id=-372490&dest_type=city&group_adults=2&req_adults=2&no_rooms=1&group_children=0&req_children=0&hpos=11&hapos=441&sr_order=popularity&srpvid=af307f62bb9d0534&srepoch=1738174068&all_sr_blocks=1282695401_401187847_2_0_0&highlighted_blocks=1282695401_401187847_2_0_0&matching_block_id=1282695401_401187847_2_0_0&sr_pri_blocks=1282695401_401187847_2_0_0__4769632&from=searchresults
Plaza Urquinaona Central and comfortable 3BD,"Eixample, Barcelona",https://www.booking.com/hotel/es/plaza-urquinaona-under-renovation-3bd.html?label=gen173nr-1BCAEoggI46AdSAnVzWARoRogBAZgBMbgBGcgBD9gBAegBAYgCAagCA7gC-NjpvAbAAgHSAiQ4ZGVlZWVhMi1mOTI5LTRmOWQtOTk0OC0xMzU5MWFkYWNlODjYAgXgAgE&sid=f990c8e44d8a49a026ee40f8b9e3b3a2&aid=304142&ucfs=1&arphpl=1&checkin=2025-03-01&checkout=2025-03-08&dest_id=-372490&dest_type=city&group_adults=2&req_adults=2&no_rooms=1&group_children=0&req_children=0&hpos=12&hapos=442&sr_order=popularity&srpvid=af307f62bb9d0534&srepoch=1738174068&all_sr_blocks=954577502_399861698_6_0_0&highlighted_blocks=954577502_399861698_6_0_0&matching_block_id=954577502_399861698_6_0_0&sr_pri_blocks=954577502_399861698_6_0_0__413897&from=searchresults
Barcelonaforrent Plaza Sagrada Familia Apartment,"Eixample, Barcelona",https://www.booking.com/hotel/es/plaza-sagrada-familia-7.html?label=gen173nr-1BCAEoggI46AdSAnVzWARoRogBAZgBMbgBGcgBD9gBAegBAYgCAagCA7gC-NjpvAbAAgHSAiQ4ZGVlZWVhMi1mOTI5LTRmOWQtOTk0OC0xMzU5MWFkYWNlODjYAgXgAgE&sid=f990c8e44d8a49a026ee40f8b9e3b3a2&aid=304142&ucfs=1&arphpl=1&checkin=2025-03-01&checkout=2025-03-08&dest_id=-372490&dest_type=city&group_adults=2&req_adults=2&no_rooms=1&group_children=0&req_children=0&hpos=13&hapos=443&sr_order=popularity&srpvid=af307f62bb9d0534&srepoch=1738174068&all_sr_blocks=167474001_406313998_0_0_0&highlighted_blocks=167474001_406313998_0_0_0&matching_block_id=167474001_406313998_0_0_0&sr_pri_blocks=167474001_406313998_0_0_0__516542&from=searchresults
Hotel Yacht Sherte,Barcelona,https://www.booking.com/hotel/es/yacht-sherte.html?label=gen173nr-1BCAEoggI46AdSAnVzWARoRogBAZgBMbgBGcgBD9gBAegBAYgCAagCA7gC-NjpvAbAAgHSAiQ4ZGVlZWVhMi1mOTI5LTRmOWQtOTk0OC0xMzU5MWFkYWNlODjYAgXgAgE&sid=f990c8e44d8a49a026ee40f8b9e3b3a2&aid=304142&ucfs=1&arphpl=1&checkin=2025-03-01&checkout=2025-03-08&dest_id=-372490&dest_type=city&group_adults=2&req_adults=2&no_rooms=1&group_children=0&req_children=0&hpos=14&hapos=444&sr_order=popularity&srpvid=af307f62bb9d0534&srepoch=1738174068&all_sr_blocks=1300710104_402959469_5_0_0&highlighted_blocks=1300710104_402959469_5_0_0&matching_block_id=1300710104_402959469_5_0_0&sr_pri_blocks=1300710104_402959469_5_0_0__235130&from=searchresults
Sweett - Nova Icaria Beach,"Sant Martí, Barcelona",https://www.booking.com/hotel/es/sweett-nova-icaria-beach.html?label=gen173nr-1BCAEoggI46AdSAnVzWARoRogBAZgBMbgBGcgBD9gBAegBAYgCAagCA7gC-NjpvAbAAgHSAiQ4ZGVlZWVhMi1mOTI5LTRmOWQtOTk0OC0xMzU5MWFkYWNlODjYAgXgAgE&sid=f990c8e44d8a49a026ee40f8b9e3b3a2&aid=304142&ucfs=1&arphpl=1&checkin=2025-03-01&checkout=2025-03-08&dest_id=-372490&dest_type=city&group_adults=2&req_adults=2&no_rooms=1&group_children=0&req_children=0&hpos=15&hapos=445&sr_order=popularity&srpvid=af307f62bb9d0534&srepoch=1738174068&all_sr_blocks=1306442701_403471678_8_0_0&highlighted_blocks=1306442701_403471678_8_0_0&matching_block_id=1306442701_403471678_8_0_0&sr_pri_blocks=1306442701_403471678_8_0_0__684012&from=searchresults
Apolo RoofTop Barcelona,"Sants-Montjuïc, Barcelona",https://www.booking.com/hotel/es/apolo-rooftop-barcelona-barcelona.html?label=gen173nr-1BCAEoggI46AdSAnVzWARoRogBAZgBMbgBGcgBD9gBAegBAYgCAagCA7gC-NjpvAbAAgHSAiQ4ZGVlZWVhMi1mOTI5LTRmOWQtOTk0OC0xMzU5MWFkYWNlODjYAgXgAgE&sid=f990c8e44d8a49a026ee40f8b9e3b3a2&aid=304142&ucfs=1&arphpl=1&checkin=2025-03-01&checkout=2025-03-08&dest_id=-372490&dest_type=city&group_adults=2&req_adults=2&no_rooms=1&group_children=0&req_children=0&hpos=16&hapos=446&sr_order=popularity&srpvid=af307f62bb9d0534&srepoch=1738174068&all_sr_blocks=1017049402_374416923_0_0_0&highlighted_blocks=1017049402_374416923_0_0_0&matching_block_id=1017049402_374416923_0_0_0&sr_pri_blocks=1017049402_374416923_0_0_0__183392&from=searchresults
My Space Barcelona Charming Apartment in the Heart of Gracia,"Gràcia, Barcelona",https://www.booking.com/hotel/es/charming-apartment-in-the-heart-of-gracia-barcelona.html?label=gen173nr-1BCAEoggI46AdSAnVzWARoRogBAZgBMbgBGcgBD9gBAegBAYgCAagCA7gC-NjpvAbAAgHSAiQ4ZGVlZWVhMi1mOTI5LTRmOWQtOTk0OC0xMzU5MWFkYWNlODjYAgXgAgE&sid=f990c8e44d8a49a026ee40f8b9e3b3a2&aid=304142&ucfs=1&arphpl=1&checkin=2025-03-01&checkout=2025-03-08&dest_id=-372490&dest_type=city&group_adults=2&req_adults=2&no_rooms=1&group_children=0&req_children=0&hpos=17&hapos=447&sr_order=popularity&srpvid=af307f62bb9d0534&srepoch=1738174068&all_sr_blocks=1110589501_384109883_2_0_0&highlighted_blocks=1110589501_384109883_2_0_0&matching_block_id=1110589501_384109883_2_0_0&sr_pri_blocks=1110589501_384109883_2_0_0__354132&from=searchresults
Paseo de Gracia Modern and cozy 3BD - 2BTh,"Gràcia, Barcelona",https://www.booking.com/hotel/es/paseo-de-gracia-modern-and-cozy-3bd-2bth.html?label=gen173nr-1BCAEoggI46AdSAnVzWARoRogBAZgBMbgBGcgBD9gBAegBAYgCAagCA7gC-NjpvAbAAgHSAiQ4ZGVlZWVhMi1mOTI5LTRmOWQtOTk0OC0xMzU5MWFkYWNlODjYAgXgAgE&sid=f990c8e44d8a49a026ee40f8b9e3b3a2&aid=304142&ucfs=1&arphpl=1&checkin=2025-03-01&checkout=2025-03-08&dest_id=-372490&dest_type=city&group_adults=2&req_adults=2&no_rooms=1&group_children=0&req_children=0&hpos=18&hapos=448&sr_order=popularity&srpvid=af307f62bb9d0534&srepoch=1738174068&all_sr_blocks=1053511202_399861768_6_0_0&highlighted_blocks=1053511202_399861768_6_0_0&matching_block_id=1053511202_399861768_6_0_0&sr_pri_blocks=1053511202_399861768_6_0_0__416952&from=searchresults
Centric 2bedroom in Las Ramblas 3 1A,"Ciutat Vella, Barcelona",https://www.booking.com/hotel/es/bright-and-modern-2bedroom-in-las-ramblas-3-1a.html?label=gen173nr-1BCAEoggI46AdSAnVzWARoRogBAZgBMbgBGcgBD9gBAegBAYgCAagCA7gC-NjpvAbAAgHSAiQ4ZGVlZWVhMi1mOTI5LTRmOWQtOTk0OC0xMzU5MWFkYWNlODjYAgXgAgE&sid=f990c8e44d8a49a026ee40f8b9e3b3a2&aid=304142&ucfs=1&arphpl=1&checkin=2025-03-01&checkout=2025-03-08&dest_id=-372490&dest_type=city&group_adults=2&req_adults=2&no_rooms=1&group_children=0&req_children=0&hpos=19&hapos=449&sr_order=popularity&srpvid=af307f62bb9d0534&srepoch=1738174068&all_sr_blocks=874019002_399861648_4_0_0&highlighted_blocks=874019002_399861648_4_0_0&matching_block_id=874019002_399861648_4_0_0&sr_pri_blocks=874019002_399861648_4_0_0__304217&from=searchresults
Plaça Catalunya Luxurious 2bedroom with balcony,"Eixample, Barcelona",https://www.booking.com/hotel/es/placa-catalunya-luxurious-2bedroom-with-balcony.html?label=gen173nr-1BCAEoggI46AdSAnVzWARoRogBAZgBMbgBGcgBD9gBAegBAYgCAagCA7gC-NjpvAbAAgHSAiQ4ZGVlZWVhMi1mOTI5LTRmOWQtOTk0OC0xMzU5MWFkYWNlODjYAgXgAgE&sid=f990c8e44d8a49a026ee40f8b9e3b3a2&aid=304142&ucfs=1&arphpl=1&checkin=2025-03-01&checkout=2025-03-08&dest_id=-372490&dest_type=city&group_adults=2&req_adults=2&no_rooms=1&group_children=0&req_children=0&hpos=20&hapos=450&sr_order=popularity&srpvid=af307f62bb9d0534&srepoch=1738174068&all_sr_blocks=874026902_399861517_3_0_0&highlighted_blocks=874026902_399861517_3_0_0&matching_block_id=874026902_399861517_3_0_0&sr_pri_blocks=874026902_399861517_3_0_0__386362&from=searchresults
Comfort Home Playa Poblenou,"Sant Martí, Barcelona",https://www.booking.com/hotel/es/comfort-home-playa-poblenou.html?label=gen173nr-1BCAEoggI46AdSAnVzWARoRogBAZgBMbgBGcgBD9gBAegBAYgCAagCA7gC-NjpvAbAAgHSAiQ4ZGVlZWVhMi1mOTI5LTRmOWQtOTk0OC0xMzU5MWFkYWNlODjYAgXgAgE&sid=f990c8e44d8a49a026ee40f8b9e3b3a2&aid=304142&ucfs=1&arphpl=1&checkin=2025-03-01&checkout=2025-03-08&dest_id=-372490&dest_type=city&group_adults=2&req_adults=2&no_rooms=1&group_children=0&req_children=0&hpos=21&hapos=451&sr_order=popularity&srpvid=af307f62bb9d0534&srepoch=1738174068&all_sr_blocks=1140997202_386947929_4_0_0&highlighted_blocks=1140997202_386947929_4_0_0&matching_block_id=1140997202_386947929_4_0_0&sr_pri_blocks=1140997202_386947929_4_0_0__457485&from=searchresults
Bright and modern 2bedroom in Las Ramblas 2 1A,"Ciutat Vella, Barcelona",https://www.booking.com/hotel/es/bright-and-modern-2bedroom-in-las-ramblas-2-1a.html?label=gen173nr-1BCAEoggI46AdSAnVzWARoRogBAZgBMbgBGcgBD9gBAegBAYgCAagCA7gC-NjpvAbAAgHSAiQ4ZGVlZWVhMi1mOTI5LTRmOWQtOTk0OC0xMzU5MWFkYWNlODjYAgXgAgE&sid=f990c8e44d8a49a026ee40f8b9e3b3a2&aid=304142&ucfs=1&arphpl=1&checkin=2025-03-01&checkout=2025-03-08&dest_id=-372490&dest_type=city&group_adults=2&req_adults=2&no_rooms=1&group_children=0&req_children=0&hpos=22&hapos=452&sr_order=popularity&srpvid=af307f62bb9d0534&srepoch=1738174068&all_sr_blocks=874023702_399861654_4_0_0&highlighted_blocks=874023702_399861654_4_0_0&matching_block_id=874023702_399861654_4_0_0&sr_pri_blocks=874023702_399861654_4_0_0__342217&from=searchresults
4bedroom apartment with a balcony in Las Ramblas 1 2,"Ciutat Vella, Barcelona",https://www.booking.com/hotel/es/4bedroom-apartment-with-a-balcony-in-las-ramblas-1-2.html?label=gen173nr-1BCAEoggI46AdSAnVzWARoRogBAZgBMbgBGcgBD9gBAegBAYgCAagCA7gC-NjpvAbAAgHSAiQ4ZGVlZWVhMi1mOTI5LTRmOWQtOTk0OC0xMzU5MWFkYWNlODjYAgXgAgE&sid=f990c8e44d8a49a026ee40f8b9e3b3a2&aid=304142&ucfs=1&arphpl=1&checkin=2025-03-01&checkout=2025-03-08&dest_id=-372490&dest_type=city&group_adults=2&req_adults=2&no_rooms=1&group_children=0&req_children=0&hpos=23&hapos=453&sr_order=popularity&srpvid=af307f62bb9d0534&srepoch=1738174068&all_sr_blocks=874019602_399861661_6_0_0&highlighted_blocks=874019602_399861661_6_0_0&matching_block_id=874019602_399861661_6_0_0&sr_pri_blocks=874019602_399861661_6_0_0__547127&from=searchresults
Catalonia Albeniz,"Sant Martí, Barcelona",https://www.booking.com/hotel/es/cataloniaalbeniz.html?label=gen173nr-1BCAEoggI46AdSAnVzWARoRogBAZgBMbgBGcgBD9gBAegBAYgCAagCA7gC-NjpvAbAAgHSAiQ4ZGVlZWVhMi1mOTI5LTRmOWQtOTk0OC0xMzU5MWFkYWNlODjYAgXgAgE&sid=f990c8e44d8a49a026ee40f8b9e3b3a2&aid=304142&ucfs=1&arphpl=1&checkin=2025-03-01&checkout=2025-03-08&dest_id=-372490&dest_type=city&group_adults=2&req_adults=2&no_rooms=1&group_children=0&req_children=0&hpos=24&hapos=454&sr_order=popularity&srpvid=af307f62bb9d0534&srepoch=1738174068&all_sr_blocks=9059005_88181950_0_2_0&highlighted_blocks=9059005_88181950_0_2_0&matching_block_id=9059005_88181950_0_2_0&sr_pri_blocks=9059005_88181950_0_2_0__173700&from_sustainable_property_sr=1&from=searchresults
Confortable y lujoso yate deportivo,Barcelona,https://www.booking.com/hotel/es/senyer-duerme-en-un-confortable-yate-deportivo.html?label=gen173nr-1BCAEoggI46AdSAnVzWARoRogBAZgBMbgBGcgBD9gBAegBAYgCAagCA7gC-NjpvAbAAgHSAiQ4ZGVlZWVhMi1mOTI5LTRmOWQtOTk0OC0xMzU5MWFkYWNlODjYAgXgAgE&sid=f990c8e44d8a49a026ee40f8b9e3b3a2&aid=304142&ucfs=1&arphpl=1&checkin=2025-03-01&checkout=2025-03-08&dest_id=-372490&dest_type=city&group_adults=2&req_adults=2&no_rooms=1&group_children=0&req_children=0&hpos=25&hapos=455&sr_order=popularity&srpvid=af307f62bb9d0534&srepoch=1738174068&all_sr_blocks=918385001_363417028_4_0_0&highlighted_blocks=918385001_363417028_4_0_0&matching_block_id=918385001_363417028_4_0_0&sr_pri_blocks=918385001_363417028_4_0_0__290325&from=searchresults
Apartment Barcelona Rentals - Penthouse with Terrace,"Sarrià-St. Gervasi, Barcelona",https://www.booking.com/hotel/es/apartment-barcelona-rentals-attic-terrace-apartment.html?label=gen173nr-1BCAEoggI46AdSAnVzWARoRogBAZgBMbgBGcgBD9gBAegBAYgCAagCA7gC-NjpvAbAAgHSAiQ4ZGVlZWVhMi1mOTI5LTRmOWQtOTk0OC0xMzU5MWFkYWNlODjYAgXgAgE&sid=f990c8e44d8a49a026ee40f8b9e3b3a2&aid=304142&ucfs=1&arphpl=1&checkin=2025-03-01&checkout=2025-03-08&dest_id=-372490&dest_type=city&group_adults=2&req_adults=2&no_rooms=1&group_children=0&req_children=0&hpos=1&hapos=456&sr_order=popularity&srpvid=af307f62bb9d0534&srepoch=1738174071&all_sr_blocks=192308701_357747221_2_0_0&highlighted_blocks=192308701_357747221_2_0_0&matching_block_id=192308701_357747221_2_0_0&sr_pri_blocks=192308701_357747221_2_0_0__391317&from=searchresults
Sagrada Familia- Fantastic Bold Catalan 3 Bedroom Balcony,"Eixample, Barcelona",https://www.booking.com/hotel/es/sagrada-familia-fantastic-bold-catalan-3-bedroom-balcony.html?label=gen173nr-1BCAEoggI46AdSAnVzWARoRogBAZgBMbgBGcgBD9gBAegBAYgCAagCA7gC-NjpvAbAAgHSAiQ4ZGVlZWVhMi1mOTI5LTRmOWQtOTk0OC0xMzU5MWFkYWNlODjYAgXgAgE&sid=f990c8e44d8a49a026ee40f8b9e3b3a2&aid=304142&ucfs=1&arphpl=1&checkin=2025-03-01&checkout=2025-03-08&dest_id=-372490&dest_type=city&group_adults=2&req_adults=2&no_rooms=1&group_children=0&req_children=0&hpos=2&hapos=457&sr_order=popularity&srpvid=af307f62bb9d0534&srepoch=1738174071&all_sr_blocks=873622602_399861635_3_0_0&highlighted_blocks=873622602_399861635_3_0_0&matching_block_id=873622602_399861635_3_0_0&sr_pri_blocks=873622602_399861635_3_0_0__313027&from=searchresults
My Space Emirates - Park Güell Triplex with Private Terrace,"Sarrià-St. Gervasi, Barcelona",https://www.booking.com/hotel/es/barcino-park-guell-apartments.html?label=gen173nr-1BCAEoggI46AdSAnVzWARoRogBAZgBMbgBGcgBD9gBAegBAYgCAagCA7gC-NjpvAbAAgHSAiQ4ZGVlZWVhMi1mOTI5LTRmOWQtOTk0OC0xMzU5MWFkYWNlODjYAgXgAgE&sid=f990c8e44d8a49a026ee40f8b9e3b3a2&aid=304142&ucfs=1&arphpl=1&checkin=2025-03-01&checkout=2025-03-08&dest_id=-372490&dest_type=city&group_adults=2&req_adults=2&no_rooms=1&group_children=0&req_children=0&hpos=3&hapos=458&sr_order=popularity&srpvid=af307f62bb9d0534&srepoch=1738174071&all_sr_blocks=1155294403_390578678_2_0_0&highlighted_blocks=1155294403_390578678_2_0_0&matching_block_id=1155294403_390578678_2_0_0&sr_pri_blocks=1155294403_390578678_2_0_0__388182&from=searchresults
Eixample 3BD Apartment with Private Terrace,"Eixample, Barcelona",https://www.booking.com/hotel/es/eixample-3bd-apartment-with-private-terrace.html?label=gen173nr-1BCAEoggI46AdSAnVzWARoRogBAZgBMbgBGcgBD9gBAegBAYgCAagCA7gC-NjpvAbAAgHSAiQ4ZGVlZWVhMi1mOTI5LTRmOWQtOTk0OC0xMzU5MWFkYWNlODjYAgXgAgE&sid=f990c8e44d8a49a026ee40f8b9e3b3a2&aid=304142&ucfs=1&arphpl=1&checkin=2025-03-01&checkout=2025-03-08&dest_id=-372490&dest_type=city&group_adults=2&req_adults=2&no_rooms=1&group_children=0&req_children=0&hpos=4&hapos=459&sr_order=popularity&srpvid=af307f62bb9d0534&srepoch=1738174071&all_sr_blocks=1267310302_400245732_6_0_0&highlighted_blocks=1267310302_400245732_6_0_0&matching_block_id=1267310302_400245732_6_0_0&sr_pri_blocks=1267310302_400245732_6_0_0__475992&from=searchresults
Sunny Apartment 3bed with terraze,"Eixample, Barcelona",https://www.booking.com/hotel/es/sunny-apartment-3bed-with-terraze-barcelona.html?label=gen173nr-1BCAEoggI46AdSAnVzWARoRogBAZgBMbgBGcgBD9gBAegBAYgCAagCA7gC-NjpvAbAAgHSAiQ4ZGVlZWVhMi1mOTI5LTRmOWQtOTk0OC0xMzU5MWFkYWNlODjYAgXgAgE&sid=f990c8e44d8a49a026ee40f8b9e3b3a2&aid=304142&ucfs=1&arphpl=1&checkin=2025-03-01&checkout=2025-03-08&dest_id=-372490&dest_type=city&group_adults=2&req_adults=2&no_rooms=1&group_children=0&req_children=0&hpos=5&hapos=460&sr_order=popularity&srpvid=af307f62bb9d0534&srepoch=1738174071&all_sr_blocks=1061548901_378466556_5_2_0&highlighted_blocks=1061548901_378466556_5_2_0&matching_block_id=1061548901_378466556_5_2_0&sr_pri_blocks=1061548901_378466556_5_2_0__512915&from=searchresults
H La Paloma Boutique,"Ciutat Vella, Barcelona",https://www.booking.com/hotel/es/h-la-paloma.html?label=gen173nr-1BCAEoggI46AdSAnVzWARoRogBAZgBMbgBGcgBD9gBAegBAYgCAagCA7gC-NjpvAbAAgHSAiQ4ZGVlZWVhMi1mOTI5LTRmOWQtOTk0OC0xMzU5MWFkYWNlODjYAgXgAgE&sid=f990c8e44d8a49a026ee40f8b9e3b3a2&aid=304142&ucfs=1&arphpl=1&checkin=2025-03-01&checkout=2025-03-08&dest_id=-372490&dest_type=city&group_adults=2&req_adults=2&no_rooms=1&group_children=0&req_children=0&hpos=6&hapos=461&sr_order=popularity&srpvid=af307f62bb9d0534&srepoch=1738174071&all_sr_blocks=90133605_93215977_0_0_0&highlighted_blocks=90133605_93215977_0_0_0&matching_block_id=90133605_93215977_0_0_0&sr_pri_blocks=90133605_93215977_0_0_0__166991&from=searchresults
Paseo de Gracia sunny 2BR penthouse,"Eixample, Barcelona",https://www.booking.com/hotel/es/paseo-de-gracia-sunny-2br-penthouse.html?label=gen173nr-1BCAEoggI46AdSAnVzWARoRogBAZgBMbgBGcgBD9gBAegBAYgCAagCA7gC-NjpvAbAAgHSAiQ4ZGVlZWVhMi1mOTI5LTRmOWQtOTk0OC0xMzU5MWFkYWNlODjYAgXgAgE&sid=f990c8e44d8a49a026ee40f8b9e3b3a2&aid=304142&ucfs=1&arphpl=1&checkin=2025-03-01&checkout=2025-03-08&dest_id=-372490&dest_type=city&group_adults=2&req_adults=2&no_rooms=1&group_children=0&req_children=0&hpos=1&hapos=462&sr_order=popularity&srpvid=af307f62bb9d0534&srepoch=1738174074&all_sr_blocks=1190648702_399836626_4_0_0&highlighted_blocks=1190648702_399836626_4_0_0&matching_block_id=1190648702_399836626_4_0_0&sr_pri_blocks=1190648702_399836626_4_0_0__347412&from=searchresults
Ronda Sant Pere,"Eixample, Barcelona",https://www.booking.com/hotel/es/ronda-sant-pere.html?label=gen173nr-1BCAEoggI46AdSAnVzWARoRogBAZgBMbgBGcgBD9gBAegBAYgCAagCA7gC-NjpvAbAAgHSAiQ4ZGVlZWVhMi1mOTI5LTRmOWQtOTk0OC0xMzU5MWFkYWNlODjYAgXgAgE&sid=f990c8e44d8a49a026ee40f8b9e3b3a2&aid=304142&ucfs=1&arphpl=1&checkin=2025-03-01&checkout=2025-03-08&dest_id=-372490&dest_type=city&group_adults=2&req_adults=2&no_rooms=1&group_children=0&req_children=0&hpos=2&hapos=463&sr_order=popularity&srpvid=af307f62bb9d0534&srepoch=1738174074&all_sr_blocks=873670102_399861424_5_0_0&highlighted_blocks=873670102_399861424_5_0_0&matching_block_id=873670102_399861424_5_0_0&sr_pri_blocks=873670102_399861424_5_0_0__497142&from=searchresults
Bright and modern 4bedroom with terrace in Las Ramblas P1,"Ciutat Vella, Barcelona",https://www.booking.com/hotel/es/bright-and-modern-4bedroom-with-terrace-in-las-ramblas-p1.html?label=gen173nr-1BCAEoggI46AdSAnVzWARoRogBAZgBMbgBGcgBD9gBAegBAYgCAagCA7gC-NjpvAbAAgHSAiQ4ZGVlZWVhMi1mOTI5LTRmOWQtOTk0OC0xMzU5MWFkYWNlODjYAgXgAgE&sid=f990c8e44d8a49a026ee40f8b9e3b3a2&aid=304142&ucfs=1&arphpl=1&checkin=2025-03-01&checkout=2025-03-08&dest_id=-372490&dest_type=city&group_adults=2&req_adults=2&no_rooms=1&group_children=0&req_children=0&hpos=3&hapos=464&sr_order=popularity&srpvid=af307f62bb9d0534&srepoch=1738174074&all_sr_blocks=874022702_399861628_6_0_0&highlighted_blocks=874022702_399861628_6_0_0&matching_block_id=874022702_399861628_6_0_0&sr_pri_blocks=874022702_399861628_6_0_0__573632&from=searchresults
Rosalia en Sagrada Familia Hospital Sant Pau,"Horta-Guinardó, Barcelona",https://www.booking.com/hotel/es/rosalia-en-sagrada-familia-hospital-sant-pau.html?label=gen173nr-1BCAEoggI46AdSAnVzWARoRogBAZgBMbgBGcgBD9gBAegBAYgCAagCA7gC-NjpvAbAAgHSAiQ4ZGVlZWVhMi1mOTI5LTRmOWQtOTk0OC0xMzU5MWFkYWNlODjYAgXgAgE&sid=f990c8e44d8a49a026ee40f8b9e3b3a2&aid=304142&ucfs=1&arphpl=1&checkin=2025-03-01&checkout=2025-03-08&dest_id=-372490&dest_type=city&group_adults=2&req_adults=2&no_rooms=1&group_children=0&req_children=0&hpos=4&hapos=465&sr_order=popularity&srpvid=af307f62bb9d0534&srepoch=1738174074&all_sr_blocks=1239499901_395913551_4_0_0&highlighted_blocks=1239499901_395913551_4_0_0&matching_block_id=1239499901_395913551_4_0_0&sr_pri_blocks=1239499901_395913551_4_0_0__257537&from=searchresults
Bright and modern 3bedroom in Las Ramblas 3 1B,"Ciutat Vella, Barcelona",https://www.booking.com/hotel/es/bright-and-modern-3bedroom-in-las-ramblas-3-1b.html?label=gen173nr-1BCAEoggI46AdSAnVzWARoRogBAZgBMbgBGcgBD9gBAegBAYgCAagCA7gC-NjpvAbAAgHSAiQ4ZGVlZWVhMi1mOTI5LTRmOWQtOTk0OC0xMzU5MWFkYWNlODjYAgXgAgE&sid=f990c8e44d8a49a026ee40f8b9e3b3a2&aid=304142&ucfs=1&arphpl=1&checkin=2025-03-01&checkout=2025-03-08&dest_id=-372490&dest_type=city&group_adults=2&req_adults=2&no_rooms=1&group_children=0&req_children=0&hpos=5&hapos=466&sr_order=popularity&srpvid=af307f62bb9d0534&srepoch=1738174074&all_sr_blocks=874023302_399861706_4_0_0&highlighted_blocks=874023302_399861706_4_0_0&matching_block_id=874023302_399861706_4_0_0&sr_pri_blocks=874023302_399861706_4_0_0__381447&from=searchresults
Modern and bright 4BD triplex in Paralel!,"Sants-Montjuïc, Barcelona",https://www.booking.com/hotel/es/modern-and-bright-house-in-the-city-centre.html?label=gen173nr-1BCAEoggI46AdSAnVzWARoRogBAZgBMbgBGcgBD9gBAegBAYgCAagCA7gC-NjpvAbAAgHSAiQ4ZGVlZWVhMi1mOTI5LTRmOWQtOTk0OC0xMzU5MWFkYWNlODjYAgXgAgE&sid=f990c8e44d8a49a026ee40f8b9e3b3a2&aid=304142&ucfs=1&arphpl=1&checkin=2025-03-01&checkout=2025-03-08&dest_id=-372490&dest_type=city&group_adults=2&req_adults=2&no_rooms=1&group_children=0&req_children=0&hpos=6&hapos=467&sr_order=popularity&srpvid=af307f62bb9d0534&srepoch=1738174074&all_sr_blocks=873700102_399861653_4_0_0&highlighted_blocks=873700102_399861653_4_0_0&matching_block_id=873700102_399861653_4_0_0&sr_pri_blocks=873700102_399861653_4_0_0__541092&from=searchresults
White penthouse,"Sant Martí, Barcelona",https://www.booking.com/hotel/es/white-penthouse-barcelona.html?label=gen173nr-1BCAEoggI46AdSAnVzWARoRogBAZgBMbgBGcgBD9gBAegBAYgCAagCA7gC-NjpvAbAAgHSAiQ4ZGVlZWVhMi1mOTI5LTRmOWQtOTk0OC0xMzU5MWFkYWNlODjYAgXgAgE&sid=f990c8e44d8a49a026ee40f8b9e3b3a2&aid=304142&ucfs=1&arphpl=1&checkin=2025-03-01&checkout=2025-03-08&dest_id=-372490&dest_type=city&group_adults=2&req_adults=2&no_rooms=1&group_children=0&req_children=0&hpos=7&hapos=468&sr_order=popularity&srpvid=af307f62bb9d0534&srepoch=1738174074&all_sr_blocks=754724202_340093550_2_0_0&highlighted_blocks=754724202_340093550_2_0_0&matching_block_id=754724202_340093550_2_0_0&sr_pri_blocks=754724202_340093550_2_0_0__223957&from=searchresults
Placa Catalunya V Charming and Exquisite 5Bd Apartment with Large Balcony,"Eixample, Barcelona",https://www.booking.com/hotel/es/placa-catalunya-v-charming-and-exquisite-5bd-apartment-with-large-balcony.html?label=gen173nr-1BCAEoggI46AdSAnVzWARoRogBAZgBMbgBGcgBD9gBAegBAYgCAagCA7gC-NjpvAbAAgHSAiQ4ZGVlZWVhMi1mOTI5LTRmOWQtOTk0OC0xMzU5MWFkYWNlODjYAgXgAgE&sid=f990c8e44d8a49a026ee40f8b9e3b3a2&aid=304142&ucfs=1&arphpl=1&checkin=2025-03-01&checkout=2025-03-08&dest_id=-372490&dest_type=city&group_adults=2&req_adults=2&no_rooms=1&group_children=0&req_children=0&hpos=8&hapos=469&sr_order=popularity&srpvid=af307f62bb9d0534&srepoch=1738174074&all_sr_blocks=874034702_399861596_6_0_0&highlighted_blocks=874034702_399861596_6_0_0&matching_block_id=874034702_399861596_6_0_0&sr_pri_blocks=874034702_399861596_6_0_0__1040232&from=searchresults
G74 AVENIDA GAUDI nice 4 bedrooms apartment with balcony- Sagrada Familia,"Eixample, Barcelona",https://www.booking.com/hotel/es/avenida-gaudi-apartment-sagrada-familia.html?label=gen173nr-1BCAEoggI46AdSAnVzWARoRogBAZgBMbgBGcgBD9gBAegBAYgCAagCA7gC-NjpvAbAAgHSAiQ4ZGVlZWVhMi1mOTI5LTRmOWQtOTk0OC0xMzU5MWFkYWNlODjYAgXgAgE&sid=f990c8e44d8a49a026ee40f8b9e3b3a2&aid=304142&ucfs=1&arphpl=1&checkin=2025-03-01&checkout=2025-03-08&dest_id=-372490&dest_type=city&group_adults=2&req_adults=2&no_rooms=1&group_children=0&req_children=0&hpos=9&hapos=470&sr_order=popularity&srpvid=af307f62bb9d0534&srepoch=1738174074&all_sr_blocks=1102676601_386255469_2_0_0&highlighted_blocks=1102676601_386255469_2_0_0&matching_block_id=1102676601_386255469_2_0_0&sr_pri_blocks=1102676601_386255469_2_0_0__618816&from=searchresults
Comfortable and huge 4BD - 2BTH Rambla Catalunya,"Eixample, Barcelona",https://www.booking.com/hotel/es/comfortable-and-huge-4bd-2bth-rambla-catalunya.html?label=gen173nr-1BCAEoggI46AdSAnVzWARoRogBAZgBMbgBGcgBD9gBAegBAYgCAagCA7gC-NjpvAbAAgHSAiQ4ZGVlZWVhMi1mOTI5LTRmOWQtOTk0OC0xMzU5MWFkYWNlODjYAgXgAgE&sid=f990c8e44d8a49a026ee40f8b9e3b3a2&aid=304142&ucfs=1&arphpl=1&checkin=2025-03-01&checkout=2025-03-08&dest_id=-372490&dest_type=city&group_adults=2&req_adults=2&no_rooms=1&group_children=0&req_children=0&hpos=10&hapos=471&sr_order=popularity&srpvid=af307f62bb9d0534&srepoch=1738174074&all_sr_blocks=1051485202_399861687_7_0_0&highlighted_blocks=1051485202_399861687_7_0_0&matching_block_id=1051485202_399861687_7_0_0&sr_pri_blocks=1051485202_399861687_7_0_0__527897&from=searchresults
City View Penthouse - 2 Bedroom Suite,"Sant Martí, Barcelona",https://www.booking.com/hotel/es/city-view-penthouse-2-bedroom-suite.html?label=gen173nr-1BCAEoggI46AdSAnVzWARoRogBAZgBMbgBGcgBD9gBAegBAYgCAagCA7gC-NjpvAbAAgHSAiQ4ZGVlZWVhMi1mOTI5LTRmOWQtOTk0OC0xMzU5MWFkYWNlODjYAgXgAgE&sid=f990c8e44d8a49a026ee40f8b9e3b3a2&aid=304142&ucfs=1&arphpl=1&checkin=2025-03-01&checkout=2025-03-08&dest_id=-372490&dest_type=city&group_adults=2&req_adults=2&no_rooms=1&group_children=0&req_children=0&hpos=11&hapos=472&sr_order=popularity&srpvid=af307f62bb9d0534&srepoch=1738174074&all_sr_blocks=873702002_399861406_2_0_0&highlighted_blocks=873702002_399861406_2_0_0&matching_block_id=873702002_399861406_2_0_0&sr_pri_blocks=873702002_399861406_2_0_0__312782&from=searchresults
Pensión San Ramón,"Ciutat Vella, Barcelona",https://www.booking.com/hotel/es/pensia3n-hostal-san-rama3n.html?label=gen173nr-1BCAEoggI46AdSAnVzWARoRogBAZgBMbgBGcgBD9gBAegBAYgCAagCA7gC-NjpvAbAAgHSAiQ4ZGVlZWVhMi1mOTI5LTRmOWQtOTk0OC0xMzU5MWFkYWNlODjYAgXgAgE&sid=f990c8e44d8a49a026ee40f8b9e3b3a2&aid=304142&ucfs=1&arphpl=1&checkin=2025-03-01&checkout=2025-03-08&dest_id=-372490&dest_type=city&group_adults=2&req_adults=2&no_rooms=1&group_children=0&req_children=0&hpos=12&hapos=473&sr_order=popularity&srpvid=af307f62bb9d0534&srepoch=1738174074&all_sr_blocks=35449407_362862888_0_0_0&highlighted_blocks=35449407_362862888_0_0_0&matching_block_id=35449407_362862888_0_0_0&sr_pri_blocks=35449407_362862888_0_0_0__117425&from=searchresults
Modern stylish 3 bedroom Arco de Triunfo,"Sant Martí, Barcelona",https://www.booking.com/hotel/es/modern-stylish-3-bedroom-arco-de-triunfo.html?label=gen173nr-1BCAEoggI46AdSAnVzWARoRogBAZgBMbgBGcgBD9gBAegBAYgCAagCA7gC-NjpvAbAAgHSAiQ4ZGVlZWVhMi1mOTI5LTRmOWQtOTk0OC0xMzU5MWFkYWNlODjYAgXgAgE&sid=f990c8e44d8a49a026ee40f8b9e3b3a2&aid=304142&ucfs=1&arphpl=1&checkin=2025-03-01&checkout=2025-03-08&dest_id=-372490&dest_type=city&group_adults=2&req_adults=2&no_rooms=1&group_children=0&req_children=0&hpos=13&hapos=474&sr_order=popularity&srpvid=af307f62bb9d0534&srepoch=1738174074&all_sr_blocks=934607702_368554705_0_0_0&highlighted_blocks=934607702_368554705_0_0_0&matching_block_id=934607702_368554705_0_0_0&sr_pri_blocks=934607702_368554705_0_0_0__468486&from=searchresults
My Space Barcelona Guell Terrace Center,"Sarrià-St. Gervasi, Barcelona",https://www.booking.com/hotel/es/guell-terrace.html?label=gen173nr-1BCAEoggI46AdSAnVzWARoRogBAZgBMbgBGcgBD9gBAegBAYgCAagCA7gC-NjpvAbAAgHSAiQ4ZGVlZWVhMi1mOTI5LTRmOWQtOTk0OC0xMzU5MWFkYWNlODjYAgXgAgE&sid=f990c8e44d8a49a026ee40f8b9e3b3a2&aid=304142&ucfs=1&arphpl=1&checkin=2025-03-01&checkout=2025-03-08&dest_id=-372490&dest_type=city&group_adults=2&req_adults=2&no_rooms=1&group_children=0&req_children=0&hpos=14&hapos=475&sr_order=popularity&srpvid=af307f62bb9d0534&srepoch=1738174074&all_sr_blocks=40343601_357747337_2_0_0&highlighted_blocks=40343601_357747337_2_0_0&matching_block_id=40343601_357747337_2_0_0&sr_pri_blocks=40343601_357747337_2_0_0__388182&from=searchresults
Perfectly located 4-bed 4-bath apartment in Barcelona 2-1,"Eixample, Barcelona",https://www.booking.com/hotel/es/perfectly-located-4-bed-4-bath-apartment-in-barcelona-2-1.html?label=gen173nr-1BCAEoggI46AdSAnVzWARoRogBAZgBMbgBGcgBD9gBAegBAYgCAagCA7gC-NjpvAbAAgHSAiQ4ZGVlZWVhMi1mOTI5LTRmOWQtOTk0OC0xMzU5MWFkYWNlODjYAgXgAgE&sid=f990c8e44d8a49a026ee40f8b9e3b3a2&aid=304142&ucfs=1&arphpl=1&checkin=2025-03-01&checkout=2025-03-08&dest_id=-372490&dest_type=city&group_adults=2&req_adults=2&no_rooms=1&group_children=0&req_children=0&hpos=15&hapos=476&sr_order=popularity&srpvid=af307f62bb9d0534&srepoch=1738174074&all_sr_blocks=874236702_399861433_6_0_0&highlighted_blocks=874236702_399861433_6_0_0&matching_block_id=874236702_399861433_6_0_0&sr_pri_blocks=874236702_399861433_6_0_0__538447&from=searchresults
Spacious Stylish 4-bedroom Modernist Apartment,"Eixample, Barcelona",https://www.booking.com/hotel/es/spacious-stylish-4-bedroom-modernist-apartment.html?label=gen173nr-1BCAEoggI46AdSAnVzWARoRogBAZgBMbgBGcgBD9gBAegBAYgCAagCA7gC-NjpvAbAAgHSAiQ4ZGVlZWVhMi1mOTI5LTRmOWQtOTk0OC0xMzU5MWFkYWNlODjYAgXgAgE&sid=f990c8e44d8a49a026ee40f8b9e3b3a2&aid=304142&ucfs=1&arphpl=1&checkin=2025-03-01&checkout=2025-03-08&dest_id=-372490&dest_type=city&group_adults=2&req_adults=2&no_rooms=1&group_children=0&req_children=0&hpos=16&hapos=477&sr_order=popularity&srpvid=af307f62bb9d0534&srepoch=1738174074&all_sr_blocks=1230820601_395067465_8_0_0&highlighted_blocks=1230820601_395067465_8_0_0&matching_block_id=1230820601_395067465_8_0_0&sr_pri_blocks=1230820601_395067465_8_0_0__1445637&from=searchresults
Elegant 4 Bedroom by Plaza Catalunya,"Eixample, Barcelona",https://www.booking.com/hotel/es/central-and-captivating-4-bedroom-by-placa-catalunya.html?label=gen173nr-1BCAEoggI46AdSAnVzWARoRogBAZgBMbgBGcgBD9gBAegBAYgCAagCA7gC-NjpvAbAAgHSAiQ4ZGVlZWVhMi1mOTI5LTRmOWQtOTk0OC0xMzU5MWFkYWNlODjYAgXgAgE&sid=f990c8e44d8a49a026ee40f8b9e3b3a2&aid=304142&ucfs=1&arphpl=1&checkin=2025-03-01&checkout=2025-03-08&dest_id=-372490&dest_type=city&group_adults=2&req_adults=2&no_rooms=1&group_children=0&req_children=0&hpos=17&hapos=478&sr_order=popularity&srpvid=af307f62bb9d0534&srepoch=1738174074&all_sr_blocks=874026602_399861459_6_0_0&highlighted_blocks=874026602_399861459_6_0_0&matching_block_id=874026602_399861459_6_0_0&sr_pri_blocks=874026602_399861459_6_0_0__481172&from=searchresults
Poble Sec - Modern & comfy 3 bedrooms,"Sants-Montjuïc, Barcelona",https://www.booking.com/hotel/es/recently-renovated-3-bedrooms-in-poble-sec.html?label=gen173nr-1BCAEoggI46AdSAnVzWARoRogBAZgBMbgBGcgBD9gBAegBAYgCAagCA7gC-NjpvAbAAgHSAiQ4ZGVlZWVhMi1mOTI5LTRmOWQtOTk0OC0xMzU5MWFkYWNlODjYAgXgAgE&sid=f990c8e44d8a49a026ee40f8b9e3b3a2&aid=304142&ucfs=1&arphpl=1&checkin=2025-03-01&checkout=2025-03-08&dest_id=-372490&dest_type=city&group_adults=2&req_adults=2&no_rooms=1&group_children=0&req_children=0&hpos=18&hapos=479&sr_order=popularity&srpvid=af307f62bb9d0534&srepoch=1738174074&all_sr_blocks=873642402_399836545_5_0_0&highlighted_blocks=873642402_399836545_5_0_0&matching_block_id=873642402_399836545_5_0_0&sr_pri_blocks=873642402_399836545_5_0_0__394992&from=searchresults
Lugaris Rambla Apartments,"Sant Martí, Barcelona",https://www.booking.com/hotel/es/lugaris-the-home-concept.html?label=gen173nr-1BCAEoggI46AdSAnVzWARoRogBAZgBMbgBGcgBD9gBAegBAYgCAagCA7gC-NjpvAbAAgHSAiQ4ZGVlZWVhMi1mOTI5LTRmOWQtOTk0OC0xMzU5MWFkYWNlODjYAgXgAgE&sid=f990c8e44d8a49a026ee40f8b9e3b3a2&aid=304142&ucfs=1&arphpl=1&checkin=2025-03-01&checkout=2025-03-08&dest_id=-372490&dest_type=city&group_adults=2&req_adults=2&no_rooms=1&group_children=0&req_children=0&hpos=19&hapos=480&sr_order=popularity&srpvid=af307f62bb9d0534&srepoch=1738174074&all_sr_blocks=24280302_99486590_2_0_0&highlighted_blocks=24280302_99486590_2_0_0&matching_block_id=24280302_99486590_2_0_0&sr_pri_blocks=24280302_99486590_2_0_0__225002&from=searchresults
Mesón Castilla Atiram Hotels,"Ciutat Vella, Barcelona",https://www.booking.com/hotel/es/atirammesoncastilla.html?label=gen173nr-1BCAEoggI46AdSAnVzWARoRogBAZgBMbgBGcgBD9gBAegBAYgCAagCA7gC-NjpvAbAAgHSAiQ4ZGVlZWVhMi1mOTI5LTRmOWQtOTk0OC0xMzU5MWFkYWNlODjYAgXgAgE&sid=f990c8e44d8a49a026ee40f8b9e3b3a2&aid=304142&ucfs=1&arphpl=1&checkin=2025-03-01&checkout=2025-03-08&dest_id=-372490&dest_type=city&group_adults=2&req_adults=2&no_rooms=1&group_children=0&req_children=0&hpos=20&hapos=481&sr_order=popularity&srpvid=af307f62bb9d0534&srepoch=1738174074&all_sr_blocks=9099402_0_2_0_0&highlighted_blocks=9099402_0_2_0_0&matching_block_id=9099402_0_2_0_0&sr_pri_blocks=9099402_0_2_0_0__220989&from=searchresults
You Stylish Sagrada Familia Apartments,"Eixample, Barcelona",https://www.booking.com/hotel/es/sagrada-familia-1-nice-bright-amp-quiet-apartment.html?label=gen173nr-1BCAEoggI46AdSAnVzWARoRogBAZgBMbgBGcgBD9gBAegBAYgCAagCA7gC-NjpvAbAAgHSAiQ4ZGVlZWVhMi1mOTI5LTRmOWQtOTk0OC0xMzU5MWFkYWNlODjYAgXgAgE&sid=f990c8e44d8a49a026ee40f8b9e3b3a2&aid=304142&ucfs=1&arphpl=1&checkin=2025-03-01&checkout=2025-03-08&dest_id=-372490&dest_type=city&group_adults=2&req_adults=2&no_rooms=1&group_children=0&req_children=0&hpos=21&hapos=482&sr_order=popularity&srpvid=af307f62bb9d0534&srepoch=1738174074&all_sr_blocks=601173602_235735126_0_0_0&highlighted_blocks=601173602_235735126_0_0_0&matching_block_id=601173602_235735126_0_0_0&sr_pri_blocks=601173602_235735126_0_0_0__246565&from=searchresults
Aspasios Charming Flats,"Eixample, Barcelona",https://www.booking.com/hotel/es/aspasios-calabria-charming-flats.html?label=gen173nr-1BCAEoggI46AdSAnVzWARoRogBAZgBMbgBGcgBD9gBAegBAYgCAagCA7gC-NjpvAbAAgHSAiQ4ZGVlZWVhMi1mOTI5LTRmOWQtOTk0OC0xMzU5MWFkYWNlODjYAgXgAgE&sid=f990c8e44d8a49a026ee40f8b9e3b3a2&aid=304142&ucfs=1&arphpl=1&checkin=2025-03-01&checkout=2025-03-08&dest_id=-372490&dest_type=city&group_adults=2&req_adults=2&no_rooms=1&group_children=0&req_children=0&hpos=22&hapos=483&sr_order=popularity&srpvid=af307f62bb9d0534&srepoch=1738174074&all_sr_blocks=142837508_87034064_2_0_0&highlighted_blocks=142837508_87034064_2_0_0&matching_block_id=142837508_87034064_2_0_0&sr_pri_blocks=142837508_87034064_2_0_0__223667&from=searchresults
Hostal Goya,"Eixample, Barcelona",https://www.booking.com/hotel/es/hostal-goya-apartments.html?label=gen173nr-1BCAEoggI46AdSAnVzWARoRogBAZgBMbgBGcgBD9gBAegBAYgCAagCA7gC-NjpvAbAAgHSAiQ4ZGVlZWVhMi1mOTI5LTRmOWQtOTk0OC0xMzU5MWFkYWNlODjYAgXgAgE&sid=f990c8e44d8a49a026ee40f8b9e3b3a2&aid=304142&ucfs=1&arphpl=1&checkin=2025-03-01&checkout=2025-03-08&dest_id=-372490&dest_type=city&group_adults=2&req_adults=2&no_rooms=1&group_children=0&req_children=0&hpos=23&hapos=484&sr_order=popularity&srpvid=af307f62bb9d0534&srepoch=1738174074&all_sr_blocks=28713601_91918550_2_0_0&highlighted_blocks=28713601_91918550_2_0_0&matching_block_id=28713601_91918550_2_0_0&sr_pri_blocks=28713601_91918550_2_0_0__181194&from=searchresults
Stay U-nique Apartments Travessera II,"Gràcia, Barcelona",https://www.booking.com/hotel/es/incredible-loft-in-villa-de-gracia.html?label=gen173nr-1BCAEoggI46AdSAnVzWARoRogBAZgBMbgBGcgBD9gBAegBAYgCAagCA7gC-NjpvAbAAgHSAiQ4ZGVlZWVhMi1mOTI5LTRmOWQtOTk0OC0xMzU5MWFkYWNlODjYAgXgAgE&sid=f990c8e44d8a49a026ee40f8b9e3b3a2&aid=304142&ucfs=1&arphpl=1&checkin=2025-03-01&checkout=2025-03-08&dest_id=-372490&dest_type=city&group_adults=2&req_adults=2&no_rooms=1&group_children=0&req_children=0&hpos=1&hapos=485&sr_order=popularity&srpvid=af307f62bb9d0534&srepoch=1738174077&all_sr_blocks=839629702_350779037_0_0_0&highlighted_blocks=839629702_350779037_0_0_0&matching_block_id=839629702_350779037_0_0_0&sr_pri_blocks=839629702_350779037_0_0_0__198143&from=searchresults
St Christopher's Inn Barcelona,"Eixample, Barcelona",https://www.booking.com/hotel/es/st-christopher-s-inn-barcelona1.html?label=gen173nr-1BCAEoggI46AdSAnVzWARoRogBAZgBMbgBGcgBD9gBAegBAYgCAagCA7gC-NjpvAbAAgHSAiQ4ZGVlZWVhMi1mOTI5LTRmOWQtOTk0OC0xMzU5MWFkYWNlODjYAgXgAgE&sid=f990c8e44d8a49a026ee40f8b9e3b3a2&aid=304142&ucfs=1&arphpl=1&checkin=2025-03-01&checkout=2025-03-08&dest_id=-372490&dest_type=city&group_adults=2&req_adults=2&no_rooms=1&group_children=0&req_children=0&hpos=2&hapos=486&sr_order=popularity&srpvid=af307f62bb9d0534&srepoch=1738174077&all_sr_blocks=46536714_88209685_8_2_0&highlighted_blocks=46536714_88209685_8_2_0&matching_block_id=46536714_88209685_8_2_0&sr_pri_blocks=46536714_88209685_8_2_0__231676&from=searchresults
Hostal LK Barcelona,"Sants-Montjuïc, Barcelona",https://www.booking.com/hotel/es/hostal-lk-barcelona.html?label=gen173nr-1BCAEoggI46AdSAnVzWARoRogBAZgBMbgBGcgBD9gBAegBAYgCAagCA7gC-NjpvAbAAgHSAiQ4ZGVlZWVhMi1mOTI5LTRmOWQtOTk0OC0xMzU5MWFkYWNlODjYAgXgAgE&sid=f990c8e44d8a49a026ee40f8b9e3b3a2&aid=304142&ucfs=1&arphpl=1&checkin=2025-03-01&checkout=2025-03-08&dest_id=-372490&dest_type=city&group_adults=2&req_adults=2&no_rooms=1&group_children=0&req_children=0&hpos=3&hapos=487&sr_order=popularity&srpvid=af307f62bb9d0534&srepoch=1738174077&all_sr_blocks=34717903_88207687_0_0_0_330321&highlighted_blocks=34717903_88207687_0_0_0_330321&matching_block_id=34717903_88207687_0_0_0_330321&sr_pri_blocks=34717903_88207687_0_0_0_330321_140035&from=searchresults
BCN Town Apartments Portaferrissa,"Ciutat Vella, Barcelona",https://www.booking.com/hotel/es/bcn-town-apartments-portaferrissa.html?label=gen173nr-1BCAEoggI46AdSAnVzWARoRogBAZgBMbgBGcgBD9gBAegBAYgCAagCA7gC-NjpvAbAAgHSAiQ4ZGVlZWVhMi1mOTI5LTRmOWQtOTk0OC0xMzU5MWFkYWNlODjYAgXgAgE&sid=f990c8e44d8a49a026ee40f8b9e3b3a2&aid=304142&ucfs=1&arphpl=1&checkin=2025-03-01&checkout=2025-03-08&dest_id=-372490&dest_type=city&group_adults=2&req_adults=2&no_rooms=1&group_children=0&req_children=0&hpos=4&hapos=488&sr_order=popularity&srpvid=af307f62bb9d0534&srepoch=1738174077&all_sr_blocks=107004005_101010008_2_0_0&highlighted_blocks=107004005_101010008_2_0_0&matching_block_id=107004005_101010008_2_0_0&sr_pri_blocks=107004005_101010008_2_0_0__349832&from=searchresults
New 2 bedroom apartment in Plaza España,"Sants-Montjuïc, Barcelona",https://www.booking.com/hotel/es/new-2-bedroom-apartment-in-plaza-espana.html?label=gen173nr-1BCAEoggI46AdSAnVzWARoRogBAZgBMbgBGcgBD9gBAegBAYgCAagCA7gC-NjpvAbAAgHSAiQ4ZGVlZWVhMi1mOTI5LTRmOWQtOTk0OC0xMzU5MWFkYWNlODjYAgXgAgE&sid=f990c8e44d8a49a026ee40f8b9e3b3a2&aid=304142&ucfs=1&arphpl=1&checkin=2025-03-01&checkout=2025-03-08&dest_id=-372490&dest_type=city&group_adults=2&req_adults=2&no_rooms=1&group_children=0&req_children=0&hpos=5&hapos=489&sr_order=popularity&srpvid=af307f62bb9d0534&srepoch=1738174077&all_sr_blocks=989772201_371593642_3_0_0&highlighted_blocks=989772201_371593642_3_0_0&matching_block_id=989772201_371593642_3_0_0&sr_pri_blocks=989772201_371593642_3_0_0__214490&from=searchresults
Click&Flat Stylish Torrijos,"Gràcia, Barcelona",https://www.booking.com/hotel/es/click-amp-flat-stylish-torrijos.html?label=gen173nr-1BCAEoggI46AdSAnVzWARoRogBAZgBMbgBGcgBD9gBAegBAYgCAagCA7gC-NjpvAbAAgHSAiQ4ZGVlZWVhMi1mOTI5LTRmOWQtOTk0OC0xMzU5MWFkYWNlODjYAgXgAgE&sid=f990c8e44d8a49a026ee40f8b9e3b3a2&aid=304142&ucfs=1&arphpl=1&checkin=2025-03-01&checkout=2025-03-08&dest_id=-372490&dest_type=city&group_adults=2&req_adults=2&no_rooms=1&group_children=0&req_children=0&hpos=6&hapos=490&sr_order=popularity&srpvid=af307f62bb9d0534&srepoch=1738174077&all_sr_blocks=925643901_364364526_2_0_0&highlighted_blocks=925643901_364364526_2_0_0&matching_block_id=925643901_364364526_2_0_0&sr_pri_blocks=925643901_364364526_2_0_0__222247&from=searchresults
Stay U-nique Apartments Venecuela,"Sant Martí, Barcelona",https://www.booking.com/hotel/es/venezuela-ii-building.html?label=gen173nr-1BCAEoggI46AdSAnVzWARoRogBAZgBMbgBGcgBD9gBAegBAYgCAagCA7gC-NjpvAbAAgHSAiQ4ZGVlZWVhMi1mOTI5LTRmOWQtOTk0OC0xMzU5MWFkYWNlODjYAgXgAgE&sid=f990c8e44d8a49a026ee40f8b9e3b3a2&aid=304142&ucfs=1&arphpl=1&checkin=2025-03-01&checkout=2025-03-08&dest_id=-372490&dest_type=city&group_adults=2&req_adults=2&no_rooms=1&group_children=0&req_children=0&hpos=7&hapos=491&sr_order=popularity&srpvid=af307f62bb9d0534&srepoch=1738174077&all_sr_blocks=163421701_228410732_0_0_0&highlighted_blocks=163421701_228410732_0_0_0&matching_block_id=163421701_228410732_0_0_0&sr_pri_blocks=163421701_228410732_0_0_0__181322&from=searchresults
Hostal Hera,"Ciutat Vella, Barcelona",https://www.booking.com/hotel/es/pension-francia.html?label=gen173nr-1BCAEoggI46AdSAnVzWARoRogBAZgBMbgBGcgBD9gBAegBAYgCAagCA7gC-NjpvAbAAgHSAiQ4ZGVlZWVhMi1mOTI5LTRmOWQtOTk0OC0xMzU5MWFkYWNlODjYAgXgAgE&sid=f990c8e44d8a49a026ee40f8b9e3b3a2&aid=304142&ucfs=1&arphpl=1&checkin=2025-03-01&checkout=2025-03-08&dest_id=-372490&dest_type=city&group_adults=2&req_adults=2&no_rooms=1&group_children=0&req_children=0&hpos=8&hapos=492&sr_order=popularity&srpvid=af307f62bb9d0534&srepoch=1738174077&all_sr_blocks=27899210_88754655_0_0_0&highlighted_blocks=27899210_88754655_0_0_0&matching_block_id=27899210_88754655_0_0_0&sr_pri_blocks=27899210_88754655_0_0_0__132300&from=searchresults
Occidental Atenea Mar - Adults Only,"Sant Martí, Barcelona",https://www.booking.com/hotel/es/barcelo-atenea-mar.html?label=gen173nr-1BCAEoggI46AdSAnVzWARoRogBAZgBMbgBGcgBD9gBAegBAYgCAagCA7gC-NjpvAbAAgHSAiQ4ZGVlZWVhMi1mOTI5LTRmOWQtOTk0OC0xMzU5MWFkYWNlODjYAgXgAgE&sid=f990c8e44d8a49a026ee40f8b9e3b3a2&aid=304142&ucfs=1&arphpl=1&checkin=2025-03-01&checkout=2025-03-08&dest_id=-372490&dest_type=city&group_adults=2&req_adults=2&no_rooms=1&group_children=0&req_children=0&hpos=9&hapos=493&sr_order=popularity&srpvid=af307f62bb9d0534&srepoch=1738174077&all_sr_blocks=9250911_88192666_2_2_0_624781&highlighted_blocks=9250911_88192666_2_2_0_624781&matching_block_id=9250911_88192666_2_2_0_624781&sr_pri_blocks=9250911_88192666_2_2_0_624781_246828&from=searchresults
Romantic In Trendy Gracia,"Sarrià-St. Gervasi, Barcelona",https://www.booking.com/hotel/es/cozy-romantic-luxury-in-trendy-gracia.html?label=gen173nr-1BCAEoggI46AdSAnVzWARoRogBAZgBMbgBGcgBD9gBAegBAYgCAagCA7gC-NjpvAbAAgHSAiQ4ZGVlZWVhMi1mOTI5LTRmOWQtOTk0OC0xMzU5MWFkYWNlODjYAgXgAgE&sid=f990c8e44d8a49a026ee40f8b9e3b3a2&aid=304142&ucfs=1&arphpl=1&checkin=2025-03-01&checkout=2025-03-08&dest_id=-372490&dest_type=city&group_adults=2&req_adults=2&no_rooms=1&group_children=0&req_children=0&hpos=10&hapos=494&sr_order=popularity&srpvid=af307f62bb9d0534&srepoch=1738174077&all_sr_blocks=638012801_396983667_2_0_0&highlighted_blocks=638012801_396983667_2_0_0&matching_block_id=638012801_396983667_2_0_0&sr_pri_blocks=638012801_396983667_2_0_0__220148&from=searchresults
Stay U-nique Apartments Gaudi I,"Eixample, Barcelona",https://www.booking.com/hotel/es/stay-u-nique-apartments-gaudi-i.html?label=gen173nr-1BCAEoggI46AdSAnVzWARoRogBAZgBMbgBGcgBD9gBAegBAYgCAagCA7gC-NjpvAbAAgHSAiQ4ZGVlZWVhMi1mOTI5LTRmOWQtOTk0OC0xMzU5MWFkYWNlODjYAgXgAgE&sid=f990c8e44d8a49a026ee40f8b9e3b3a2&aid=304142&ucfs=1&arphpl=1&checkin=2025-03-01&checkout=2025-03-08&dest_id=-372490&dest_type=city&group_adults=2&req_adults=2&no_rooms=1&group_children=0&req_children=0&hpos=11&hapos=495&sr_order=popularity&srpvid=af307f62bb9d0534&srepoch=1738174077&all_sr_blocks=1089902613_381892732_0_0_0&highlighted_blocks=1089902613_381892732_0_0_0&matching_block_id=1089902613_381892732_0_0_0&sr_pri_blocks=1089902613_381892732_0_0_0__271822&from=searchresults
Durlet Beach Apartments,"Sant Martí, Barcelona",https://www.booking.com/hotel/es/durlet-beach-apartments.html?label=gen173nr-1BCAEoggI46AdSAnVzWARoRogBAZgBMbgBGcgBD9gBAegBAYgCAagCA7gC-NjpvAbAAgHSAiQ4ZGVlZWVhMi1mOTI5LTRmOWQtOTk0OC0xMzU5MWFkYWNlODjYAgXgAgE&sid=f990c8e44d8a49a026ee40f8b9e3b3a2&aid=304142&ucfs=1&arphpl=1&checkin=2025-03-01&checkout=2025-03-08&dest_id=-372490&dest_type=city&group_adults=2&req_adults=2&no_rooms=1&group_children=0&req_children=0&hpos=12&hapos=496&sr_order=popularity&srpvid=af307f62bb9d0534&srepoch=1738174077&all_sr_blocks=54278301_91932727_2_0_0&highlighted_blocks=54278301_91932727_2_0_0&matching_block_id=54278301_91932727_2_0_0&sr_pri_blocks=54278301_91932727_2_0_0__240356&from=searchresults
Rocafort in Eixample,"Eixample, Barcelona",https://www.booking.com/hotel/es/sweet-inn-apartments-rocafort-104.html?label=gen173nr-1BCAEoggI46AdSAnVzWARoRogBAZgBMbgBGcgBD9gBAegBAYgCAagCA7gC-NjpvAbAAgHSAiQ4ZGVlZWVhMi1mOTI5LTRmOWQtOTk0OC0xMzU5MWFkYWNlODjYAgXgAgE&sid=f990c8e44d8a49a026ee40f8b9e3b3a2&aid=304142&ucfs=1&arphpl=1&checkin=2025-03-01&checkout=2025-03-08&dest_id=-372490&dest_type=city&group_adults=2&req_adults=2&no_rooms=1&group_children=0&req_children=0&hpos=13&hapos=497&sr_order=popularity&srpvid=af307f62bb9d0534&srepoch=1738174077&all_sr_blocks=450969504_136532041_4_0_0&highlighted_blocks=450969504_136532041_4_0_0&matching_block_id=450969504_136532041_4_0_0&sr_pri_blocks=450969504_136532041_4_0_0__270864&from=searchresults
Stay U-nique Apartment Padilla,"Eixample, Barcelona",https://www.booking.com/hotel/es/2-bedroom-apartment-in-barcelona.html?label=gen173nr-1BCAEoggI46AdSAnVzWARoRogBAZgBMbgBGcgBD9gBAegBAYgCAagCA7gC-NjpvAbAAgHSAiQ4ZGVlZWVhMi1mOTI5LTRmOWQtOTk0OC0xMzU5MWFkYWNlODjYAgXgAgE&sid=f990c8e44d8a49a026ee40f8b9e3b3a2&aid=304142&ucfs=1&arphpl=1&checkin=2025-03-01&checkout=2025-03-08&dest_id=-372490&dest_type=city&group_adults=2&req_adults=2&no_rooms=1&group_children=0&req_children=0&hpos=14&hapos=498&sr_order=popularity&srpvid=af307f62bb9d0534&srepoch=1738174077&all_sr_blocks=1056705802_377962492_0_0_0&highlighted_blocks=1056705802_377962492_0_0_0&matching_block_id=1056705802_377962492_0_0_0&sr_pri_blocks=1056705802_377962492_0_0_0__232807&from=searchresults
Hotel Travessera,"Gràcia, Barcelona",https://www.booking.com/hotel/es/travessera.html?label=gen173nr-1BCAEoggI46AdSAnVzWARoRogBAZgBMbgBGcgBD9gBAegBAYgCAagCA7gC-NjpvAbAAgHSAiQ4ZGVlZWVhMi1mOTI5LTRmOWQtOTk0OC0xMzU5MWFkYWNlODjYAgXgAgE&sid=f990c8e44d8a49a026ee40f8b9e3b3a2&aid=304142&ucfs=1&arphpl=1&checkin=2025-03-01&checkout=2025-03-08&dest_id=-372490&dest_type=city&group_adults=2&req_adults=2&no_rooms=1&group_children=0&req_children=0&hpos=15&hapos=499&sr_order=popularity&srpvid=af307f62bb9d0534&srepoch=1738174077&all_sr_blocks=0_0_2_1_0&highlighted_blocks=0_0_2_1_0&matching_block_id=0_0_2_1_0&sr_pri_blocks=0_0_2_1_0__155697&from=searchresults
Stay U-nique Apartments Pellaires,"Sant Martí, Barcelona",https://www.booking.com/hotel/es/barcelona-luminous-beach-aparment.html?label=gen173nr-1BCAEoggI46AdSAnVzWARoRogBAZgBMbgBGcgBD9gBAegBAYgCAagCA7gC-NjpvAbAAgHSAiQ4ZGVlZWVhMi1mOTI5LTRmOWQtOTk0OC0xMzU5MWFkYWNlODjYAgXgAgE&sid=f990c8e44d8a49a026ee40f8b9e3b3a2&aid=304142&ucfs=1&arphpl=1&checkin=2025-03-01&checkout=2025-03-08&dest_id=-372490&dest_type=city&group_adults=2&req_adults=2&no_rooms=1&group_children=0&req_children=0&hpos=16&hapos=500&sr_order=popularity&srpvid=af307f62bb9d0534&srepoch=1738174077&all_sr_blocks=569965003_247002285_0_0_0&highlighted_blocks=569965003_247002285_0_0_0&matching_block_id=569965003_247002285_0_0_0&sr_pri_blocks=569965003_247002285_0_0_0__196455&from=searchresults
AB Marina Apartments,"Eixample, Barcelona",https://www.booking.com/hotel/es/apartment-barcelona-marina.html?label=gen173nr-1BCAEoggI46AdSAnVzWARoRogBAZgBMbgBGcgBD9gBAegBAYgCAagCA7gC-NjpvAbAAgHSAiQ4ZGVlZWVhMi1mOTI5LTRmOWQtOTk0OC0xMzU5MWFkYWNlODjYAgXgAgE&sid=f990c8e44d8a49a026ee40f8b9e3b3a2&aid=304142&ucfs=1&arphpl=1&checkin=2025-03-01&checkout=2025-03-08&dest_id=-372490&dest_type=city&group_adults=2&req_adults=2&no_rooms=1&group_children=0&req_children=0&hpos=17&hapos=501&sr_order=popularity&srpvid=af307f62bb9d0534&srepoch=1738174077&all_sr_blocks=114119306_241685706_5_0_0&highlighted_blocks=114119306_241685706_5_0_0&matching_block_id=114119306_241685706_5_0_0&sr_pri_blocks=114119306_241685706_5_0_0__267632&from=searchresults
Stay U-nique Apartments Pau Claris II,"Eixample, Barcelona",https://www.booking.com/hotel/es/stay-u-nique-apartment-pau-claris.html?label=gen173nr-1BCAEoggI46AdSAnVzWARoRogBAZgBMbgBGcgBD9gBAegBAYgCAagCA7gC-NjpvAbAAgHSAiQ4ZGVlZWVhMi1mOTI5LTRmOWQtOTk0OC0xMzU5MWFkYWNlODjYAgXgAgE&sid=f990c8e44d8a49a026ee40f8b9e3b3a2&aid=304142&ucfs=1&arphpl=1&checkin=2025-03-01&checkout=2025-03-08&dest_id=-372490&dest_type=city&group_adults=2&req_adults=2&no_rooms=1&group_children=0&req_children=0&hpos=18&hapos=502&sr_order=popularity&srpvid=af307f62bb9d0534&srepoch=1738174077&all_sr_blocks=1101393802_382974685_0_0_0&highlighted_blocks=1101393802_382974685_0_0_0&matching_block_id=1101393802_382974685_0_0_0&sr_pri_blocks=1101393802_382974685_0_0_0__245866&from=searchresults
Hostal Rio De Castro,"Sants-Montjuïc, Barcelona",https://www.booking.com/hotel/es/hostal-rio-de-castro.html?label=gen173nr-1BCAEoggI46AdSAnVzWARoRogBAZgBMbgBGcgBD9gBAegBAYgCAagCA7gC-NjpvAbAAgHSAiQ4ZGVlZWVhMi1mOTI5LTRmOWQtOTk0OC0xMzU5MWFkYWNlODjYAgXgAgE&sid=f990c8e44d8a49a026ee40f8b9e3b3a2&aid=304142&ucfs=1&arphpl=1&checkin=2025-03-01&checkout=2025-03-08&dest_id=-372490&dest_type=city&group_adults=2&req_adults=2&no_rooms=1&group_children=0&req_children=0&hpos=19&hapos=503&sr_order=popularity&srpvid=af307f62bb9d0534&srepoch=1738174077&all_sr_blocks=0_0_2_0_0&highlighted_blocks=0_0_2_0_0&matching_block_id=0_0_2_0_0&sr_pri_blocks=0_0_2_0_0__147507&from=searchresults
Arenas Atiram Hotels,"Les Corts, Barcelona",https://www.booking.com/hotel/es/atiramarenas.html?label=gen173nr-1BCAEoggI46AdSAnVzWARoRogBAZgBMbgBGcgBD9gBAegBAYgCAagCA7gC-NjpvAbAAgHSAiQ4ZGVlZWVhMi1mOTI5LTRmOWQtOTk0OC0xMzU5MWFkYWNlODjYAgXgAgE&sid=f990c8e44d8a49a026ee40f8b9e3b3a2&aid=304142&ucfs=1&arphpl=1&checkin=2025-03-01&checkout=2025-03-08&dest_id=-372490&dest_type=city&group_adults=2&req_adults=2&no_rooms=1&group_children=0&req_children=0&hpos=20&hapos=504&sr_order=popularity&srpvid=af307f62bb9d0534&srepoch=1738174077&all_sr_blocks=9045602_88181751_0_2_0_672068&highlighted_blocks=9045602_88181751_0_2_0_672068&matching_block_id=9045602_88181751_0_2_0_672068&sr_pri_blocks=9045602_88181751_0_2_0_672068_248078&from=searchresults
Midtown Luxury Apartments by Sweett,"Eixample, Barcelona",https://www.booking.com/hotel/es/midtown-luxury-apartments.html?label=gen173nr-1BCAEoggI46AdSAnVzWARoRogBAZgBMbgBGcgBD9gBAegBAYgCAagCA7gC-NjpvAbAAgHSAiQ4ZGVlZWVhMi1mOTI5LTRmOWQtOTk0OC0xMzU5MWFkYWNlODjYAgXgAgE&sid=f990c8e44d8a49a026ee40f8b9e3b3a2&aid=304142&ucfs=1&arphpl=1&checkin=2025-03-01&checkout=2025-03-08&dest_id=-372490&dest_type=city&group_adults=2&req_adults=2&no_rooms=1&group_children=0&req_children=0&hpos=21&hapos=505&sr_order=popularity&srpvid=af307f62bb9d0534&srepoch=1738174077&all_sr_blocks=43882504_89608223_4_0_0&highlighted_blocks=43882504_89608223_4_0_0&matching_block_id=43882504_89608223_4_0_0&sr_pri_blocks=43882504_89608223_4_0_0__296592&from=searchresults
Sweett - Sepulveda,"Eixample, Barcelona",https://www.booking.com/hotel/es/sweet-inn-apartments-sepulveda.html?label=gen173nr-1BCAEoggI46AdSAnVzWARoRogBAZgBMbgBGcgBD9gBAegBAYgCAagCA7gC-NjpvAbAAgHSAiQ4ZGVlZWVhMi1mOTI5LTRmOWQtOTk0OC0xMzU5MWFkYWNlODjYAgXgAgE&sid=f990c8e44d8a49a026ee40f8b9e3b3a2&aid=304142&ucfs=1&arphpl=1&checkin=2025-03-01&checkout=2025-03-08&dest_id=-372490&dest_type=city&group_adults=2&req_adults=2&no_rooms=1&group_children=0&req_children=0&hpos=22&hapos=506&sr_order=popularity&srpvid=af307f62bb9d0534&srepoch=1738174077&all_sr_blocks=611354711_239380055_3_0_0&highlighted_blocks=611354711_239380055_3_0_0&matching_block_id=611354711_239380055_3_0_0&sr_pri_blocks=611354711_239380055_3_0_0__277424&from=searchresults
Stay U-nique Apartments Pau Claris,"Eixample, Barcelona",https://www.booking.com/hotel/es/stay-u-nique-apartments-pau-claris.html?label=gen173nr-1BCAEoggI46AdSAnVzWARoRogBAZgBMbgBGcgBD9gBAegBAYgCAagCA7gC-NjpvAbAAgHSAiQ4ZGVlZWVhMi1mOTI5LTRmOWQtOTk0OC0xMzU5MWFkYWNlODjYAgXgAgE&sid=f990c8e44d8a49a026ee40f8b9e3b3a2&aid=304142&ucfs=1&arphpl=1&checkin=2025-03-01&checkout=2025-03-08&dest_id=-372490&dest_type=city&group_adults=2&req_adults=2&no_rooms=1&group_children=0&req_children=0&hpos=23&hapos=507&sr_order=popularity&srpvid=af307f62bb9d0534&srepoch=1738174077&all_sr_blocks=1184782206_390859520_0_0_0&highlighted_blocks=1184782206_390859520_0_0_0&matching_block_id=1184782206_390859520_0_0_0&sr_pri_blocks=1184782206_390859520_0_0_0__221903&from=searchresults
Stay U-nique Apartments Nova Esquerra,"Eixample, Barcelona",https://www.booking.com/hotel/es/stay-u-nique-rossello-ii.html?label=gen173nr-1BCAEoggI46AdSAnVzWARoRogBAZgBMbgBGcgBD9gBAegBAYgCAagCA7gC-NjpvAbAAgHSAiQ4ZGVlZWVhMi1mOTI5LTRmOWQtOTk0OC0xMzU5MWFkYWNlODjYAgXgAgE&sid=f990c8e44d8a49a026ee40f8b9e3b3a2&aid=304142&ucfs=1&arphpl=1&checkin=2025-03-01&checkout=2025-03-08&dest_id=-372490&dest_type=city&group_adults=2&req_adults=2&no_rooms=1&group_children=0&req_children=0&hpos=24&hapos=508&sr_order=popularity&srpvid=af307f62bb9d0534&srepoch=1738174077&all_sr_blocks=616672501_247002255_0_0_0&highlighted_blocks=616672501_247002255_0_0_0&matching_block_id=616672501_247002255_0_0_0&sr_pri_blocks=616672501_247002255_0_0_0__327601&from=searchresults
Casanova Apartments by Olala Homes,"Eixample, Barcelona",https://www.booking.com/hotel/es/olala-casanova-apartments.html?label=gen173nr-1BCAEoggI46AdSAnVzWARoRogBAZgBMbgBGcgBD9gBAegBAYgCAagCA7gC-NjpvAbAAgHSAiQ4ZGVlZWVhMi1mOTI5LTRmOWQtOTk0OC0xMzU5MWFkYWNlODjYAgXgAgE&sid=f990c8e44d8a49a026ee40f8b9e3b3a2&aid=304142&ucfs=1&arphpl=1&checkin=2025-03-01&checkout=2025-03-08&dest_id=-372490&dest_type=city&group_adults=2&req_adults=2&no_rooms=1&group_children=0&req_children=0&hpos=1&hapos=509&sr_order=popularity&srpvid=af307f62bb9d0534&srepoch=1738174080&all_sr_blocks=860318206_353878831_2_0_0&highlighted_blocks=860318206_353878831_2_0_0&matching_block_id=860318206_353878831_2_0_0&sr_pri_blocks=860318206_353878831_2_0_0__256755&from=searchresults
EasySleep Gaudi Terrace,"Eixample, Barcelona",https://www.booking.com/hotel/es/apartamentos-valencia-347.html?label=gen173nr-1BCAEoggI46AdSAnVzWARoRogBAZgBMbgBGcgBD9gBAegBAYgCAagCA7gC-NjpvAbAAgHSAiQ4ZGVlZWVhMi1mOTI5LTRmOWQtOTk0OC0xMzU5MWFkYWNlODjYAgXgAgE&sid=f990c8e44d8a49a026ee40f8b9e3b3a2&aid=304142&ucfs=1&arphpl=1&checkin=2025-03-01&checkout=2025-03-08&dest_id=-372490&dest_type=city&group_adults=2&req_adults=2&no_rooms=1&group_children=0&req_children=0&hpos=2&hapos=510&sr_order=popularity&srpvid=af307f62bb9d0534&srepoch=1738174080&all_sr_blocks=27277503_101323804_2_0_0&highlighted_blocks=27277503_101323804_2_0_0&matching_block_id=27277503_101323804_2_0_0&sr_pri_blocks=27277503_101323804_2_0_0__253632&from=searchresults
"Casa Consell Bailen, Guest House","Eixample, Barcelona",https://www.booking.com/hotel/es/casa-consell-bailen-barcelona.html?label=gen173nr-1BCAEoggI46AdSAnVzWARoRogBAZgBMbgBGcgBD9gBAegBAYgCAagCA7gC-NjpvAbAAgHSAiQ4ZGVlZWVhMi1mOTI5LTRmOWQtOTk0OC0xMzU5MWFkYWNlODjYAgXgAgE&sid=f990c8e44d8a49a026ee40f8b9e3b3a2&aid=304142&ucfs=1&arphpl=1&checkin=2025-03-01&checkout=2025-03-08&dest_id=-372490&dest_type=city&group_adults=2&req_adults=2&no_rooms=1&group_children=0&req_children=0&hpos=3&hapos=511&sr_order=popularity&srpvid=af307f62bb9d0534&srepoch=1738174080&all_sr_blocks=812925106_343617061_0_0_0&highlighted_blocks=812925106_343617061_0_0_0&matching_block_id=812925106_343617061_0_0_0&sr_pri_blocks=812925106_343617061_0_0_0__238910&from=searchresults
Uma Suites Sagrada Familia,"Eixample, Barcelona",https://www.booking.com/hotel/es/uma-suites-sagrada-familia.html?label=gen173nr-1BCAEoggI46AdSAnVzWARoRogBAZgBMbgBGcgBD9gBAegBAYgCAagCA7gC-NjpvAbAAgHSAiQ4ZGVlZWVhMi1mOTI5LTRmOWQtOTk0OC0xMzU5MWFkYWNlODjYAgXgAgE&sid=f990c8e44d8a49a026ee40f8b9e3b3a2&aid=304142&ucfs=1&arphpl=1&checkin=2025-03-01&checkout=2025-03-08&dest_id=-372490&dest_type=city&group_adults=2&req_adults=2&no_rooms=1&group_children=0&req_children=0&hpos=4&hapos=512&sr_order=popularity&srpvid=af307f62bb9d0534&srepoch=1738174080&all_sr_blocks=1024372103_375068375_2_0_0&highlighted_blocks=1024372103_375068375_2_0_0&matching_block_id=1024372103_375068375_2_0_0&sr_pri_blocks=1024372103_375068375_2_0_0__216452&from=searchresults
Duquesa de Cardona Hotel 4 Sup by Grup Duquessa,"Ciutat Vella, Barcelona",https://www.booking.com/hotel/es/duquesadecardona.html?label=gen173nr-1BCAEoggI46AdSAnVzWARoRogBAZgBMbgBGcgBD9gBAegBAYgCAagCA7gC-NjpvAbAAgHSAiQ4ZGVlZWVhMi1mOTI5LTRmOWQtOTk0OC0xMzU5MWFkYWNlODjYAgXgAgE&sid=f990c8e44d8a49a026ee40f8b9e3b3a2&aid=304142&ucfs=1&arphpl=1&checkin=2025-03-01&checkout=2025-03-08&dest_id=-372490&dest_type=city&group_adults=2&req_adults=2&no_rooms=1&group_children=0&req_children=0&hpos=5&hapos=513&sr_order=popularity&srpvid=af307f62bb9d0534&srepoch=1738174080&all_sr_blocks=0_0_2_0_0&highlighted_blocks=0_0_2_0_0&matching_block_id=0_0_2_0_0&sr_pri_blocks=0_0_2_0_0__390246&from_sustainable_property_sr=1&from=searchresults
Alcam Flassaders,"Ciutat Vella, Barcelona",https://www.booking.com/hotel/es/manuela-building.html?label=gen173nr-1BCAEoggI46AdSAnVzWARoRogBAZgBMbgBGcgBD9gBAegBAYgCAagCA7gC-NjpvAbAAgHSAiQ4ZGVlZWVhMi1mOTI5LTRmOWQtOTk0OC0xMzU5MWFkYWNlODjYAgXgAgE&sid=f990c8e44d8a49a026ee40f8b9e3b3a2&aid=304142&ucfs=1&arphpl=1&checkin=2025-03-01&checkout=2025-03-08&dest_id=-372490&dest_type=city&group_adults=2&req_adults=2&no_rooms=1&group_children=0&req_children=0&hpos=6&hapos=514&sr_order=popularity&srpvid=af307f62bb9d0534&srepoch=1738174080&all_sr_blocks=163420801_226421180_0_0_0&highlighted_blocks=163420801_226421180_0_0_0&matching_block_id=163420801_226421180_0_0_0&sr_pri_blocks=163420801_226421180_0_0_0__203042&from=searchresults
Family apartment close to Parc Güell,"Horta-Guinardó, Barcelona",https://www.booking.com/hotel/es/family-apartment-close-to-parc-guell.html?label=gen173nr-1BCAEoggI46AdSAnVzWARoRogBAZgBMbgBGcgBD9gBAegBAYgCAagCA7gC-NjpvAbAAgHSAiQ4ZGVlZWVhMi1mOTI5LTRmOWQtOTk0OC0xMzU5MWFkYWNlODjYAgXgAgE&sid=f990c8e44d8a49a026ee40f8b9e3b3a2&aid=304142&ucfs=1&arphpl=1&checkin=2025-03-01&checkout=2025-03-08&dest_id=-372490&dest_type=city&group_adults=2&req_adults=2&no_rooms=1&group_children=0&req_children=0&hpos=7&hapos=515&sr_order=popularity&srpvid=af307f62bb9d0534&srepoch=1738174080&all_sr_blocks=840331001_352488134_3_0_0&highlighted_blocks=840331001_352488134_3_0_0&matching_block_id=840331001_352488134_3_0_0&sr_pri_blocks=840331001_352488134_3_0_0__156405&from=searchresults
Grums Hotel & Spa,"Sants-Montjuïc, Barcelona",https://www.booking.com/hotel/es/grums-barcelona.html?label=gen173nr-1BCAEoggI46AdSAnVzWARoRogBAZgBMbgBGcgBD9gBAegBAYgCAagCA7gC-NjpvAbAAgHSAiQ4ZGVlZWVhMi1mOTI5LTRmOWQtOTk0OC0xMzU5MWFkYWNlODjYAgXgAgE&sid=f990c8e44d8a49a026ee40f8b9e3b3a2&aid=304142&ucfs=1&arphpl=1&checkin=2025-03-01&checkout=2025-03-08&dest_id=-372490&dest_type=city&group_adults=2&req_adults=2&no_rooms=1&group_children=0&req_children=0&hpos=8&hapos=516&sr_order=popularity&srpvid=af307f62bb9d0534&srepoch=1738174080&all_sr_blocks=27845816_88154779_2_2_0&highlighted_blocks=27845816_88154779_2_2_0&matching_block_id=27845816_88154779_2_2_0&sr_pri_blocks=27845816_88154779_2_2_0__292818&from=searchresults
chic&basic Reding,"Ciutat Vella, Barcelona",https://www.booking.com/hotel/es/occidentalreding.html?label=gen173nr-1BCAEoggI46AdSAnVzWARoRogBAZgBMbgBGcgBD9gBAegBAYgCAagCA7gC-NjpvAbAAgHSAiQ4ZGVlZWVhMi1mOTI5LTRmOWQtOTk0OC0xMzU5MWFkYWNlODjYAgXgAgE&sid=f990c8e44d8a49a026ee40f8b9e3b3a2&aid=304142&ucfs=1&arphpl=1&checkin=2025-03-01&checkout=2025-03-08&dest_id=-372490&dest_type=city&group_adults=2&req_adults=2&no_rooms=1&group_children=0&req_children=0&hpos=9&hapos=517&sr_order=popularity&srpvid=af307f62bb9d0534&srepoch=1738174080&all_sr_blocks=9060402_88181973_0_2_0&highlighted_blocks=9060402_88181973_0_2_0&matching_block_id=9060402_88181973_0_2_0&sr_pri_blocks=9060402_88181973_0_2_0__237200&from_sustainable_property_sr=1&from=searchresults
Hesperia Barcelona Barri Gòtic,"Ciutat Vella, Barcelona",https://www.booking.com/hotel/es/hesperiametropol.html?label=gen173nr-1BCAEoggI46AdSAnVzWARoRogBAZgBMbgBGcgBD9gBAegBAYgCAagCA7gC-NjpvAbAAgHSAiQ4ZGVlZWVhMi1mOTI5LTRmOWQtOTk0OC0xMzU5MWFkYWNlODjYAgXgAgE&sid=f990c8e44d8a49a026ee40f8b9e3b3a2&aid=304142&ucfs=1&arphpl=1&checkin=2025-03-01&checkout=2025-03-08&dest_id=-372490&dest_type=city&group_adults=2&req_adults=2&no_rooms=1&group_children=0&req_children=0&hpos=10&hapos=518&sr_order=popularity&srpvid=af307f62bb9d0534&srepoch=1738174080&all_sr_blocks=9181915_93709440_0_2_0_301712&highlighted_blocks=9181915_93709440_0_2_0_301712&matching_block_id=9181915_93709440_0_2_0_301712&sr_pri_blocks=9181915_93709440_0_2_0_301712_253255&from_sustainable_property_sr=1&from=searchresults
Barcelona Central Apartments,"Eixample, Barcelona",https://www.booking.com/hotel/es/girona-apartments.html?label=gen173nr-1BCAEoggI46AdSAnVzWARoRogBAZgBMbgBGcgBD9gBAegBAYgCAagCA7gC-NjpvAbAAgHSAiQ4ZGVlZWVhMi1mOTI5LTRmOWQtOTk0OC0xMzU5MWFkYWNlODjYAgXgAgE&sid=f990c8e44d8a49a026ee40f8b9e3b3a2&aid=304142&ucfs=1&arphpl=1&checkin=2025-03-01&checkout=2025-03-08&dest_id=-372490&dest_type=city&group_adults=2&req_adults=2&no_rooms=1&group_children=0&req_children=0&hpos=11&hapos=519&sr_order=popularity&srpvid=af307f62bb9d0534&srepoch=1738174080&all_sr_blocks=700720003_373172581_2_0_0&highlighted_blocks=700720003_373172581_2_0_0&matching_block_id=700720003_373172581_2_0_0&sr_pri_blocks=700720003_373172581_2_0_0__189932&from=searchresults
Meeting Point Hostels,"Sants-Montjuïc, Barcelona",https://www.booking.com/hotel/es/meeting-point-hostels.html?label=gen173nr-1BCAEoggI46AdSAnVzWARoRogBAZgBMbgBGcgBD9gBAegBAYgCAagCA7gC-NjpvAbAAgHSAiQ4ZGVlZWVhMi1mOTI5LTRmOWQtOTk0OC0xMzU5MWFkYWNlODjYAgXgAgE&sid=f990c8e44d8a49a026ee40f8b9e3b3a2&aid=304142&ucfs=1&arphpl=1&checkin=2025-03-01&checkout=2025-03-08&dest_id=-372490&dest_type=city&group_adults=2&req_adults=2&no_rooms=1&group_children=0&req_children=0&hpos=12&hapos=520&sr_order=popularity&srpvid=af307f62bb9d0534&srepoch=1738174080&all_sr_blocks=206521706_95161209_0_0_0&highlighted_blocks=206521706_95161209_0_0_0&matching_block_id=206521706_95161209_0_0_0&sr_pri_blocks=206521706_95161209_0_0_0__141270&from=searchresults
M&E Agency Apartments Valencia 277 by Marta and Emanuele,"Eixample, Barcelona",https://www.booking.com/hotel/es/comfort-and-style-center-pool-a-c-wi-fi-403.html?label=gen173nr-1BCAEoggI46AdSAnVzWARoRogBAZgBMbgBGcgBD9gBAegBAYgCAagCA7gC-NjpvAbAAgHSAiQ4ZGVlZWVhMi1mOTI5LTRmOWQtOTk0OC0xMzU5MWFkYWNlODjYAgXgAgE&sid=f990c8e44d8a49a026ee40f8b9e3b3a2&aid=304142&ucfs=1&arphpl=1&checkin=2025-03-01&checkout=2025-03-08&dest_id=-372490&dest_type=city&group_adults=2&req_adults=2&no_rooms=1&group_children=0&req_children=0&hpos=13&hapos=521&sr_order=popularity&srpvid=af307f62bb9d0534&srepoch=1738174080&all_sr_blocks=1182407308_406855553_2_0_0&highlighted_blocks=1182407308_406855553_2_0_0&matching_block_id=1182407308_406855553_2_0_0&sr_pri_blocks=1182407308_406855553_2_0_0__280250&from=searchresults
Stay U-nique Apartments GranDeGracia,"Gràcia, Barcelona",https://www.booking.com/hotel/es/stay-u-nique-passeig-de-gracia.html?label=gen173nr-1BCAEoggI46AdSAnVzWARoRogBAZgBMbgBGcgBD9gBAegBAYgCAagCA7gC-NjpvAbAAgHSAiQ4ZGVlZWVhMi1mOTI5LTRmOWQtOTk0OC0xMzU5MWFkYWNlODjYAgXgAgE&sid=f990c8e44d8a49a026ee40f8b9e3b3a2&aid=304142&ucfs=1&arphpl=1&checkin=2025-03-01&checkout=2025-03-08&dest_id=-372490&dest_type=city&group_adults=2&req_adults=2&no_rooms=1&group_children=0&req_children=0&hpos=14&hapos=522&sr_order=popularity&srpvid=af307f62bb9d0534&srepoch=1738174080&all_sr_blocks=55929701_247002733_0_0_0&highlighted_blocks=55929701_247002733_0_0_0&matching_block_id=55929701_247002733_0_0_0&sr_pri_blocks=55929701_247002733_0_0_0__182384&from=searchresults
Central Rooms Cathedral,"Ciutat Vella, Barcelona",https://www.booking.com/hotel/es/central-rooms-cathedral.html?label=gen173nr-1BCAEoggI46AdSAnVzWARoRogBAZgBMbgBGcgBD9gBAegBAYgCAagCA7gC-NjpvAbAAgHSAiQ4ZGVlZWVhMi1mOTI5LTRmOWQtOTk0OC0xMzU5MWFkYWNlODjYAgXgAgE&sid=f990c8e44d8a49a026ee40f8b9e3b3a2&aid=304142&ucfs=1&arphpl=1&checkin=2025-03-01&checkout=2025-03-08&dest_id=-372490&dest_type=city&group_adults=2&req_adults=2&no_rooms=1&group_children=0&req_children=0&hpos=15&hapos=523&sr_order=popularity&srpvid=af307f62bb9d0534&srepoch=1738174080&all_sr_blocks=1233023903_395274255_2_0_0&highlighted_blocks=1233023903_395274255_2_0_0&matching_block_id=1233023903_395274255_2_0_0&sr_pri_blocks=1233023903_395274255_2_0_0__105550&from=searchresults
Attica 21 Barcelona Mar,"Sant Martí, Barcelona",https://www.booking.com/hotel/es/barcelonamar.html?label=gen173nr-1BCAEoggI46AdSAnVzWARoRogBAZgBMbgBGcgBD9gBAegBAYgCAagCA7gC-NjpvAbAAgHSAiQ4ZGVlZWVhMi1mOTI5LTRmOWQtOTk0OC0xMzU5MWFkYWNlODjYAgXgAgE&sid=f990c8e44d8a49a026ee40f8b9e3b3a2&aid=304142&ucfs=1&arphpl=1&checkin=2025-03-01&checkout=2025-03-08&dest_id=-372490&dest_type=city&group_adults=2&req_adults=2&no_rooms=1&group_children=0&req_children=0&hpos=16&hapos=524&sr_order=popularity&srpvid=af307f62bb9d0534&srepoch=1738174080&all_sr_blocks=9046224_88181760_0_2_0_489821&highlighted_blocks=9046224_88181760_0_2_0_489821&matching_block_id=9046224_88181760_0_2_0_489821&sr_pri_blocks=9046224_88181760_0_2_0_489821_235834&from_sustainable_property_sr=1&from=searchresults
The MO GOTIC,"Ciutat Vella, Barcelona",https://www.booking.com/hotel/es/the-mo-house-gotic.html?label=gen173nr-1BCAEoggI46AdSAnVzWARoRogBAZgBMbgBGcgBD9gBAegBAYgCAagCA7gC-NjpvAbAAgHSAiQ4ZGVlZWVhMi1mOTI5LTRmOWQtOTk0OC0xMzU5MWFkYWNlODjYAgXgAgE&sid=f990c8e44d8a49a026ee40f8b9e3b3a2&aid=304142&ucfs=1&arphpl=1&checkin=2025-03-01&checkout=2025-03-08&dest_id=-372490&dest_type=city&group_adults=2&req_adults=2&no_rooms=1&group_children=0&req_children=0&hpos=17&hapos=525&sr_order=popularity&srpvid=af307f62bb9d0534&srepoch=1738174080&all_sr_blocks=889657302_359000548_2_0_0&highlighted_blocks=889657302_359000548_2_0_0&matching_block_id=889657302_359000548_2_0_0&sr_pri_blocks=889657302_359000548_2_0_0__147885&from=searchresults
Limonaia,"Eixample, Barcelona",https://www.booking.com/hotel/es/next-to.html?label=gen173nr-1BCAEoggI46AdSAnVzWARoRogBAZgBMbgBGcgBD9gBAegBAYgCAagCA7gC-NjpvAbAAgHSAiQ4ZGVlZWVhMi1mOTI5LTRmOWQtOTk0OC0xMzU5MWFkYWNlODjYAgXgAgE&sid=f990c8e44d8a49a026ee40f8b9e3b3a2&aid=304142&ucfs=1&arphpl=1&checkin=2025-03-01&checkout=2025-03-08&dest_id=-372490&dest_type=city&group_adults=2&req_adults=2&no_rooms=1&group_children=0&req_children=0&hpos=18&hapos=526&sr_order=popularity&srpvid=af307f62bb9d0534&srepoch=1738174080&all_sr_blocks=0_0_2_0_0&highlighted_blocks=0_0_2_0_0&matching_block_id=0_0_2_0_0&sr_pri_blocks=0_0_2_0_0__251408&from=searchresults
Stay U-nique Apartments Rambla Catalunya III,"Eixample, Barcelona",https://www.booking.com/hotel/es/barcelona-casa-batllo-view-sunny-apt-center.html?label=gen173nr-1BCAEoggI46AdSAnVzWARoRogBAZgBMbgBGcgBD9gBAegBAYgCAagCA7gC-NjpvAbAAgHSAiQ4ZGVlZWVhMi1mOTI5LTRmOWQtOTk0OC0xMzU5MWFkYWNlODjYAgXgAgE&sid=f990c8e44d8a49a026ee40f8b9e3b3a2&aid=304142&ucfs=1&arphpl=1&checkin=2025-03-01&checkout=2025-03-08&dest_id=-372490&dest_type=city&group_adults=2&req_adults=2&no_rooms=1&group_children=0&req_children=0&hpos=19&hapos=527&sr_order=popularity&srpvid=af307f62bb9d0534&srepoch=1738174080&all_sr_blocks=1094479204_382358101_0_0_0&highlighted_blocks=1094479204_382358101_0_0_0&matching_block_id=1094479204_382358101_0_0_0&sr_pri_blocks=1094479204_382358101_0_0_0__256546&from=searchresults
Cozy One bedroom apartment right in Gracia,"Gràcia, Barcelona",https://www.booking.com/hotel/es/bebarceloner-gracia-apartaments.html?label=gen173nr-1BCAEoggI46AdSAnVzWARoRogBAZgBMbgBGcgBD9gBAegBAYgCAagCA7gC-NjpvAbAAgHSAiQ4ZGVlZWVhMi1mOTI5LTRmOWQtOTk0OC0xMzU5MWFkYWNlODjYAgXgAgE&sid=f990c8e44d8a49a026ee40f8b9e3b3a2&aid=304142&ucfs=1&arphpl=1&checkin=2025-03-01&checkout=2025-03-08&dest_id=-372490&dest_type=city&group_adults=2&req_adults=2&no_rooms=1&group_children=0&req_children=0&hpos=20&hapos=528&sr_order=popularity&srpvid=af307f62bb9d0534&srepoch=1738174080&all_sr_blocks=980235101_370257290_2_0_0&highlighted_blocks=980235101_370257290_2_0_0&matching_block_id=980235101_370257290_2_0_0&sr_pri_blocks=980235101_370257290_2_0_0__187900&from=searchresults
Corcega - Sagrada Familia,"Eixample, Barcelona",https://www.booking.com/hotel/es/corcega-sagrada-familia.html?label=gen173nr-1BCAEoggI46AdSAnVzWARoRogBAZgBMbgBGcgBD9gBAegBAYgCAagCA7gC-NjpvAbAAgHSAiQ4ZGVlZWVhMi1mOTI5LTRmOWQtOTk0OC0xMzU5MWFkYWNlODjYAgXgAgE&sid=f990c8e44d8a49a026ee40f8b9e3b3a2&aid=304142&ucfs=1&arphpl=1&checkin=2025-03-01&checkout=2025-03-08&dest_id=-372490&dest_type=city&group_adults=2&req_adults=2&no_rooms=1&group_children=0&req_children=0&hpos=21&hapos=529&sr_order=popularity&srpvid=af307f62bb9d0534&srepoch=1738174080&all_sr_blocks=1152457301_388027667_2_0_0&highlighted_blocks=1152457301_388027667_2_0_0&matching_block_id=1152457301_388027667_2_0_0&sr_pri_blocks=1152457301_388027667_2_0_0__324752&from=searchresults
Stay U-nique Apartments Gaudi III,"Eixample, Barcelona",https://www.booking.com/hotel/es/bright-penthouse-with-terrace-next-to-sagrada-familia.html?label=gen173nr-1BCAEoggI46AdSAnVzWARoRogBAZgBMbgBGcgBD9gBAegBAYgCAagCA7gC-NjpvAbAAgHSAiQ4ZGVlZWVhMi1mOTI5LTRmOWQtOTk0OC0xMzU5MWFkYWNlODjYAgXgAgE&sid=f990c8e44d8a49a026ee40f8b9e3b3a2&aid=304142&ucfs=1&arphpl=1&checkin=2025-03-01&checkout=2025-03-08&dest_id=-372490&dest_type=city&group_adults=2&req_adults=2&no_rooms=1&group_children=0&req_children=0&hpos=22&hapos=530&sr_order=popularity&srpvid=af307f62bb9d0534&srepoch=1738174080&all_sr_blocks=1087183302_381693008_0_0_0&highlighted_blocks=1087183302_381693008_0_0_0&matching_block_id=1087183302_381693008_0_0_0&sr_pri_blocks=1087183302_381693008_0_0_0__343016&from=searchresults
Sagrada familia Private rooms,"Eixample, Barcelona",https://www.booking.com/hotel/es/sagrada-familia-private-rooms.html?label=gen173nr-1BCAEoggI46AdSAnVzWARoRogBAZgBMbgBGcgBD9gBAegBAYgCAagCA7gC-NjpvAbAAgHSAiQ4ZGVlZWVhMi1mOTI5LTRmOWQtOTk0OC0xMzU5MWFkYWNlODjYAgXgAgE&sid=f990c8e44d8a49a026ee40f8b9e3b3a2&aid=304142&ucfs=1&arphpl=1&checkin=2025-03-01&checkout=2025-03-08&dest_id=-372490&dest_type=city&group_adults=2&req_adults=2&no_rooms=1&group_children=0&req_children=0&hpos=23&hapos=531&sr_order=popularity&srpvid=af307f62bb9d0534&srepoch=1738174080&all_sr_blocks=1232015504_395166954_2_0_0&highlighted_blocks=1232015504_395166954_2_0_0&matching_block_id=1232015504_395166954_2_0_0&sr_pri_blocks=1232015504_395166954_2_0_0__101275&from=searchresults
BCN Condal Hostal,"Eixample, Barcelona",https://www.booking.com/hotel/es/p-hostal-satram.html?label=gen173nr-1BCAEoggI46AdSAnVzWARoRogBAZgBMbgBGcgBD9gBAegBAYgCAagCA7gC-NjpvAbAAgHSAiQ4ZGVlZWVhMi1mOTI5LTRmOWQtOTk0OC0xMzU5MWFkYWNlODjYAgXgAgE&sid=f990c8e44d8a49a026ee40f8b9e3b3a2&aid=304142&ucfs=1&arphpl=1&checkin=2025-03-01&checkout=2025-03-08&dest_id=-372490&dest_type=city&group_adults=2&req_adults=2&no_rooms=1&group_children=0&req_children=0&hpos=24&hapos=532&sr_order=popularity&srpvid=af307f62bb9d0534&srepoch=1738174080&all_sr_blocks=9777502_164643909_0_0_0&highlighted_blocks=9777502_164643909_0_0_0&matching_block_id=9777502_164643909_0_0_0&sr_pri_blocks=9777502_164643909_0_0_0__101300&from=searchresults
Great apartment in Sagrada Familia with Balcony,"Gràcia, Barcelona",https://www.booking.com/hotel/es/sagrada-familia-grassot-apartment.html?label=gen173nr-1BCAEoggI46AdSAnVzWARoRogBAZgBMbgBGcgBD9gBAegBAYgCAagCA7gC-NjpvAbAAgHSAiQ4ZGVlZWVhMi1mOTI5LTRmOWQtOTk0OC0xMzU5MWFkYWNlODjYAgXgAgE&sid=f990c8e44d8a49a026ee40f8b9e3b3a2&aid=304142&ucfs=1&arphpl=1&checkin=2025-03-01&checkout=2025-03-08&dest_id=-372490&dest_type=city&group_adults=2&req_adults=2&no_rooms=1&group_children=0&req_children=0&hpos=25&hapos=533&sr_order=popularity&srpvid=af307f62bb9d0534&srepoch=1738174080&all_sr_blocks=109925401_88508069_3_0_0&highlighted_blocks=109925401_88508069_3_0_0&matching_block_id=109925401_88508069_3_0_0&sr_pri_blocks=109925401_88508069_3_0_0__195132&from=searchresults
AB Passeig de Gràcia Còrsega,"Eixample, Barcelona",https://www.booking.com/hotel/es/apartment-barcelona-paseo-de-gracia.html?label=gen173nr-1BCAEoggI46AdSAnVzWARoRogBAZgBMbgBGcgBD9gBAegBAYgCAagCA7gC-NjpvAbAAgHSAiQ4ZGVlZWVhMi1mOTI5LTRmOWQtOTk0OC0xMzU5MWFkYWNlODjYAgXgAgE&sid=f990c8e44d8a49a026ee40f8b9e3b3a2&aid=304142&ucfs=1&arphpl=1&checkin=2025-03-01&checkout=2025-03-08&dest_id=-372490&dest_type=city&group_adults=2&req_adults=2&no_rooms=1&group_children=0&req_children=0&hpos=1&hapos=534&sr_order=popularity&srpvid=af307f62bb9d0534&srepoch=1738174083&all_sr_blocks=57927713_241685758_6_0_0&highlighted_blocks=57927713_241685758_6_0_0&matching_block_id=57927713_241685758_6_0_0&sr_pri_blocks=57927713_241685758_6_0_0__335692&from=searchresults
Enjoy Apartments Urban Retreat Valencia 4,"Eixample, Barcelona",https://www.booking.com/hotel/es/urban-retreat-valencia-4.html?label=gen173nr-1BCAEoggI46AdSAnVzWARoRogBAZgBMbgBGcgBD9gBAegBAYgCAagCA7gC-NjpvAbAAgHSAiQ4ZGVlZWVhMi1mOTI5LTRmOWQtOTk0OC0xMzU5MWFkYWNlODjYAgXgAgE&sid=f990c8e44d8a49a026ee40f8b9e3b3a2&aid=304142&ucfs=1&arphpl=1&checkin=2025-03-01&checkout=2025-03-08&dest_id=-372490&dest_type=city&group_adults=2&req_adults=2&no_rooms=1&group_children=0&req_children=0&hpos=1&hapos=535&sr_order=popularity&srpvid=af307f62bb9d0534&srepoch=1738174085&all_sr_blocks=1222128702_394360959_2_0_0&highlighted_blocks=1222128702_394360959_2_0_0&matching_block_id=1222128702_394360959_2_0_0&sr_pri_blocks=1222128702_394360959_2_0_0__283909&from=searchresults
BcnStop Sant Pau Suites,"Sant Martí, Barcelona",https://www.booking.com/hotel/es/sant-pau-suites.html?label=gen173nr-1BCAEoggI46AdSAnVzWARoRogBAZgBMbgBGcgBD9gBAegBAYgCAagCA7gC-NjpvAbAAgHSAiQ4ZGVlZWVhMi1mOTI5LTRmOWQtOTk0OC0xMzU5MWFkYWNlODjYAgXgAgE&sid=f990c8e44d8a49a026ee40f8b9e3b3a2&aid=304142&ucfs=1&arphpl=1&checkin=2025-03-01&checkout=2025-03-08&dest_id=-372490&dest_type=city&group_adults=2&req_adults=2&no_rooms=1&group_children=0&req_children=0&hpos=2&hapos=536&sr_order=popularity&srpvid=af307f62bb9d0534&srepoch=1738174085&all_sr_blocks=1007439903_373471899_2_0_0&highlighted_blocks=1007439903_373471899_2_0_0&matching_block_id=1007439903_373471899_2_0_0&sr_pri_blocks=1007439903_373471899_2_0_0__252232&from=searchresults
EasySleep Eixample,"Eixample, Barcelona",https://www.booking.com/hotel/es/apartamentos-sicilia-159.html?label=gen173nr-1BCAEoggI46AdSAnVzWARoRogBAZgBMbgBGcgBD9gBAegBAYgCAagCA7gC-NjpvAbAAgHSAiQ4ZGVlZWVhMi1mOTI5LTRmOWQtOTk0OC0xMzU5MWFkYWNlODjYAgXgAgE&sid=f990c8e44d8a49a026ee40f8b9e3b3a2&aid=304142&ucfs=1&arphpl=1&checkin=2025-03-01&checkout=2025-03-08&dest_id=-372490&dest_type=city&group_adults=2&req_adults=2&no_rooms=1&group_children=0&req_children=0&hpos=3&hapos=537&sr_order=popularity&srpvid=af307f62bb9d0534&srepoch=1738174085&all_sr_blocks=27275408_107758534_2_0_0&highlighted_blocks=27275408_107758534_2_0_0&matching_block_id=27275408_107758534_2_0_0&sr_pri_blocks=27275408_107758534_2_0_0__253632&from=searchresults
Ola Living Batlló,"Eixample, Barcelona",https://www.booking.com/hotel/es/ola-living-batllo.html?label=gen173nr-1BCAEoggI46AdSAnVzWARoRogBAZgBMbgBGcgBD9gBAegBAYgCAagCA7gC-NjpvAbAAgHSAiQ4ZGVlZWVhMi1mOTI5LTRmOWQtOTk0OC0xMzU5MWFkYWNlODjYAgXgAgE&sid=f990c8e44d8a49a026ee40f8b9e3b3a2&aid=304142&ucfs=1&arphpl=1&checkin=2025-03-01&checkout=2025-03-08&dest_id=-372490&dest_type=city&group_adults=2&req_adults=2&no_rooms=1&group_children=0&req_children=0&hpos=4&hapos=538&sr_order=popularity&srpvid=af307f62bb9d0534&srepoch=1738174085&all_sr_blocks=1316927602_404436789_2_0_0&highlighted_blocks=1316927602_404436789_2_0_0&matching_block_id=1316927602_404436789_2_0_0&sr_pri_blocks=1316927602_404436789_2_0_0__264925&from=searchresults
AB Gracia Sant Salvador,"Gràcia, Barcelona",https://www.booking.com/hotel/es/b-amp-w-gracia.html?label=gen173nr-1BCAEoggI46AdSAnVzWARoRogBAZgBMbgBGcgBD9gBAegBAYgCAagCA7gC-NjpvAbAAgHSAiQ4ZGVlZWVhMi1mOTI5LTRmOWQtOTk0OC0xMzU5MWFkYWNlODjYAgXgAgE&sid=f990c8e44d8a49a026ee40f8b9e3b3a2&aid=304142&ucfs=1&arphpl=1&checkin=2025-03-01&checkout=2025-03-08&dest_id=-372490&dest_type=city&group_adults=2&req_adults=2&no_rooms=1&group_children=0&req_children=0&hpos=5&hapos=539&sr_order=popularity&srpvid=af307f62bb9d0534&srepoch=1738174085&all_sr_blocks=43678709_88500382_6_0_0&highlighted_blocks=43678709_88500382_6_0_0&matching_block_id=43678709_88500382_6_0_0&sr_pri_blocks=43678709_88500382_6_0_0__208027&from=searchresults
Ola Living St Antoni,"Eixample, Barcelona",https://www.booking.com/hotel/es/ola-living-st-antoni.html?label=gen173nr-1BCAEoggI46AdSAnVzWARoRogBAZgBMbgBGcgBD9gBAegBAYgCAagCA7gC-NjpvAbAAgHSAiQ4ZGVlZWVhMi1mOTI5LTRmOWQtOTk0OC0xMzU5MWFkYWNlODjYAgXgAgE&sid=f990c8e44d8a49a026ee40f8b9e3b3a2&aid=304142&ucfs=1&arphpl=1&checkin=2025-03-01&checkout=2025-03-08&dest_id=-372490&dest_type=city&group_adults=2&req_adults=2&no_rooms=1&group_children=0&req_children=0&hpos=6&hapos=540&sr_order=popularity&srpvid=af307f62bb9d0534&srepoch=1738174085&all_sr_blocks=1324981917_405128653_2_0_0&highlighted_blocks=1324981917_405128653_2_0_0&matching_block_id=1324981917_405128653_2_0_0&sr_pri_blocks=1324981917_405128653_2_0_0__219001&from=searchresults
Good-Apartments Barcelona,"Sant Martí, Barcelona",https://www.booking.com/hotel/es/glories-apartamentos.html?label=gen173nr-1BCAEoggI46AdSAnVzWARoRogBAZgBMbgBGcgBD9gBAegBAYgCAagCA7gC-NjpvAbAAgHSAiQ4ZGVlZWVhMi1mOTI5LTRmOWQtOTk0OC0xMzU5MWFkYWNlODjYAgXgAgE&sid=f990c8e44d8a49a026ee40f8b9e3b3a2&aid=304142&ucfs=1&arphpl=1&checkin=2025-03-01&checkout=2025-03-08&dest_id=-372490&dest_type=city&group_adults=2&req_adults=2&no_rooms=1&group_children=0&req_children=0&hpos=7&hapos=541&sr_order=popularity&srpvid=af307f62bb9d0534&srepoch=1738174085&all_sr_blocks=31093208_388143079_3_0_0&highlighted_blocks=31093208_388143079_3_0_0&matching_block_id=31093208_388143079_3_0_0&sr_pri_blocks=31093208_388143079_3_0_0__211932&from=searchresults
AB Gaudí Urban Nest,"Eixample, Barcelona",https://www.booking.com/hotel/es/apartment-barcelona-sagradafamilia.html?label=gen173nr-1BCAEoggI46AdSAnVzWARoRogBAZgBMbgBGcgBD9gBAegBAYgCAagCA7gC-NjpvAbAAgHSAiQ4ZGVlZWVhMi1mOTI5LTRmOWQtOTk0OC0xMzU5MWFkYWNlODjYAgXgAgE&sid=f990c8e44d8a49a026ee40f8b9e3b3a2&aid=304142&ucfs=1&arphpl=1&checkin=2025-03-01&checkout=2025-03-08&dest_id=-372490&dest_type=city&group_adults=2&req_adults=2&no_rooms=1&group_children=0&req_children=0&hpos=8&hapos=542&sr_order=popularity&srpvid=af307f62bb9d0534&srepoch=1738174085&all_sr_blocks=1875505_95143593_6_0_0&highlighted_blocks=1875505_95143593_6_0_0&matching_block_id=1875505_95143593_6_0_0&sr_pri_blocks=1875505_95143593_6_0_0__254432&from=searchresults
Studio Hostel,"Sarrià-St. Gervasi, Barcelona",https://www.booking.com/hotel/es/residencia-albergue-studio.html?label=gen173nr-1BCAEoggI46AdSAnVzWARoRogBAZgBMbgBGcgBD9gBAegBAYgCAagCA7gC-NjpvAbAAgHSAiQ4ZGVlZWVhMi1mOTI5LTRmOWQtOTk0OC0xMzU5MWFkYWNlODjYAgXgAgE&sid=f990c8e44d8a49a026ee40f8b9e3b3a2&aid=304142&ucfs=1&arphpl=1&checkin=2025-03-01&checkout=2025-03-08&dest_id=-372490&dest_type=city&group_adults=2&req_adults=2&no_rooms=1&group_children=0&req_children=0&hpos=9&hapos=543&sr_order=popularity&srpvid=af307f62bb9d0534&srepoch=1738174085&all_sr_blocks=28929802_190242473_3_1_0&highlighted_blocks=28929802_190242473_3_1_0&matching_block_id=28929802_190242473_3_1_0&sr_pri_blocks=28929802_190242473_3_1_0__149725&from=searchresults
Numa I Colmena Apartments,"Sarrià-St. Gervasi, Barcelona",https://www.booking.com/hotel/es/numa-i-colmena-apartments.html?label=gen173nr-1BCAEoggI46AdSAnVzWARoRogBAZgBMbgBGcgBD9gBAegBAYgCAagCA7gC-NjpvAbAAgHSAiQ4ZGVlZWVhMi1mOTI5LTRmOWQtOTk0OC0xMzU5MWFkYWNlODjYAgXgAgE&sid=f990c8e44d8a49a026ee40f8b9e3b3a2&aid=304142&ucfs=1&arphpl=1&checkin=2025-03-01&checkout=2025-03-08&dest_id=-372490&dest_type=city&group_adults=2&req_adults=2&no_rooms=1&group_children=0&req_children=0&hpos=10&hapos=544&sr_order=popularity&srpvid=af307f62bb9d0534&srepoch=1738174085&all_sr_blocks=983103301_370753472_2_2_0&highlighted_blocks=983103301_370753472_2_2_0&matching_block_id=983103301_370753472_2_2_0&sr_pri_blocks=983103301_370753472_2_2_0__251800&from=searchresults
O43 Center Barça 4 3,"Ciutat Vella, Barcelona",https://www.booking.com/hotel/es/o43-center-barca-4-3.html?label=gen173nr-1BCAEoggI46AdSAnVzWARoRogBAZgBMbgBGcgBD9gBAegBAYgCAagCA7gC-NjpvAbAAgHSAiQ4ZGVlZWVhMi1mOTI5LTRmOWQtOTk0OC0xMzU5MWFkYWNlODjYAgXgAgE&sid=f990c8e44d8a49a026ee40f8b9e3b3a2&aid=304142&ucfs=1&arphpl=1&checkin=2025-03-01&checkout=2025-03-08&dest_id=-372490&dest_type=city&group_adults=2&req_adults=2&no_rooms=1&group_children=0&req_children=0&hpos=11&hapos=545&sr_order=popularity&srpvid=af307f62bb9d0534&srepoch=1738174085&all_sr_blocks=1236388601_395917622_2_0_0&highlighted_blocks=1236388601_395917622_2_0_0&matching_block_id=1236388601_395917622_2_0_0&sr_pri_blocks=1236388601_395917622_2_0_0__109382&from=searchresults
Ola Living Plaza Catalunya,"Eixample, Barcelona",https://www.booking.com/hotel/es/friendly-rentals-plaza-catalunya.html?label=gen173nr-1BCAEoggI46AdSAnVzWARoRogBAZgBMbgBGcgBD9gBAegBAYgCAagCA7gC-NjpvAbAAgHSAiQ4ZGVlZWVhMi1mOTI5LTRmOWQtOTk0OC0xMzU5MWFkYWNlODjYAgXgAgE&sid=f990c8e44d8a49a026ee40f8b9e3b3a2&aid=304142&ucfs=1&arphpl=1&checkin=2025-03-01&checkout=2025-03-08&dest_id=-372490&dest_type=city&group_adults=2&req_adults=2&no_rooms=1&group_children=0&req_children=0&hpos=12&hapos=546&sr_order=popularity&srpvid=af307f62bb9d0534&srepoch=1738174085&all_sr_blocks=105526103_212566732_4_0_0&highlighted_blocks=105526103_212566732_4_0_0&matching_block_id=105526103_212566732_4_0_0&sr_pri_blocks=105526103_212566732_4_0_0__281389&from=searchresults
Fisa Rentals Les Corts Apartments,"Les Corts, Barcelona",https://www.booking.com/hotel/es/fisa-rentals-les-corts.html?label=gen173nr-1BCAEoggI46AdSAnVzWARoRogBAZgBMbgBGcgBD9gBAegBAYgCAagCA7gC-NjpvAbAAgHSAiQ4ZGVlZWVhMi1mOTI5LTRmOWQtOTk0OC0xMzU5MWFkYWNlODjYAgXgAgE&sid=f990c8e44d8a49a026ee40f8b9e3b3a2&aid=304142&ucfs=1&arphpl=1&checkin=2025-03-01&checkout=2025-03-08&dest_id=-372490&dest_type=city&group_adults=2&req_adults=2&no_rooms=1&group_children=0&req_children=0&hpos=13&hapos=547&sr_order=popularity&srpvid=af307f62bb9d0534&srepoch=1738174085&all_sr_blocks=34347006_120550696_0_0_0&highlighted_blocks=34347006_120550696_0_0_0&matching_block_id=34347006_120550696_0_0_0&sr_pri_blocks=34347006_120550696_0_0_0__279650&from=searchresults
2 BDR EIXAMPLE APARTMENT,"Eixample, Barcelona",https://www.booking.com/hotel/es/2-bdr-eixample-apartment.html?label=gen173nr-1BCAEoggI46AdSAnVzWARoRogBAZgBMbgBGcgBD9gBAegBAYgCAagCA7gC-NjpvAbAAgHSAiQ4ZGVlZWVhMi1mOTI5LTRmOWQtOTk0OC0xMzU5MWFkYWNlODjYAgXgAgE&sid=f990c8e44d8a49a026ee40f8b9e3b3a2&aid=304142&ucfs=1&arphpl=1&checkin=2025-03-01&checkout=2025-03-08&dest_id=-372490&dest_type=city&group_adults=2&req_adults=2&no_rooms=1&group_children=0&req_children=0&hpos=14&hapos=548&sr_order=popularity&srpvid=af307f62bb9d0534&srepoch=1738174085&all_sr_blocks=859214301_353603660_4_0_0&highlighted_blocks=859214301_353603660_4_0_0&matching_block_id=859214301_353603660_4_0_0&sr_pri_blocks=859214301_353603660_4_0_0__285632&from=searchresults
AB Sagrada Familia Bofill,"Eixample, Barcelona",https://www.booking.com/hotel/es/apartment-barcelona-sagrada-familia-charm.html?label=gen173nr-1BCAEoggI46AdSAnVzWARoRogBAZgBMbgBGcgBD9gBAegBAYgCAagCA7gC-NjpvAbAAgHSAiQ4ZGVlZWVhMi1mOTI5LTRmOWQtOTk0OC0xMzU5MWFkYWNlODjYAgXgAgE&sid=f990c8e44d8a49a026ee40f8b9e3b3a2&aid=304142&ucfs=1&arphpl=1&checkin=2025-03-01&checkout=2025-03-08&dest_id=-372490&dest_type=city&group_adults=2&req_adults=2&no_rooms=1&group_children=0&req_children=0&hpos=15&hapos=549&sr_order=popularity&srpvid=af307f62bb9d0534&srepoch=1738174085&all_sr_blocks=114214301_241685704_4_0_0&highlighted_blocks=114214301_241685704_4_0_0&matching_block_id=114214301_241685704_4_0_0&sr_pri_blocks=114214301_241685704_4_0_0__232917&from=searchresults
Stay U-nique Apartments Fontanella,"Ciutat Vella, Barcelona",https://www.booking.com/hotel/es/fontanella-barcelona1.html?label=gen173nr-1BCAEoggI46AdSAnVzWARoRogBAZgBMbgBGcgBD9gBAegBAYgCAagCA7gC-NjpvAbAAgHSAiQ4ZGVlZWVhMi1mOTI5LTRmOWQtOTk0OC0xMzU5MWFkYWNlODjYAgXgAgE&sid=f990c8e44d8a49a026ee40f8b9e3b3a2&aid=304142&ucfs=1&arphpl=1&checkin=2025-03-01&checkout=2025-03-08&dest_id=-372490&dest_type=city&group_adults=2&req_adults=2&no_rooms=1&group_children=0&req_children=0&hpos=16&hapos=550&sr_order=popularity&srpvid=af307f62bb9d0534&srepoch=1738174085&all_sr_blocks=163420401_225698976_0_0_0&highlighted_blocks=163420401_225698976_0_0_0&matching_block_id=163420401_225698976_0_0_0&sr_pri_blocks=163420401_225698976_0_0_0__258606&from=searchresults
Luxury Modernist Penthouse next Paseo de Gracia,"Eixample, Barcelona",https://www.booking.com/hotel/es/atico-modernista.html?label=gen173nr-1BCAEoggI46AdSAnVzWARoRogBAZgBMbgBGcgBD9gBAegBAYgCAagCA7gC-NjpvAbAAgHSAiQ4ZGVlZWVhMi1mOTI5LTRmOWQtOTk0OC0xMzU5MWFkYWNlODjYAgXgAgE&sid=f990c8e44d8a49a026ee40f8b9e3b3a2&aid=304142&ucfs=1&arphpl=1&checkin=2025-03-01&checkout=2025-03-08&dest_id=-372490&dest_type=city&group_adults=2&req_adults=2&no_rooms=1&group_children=0&req_children=0&hpos=17&hapos=551&sr_order=popularity&srpvid=af307f62bb9d0534&srepoch=1738174085&all_sr_blocks=1334463601_407470537_2_0_0&highlighted_blocks=1334463601_407470537_2_0_0&matching_block_id=1334463601_407470537_2_0_0&sr_pri_blocks=1334463601_407470537_2_0_0__352820&from=searchresults
Moll de la Fusta Rooms,"Ciutat Vella, Barcelona",https://www.booking.com/hotel/es/moll-de-la-fusta-rooms.html?label=gen173nr-1BCAEoggI46AdSAnVzWARoRogBAZgBMbgBGcgBD9gBAegBAYgCAagCA7gC-NjpvAbAAgHSAiQ4ZGVlZWVhMi1mOTI5LTRmOWQtOTk0OC0xMzU5MWFkYWNlODjYAgXgAgE&sid=f990c8e44d8a49a026ee40f8b9e3b3a2&aid=304142&ucfs=1&arphpl=1&checkin=2025-03-01&checkout=2025-03-08&dest_id=-372490&dest_type=city&group_adults=2&req_adults=2&no_rooms=1&group_children=0&req_children=0&hpos=18&hapos=552&sr_order=popularity&srpvid=af307f62bb9d0534&srepoch=1738174085&all_sr_blocks=1233469404_395364927_2_0_0&highlighted_blocks=1233469404_395364927_2_0_0&matching_block_id=1233469404_395364927_2_0_0&sr_pri_blocks=1233469404_395364927_2_0_0__103175&from=searchresults
Stay U-nique Apartment Tamarit II,"Eixample, Barcelona",https://www.booking.com/hotel/es/modern-apt-with-large-balcony-in-sant-antoni.html?label=gen173nr-1BCAEoggI46AdSAnVzWARoRogBAZgBMbgBGcgBD9gBAegBAYgCAagCA7gC-NjpvAbAAgHSAiQ4ZGVlZWVhMi1mOTI5LTRmOWQtOTk0OC0xMzU5MWFkYWNlODjYAgXgAgE&sid=f990c8e44d8a49a026ee40f8b9e3b3a2&aid=304142&ucfs=1&arphpl=1&checkin=2025-03-01&checkout=2025-03-08&dest_id=-372490&dest_type=city&group_adults=2&req_adults=2&no_rooms=1&group_children=0&req_children=0&hpos=19&hapos=553&sr_order=popularity&srpvid=af307f62bb9d0534&srepoch=1738174085&all_sr_blocks=1090989002_381986346_0_0_0&highlighted_blocks=1090989002_381986346_0_0_0&matching_block_id=1090989002_381986346_0_0_0&sr_pri_blocks=1090989002_381986346_0_0_0__314567&from=searchresults
Stay U-nique Apartments Salva II,"Sants-Montjuïc, Barcelona",https://www.booking.com/hotel/es/light-and-cozy-apartment-in-poble-sec.html?label=gen173nr-1BCAEoggI46AdSAnVzWARoRogBAZgBMbgBGcgBD9gBAegBAYgCAagCA7gC-NjpvAbAAgHSAiQ4ZGVlZWVhMi1mOTI5LTRmOWQtOTk0OC0xMzU5MWFkYWNlODjYAgXgAgE&sid=f990c8e44d8a49a026ee40f8b9e3b3a2&aid=304142&ucfs=1&arphpl=1&checkin=2025-03-01&checkout=2025-03-08&dest_id=-372490&dest_type=city&group_adults=2&req_adults=2&no_rooms=1&group_children=0&req_children=0&hpos=20&hapos=554&sr_order=popularity&srpvid=af307f62bb9d0534&srepoch=1738174085&all_sr_blocks=723754202_310252601_0_0_0&highlighted_blocks=723754202_310252601_0_0_0&matching_block_id=723754202_310252601_0_0_0&sr_pri_blocks=723754202_310252601_0_0_0__274245&from=searchresults
Apartamento Via Augusta 153,"Sarrià-St. Gervasi, Barcelona",https://www.booking.com/hotel/es/apartamento-via-augusta.html?label=gen173nr-1BCAEoggI46AdSAnVzWARoRogBAZgBMbgBGcgBD9gBAegBAYgCAagCA7gC-NjpvAbAAgHSAiQ4ZGVlZWVhMi1mOTI5LTRmOWQtOTk0OC0xMzU5MWFkYWNlODjYAgXgAgE&sid=f990c8e44d8a49a026ee40f8b9e3b3a2&aid=304142&ucfs=1&arphpl=1&checkin=2025-03-01&checkout=2025-03-08&dest_id=-372490&dest_type=city&group_adults=2&req_adults=2&no_rooms=1&group_children=0&req_children=0&hpos=21&hapos=555&sr_order=popularity&srpvid=af307f62bb9d0534&srepoch=1738174085&all_sr_blocks=41352001_329628129_0_0_0&highlighted_blocks=41352001_329628129_0_0_0&matching_block_id=41352001_329628129_0_0_0&sr_pri_blocks=41352001_329628129_0_0_0__217532&from=searchresults
Ola Living Diagonal II Apartments,"Sarrià-St. Gervasi, Barcelona",https://www.booking.com/hotel/es/signature-apartments-diagonal-aribau.html?label=gen173nr-1BCAEoggI46AdSAnVzWARoRogBAZgBMbgBGcgBD9gBAegBAYgCAagCA7gC-NjpvAbAAgHSAiQ4ZGVlZWVhMi1mOTI5LTRmOWQtOTk0OC0xMzU5MWFkYWNlODjYAgXgAgE&sid=f990c8e44d8a49a026ee40f8b9e3b3a2&aid=304142&ucfs=1&arphpl=1&checkin=2025-03-01&checkout=2025-03-08&dest_id=-372490&dest_type=city&group_adults=2&req_adults=2&no_rooms=1&group_children=0&req_children=0&hpos=22&hapos=556&sr_order=popularity&srpvid=af307f62bb9d0534&srepoch=1738174085&all_sr_blocks=624402002_397268683_4_0_0&highlighted_blocks=624402002_397268683_4_0_0&matching_block_id=624402002_397268683_4_0_0&sr_pri_blocks=624402002_397268683_4_0_0__346484&from=searchresults
Stay U-nique Apartment Comte Güell,"Les Corts, Barcelona",https://www.booking.com/hotel/es/2-bed-apartment-close-to-camp-nou.html?label=gen173nr-1BCAEoggI46AdSAnVzWARoRogBAZgBMbgBGcgBD9gBAegBAYgCAagCA7gC-NjpvAbAAgHSAiQ4ZGVlZWVhMi1mOTI5LTRmOWQtOTk0OC0xMzU5MWFkYWNlODjYAgXgAgE&sid=f990c8e44d8a49a026ee40f8b9e3b3a2&aid=304142&ucfs=1&arphpl=1&checkin=2025-03-01&checkout=2025-03-08&dest_id=-372490&dest_type=city&group_adults=2&req_adults=2&no_rooms=1&group_children=0&req_children=0&hpos=23&hapos=557&sr_order=popularity&srpvid=af307f62bb9d0534&srepoch=1738174085&all_sr_blocks=1207675402_393510007_0_0_0&highlighted_blocks=1207675402_393510007_0_0_0&matching_block_id=1207675402_393510007_0_0_0&sr_pri_blocks=1207675402_393510007_0_0_0__215846&from=searchresults
Amra Barcelona Caspe,"Eixample, Barcelona",https://www.booking.com/hotel/es/amra-barcelona-caspe.html?label=gen173nr-1BCAEoggI46AdSAnVzWARoRogBAZgBMbgBGcgBD9gBAegBAYgCAagCA7gC-NjpvAbAAgHSAiQ4ZGVlZWVhMi1mOTI5LTRmOWQtOTk0OC0xMzU5MWFkYWNlODjYAgXgAgE&sid=f990c8e44d8a49a026ee40f8b9e3b3a2&aid=304142&ucfs=1&arphpl=1&checkin=2025-03-01&checkout=2025-03-08&dest_id=-372490&dest_type=city&group_adults=2&req_adults=2&no_rooms=1&group_children=0&req_children=0&hpos=24&hapos=558&sr_order=popularity&srpvid=af307f62bb9d0534&srepoch=1738174085&all_sr_blocks=63734203_88210389_0_0_0&highlighted_blocks=63734203_88210389_0_0_0&matching_block_id=63734203_88210389_0_0_0&sr_pri_blocks=63734203_88210389_0_0_0__208982&from=searchresults
Yurbban Passage Hotel & Spa,"Ciutat Vella, Barcelona",https://www.booking.com/hotel/es/yurbban-passage.html?label=gen173nr-1BCAEoggI46AdSAnVzWARoRogBAZgBMbgBGcgBD9gBAegBAYgCAagCA7gC-NjpvAbAAgHSAiQ4ZGVlZWVhMi1mOTI5LTRmOWQtOTk0OC0xMzU5MWFkYWNlODjYAgXgAgE&sid=f990c8e44d8a49a026ee40f8b9e3b3a2&aid=304142&ucfs=1&arphpl=1&checkin=2025-03-01&checkout=2025-03-08&dest_id=-372490&dest_type=city&group_adults=2&req_adults=2&no_rooms=1&group_children=0&req_children=0&hpos=1&hapos=559&sr_order=popularity&srpvid=af307f62bb9d0534&srepoch=1738174089&all_sr_blocks=254718701_120204763_2_2_0&highlighted_blocks=254718701_120204763_2_2_0&matching_block_id=254718701_120204763_2_2_0&sr_pri_blocks=254718701_120204763_2_2_0__396778&from_sustainable_property_sr=1&from=searchresults
Alba Hotel,"Ciutat Vella, Barcelona",https://www.booking.com/hotel/es/alba-barcelona.html?label=gen173nr-1BCAEoggI46AdSAnVzWARoRogBAZgBMbgBGcgBD9gBAegBAYgCAagCA7gC-NjpvAbAAgHSAiQ4ZGVlZWVhMi1mOTI5LTRmOWQtOTk0OC0xMzU5MWFkYWNlODjYAgXgAgE&sid=f990c8e44d8a49a026ee40f8b9e3b3a2&aid=304142&ucfs=1&arphpl=1&checkin=2025-03-01&checkout=2025-03-08&dest_id=-372490&dest_type=city&group_adults=2&req_adults=2&no_rooms=1&group_children=0&req_children=0&hpos=2&hapos=560&sr_order=popularity&srpvid=af307f62bb9d0534&srepoch=1738174089&all_sr_blocks=9738705_0_2_0_0&highlighted_blocks=9738705_0_2_0_0&matching_block_id=9738705_0_2_0_0&sr_pri_blocks=9738705_0_2_0_0__185568&from=searchresults
Room Mate Pau,"Eixample, Barcelona",https://www.booking.com/hotel/es/room-mate-pau.html?label=gen173nr-1BCAEoggI46AdSAnVzWARoRogBAZgBMbgBGcgBD9gBAegBAYgCAagCA7gC-NjpvAbAAgHSAiQ4ZGVlZWVhMi1mOTI5LTRmOWQtOTk0OC0xMzU5MWFkYWNlODjYAgXgAgE&sid=f990c8e44d8a49a026ee40f8b9e3b3a2&aid=304142&ucfs=1&arphpl=1&checkin=2025-03-01&checkout=2025-03-08&dest_id=-372490&dest_type=city&group_adults=2&req_adults=2&no_rooms=1&group_children=0&req_children=0&hpos=3&hapos=561&sr_order=popularity&srpvid=af307f62bb9d0534&srepoch=1738174089&all_sr_blocks=40157002_88209096_0_2_0_311183&highlighted_blocks=40157002_88209096_0_2_0_311183&matching_block_id=40157002_88209096_0_2_0_311183&sr_pri_blocks=40157002_88209096_0_2_0_311183_318868&from=searchresults
Stay U-nique Apartments Napols I,"Eixample, Barcelona",https://www.booking.com/hotel/es/traditional-bcn-apartment-near-sagrada-familia-for-6.html?label=gen173nr-1BCAEoggI46AdSAnVzWARoRogBAZgBMbgBGcgBD9gBAegBAYgCAagCA7gC-NjpvAbAAgHSAiQ4ZGVlZWVhMi1mOTI5LTRmOWQtOTk0OC0xMzU5MWFkYWNlODjYAgXgAgE&sid=f990c8e44d8a49a026ee40f8b9e3b3a2&aid=304142&ucfs=1&arphpl=1&checkin=2025-03-01&checkout=2025-03-08&dest_id=-372490&dest_type=city&group_adults=2&req_adults=2&no_rooms=1&group_children=0&req_children=0&hpos=4&hapos=562&sr_order=popularity&srpvid=af307f62bb9d0534&srepoch=1738174089&all_sr_blocks=764602202_334030145_0_0_0&highlighted_blocks=764602202_334030145_0_0_0&matching_block_id=764602202_334030145_0_0_0&sr_pri_blocks=764602202_334030145_0_0_0__334423&from=searchresults
Welcomy Sant Andreu,"Sant Andreu, Barcelona",https://www.booking.com/hotel/es/great-studio-in-sant-andreu-10-min-to-city-center.html?label=gen173nr-1BCAEoggI46AdSAnVzWARoRogBAZgBMbgBGcgBD9gBAegBAYgCAagCA7gC-NjpvAbAAgHSAiQ4ZGVlZWVhMi1mOTI5LTRmOWQtOTk0OC0xMzU5MWFkYWNlODjYAgXgAgE&sid=f990c8e44d8a49a026ee40f8b9e3b3a2&aid=304142&ucfs=1&arphpl=1&checkin=2025-03-01&checkout=2025-03-08&dest_id=-372490&dest_type=city&group_adults=2&req_adults=2&no_rooms=1&group_children=0&req_children=0&hpos=5&hapos=563&sr_order=popularity&srpvid=af307f62bb9d0534&srepoch=1738174089&all_sr_blocks=1075805301_380164869_2_0_0&highlighted_blocks=1075805301_380164869_2_0_0&matching_block_id=1075805301_380164869_2_0_0&sr_pri_blocks=1075805301_380164869_2_0_0__165257&from=searchresults
The Lonely Chimney Apartments,"Sant Martí, Barcelona",https://www.booking.com/hotel/es/bogatell-65.html?label=gen173nr-1BCAEoggI46AdSAnVzWARoRogBAZgBMbgBGcgBD9gBAegBAYgCAagCA7gC-NjpvAbAAgHSAiQ4ZGVlZWVhMi1mOTI5LTRmOWQtOTk0OC0xMzU5MWFkYWNlODjYAgXgAgE&sid=f990c8e44d8a49a026ee40f8b9e3b3a2&aid=304142&ucfs=1&arphpl=1&checkin=2025-03-01&checkout=2025-03-08&dest_id=-372490&dest_type=city&group_adults=2&req_adults=2&no_rooms=1&group_children=0&req_children=0&hpos=6&hapos=564&sr_order=popularity&srpvid=af307f62bb9d0534&srepoch=1738174089&all_sr_blocks=128888002_118602053_2_0_0&highlighted_blocks=128888002_118602053_2_0_0&matching_block_id=128888002_118602053_2_0_0&sr_pri_blocks=128888002_118602053_2_0_0__276312&from=searchresults
Sweett - Callao,"Sants-Montjuïc, Barcelona",https://www.booking.com/hotel/es/sweet-inn-apartments-callao.html?label=gen173nr-1BCAEoggI46AdSAnVzWARoRogBAZgBMbgBGcgBD9gBAegBAYgCAagCA7gC-NjpvAbAAgHSAiQ4ZGVlZWVhMi1mOTI5LTRmOWQtOTk0OC0xMzU5MWFkYWNlODjYAgXgAgE&sid=f990c8e44d8a49a026ee40f8b9e3b3a2&aid=304142&ucfs=1&arphpl=1&checkin=2025-03-01&checkout=2025-03-08&dest_id=-372490&dest_type=city&group_adults=2&req_adults=2&no_rooms=1&group_children=0&req_children=0&hpos=7&hapos=565&sr_order=popularity&srpvid=af307f62bb9d0534&srepoch=1738174089&all_sr_blocks=443668705_132910034_4_0_0&highlighted_blocks=443668705_132910034_4_0_0&matching_block_id=443668705_132910034_4_0_0&sr_pri_blocks=443668705_132910034_4_0_0__272679&from=searchresults
Sweett - Urgell Eixample,"Eixample, Barcelona",https://www.booking.com/hotel/es/sweett-urgell-eixample-barcelona.html?label=gen173nr-1BCAEoggI46AdSAnVzWARoRogBAZgBMbgBGcgBD9gBAegBAYgCAagCA7gC-NjpvAbAAgHSAiQ4ZGVlZWVhMi1mOTI5LTRmOWQtOTk0OC0xMzU5MWFkYWNlODjYAgXgAgE&sid=f990c8e44d8a49a026ee40f8b9e3b3a2&aid=304142&ucfs=1&arphpl=1&checkin=2025-03-01&checkout=2025-03-08&dest_id=-372490&dest_type=city&group_adults=2&req_adults=2&no_rooms=1&group_children=0&req_children=0&hpos=8&hapos=566&sr_order=popularity&srpvid=af307f62bb9d0534&srepoch=1738174089&all_sr_blocks=1301463306_403041007_3_0_0&highlighted_blocks=1301463306_403041007_3_0_0&matching_block_id=1301463306_403041007_3_0_0&sr_pri_blocks=1301463306_403041007_3_0_0__302000&from=searchresults
Hip Karma Hostel,"Eixample, Barcelona",https://www.booking.com/hotel/es/hip-karma-hostel.html?label=gen173nr-1BCAEoggI46AdSAnVzWARoRogBAZgBMbgBGcgBD9gBAegBAYgCAagCA7gC-NjpvAbAAgHSAiQ4ZGVlZWVhMi1mOTI5LTRmOWQtOTk0OC0xMzU5MWFkYWNlODjYAgXgAgE&sid=f990c8e44d8a49a026ee40f8b9e3b3a2&aid=304142&ucfs=1&arphpl=1&checkin=2025-03-01&checkout=2025-03-08&dest_id=-372490&dest_type=city&group_adults=2&req_adults=2&no_rooms=1&group_children=0&req_children=0&hpos=9&hapos=567&sr_order=popularity&srpvid=af307f62bb9d0534&srepoch=1738174089&all_sr_blocks=24364010_0_2_0_0&highlighted_blocks=24364010_0_2_0_0&matching_block_id=24364010_0_2_0_0&sr_pri_blocks=24364010_0_2_0_0__143162&from=searchresults
Aribau habitaciones,"Eixample, Barcelona",https://www.booking.com/hotel/es/aribau-habitaciones.html?label=gen173nr-1BCAEoggI46AdSAnVzWARoRogBAZgBMbgBGcgBD9gBAegBAYgCAagCA7gC-NjpvAbAAgHSAiQ4ZGVlZWVhMi1mOTI5LTRmOWQtOTk0OC0xMzU5MWFkYWNlODjYAgXgAgE&sid=f990c8e44d8a49a026ee40f8b9e3b3a2&aid=304142&ucfs=1&arphpl=1&checkin=2025-03-01&checkout=2025-03-08&dest_id=-372490&dest_type=city&group_adults=2&req_adults=2&no_rooms=1&group_children=0&req_children=0&hpos=10&hapos=568&sr_order=popularity&srpvid=af307f62bb9d0534&srepoch=1738174089&all_sr_blocks=1253864702_403848632_2_0_0&highlighted_blocks=1253864702_403848632_2_0_0&matching_block_id=1253864702_403848632_2_0_0&sr_pri_blocks=1253864702_403848632_2_0_0__106625&from=searchresults
Antiga Casa Buenavista,"Ciutat Vella, Barcelona",https://www.booking.com/hotel/es/antiga-casa-buenavista-barcelona.html?label=gen173nr-1BCAEoggI46AdSAnVzWARoRogBAZgBMbgBGcgBD9gBAegBAYgCAagCA7gC-NjpvAbAAgHSAiQ4ZGVlZWVhMi1mOTI5LTRmOWQtOTk0OC0xMzU5MWFkYWNlODjYAgXgAgE&sid=f990c8e44d8a49a026ee40f8b9e3b3a2&aid=304142&ucfs=1&arphpl=1&checkin=2025-03-01&checkout=2025-03-08&dest_id=-372490&dest_type=city&group_adults=2&req_adults=2&no_rooms=1&group_children=0&req_children=0&hpos=11&hapos=569&sr_order=popularity&srpvid=af307f62bb9d0534&srepoch=1738174089&all_sr_blocks=731087502_326123124_2_1_0&highlighted_blocks=731087502_326123124_2_1_0&matching_block_id=731087502_326123124_2_1_0&sr_pri_blocks=731087502_326123124_2_1_0__380228&from=searchresults
Hostal del Palau,"Ciutat Vella, Barcelona",https://www.booking.com/hotel/es/pensio-2000.html?label=gen173nr-1BCAEoggI46AdSAnVzWARoRogBAZgBMbgBGcgBD9gBAegBAYgCAagCA7gC-NjpvAbAAgHSAiQ4ZGVlZWVhMi1mOTI5LTRmOWQtOTk0OC0xMzU5MWFkYWNlODjYAgXgAgE&sid=f990c8e44d8a49a026ee40f8b9e3b3a2&aid=304142&ucfs=1&arphpl=1&checkin=2025-03-01&checkout=2025-03-08&dest_id=-372490&dest_type=city&group_adults=2&req_adults=2&no_rooms=1&group_children=0&req_children=0&hpos=12&hapos=570&sr_order=popularity&srpvid=af307f62bb9d0534&srepoch=1738174089&all_sr_blocks=27856709_177047452_0_2_0&highlighted_blocks=27856709_177047452_0_2_0&matching_block_id=27856709_177047452_0_2_0&sr_pri_blocks=27856709_177047452_0_2_0__252700&from=searchresults
Habitat Apartments Alaia,"Eixample, Barcelona",https://www.booking.com/hotel/es/habitat-apartments-alaia.html?label=gen173nr-1BCAEoggI46AdSAnVzWARoRogBAZgBMbgBGcgBD9gBAegBAYgCAagCA7gC-NjpvAbAAgHSAiQ4ZGVlZWVhMi1mOTI5LTRmOWQtOTk0OC0xMzU5MWFkYWNlODjYAgXgAgE&sid=f990c8e44d8a49a026ee40f8b9e3b3a2&aid=304142&ucfs=1&arphpl=1&checkin=2025-03-01&checkout=2025-03-08&dest_id=-372490&dest_type=city&group_adults=2&req_adults=2&no_rooms=1&group_children=0&req_children=0&hpos=13&hapos=571&sr_order=popularity&srpvid=af307f62bb9d0534&srepoch=1738174089&all_sr_blocks=412415820_125748008_0_0_0&highlighted_blocks=412415820_125748008_0_0_0&matching_block_id=412415820_125748008_0_0_0&sr_pri_blocks=412415820_125748008_0_0_0__391862&from=searchresults
Port Forum Apartments by Olala Homes,Barcelona,https://www.booking.com/hotel/es/olala-port-forum.html?label=gen173nr-1BCAEoggI46AdSAnVzWARoRogBAZgBMbgBGcgBD9gBAegBAYgCAagCA7gC-NjpvAbAAgHSAiQ4ZGVlZWVhMi1mOTI5LTRmOWQtOTk0OC0xMzU5MWFkYWNlODjYAgXgAgE&sid=f990c8e44d8a49a026ee40f8b9e3b3a2&aid=304142&ucfs=1&arphpl=1&checkin=2025-03-01&checkout=2025-03-08&dest_id=-372490&dest_type=city&group_adults=2&req_adults=2&no_rooms=1&group_children=0&req_children=0&hpos=14&hapos=572&sr_order=popularity&srpvid=af307f62bb9d0534&srepoch=1738174089&all_sr_blocks=378440321_246096719_4_0_0&highlighted_blocks=378440321_246096719_4_0_0&matching_block_id=378440321_246096719_4_0_0&sr_pri_blocks=378440321_246096719_4_0_0__287535&from=searchresults
Enjoy Apartments Donna,"Eixample, Barcelona",https://www.booking.com/hotel/es/enjoy-apartments-calabria.html?label=gen173nr-1BCAEoggI46AdSAnVzWARoRogBAZgBMbgBGcgBD9gBAegBAYgCAagCA7gC-NjpvAbAAgHSAiQ4ZGVlZWVhMi1mOTI5LTRmOWQtOTk0OC0xMzU5MWFkYWNlODjYAgXgAgE&sid=f990c8e44d8a49a026ee40f8b9e3b3a2&aid=304142&ucfs=1&arphpl=1&checkin=2025-03-01&checkout=2025-03-08&dest_id=-372490&dest_type=city&group_adults=2&req_adults=2&no_rooms=1&group_children=0&req_children=0&hpos=15&hapos=573&sr_order=popularity&srpvid=af307f62bb9d0534&srepoch=1738174089&all_sr_blocks=109885101_117417598_4_0_0&highlighted_blocks=109885101_117417598_4_0_0&matching_block_id=109885101_117417598_4_0_0&sr_pri_blocks=109885101_117417598_4_0_0__361637&from=searchresults
Sweett - Carrer Fira,"Eixample, Barcelona",https://www.booking.com/hotel/es/sweet-inn-carrer-fira.html?label=gen173nr-1BCAEoggI46AdSAnVzWARoRogBAZgBMbgBGcgBD9gBAegBAYgCAagCA7gC-NjpvAbAAgHSAiQ4ZGVlZWVhMi1mOTI5LTRmOWQtOTk0OC0xMzU5MWFkYWNlODjYAgXgAgE&sid=f990c8e44d8a49a026ee40f8b9e3b3a2&aid=304142&ucfs=1&arphpl=1&checkin=2025-03-01&checkout=2025-03-08&dest_id=-372490&dest_type=city&group_adults=2&req_adults=2&no_rooms=1&group_children=0&req_children=0&hpos=16&hapos=574&sr_order=popularity&srpvid=af307f62bb9d0534&srepoch=1738174089&all_sr_blocks=974294513_369811621_5_0_0&highlighted_blocks=974294513_369811621_5_0_0&matching_block_id=974294513_369811621_5_0_0&sr_pri_blocks=974294513_369811621_5_0_0__298304&from=searchresults
Royal Ramblas,"Ciutat Vella, Barcelona",https://www.booking.com/hotel/es/royal.html?label=gen173nr-1BCAEoggI46AdSAnVzWARoRogBAZgBMbgBGcgBD9gBAegBAYgCAagCA7gC-NjpvAbAAgHSAiQ4ZGVlZWVhMi1mOTI5LTRmOWQtOTk0OC0xMzU5MWFkYWNlODjYAgXgAgE&sid=f990c8e44d8a49a026ee40f8b9e3b3a2&aid=304142&ucfs=1&arphpl=1&checkin=2025-03-01&checkout=2025-03-08&dest_id=-372490&dest_type=city&group_adults=2&req_adults=2&no_rooms=1&group_children=0&req_children=0&hpos=17&hapos=575&sr_order=popularity&srpvid=af307f62bb9d0534&srepoch=1738174089&all_sr_blocks=9022833_0_2_0_0&highlighted_blocks=9022833_0_2_0_0&matching_block_id=9022833_0_2_0_0&sr_pri_blocks=9022833_0_2_0_0__365027&from_sustainable_property_sr=1&from=searchresults
Chic and Modern Apartments in Gracia,"Gràcia, Barcelona",https://www.booking.com/hotel/es/friendly-rentals-guell.html?label=gen173nr-1BCAEoggI46AdSAnVzWARoRogBAZgBMbgBGcgBD9gBAegBAYgCAagCA7gC-NjpvAbAAgHSAiQ4ZGVlZWVhMi1mOTI5LTRmOWQtOTk0OC0xMzU5MWFkYWNlODjYAgXgAgE&sid=f990c8e44d8a49a026ee40f8b9e3b3a2&aid=304142&ucfs=1&arphpl=1&checkin=2025-03-01&checkout=2025-03-08&dest_id=-372490&dest_type=city&group_adults=2&req_adults=2&no_rooms=1&group_children=0&req_children=0&hpos=18&hapos=576&sr_order=popularity&srpvid=af307f62bb9d0534&srepoch=1738174089&all_sr_blocks=70100401_334949681_2_0_0&highlighted_blocks=70100401_334949681_2_0_0&matching_block_id=70100401_334949681_2_0_0&sr_pri_blocks=70100401_334949681_2_0_0__200132&from=searchresults
Uma Suites Pau Claris,"Eixample, Barcelona",https://www.booking.com/hotel/es/uma-house-pau-claris.html?label=gen173nr-1BCAEoggI46AdSAnVzWARoRogBAZgBMbgBGcgBD9gBAegBAYgCAagCA7gC-NjpvAbAAgHSAiQ4ZGVlZWVhMi1mOTI5LTRmOWQtOTk0OC0xMzU5MWFkYWNlODjYAgXgAgE&sid=f990c8e44d8a49a026ee40f8b9e3b3a2&aid=304142&ucfs=1&arphpl=1&checkin=2025-03-01&checkout=2025-03-08&dest_id=-372490&dest_type=city&group_adults=2&req_adults=2&no_rooms=1&group_children=0&req_children=0&hpos=19&hapos=577&sr_order=popularity&srpvid=af307f62bb9d0534&srepoch=1738174089&all_sr_blocks=718374605_303455162_2_0_0&highlighted_blocks=718374605_303455162_2_0_0&matching_block_id=718374605_303455162_2_0_0&sr_pri_blocks=718374605_303455162_2_0_0__222301&from=searchresults
Stay U-nique Apartments Provença II,"Eixample, Barcelona",https://www.booking.com/hotel/es/colour-flat-prime-bcn-location-w-balcony.html?label=gen173nr-1BCAEoggI46AdSAnVzWARoRogBAZgBMbgBGcgBD9gBAegBAYgCAagCA7gC-NjpvAbAAgHSAiQ4ZGVlZWVhMi1mOTI5LTRmOWQtOTk0OC0xMzU5MWFkYWNlODjYAgXgAgE&sid=f990c8e44d8a49a026ee40f8b9e3b3a2&aid=304142&ucfs=1&arphpl=1&checkin=2025-03-01&checkout=2025-03-08&dest_id=-372490&dest_type=city&group_adults=2&req_adults=2&no_rooms=1&group_children=0&req_children=0&hpos=20&hapos=578&sr_order=popularity&srpvid=af307f62bb9d0534&srepoch=1738174089&all_sr_blocks=554292901_204811718_0_0_0&highlighted_blocks=554292901_204811718_0_0_0&matching_block_id=554292901_204811718_0_0_0&sr_pri_blocks=554292901_204811718_0_0_0__271082&from=searchresults
Sweett - Ausias Marc,"Eixample, Barcelona",https://www.booking.com/hotel/es/sweet-inn-apartments-ausias-marc.html?label=gen173nr-1BCAEoggI46AdSAnVzWARoRogBAZgBMbgBGcgBD9gBAegBAYgCAagCA7gC-NjpvAbAAgHSAiQ4ZGVlZWVhMi1mOTI5LTRmOWQtOTk0OC0xMzU5MWFkYWNlODjYAgXgAgE&sid=f990c8e44d8a49a026ee40f8b9e3b3a2&aid=304142&ucfs=1&arphpl=1&checkin=2025-03-01&checkout=2025-03-08&dest_id=-372490&dest_type=city&group_adults=2&req_adults=2&no_rooms=1&group_children=0&req_children=0&hpos=21&hapos=579&sr_order=popularity&srpvid=af307f62bb9d0534&srepoch=1738174089&all_sr_blocks=315769401_113716632_4_0_0&highlighted_blocks=315769401_113716632_4_0_0&matching_block_id=315769401_113716632_4_0_0&sr_pri_blocks=315769401_113716632_4_0_0__283897&from=searchresults
Clot market,"Sant Martí, Barcelona",https://www.booking.com/hotel/es/clot-market.html?label=gen173nr-1BCAEoggI46AdSAnVzWARoRogBAZgBMbgBGcgBD9gBAegBAYgCAagCA7gC-NjpvAbAAgHSAiQ4ZGVlZWVhMi1mOTI5LTRmOWQtOTk0OC0xMzU5MWFkYWNlODjYAgXgAgE&sid=f990c8e44d8a49a026ee40f8b9e3b3a2&aid=304142&ucfs=1&arphpl=1&checkin=2025-03-01&checkout=2025-03-08&dest_id=-372490&dest_type=city&group_adults=2&req_adults=2&no_rooms=1&group_children=0&req_children=0&hpos=1&hapos=580&sr_order=popularity&srpvid=af307f62bb9d0534&srepoch=1738174092&all_sr_blocks=816218902_344106606_2_0_0&highlighted_blocks=816218902_344106606_2_0_0&matching_block_id=816218902_344106606_2_0_0&sr_pri_blocks=816218902_344106606_2_0_0__180356&from=searchresults
Casa Mathilda,"Eixample, Barcelona",https://www.booking.com/hotel/es/casa-mathilda.html?label=gen173nr-1BCAEoggI46AdSAnVzWARoRogBAZgBMbgBGcgBD9gBAegBAYgCAagCA7gC-NjpvAbAAgHSAiQ4ZGVlZWVhMi1mOTI5LTRmOWQtOTk0OC0xMzU5MWFkYWNlODjYAgXgAgE&sid=f990c8e44d8a49a026ee40f8b9e3b3a2&aid=304142&ucfs=1&arphpl=1&checkin=2025-03-01&checkout=2025-03-08&dest_id=-372490&dest_type=city&group_adults=2&req_adults=2&no_rooms=1&group_children=0&req_children=0&hpos=2&hapos=581&sr_order=popularity&srpvid=af307f62bb9d0534&srepoch=1738174092&all_sr_blocks=106887008_91945290_2_2_0&highlighted_blocks=106887008_91945290_2_2_0&matching_block_id=106887008_91945290_2_2_0&sr_pri_blocks=106887008_91945290_2_2_0__268693&from_sustainable_property_sr=1&from=searchresults
Alcam Anglesola,"Les Corts, Barcelona",https://www.booking.com/hotel/es/alcam-anglesola.html?label=gen173nr-1BCAEoggI46AdSAnVzWARoRogBAZgBMbgBGcgBD9gBAegBAYgCAagCA7gC-NjpvAbAAgHSAiQ4ZGVlZWVhMi1mOTI5LTRmOWQtOTk0OC0xMzU5MWFkYWNlODjYAgXgAgE&sid=f990c8e44d8a49a026ee40f8b9e3b3a2&aid=304142&ucfs=1&arphpl=1&checkin=2025-03-01&checkout=2025-03-08&dest_id=-372490&dest_type=city&group_adults=2&req_adults=2&no_rooms=1&group_children=0&req_children=0&hpos=3&hapos=582&sr_order=popularity&srpvid=af307f62bb9d0534&srepoch=1738174092&all_sr_blocks=73826201_138739678_0_0_0&highlighted_blocks=73826201_138739678_0_0_0&matching_block_id=73826201_138739678_0_0_0&sr_pri_blocks=73826201_138739678_0_0_0__237575&from=searchresults
Hostal Martinval,"Eixample, Barcelona",https://www.booking.com/hotel/es/hostal-martinval.html?label=gen173nr-1BCAEoggI46AdSAnVzWARoRogBAZgBMbgBGcgBD9gBAegBAYgCAagCA7gC-NjpvAbAAgHSAiQ4ZGVlZWVhMi1mOTI5LTRmOWQtOTk0OC0xMzU5MWFkYWNlODjYAgXgAgE&sid=f990c8e44d8a49a026ee40f8b9e3b3a2&aid=304142&ucfs=1&arphpl=1&checkin=2025-03-01&checkout=2025-03-08&dest_id=-372490&dest_type=city&group_adults=2&req_adults=2&no_rooms=1&group_children=0&req_children=0&hpos=4&hapos=583&sr_order=popularity&srpvid=af307f62bb9d0534&srepoch=1738174092&all_sr_blocks=38775924_88208264_3_0_0&highlighted_blocks=38775924_88208264_3_0_0&matching_block_id=38775924_88208264_3_0_0&sr_pri_blocks=38775924_88208264_3_0_0__195188&from=searchresults
Lodging Apartments Monumumental FREE PARKING,"Eixample, Barcelona",https://www.booking.com/hotel/es/lodging-apartments-monumumental.html?label=gen173nr-1BCAEoggI46AdSAnVzWARoRogBAZgBMbgBGcgBD9gBAegBAYgCAagCA7gC-NjpvAbAAgHSAiQ4ZGVlZWVhMi1mOTI5LTRmOWQtOTk0OC0xMzU5MWFkYWNlODjYAgXgAgE&sid=f990c8e44d8a49a026ee40f8b9e3b3a2&aid=304142&ucfs=1&arphpl=1&checkin=2025-03-01&checkout=2025-03-08&dest_id=-372490&dest_type=city&group_adults=2&req_adults=2&no_rooms=1&group_children=0&req_children=0&hpos=5&hapos=584&sr_order=popularity&srpvid=af307f62bb9d0534&srepoch=1738174092&all_sr_blocks=760321301_333220408_4_0_0&highlighted_blocks=760321301_333220408_4_0_0&matching_block_id=760321301_333220408_4_0_0&sr_pri_blocks=760321301_333220408_4_0_0__332433&from=searchresults
Stay U-nique Apartments Travessera,"Gràcia, Barcelona",https://www.booking.com/hotel/es/bright-family-apartment-with-balcony.html?label=gen173nr-1BCAEoggI46AdSAnVzWARoRogBAZgBMbgBGcgBD9gBAegBAYgCAagCA7gC-NjpvAbAAgHSAiQ4ZGVlZWVhMi1mOTI5LTRmOWQtOTk0OC0xMzU5MWFkYWNlODjYAgXgAgE&sid=f990c8e44d8a49a026ee40f8b9e3b3a2&aid=304142&ucfs=1&arphpl=1&checkin=2025-03-01&checkout=2025-03-08&dest_id=-372490&dest_type=city&group_adults=2&req_adults=2&no_rooms=1&group_children=0&req_children=0&hpos=6&hapos=585&sr_order=popularity&srpvid=af307f62bb9d0534&srepoch=1738174092&all_sr_blocks=723752802_310251050_0_0_0&highlighted_blocks=723752802_310251050_0_0_0&matching_block_id=723752802_310251050_0_0_0&sr_pri_blocks=723752802_310251050_0_0_0__348071&from=searchresults
Click&Flat Seneca Suites,"Gràcia, Barcelona",https://www.booking.com/hotel/es/click-amp-flat-seneca-suites.html?label=gen173nr-1BCAEoggI46AdSAnVzWARoRogBAZgBMbgBGcgBD9gBAegBAYgCAagCA7gC-NjpvAbAAgHSAiQ4ZGVlZWVhMi1mOTI5LTRmOWQtOTk0OC0xMzU5MWFkYWNlODjYAgXgAgE&sid=f990c8e44d8a49a026ee40f8b9e3b3a2&aid=304142&ucfs=1&arphpl=1&checkin=2025-03-01&checkout=2025-03-08&dest_id=-372490&dest_type=city&group_adults=2&req_adults=2&no_rooms=1&group_children=0&req_children=0&hpos=7&hapos=586&sr_order=popularity&srpvid=af307f62bb9d0534&srepoch=1738174092&all_sr_blocks=112384806_330891612_2_0_0&highlighted_blocks=112384806_330891612_2_0_0&matching_block_id=112384806_330891612_2_0_0&sr_pri_blocks=112384806_330891612_2_0_0__274012&from=searchresults
Sweett - Gran Via,"Eixample, Barcelona",https://www.booking.com/hotel/es/sweett-gran-via-barcelona.html?label=gen173nr-1BCAEoggI46AdSAnVzWARoRogBAZgBMbgBGcgBD9gBAegBAYgCAagCA7gC-NjpvAbAAgHSAiQ4ZGVlZWVhMi1mOTI5LTRmOWQtOTk0OC0xMzU5MWFkYWNlODjYAgXgAgE&sid=f990c8e44d8a49a026ee40f8b9e3b3a2&aid=304142&ucfs=1&arphpl=1&checkin=2025-03-01&checkout=2025-03-08&dest_id=-372490&dest_type=city&group_adults=2&req_adults=2&no_rooms=1&group_children=0&req_children=0&hpos=8&hapos=587&sr_order=popularity&srpvid=af307f62bb9d0534&srepoch=1738174092&all_sr_blocks=1301405202_403031940_4_0_0&highlighted_blocks=1301405202_403031940_4_0_0&matching_block_id=1301405202_403031940_4_0_0&sr_pri_blocks=1301405202_403031940_4_0_0__342280&from=searchresults
Izaila Plaza Catalunya,"Eixample, Barcelona",https://www.booking.com/hotel/es/izara-plaza-catalunya.html?label=gen173nr-1BCAEoggI46AdSAnVzWARoRogBAZgBMbgBGcgBD9gBAegBAYgCAagCA7gC-NjpvAbAAgHSAiQ4ZGVlZWVhMi1mOTI5LTRmOWQtOTk0OC0xMzU5MWFkYWNlODjYAgXgAgE&sid=f990c8e44d8a49a026ee40f8b9e3b3a2&aid=304142&ucfs=1&arphpl=1&checkin=2025-03-01&checkout=2025-03-08&dest_id=-372490&dest_type=city&group_adults=2&req_adults=2&no_rooms=1&group_children=0&req_children=0&hpos=9&hapos=588&sr_order=popularity&srpvid=af307f62bb9d0534&srepoch=1738174092&all_sr_blocks=103192202_88507012_2_0_0&highlighted_blocks=103192202_88507012_2_0_0&matching_block_id=103192202_88507012_2_0_0&sr_pri_blocks=103192202_88507012_2_0_0__311843&from=searchresults
rentBCN City Center Apartment,"Sants-Montjuïc, Barcelona",https://www.booking.com/hotel/es/fabulous-flat-in-the-city-center.html?label=gen173nr-1BCAEoggI46AdSAnVzWARoRogBAZgBMbgBGcgBD9gBAegBAYgCAagCA7gC-NjpvAbAAgHSAiQ4ZGVlZWVhMi1mOTI5LTRmOWQtOTk0OC0xMzU5MWFkYWNlODjYAgXgAgE&sid=f990c8e44d8a49a026ee40f8b9e3b3a2&aid=304142&ucfs=1&arphpl=1&checkin=2025-03-01&checkout=2025-03-08&dest_id=-372490&dest_type=city&group_adults=2&req_adults=2&no_rooms=1&group_children=0&req_children=0&hpos=10&hapos=589&sr_order=popularity&srpvid=af307f62bb9d0534&srepoch=1738174092&all_sr_blocks=737130401_328014407_4_0_0&highlighted_blocks=737130401_328014407_4_0_0&matching_block_id=737130401_328014407_4_0_0&sr_pri_blocks=737130401_328014407_4_0_0__277379&from=searchresults
Sweett - Calabria,"Eixample, Barcelona",https://www.booking.com/hotel/es/de-calabria.html?label=gen173nr-1BCAEoggI46AdSAnVzWARoRogBAZgBMbgBGcgBD9gBAegBAYgCAagCA7gC-NjpvAbAAgHSAiQ4ZGVlZWVhMi1mOTI5LTRmOWQtOTk0OC0xMzU5MWFkYWNlODjYAgXgAgE&sid=f990c8e44d8a49a026ee40f8b9e3b3a2&aid=304142&ucfs=1&arphpl=1&checkin=2025-03-01&checkout=2025-03-08&dest_id=-372490&dest_type=city&group_adults=2&req_adults=2&no_rooms=1&group_children=0&req_children=0&hpos=11&hapos=590&sr_order=popularity&srpvid=af307f62bb9d0534&srepoch=1738174092&all_sr_blocks=144931902_89255213_0_0_0&highlighted_blocks=144931902_89255213_0_0_0&matching_block_id=144931902_89255213_0_0_0&sr_pri_blocks=144931902_89255213_0_0_0__288168&from=searchresults
Bcn Town Apartments Born,"Ciutat Vella, Barcelona",https://www.booking.com/hotel/es/bcn-town-apartments-born.html?label=gen173nr-1BCAEoggI46AdSAnVzWARoRogBAZgBMbgBGcgBD9gBAegBAYgCAagCA7gC-NjpvAbAAgHSAiQ4ZGVlZWVhMi1mOTI5LTRmOWQtOTk0OC0xMzU5MWFkYWNlODjYAgXgAgE&sid=f990c8e44d8a49a026ee40f8b9e3b3a2&aid=304142&ucfs=1&arphpl=1&checkin=2025-03-01&checkout=2025-03-08&dest_id=-372490&dest_type=city&group_adults=2&req_adults=2&no_rooms=1&group_children=0&req_children=0&hpos=12&hapos=591&sr_order=popularity&srpvid=af307f62bb9d0534&srepoch=1738174092&all_sr_blocks=35967001_384038220_2_0_0&highlighted_blocks=35967001_384038220_2_0_0&matching_block_id=35967001_384038220_2_0_0&sr_pri_blocks=35967001_384038220_2_0_0__264632&from=searchresults
Classic Plaza Real Apartments,"Ciutat Vella, Barcelona",https://www.booking.com/hotel/es/classic-plaza-real-apartments.html?label=gen173nr-1BCAEoggI46AdSAnVzWARoRogBAZgBMbgBGcgBD9gBAegBAYgCAagCA7gC-NjpvAbAAgHSAiQ4ZGVlZWVhMi1mOTI5LTRmOWQtOTk0OC0xMzU5MWFkYWNlODjYAgXgAgE&sid=f990c8e44d8a49a026ee40f8b9e3b3a2&aid=304142&ucfs=1&arphpl=1&checkin=2025-03-01&checkout=2025-03-08&dest_id=-372490&dest_type=city&group_adults=2&req_adults=2&no_rooms=1&group_children=0&req_children=0&hpos=13&hapos=592&sr_order=popularity&srpvid=af307f62bb9d0534&srepoch=1738174092&all_sr_blocks=1252319301_397732674_2_0_0&highlighted_blocks=1252319301_397732674_2_0_0&matching_block_id=1252319301_397732674_2_0_0&sr_pri_blocks=1252319301_397732674_2_0_0__347132&from=searchresults
Stay U-nique Apartment General Mitre,"Sarrià-St. Gervasi, Barcelona",https://www.booking.com/hotel/es/luminous-apartment-in-ronda-general-mitre.html?label=gen173nr-1BCAEoggI46AdSAnVzWARoRogBAZgBMbgBGcgBD9gBAegBAYgCAagCA7gC-NjpvAbAAgHSAiQ4ZGVlZWVhMi1mOTI5LTRmOWQtOTk0OC0xMzU5MWFkYWNlODjYAgXgAgE&sid=f990c8e44d8a49a026ee40f8b9e3b3a2&aid=304142&ucfs=1&arphpl=1&checkin=2025-03-01&checkout=2025-03-08&dest_id=-372490&dest_type=city&group_adults=2&req_adults=2&no_rooms=1&group_children=0&req_children=0&hpos=14&hapos=593&sr_order=popularity&srpvid=af307f62bb9d0534&srepoch=1738174092&all_sr_blocks=1179018702_390819331_0_0_0&highlighted_blocks=1179018702_390819331_0_0_0&matching_block_id=1179018702_390819331_0_0_0&sr_pri_blocks=1179018702_390819331_0_0_0__272667&from=searchresults
Central Apartment,"Sants-Montjuïc, Barcelona",https://www.booking.com/hotel/es/rentbcn-central.html?label=gen173nr-1BCAEoggI46AdSAnVzWARoRogBAZgBMbgBGcgBD9gBAegBAYgCAagCA7gC-NjpvAbAAgHSAiQ4ZGVlZWVhMi1mOTI5LTRmOWQtOTk0OC0xMzU5MWFkYWNlODjYAgXgAgE&sid=f990c8e44d8a49a026ee40f8b9e3b3a2&aid=304142&ucfs=1&arphpl=1&checkin=2025-03-01&checkout=2025-03-08&dest_id=-372490&dest_type=city&group_adults=2&req_adults=2&no_rooms=1&group_children=0&req_children=0&hpos=15&hapos=594&sr_order=popularity&srpvid=af307f62bb9d0534&srepoch=1738174092&all_sr_blocks=311847101_113132027_4_0_0&highlighted_blocks=311847101_113132027_4_0_0&matching_block_id=311847101_113132027_4_0_0&sr_pri_blocks=311847101_113132027_4_0_0__204711&from=searchresults
Stay U-nique Apartments Aribau II,"Sarrià-St. Gervasi, Barcelona",https://www.booking.com/hotel/es/280-apartments.html?label=gen173nr-1BCAEoggI46AdSAnVzWARoRogBAZgBMbgBGcgBD9gBAegBAYgCAagCA7gC-NjpvAbAAgHSAiQ4ZGVlZWVhMi1mOTI5LTRmOWQtOTk0OC0xMzU5MWFkYWNlODjYAgXgAgE&sid=f990c8e44d8a49a026ee40f8b9e3b3a2&aid=304142&ucfs=1&arphpl=1&checkin=2025-03-01&checkout=2025-03-08&dest_id=-372490&dest_type=city&group_adults=2&req_adults=2&no_rooms=1&group_children=0&req_children=0&hpos=16&hapos=595&sr_order=popularity&srpvid=af307f62bb9d0534&srepoch=1738174092&all_sr_blocks=79370301_247002692_0_0_0&highlighted_blocks=79370301_247002692_0_0_0&matching_block_id=79370301_247002692_0_0_0&sr_pri_blocks=79370301_247002692_0_0_0__290009&from=searchresults
SibsBcn COLISEUM - Cozy and Central,"Eixample, Barcelona",https://www.booking.com/hotel/es/sibs-coliseum-cozy-and-central.html?label=gen173nr-1BCAEoggI46AdSAnVzWARoRogBAZgBMbgBGcgBD9gBAegBAYgCAagCA7gC-NjpvAbAAgHSAiQ4ZGVlZWVhMi1mOTI5LTRmOWQtOTk0OC0xMzU5MWFkYWNlODjYAgXgAgE&sid=f990c8e44d8a49a026ee40f8b9e3b3a2&aid=304142&ucfs=1&arphpl=1&checkin=2025-03-01&checkout=2025-03-08&dest_id=-372490&dest_type=city&group_adults=2&req_adults=2&no_rooms=1&group_children=0&req_children=0&hpos=17&hapos=596&sr_order=popularity&srpvid=af307f62bb9d0534&srepoch=1738174092&all_sr_blocks=424679301_128573080_2_0_0&highlighted_blocks=424679301_128573080_2_0_0&matching_block_id=424679301_128573080_2_0_0&sr_pri_blocks=424679301_128573080_2_0_0__343610&from=searchresults
Bonito apartamento en Gracia,"Gràcia, Barcelona",https://www.booking.com/hotel/es/bonito-apartamento-en-gracia.html?label=gen173nr-1BCAEoggI46AdSAnVzWARoRogBAZgBMbgBGcgBD9gBAegBAYgCAagCA7gC-NjpvAbAAgHSAiQ4ZGVlZWVhMi1mOTI5LTRmOWQtOTk0OC0xMzU5MWFkYWNlODjYAgXgAgE&sid=f990c8e44d8a49a026ee40f8b9e3b3a2&aid=304142&ucfs=1&arphpl=1&checkin=2025-03-01&checkout=2025-03-08&dest_id=-372490&dest_type=city&group_adults=2&req_adults=2&no_rooms=1&group_children=0&req_children=0&hpos=18&hapos=597&sr_order=popularity&srpvid=af307f62bb9d0534&srepoch=1738174092&all_sr_blocks=1244707501_396585032_3_0_0&highlighted_blocks=1244707501_396585032_3_0_0&matching_block_id=1244707501_396585032_3_0_0&sr_pri_blocks=1244707501_396585032_3_0_0__217959&from=searchresults
BacHome Gallery B&B,"Eixample, Barcelona",https://www.booking.com/hotel/es/look-barcelona-bruc.html?label=gen173nr-1BCAEoggI46AdSAnVzWARoRogBAZgBMbgBGcgBD9gBAegBAYgCAagCA7gC-NjpvAbAAgHSAiQ4ZGVlZWVhMi1mOTI5LTRmOWQtOTk0OC0xMzU5MWFkYWNlODjYAgXgAgE&sid=f990c8e44d8a49a026ee40f8b9e3b3a2&aid=304142&ucfs=1&arphpl=1&checkin=2025-03-01&checkout=2025-03-08&dest_id=-372490&dest_type=city&group_adults=2&req_adults=2&no_rooms=1&group_children=0&req_children=0&hpos=19&hapos=598&sr_order=popularity&srpvid=af307f62bb9d0534&srepoch=1738174092&all_sr_blocks=88217004_88506168_0_0_0&highlighted_blocks=88217004_88506168_0_0_0&matching_block_id=88217004_88506168_0_0_0&sr_pri_blocks=88217004_88506168_0_0_0__247100&from=searchresults
True Design in Heart of Noble BCN,"Eixample, Barcelona",https://www.booking.com/hotel/es/the-place-apartments.html?label=gen173nr-1BCAEoggI46AdSAnVzWARoRogBAZgBMbgBGcgBD9gBAegBAYgCAagCA7gC-NjpvAbAAgHSAiQ4ZGVlZWVhMi1mOTI5LTRmOWQtOTk0OC0xMzU5MWFkYWNlODjYAgXgAgE&sid=f990c8e44d8a49a026ee40f8b9e3b3a2&aid=304142&ucfs=1&arphpl=1&checkin=2025-03-01&checkout=2025-03-08&dest_id=-372490&dest_type=city&group_adults=2&req_adults=2&no_rooms=1&group_children=0&req_children=0&hpos=20&hapos=599&sr_order=popularity&srpvid=af307f62bb9d0534&srepoch=1738174092&all_sr_blocks=86821401_88506071_2_0_0&highlighted_blocks=86821401_88506071_2_0_0&matching_block_id=86821401_88506071_2_0_0&sr_pri_blocks=86821401_88506071_2_0_0__284732&from=searchresults
Stay U-nique Apartment Maurici Serrahima,"Gràcia, Barcelona",https://www.booking.com/hotel/es/family-apartment-near-to-plaza-lesseps.html?label=gen173nr-1BCAEoggI46AdSAnVzWARoRogBAZgBMbgBGcgBD9gBAegBAYgCAagCA7gC-NjpvAbAAgHSAiQ4ZGVlZWVhMi1mOTI5LTRmOWQtOTk0OC0xMzU5MWFkYWNlODjYAgXgAgE&sid=f990c8e44d8a49a026ee40f8b9e3b3a2&aid=304142&ucfs=1&arphpl=1&checkin=2025-03-01&checkout=2025-03-08&dest_id=-372490&dest_type=city&group_adults=2&req_adults=2&no_rooms=1&group_children=0&req_children=0&hpos=21&hapos=600&sr_order=popularity&srpvid=af307f62bb9d0534&srepoch=1738174092&all_sr_blocks=985777902_370982831_0_0_0&highlighted_blocks=985777902_370982831_0_0_0&matching_block_id=985777902_370982831_0_0_0&sr_pri_blocks=985777902_370982831_0_0_0__244904&from=searchresults
Apartment Poblenou by Interhome,"Sant Martí, Barcelona",https://www.booking.com/hotel/es/apartment-sant-marti-ramon-turro-rambla-del-poblenou.html?label=gen173nr-1BCAEoggI46AdSAnVzWARoRogBAZgBMbgBGcgBD9gBAegBAYgCAagCA7gC-NjpvAbAAgHSAiQ4ZGVlZWVhMi1mOTI5LTRmOWQtOTk0OC0xMzU5MWFkYWNlODjYAgXgAgE&sid=f990c8e44d8a49a026ee40f8b9e3b3a2&aid=304142&ucfs=1&arphpl=1&checkin=2025-03-01&checkout=2025-03-08&dest_id=-372490&dest_type=city&group_adults=2&req_adults=2&no_rooms=1&group_children=0&req_children=0&hpos=22&hapos=601&sr_order=popularity&srpvid=af307f62bb9d0534&srepoch=1738174092&all_sr_blocks=63568701_295896295_5_0_0&highlighted_blocks=63568701_295896295_5_0_0&matching_block_id=63568701_295896295_5_0_0&sr_pri_blocks=63568701_295896295_5_0_0__212932&from=searchresults
Romantic Apartment with Terrace (52) HUTB: 004806,"Eixample, Barcelona",https://www.booking.com/hotel/es/romantic-apartment-with-terrace-52-hutb-004806.html?label=gen173nr-1BCAEoggI46AdSAnVzWARoRogBAZgBMbgBGcgBD9gBAegBAYgCAagCA7gC-NjpvAbAAgHSAiQ4ZGVlZWVhMi1mOTI5LTRmOWQtOTk0OC0xMzU5MWFkYWNlODjYAgXgAgE&sid=f990c8e44d8a49a026ee40f8b9e3b3a2&aid=304142&ucfs=1&arphpl=1&checkin=2025-03-01&checkout=2025-03-08&dest_id=-372490&dest_type=city&group_adults=2&req_adults=2&no_rooms=1&group_children=0&req_children=0&hpos=23&hapos=602&sr_order=popularity&srpvid=af307f62bb9d0534&srepoch=1738174092&all_sr_blocks=983086001_370752439_2_0_0&highlighted_blocks=983086001_370752439_2_0_0&matching_block_id=983086001_370752439_2_0_0&sr_pri_blocks=983086001_370752439_2_0_0__246365&from=searchresults
Cozy near the Barcelona Camp Nou Stadium,"Les Corts, Barcelona",https://www.booking.com/hotel/es/cozy-near-the-barcelona-camp-nou-stadium.html?label=gen173nr-1BCAEoggI46AdSAnVzWARoRogBAZgBMbgBGcgBD9gBAegBAYgCAagCA7gC-NjpvAbAAgHSAiQ4ZGVlZWVhMi1mOTI5LTRmOWQtOTk0OC0xMzU5MWFkYWNlODjYAgXgAgE&sid=f990c8e44d8a49a026ee40f8b9e3b3a2&aid=304142&ucfs=1&arphpl=1&checkin=2025-03-01&checkout=2025-03-08&dest_id=-372490&dest_type=city&group_adults=2&req_adults=2&no_rooms=1&group_children=0&req_children=0&hpos=24&hapos=603&sr_order=popularity&srpvid=af307f62bb9d0534&srepoch=1738174092&all_sr_blocks=1035797001_376298058_2_0_0&highlighted_blocks=1035797001_376298058_2_0_0&matching_block_id=1035797001_376298058_2_0_0&sr_pri_blocks=1035797001_376298058_2_0_0__219500&from=searchresults
Enjoy Apartments Montserrat Boutique Apartment in Eixample,"Eixample, Barcelona",https://www.booking.com/hotel/es/bc0ga001ac-francescas-chic-place-in-eixample.html?label=gen173nr-1BCAEoggI46AdSAnVzWARoRogBAZgBMbgBGcgBD9gBAegBAYgCAagCA7gC-NjpvAbAAgHSAiQ4ZGVlZWVhMi1mOTI5LTRmOWQtOTk0OC0xMzU5MWFkYWNlODjYAgXgAgE&sid=f990c8e44d8a49a026ee40f8b9e3b3a2&aid=304142&ucfs=1&arphpl=1&checkin=2025-03-01&checkout=2025-03-08&dest_id=-372490&dest_type=city&group_adults=2&req_adults=2&no_rooms=1&group_children=0&req_children=0&hpos=1&hapos=604&sr_order=popularity&srpvid=af307f62bb9d0534&srepoch=1738174096&all_sr_blocks=1104494502_383725466_4_0_0&highlighted_blocks=1104494502_383725466_4_0_0&matching_block_id=1104494502_383725466_4_0_0&sr_pri_blocks=1104494502_383725466_4_0_0__359072&from=searchresults
Bruc & Bruc,"Eixample, Barcelona",https://www.booking.com/hotel/es/bruc-amp-bruc.html?label=gen173nr-1BCAEoggI46AdSAnVzWARoRogBAZgBMbgBGcgBD9gBAegBAYgCAagCA7gC-NjpvAbAAgHSAiQ4ZGVlZWVhMi1mOTI5LTRmOWQtOTk0OC0xMzU5MWFkYWNlODjYAgXgAgE&sid=f990c8e44d8a49a026ee40f8b9e3b3a2&aid=304142&ucfs=1&arphpl=1&checkin=2025-03-01&checkout=2025-03-08&dest_id=-372490&dest_type=city&group_adults=2&req_adults=2&no_rooms=1&group_children=0&req_children=0&hpos=2&hapos=605&sr_order=popularity&srpvid=af307f62bb9d0534&srepoch=1738174096&all_sr_blocks=112880502_332352779_2_0_0&highlighted_blocks=112880502_332352779_2_0_0&matching_block_id=112880502_332352779_2_0_0&sr_pri_blocks=112880502_332352779_2_0_0__128898&from=searchresults
Sweett - Plaza Espana Fira,"Eixample, Barcelona",https://www.booking.com/hotel/es/sweet-inn-apartments-plaza-espana-fira.html?label=gen173nr-1BCAEoggI46AdSAnVzWARoRogBAZgBMbgBGcgBD9gBAegBAYgCAagCA7gC-NjpvAbAAgHSAiQ4ZGVlZWVhMi1mOTI5LTRmOWQtOTk0OC0xMzU5MWFkYWNlODjYAgXgAgE&sid=f990c8e44d8a49a026ee40f8b9e3b3a2&aid=304142&ucfs=1&arphpl=1&checkin=2025-03-01&checkout=2025-03-08&dest_id=-372490&dest_type=city&group_adults=2&req_adults=2&no_rooms=1&group_children=0&req_children=0&hpos=3&hapos=606&sr_order=popularity&srpvid=af307f62bb9d0534&srepoch=1738174096&all_sr_blocks=283691501_107666082_5_0_0&highlighted_blocks=283691501_107666082_5_0_0&matching_block_id=283691501_107666082_5_0_0&sr_pri_blocks=283691501_107666082_5_0_0__310915&from=searchresults
Colors,"Horta-Guinardó, Barcelona",https://www.booking.com/hotel/es/colors.html?label=gen173nr-1BCAEoggI46AdSAnVzWARoRogBAZgBMbgBGcgBD9gBAegBAYgCAagCA7gC-NjpvAbAAgHSAiQ4ZGVlZWVhMi1mOTI5LTRmOWQtOTk0OC0xMzU5MWFkYWNlODjYAgXgAgE&sid=f990c8e44d8a49a026ee40f8b9e3b3a2&aid=304142&ucfs=1&arphpl=1&checkin=2025-03-01&checkout=2025-03-08&dest_id=-372490&dest_type=city&group_adults=2&req_adults=2&no_rooms=1&group_children=0&req_children=0&hpos=4&hapos=607&sr_order=popularity&srpvid=af307f62bb9d0534&srepoch=1738174096&all_sr_blocks=9393605_340992747_2_2_0&highlighted_blocks=9393605_340992747_2_2_0&matching_block_id=9393605_340992747_2_2_0&sr_pri_blocks=9393605_340992747_2_2_0__114118&from=searchresults
Apartamentos Amoblados Barcelona España,"Eixample, Barcelona",https://www.booking.com/hotel/es/apartamentos-amoblados-barcelona-espana.html?label=gen173nr-1BCAEoggI46AdSAnVzWARoRogBAZgBMbgBGcgBD9gBAegBAYgCAagCA7gC-NjpvAbAAgHSAiQ4ZGVlZWVhMi1mOTI5LTRmOWQtOTk0OC0xMzU5MWFkYWNlODjYAgXgAgE&sid=f990c8e44d8a49a026ee40f8b9e3b3a2&aid=304142&ucfs=1&arphpl=1&checkin=2025-03-01&checkout=2025-03-08&dest_id=-372490&dest_type=city&group_adults=2&req_adults=2&no_rooms=1&group_children=0&req_children=0&hpos=5&hapos=608&sr_order=popularity&srpvid=af307f62bb9d0534&srepoch=1738174096&all_sr_blocks=1261918801_398810510_2_0_0&highlighted_blocks=1261918801_398810510_2_0_0&matching_block_id=1261918801_398810510_2_0_0&sr_pri_blocks=1261918801_398810510_2_0_0__348009&from=searchresults
Stay U-nique Apartments Rambla Catalunya VI,"Eixample, Barcelona",https://www.booking.com/hotel/es/barcelona-3-bed-central-apartment.html?label=gen173nr-1BCAEoggI46AdSAnVzWARoRogBAZgBMbgBGcgBD9gBAegBAYgCAagCA7gC-NjpvAbAAgHSAiQ4ZGVlZWVhMi1mOTI5LTRmOWQtOTk0OC0xMzU5MWFkYWNlODjYAgXgAgE&sid=f990c8e44d8a49a026ee40f8b9e3b3a2&aid=304142&ucfs=1&arphpl=1&checkin=2025-03-01&checkout=2025-03-08&dest_id=-372490&dest_type=city&group_adults=2&req_adults=2&no_rooms=1&group_children=0&req_children=0&hpos=6&hapos=609&sr_order=popularity&srpvid=af307f62bb9d0534&srepoch=1738174096&all_sr_blocks=1213056602_393512374_0_0_0&highlighted_blocks=1213056602_393512374_0_0_0&matching_block_id=1213056602_393512374_0_0_0&sr_pri_blocks=1213056602_393512374_0_0_0__448708&from=searchresults
Stay U-nique Apartments Tordera,"Gràcia, Barcelona",https://www.booking.com/hotel/es/3bed2bath-duplex-in-the-heart-of-gracia.html?label=gen173nr-1BCAEoggI46AdSAnVzWARoRogBAZgBMbgBGcgBD9gBAegBAYgCAagCA7gC-NjpvAbAAgHSAiQ4ZGVlZWVhMi1mOTI5LTRmOWQtOTk0OC0xMzU5MWFkYWNlODjYAgXgAgE&sid=f990c8e44d8a49a026ee40f8b9e3b3a2&aid=304142&ucfs=1&arphpl=1&checkin=2025-03-01&checkout=2025-03-08&dest_id=-372490&dest_type=city&group_adults=2&req_adults=2&no_rooms=1&group_children=0&req_children=0&hpos=7&hapos=610&sr_order=popularity&srpvid=af307f62bb9d0534&srepoch=1738174096&all_sr_blocks=764601802_334025264_0_0_0&highlighted_blocks=764601802_334025264_0_0_0&matching_block_id=764601802_334025264_0_0_0&sr_pri_blocks=764601802_334025264_0_0_0__224465&from=searchresults
Ola Living Sagrada Familia,"Eixample, Barcelona",https://www.booking.com/hotel/es/casa-vila.html?label=gen173nr-1BCAEoggI46AdSAnVzWARoRogBAZgBMbgBGcgBD9gBAegBAYgCAagCA7gC-NjpvAbAAgHSAiQ4ZGVlZWVhMi1mOTI5LTRmOWQtOTk0OC0xMzU5MWFkYWNlODjYAgXgAgE&sid=f990c8e44d8a49a026ee40f8b9e3b3a2&aid=304142&ucfs=1&arphpl=1&checkin=2025-03-01&checkout=2025-03-08&dest_id=-372490&dest_type=city&group_adults=2&req_adults=2&no_rooms=1&group_children=0&req_children=0&hpos=8&hapos=611&sr_order=popularity&srpvid=af307f62bb9d0534&srepoch=1738174096&all_sr_blocks=110721902_88508285_4_0_0&highlighted_blocks=110721902_88508285_4_0_0&matching_block_id=110721902_88508285_4_0_0&sr_pri_blocks=110721902_88508285_4_0_0__414092&from=searchresults
Estudio con balcon Plaza España,"Sants-Montjuïc, Barcelona",https://www.booking.com/hotel/es/loft-plaza-espana.html?label=gen173nr-1BCAEoggI46AdSAnVzWARoRogBAZgBMbgBGcgBD9gBAegBAYgCAagCA7gC-NjpvAbAAgHSAiQ4ZGVlZWVhMi1mOTI5LTRmOWQtOTk0OC0xMzU5MWFkYWNlODjYAgXgAgE&sid=f990c8e44d8a49a026ee40f8b9e3b3a2&aid=304142&ucfs=1&arphpl=1&checkin=2025-03-01&checkout=2025-03-08&dest_id=-372490&dest_type=city&group_adults=2&req_adults=2&no_rooms=1&group_children=0&req_children=0&hpos=9&hapos=612&sr_order=popularity&srpvid=af307f62bb9d0534&srepoch=1738174096&all_sr_blocks=356346101_403131018_2_0_0&highlighted_blocks=356346101_403131018_2_0_0&matching_block_id=356346101_403131018_2_0_0&sr_pri_blocks=356346101_403131018_2_0_0__186652&from=searchresults
Flaugier Apartments 33,"Horta-Guinardó, Barcelona",https://www.booking.com/hotel/es/apartments-flaugier.html?label=gen173nr-1BCAEoggI46AdSAnVzWARoRogBAZgBMbgBGcgBD9gBAegBAYgCAagCA7gC-NjpvAbAAgHSAiQ4ZGVlZWVhMi1mOTI5LTRmOWQtOTk0OC0xMzU5MWFkYWNlODjYAgXgAgE&sid=f990c8e44d8a49a026ee40f8b9e3b3a2&aid=304142&ucfs=1&arphpl=1&checkin=2025-03-01&checkout=2025-03-08&dest_id=-372490&dest_type=city&group_adults=2&req_adults=2&no_rooms=1&group_children=0&req_children=0&hpos=10&hapos=613&sr_order=popularity&srpvid=af307f62bb9d0534&srepoch=1738174096&all_sr_blocks=103893703_329655748_3_0_0&highlighted_blocks=103893703_329655748_3_0_0&matching_block_id=103893703_329655748_3_0_0&sr_pri_blocks=103893703_329655748_3_0_0__311513&from=searchresults
Sweett - Atic Eloi,"Eixample, Barcelona",https://www.booking.com/hotel/es/sweet-inn-apartments-atic-sagrada.html?label=gen173nr-1BCAEoggI46AdSAnVzWARoRogBAZgBMbgBGcgBD9gBAegBAYgCAagCA7gC-NjpvAbAAgHSAiQ4ZGVlZWVhMi1mOTI5LTRmOWQtOTk0OC0xMzU5MWFkYWNlODjYAgXgAgE&sid=f990c8e44d8a49a026ee40f8b9e3b3a2&aid=304142&ucfs=1&arphpl=1&checkin=2025-03-01&checkout=2025-03-08&dest_id=-372490&dest_type=city&group_adults=2&req_adults=2&no_rooms=1&group_children=0&req_children=0&hpos=11&hapos=614&sr_order=popularity&srpvid=af307f62bb9d0534&srepoch=1738174096&all_sr_blocks=220698701_97991719_5_0_0&highlighted_blocks=220698701_97991719_5_0_0&matching_block_id=220698701_97991719_5_0_0&sr_pri_blocks=220698701_97991719_5_0_0__340258&from=searchresults
Stay U-nique Apartment Rossello II,"Gràcia, Barcelona",https://www.booking.com/hotel/es/cozy-apt-in-eixample.html?label=gen173nr-1BCAEoggI46AdSAnVzWARoRogBAZgBMbgBGcgBD9gBAegBAYgCAagCA7gC-NjpvAbAAgHSAiQ4ZGVlZWVhMi1mOTI5LTRmOWQtOTk0OC0xMzU5MWFkYWNlODjYAgXgAgE&sid=f990c8e44d8a49a026ee40f8b9e3b3a2&aid=304142&ucfs=1&arphpl=1&checkin=2025-03-01&checkout=2025-03-08&dest_id=-372490&dest_type=city&group_adults=2&req_adults=2&no_rooms=1&group_children=0&req_children=0&hpos=12&hapos=615&sr_order=popularity&srpvid=af307f62bb9d0534&srepoch=1738174096&all_sr_blocks=1170138403_389629828_0_0_0&highlighted_blocks=1170138403_389629828_0_0_0&matching_block_id=1170138403_389629828_0_0_0&sr_pri_blocks=1170138403_389629828_0_0_0__265972&from=searchresults
Apartment Sagrada Familia- Rossello by Interhome,"Eixample, Barcelona",https://www.booking.com/hotel/es/apartment-sagrada-familia-rossello.html?label=gen173nr-1BCAEoggI46AdSAnVzWARoRogBAZgBMbgBGcgBD9gBAegBAYgCAagCA7gC-NjpvAbAAgHSAiQ4ZGVlZWVhMi1mOTI5LTRmOWQtOTk0OC0xMzU5MWFkYWNlODjYAgXgAgE&sid=f990c8e44d8a49a026ee40f8b9e3b3a2&aid=304142&ucfs=1&arphpl=1&checkin=2025-03-01&checkout=2025-03-08&dest_id=-372490&dest_type=city&group_adults=2&req_adults=2&no_rooms=1&group_children=0&req_children=0&hpos=13&hapos=616&sr_order=popularity&srpvid=af307f62bb9d0534&srepoch=1738174096&all_sr_blocks=994114702_372337719_5_0_0&highlighted_blocks=994114702_372337719_5_0_0&matching_block_id=994114702_372337719_5_0_0&sr_pri_blocks=994114702_372337719_5_0_0__225632&from=searchresults
Stay Unique Apartments Corsega,"Gràcia, Barcelona",https://www.booking.com/hotel/es/modern-and-bright-apartment-in-vila-de-gracia-for-4-people.html?label=gen173nr-1BCAEoggI46AdSAnVzWARoRogBAZgBMbgBGcgBD9gBAegBAYgCAagCA7gC-NjpvAbAAgHSAiQ4ZGVlZWVhMi1mOTI5LTRmOWQtOTk0OC0xMzU5MWFkYWNlODjYAgXgAgE&sid=f990c8e44d8a49a026ee40f8b9e3b3a2&aid=304142&ucfs=1&arphpl=1&checkin=2025-03-01&checkout=2025-03-08&dest_id=-372490&dest_type=city&group_adults=2&req_adults=2&no_rooms=1&group_children=0&req_children=0&hpos=14&hapos=617&sr_order=popularity&srpvid=af307f62bb9d0534&srepoch=1738174096&all_sr_blocks=723754702_310252710_0_0_0&highlighted_blocks=723754702_310252710_0_0_0&matching_block_id=723754702_310252710_0_0_0&sr_pri_blocks=723754702_310252710_0_0_0__223152&from=searchresults
Barcelona City Seven,"Sarrià-St. Gervasi, Barcelona",https://www.booking.com/hotel/es/barcelona-city-seven.html?label=gen173nr-1BCAEoggI46AdSAnVzWARoRogBAZgBMbgBGcgBD9gBAegBAYgCAagCA7gC-NjpvAbAAgHSAiQ4ZGVlZWVhMi1mOTI5LTRmOWQtOTk0OC0xMzU5MWFkYWNlODjYAgXgAgE&sid=f990c8e44d8a49a026ee40f8b9e3b3a2&aid=304142&ucfs=1&arphpl=1&checkin=2025-03-01&checkout=2025-03-08&dest_id=-372490&dest_type=city&group_adults=2&req_adults=2&no_rooms=1&group_children=0&req_children=0&hpos=15&hapos=618&sr_order=popularity&srpvid=af307f62bb9d0534&srepoch=1738174096&all_sr_blocks=47646908_132583505_2_2_0&highlighted_blocks=47646908_132583505_2_2_0&matching_block_id=47646908_132583505_2_2_0&sr_pri_blocks=47646908_132583505_2_2_0__152896&from=searchresults
Canela Homes BARCELONA FLORIDABLANCA,"Eixample, Barcelona",https://www.booking.com/hotel/es/canela-homes-barcelona-floridablanca.html?label=gen173nr-1BCAEoggI46AdSAnVzWARoRogBAZgBMbgBGcgBD9gBAegBAYgCAagCA7gC-NjpvAbAAgHSAiQ4ZGVlZWVhMi1mOTI5LTRmOWQtOTk0OC0xMzU5MWFkYWNlODjYAgXgAgE&sid=f990c8e44d8a49a026ee40f8b9e3b3a2&aid=304142&ucfs=1&arphpl=1&checkin=2025-03-01&checkout=2025-03-08&dest_id=-372490&dest_type=city&group_adults=2&req_adults=2&no_rooms=1&group_children=0&req_children=0&hpos=16&hapos=619&sr_order=popularity&srpvid=af307f62bb9d0534&srepoch=1738174096&all_sr_blocks=1174266001_390004089_4_0_0&highlighted_blocks=1174266001_390004089_4_0_0&matching_block_id=1174266001_390004089_4_0_0&sr_pri_blocks=1174266001_390004089_4_0_0__336186&from=searchresults
Sweett - Raco,"Eixample, Barcelona",https://www.booking.com/hotel/es/sweet-inn-apartment-raco.html?label=gen173nr-1BCAEoggI46AdSAnVzWARoRogBAZgBMbgBGcgBD9gBAegBAYgCAagCA7gC-NjpvAbAAgHSAiQ4ZGVlZWVhMi1mOTI5LTRmOWQtOTk0OC0xMzU5MWFkYWNlODjYAgXgAgE&sid=f990c8e44d8a49a026ee40f8b9e3b3a2&aid=304142&ucfs=1&arphpl=1&checkin=2025-03-01&checkout=2025-03-08&dest_id=-372490&dest_type=city&group_adults=2&req_adults=2&no_rooms=1&group_children=0&req_children=0&hpos=17&hapos=620&sr_order=popularity&srpvid=af307f62bb9d0534&srepoch=1738174096&all_sr_blocks=183832701_91700946_0_0_0&highlighted_blocks=183832701_91700946_0_0_0&matching_block_id=183832701_91700946_0_0_0&sr_pri_blocks=183832701_91700946_0_0_0__270337&from=searchresults
Stay U-nique Apartments Sardenya,"Gràcia, Barcelona",https://www.booking.com/hotel/es/apartment-with-private-terrace-and-amazing-view.html?label=gen173nr-1BCAEoggI46AdSAnVzWARoRogBAZgBMbgBGcgBD9gBAegBAYgCAagCA7gC-NjpvAbAAgHSAiQ4ZGVlZWVhMi1mOTI5LTRmOWQtOTk0OC0xMzU5MWFkYWNlODjYAgXgAgE&sid=f990c8e44d8a49a026ee40f8b9e3b3a2&aid=304142&ucfs=1&arphpl=1&checkin=2025-03-01&checkout=2025-03-08&dest_id=-372490&dest_type=city&group_adults=2&req_adults=2&no_rooms=1&group_children=0&req_children=0&hpos=18&hapos=621&sr_order=popularity&srpvid=af307f62bb9d0534&srepoch=1738174096&all_sr_blocks=723752602_310249408_0_0_0&highlighted_blocks=723752602_310249408_0_0_0&matching_block_id=723752602_310249408_0_0_0&sr_pri_blocks=723752602_310249408_0_0_0__234307&from=searchresults
AB Rossello Center Terrace,"Eixample, Barcelona",https://www.booking.com/hotel/es/1782-rossello-center-terrace.html?label=gen173nr-1BCAEoggI46AdSAnVzWARoRogBAZgBMbgBGcgBD9gBAegBAYgCAagCA7gC-NjpvAbAAgHSAiQ4ZGVlZWVhMi1mOTI5LTRmOWQtOTk0OC0xMzU5MWFkYWNlODjYAgXgAgE&sid=f990c8e44d8a49a026ee40f8b9e3b3a2&aid=304142&ucfs=1&arphpl=1&checkin=2025-03-01&checkout=2025-03-08&dest_id=-372490&dest_type=city&group_adults=2&req_adults=2&no_rooms=1&group_children=0&req_children=0&hpos=19&hapos=622&sr_order=popularity&srpvid=af307f62bb9d0534&srepoch=1738174096&all_sr_blocks=649449402_265966246_3_0_0&highlighted_blocks=649449402_265966246_3_0_0&matching_block_id=649449402_265966246_3_0_0&sr_pri_blocks=649449402_265966246_3_0_0__200992&from=searchresults
Buba House,"Eixample, Barcelona",https://www.booking.com/hotel/es/buba-house.html?label=gen173nr-1BCAEoggI46AdSAnVzWARoRogBAZgBMbgBGcgBD9gBAegBAYgCAagCA7gC-NjpvAbAAgHSAiQ4ZGVlZWVhMi1mOTI5LTRmOWQtOTk0OC0xMzU5MWFkYWNlODjYAgXgAgE&sid=f990c8e44d8a49a026ee40f8b9e3b3a2&aid=304142&ucfs=1&arphpl=1&checkin=2025-03-01&checkout=2025-03-08&dest_id=-372490&dest_type=city&group_adults=2&req_adults=2&no_rooms=1&group_children=0&req_children=0&hpos=20&hapos=623&sr_order=popularity&srpvid=af307f62bb9d0534&srepoch=1738174096&all_sr_blocks=35412401_0_2_0_0&highlighted_blocks=35412401_0_2_0_0&matching_block_id=35412401_0_2_0_0&sr_pri_blocks=35412401_0_2_0_0__163946&from=searchresults
Les Corts Exclusive Apartments by Olala Homes,"Les Corts, Barcelona",https://www.booking.com/hotel/es/new-exclusive-flat-in-les-corts.html?label=gen173nr-1BCAEoggI46AdSAnVzWARoRogBAZgBMbgBGcgBD9gBAegBAYgCAagCA7gC-NjpvAbAAgHSAiQ4ZGVlZWVhMi1mOTI5LTRmOWQtOTk0OC0xMzU5MWFkYWNlODjYAgXgAgE&sid=f990c8e44d8a49a026ee40f8b9e3b3a2&aid=304142&ucfs=1&arphpl=1&checkin=2025-03-01&checkout=2025-03-08&dest_id=-372490&dest_type=city&group_adults=2&req_adults=2&no_rooms=1&group_children=0&req_children=0&hpos=21&hapos=624&sr_order=popularity&srpvid=af307f62bb9d0534&srepoch=1738174096&all_sr_blocks=112626702_372436946_2_0_0&highlighted_blocks=112626702_372436946_2_0_0&matching_block_id=112626702_372436946_2_0_0&sr_pri_blocks=112626702_372436946_2_0_0__277798&from=searchresults
Durlet Rambla Mar Apartments,"Sant Martí, Barcelona",https://www.booking.com/hotel/es/durlet-apartments.html?label=gen173nr-1BCAEoggI46AdSAnVzWARoRogBAZgBMbgBGcgBD9gBAegBAYgCAagCA7gC-NjpvAbAAgHSAiQ4ZGVlZWVhMi1mOTI5LTRmOWQtOTk0OC0xMzU5MWFkYWNlODjYAgXgAgE&sid=f990c8e44d8a49a026ee40f8b9e3b3a2&aid=304142&ucfs=1&arphpl=1&checkin=2025-03-01&checkout=2025-03-08&dest_id=-372490&dest_type=city&group_adults=2&req_adults=2&no_rooms=1&group_children=0&req_children=0&hpos=22&hapos=625&sr_order=popularity&srpvid=af307f62bb9d0534&srepoch=1738174096&all_sr_blocks=117446103_88509372_4_0_0&highlighted_blocks=117446103_88509372_4_0_0&matching_block_id=117446103_88509372_4_0_0&sr_pri_blocks=117446103_88509372_4_0_0__313215&from=searchresults
Fisa Rentals Aribau,"Eixample, Barcelona",https://www.booking.com/hotel/es/fisa-rentals-aribau.html?label=gen173nr-1BCAEoggI46AdSAnVzWARoRogBAZgBMbgBGcgBD9gBAegBAYgCAagCA7gC-NjpvAbAAgHSAiQ4ZGVlZWVhMi1mOTI5LTRmOWQtOTk0OC0xMzU5MWFkYWNlODjYAgXgAgE&sid=f990c8e44d8a49a026ee40f8b9e3b3a2&aid=304142&ucfs=1&arphpl=1&checkin=2025-03-01&checkout=2025-03-08&dest_id=-372490&dest_type=city&group_adults=2&req_adults=2&no_rooms=1&group_children=0&req_children=0&hpos=23&hapos=626&sr_order=popularity&srpvid=af307f62bb9d0534&srepoch=1738174096&all_sr_blocks=239925201_125280204_3_0_0&highlighted_blocks=239925201_125280204_3_0_0&matching_block_id=239925201_125280204_3_0_0&sr_pri_blocks=239925201_125280204_3_0_0__287480&from=searchresults
Glasir Apartments Barcelona,"Les Corts, Barcelona",https://www.booking.com/hotel/es/desing-apartment-les-corts.html?label=gen173nr-1BCAEoggI46AdSAnVzWARoRogBAZgBMbgBGcgBD9gBAegBAYgCAagCA7gC-NjpvAbAAgHSAiQ4ZGVlZWVhMi1mOTI5LTRmOWQtOTk0OC0xMzU5MWFkYWNlODjYAgXgAgE&sid=f990c8e44d8a49a026ee40f8b9e3b3a2&aid=304142&ucfs=1&arphpl=1&checkin=2025-03-01&checkout=2025-03-08&dest_id=-372490&dest_type=city&group_adults=2&req_adults=2&no_rooms=1&group_children=0&req_children=0&hpos=24&hapos=627&sr_order=popularity&srpvid=af307f62bb9d0534&srepoch=1738174096&all_sr_blocks=129652808_88510838_2_0_0&highlighted_blocks=129652808_88510838_2_0_0&matching_block_id=129652808_88510838_2_0_0&sr_pri_blocks=129652808_88510838_2_0_0__324632&from=searchresults
AinB B&B Eixample-Muntaner,"Eixample, Barcelona",https://www.booking.com/hotel/es/apartments-in-barcelona-muntaner.html?label=gen173nr-1BCAEoggI46AdSAnVzWARoRogBAZgBMbgBGcgBD9gBAegBAYgCAagCA7gC-NjpvAbAAgHSAiQ4ZGVlZWVhMi1mOTI5LTRmOWQtOTk0OC0xMzU5MWFkYWNlODjYAgXgAgE&sid=f990c8e44d8a49a026ee40f8b9e3b3a2&aid=304142&ucfs=1&arphpl=1&checkin=2025-03-01&checkout=2025-03-08&dest_id=-372490&dest_type=city&group_adults=2&req_adults=2&no_rooms=1&group_children=0&req_children=0&hpos=1&hapos=628&sr_order=popularity&srpvid=af307f62bb9d0534&srepoch=1738174099&all_sr_blocks=9777001_91463369_2_1_0&highlighted_blocks=9777001_91463369_2_1_0&matching_block_id=9777001_91463369_2_1_0&sr_pri_blocks=9777001_91463369_2_1_0__250740&from=searchresults
Classic Palau Apartments,"Ciutat Vella, Barcelona",https://www.booking.com/hotel/es/classic-palau-apartments.html?label=gen173nr-1BCAEoggI46AdSAnVzWARoRogBAZgBMbgBGcgBD9gBAegBAYgCAagCA7gC-NjpvAbAAgHSAiQ4ZGVlZWVhMi1mOTI5LTRmOWQtOTk0OC0xMzU5MWFkYWNlODjYAgXgAgE&sid=f990c8e44d8a49a026ee40f8b9e3b3a2&aid=304142&ucfs=1&arphpl=1&checkin=2025-03-01&checkout=2025-03-08&dest_id=-372490&dest_type=city&group_adults=2&req_adults=2&no_rooms=1&group_children=0&req_children=0&hpos=2&hapos=629&sr_order=popularity&srpvid=af307f62bb9d0534&srepoch=1738174099&all_sr_blocks=1236456703_395576685_0_0_0&highlighted_blocks=1236456703_395576685_0_0_0&matching_block_id=1236456703_395576685_0_0_0&sr_pri_blocks=1236456703_395576685_0_0_0__369632&from=searchresults
"Light, cozy terrace and local life in Gracia","Gràcia, Barcelona",https://www.booking.com/hotel/es/gracia14.html?label=gen173nr-1BCAEoggI46AdSAnVzWARoRogBAZgBMbgBGcgBD9gBAegBAYgCAagCA7gC-NjpvAbAAgHSAiQ4ZGVlZWVhMi1mOTI5LTRmOWQtOTk0OC0xMzU5MWFkYWNlODjYAgXgAgE&sid=f990c8e44d8a49a026ee40f8b9e3b3a2&aid=304142&ucfs=1&arphpl=1&checkin=2025-03-01&checkout=2025-03-08&dest_id=-372490&dest_type=city&group_adults=2&req_adults=2&no_rooms=1&group_children=0&req_children=0&hpos=3&hapos=630&sr_order=popularity&srpvid=af307f62bb9d0534&srepoch=1738174099&all_sr_blocks=647616402_400080757_0_0_0&highlighted_blocks=647616402_400080757_0_0_0&matching_block_id=647616402_400080757_0_0_0&sr_pri_blocks=647616402_400080757_0_0_0__257336&from=searchresults
Alojamiento Parrales,"Eixample, Barcelona",https://www.booking.com/hotel/es/alojamiento-parrales.html?label=gen173nr-1BCAEoggI46AdSAnVzWARoRogBAZgBMbgBGcgBD9gBAegBAYgCAagCA7gC-NjpvAbAAgHSAiQ4ZGVlZWVhMi1mOTI5LTRmOWQtOTk0OC0xMzU5MWFkYWNlODjYAgXgAgE&sid=f990c8e44d8a49a026ee40f8b9e3b3a2&aid=304142&ucfs=1&arphpl=1&checkin=2025-03-01&checkout=2025-03-08&dest_id=-372490&dest_type=city&group_adults=2&req_adults=2&no_rooms=1&group_children=0&req_children=0&hpos=4&hapos=631&sr_order=popularity&srpvid=af307f62bb9d0534&srepoch=1738174099&all_sr_blocks=1310797203_403853545_2_0_0&highlighted_blocks=1310797203_403853545_2_0_0&matching_block_id=1310797203_403853545_2_0_0&sr_pri_blocks=1310797203_403853545_2_0_0__93325&from=searchresults
Hotel Miramar Barcelona GL,"Sants-Montjuïc, Barcelona",https://www.booking.com/hotel/es/miramar-barcelona.html?label=gen173nr-1BCAEoggI46AdSAnVzWARoRogBAZgBMbgBGcgBD9gBAegBAYgCAagCA7gC-NjpvAbAAgHSAiQ4ZGVlZWVhMi1mOTI5LTRmOWQtOTk0OC0xMzU5MWFkYWNlODjYAgXgAgE&sid=f990c8e44d8a49a026ee40f8b9e3b3a2&aid=304142&ucfs=1&arphpl=1&checkin=2025-03-01&checkout=2025-03-08&dest_id=-372490&dest_type=city&group_adults=2&req_adults=2&no_rooms=1&group_children=0&req_children=0&hpos=5&hapos=632&sr_order=popularity&srpvid=af307f62bb9d0534&srepoch=1738174099&all_sr_blocks=9407001_88195436_0_2_0&highlighted_blocks=9407001_88195436_0_2_0&matching_block_id=9407001_88195436_0_2_0&sr_pri_blocks=9407001_88195436_0_2_0__476991&from_sustainable_property_sr=1&from=searchresults
Stay U-nique Apartments Murillo,"Sants-Montjuïc, Barcelona",https://www.booking.com/hotel/es/apartment-with-city-views-in-carrer-murillo.html?label=gen173nr-1BCAEoggI46AdSAnVzWARoRogBAZgBMbgBGcgBD9gBAegBAYgCAagCA7gC-NjpvAbAAgHSAiQ4ZGVlZWVhMi1mOTI5LTRmOWQtOTk0OC0xMzU5MWFkYWNlODjYAgXgAgE&sid=f990c8e44d8a49a026ee40f8b9e3b3a2&aid=304142&ucfs=1&arphpl=1&checkin=2025-03-01&checkout=2025-03-08&dest_id=-372490&dest_type=city&group_adults=2&req_adults=2&no_rooms=1&group_children=0&req_children=0&hpos=6&hapos=633&sr_order=popularity&srpvid=af307f62bb9d0534&srepoch=1738174099&all_sr_blocks=925702102_364372190_0_0_0&highlighted_blocks=925702102_364372190_0_0_0&matching_block_id=925702102_364372190_0_0_0&sr_pri_blocks=925702102_364372190_0_0_0__224419&from=searchresults
No Limit Barcelona Central,"Eixample, Barcelona",https://www.booking.com/hotel/es/ona-paseo-de-gracia.html?label=gen173nr-1BCAEoggI46AdSAnVzWARoRogBAZgBMbgBGcgBD9gBAegBAYgCAagCA7gC-NjpvAbAAgHSAiQ4ZGVlZWVhMi1mOTI5LTRmOWQtOTk0OC0xMzU5MWFkYWNlODjYAgXgAgE&sid=f990c8e44d8a49a026ee40f8b9e3b3a2&aid=304142&ucfs=1&arphpl=1&checkin=2025-03-01&checkout=2025-03-08&dest_id=-372490&dest_type=city&group_adults=2&req_adults=2&no_rooms=1&group_children=0&req_children=0&hpos=7&hapos=634&sr_order=popularity&srpvid=af307f62bb9d0534&srepoch=1738174099&all_sr_blocks=0_0_2_0_0&highlighted_blocks=0_0_2_0_0&matching_block_id=0_0_2_0_0&sr_pri_blocks=0_0_2_0_0__186454&from=searchresults
Barcelona City Rooms,"Gràcia, Barcelona",https://www.booking.com/hotel/es/hostal-sagrada-familia.html?label=gen173nr-1BCAEoggI46AdSAnVzWARoRogBAZgBMbgBGcgBD9gBAegBAYgCAagCA7gC-NjpvAbAAgHSAiQ4ZGVlZWVhMi1mOTI5LTRmOWQtOTk0OC0xMzU5MWFkYWNlODjYAgXgAgE&sid=f990c8e44d8a49a026ee40f8b9e3b3a2&aid=304142&ucfs=1&arphpl=1&checkin=2025-03-01&checkout=2025-03-08&dest_id=-372490&dest_type=city&group_adults=2&req_adults=2&no_rooms=1&group_children=0&req_children=0&hpos=8&hapos=635&sr_order=popularity&srpvid=af307f62bb9d0534&srepoch=1738174099&all_sr_blocks=34908117_309938470_2_2_0&highlighted_blocks=34908117_309938470_2_2_0&matching_block_id=34908117_309938470_2_2_0&sr_pri_blocks=34908117_309938470_2_2_0__182565&from=searchresults
Sweett - Wellington,"Sant Martí, Barcelona",https://www.booking.com/hotel/es/sweet-inn-apartments-wellington.html?label=gen173nr-1BCAEoggI46AdSAnVzWARoRogBAZgBMbgBGcgBD9gBAegBAYgCAagCA7gC-NjpvAbAAgHSAiQ4ZGVlZWVhMi1mOTI5LTRmOWQtOTk0OC0xMzU5MWFkYWNlODjYAgXgAgE&sid=f990c8e44d8a49a026ee40f8b9e3b3a2&aid=304142&ucfs=1&arphpl=1&checkin=2025-03-01&checkout=2025-03-08&dest_id=-372490&dest_type=city&group_adults=2&req_adults=2&no_rooms=1&group_children=0&req_children=0&hpos=9&hapos=636&sr_order=popularity&srpvid=af307f62bb9d0534&srepoch=1738174099&all_sr_blocks=239233201_101482044_5_0_0&highlighted_blocks=239233201_101482044_5_0_0&matching_block_id=239233201_101482044_5_0_0&sr_pri_blocks=239233201_101482044_5_0_0__344362&from=searchresults
Alcam Alio 1,"Gràcia, Barcelona",https://www.booking.com/hotel/es/alcam-alio-1.html?label=gen173nr-1BCAEoggI46AdSAnVzWARoRogBAZgBMbgBGcgBD9gBAegBAYgCAagCA7gC-NjpvAbAAgHSAiQ4ZGVlZWVhMi1mOTI5LTRmOWQtOTk0OC0xMzU5MWFkYWNlODjYAgXgAgE&sid=f990c8e44d8a49a026ee40f8b9e3b3a2&aid=304142&ucfs=1&arphpl=1&checkin=2025-03-01&checkout=2025-03-08&dest_id=-372490&dest_type=city&group_adults=2&req_adults=2&no_rooms=1&group_children=0&req_children=0&hpos=10&hapos=637&sr_order=popularity&srpvid=af307f62bb9d0534&srepoch=1738174099&all_sr_blocks=351894201_138382939_0_0_0&highlighted_blocks=351894201_138382939_0_0_0&matching_block_id=351894201_138382939_0_0_0&sr_pri_blocks=351894201_138382939_0_0_0__227401&from=searchresults
Catalonia Catedral,"Ciutat Vella, Barcelona",https://www.booking.com/hotel/es/catalonia-catedral.html?label=gen173nr-1BCAEoggI46AdSAnVzWARoRogBAZgBMbgBGcgBD9gBAegBAYgCAagCA7gC-NjpvAbAAgHSAiQ4ZGVlZWVhMi1mOTI5LTRmOWQtOTk0OC0xMzU5MWFkYWNlODjYAgXgAgE&sid=f990c8e44d8a49a026ee40f8b9e3b3a2&aid=304142&ucfs=1&arphpl=1&checkin=2025-03-01&checkout=2025-03-08&dest_id=-372490&dest_type=city&group_adults=2&req_adults=2&no_rooms=1&group_children=0&req_children=0&hpos=11&hapos=638&sr_order=popularity&srpvid=af307f62bb9d0534&srepoch=1738174099&all_sr_blocks=18950005_88203739_0_2_0&highlighted_blocks=18950005_88203739_0_2_0&matching_block_id=18950005_88203739_0_2_0&sr_pri_blocks=18950005_88203739_0_2_0__441778&from_sustainable_property_sr=1&from=searchresults
Grand Hyatt Barcelona,"Les Corts, Barcelona",https://www.booking.com/hotel/es/grandhyattbarcelona.html?label=gen173nr-1BCAEoggI46AdSAnVzWARoRogBAZgBMbgBGcgBD9gBAegBAYgCAagCA7gC-NjpvAbAAgHSAiQ4ZGVlZWVhMi1mOTI5LTRmOWQtOTk0OC0xMzU5MWFkYWNlODjYAgXgAgE&sid=f990c8e44d8a49a026ee40f8b9e3b3a2&aid=304142&ucfs=1&arphpl=1&checkin=2025-03-01&checkout=2025-03-08&dest_id=-372490&dest_type=city&group_adults=2&req_adults=2&no_rooms=1&group_children=0&req_children=0&hpos=12&hapos=639&sr_order=popularity&srpvid=af307f62bb9d0534&srepoch=1738174099&all_sr_blocks=9041159_88181677_2_42_0&highlighted_blocks=9041159_88181677_2_42_0&matching_block_id=9041159_88181677_2_42_0&sr_pri_blocks=9041159_88181677_2_42_0__856254&from_sustainable_property_sr=1&from=searchresults
Click&Flat Luxury cabanyes,"Sants-Montjuïc, Barcelona",https://www.booking.com/hotel/es/luxury-cabanyes.html?label=gen173nr-1BCAEoggI46AdSAnVzWARoRogBAZgBMbgBGcgBD9gBAegBAYgCAagCA7gC-NjpvAbAAgHSAiQ4ZGVlZWVhMi1mOTI5LTRmOWQtOTk0OC0xMzU5MWFkYWNlODjYAgXgAgE&sid=f990c8e44d8a49a026ee40f8b9e3b3a2&aid=304142&ucfs=1&arphpl=1&checkin=2025-03-01&checkout=2025-03-08&dest_id=-372490&dest_type=city&group_adults=2&req_adults=2&no_rooms=1&group_children=0&req_children=0&hpos=13&hapos=640&sr_order=popularity&srpvid=af307f62bb9d0534&srepoch=1738174099&all_sr_blocks=746780302_330891573_2_0_0&highlighted_blocks=746780302_330891573_2_0_0&matching_block_id=746780302_330891573_2_0_0&sr_pri_blocks=746780302_330891573_2_0_0__270725&from=searchresults
Happy People Plaza España Apartments,"Sants-Montjuïc, Barcelona",https://www.booking.com/hotel/es/happy-people-espaa-a-industrial.html?label=gen173nr-1BCAEoggI46AdSAnVzWARoRogBAZgBMbgBGcgBD9gBAegBAYgCAagCA7gC-NjpvAbAAgHSAiQ4ZGVlZWVhMi1mOTI5LTRmOWQtOTk0OC0xMzU5MWFkYWNlODjYAgXgAgE&sid=f990c8e44d8a49a026ee40f8b9e3b3a2&aid=304142&ucfs=1&arphpl=1&checkin=2025-03-01&checkout=2025-03-08&dest_id=-372490&dest_type=city&group_adults=2&req_adults=2&no_rooms=1&group_children=0&req_children=0&hpos=14&hapos=641&sr_order=popularity&srpvid=af307f62bb9d0534&srepoch=1738174099&all_sr_blocks=82628306_91940124_2_0_0&highlighted_blocks=82628306_91940124_2_0_0&matching_block_id=82628306_91940124_2_0_0&sr_pri_blocks=82628306_91940124_2_0_0__358732&from=searchresults
Diagonal Apartments by Olala Homes,"Les Corts, Barcelona",https://www.booking.com/hotel/es/l-39-illa-diagonal-1-br-flat.html?label=gen173nr-1BCAEoggI46AdSAnVzWARoRogBAZgBMbgBGcgBD9gBAegBAYgCAagCA7gC-NjpvAbAAgHSAiQ4ZGVlZWVhMi1mOTI5LTRmOWQtOTk0OC0xMzU5MWFkYWNlODjYAgXgAgE&sid=f990c8e44d8a49a026ee40f8b9e3b3a2&aid=304142&ucfs=1&arphpl=1&checkin=2025-03-01&checkout=2025-03-08&dest_id=-372490&dest_type=city&group_adults=2&req_adults=2&no_rooms=1&group_children=0&req_children=0&hpos=15&hapos=642&sr_order=popularity&srpvid=af307f62bb9d0534&srepoch=1738174099&all_sr_blocks=188659704_246096727_4_0_0&highlighted_blocks=188659704_246096727_4_0_0&matching_block_id=188659704_246096727_4_0_0&sr_pri_blocks=188659704_246096727_4_0_0__257063&from=searchresults
Cozy apartment near Sagrada Familia,"Eixample, Barcelona",https://www.booking.com/hotel/es/cozy-apartment-near-sagrada-familia-barcelona2.html?label=gen173nr-1BCAEoggI46AdSAnVzWARoRogBAZgBMbgBGcgBD9gBAegBAYgCAagCA7gC-NjpvAbAAgHSAiQ4ZGVlZWVhMi1mOTI5LTRmOWQtOTk0OC0xMzU5MWFkYWNlODjYAgXgAgE&sid=f990c8e44d8a49a026ee40f8b9e3b3a2&aid=304142&ucfs=1&arphpl=1&checkin=2025-03-01&checkout=2025-03-08&dest_id=-372490&dest_type=city&group_adults=2&req_adults=2&no_rooms=1&group_children=0&req_children=0&hpos=16&hapos=643&sr_order=popularity&srpvid=af307f62bb9d0534&srepoch=1738174099&all_sr_blocks=1247820902_397122643_2_0_0&highlighted_blocks=1247820902_397122643_2_0_0&matching_block_id=1247820902_397122643_2_0_0&sr_pri_blocks=1247820902_397122643_2_0_0__179837&from=searchresults
rentBCN Gracia Jardinets,"Gràcia, Barcelona",https://www.booking.com/hotel/es/rentbcn-gracia-cosy.html?label=gen173nr-1BCAEoggI46AdSAnVzWARoRogBAZgBMbgBGcgBD9gBAegBAYgCAagCA7gC-NjpvAbAAgHSAiQ4ZGVlZWVhMi1mOTI5LTRmOWQtOTk0OC0xMzU5MWFkYWNlODjYAgXgAgE&sid=f990c8e44d8a49a026ee40f8b9e3b3a2&aid=304142&ucfs=1&arphpl=1&checkin=2025-03-01&checkout=2025-03-08&dest_id=-372490&dest_type=city&group_adults=2&req_adults=2&no_rooms=1&group_children=0&req_children=0&hpos=17&hapos=644&sr_order=popularity&srpvid=af307f62bb9d0534&srepoch=1738174099&all_sr_blocks=829004001_347484893_3_0_0&highlighted_blocks=829004001_347484893_3_0_0&matching_block_id=829004001_347484893_3_0_0&sr_pri_blocks=829004001_347484893_3_0_0__274479&from=searchresults
The Diagonal Sagrada by Sweett,"Eixample, Barcelona",https://www.booking.com/hotel/es/sweett-diagonal-sagrada.html?label=gen173nr-1BCAEoggI46AdSAnVzWARoRogBAZgBMbgBGcgBD9gBAegBAYgCAagCA7gC-NjpvAbAAgHSAiQ4ZGVlZWVhMi1mOTI5LTRmOWQtOTk0OC0xMzU5MWFkYWNlODjYAgXgAgE&sid=f990c8e44d8a49a026ee40f8b9e3b3a2&aid=304142&ucfs=1&arphpl=1&checkin=2025-03-01&checkout=2025-03-08&dest_id=-372490&dest_type=city&group_adults=2&req_adults=2&no_rooms=1&group_children=0&req_children=0&hpos=18&hapos=645&sr_order=popularity&srpvid=af307f62bb9d0534&srepoch=1738174099&all_sr_blocks=1342270805_406618552_6_0_0&highlighted_blocks=1342270805_406618552_6_0_0&matching_block_id=1342270805_406618552_6_0_0&sr_pri_blocks=1342270805_406618552_6_0_0__591888&from=searchresults
Stay U-nique Apartment Gran Via V,"Eixample, Barcelona",https://www.booking.com/hotel/es/modern-apartment-in-leixample.html?label=gen173nr-1BCAEoggI46AdSAnVzWARoRogBAZgBMbgBGcgBD9gBAegBAYgCAagCA7gC-NjpvAbAAgHSAiQ4ZGVlZWVhMi1mOTI5LTRmOWQtOTk0OC0xMzU5MWFkYWNlODjYAgXgAgE&sid=f990c8e44d8a49a026ee40f8b9e3b3a2&aid=304142&ucfs=1&arphpl=1&checkin=2025-03-01&checkout=2025-03-08&dest_id=-372490&dest_type=city&group_adults=2&req_adults=2&no_rooms=1&group_children=0&req_children=0&hpos=19&hapos=646&sr_order=popularity&srpvid=af307f62bb9d0534&srepoch=1738174099&all_sr_blocks=1065955002_379078640_0_0_0&highlighted_blocks=1065955002_379078640_0_0_0&matching_block_id=1065955002_379078640_0_0_0&sr_pri_blocks=1065955002_379078640_0_0_0__358797&from=searchresults
Sweett - Raul,"Eixample, Barcelona",https://www.booking.com/hotel/es/sweet-inn-apartments-sagrada-familia-design.html?label=gen173nr-1BCAEoggI46AdSAnVzWARoRogBAZgBMbgBGcgBD9gBAegBAYgCAagCA7gC-NjpvAbAAgHSAiQ4ZGVlZWVhMi1mOTI5LTRmOWQtOTk0OC0xMzU5MWFkYWNlODjYAgXgAgE&sid=f990c8e44d8a49a026ee40f8b9e3b3a2&aid=304142&ucfs=1&arphpl=1&checkin=2025-03-01&checkout=2025-03-08&dest_id=-372490&dest_type=city&group_adults=2&req_adults=2&no_rooms=1&group_children=0&req_children=0&hpos=20&hapos=647&sr_order=popularity&srpvid=af307f62bb9d0534&srepoch=1738174099&all_sr_blocks=190087001_92761572_4_0_0&highlighted_blocks=190087001_92761572_4_0_0&matching_block_id=190087001_92761572_4_0_0&sr_pri_blocks=190087001_92761572_4_0_0__310436&from=searchresults
Ilunion Bel-Art,"Horta-Guinardó, Barcelona",https://www.booking.com/hotel/es/hotelbelart.html?label=gen173nr-1BCAEoggI46AdSAnVzWARoRogBAZgBMbgBGcgBD9gBAegBAYgCAagCA7gC-NjpvAbAAgHSAiQ4ZGVlZWVhMi1mOTI5LTRmOWQtOTk0OC0xMzU5MWFkYWNlODjYAgXgAgE&sid=f990c8e44d8a49a026ee40f8b9e3b3a2&aid=304142&ucfs=1&arphpl=1&checkin=2025-03-01&checkout=2025-03-08&dest_id=-372490&dest_type=city&group_adults=2&req_adults=2&no_rooms=1&group_children=0&req_children=0&hpos=21&hapos=648&sr_order=popularity&srpvid=af307f62bb9d0534&srepoch=1738174099&all_sr_blocks=9044902_88181729_0_2_0_311284&highlighted_blocks=9044902_88181729_0_2_0_311284&matching_block_id=9044902_88181729_0_2_0_311284&sr_pri_blocks=9044902_88181729_0_2_0_311284_288336&from=searchresults
Sweett - Atic Gracia,"Gràcia, Barcelona",https://www.booking.com/hotel/es/sweett-atic-gracia.html?label=gen173nr-1BCAEoggI46AdSAnVzWARoRogBAZgBMbgBGcgBD9gBAegBAYgCAagCA7gC-NjpvAbAAgHSAiQ4ZGVlZWVhMi1mOTI5LTRmOWQtOTk0OC0xMzU5MWFkYWNlODjYAgXgAgE&sid=f990c8e44d8a49a026ee40f8b9e3b3a2&aid=304142&ucfs=1&arphpl=1&checkin=2025-03-01&checkout=2025-03-08&dest_id=-372490&dest_type=city&group_adults=2&req_adults=2&no_rooms=1&group_children=0&req_children=0&hpos=22&hapos=649&sr_order=popularity&srpvid=af307f62bb9d0534&srepoch=1738174099&all_sr_blocks=1259709601_398584916_2_0_0&highlighted_blocks=1259709601_398584916_2_0_0&matching_block_id=1259709601_398584916_2_0_0&sr_pri_blocks=1259709601_398584916_2_0_0__233196&from=searchresults
Alcam Alio 2,"Gràcia, Barcelona",https://www.booking.com/hotel/es/alcam-alio-2-barcelona123456789101112131415.html?label=gen173nr-1BCAEoggI46AdSAnVzWARoRogBAZgBMbgBGcgBD9gBAegBAYgCAagCA7gC-NjpvAbAAgHSAiQ4ZGVlZWVhMi1mOTI5LTRmOWQtOTk0OC0xMzU5MWFkYWNlODjYAgXgAgE&sid=f990c8e44d8a49a026ee40f8b9e3b3a2&aid=304142&ucfs=1&arphpl=1&checkin=2025-03-01&checkout=2025-03-08&dest_id=-372490&dest_type=city&group_adults=2&req_adults=2&no_rooms=1&group_children=0&req_children=0&hpos=23&hapos=650&sr_order=popularity&srpvid=af307f62bb9d0534&srepoch=1738174099&all_sr_blocks=368785401_119505773_0_0_0&highlighted_blocks=368785401_119505773_0_0_0&matching_block_id=368785401_119505773_0_0_0&sr_pri_blocks=368785401_119505773_0_0_0__227401&from=searchresults
Stay U-nique Apartments Provença,"Eixample, Barcelona",https://www.booking.com/hotel/es/spacious-flat-w-47-balcony-near-sagrada-familia-barcelona.html?label=gen173nr-1BCAEoggI46AdSAnVzWARoRogBAZgBMbgBGcgBD9gBAegBAYgCAagCA7gC-NjpvAbAAgHSAiQ4ZGVlZWVhMi1mOTI5LTRmOWQtOTk0OC0xMzU5MWFkYWNlODjYAgXgAgE&sid=f990c8e44d8a49a026ee40f8b9e3b3a2&aid=304142&ucfs=1&arphpl=1&checkin=2025-03-01&checkout=2025-03-08&dest_id=-372490&dest_type=city&group_adults=2&req_adults=2&no_rooms=1&group_children=0&req_children=0&hpos=24&hapos=651&sr_order=popularity&srpvid=af307f62bb9d0534&srepoch=1738174099&all_sr_blocks=551625301_247002307_0_0_0&highlighted_blocks=551625301_247002307_0_0_0&matching_block_id=551625301_247002307_0_0_0&sr_pri_blocks=551625301_247002307_0_0_0__331381&from=searchresults
AB Centric Universitat,"Eixample, Barcelona",https://www.booking.com/hotel/es/2990-ab-centric-universitat.html?label=gen173nr-1BCAEoggI46AdSAnVzWARoRogBAZgBMbgBGcgBD9gBAegBAYgCAagCA7gC-NjpvAbAAgHSAiQ4ZGVlZWVhMi1mOTI5LTRmOWQtOTk0OC0xMzU5MWFkYWNlODjYAgXgAgE&sid=f990c8e44d8a49a026ee40f8b9e3b3a2&aid=304142&ucfs=1&arphpl=1&checkin=2025-03-01&checkout=2025-03-08&dest_id=-372490&dest_type=city&group_adults=2&req_adults=2&no_rooms=1&group_children=0&req_children=0&hpos=25&hapos=652&sr_order=popularity&srpvid=af307f62bb9d0534&srepoch=1738174099&all_sr_blocks=649450103_265966151_3_0_0&highlighted_blocks=649450103_265966151_3_0_0&matching_block_id=649450103_265966151_3_0_0&sr_pri_blocks=649450103_265966151_3_0_0__369822&from=searchresults
Ilunion Les Corts Spa,"Les Corts, Barcelona",https://www.booking.com/hotel/es/ilunionlescorts.html?label=gen173nr-1BCAEoggI46AdSAnVzWARoRogBAZgBMbgBGcgBD9gBAegBAYgCAagCA7gC-NjpvAbAAgHSAiQ4ZGVlZWVhMi1mOTI5LTRmOWQtOTk0OC0xMzU5MWFkYWNlODjYAgXgAgE&sid=f990c8e44d8a49a026ee40f8b9e3b3a2&aid=304142&ucfs=1&arphpl=1&checkin=2025-03-01&checkout=2025-03-08&dest_id=-372490&dest_type=city&group_adults=2&req_adults=2&no_rooms=1&group_children=0&req_children=0&hpos=1&hapos=653&sr_order=popularity&srpvid=af307f62bb9d0534&srepoch=1738174103&all_sr_blocks=9126303_88190867_0_2_0_311282&highlighted_blocks=9126303_88190867_0_2_0_311282&matching_block_id=9126303_88190867_0_2_0_311282&sr_pri_blocks=9126303_88190867_0_2_0_311282_392730&from=searchresults
Maria Poblenou Apartment by Olala Homes,"Sant Martí, Barcelona",https://www.booking.com/hotel/es/maria-poblenou-apartment.html?label=gen173nr-1BCAEoggI46AdSAnVzWARoRogBAZgBMbgBGcgBD9gBAegBAYgCAagCA7gC-NjpvAbAAgHSAiQ4ZGVlZWVhMi1mOTI5LTRmOWQtOTk0OC0xMzU5MWFkYWNlODjYAgXgAgE&sid=f990c8e44d8a49a026ee40f8b9e3b3a2&aid=304142&ucfs=1&arphpl=1&checkin=2025-03-01&checkout=2025-03-08&dest_id=-372490&dest_type=city&group_adults=2&req_adults=2&no_rooms=1&group_children=0&req_children=0&hpos=2&hapos=654&sr_order=popularity&srpvid=af307f62bb9d0534&srepoch=1738174103&all_sr_blocks=1151635202_387961545_4_0_0&highlighted_blocks=1151635202_387961545_4_0_0&matching_block_id=1151635202_387961545_4_0_0&sr_pri_blocks=1151635202_387961545_4_0_0__269862&from=searchresults
Stay U-nique Apartments Diagonal II,"Sant Martí, Barcelona",https://www.booking.com/hotel/es/bright-2-bed-with-balcony-in-poble-nou.html?label=gen173nr-1BCAEoggI46AdSAnVzWARoRogBAZgBMbgBGcgBD9gBAegBAYgCAagCA7gC-NjpvAbAAgHSAiQ4ZGVlZWVhMi1mOTI5LTRmOWQtOTk0OC0xMzU5MWFkYWNlODjYAgXgAgE&sid=f990c8e44d8a49a026ee40f8b9e3b3a2&aid=304142&ucfs=1&arphpl=1&checkin=2025-03-01&checkout=2025-03-08&dest_id=-372490&dest_type=city&group_adults=2&req_adults=2&no_rooms=1&group_children=0&req_children=0&hpos=3&hapos=655&sr_order=popularity&srpvid=af307f62bb9d0534&srepoch=1738174103&all_sr_blocks=789649402_339154296_0_0_0&highlighted_blocks=789649402_339154296_0_0_0&matching_block_id=789649402_339154296_0_0_0&sr_pri_blocks=789649402_339154296_0_0_0__243425&from=searchresults
Stay U-nique Apartments Nació,"Sant Martí, Barcelona",https://www.booking.com/hotel/es/spacious-apartment-close-to-the-metro.html?label=gen173nr-1BCAEoggI46AdSAnVzWARoRogBAZgBMbgBGcgBD9gBAegBAYgCAagCA7gC-NjpvAbAAgHSAiQ4ZGVlZWVhMi1mOTI5LTRmOWQtOTk0OC0xMzU5MWFkYWNlODjYAgXgAgE&sid=f990c8e44d8a49a026ee40f8b9e3b3a2&aid=304142&ucfs=1&arphpl=1&checkin=2025-03-01&checkout=2025-03-08&dest_id=-372490&dest_type=city&group_adults=2&req_adults=2&no_rooms=1&group_children=0&req_children=0&hpos=4&hapos=656&sr_order=popularity&srpvid=af307f62bb9d0534&srepoch=1738174103&all_sr_blocks=1070362303_379569453_0_0_0&highlighted_blocks=1070362303_379569453_0_0_0&matching_block_id=1070362303_379569453_0_0_0&sr_pri_blocks=1070362303_379569453_0_0_0__324771&from=searchresults
Stay U-nique Apartments Granados,"Eixample, Barcelona",https://www.booking.com/hotel/es/granados-center-exclusive.html?label=gen173nr-1BCAEoggI46AdSAnVzWARoRogBAZgBMbgBGcgBD9gBAegBAYgCAagCA7gC-NjpvAbAAgHSAiQ4ZGVlZWVhMi1mOTI5LTRmOWQtOTk0OC0xMzU5MWFkYWNlODjYAgXgAgE&sid=f990c8e44d8a49a026ee40f8b9e3b3a2&aid=304142&ucfs=1&arphpl=1&checkin=2025-03-01&checkout=2025-03-08&dest_id=-372490&dest_type=city&group_adults=2&req_adults=2&no_rooms=1&group_children=0&req_children=0&hpos=5&hapos=657&sr_order=popularity&srpvid=af307f62bb9d0534&srepoch=1738174103&all_sr_blocks=109750901_247002650_3_0_0&highlighted_blocks=109750901_247002650_3_0_0&matching_block_id=109750901_247002650_3_0_0&sr_pri_blocks=109750901_247002650_3_0_0__263545&from=searchresults
Quiet apartment with two rooms in VAll Hebron,"Horta-Guinardó, Barcelona",https://www.booking.com/hotel/es/quiet-apartment-with-two-rooms-in-guinardo.html?label=gen173nr-1BCAEoggI46AdSAnVzWARoRogBAZgBMbgBGcgBD9gBAegBAYgCAagCA7gC-NjpvAbAAgHSAiQ4ZGVlZWVhMi1mOTI5LTRmOWQtOTk0OC0xMzU5MWFkYWNlODjYAgXgAgE&sid=f990c8e44d8a49a026ee40f8b9e3b3a2&aid=304142&ucfs=1&arphpl=1&checkin=2025-03-01&checkout=2025-03-08&dest_id=-372490&dest_type=city&group_adults=2&req_adults=2&no_rooms=1&group_children=0&req_children=0&hpos=6&hapos=658&sr_order=popularity&srpvid=af307f62bb9d0534&srepoch=1738174103&all_sr_blocks=1252819001_397792642_3_0_0&highlighted_blocks=1252819001_397792642_3_0_0&matching_block_id=1252819001_397792642_3_0_0&sr_pri_blocks=1252819001_397792642_3_0_0__155666&from=searchresults
Barcelonaguest,"Eixample, Barcelona",https://www.booking.com/hotel/es/barcelonaguest.html?label=gen173nr-1BCAEoggI46AdSAnVzWARoRogBAZgBMbgBGcgBD9gBAegBAYgCAagCA7gC-NjpvAbAAgHSAiQ4ZGVlZWVhMi1mOTI5LTRmOWQtOTk0OC0xMzU5MWFkYWNlODjYAgXgAgE&sid=f990c8e44d8a49a026ee40f8b9e3b3a2&aid=304142&ucfs=1&arphpl=1&checkin=2025-03-01&checkout=2025-03-08&dest_id=-372490&dest_type=city&group_adults=2&req_adults=2&no_rooms=1&group_children=0&req_children=0&hpos=7&hapos=659&sr_order=popularity&srpvid=af307f62bb9d0534&srepoch=1738174103&all_sr_blocks=9721903_326006009_4_0_0&highlighted_blocks=9721903_326006009_4_0_0&matching_block_id=9721903_326006009_4_0_0&sr_pri_blocks=9721903_326006009_4_0_0__409232&from=searchresults
Leonardo Royal Hotel Barcelona Fira,"Sants-Montjuïc, Barcelona",https://www.booking.com/hotel/es/leonardo-royal-barcelona-fira.html?label=gen173nr-1BCAEoggI46AdSAnVzWARoRogBAZgBMbgBGcgBD9gBAegBAYgCAagCA7gC-NjpvAbAAgHSAiQ4ZGVlZWVhMi1mOTI5LTRmOWQtOTk0OC0xMzU5MWFkYWNlODjYAgXgAgE&sid=f990c8e44d8a49a026ee40f8b9e3b3a2&aid=304142&ucfs=1&arphpl=1&checkin=2025-03-01&checkout=2025-03-08&dest_id=-372490&dest_type=city&group_adults=2&req_adults=2&no_rooms=1&group_children=0&req_children=0&hpos=8&hapos=660&sr_order=popularity&srpvid=af307f62bb9d0534&srepoch=1738174103&all_sr_blocks=678810901_277137515_0_10_0&highlighted_blocks=678810901_277137515_0_10_0&matching_block_id=678810901_277137515_0_10_0&sr_pri_blocks=678810901_277137515_0_10_0__481548&from_sustainable_property_sr=1&from=searchresults
Hostal Capitol Ramblas,"Ciutat Vella, Barcelona",https://www.booking.com/hotel/es/hostal-capitol-ramblas.html?label=gen173nr-1BCAEoggI46AdSAnVzWARoRogBAZgBMbgBGcgBD9gBAegBAYgCAagCA7gC-NjpvAbAAgHSAiQ4ZGVlZWVhMi1mOTI5LTRmOWQtOTk0OC0xMzU5MWFkYWNlODjYAgXgAgE&sid=f990c8e44d8a49a026ee40f8b9e3b3a2&aid=304142&ucfs=1&arphpl=1&checkin=2025-03-01&checkout=2025-03-08&dest_id=-372490&dest_type=city&group_adults=2&req_adults=2&no_rooms=1&group_children=0&req_children=0&hpos=9&hapos=661&sr_order=popularity&srpvid=af307f62bb9d0534&srepoch=1738174103&all_sr_blocks=131283502_91951946_2_0_0&highlighted_blocks=131283502_91951946_2_0_0&matching_block_id=131283502_91951946_2_0_0&sr_pri_blocks=131283502_91951946_2_0_0__116075&from=searchresults
Sweett - Monumental,"Eixample, Barcelona",https://www.booking.com/hotel/es/sweet-inn-apartments-monumental.html?label=gen173nr-1BCAEoggI46AdSAnVzWARoRogBAZgBMbgBGcgBD9gBAegBAYgCAagCA7gC-NjpvAbAAgHSAiQ4ZGVlZWVhMi1mOTI5LTRmOWQtOTk0OC0xMzU5MWFkYWNlODjYAgXgAgE&sid=f990c8e44d8a49a026ee40f8b9e3b3a2&aid=304142&ucfs=1&arphpl=1&checkin=2025-03-01&checkout=2025-03-08&dest_id=-372490&dest_type=city&group_adults=2&req_adults=2&no_rooms=1&group_children=0&req_children=0&hpos=10&hapos=662&sr_order=popularity&srpvid=af307f62bb9d0534&srepoch=1738174103&all_sr_blocks=454653901_138526902_6_0_0&highlighted_blocks=454653901_138526902_6_0_0&matching_block_id=454653901_138526902_6_0_0&sr_pri_blocks=454653901_138526902_6_0_0__405691&from=searchresults
Eulalias Lodges Barcelona,"Sant Martí, Barcelona",https://www.booking.com/hotel/es/eulalias-lodges.html?label=gen173nr-1BCAEoggI46AdSAnVzWARoRogBAZgBMbgBGcgBD9gBAegBAYgCAagCA7gC-NjpvAbAAgHSAiQ4ZGVlZWVhMi1mOTI5LTRmOWQtOTk0OC0xMzU5MWFkYWNlODjYAgXgAgE&sid=f990c8e44d8a49a026ee40f8b9e3b3a2&aid=304142&ucfs=1&arphpl=1&checkin=2025-03-01&checkout=2025-03-08&dest_id=-372490&dest_type=city&group_adults=2&req_adults=2&no_rooms=1&group_children=0&req_children=0&hpos=11&hapos=663&sr_order=popularity&srpvid=af307f62bb9d0534&srepoch=1738174103&all_sr_blocks=1165849702_389283168_5_0_0&highlighted_blocks=1165849702_389283168_5_0_0&matching_block_id=1165849702_389283168_5_0_0&sr_pri_blocks=1165849702_389283168_5_0_0__264357&from=searchresults
Alcam Sombrerers,"Ciutat Vella, Barcelona",https://www.booking.com/hotel/es/alcam-sombrerers.html?label=gen173nr-1BCAEoggI46AdSAnVzWARoRogBAZgBMbgBGcgBD9gBAegBAYgCAagCA7gC-NjpvAbAAgHSAiQ4ZGVlZWVhMi1mOTI5LTRmOWQtOTk0OC0xMzU5MWFkYWNlODjYAgXgAgE&sid=f990c8e44d8a49a026ee40f8b9e3b3a2&aid=304142&ucfs=1&arphpl=1&checkin=2025-03-01&checkout=2025-03-08&dest_id=-372490&dest_type=city&group_adults=2&req_adults=2&no_rooms=1&group_children=0&req_children=0&hpos=12&hapos=664&sr_order=popularity&srpvid=af307f62bb9d0534&srepoch=1738174103&all_sr_blocks=1229049201_394945721_0_0_0&highlighted_blocks=1229049201_394945721_0_0_0&matching_block_id=1229049201_394945721_0_0_0&sr_pri_blocks=1229049201_394945721_0_0_0__275794&from=searchresults
Apt In 22 Close To The Beach,"Sant Martí, Barcelona",https://www.booking.com/hotel/es/bright-2-bedroom-apt-in-22-close-to-the-beach.html?label=gen173nr-1BCAEoggI46AdSAnVzWARoRogBAZgBMbgBGcgBD9gBAegBAYgCAagCA7gC-NjpvAbAAgHSAiQ4ZGVlZWVhMi1mOTI5LTRmOWQtOTk0OC0xMzU5MWFkYWNlODjYAgXgAgE&sid=f990c8e44d8a49a026ee40f8b9e3b3a2&aid=304142&ucfs=1&arphpl=1&checkin=2025-03-01&checkout=2025-03-08&dest_id=-372490&dest_type=city&group_adults=2&req_adults=2&no_rooms=1&group_children=0&req_children=0&hpos=13&hapos=665&sr_order=popularity&srpvid=af307f62bb9d0534&srepoch=1738174103&all_sr_blocks=639123201_396898362_2_0_0&highlighted_blocks=639123201_396898362_2_0_0&matching_block_id=639123201_396898362_2_0_0&sr_pri_blocks=639123201_396898362_2_0_0__278252&from=searchresults
Stylish apartment in Plaça Espanya,"Sants-Montjuïc, Barcelona",https://www.booking.com/hotel/es/stylish-apartment-in-placa-espanya.html?label=gen173nr-1BCAEoggI46AdSAnVzWARoRogBAZgBMbgBGcgBD9gBAegBAYgCAagCA7gC-NjpvAbAAgHSAiQ4ZGVlZWVhMi1mOTI5LTRmOWQtOTk0OC0xMzU5MWFkYWNlODjYAgXgAgE&sid=f990c8e44d8a49a026ee40f8b9e3b3a2&aid=304142&ucfs=1&arphpl=1&checkin=2025-03-01&checkout=2025-03-08&dest_id=-372490&dest_type=city&group_adults=2&req_adults=2&no_rooms=1&group_children=0&req_children=0&hpos=14&hapos=666&sr_order=popularity&srpvid=af307f62bb9d0534&srepoch=1738174103&all_sr_blocks=1256321301_398170247_2_0_0&highlighted_blocks=1256321301_398170247_2_0_0&matching_block_id=1256321301_398170247_2_0_0&sr_pri_blocks=1256321301_398170247_2_0_0__300920&from=searchresults
Click&Flat Fontanella,"Eixample, Barcelona",https://www.booking.com/hotel/es/click-amp-flat-fontanella.html?label=gen173nr-1BCAEoggI46AdSAnVzWARoRogBAZgBMbgBGcgBD9gBAegBAYgCAagCA7gC-NjpvAbAAgHSAiQ4ZGVlZWVhMi1mOTI5LTRmOWQtOTk0OC0xMzU5MWFkYWNlODjYAgXgAgE&sid=f990c8e44d8a49a026ee40f8b9e3b3a2&aid=304142&ucfs=1&arphpl=1&checkin=2025-03-01&checkout=2025-03-08&dest_id=-372490&dest_type=city&group_adults=2&req_adults=2&no_rooms=1&group_children=0&req_children=0&hpos=15&hapos=667&sr_order=popularity&srpvid=af307f62bb9d0534&srepoch=1738174103&all_sr_blocks=893528901_359758210_2_0_0&highlighted_blocks=893528901_359758210_2_0_0&matching_block_id=893528901_359758210_2_0_0&sr_pri_blocks=893528901_359758210_2_0_0__241902&from=searchresults
Apartment Eixample Esquerre Gran Via Balmes by Interhome,"Eixample, Barcelona",https://www.booking.com/hotel/es/apartment-gran-via-balmes-barcelona.html?label=gen173nr-1BCAEoggI46AdSAnVzWARoRogBAZgBMbgBGcgBD9gBAegBAYgCAagCA7gC-NjpvAbAAgHSAiQ4ZGVlZWVhMi1mOTI5LTRmOWQtOTk0OC0xMzU5MWFkYWNlODjYAgXgAgE&sid=f990c8e44d8a49a026ee40f8b9e3b3a2&aid=304142&ucfs=1&arphpl=1&checkin=2025-03-01&checkout=2025-03-08&dest_id=-372490&dest_type=city&group_adults=2&req_adults=2&no_rooms=1&group_children=0&req_children=0&hpos=16&hapos=668&sr_order=popularity&srpvid=af307f62bb9d0534&srepoch=1738174103&all_sr_blocks=55234501_309366526_5_0_0&highlighted_blocks=55234501_309366526_5_0_0&matching_block_id=55234501_309366526_5_0_0&sr_pri_blocks=55234501_309366526_5_0_0__420532&from=searchresults
Enjoy Apartments Gran Via,"Eixample, Barcelona",https://www.booking.com/hotel/es/granvia-549-neoclassic.html?label=gen173nr-1BCAEoggI46AdSAnVzWARoRogBAZgBMbgBGcgBD9gBAegBAYgCAagCA7gC-NjpvAbAAgHSAiQ4ZGVlZWVhMi1mOTI5LTRmOWQtOTk0OC0xMzU5MWFkYWNlODjYAgXgAgE&sid=f990c8e44d8a49a026ee40f8b9e3b3a2&aid=304142&ucfs=1&arphpl=1&checkin=2025-03-01&checkout=2025-03-08&dest_id=-372490&dest_type=city&group_adults=2&req_adults=2&no_rooms=1&group_children=0&req_children=0&hpos=17&hapos=669&sr_order=popularity&srpvid=af307f62bb9d0534&srepoch=1738174103&all_sr_blocks=773696402_394176955_5_0_0&highlighted_blocks=773696402_394176955_5_0_0&matching_block_id=773696402_394176955_5_0_0&sr_pri_blocks=773696402_394176955_5_0_0__352752&from=searchresults
Progres,"Gràcia, Barcelona",https://www.booking.com/hotel/es/progres-barcelona2.html?label=gen173nr-1BCAEoggI46AdSAnVzWARoRogBAZgBMbgBGcgBD9gBAegBAYgCAagCA7gC-NjpvAbAAgHSAiQ4ZGVlZWVhMi1mOTI5LTRmOWQtOTk0OC0xMzU5MWFkYWNlODjYAgXgAgE&sid=f990c8e44d8a49a026ee40f8b9e3b3a2&aid=304142&ucfs=1&arphpl=1&checkin=2025-03-01&checkout=2025-03-08&dest_id=-372490&dest_type=city&group_adults=2&req_adults=2&no_rooms=1&group_children=0&req_children=0&hpos=18&hapos=670&sr_order=popularity&srpvid=af307f62bb9d0534&srepoch=1738174103&all_sr_blocks=1335432401_406268275_0_0_0&highlighted_blocks=1335432401_406268275_0_0_0&matching_block_id=1335432401_406268275_0_0_0&sr_pri_blocks=1335432401_406268275_0_0_0__255085&from=searchresults
Stay U-nique Apartment Comte Urgell II,"Eixample, Barcelona",https://www.booking.com/hotel/es/elegant-apartment-in-sant-antoni.html?label=gen173nr-1BCAEoggI46AdSAnVzWARoRogBAZgBMbgBGcgBD9gBAegBAYgCAagCA7gC-NjpvAbAAgHSAiQ4ZGVlZWVhMi1mOTI5LTRmOWQtOTk0OC0xMzU5MWFkYWNlODjYAgXgAgE&sid=f990c8e44d8a49a026ee40f8b9e3b3a2&aid=304142&ucfs=1&arphpl=1&checkin=2025-03-01&checkout=2025-03-08&dest_id=-372490&dest_type=city&group_adults=2&req_adults=2&no_rooms=1&group_children=0&req_children=0&hpos=19&hapos=671&sr_order=popularity&srpvid=af307f62bb9d0534&srepoch=1738174103&all_sr_blocks=1068097002_379402913_0_0_0&highlighted_blocks=1068097002_379402913_0_0_0&matching_block_id=1068097002_379402913_0_0_0&sr_pri_blocks=1068097002_379402913_0_0_0__338154&from=searchresults
AB Montjuic,"Sants-Montjuïc, Barcelona",https://www.booking.com/hotel/es/bwh-montjua-c.html?label=gen173nr-1BCAEoggI46AdSAnVzWARoRogBAZgBMbgBGcgBD9gBAegBAYgCAagCA7gC-NjpvAbAAgHSAiQ4ZGVlZWVhMi1mOTI5LTRmOWQtOTk0OC0xMzU5MWFkYWNlODjYAgXgAgE&sid=f990c8e44d8a49a026ee40f8b9e3b3a2&aid=304142&ucfs=1&arphpl=1&checkin=2025-03-01&checkout=2025-03-08&dest_id=-372490&dest_type=city&group_adults=2&req_adults=2&no_rooms=1&group_children=0&req_children=0&hpos=20&hapos=672&sr_order=popularity&srpvid=af307f62bb9d0534&srepoch=1738174103&all_sr_blocks=35054202_88791256_6_0_0&highlighted_blocks=35054202_88791256_6_0_0&matching_block_id=35054202_88791256_6_0_0&sr_pri_blocks=35054202_88791256_6_0_0__366757&from=searchresults
Claris Apartments,"Eixample, Barcelona",https://www.booking.com/hotel/es/claris-apartments-barcelona.html?label=gen173nr-1BCAEoggI46AdSAnVzWARoRogBAZgBMbgBGcgBD9gBAegBAYgCAagCA7gC-NjpvAbAAgHSAiQ4ZGVlZWVhMi1mOTI5LTRmOWQtOTk0OC0xMzU5MWFkYWNlODjYAgXgAgE&sid=f990c8e44d8a49a026ee40f8b9e3b3a2&aid=304142&ucfs=1&arphpl=1&checkin=2025-03-01&checkout=2025-03-08&dest_id=-372490&dest_type=city&group_adults=2&req_adults=2&no_rooms=1&group_children=0&req_children=0&hpos=21&hapos=673&sr_order=popularity&srpvid=af307f62bb9d0534&srepoch=1738174103&all_sr_blocks=41878903_88499998_4_0_0&highlighted_blocks=41878903_88499998_4_0_0&matching_block_id=41878903_88499998_4_0_0&sr_pri_blocks=41878903_88499998_4_0_0__380834&from=searchresults
Maldà Singular Hotel,"Ciutat Vella, Barcelona",https://www.booking.com/hotel/es/malda-singular.html?label=gen173nr-1BCAEoggI46AdSAnVzWARoRogBAZgBMbgBGcgBD9gBAegBAYgCAagCA7gC-NjpvAbAAgHSAiQ4ZGVlZWVhMi1mOTI5LTRmOWQtOTk0OC0xMzU5MWFkYWNlODjYAgXgAgE&sid=f990c8e44d8a49a026ee40f8b9e3b3a2&aid=304142&ucfs=1&arphpl=1&checkin=2025-03-01&checkout=2025-03-08&dest_id=-372490&dest_type=city&group_adults=2&req_adults=2&no_rooms=1&group_children=0&req_children=0&hpos=22&hapos=674&sr_order=popularity&srpvid=af307f62bb9d0534&srepoch=1738174103&all_sr_blocks=387708602_121855497_2_2_0&highlighted_blocks=387708602_121855497_2_2_0&matching_block_id=387708602_121855497_2_2_0&sr_pri_blocks=387708602_121855497_2_2_0__296420&from=searchresults
Barcelona City Apartment,"Sant Martí, Barcelona",https://www.booking.com/hotel/es/barcelona-city-apartment.html?label=gen173nr-1BCAEoggI46AdSAnVzWARoRogBAZgBMbgBGcgBD9gBAegBAYgCAagCA7gC-NjpvAbAAgHSAiQ4ZGVlZWVhMi1mOTI5LTRmOWQtOTk0OC0xMzU5MWFkYWNlODjYAgXgAgE&sid=f990c8e44d8a49a026ee40f8b9e3b3a2&aid=304142&ucfs=1&arphpl=1&checkin=2025-03-01&checkout=2025-03-08&dest_id=-372490&dest_type=city&group_adults=2&req_adults=2&no_rooms=1&group_children=0&req_children=0&hpos=23&hapos=675&sr_order=popularity&srpvid=af307f62bb9d0534&srepoch=1738174103&all_sr_blocks=24335807_309938267_2_0_0&highlighted_blocks=24335807_309938267_2_0_0&matching_block_id=24335807_309938267_2_0_0&sr_pri_blocks=24335807_309938267_2_0_0__186041&from=searchresults
Lets holidays apartment in Sant Martí,"Sant Martí, Barcelona",https://www.booking.com/hotel/es/nice-apartment-with-pool-barcelona-barcelona.html?label=gen173nr-1BCAEoggI46AdSAnVzWARoRogBAZgBMbgBGcgBD9gBAegBAYgCAagCA7gC-NjpvAbAAgHSAiQ4ZGVlZWVhMi1mOTI5LTRmOWQtOTk0OC0xMzU5MWFkYWNlODjYAgXgAgE&sid=f990c8e44d8a49a026ee40f8b9e3b3a2&aid=304142&ucfs=1&arphpl=1&checkin=2025-03-01&checkout=2025-03-08&dest_id=-372490&dest_type=city&group_adults=2&req_adults=2&no_rooms=1&group_children=0&req_children=0&hpos=24&hapos=676&sr_order=popularity&srpvid=af307f62bb9d0534&srepoch=1738174103&all_sr_blocks=687230202_289791095_4_0_0&highlighted_blocks=687230202_289791095_4_0_0&matching_block_id=687230202_289791095_4_0_0&sr_pri_blocks=687230202_289791095_4_0_0__272132&from=searchresults
Spacious & Comfortable flat in centric Eixample,"Eixample, Barcelona",https://www.booking.com/hotel/es/spacious-comfortable-flat-in-centric-eixample.html?label=gen173nr-1BCAEoggI46AdSAnVzWARoRogBAZgBMbgBGcgBD9gBAegBAYgCAagCA7gC-NjpvAbAAgHSAiQ4ZGVlZWVhMi1mOTI5LTRmOWQtOTk0OC0xMzU5MWFkYWNlODjYAgXgAgE&sid=f990c8e44d8a49a026ee40f8b9e3b3a2&aid=304142&ucfs=1&arphpl=1&checkin=2025-03-01&checkout=2025-03-08&dest_id=-372490&dest_type=city&group_adults=2&req_adults=2&no_rooms=1&group_children=0&req_children=0&hpos=25&hapos=677&sr_order=popularity&srpvid=af307f62bb9d0534&srepoch=1738174103&all_sr_blocks=516203301_178892280_7_0_0&highlighted_blocks=516203301_178892280_7_0_0&matching_block_id=516203301_178892280_7_0_0&sr_pri_blocks=516203301_178892280_7_0_0__449382&from=searchresults
Habitat Apartments ADN,"Sants-Montjuïc, Barcelona",https://www.booking.com/hotel/es/habitat-apartments-adn.html?label=gen173nr-1BCAEoggI46AdSAnVzWARoRogBAZgBMbgBGcgBD9gBAegBAYgCAagCA7gC-NjpvAbAAgHSAiQ4ZGVlZWVhMi1mOTI5LTRmOWQtOTk0OC0xMzU5MWFkYWNlODjYAgXgAgE&sid=f990c8e44d8a49a026ee40f8b9e3b3a2&aid=304142&ucfs=1&arphpl=1&checkin=2025-03-01&checkout=2025-03-08&dest_id=-372490&dest_type=city&group_adults=2&req_adults=2&no_rooms=1&group_children=0&req_children=0&hpos=1&hapos=678&sr_order=popularity&srpvid=af307f62bb9d0534&srepoch=1738174107&all_sr_blocks=110058406_88418711_0_0_0&highlighted_blocks=110058406_88418711_0_0_0&matching_block_id=110058406_88418711_0_0_0&sr_pri_blocks=110058406_88418711_0_0_0__328632&from=searchresults
Sweett - Carrer Bailen,"Eixample, Barcelona",https://www.booking.com/hotel/es/sweet-inn-carrer-bailen.html?label=gen173nr-1BCAEoggI46AdSAnVzWARoRogBAZgBMbgBGcgBD9gBAegBAYgCAagCA7gC-NjpvAbAAgHSAiQ4ZGVlZWVhMi1mOTI5LTRmOWQtOTk0OC0xMzU5MWFkYWNlODjYAgXgAgE&sid=f990c8e44d8a49a026ee40f8b9e3b3a2&aid=304142&ucfs=1&arphpl=1&checkin=2025-03-01&checkout=2025-03-08&dest_id=-372490&dest_type=city&group_adults=2&req_adults=2&no_rooms=1&group_children=0&req_children=0&hpos=2&hapos=679&sr_order=popularity&srpvid=af307f62bb9d0534&srepoch=1738174107&all_sr_blocks=935662122_365699654_4_0_0&highlighted_blocks=935662122_365699654_4_0_0&matching_block_id=935662122_365699654_4_0_0&sr_pri_blocks=935662122_365699654_4_0_0__326600&from=searchresults
Rambla Poblenou&Mar Bella Beach,"Sant Martí, Barcelona",https://www.booking.com/hotel/es/rambla-poblenou-amp-mar-bella-beach.html?label=gen173nr-1BCAEoggI46AdSAnVzWARoRogBAZgBMbgBGcgBD9gBAegBAYgCAagCA7gC-NjpvAbAAgHSAiQ4ZGVlZWVhMi1mOTI5LTRmOWQtOTk0OC0xMzU5MWFkYWNlODjYAgXgAgE&sid=f990c8e44d8a49a026ee40f8b9e3b3a2&aid=304142&ucfs=1&arphpl=1&checkin=2025-03-01&checkout=2025-03-08&dest_id=-372490&dest_type=city&group_adults=2&req_adults=2&no_rooms=1&group_children=0&req_children=0&hpos=3&hapos=680&sr_order=popularity&srpvid=af307f62bb9d0534&srepoch=1738174107&all_sr_blocks=444839001_133428082_4_0_0&highlighted_blocks=444839001_133428082_4_0_0&matching_block_id=444839001_133428082_4_0_0&sr_pri_blocks=444839001_133428082_4_0_0__306057&from=searchresults
Sweett - Palau,"Eixample, Barcelona",https://www.booking.com/hotel/es/sweet-inn-palau.html?label=gen173nr-1BCAEoggI46AdSAnVzWARoRogBAZgBMbgBGcgBD9gBAegBAYgCAagCA7gC-NjpvAbAAgHSAiQ4ZGVlZWVhMi1mOTI5LTRmOWQtOTk0OC0xMzU5MWFkYWNlODjYAgXgAgE&sid=f990c8e44d8a49a026ee40f8b9e3b3a2&aid=304142&ucfs=1&arphpl=1&checkin=2025-03-01&checkout=2025-03-08&dest_id=-372490&dest_type=city&group_adults=2&req_adults=2&no_rooms=1&group_children=0&req_children=0&hpos=4&hapos=681&sr_order=popularity&srpvid=af307f62bb9d0534&srepoch=1738174107&all_sr_blocks=862313705_354148441_5_0_0&highlighted_blocks=862313705_354148441_5_0_0&matching_block_id=862313705_354148441_5_0_0&sr_pri_blocks=862313705_354148441_5_0_0__463112&from=searchresults
Apartment Eixample Dret Aragó Roger de Lluria by Interhome,"Eixample, Barcelona",https://www.booking.com/hotel/es/apartment-eixample-dret-arago-roger-de-lluria-by-interhome.html?label=gen173nr-1BCAEoggI46AdSAnVzWARoRogBAZgBMbgBGcgBD9gBAegBAYgCAagCA7gC-NjpvAbAAgHSAiQ4ZGVlZWVhMi1mOTI5LTRmOWQtOTk0OC0xMzU5MWFkYWNlODjYAgXgAgE&sid=f990c8e44d8a49a026ee40f8b9e3b3a2&aid=304142&ucfs=1&arphpl=1&checkin=2025-03-01&checkout=2025-03-08&dest_id=-372490&dest_type=city&group_adults=2&req_adults=2&no_rooms=1&group_children=0&req_children=0&hpos=5&hapos=682&sr_order=popularity&srpvid=af307f62bb9d0534&srepoch=1738174107&all_sr_blocks=1326799702_405290449_4_0_0&highlighted_blocks=1326799702_405290449_4_0_0&matching_block_id=1326799702_405290449_4_0_0&sr_pri_blocks=1326799702_405290449_4_0_0__249700&from=searchresults
Homenfun Barcelona Park Güell,"Gràcia, Barcelona",https://www.booking.com/hotel/es/homenfun-park-guell-barcelona2.html?label=gen173nr-1BCAEoggI46AdSAnVzWARoRogBAZgBMbgBGcgBD9gBAegBAYgCAagCA7gC-NjpvAbAAgHSAiQ4ZGVlZWVhMi1mOTI5LTRmOWQtOTk0OC0xMzU5MWFkYWNlODjYAgXgAgE&sid=f990c8e44d8a49a026ee40f8b9e3b3a2&aid=304142&ucfs=1&arphpl=1&checkin=2025-03-01&checkout=2025-03-08&dest_id=-372490&dest_type=city&group_adults=2&req_adults=2&no_rooms=1&group_children=0&req_children=0&hpos=1&hapos=683&sr_order=popularity&srpvid=af307f62bb9d0534&srepoch=1738174110&all_sr_blocks=907475703_361961278_3_0_0&highlighted_blocks=907475703_361961278_3_0_0&matching_block_id=907475703_361961278_3_0_0&sr_pri_blocks=907475703_361961278_3_0_0__168592&from=searchresults
Canela Homes BARCELONA SANT ANTONI,"Eixample, Barcelona",https://www.booking.com/hotel/es/canela-homes-barcelona-sant-antoni.html?label=gen173nr-1BCAEoggI46AdSAnVzWARoRogBAZgBMbgBGcgBD9gBAegBAYgCAagCA7gC-NjpvAbAAgHSAiQ4ZGVlZWVhMi1mOTI5LTRmOWQtOTk0OC0xMzU5MWFkYWNlODjYAgXgAgE&sid=f990c8e44d8a49a026ee40f8b9e3b3a2&aid=304142&ucfs=1&arphpl=1&checkin=2025-03-01&checkout=2025-03-08&dest_id=-372490&dest_type=city&group_adults=2&req_adults=2&no_rooms=1&group_children=0&req_children=0&hpos=2&hapos=684&sr_order=popularity&srpvid=af307f62bb9d0534&srepoch=1738174110&all_sr_blocks=1069210501_379422309_3_0_0&highlighted_blocks=1069210501_379422309_3_0_0&matching_block_id=1069210501_379422309_3_0_0&sr_pri_blocks=1069210501_379422309_3_0_0__295973&from=searchresults
Lovely Appart & Sky View SAGRADA FAMILIA,"Gràcia, Barcelona",https://www.booking.com/hotel/es/lovely-appart-amp-sky-view-sagrada-familia.html?label=gen173nr-1BCAEoggI46AdSAnVzWARoRogBAZgBMbgBGcgBD9gBAegBAYgCAagCA7gC-NjpvAbAAgHSAiQ4ZGVlZWVhMi1mOTI5LTRmOWQtOTk0OC0xMzU5MWFkYWNlODjYAgXgAgE&sid=f990c8e44d8a49a026ee40f8b9e3b3a2&aid=304142&ucfs=1&arphpl=1&checkin=2025-03-01&checkout=2025-03-08&dest_id=-372490&dest_type=city&group_adults=2&req_adults=2&no_rooms=1&group_children=0&req_children=0&hpos=3&hapos=685&sr_order=popularity&srpvid=af307f62bb9d0534&srepoch=1738174110&all_sr_blocks=907267601_361793321_2_0_0_780857&highlighted_blocks=907267601_361793321_2_0_0_780857&matching_block_id=907267601_361793321_2_0_0_780857&sr_pri_blocks=907267601_361793321_2_0_0_780857_267054&from=searchresults
Belleview Villa,"Horta-Guinardó, Barcelona",https://www.booking.com/hotel/es/belleview-villa-barcelona.html?label=gen173nr-1BCAEoggI46AdSAnVzWARoRogBAZgBMbgBGcgBD9gBAegBAYgCAagCA7gC-NjpvAbAAgHSAiQ4ZGVlZWVhMi1mOTI5LTRmOWQtOTk0OC0xMzU5MWFkYWNlODjYAgXgAgE&sid=f990c8e44d8a49a026ee40f8b9e3b3a2&aid=304142&ucfs=1&arphpl=1&checkin=2025-03-01&checkout=2025-03-08&dest_id=-372490&dest_type=city&group_adults=2&req_adults=2&no_rooms=1&group_children=0&req_children=0&hpos=4&hapos=686&sr_order=popularity&srpvid=af307f62bb9d0534&srepoch=1738174110&all_sr_blocks=163676701_392082916_2_0_0&highlighted_blocks=163676701_392082916_2_0_0&matching_block_id=163676701_392082916_2_0_0&sr_pri_blocks=163676701_392082916_2_0_0__331832&from=searchresults
Primero Primera,"Sarrià-St. Gervasi, Barcelona",https://www.booking.com/hotel/es/primero-primera.html?label=gen173nr-1BCAEoggI46AdSAnVzWARoRogBAZgBMbgBGcgBD9gBAegBAYgCAagCA7gC-NjpvAbAAgHSAiQ4ZGVlZWVhMi1mOTI5LTRmOWQtOTk0OC0xMzU5MWFkYWNlODjYAgXgAgE&sid=f990c8e44d8a49a026ee40f8b9e3b3a2&aid=304142&ucfs=1&arphpl=1&checkin=2025-03-01&checkout=2025-03-08&dest_id=-372490&dest_type=city&group_adults=2&req_adults=2&no_rooms=1&group_children=0&req_children=0&hpos=5&hapos=687&sr_order=popularity&srpvid=af307f62bb9d0534&srepoch=1738174110&all_sr_blocks=33987402_0_2_0_0&highlighted_blocks=33987402_0_2_0_0&matching_block_id=33987402_0_2_0_0&sr_pri_blocks=33987402_0_2_0_0__524459&from=searchresults
Stay U-nique Apartments Estación del Norte,"Eixample, Barcelona",https://www.booking.com/hotel/es/spacious-3bed-apartment-in-bcn-centre.html?label=gen173nr-1BCAEoggI46AdSAnVzWARoRogBAZgBMbgBGcgBD9gBAegBAYgCAagCA7gC-NjpvAbAAgHSAiQ4ZGVlZWVhMi1mOTI5LTRmOWQtOTk0OC0xMzU5MWFkYWNlODjYAgXgAgE&sid=f990c8e44d8a49a026ee40f8b9e3b3a2&aid=304142&ucfs=1&arphpl=1&checkin=2025-03-01&checkout=2025-03-08&dest_id=-372490&dest_type=city&group_adults=2&req_adults=2&no_rooms=1&group_children=0&req_children=0&hpos=6&hapos=688&sr_order=popularity&srpvid=af307f62bb9d0534&srepoch=1738174110&all_sr_blocks=764311302_333477263_0_0_0&highlighted_blocks=764311302_333477263_0_0_0&matching_block_id=764311302_333477263_0_0_0&sr_pri_blocks=764311302_333477263_0_0_0__265624&from=searchresults
Apartamento Gran Via de les Corts Catalanes,"Sants-Montjuïc, Barcelona",https://www.booking.com/hotel/es/apartamento-gran-via-de-les-corts-catalanes.html?label=gen173nr-1BCAEoggI46AdSAnVzWARoRogBAZgBMbgBGcgBD9gBAegBAYgCAagCA7gC-NjpvAbAAgHSAiQ4ZGVlZWVhMi1mOTI5LTRmOWQtOTk0OC0xMzU5MWFkYWNlODjYAgXgAgE&sid=f990c8e44d8a49a026ee40f8b9e3b3a2&aid=304142&ucfs=1&arphpl=1&checkin=2025-03-01&checkout=2025-03-08&dest_id=-372490&dest_type=city&group_adults=2&req_adults=2&no_rooms=1&group_children=0&req_children=0&hpos=7&hapos=689&sr_order=popularity&srpvid=af307f62bb9d0534&srepoch=1738174110&all_sr_blocks=280440701_107152810_4_0_0&highlighted_blocks=280440701_107152810_4_0_0&matching_block_id=280440701_107152810_4_0_0&sr_pri_blocks=280440701_107152810_4_0_0__334719&from=searchresults
Apartamento para 3 con balcón,"Sant Martí, Barcelona",https://www.booking.com/hotel/es/apartamento-para-3-con-balcon.html?label=gen173nr-1BCAEoggI46AdSAnVzWARoRogBAZgBMbgBGcgBD9gBAegBAYgCAagCA7gC-NjpvAbAAgHSAiQ4ZGVlZWVhMi1mOTI5LTRmOWQtOTk0OC0xMzU5MWFkYWNlODjYAgXgAgE&sid=f990c8e44d8a49a026ee40f8b9e3b3a2&aid=304142&ucfs=1&arphpl=1&checkin=2025-03-01&checkout=2025-03-08&dest_id=-372490&dest_type=city&group_adults=2&req_adults=2&no_rooms=1&group_children=0&req_children=0&hpos=8&hapos=690&sr_order=popularity&srpvid=af307f62bb9d0534&srepoch=1738174110&all_sr_blocks=1246038501_396807820_3_0_0&highlighted_blocks=1246038501_396807820_3_0_0&matching_block_id=1246038501_396807820_3_0_0&sr_pri_blocks=1246038501_396807820_3_0_0__211290&from=searchresults
Apartment Diagonal Mar by Interhome,"Sant Martí, Barcelona",https://www.booking.com/hotel/es/apartment-passeig-garcia-faria-barcelona.html?label=gen173nr-1BCAEoggI46AdSAnVzWARoRogBAZgBMbgBGcgBD9gBAegBAYgCAagCA7gC-NjpvAbAAgHSAiQ4ZGVlZWVhMi1mOTI5LTRmOWQtOTk0OC0xMzU5MWFkYWNlODjYAgXgAgE&sid=f990c8e44d8a49a026ee40f8b9e3b3a2&aid=304142&ucfs=1&arphpl=1&checkin=2025-03-01&checkout=2025-03-08&dest_id=-372490&dest_type=city&group_adults=2&req_adults=2&no_rooms=1&group_children=0&req_children=0&hpos=9&hapos=691&sr_order=popularity&srpvid=af307f62bb9d0534&srepoch=1738174110&all_sr_blocks=55233401_331928719_4_0_0&highlighted_blocks=55233401_331928719_4_0_0&matching_block_id=55233401_331928719_4_0_0&sr_pri_blocks=55233401_331928719_4_0_0__313822&from=searchresults
Seafront suite with terrace,"Sant Martí, Barcelona",https://www.booking.com/hotel/es/seafront-suite-with-terrace.html?label=gen173nr-1BCAEoggI46AdSAnVzWARoRogBAZgBMbgBGcgBD9gBAegBAYgCAagCA7gC-NjpvAbAAgHSAiQ4ZGVlZWVhMi1mOTI5LTRmOWQtOTk0OC0xMzU5MWFkYWNlODjYAgXgAgE&sid=f990c8e44d8a49a026ee40f8b9e3b3a2&aid=304142&ucfs=1&arphpl=1&checkin=2025-03-01&checkout=2025-03-08&dest_id=-372490&dest_type=city&group_adults=2&req_adults=2&no_rooms=1&group_children=0&req_children=0&hpos=10&hapos=692&sr_order=popularity&srpvid=af307f62bb9d0534&srepoch=1738174110&all_sr_blocks=1288350701_401786029_4_0_0&highlighted_blocks=1288350701_401786029_4_0_0&matching_block_id=1288350701_401786029_4_0_0&sr_pri_blocks=1288350701_401786029_4_0_0__385671&from=searchresults
Canela Homes BARCELONA BEACH,"Sant Martí, Barcelona",https://www.booking.com/hotel/es/canela-homes-barcelona-beach.html?label=gen173nr-1BCAEoggI46AdSAnVzWARoRogBAZgBMbgBGcgBD9gBAegBAYgCAagCA7gC-NjpvAbAAgHSAiQ4ZGVlZWVhMi1mOTI5LTRmOWQtOTk0OC0xMzU5MWFkYWNlODjYAgXgAgE&sid=f990c8e44d8a49a026ee40f8b9e3b3a2&aid=304142&ucfs=1&arphpl=1&checkin=2025-03-01&checkout=2025-03-08&dest_id=-372490&dest_type=city&group_adults=2&req_adults=2&no_rooms=1&group_children=0&req_children=0&hpos=11&hapos=693&sr_order=popularity&srpvid=af307f62bb9d0534&srepoch=1738174110&all_sr_blocks=1084443201_381350747_5_0_0&highlighted_blocks=1084443201_381350747_5_0_0&matching_block_id=1084443201_381350747_5_0_0&sr_pri_blocks=1084443201_381350747_5_0_0__538862&from=searchresults
Stay U-nique Apartments Roger Llúria,"Eixample, Barcelona",https://www.booking.com/hotel/es/huge-family-flat-w-2-terraces-for-10-people.html?label=gen173nr-1BCAEoggI46AdSAnVzWARoRogBAZgBMbgBGcgBD9gBAegBAYgCAagCA7gC-NjpvAbAAgHSAiQ4ZGVlZWVhMi1mOTI5LTRmOWQtOTk0OC0xMzU5MWFkYWNlODjYAgXgAgE&sid=f990c8e44d8a49a026ee40f8b9e3b3a2&aid=304142&ucfs=1&arphpl=1&checkin=2025-03-01&checkout=2025-03-08&dest_id=-372490&dest_type=city&group_adults=2&req_adults=2&no_rooms=1&group_children=0&req_children=0&hpos=12&hapos=694&sr_order=popularity&srpvid=af307f62bb9d0534&srepoch=1738174110&all_sr_blocks=551681901_202087991_0_0_0&highlighted_blocks=551681901_202087991_0_0_0&matching_block_id=551681901_202087991_0_0_0&sr_pri_blocks=551681901_202087991_0_0_0__564984&from=searchresults
Frida by EnjoyApartments,"Gràcia, Barcelona",https://www.booking.com/hotel/es/frida-by-enjoyapartments.html?label=gen173nr-1BCAEoggI46AdSAnVzWARoRogBAZgBMbgBGcgBD9gBAegBAYgCAagCA7gC-NjpvAbAAgHSAiQ4ZGVlZWVhMi1mOTI5LTRmOWQtOTk0OC0xMzU5MWFkYWNlODjYAgXgAgE&sid=f990c8e44d8a49a026ee40f8b9e3b3a2&aid=304142&ucfs=1&arphpl=1&checkin=2025-03-01&checkout=2025-03-08&dest_id=-372490&dest_type=city&group_adults=2&req_adults=2&no_rooms=1&group_children=0&req_children=0&hpos=13&hapos=695&sr_order=popularity&srpvid=af307f62bb9d0534&srepoch=1738174110&all_sr_blocks=1210868502_393414781_4_0_0&highlighted_blocks=1210868502_393414781_4_0_0&matching_block_id=1210868502_393414781_4_0_0&sr_pri_blocks=1210868502_393414781_4_0_0__304827&from=searchresults
Apartament Conde Güell,"Les Corts, Barcelona",https://www.booking.com/hotel/es/apartament-conde-ga1-4ell.html?label=gen173nr-1BCAEoggI46AdSAnVzWARoRogBAZgBMbgBGcgBD9gBAegBAYgCAagCA7gC-NjpvAbAAgHSAiQ4ZGVlZWVhMi1mOTI5LTRmOWQtOTk0OC0xMzU5MWFkYWNlODjYAgXgAgE&sid=f990c8e44d8a49a026ee40f8b9e3b3a2&aid=304142&ucfs=1&arphpl=1&checkin=2025-03-01&checkout=2025-03-08&dest_id=-372490&dest_type=city&group_adults=2&req_adults=2&no_rooms=1&group_children=0&req_children=0&hpos=14&hapos=696&sr_order=popularity&srpvid=af307f62bb9d0534&srepoch=1738174110&all_sr_blocks=40647901_88499688_0_0_0&highlighted_blocks=40647901_88499688_0_0_0&matching_block_id=40647901_88499688_0_0_0&sr_pri_blocks=40647901_88499688_0_0_0__311382&from=searchresults
Gran Via Apartment,"Eixample, Barcelona",https://www.booking.com/hotel/es/gran-via-apartment-barcelona2.html?label=gen173nr-1BCAEoggI46AdSAnVzWARoRogBAZgBMbgBGcgBD9gBAegBAYgCAagCA7gC-NjpvAbAAgHSAiQ4ZGVlZWVhMi1mOTI5LTRmOWQtOTk0OC0xMzU5MWFkYWNlODjYAgXgAgE&sid=f990c8e44d8a49a026ee40f8b9e3b3a2&aid=304142&ucfs=1&arphpl=1&checkin=2025-03-01&checkout=2025-03-08&dest_id=-372490&dest_type=city&group_adults=2&req_adults=2&no_rooms=1&group_children=0&req_children=0&hpos=15&hapos=697&sr_order=popularity&srpvid=af307f62bb9d0534&srepoch=1738174110&all_sr_blocks=1249386101_397319413_2_0_0&highlighted_blocks=1249386101_397319413_2_0_0&matching_block_id=1249386101_397319413_2_0_0&sr_pri_blocks=1249386101_397319413_2_0_0__217953&from=searchresults
Aya House,Barcelona,https://www.booking.com/hotel/es/skyfall-nature-tibidabo.html?label=gen173nr-1BCAEoggI46AdSAnVzWARoRogBAZgBMbgBGcgBD9gBAegBAYgCAagCA7gC-NjpvAbAAgHSAiQ4ZGVlZWVhMi1mOTI5LTRmOWQtOTk0OC0xMzU5MWFkYWNlODjYAgXgAgE&sid=f990c8e44d8a49a026ee40f8b9e3b3a2&aid=304142&ucfs=1&arphpl=1&checkin=2025-03-01&checkout=2025-03-08&dest_id=-372490&dest_type=city&group_adults=2&req_adults=2&no_rooms=1&group_children=0&req_children=0&hpos=16&hapos=698&sr_order=popularity&srpvid=af307f62bb9d0534&srepoch=1738174110&all_sr_blocks=958833003_385013191_0_42_0&highlighted_blocks=958833003_385013191_0_42_0&matching_block_id=958833003_385013191_0_42_0&sr_pri_blocks=958833003_385013191_0_42_0__136500&from=searchresults
Nice apartment in Sants,"Sants-Montjuïc, Barcelona",https://www.booking.com/hotel/es/nice-apartment-in-sants-free-wifi-amp-netflix.html?label=gen173nr-1BCAEoggI46AdSAnVzWARoRogBAZgBMbgBGcgBD9gBAegBAYgCAagCA7gC-NjpvAbAAgHSAiQ4ZGVlZWVhMi1mOTI5LTRmOWQtOTk0OC0xMzU5MWFkYWNlODjYAgXgAgE&sid=f990c8e44d8a49a026ee40f8b9e3b3a2&aid=304142&ucfs=1&arphpl=1&checkin=2025-03-01&checkout=2025-03-08&dest_id=-372490&dest_type=city&group_adults=2&req_adults=2&no_rooms=1&group_children=0&req_children=0&hpos=17&hapos=699&sr_order=popularity&srpvid=af307f62bb9d0534&srepoch=1738174110&all_sr_blocks=326525901_329934566_4_0_0&highlighted_blocks=326525901_329934566_4_0_0&matching_block_id=326525901_329934566_4_0_0&sr_pri_blocks=326525901_329934566_4_0_0__247382&from=searchresults
AB Verdi Villa de Gracia Apartment,"Gràcia, Barcelona",https://www.booking.com/hotel/es/4179-ab-verdi-villa-de-gracia-apartment.html?label=gen173nr-1BCAEoggI46AdSAnVzWARoRogBAZgBMbgBGcgBD9gBAegBAYgCAagCA7gC-NjpvAbAAgHSAiQ4ZGVlZWVhMi1mOTI5LTRmOWQtOTk0OC0xMzU5MWFkYWNlODjYAgXgAgE&sid=f990c8e44d8a49a026ee40f8b9e3b3a2&aid=304142&ucfs=1&arphpl=1&checkin=2025-03-01&checkout=2025-03-08&dest_id=-372490&dest_type=city&group_adults=2&req_adults=2&no_rooms=1&group_children=0&req_children=0&hpos=18&hapos=700&sr_order=popularity&srpvid=af307f62bb9d0534&srepoch=1738174110&all_sr_blocks=1221614602_394347584_3_0_0&highlighted_blocks=1221614602_394347584_3_0_0&matching_block_id=1221614602_394347584_3_0_0&sr_pri_blocks=1221614602_394347584_3_0_0__228292&from=searchresults
"Ferienwohnung für 3 Personen ca 50 qm in Barcelona-Eixample, Costa Brava Costa del Maresme","Eixample, Barcelona",https://www.booking.com/hotel/es/ferienwohnung-fur-3-personen-ca-50-qm-in-barcelona-eixample-costa-brava-costa-de.html?label=gen173nr-1BCAEoggI46AdSAnVzWARoRogBAZgBMbgBGcgBD9gBAegBAYgCAagCA7gC-NjpvAbAAgHSAiQ4ZGVlZWVhMi1mOTI5LTRmOWQtOTk0OC0xMzU5MWFkYWNlODjYAgXgAgE&sid=f990c8e44d8a49a026ee40f8b9e3b3a2&aid=304142&ucfs=1&arphpl=1&checkin=2025-03-01&checkout=2025-03-08&dest_id=-372490&dest_type=city&group_adults=2&req_adults=2&no_rooms=1&group_children=0&req_children=0&hpos=19&hapos=701&sr_order=popularity&srpvid=af307f62bb9d0534&srepoch=1738174110&all_sr_blocks=1184009602_407032962_3_0_0&highlighted_blocks=1184009602_407032962_3_0_0&matching_block_id=1184009602_407032962_3_0_0&sr_pri_blocks=1184009602_407032962_3_0_0__263225&from=searchresults
Sweett - Verdi,"Gràcia, Barcelona",https://www.booking.com/hotel/es/sweet-inn-apartments-gracia.html?label=gen173nr-1BCAEoggI46AdSAnVzWARoRogBAZgBMbgBGcgBD9gBAegBAYgCAagCA7gC-NjpvAbAAgHSAiQ4ZGVlZWVhMi1mOTI5LTRmOWQtOTk0OC0xMzU5MWFkYWNlODjYAgXgAgE&sid=f990c8e44d8a49a026ee40f8b9e3b3a2&aid=304142&ucfs=1&arphpl=1&checkin=2025-03-01&checkout=2025-03-08&dest_id=-372490&dest_type=city&group_adults=2&req_adults=2&no_rooms=1&group_children=0&req_children=0&hpos=1&hapos=702&sr_order=popularity&srpvid=af307f62bb9d0534&srepoch=1738174114&all_sr_blocks=585357202_229076540_6_0_0&highlighted_blocks=585357202_229076540_6_0_0&matching_block_id=585357202_229076540_6_0_0&sr_pri_blocks=585357202_229076540_6_0_0__347098&from=searchresults
Serras Barcelona,"Ciutat Vella, Barcelona",https://www.booking.com/hotel/es/the-serras.html?label=gen173nr-1BCAEoggI46AdSAnVzWARoRogBAZgBMbgBGcgBD9gBAegBAYgCAagCA7gC-NjpvAbAAgHSAiQ4ZGVlZWVhMi1mOTI5LTRmOWQtOTk0OC0xMzU5MWFkYWNlODjYAgXgAgE&sid=f990c8e44d8a49a026ee40f8b9e3b3a2&aid=304142&ucfs=1&arphpl=1&checkin=2025-03-01&checkout=2025-03-08&dest_id=-372490&dest_type=city&group_adults=2&req_adults=2&no_rooms=1&group_children=0&req_children=0&hpos=2&hapos=703&sr_order=popularity&srpvid=af307f62bb9d0534&srepoch=1738174114&all_sr_blocks=119345403_91949274_2_2_0&highlighted_blocks=119345403_91949274_2_2_0&matching_block_id=119345403_91949274_2_2_0&sr_pri_blocks=119345403_91949274_2_2_0__756350&from_sustainable_property_sr=1&from=searchresults
AinB Las Ramblas-Guardia Apartments,"Ciutat Vella, Barcelona",https://www.booking.com/hotel/es/apartaments-in-barcelona-guardia.html?label=gen173nr-1BCAEoggI46AdSAnVzWARoRogBAZgBMbgBGcgBD9gBAegBAYgCAagCA7gC-NjpvAbAAgHSAiQ4ZGVlZWVhMi1mOTI5LTRmOWQtOTk0OC0xMzU5MWFkYWNlODjYAgXgAgE&sid=f990c8e44d8a49a026ee40f8b9e3b3a2&aid=304142&ucfs=1&arphpl=1&checkin=2025-03-01&checkout=2025-03-08&dest_id=-372490&dest_type=city&group_adults=2&req_adults=2&no_rooms=1&group_children=0&req_children=0&hpos=3&hapos=704&sr_order=popularity&srpvid=af307f62bb9d0534&srepoch=1738174114&all_sr_blocks=1287103_95136595_4_0_0&highlighted_blocks=1287103_95136595_4_0_0&matching_block_id=1287103_95136595_4_0_0&sr_pri_blocks=1287103_95136595_4_0_0__413620&from=searchresults
Sweett - Bogatell Beach,"Sant Martí, Barcelona",https://www.booking.com/hotel/es/boga-beach.html?label=gen173nr-1BCAEoggI46AdSAnVzWARoRogBAZgBMbgBGcgBD9gBAegBAYgCAagCA7gC-NjpvAbAAgHSAiQ4ZGVlZWVhMi1mOTI5LTRmOWQtOTk0OC0xMzU5MWFkYWNlODjYAgXgAgE&sid=f990c8e44d8a49a026ee40f8b9e3b3a2&aid=304142&ucfs=1&arphpl=1&checkin=2025-03-01&checkout=2025-03-08&dest_id=-372490&dest_type=city&group_adults=2&req_adults=2&no_rooms=1&group_children=0&req_children=0&hpos=4&hapos=705&sr_order=popularity&srpvid=af307f62bb9d0534&srepoch=1738174114&all_sr_blocks=169880701_91964203_4_0_0&highlighted_blocks=169880701_91964203_4_0_0&matching_block_id=169880701_91964203_4_0_0&sr_pri_blocks=169880701_91964203_4_0_0__281845&from=searchresults
Homenfun Barcelona Les Corts,"Les Corts, Barcelona",https://www.booking.com/hotel/es/homenfun-les-corts-barcelona.html?label=gen173nr-1BCAEoggI46AdSAnVzWARoRogBAZgBMbgBGcgBD9gBAegBAYgCAagCA7gC-NjpvAbAAgHSAiQ4ZGVlZWVhMi1mOTI5LTRmOWQtOTk0OC0xMzU5MWFkYWNlODjYAgXgAgE&sid=f990c8e44d8a49a026ee40f8b9e3b3a2&aid=304142&ucfs=1&arphpl=1&checkin=2025-03-01&checkout=2025-03-08&dest_id=-372490&dest_type=city&group_adults=2&req_adults=2&no_rooms=1&group_children=0&req_children=0&hpos=5&hapos=706&sr_order=popularity&srpvid=af307f62bb9d0534&srepoch=1738174114&all_sr_blocks=651021601_328133604_3_0_0&highlighted_blocks=651021601_328133604_3_0_0&matching_block_id=651021601_328133604_3_0_0&sr_pri_blocks=651021601_328133604_3_0_0__161548&from=searchresults
Sweett - Paseo de Gracia - City Centre,"Eixample, Barcelona",https://www.booking.com/hotel/es/passeig-de-gracia-zara.html?label=gen173nr-1BCAEoggI46AdSAnVzWARoRogBAZgBMbgBGcgBD9gBAegBAYgCAagCA7gC-NjpvAbAAgHSAiQ4ZGVlZWVhMi1mOTI5LTRmOWQtOTk0OC0xMzU5MWFkYWNlODjYAgXgAgE&sid=f990c8e44d8a49a026ee40f8b9e3b3a2&aid=304142&ucfs=1&arphpl=1&checkin=2025-03-01&checkout=2025-03-08&dest_id=-372490&dest_type=city&group_adults=2&req_adults=2&no_rooms=1&group_children=0&req_children=0&hpos=6&hapos=707&sr_order=popularity&srpvid=af307f62bb9d0534&srepoch=1738174114&all_sr_blocks=144695601_89255457_4_0_0&highlighted_blocks=144695601_89255457_4_0_0&matching_block_id=144695601_89255457_4_0_0&sr_pri_blocks=144695601_89255457_4_0_0__391969&from=searchresults
Enjoy Apartments Maria II,"Eixample, Barcelona",https://www.booking.com/hotel/es/ea-maria-2-two-bedroom-apartment-with-private-rooftop.html?label=gen173nr-1BCAEoggI46AdSAnVzWARoRogBAZgBMbgBGcgBD9gBAegBAYgCAagCA7gC-NjpvAbAAgHSAiQ4ZGVlZWVhMi1mOTI5LTRmOWQtOTk0OC0xMzU5MWFkYWNlODjYAgXgAgE&sid=f990c8e44d8a49a026ee40f8b9e3b3a2&aid=304142&ucfs=1&arphpl=1&checkin=2025-03-01&checkout=2025-03-08&dest_id=-372490&dest_type=city&group_adults=2&req_adults=2&no_rooms=1&group_children=0&req_children=0&hpos=7&hapos=708&sr_order=popularity&srpvid=af307f62bb9d0534&srepoch=1738174114&all_sr_blocks=930655302_370254496_4_0_0&highlighted_blocks=930655302_370254496_4_0_0&matching_block_id=930655302_370254496_4_0_0&sr_pri_blocks=930655302_370254496_4_0_0__360004&from=searchresults
Fridays Flats Arc De Triomf - Solar & Spacious,"Eixample, Barcelona",https://www.booking.com/hotel/es/sardenya-barcelona.html?label=gen173nr-1BCAEoggI46AdSAnVzWARoRogBAZgBMbgBGcgBD9gBAegBAYgCAagCA7gC-NjpvAbAAgHSAiQ4ZGVlZWVhMi1mOTI5LTRmOWQtOTk0OC0xMzU5MWFkYWNlODjYAgXgAgE&sid=f990c8e44d8a49a026ee40f8b9e3b3a2&aid=304142&ucfs=1&arphpl=1&checkin=2025-03-01&checkout=2025-03-08&dest_id=-372490&dest_type=city&group_adults=2&req_adults=2&no_rooms=1&group_children=0&req_children=0&hpos=8&hapos=709&sr_order=popularity&srpvid=af307f62bb9d0534&srepoch=1738174114&all_sr_blocks=89497101_237295888_4_0_0&highlighted_blocks=89497101_237295888_4_0_0&matching_block_id=89497101_237295888_4_0_0&sr_pri_blocks=89497101_237295888_4_0_0__422773&from=searchresults
TSA La Rambla,"Ciutat Vella, Barcelona",https://www.booking.com/hotel/es/the-streets-apartments-rambla-barcelona.html?label=gen173nr-1BCAEoggI46AdSAnVzWARoRogBAZgBMbgBGcgBD9gBAegBAYgCAagCA7gC-NjpvAbAAgHSAiQ4ZGVlZWVhMi1mOTI5LTRmOWQtOTk0OC0xMzU5MWFkYWNlODjYAgXgAgE&sid=f990c8e44d8a49a026ee40f8b9e3b3a2&aid=304142&ucfs=1&arphpl=1&checkin=2025-03-01&checkout=2025-03-08&dest_id=-372490&dest_type=city&group_adults=2&req_adults=2&no_rooms=1&group_children=0&req_children=0&hpos=9&hapos=710&sr_order=popularity&srpvid=af307f62bb9d0534&srepoch=1738174114&all_sr_blocks=997178901_372582803_2_0_0&highlighted_blocks=997178901_372582803_2_0_0&matching_block_id=997178901_372582803_2_0_0&sr_pri_blocks=997178901_372582803_2_0_0__252443&from=searchresults
Amazing sea and Sagrada Familia views homey apartment,"Horta-Guinardó, Barcelona",https://www.booking.com/hotel/es/amazing-views-from-a-cozy-apartment.html?label=gen173nr-1BCAEoggI46AdSAnVzWARoRogBAZgBMbgBGcgBD9gBAegBAYgCAagCA7gC-NjpvAbAAgHSAiQ4ZGVlZWVhMi1mOTI5LTRmOWQtOTk0OC0xMzU5MWFkYWNlODjYAgXgAgE&sid=f990c8e44d8a49a026ee40f8b9e3b3a2&aid=304142&ucfs=1&arphpl=1&checkin=2025-03-01&checkout=2025-03-08&dest_id=-372490&dest_type=city&group_adults=2&req_adults=2&no_rooms=1&group_children=0&req_children=0&hpos=10&hapos=711&sr_order=popularity&srpvid=af307f62bb9d0534&srepoch=1738174114&all_sr_blocks=822832401_376308105_0_0_0&highlighted_blocks=822832401_376308105_0_0_0&matching_block_id=822832401_376308105_0_0_0&sr_pri_blocks=822832401_376308105_0_0_0__305622&from=searchresults
Sweett - Urqui City Center,"Ciutat Vella, Barcelona",https://www.booking.com/hotel/es/de-trafalgar.html?label=gen173nr-1BCAEoggI46AdSAnVzWARoRogBAZgBMbgBGcgBD9gBAegBAYgCAagCA7gC-NjpvAbAAgHSAiQ4ZGVlZWVhMi1mOTI5LTRmOWQtOTk0OC0xMzU5MWFkYWNlODjYAgXgAgE&sid=f990c8e44d8a49a026ee40f8b9e3b3a2&aid=304142&ucfs=1&arphpl=1&checkin=2025-03-01&checkout=2025-03-08&dest_id=-372490&dest_type=city&group_adults=2&req_adults=2&no_rooms=1&group_children=0&req_children=0&hpos=11&hapos=712&sr_order=popularity&srpvid=af307f62bb9d0534&srepoch=1738174114&all_sr_blocks=144933401_89255222_6_0_0&highlighted_blocks=144933401_89255222_6_0_0&matching_block_id=144933401_89255222_6_0_0&sr_pri_blocks=144933401_89255222_6_0_0__403229&from=searchresults
La PLAYA ! Centro Barcelona !,"Ciutat Vella, Barcelona",https://www.booking.com/hotel/es/arc-de-triumfo-2.html?label=gen173nr-1BCAEoggI46AdSAnVzWARoRogBAZgBMbgBGcgBD9gBAegBAYgCAagCA7gC-NjpvAbAAgHSAiQ4ZGVlZWVhMi1mOTI5LTRmOWQtOTk0OC0xMzU5MWFkYWNlODjYAgXgAgE&sid=f990c8e44d8a49a026ee40f8b9e3b3a2&aid=304142&ucfs=1&arphpl=1&checkin=2025-03-01&checkout=2025-03-08&dest_id=-372490&dest_type=city&group_adults=2&req_adults=2&no_rooms=1&group_children=0&req_children=0&hpos=12&hapos=713&sr_order=popularity&srpvid=af307f62bb9d0534&srepoch=1738174114&all_sr_blocks=742813502_329478954_2_0_0&highlighted_blocks=742813502_329478954_2_0_0&matching_block_id=742813502_329478954_2_0_0&sr_pri_blocks=742813502_329478954_2_0_0__165775&from=searchresults
Enjoy Apartments La Riera One,"Gràcia, Barcelona",https://www.booking.com/hotel/es/ea-la-riera-charm-dos.html?label=gen173nr-1BCAEoggI46AdSAnVzWARoRogBAZgBMbgBGcgBD9gBAegBAYgCAagCA7gC-NjpvAbAAgHSAiQ4ZGVlZWVhMi1mOTI5LTRmOWQtOTk0OC0xMzU5MWFkYWNlODjYAgXgAgE&sid=f990c8e44d8a49a026ee40f8b9e3b3a2&aid=304142&ucfs=1&arphpl=1&checkin=2025-03-01&checkout=2025-03-08&dest_id=-372490&dest_type=city&group_adults=2&req_adults=2&no_rooms=1&group_children=0&req_children=0&hpos=13&hapos=714&sr_order=popularity&srpvid=af307f62bb9d0534&srepoch=1738174114&all_sr_blocks=929823502_394177567_4_0_0&highlighted_blocks=929823502_394177567_4_0_0&matching_block_id=929823502_394177567_4_0_0&sr_pri_blocks=929823502_394177567_4_0_0__417304&from=searchresults
´Vicens Gem´ Private terrace HS Wi-Fi in Gracia by MyRentalHost,"Gràcia, Barcelona",https://www.booking.com/hotel/es/vicens-gem-private-terrace-hs-wi-fi-in-gracia-by-myrentalhost-barcelona.html?label=gen173nr-1BCAEoggI46AdSAnVzWARoRogBAZgBMbgBGcgBD9gBAegBAYgCAagCA7gC-NjpvAbAAgHSAiQ4ZGVlZWVhMi1mOTI5LTRmOWQtOTk0OC0xMzU5MWFkYWNlODjYAgXgAgE&sid=f990c8e44d8a49a026ee40f8b9e3b3a2&aid=304142&ucfs=1&arphpl=1&checkin=2025-03-01&checkout=2025-03-08&dest_id=-372490&dest_type=city&group_adults=2&req_adults=2&no_rooms=1&group_children=0&req_children=0&hpos=14&hapos=715&sr_order=popularity&srpvid=af307f62bb9d0534&srepoch=1738174114&all_sr_blocks=1166883302_395076791_3_0_0&highlighted_blocks=1166883302_395076791_3_0_0&matching_block_id=1166883302_395076791_3_0_0&sr_pri_blocks=1166883302_395076791_3_0_0__235587&from=searchresults
Sagrada Familia IV by Enjoy Apartments,"Eixample, Barcelona",https://www.booking.com/hotel/es/ea-sagrada-familia-iv-great-apartment-6-pax-next-sagrada-familia-was-3.html?label=gen173nr-1BCAEoggI46AdSAnVzWARoRogBAZgBMbgBGcgBD9gBAegBAYgCAagCA7gC-NjpvAbAAgHSAiQ4ZGVlZWVhMi1mOTI5LTRmOWQtOTk0OC0xMzU5MWFkYWNlODjYAgXgAgE&sid=f990c8e44d8a49a026ee40f8b9e3b3a2&aid=304142&ucfs=1&arphpl=1&checkin=2025-03-01&checkout=2025-03-08&dest_id=-372490&dest_type=city&group_adults=2&req_adults=2&no_rooms=1&group_children=0&req_children=0&hpos=15&hapos=716&sr_order=popularity&srpvid=af307f62bb9d0534&srepoch=1738174114&all_sr_blocks=930655802_394185292_6_0_0&highlighted_blocks=930655802_394185292_6_0_0&matching_block_id=930655802_394185292_6_0_0&sr_pri_blocks=930655802_394185292_6_0_0__358024&from=searchresults
AinB Eixample-Miro Apartments,"Eixample, Barcelona",https://www.booking.com/hotel/es/apartments-in-barcelona-eixample-center.html?label=gen173nr-1BCAEoggI46AdSAnVzWARoRogBAZgBMbgBGcgBD9gBAegBAYgCAagCA7gC-NjpvAbAAgHSAiQ4ZGVlZWVhMi1mOTI5LTRmOWQtOTk0OC0xMzU5MWFkYWNlODjYAgXgAgE&sid=f990c8e44d8a49a026ee40f8b9e3b3a2&aid=304142&ucfs=1&arphpl=1&checkin=2025-03-01&checkout=2025-03-08&dest_id=-372490&dest_type=city&group_adults=2&req_adults=2&no_rooms=1&group_children=0&req_children=0&hpos=16&hapos=717&sr_order=popularity&srpvid=af307f62bb9d0534&srepoch=1738174114&all_sr_blocks=38625906_91473889_4_0_0&highlighted_blocks=38625906_91473889_4_0_0&matching_block_id=38625906_91473889_4_0_0&sr_pri_blocks=38625906_91473889_4_0_0__384122&from=searchresults
Camp Nou Stadium,"Les Corts, Barcelona",https://www.booking.com/hotel/es/camp-nou-stadium.html?label=gen173nr-1BCAEoggI46AdSAnVzWARoRogBAZgBMbgBGcgBD9gBAegBAYgCAagCA7gC-NjpvAbAAgHSAiQ4ZGVlZWVhMi1mOTI5LTRmOWQtOTk0OC0xMzU5MWFkYWNlODjYAgXgAgE&sid=f990c8e44d8a49a026ee40f8b9e3b3a2&aid=304142&ucfs=1&arphpl=1&checkin=2025-03-01&checkout=2025-03-08&dest_id=-372490&dest_type=city&group_adults=2&req_adults=2&no_rooms=1&group_children=0&req_children=0&hpos=17&hapos=718&sr_order=popularity&srpvid=af307f62bb9d0534&srepoch=1738174114&all_sr_blocks=1328683301_407336620_9_0_0&highlighted_blocks=1328683301_407336620_9_0_0&matching_block_id=1328683301_407336620_9_0_0&sr_pri_blocks=1328683301_407336620_9_0_0__758232&from=searchresults
Enjoy Apartments Urban Retreat Valencia 2,"Eixample, Barcelona",https://www.booking.com/hotel/es/urban-retreat-valencia-2.html?label=gen173nr-1BCAEoggI46AdSAnVzWARoRogBAZgBMbgBGcgBD9gBAegBAYgCAagCA7gC-NjpvAbAAgHSAiQ4ZGVlZWVhMi1mOTI5LTRmOWQtOTk0OC0xMzU5MWFkYWNlODjYAgXgAgE&sid=f990c8e44d8a49a026ee40f8b9e3b3a2&aid=304142&ucfs=1&arphpl=1&checkin=2025-03-01&checkout=2025-03-08&dest_id=-372490&dest_type=city&group_adults=2&req_adults=2&no_rooms=1&group_children=0&req_children=0&hpos=18&hapos=719&sr_order=popularity&srpvid=af307f62bb9d0534&srepoch=1738174114&all_sr_blocks=1104583102_383725560_3_0_0&highlighted_blocks=1104583102_383725560_3_0_0&matching_block_id=1104583102_383725560_3_0_0&sr_pri_blocks=1104583102_383725560_3_0_0__254649&from=searchresults
Lets Holidays Terrace Barcelona,"Sant Andreu, Barcelona",https://www.booking.com/hotel/es/lets-holidays-terrace-barcelona.html?label=gen173nr-1BCAEoggI46AdSAnVzWARoRogBAZgBMbgBGcgBD9gBAegBAYgCAagCA7gC-NjpvAbAAgHSAiQ4ZGVlZWVhMi1mOTI5LTRmOWQtOTk0OC0xMzU5MWFkYWNlODjYAgXgAgE&sid=f990c8e44d8a49a026ee40f8b9e3b3a2&aid=304142&ucfs=1&arphpl=1&checkin=2025-03-01&checkout=2025-03-08&dest_id=-372490&dest_type=city&group_adults=2&req_adults=2&no_rooms=1&group_children=0&req_children=0&hpos=19&hapos=720&sr_order=popularity&srpvid=af307f62bb9d0534&srepoch=1738174114&all_sr_blocks=140752701_91351156_6_0_0&highlighted_blocks=140752701_91351156_6_0_0&matching_block_id=140752701_91351156_6_0_0&sr_pri_blocks=140752701_91351156_6_0_0__335732&from=searchresults
BC0MV001MA - MARIA,"Eixample, Barcelona",https://www.booking.com/hotel/es/the-girona-74-apartment.html?label=gen173nr-1BCAEoggI46AdSAnVzWARoRogBAZgBMbgBGcgBD9gBAegBAYgCAagCA7gC-NjpvAbAAgHSAiQ4ZGVlZWVhMi1mOTI5LTRmOWQtOTk0OC0xMzU5MWFkYWNlODjYAgXgAgE&sid=f990c8e44d8a49a026ee40f8b9e3b3a2&aid=304142&ucfs=1&arphpl=1&checkin=2025-03-01&checkout=2025-03-08&dest_id=-372490&dest_type=city&group_adults=2&req_adults=2&no_rooms=1&group_children=0&req_children=0&hpos=20&hapos=721&sr_order=popularity&srpvid=af307f62bb9d0534&srepoch=1738174114&all_sr_blocks=587840502_238374766_4_0_0&highlighted_blocks=587840502_238374766_4_0_0&matching_block_id=587840502_238374766_4_0_0&sr_pri_blocks=587840502_238374766_4_0_0__376059&from=searchresults
Homenfun Barcelona Sagrada Familia Lepanto,"Horta-Guinardó, Barcelona",https://www.booking.com/hotel/es/homenfun-sagrada-familia-barcelona.html?label=gen173nr-1BCAEoggI46AdSAnVzWARoRogBAZgBMbgBGcgBD9gBAegBAYgCAagCA7gC-NjpvAbAAgHSAiQ4ZGVlZWVhMi1mOTI5LTRmOWQtOTk0OC0xMzU5MWFkYWNlODjYAgXgAgE&sid=f990c8e44d8a49a026ee40f8b9e3b3a2&aid=304142&ucfs=1&arphpl=1&checkin=2025-03-01&checkout=2025-03-08&dest_id=-372490&dest_type=city&group_adults=2&req_adults=2&no_rooms=1&group_children=0&req_children=0&hpos=21&hapos=722&sr_order=popularity&srpvid=af307f62bb9d0534&srepoch=1738174114&all_sr_blocks=432885801_328134295_2_0_0&highlighted_blocks=432885801_328134295_2_0_0&matching_block_id=432885801_328134295_2_0_0&sr_pri_blocks=432885801_328134295_2_0_0__166184&from=searchresults
Alcam Paseo de Gracia,"Eixample, Barcelona",https://www.booking.com/hotel/es/monet.html?label=gen173nr-1BCAEoggI46AdSAnVzWARoRogBAZgBMbgBGcgBD9gBAegBAYgCAagCA7gC-NjpvAbAAgHSAiQ4ZGVlZWVhMi1mOTI5LTRmOWQtOTk0OC0xMzU5MWFkYWNlODjYAgXgAgE&sid=f990c8e44d8a49a026ee40f8b9e3b3a2&aid=304142&ucfs=1&arphpl=1&checkin=2025-03-01&checkout=2025-03-08&dest_id=-372490&dest_type=city&group_adults=2&req_adults=2&no_rooms=1&group_children=0&req_children=0&hpos=22&hapos=723&sr_order=popularity&srpvid=af307f62bb9d0534&srepoch=1738174114&all_sr_blocks=158500202_218778193_0_0_0&highlighted_blocks=158500202_218778193_0_0_0&matching_block_id=158500202_218778193_0_0_0&sr_pri_blocks=158500202_218778193_0_0_0__432601&from=searchresults
Lodging Apartments Illa Diagonal,"Les Corts, Barcelona",https://www.booking.com/hotel/es/lodging-apartments-camp-nou.html?label=gen173nr-1BCAEoggI46AdSAnVzWARoRogBAZgBMbgBGcgBD9gBAegBAYgCAagCA7gC-NjpvAbAAgHSAiQ4ZGVlZWVhMi1mOTI5LTRmOWQtOTk0OC0xMzU5MWFkYWNlODjYAgXgAgE&sid=f990c8e44d8a49a026ee40f8b9e3b3a2&aid=304142&ucfs=1&arphpl=1&checkin=2025-03-01&checkout=2025-03-08&dest_id=-372490&dest_type=city&group_adults=2&req_adults=2&no_rooms=1&group_children=0&req_children=0&hpos=23&hapos=724&sr_order=popularity&srpvid=af307f62bb9d0534&srepoch=1738174114&all_sr_blocks=85530701_103213675_0_0_0&highlighted_blocks=85530701_103213675_0_0_0&matching_block_id=85530701_103213675_0_0_0&sr_pri_blocks=85530701_103213675_0_0_0__380752&from=searchresults
Casa Cosi El Farro 4,"Sarrià-St. Gervasi, Barcelona",https://www.booking.com/hotel/es/casa-cosi-el-farro-4.html?label=gen173nr-1BCAEoggI46AdSAnVzWARoRogBAZgBMbgBGcgBD9gBAegBAYgCAagCA7gC-NjpvAbAAgHSAiQ4ZGVlZWVhMi1mOTI5LTRmOWQtOTk0OC0xMzU5MWFkYWNlODjYAgXgAgE&sid=f990c8e44d8a49a026ee40f8b9e3b3a2&aid=304142&ucfs=1&arphpl=1&checkin=2025-03-01&checkout=2025-03-08&dest_id=-372490&dest_type=city&group_adults=2&req_adults=2&no_rooms=1&group_children=0&req_children=0&hpos=24&hapos=725&sr_order=popularity&srpvid=af307f62bb9d0534&srepoch=1738174114&all_sr_blocks=910295802_377070332_0_0_0&highlighted_blocks=910295802_377070332_0_0_0&matching_block_id=910295802_377070332_0_0_0&sr_pri_blocks=910295802_377070332_0_0_0__294865&from=searchresults
Sweett - Gothic,"Ciutat Vella, Barcelona",https://www.booking.com/hotel/es/sweet-inn-apartments-gothic.html?label=gen173nr-1BCAEoggI46AdSAnVzWARoRogBAZgBMbgBGcgBD9gBAegBAYgCAagCA7gC-NjpvAbAAgHSAiQ4ZGVlZWVhMi1mOTI5LTRmOWQtOTk0OC0xMzU5MWFkYWNlODjYAgXgAgE&sid=f990c8e44d8a49a026ee40f8b9e3b3a2&aid=304142&ucfs=1&arphpl=1&checkin=2025-03-01&checkout=2025-03-08&dest_id=-372490&dest_type=city&group_adults=2&req_adults=2&no_rooms=1&group_children=0&req_children=0&hpos=25&hapos=726&sr_order=popularity&srpvid=af307f62bb9d0534&srepoch=1738174114&all_sr_blocks=456668701_139305825_5_0_0&highlighted_blocks=456668701_139305825_5_0_0&matching_block_id=456668701_139305825_5_0_0&sr_pri_blocks=456668701_139305825_5_0_0__441507&from=searchresults
Sagrada Familia Double Sunny room Metro L-5,"Sant Martí, Barcelona",https://www.booking.com/hotel/es/sagrada-familia-double-sunny-room-metro-l-5-barcelona.html?label=gen173nr-1BCAEoggI46AdSAnVzWARoRogBAZgBMbgBGcgBD9gBAegBAYgCAagCA7gC-NjpvAbAAgHSAiQ4ZGVlZWVhMi1mOTI5LTRmOWQtOTk0OC0xMzU5MWFkYWNlODjYAgXgAgE&sid=f990c8e44d8a49a026ee40f8b9e3b3a2&aid=304142&ucfs=1&arphpl=1&checkin=2025-03-01&checkout=2025-03-08&dest_id=-372490&dest_type=city&group_adults=2&req_adults=2&no_rooms=1&group_children=0&req_children=0&hpos=1&hapos=727&sr_order=popularity&srpvid=af307f62bb9d0534&srepoch=1738174118&all_sr_blocks=1242892202_396212759_0_0_0&highlighted_blocks=1242892202_396212759_0_0_0&matching_block_id=1242892202_396212759_0_0_0&sr_pri_blocks=1242892202_396212759_0_0_0__106785&from=searchresults
Cosmo Apartments Passeig de Gràcia,"Eixample, Barcelona",https://www.booking.com/hotel/es/cosmo-apartments-passeig-de-gracia.html?label=gen173nr-1BCAEoggI46AdSAnVzWARoRogBAZgBMbgBGcgBD9gBAegBAYgCAagCA7gC-NjpvAbAAgHSAiQ4ZGVlZWVhMi1mOTI5LTRmOWQtOTk0OC0xMzU5MWFkYWNlODjYAgXgAgE&sid=f990c8e44d8a49a026ee40f8b9e3b3a2&aid=304142&ucfs=1&arphpl=1&checkin=2025-03-01&checkout=2025-03-08&dest_id=-372490&dest_type=city&group_adults=2&req_adults=2&no_rooms=1&group_children=0&req_children=0&hpos=2&hapos=728&sr_order=popularity&srpvid=af307f62bb9d0534&srepoch=1738174118&all_sr_blocks=42448609_93108651_2_0_0&highlighted_blocks=42448609_93108651_2_0_0&matching_block_id=42448609_93108651_2_0_0&sr_pri_blocks=42448609_93108651_2_0_0__436232&from=searchresults
Sweett - Pare Lainez II,"Gràcia, Barcelona",https://www.booking.com/hotel/es/sweett-pare-lainez-ii-barcelona.html?label=gen173nr-1BCAEoggI46AdSAnVzWARoRogBAZgBMbgBGcgBD9gBAegBAYgCAagCA7gC-NjpvAbAAgHSAiQ4ZGVlZWVhMi1mOTI5LTRmOWQtOTk0OC0xMzU5MWFkYWNlODjYAgXgAgE&sid=f990c8e44d8a49a026ee40f8b9e3b3a2&aid=304142&ucfs=1&arphpl=1&checkin=2025-03-01&checkout=2025-03-08&dest_id=-372490&dest_type=city&group_adults=2&req_adults=2&no_rooms=1&group_children=0&req_children=0&hpos=3&hapos=729&sr_order=popularity&srpvid=af307f62bb9d0534&srepoch=1738174118&all_sr_blocks=1301437601_403035342_4_0_0&highlighted_blocks=1301437601_403035342_4_0_0&matching_block_id=1301437601_403035342_4_0_0&sr_pri_blocks=1301437601_403035342_4_0_0__279276&from=searchresults
Líbere Barcelona Sant Antoni,"Eixample, Barcelona",https://www.booking.com/hotel/es/libere-barcelona-sant-antoni.html?label=gen173nr-1BCAEoggI46AdSAnVzWARoRogBAZgBMbgBGcgBD9gBAegBAYgCAagCA7gC-NjpvAbAAgHSAiQ4ZGVlZWVhMi1mOTI5LTRmOWQtOTk0OC0xMzU5MWFkYWNlODjYAgXgAgE&sid=f990c8e44d8a49a026ee40f8b9e3b3a2&aid=304142&ucfs=1&arphpl=1&checkin=2025-03-01&checkout=2025-03-08&dest_id=-372490&dest_type=city&group_adults=2&req_adults=2&no_rooms=1&group_children=0&req_children=0&hpos=4&hapos=730&sr_order=popularity&srpvid=af307f62bb9d0534&srepoch=1738174118&all_sr_blocks=9179726_204775730_0_0_0&highlighted_blocks=9179726_204775730_0_0_0&matching_block_id=9179726_204775730_0_0_0&sr_pri_blocks=9179726_204775730_0_0_0__416788&from=searchresults
The MO House,"Eixample, Barcelona",https://www.booking.com/hotel/es/the-mo-house.html?label=gen173nr-1BCAEoggI46AdSAnVzWARoRogBAZgBMbgBGcgBD9gBAegBAYgCAagCA7gC-NjpvAbAAgHSAiQ4ZGVlZWVhMi1mOTI5LTRmOWQtOTk0OC0xMzU5MWFkYWNlODjYAgXgAgE&sid=f990c8e44d8a49a026ee40f8b9e3b3a2&aid=304142&ucfs=1&arphpl=1&checkin=2025-03-01&checkout=2025-03-08&dest_id=-372490&dest_type=city&group_adults=2&req_adults=2&no_rooms=1&group_children=0&req_children=0&hpos=5&hapos=731&sr_order=popularity&srpvid=af307f62bb9d0534&srepoch=1738174118&all_sr_blocks=755309507_332295956_3_0_0&highlighted_blocks=755309507_332295956_3_0_0&matching_block_id=755309507_332295956_3_0_0&sr_pri_blocks=755309507_332295956_3_0_0__258667&from=searchresults
Stay U-nique Apartments Vila de Gracia II,"Gràcia, Barcelona",https://www.booking.com/hotel/es/fabulous-3-bed-with-terrace-in-charming-gracia-barcelona.html?label=gen173nr-1BCAEoggI46AdSAnVzWARoRogBAZgBMbgBGcgBD9gBAegBAYgCAagCA7gC-NjpvAbAAgHSAiQ4ZGVlZWVhMi1mOTI5LTRmOWQtOTk0OC0xMzU5MWFkYWNlODjYAgXgAgE&sid=f990c8e44d8a49a026ee40f8b9e3b3a2&aid=304142&ucfs=1&arphpl=1&checkin=2025-03-01&checkout=2025-03-08&dest_id=-372490&dest_type=city&group_adults=2&req_adults=2&no_rooms=1&group_children=0&req_children=0&hpos=6&hapos=732&sr_order=popularity&srpvid=af307f62bb9d0534&srepoch=1738174118&all_sr_blocks=1158401702_388582034_0_0_0&highlighted_blocks=1158401702_388582034_0_0_0&matching_block_id=1158401702_388582034_0_0_0&sr_pri_blocks=1158401702_388582034_0_0_0__273275&from=searchresults
Alcam Enamorats,"Eixample, Barcelona",https://www.booking.com/hotel/es/alcam-enamorats.html?label=gen173nr-1BCAEoggI46AdSAnVzWARoRogBAZgBMbgBGcgBD9gBAegBAYgCAagCA7gC-NjpvAbAAgHSAiQ4ZGVlZWVhMi1mOTI5LTRmOWQtOTk0OC0xMzU5MWFkYWNlODjYAgXgAgE&sid=f990c8e44d8a49a026ee40f8b9e3b3a2&aid=304142&ucfs=1&arphpl=1&checkin=2025-03-01&checkout=2025-03-08&dest_id=-372490&dest_type=city&group_adults=2&req_adults=2&no_rooms=1&group_children=0&req_children=0&hpos=7&hapos=733&sr_order=popularity&srpvid=af307f62bb9d0534&srepoch=1738174118&all_sr_blocks=73826801_138984965_0_0_0&highlighted_blocks=73826801_138984965_0_0_0&matching_block_id=73826801_138984965_0_0_0&sr_pri_blocks=73826801_138984965_0_0_0__289388&from=searchresults
Enamorats,"Eixample, Barcelona",https://www.booking.com/hotel/es/enamorats-barcelona2.html?label=gen173nr-1BCAEoggI46AdSAnVzWARoRogBAZgBMbgBGcgBD9gBAegBAYgCAagCA7gC-NjpvAbAAgHSAiQ4ZGVlZWVhMi1mOTI5LTRmOWQtOTk0OC0xMzU5MWFkYWNlODjYAgXgAgE&sid=f990c8e44d8a49a026ee40f8b9e3b3a2&aid=304142&ucfs=1&arphpl=1&checkin=2025-03-01&checkout=2025-03-08&dest_id=-372490&dest_type=city&group_adults=2&req_adults=2&no_rooms=1&group_children=0&req_children=0&hpos=8&hapos=734&sr_order=popularity&srpvid=af307f62bb9d0534&srepoch=1738174118&all_sr_blocks=1157238001_388493999_6_0_0&highlighted_blocks=1157238001_388493999_6_0_0&matching_block_id=1157238001_388493999_6_0_0&sr_pri_blocks=1157238001_388493999_6_0_0__319040&from=searchresults
Homenfun Barcelona Sagrada Familia Marina,"Eixample, Barcelona",https://www.booking.com/hotel/es/homenfun-sagrada-familia-views.html?label=gen173nr-1BCAEoggI46AdSAnVzWARoRogBAZgBMbgBGcgBD9gBAegBAYgCAagCA7gC-NjpvAbAAgHSAiQ4ZGVlZWVhMi1mOTI5LTRmOWQtOTk0OC0xMzU5MWFkYWNlODjYAgXgAgE&sid=f990c8e44d8a49a026ee40f8b9e3b3a2&aid=304142&ucfs=1&arphpl=1&checkin=2025-03-01&checkout=2025-03-08&dest_id=-372490&dest_type=city&group_adults=2&req_adults=2&no_rooms=1&group_children=0&req_children=0&hpos=9&hapos=735&sr_order=popularity&srpvid=af307f62bb9d0534&srepoch=1738174118&all_sr_blocks=784840501_340347166_2_0_0&highlighted_blocks=784840501_340347166_2_0_0&matching_block_id=784840501_340347166_2_0_0&sr_pri_blocks=784840501_340347166_2_0_0__230484&from=searchresults
"Ferienwohnung für 4 Personen ca 75 qm in Barcelona-Eixample, Costa Brava Costa del Maresme","Eixample, Barcelona",https://www.booking.com/hotel/es/ferienwohnung-fur-4-personen-ca-75-qm-in-barcelona-eixample-costa-brav-barcelona.html?label=gen173nr-1BCAEoggI46AdSAnVzWARoRogBAZgBMbgBGcgBD9gBAegBAYgCAagCA7gC-NjpvAbAAgHSAiQ4ZGVlZWVhMi1mOTI5LTRmOWQtOTk0OC0xMzU5MWFkYWNlODjYAgXgAgE&sid=f990c8e44d8a49a026ee40f8b9e3b3a2&aid=304142&ucfs=1&arphpl=1&checkin=2025-03-01&checkout=2025-03-08&dest_id=-372490&dest_type=city&group_adults=2&req_adults=2&no_rooms=1&group_children=0&req_children=0&hpos=10&hapos=736&sr_order=popularity&srpvid=af307f62bb9d0534&srepoch=1738174118&all_sr_blocks=1184011402_406976754_4_0_0&highlighted_blocks=1184011402_406976754_4_0_0&matching_block_id=1184011402_406976754_4_0_0&sr_pri_blocks=1184011402_406976754_4_0_0__357070&from=searchresults
Sweett - Cosy Ciutadella,"Sant Martí, Barcelona",https://www.booking.com/hotel/es/de-sardenya.html?label=gen173nr-1BCAEoggI46AdSAnVzWARoRogBAZgBMbgBGcgBD9gBAegBAYgCAagCA7gC-NjpvAbAAgHSAiQ4ZGVlZWVhMi1mOTI5LTRmOWQtOTk0OC0xMzU5MWFkYWNlODjYAgXgAgE&sid=f990c8e44d8a49a026ee40f8b9e3b3a2&aid=304142&ucfs=1&arphpl=1&checkin=2025-03-01&checkout=2025-03-08&dest_id=-372490&dest_type=city&group_adults=2&req_adults=2&no_rooms=1&group_children=0&req_children=0&hpos=11&hapos=737&sr_order=popularity&srpvid=af307f62bb9d0534&srepoch=1738174118&all_sr_blocks=147412001_89255207_4_0_0&highlighted_blocks=147412001_89255207_4_0_0&matching_block_id=147412001_89255207_4_0_0&sr_pri_blocks=147412001_89255207_4_0_0__310462&from=searchresults
Apartment Camp Nou by Interhome,"Les Corts, Barcelona",https://www.booking.com/hotel/es/apartment-barcelona-barcelona.html?label=gen173nr-1BCAEoggI46AdSAnVzWARoRogBAZgBMbgBGcgBD9gBAegBAYgCAagCA7gC-NjpvAbAAgHSAiQ4ZGVlZWVhMi1mOTI5LTRmOWQtOTk0OC0xMzU5MWFkYWNlODjYAgXgAgE&sid=f990c8e44d8a49a026ee40f8b9e3b3a2&aid=304142&ucfs=1&arphpl=1&checkin=2025-03-01&checkout=2025-03-08&dest_id=-372490&dest_type=city&group_adults=2&req_adults=2&no_rooms=1&group_children=0&req_children=0&hpos=12&hapos=738&sr_order=popularity&srpvid=af307f62bb9d0534&srepoch=1738174118&all_sr_blocks=74188101_295897550_6_0_0&highlighted_blocks=74188101_295897550_6_0_0&matching_block_id=74188101_295897550_6_0_0&sr_pri_blocks=74188101_295897550_6_0_0__260147&from=searchresults
BC0CR012V1 -Valencia P1 - Urban Retreat,"Eixample, Barcelona",https://www.booking.com/hotel/es/urban-retreat-valencia-1.html?label=gen173nr-1BCAEoggI46AdSAnVzWARoRogBAZgBMbgBGcgBD9gBAegBAYgCAagCA7gC-NjpvAbAAgHSAiQ4ZGVlZWVhMi1mOTI5LTRmOWQtOTk0OC0xMzU5MWFkYWNlODjYAgXgAgE&sid=f990c8e44d8a49a026ee40f8b9e3b3a2&aid=304142&ucfs=1&arphpl=1&checkin=2025-03-01&checkout=2025-03-08&dest_id=-372490&dest_type=city&group_adults=2&req_adults=2&no_rooms=1&group_children=0&req_children=0&hpos=13&hapos=739&sr_order=popularity&srpvid=af307f62bb9d0534&srepoch=1738174118&all_sr_blocks=1222133402_394361328_3_0_0&highlighted_blocks=1222133402_394361328_3_0_0&matching_block_id=1222133402_394361328_3_0_0&sr_pri_blocks=1222133402_394361328_3_0_0__308933&from=searchresults
1229 - AWESOME CITY CENTER APARTMENT WITH TERRACE,"Eixample, Barcelona",https://www.booking.com/hotel/es/1229-awesome-city-center-apartment-with-terrace-barcelona.html?label=gen173nr-1BCAEoggI46AdSAnVzWARoRogBAZgBMbgBGcgBD9gBAegBAYgCAagCA7gC-NjpvAbAAgHSAiQ4ZGVlZWVhMi1mOTI5LTRmOWQtOTk0OC0xMzU5MWFkYWNlODjYAgXgAgE&sid=f990c8e44d8a49a026ee40f8b9e3b3a2&aid=304142&ucfs=1&arphpl=1&checkin=2025-03-01&checkout=2025-03-08&dest_id=-372490&dest_type=city&group_adults=2&req_adults=2&no_rooms=1&group_children=0&req_children=0&hpos=14&hapos=740&sr_order=popularity&srpvid=af307f62bb9d0534&srepoch=1738174118&all_sr_blocks=311786102_129404479_4_0_0_611612&highlighted_blocks=311786102_129404479_4_0_0_611612&matching_block_id=311786102_129404479_4_0_0_611612&sr_pri_blocks=311786102_129404479_4_0_0_611612_479582&from=searchresults
Apartment Eixample Esquerre Arago Rocafort by Interhome,"Eixample, Barcelona",https://www.booking.com/hotel/es/apartment-arago-rocafort-barcelona.html?label=gen173nr-1BCAEoggI46AdSAnVzWARoRogBAZgBMbgBGcgBD9gBAegBAYgCAagCA7gC-NjpvAbAAgHSAiQ4ZGVlZWVhMi1mOTI5LTRmOWQtOTk0OC0xMzU5MWFkYWNlODjYAgXgAgE&sid=f990c8e44d8a49a026ee40f8b9e3b3a2&aid=304142&ucfs=1&arphpl=1&checkin=2025-03-01&checkout=2025-03-08&dest_id=-372490&dest_type=city&group_adults=2&req_adults=2&no_rooms=1&group_children=0&req_children=0&hpos=15&hapos=741&sr_order=popularity&srpvid=af307f62bb9d0534&srepoch=1738174118&all_sr_blocks=55415301_295895997_3_0_0&highlighted_blocks=55415301_295895997_3_0_0&matching_block_id=55415301_295895997_3_0_0&sr_pri_blocks=55415301_295895997_3_0_0__215782&from=searchresults
Click&Flat Gaudi Dream II,"Eixample, Barcelona",https://www.booking.com/hotel/es/amazing-views-over-sagrada-familia-barcelona2.html?label=gen173nr-1BCAEoggI46AdSAnVzWARoRogBAZgBMbgBGcgBD9gBAegBAYgCAagCA7gC-NjpvAbAAgHSAiQ4ZGVlZWVhMi1mOTI5LTRmOWQtOTk0OC0xMzU5MWFkYWNlODjYAgXgAgE&sid=f990c8e44d8a49a026ee40f8b9e3b3a2&aid=304142&ucfs=1&arphpl=1&checkin=2025-03-01&checkout=2025-03-08&dest_id=-372490&dest_type=city&group_adults=2&req_adults=2&no_rooms=1&group_children=0&req_children=0&hpos=16&hapos=742&sr_order=popularity&srpvid=af307f62bb9d0534&srepoch=1738174118&all_sr_blocks=1230975901_395081938_2_0_0_500280&highlighted_blocks=1230975901_395081938_2_0_0_500280&matching_block_id=1230975901_395081938_2_0_0_500280&sr_pri_blocks=1230975901_395081938_2_0_0_500280_411479&from=searchresults
Stay U-nique Apartment Creu Coberta,"Sants-Montjuïc, Barcelona",https://www.booking.com/hotel/es/elegant-studio-close-to-plaza-de-espanya.html?label=gen173nr-1BCAEoggI46AdSAnVzWARoRogBAZgBMbgBGcgBD9gBAegBAYgCAagCA7gC-NjpvAbAAgHSAiQ4ZGVlZWVhMi1mOTI5LTRmOWQtOTk0OC0xMzU5MWFkYWNlODjYAgXgAgE&sid=f990c8e44d8a49a026ee40f8b9e3b3a2&aid=304142&ucfs=1&arphpl=1&checkin=2025-03-01&checkout=2025-03-08&dest_id=-372490&dest_type=city&group_adults=2&req_adults=2&no_rooms=1&group_children=0&req_children=0&hpos=17&hapos=743&sr_order=popularity&srpvid=af307f62bb9d0534&srepoch=1738174118&all_sr_blocks=1078696502_380477309_0_0_0&highlighted_blocks=1078696502_380477309_0_0_0&matching_block_id=1078696502_380477309_0_0_0&sr_pri_blocks=1078696502_380477309_0_0_0__213076&from=searchresults
Horta HouseGardenViews2 bedrooms,"Horta-Guinardó, Barcelona",https://www.booking.com/hotel/es/house-in-horta.html?label=gen173nr-1BCAEoggI46AdSAnVzWARoRogBAZgBMbgBGcgBD9gBAegBAYgCAagCA7gC-NjpvAbAAgHSAiQ4ZGVlZWVhMi1mOTI5LTRmOWQtOTk0OC0xMzU5MWFkYWNlODjYAgXgAgE&sid=f990c8e44d8a49a026ee40f8b9e3b3a2&aid=304142&ucfs=1&arphpl=1&checkin=2025-03-01&checkout=2025-03-08&dest_id=-372490&dest_type=city&group_adults=2&req_adults=2&no_rooms=1&group_children=0&req_children=0&hpos=18&hapos=744&sr_order=popularity&srpvid=af307f62bb9d0534&srepoch=1738174118&all_sr_blocks=227799801_393138814_3_0_0&highlighted_blocks=227799801_393138814_3_0_0&matching_block_id=227799801_393138814_3_0_0&sr_pri_blocks=227799801_393138814_3_0_0__212882&from=searchresults
Casa Cosi - Sants,"Sants-Montjuïc, Barcelona",https://www.booking.com/hotel/es/casa-cosi-sants.html?label=gen173nr-1BCAEoggI46AdSAnVzWARoRogBAZgBMbgBGcgBD9gBAegBAYgCAagCA7gC-NjpvAbAAgHSAiQ4ZGVlZWVhMi1mOTI5LTRmOWQtOTk0OC0xMzU5MWFkYWNlODjYAgXgAgE&sid=f990c8e44d8a49a026ee40f8b9e3b3a2&aid=304142&ucfs=1&arphpl=1&checkin=2025-03-01&checkout=2025-03-08&dest_id=-372490&dest_type=city&group_adults=2&req_adults=2&no_rooms=1&group_children=0&req_children=0&hpos=19&hapos=745&sr_order=popularity&srpvid=af307f62bb9d0534&srepoch=1738174118&all_sr_blocks=618773001_377072154_0_0_0&highlighted_blocks=618773001_377072154_0_0_0&matching_block_id=618773001_377072154_0_0_0&sr_pri_blocks=618773001_377072154_0_0_0__284169&from=searchresults
Loft Poblenou cerca de la playawifiazotea,"Sant Martí, Barcelona",https://www.booking.com/hotel/es/loft-pere-iv.html?label=gen173nr-1BCAEoggI46AdSAnVzWARoRogBAZgBMbgBGcgBD9gBAegBAYgCAagCA7gC-NjpvAbAAgHSAiQ4ZGVlZWVhMi1mOTI5LTRmOWQtOTk0OC0xMzU5MWFkYWNlODjYAgXgAgE&sid=f990c8e44d8a49a026ee40f8b9e3b3a2&aid=304142&ucfs=1&arphpl=1&checkin=2025-03-01&checkout=2025-03-08&dest_id=-372490&dest_type=city&group_adults=2&req_adults=2&no_rooms=1&group_children=0&req_children=0&hpos=20&hapos=746&sr_order=popularity&srpvid=af307f62bb9d0534&srepoch=1738174118&all_sr_blocks=103992201_335583925_4_0_0&highlighted_blocks=103992201_335583925_4_0_0&matching_block_id=103992201_335583925_4_0_0&sr_pri_blocks=103992201_335583925_4_0_0__216770&from=searchresults
Poblenou Beach Amazing Charm,"Sant Martí, Barcelona",https://www.booking.com/hotel/es/poblenou-beach-amazing-charm.html?label=gen173nr-1BCAEoggI46AdSAnVzWARoRogBAZgBMbgBGcgBD9gBAegBAYgCAagCA7gC-NjpvAbAAgHSAiQ4ZGVlZWVhMi1mOTI5LTRmOWQtOTk0OC0xMzU5MWFkYWNlODjYAgXgAgE&sid=f990c8e44d8a49a026ee40f8b9e3b3a2&aid=304142&ucfs=1&arphpl=1&checkin=2025-03-01&checkout=2025-03-08&dest_id=-372490&dest_type=city&group_adults=2&req_adults=2&no_rooms=1&group_children=0&req_children=0&hpos=21&hapos=747&sr_order=popularity&srpvid=af307f62bb9d0534&srepoch=1738174118&all_sr_blocks=640723401_396983498_2_0_0&highlighted_blocks=640723401_396983498_2_0_0&matching_block_id=640723401_396983498_2_0_0&sr_pri_blocks=640723401_396983498_2_0_0__208223&from=searchresults
Sweett - Dali Apartment Gracia,"Gràcia, Barcelona",https://www.booking.com/hotel/es/sweet-inn-apartment-diagonal-paseo-de-gracia.html?label=gen173nr-1BCAEoggI46AdSAnVzWARoRogBAZgBMbgBGcgBD9gBAegBAYgCAagCA7gC-NjpvAbAAgHSAiQ4ZGVlZWVhMi1mOTI5LTRmOWQtOTk0OC0xMzU5MWFkYWNlODjYAgXgAgE&sid=f990c8e44d8a49a026ee40f8b9e3b3a2&aid=304142&ucfs=1&arphpl=1&checkin=2025-03-01&checkout=2025-03-08&dest_id=-372490&dest_type=city&group_adults=2&req_adults=2&no_rooms=1&group_children=0&req_children=0&hpos=22&hapos=748&sr_order=popularity&srpvid=af307f62bb9d0534&srepoch=1738174118&all_sr_blocks=144934301_89255369_4_0_0&highlighted_blocks=144934301_89255369_4_0_0&matching_block_id=144934301_89255369_4_0_0&sr_pri_blocks=144934301_89255369_4_0_0__280956&from=searchresults
Lets Holidays Apartment Barcelona near beach,"Sant Martí, Barcelona",https://www.booking.com/hotel/es/lets-holidays-apartment-barcelona-near-beach.html?label=gen173nr-1BCAEoggI46AdSAnVzWARoRogBAZgBMbgBGcgBD9gBAegBAYgCAagCA7gC-NjpvAbAAgHSAiQ4ZGVlZWVhMi1mOTI5LTRmOWQtOTk0OC0xMzU5MWFkYWNlODjYAgXgAgE&sid=f990c8e44d8a49a026ee40f8b9e3b3a2&aid=304142&ucfs=1&arphpl=1&checkin=2025-03-01&checkout=2025-03-08&dest_id=-372490&dest_type=city&group_adults=2&req_adults=2&no_rooms=1&group_children=0&req_children=0&hpos=23&hapos=749&sr_order=popularity&srpvid=af307f62bb9d0534&srepoch=1738174118&all_sr_blocks=128485501_88510652_6_0_0&highlighted_blocks=128485501_88510652_6_0_0&matching_block_id=128485501_88510652_6_0_0&sr_pri_blocks=128485501_88510652_6_0_0__325632&from=searchresults
Enjoy Apartments Calle Paris Super Stylish,"Eixample, Barcelona",https://www.booking.com/hotel/es/enjoy-apartments-calle-paris-super-stylish.html?label=gen173nr-1BCAEoggI46AdSAnVzWARoRogBAZgBMbgBGcgBD9gBAegBAYgCAagCA7gC-NjpvAbAAgHSAiQ4ZGVlZWVhMi1mOTI5LTRmOWQtOTk0OC0xMzU5MWFkYWNlODjYAgXgAgE&sid=f990c8e44d8a49a026ee40f8b9e3b3a2&aid=304142&ucfs=1&arphpl=1&checkin=2025-03-01&checkout=2025-03-08&dest_id=-372490&dest_type=city&group_adults=2&req_adults=2&no_rooms=1&group_children=0&req_children=0&hpos=24&hapos=750&sr_order=popularity&srpvid=af307f62bb9d0534&srepoch=1738174118&all_sr_blocks=1166586002_389338125_4_0_0&highlighted_blocks=1166586002_389338125_4_0_0&matching_block_id=1166586002_389338125_4_0_0&sr_pri_blocks=1166586002_389338125_4_0_0__366004&from=searchresults
Habitat apartments Barcelona Center,"Eixample, Barcelona",https://www.booking.com/hotel/es/habitat-apartments-balmes.html?label=gen173nr-1BCAEoggI46AdSAnVzWARoRogBAZgBMbgBGcgBD9gBAegBAYgCAagCA7gC-NjpvAbAAgHSAiQ4ZGVlZWVhMi1mOTI5LTRmOWQtOTk0OC0xMzU5MWFkYWNlODjYAgXgAgE&sid=f990c8e44d8a49a026ee40f8b9e3b3a2&aid=304142&ucfs=1&arphpl=1&checkin=2025-03-01&checkout=2025-03-08&dest_id=-372490&dest_type=city&group_adults=2&req_adults=2&no_rooms=1&group_children=0&req_children=0&hpos=1&hapos=751&sr_order=popularity&srpvid=af307f62bb9d0534&srepoch=1738174122&all_sr_blocks=86628101_88418512_0_0_0&highlighted_blocks=86628101_88418512_0_0_0&matching_block_id=86628101_88418512_0_0_0&sr_pri_blocks=86628101_88418512_0_0_0__331625&from=searchresults
The Level at Melia Barcelona Sky,"Sant Martí, Barcelona",https://www.booking.com/hotel/es/the-level-at-melia-barcelona-sky.html?label=gen173nr-1BCAEoggI46AdSAnVzWARoRogBAZgBMbgBGcgBD9gBAegBAYgCAagCA7gC-NjpvAbAAgHSAiQ4ZGVlZWVhMi1mOTI5LTRmOWQtOTk0OC0xMzU5MWFkYWNlODjYAgXgAgE&sid=f990c8e44d8a49a026ee40f8b9e3b3a2&aid=304142&ucfs=1&arphpl=1&checkin=2025-03-01&checkout=2025-03-08&dest_id=-372490&dest_type=city&group_adults=2&req_adults=2&no_rooms=1&group_children=0&req_children=0&hpos=2&hapos=752&sr_order=popularity&srpvid=af307f62bb9d0534&srepoch=1738174122&all_sr_blocks=55697015_91989474_2_2_0&highlighted_blocks=55697015_91989474_2_2_0&matching_block_id=55697015_91989474_2_2_0&sr_pri_blocks=55697015_91989474_2_2_0__361850&from=searchresults
Twentytu Hostel Barcelona,"Sant Martí, Barcelona",https://www.booking.com/hotel/es/twentytu-hostel.html?label=gen173nr-1BCAEoggI46AdSAnVzWARoRogBAZgBMbgBGcgBD9gBAegBAYgCAagCA7gC-NjpvAbAAgHSAiQ4ZGVlZWVhMi1mOTI5LTRmOWQtOTk0OC0xMzU5MWFkYWNlODjYAgXgAgE&sid=f990c8e44d8a49a026ee40f8b9e3b3a2&aid=304142&ucfs=1&arphpl=1&checkin=2025-03-01&checkout=2025-03-08&dest_id=-372490&dest_type=city&group_adults=2&req_adults=2&no_rooms=1&group_children=0&req_children=0&hpos=3&hapos=753&sr_order=popularity&srpvid=af307f62bb9d0534&srepoch=1738174122&all_sr_blocks=42411009_91928015_2_2_0&highlighted_blocks=42411009_91928015_2_2_0&matching_block_id=42411009_91928015_2_2_0&sr_pri_blocks=42411009_91928015_2_2_0__393400&from_sustainable_property_sr=1&from=searchresults
Lodging Apartments Liceu 11,"Ciutat Vella, Barcelona",https://www.booking.com/hotel/es/lodging-apartments-liceu-11.html?label=gen173nr-1BCAEoggI46AdSAnVzWARoRogBAZgBMbgBGcgBD9gBAegBAYgCAagCA7gC-NjpvAbAAgHSAiQ4ZGVlZWVhMi1mOTI5LTRmOWQtOTk0OC0xMzU5MWFkYWNlODjYAgXgAgE&sid=f990c8e44d8a49a026ee40f8b9e3b3a2&aid=304142&ucfs=1&arphpl=1&checkin=2025-03-01&checkout=2025-03-08&dest_id=-372490&dest_type=city&group_adults=2&req_adults=2&no_rooms=1&group_children=0&req_children=0&hpos=4&hapos=754&sr_order=popularity&srpvid=af307f62bb9d0534&srepoch=1738174122&all_sr_blocks=893594501_359761694_4_0_0&highlighted_blocks=893594501_359761694_4_0_0&matching_block_id=893594501_359761694_4_0_0&sr_pri_blocks=893594501_359761694_4_0_0__326977&from=searchresults
"Wittmore Hotel - Adults Only, Small Luxury Hotels","Ciutat Vella, Barcelona",https://www.booking.com/hotel/es/the-wittmore.html?label=gen173nr-1BCAEoggI46AdSAnVzWARoRogBAZgBMbgBGcgBD9gBAegBAYgCAagCA7gC-NjpvAbAAgHSAiQ4ZGVlZWVhMi1mOTI5LTRmOWQtOTk0OC0xMzU5MWFkYWNlODjYAgXgAgE&sid=f990c8e44d8a49a026ee40f8b9e3b3a2&aid=304142&ucfs=1&arphpl=1&checkin=2025-03-01&checkout=2025-03-08&dest_id=-372490&dest_type=city&group_adults=2&req_adults=2&no_rooms=1&group_children=0&req_children=0&hpos=5&hapos=755&sr_order=popularity&srpvid=af307f62bb9d0534&srepoch=1738174122&all_sr_blocks=177156302_120204760_0_2_0&highlighted_blocks=177156302_120204760_0_2_0&matching_block_id=177156302_120204760_0_2_0&sr_pri_blocks=177156302_120204760_0_2_0__484840&from=searchresults
Balmes Apartment by Olala Homes,"Sarrià-St. Gervasi, Barcelona",https://www.booking.com/hotel/es/olala-balmes-apartment.html?label=gen173nr-1BCAEoggI46AdSAnVzWARoRogBAZgBMbgBGcgBD9gBAegBAYgCAagCA7gC-NjpvAbAAgHSAiQ4ZGVlZWVhMi1mOTI5LTRmOWQtOTk0OC0xMzU5MWFkYWNlODjYAgXgAgE&sid=f990c8e44d8a49a026ee40f8b9e3b3a2&aid=304142&ucfs=1&arphpl=1&checkin=2025-03-01&checkout=2025-03-08&dest_id=-372490&dest_type=city&group_adults=2&req_adults=2&no_rooms=1&group_children=0&req_children=0&hpos=6&hapos=756&sr_order=popularity&srpvid=af307f62bb9d0534&srepoch=1738174122&all_sr_blocks=1004199702_373186909_4_0_0&highlighted_blocks=1004199702_373186909_4_0_0&matching_block_id=1004199702_373186909_4_0_0&sr_pri_blocks=1004199702_373186909_4_0_0__401151&from=searchresults
Gòtic by The 5ve Soul,"Ciutat Vella, Barcelona",https://www.booking.com/hotel/es/ramblas-gothic-quarter-apartments-by-the5vesoul-1.html?label=gen173nr-1BCAEoggI46AdSAnVzWARoRogBAZgBMbgBGcgBD9gBAegBAYgCAagCA7gC-NjpvAbAAgHSAiQ4ZGVlZWVhMi1mOTI5LTRmOWQtOTk0OC0xMzU5MWFkYWNlODjYAgXgAgE&sid=f990c8e44d8a49a026ee40f8b9e3b3a2&aid=304142&ucfs=1&arphpl=1&checkin=2025-03-01&checkout=2025-03-08&dest_id=-372490&dest_type=city&group_adults=2&req_adults=2&no_rooms=1&group_children=0&req_children=0&hpos=7&hapos=757&sr_order=popularity&srpvid=af307f62bb9d0534&srepoch=1738174122&all_sr_blocks=552546004_356078043_2_0_0&highlighted_blocks=552546004_356078043_2_0_0&matching_block_id=552546004_356078043_2_0_0&sr_pri_blocks=552546004_356078043_2_0_0__465632&from=searchresults
"Ferienwohnung für 5 Personen ca 70 qm in Barcelona-Gràcia, Costa Brava Costa del Maresme","Gràcia, Barcelona",https://www.booking.com/hotel/es/ferienwohnung-fur-5-personen-ca-70-qm-in-barcelona-gracia-costa-brava-costa-del.html?label=gen173nr-1BCAEoggI46AdSAnVzWARoRogBAZgBMbgBGcgBD9gBAegBAYgCAagCA7gC-NjpvAbAAgHSAiQ4ZGVlZWVhMi1mOTI5LTRmOWQtOTk0OC0xMzU5MWFkYWNlODjYAgXgAgE&sid=f990c8e44d8a49a026ee40f8b9e3b3a2&aid=304142&ucfs=1&arphpl=1&checkin=2025-03-01&checkout=2025-03-08&dest_id=-372490&dest_type=city&group_adults=2&req_adults=2&no_rooms=1&group_children=0&req_children=0&hpos=8&hapos=758&sr_order=popularity&srpvid=af307f62bb9d0534&srepoch=1738174122&all_sr_blocks=1191834702_407039335_5_0_0&highlighted_blocks=1191834702_407039335_5_0_0&matching_block_id=1191834702_407039335_5_0_0&sr_pri_blocks=1191834702_407039335_5_0_0__291169&from=searchresults
Stay U-nique Apartments Pou,"Ciutat Vella, Barcelona",https://www.booking.com/hotel/es/vintage-flat-in-trendy-born-gothic-area.html?label=gen173nr-1BCAEoggI46AdSAnVzWARoRogBAZgBMbgBGcgBD9gBAegBAYgCAagCA7gC-NjpvAbAAgHSAiQ4ZGVlZWVhMi1mOTI5LTRmOWQtOTk0OC0xMzU5MWFkYWNlODjYAgXgAgE&sid=f990c8e44d8a49a026ee40f8b9e3b3a2&aid=304142&ucfs=1&arphpl=1&checkin=2025-03-01&checkout=2025-03-08&dest_id=-372490&dest_type=city&group_adults=2&req_adults=2&no_rooms=1&group_children=0&req_children=0&hpos=9&hapos=759&sr_order=popularity&srpvid=af307f62bb9d0534&srepoch=1738174122&all_sr_blocks=764602102_334026717_0_0_0&highlighted_blocks=764602102_334026717_0_0_0&matching_block_id=764602102_334026717_0_0_0&sr_pri_blocks=764602102_334026717_0_0_0__232088&from=searchresults
AinB Barcelona Sants Apartments,"Sants-Montjuïc, Barcelona",https://www.booking.com/hotel/es/animapartments-sants.html?label=gen173nr-1BCAEoggI46AdSAnVzWARoRogBAZgBMbgBGcgBD9gBAegBAYgCAagCA7gC-NjpvAbAAgHSAiQ4ZGVlZWVhMi1mOTI5LTRmOWQtOTk0OC0xMzU5MWFkYWNlODjYAgXgAgE&sid=f990c8e44d8a49a026ee40f8b9e3b3a2&aid=304142&ucfs=1&arphpl=1&checkin=2025-03-01&checkout=2025-03-08&dest_id=-372490&dest_type=city&group_adults=2&req_adults=2&no_rooms=1&group_children=0&req_children=0&hpos=10&hapos=760&sr_order=popularity&srpvid=af307f62bb9d0534&srepoch=1738174122&all_sr_blocks=319066103_114109520_4_0_0&highlighted_blocks=319066103_114109520_4_0_0&matching_block_id=319066103_114109520_4_0_0&sr_pri_blocks=319066103_114109520_4_0_0__447632&from=searchresults
Sagrada Familia Apartment by Olala Homes,"Gràcia, Barcelona",https://www.booking.com/hotel/es/sagrada-familia-apartment-by-olala-homes.html?label=gen173nr-1BCAEoggI46AdSAnVzWARoRogBAZgBMbgBGcgBD9gBAegBAYgCAagCA7gC-NjpvAbAAgHSAiQ4ZGVlZWVhMi1mOTI5LTRmOWQtOTk0OC0xMzU5MWFkYWNlODjYAgXgAgE&sid=f990c8e44d8a49a026ee40f8b9e3b3a2&aid=304142&ucfs=1&arphpl=1&checkin=2025-03-01&checkout=2025-03-08&dest_id=-372490&dest_type=city&group_adults=2&req_adults=2&no_rooms=1&group_children=0&req_children=0&hpos=11&hapos=761&sr_order=popularity&srpvid=af307f62bb9d0534&srepoch=1738174122&all_sr_blocks=1189966802_391342256_3_0_0_735670&highlighted_blocks=1189966802_391342256_3_0_0_735670&matching_block_id=1189966802_391342256_3_0_0_735670&sr_pri_blocks=1189966802_391342256_3_0_0_735670_278531&from=searchresults
Stay U-nique Apartment Putxet,"Sarrià-St. Gervasi, Barcelona",https://www.booking.com/hotel/es/cozy-renovated-apartment-in-putxet.html?label=gen173nr-1BCAEoggI46AdSAnVzWARoRogBAZgBMbgBGcgBD9gBAegBAYgCAagCA7gC-NjpvAbAAgHSAiQ4ZGVlZWVhMi1mOTI5LTRmOWQtOTk0OC0xMzU5MWFkYWNlODjYAgXgAgE&sid=f990c8e44d8a49a026ee40f8b9e3b3a2&aid=304142&ucfs=1&arphpl=1&checkin=2025-03-01&checkout=2025-03-08&dest_id=-372490&dest_type=city&group_adults=2&req_adults=2&no_rooms=1&group_children=0&req_children=0&hpos=12&hapos=762&sr_order=popularity&srpvid=af307f62bb9d0534&srepoch=1738174122&all_sr_blocks=1151241902_387937602_0_0_0&highlighted_blocks=1151241902_387937602_0_0_0&matching_block_id=1151241902_387937602_0_0_0&sr_pri_blocks=1151241902_387937602_0_0_0__271156&from=searchresults
Stay U-nique Apartment Provença III,"Eixample, Barcelona",https://www.booking.com/hotel/es/stylish-historic-apartment-next-to-sagrada-familia.html?label=gen173nr-1BCAEoggI46AdSAnVzWARoRogBAZgBMbgBGcgBD9gBAegBAYgCAagCA7gC-NjpvAbAAgHSAiQ4ZGVlZWVhMi1mOTI5LTRmOWQtOTk0OC0xMzU5MWFkYWNlODjYAgXgAgE&sid=f990c8e44d8a49a026ee40f8b9e3b3a2&aid=304142&ucfs=1&arphpl=1&checkin=2025-03-01&checkout=2025-03-08&dest_id=-372490&dest_type=city&group_adults=2&req_adults=2&no_rooms=1&group_children=0&req_children=0&hpos=13&hapos=763&sr_order=popularity&srpvid=af307f62bb9d0534&srepoch=1738174122&all_sr_blocks=1114219602_384346927_0_0_0&highlighted_blocks=1114219602_384346927_0_0_0&matching_block_id=1114219602_384346927_0_0_0&sr_pri_blocks=1114219602_384346927_0_0_0__325542&from=searchresults
Alcam Les Corts,"Les Corts, Barcelona",https://www.booking.com/hotel/es/alcam-les-corts.html?label=gen173nr-1BCAEoggI46AdSAnVzWARoRogBAZgBMbgBGcgBD9gBAegBAYgCAagCA7gC-NjpvAbAAgHSAiQ4ZGVlZWVhMi1mOTI5LTRmOWQtOTk0OC0xMzU5MWFkYWNlODjYAgXgAgE&sid=f990c8e44d8a49a026ee40f8b9e3b3a2&aid=304142&ucfs=1&arphpl=1&checkin=2025-03-01&checkout=2025-03-08&dest_id=-372490&dest_type=city&group_adults=2&req_adults=2&no_rooms=1&group_children=0&req_children=0&hpos=14&hapos=764&sr_order=popularity&srpvid=af307f62bb9d0534&srepoch=1738174122&all_sr_blocks=1039207102_376394646_0_0_0&highlighted_blocks=1039207102_376394646_0_0_0&matching_block_id=1039207102_376394646_0_0_0&sr_pri_blocks=1039207102_376394646_0_0_0__275195&from=searchresults
Homenfun Barcelona Sants estación,"Eixample, Barcelona",https://www.booking.com/hotel/es/homenfun-barcelona-sants-estacion.html?label=gen173nr-1BCAEoggI46AdSAnVzWARoRogBAZgBMbgBGcgBD9gBAegBAYgCAagCA7gC-NjpvAbAAgHSAiQ4ZGVlZWVhMi1mOTI5LTRmOWQtOTk0OC0xMzU5MWFkYWNlODjYAgXgAgE&sid=f990c8e44d8a49a026ee40f8b9e3b3a2&aid=304142&ucfs=1&arphpl=1&checkin=2025-03-01&checkout=2025-03-08&dest_id=-372490&dest_type=city&group_adults=2&req_adults=2&no_rooms=1&group_children=0&req_children=0&hpos=15&hapos=765&sr_order=popularity&srpvid=af307f62bb9d0534&srepoch=1738174122&all_sr_blocks=1165806401_389242387_4_0_0&highlighted_blocks=1165806401_389242387_4_0_0&matching_block_id=1165806401_389242387_4_0_0&sr_pri_blocks=1165806401_389242387_4_0_0__257144&from=searchresults
Homenfun Barcelona Gracia,"Gràcia, Barcelona",https://www.booking.com/hotel/es/homenfun-gracia-barcelona1.html?label=gen173nr-1BCAEoggI46AdSAnVzWARoRogBAZgBMbgBGcgBD9gBAegBAYgCAagCA7gC-NjpvAbAAgHSAiQ4ZGVlZWVhMi1mOTI5LTRmOWQtOTk0OC0xMzU5MWFkYWNlODjYAgXgAgE&sid=f990c8e44d8a49a026ee40f8b9e3b3a2&aid=304142&ucfs=1&arphpl=1&checkin=2025-03-01&checkout=2025-03-08&dest_id=-372490&dest_type=city&group_adults=2&req_adults=2&no_rooms=1&group_children=0&req_children=0&hpos=16&hapos=766&sr_order=popularity&srpvid=af307f62bb9d0534&srepoch=1738174122&all_sr_blocks=781306202_337332644_3_0_0&highlighted_blocks=781306202_337332644_3_0_0&matching_block_id=781306202_337332644_3_0_0&sr_pri_blocks=781306202_337332644_3_0_0__256032&from=searchresults
Enjoy Apartments Rafaela,"Eixample, Barcelona",https://www.booking.com/hotel/es/ea-rafaela-enjoy-apartments-rafaela.html?label=gen173nr-1BCAEoggI46AdSAnVzWARoRogBAZgBMbgBGcgBD9gBAegBAYgCAagCA7gC-NjpvAbAAgHSAiQ4ZGVlZWVhMi1mOTI5LTRmOWQtOTk0OC0xMzU5MWFkYWNlODjYAgXgAgE&sid=f990c8e44d8a49a026ee40f8b9e3b3a2&aid=304142&ucfs=1&arphpl=1&checkin=2025-03-01&checkout=2025-03-08&dest_id=-372490&dest_type=city&group_adults=2&req_adults=2&no_rooms=1&group_children=0&req_children=0&hpos=17&hapos=767&sr_order=popularity&srpvid=af307f62bb9d0534&srepoch=1738174122&all_sr_blocks=930655402_370474151_5_0_0&highlighted_blocks=930655402_370474151_5_0_0&matching_block_id=930655402_370474151_5_0_0&sr_pri_blocks=930655402_370474151_5_0_0__663444&from=searchresults
AinB Picasso-Corders Apartments,"Ciutat Vella, Barcelona",https://www.booking.com/hotel/es/apartments-in-barcelona-corders.html?label=gen173nr-1BCAEoggI46AdSAnVzWARoRogBAZgBMbgBGcgBD9gBAegBAYgCAagCA7gC-NjpvAbAAgHSAiQ4ZGVlZWVhMi1mOTI5LTRmOWQtOTk0OC0xMzU5MWFkYWNlODjYAgXgAgE&sid=f990c8e44d8a49a026ee40f8b9e3b3a2&aid=304142&ucfs=1&arphpl=1&checkin=2025-03-01&checkout=2025-03-08&dest_id=-372490&dest_type=city&group_adults=2&req_adults=2&no_rooms=1&group_children=0&req_children=0&hpos=18&hapos=768&sr_order=popularity&srpvid=af307f62bb9d0534&srepoch=1738174122&all_sr_blocks=1249802_95135953_2_0_0&highlighted_blocks=1249802_95135953_2_0_0&matching_block_id=1249802_95135953_2_0_0&sr_pri_blocks=1249802_95135953_2_0_0__315295&from=searchresults
Vive Como Un Barcelons,"Sants-Montjuïc, Barcelona",https://www.booking.com/hotel/es/vive-como-un-barcelones-en-la-mejor-ubicacion.html?label=gen173nr-1BCAEoggI46AdSAnVzWARoRogBAZgBMbgBGcgBD9gBAegBAYgCAagCA7gC-NjpvAbAAgHSAiQ4ZGVlZWVhMi1mOTI5LTRmOWQtOTk0OC0xMzU5MWFkYWNlODjYAgXgAgE&sid=f990c8e44d8a49a026ee40f8b9e3b3a2&aid=304142&ucfs=1&arphpl=1&checkin=2025-03-01&checkout=2025-03-08&dest_id=-372490&dest_type=city&group_adults=2&req_adults=2&no_rooms=1&group_children=0&req_children=0&hpos=19&hapos=769&sr_order=popularity&srpvid=af307f62bb9d0534&srepoch=1738174122&all_sr_blocks=638620001_396935569_3_0_0&highlighted_blocks=638620001_396935569_3_0_0&matching_block_id=638620001_396935569_3_0_0&sr_pri_blocks=638620001_396935569_3_0_0__268672&from=searchresults
Alcam Pau Claris,"Eixample, Barcelona",https://www.booking.com/hotel/es/alcam-pau-claris.html?label=gen173nr-1BCAEoggI46AdSAnVzWARoRogBAZgBMbgBGcgBD9gBAegBAYgCAagCA7gC-NjpvAbAAgHSAiQ4ZGVlZWVhMi1mOTI5LTRmOWQtOTk0OC0xMzU5MWFkYWNlODjYAgXgAgE&sid=f990c8e44d8a49a026ee40f8b9e3b3a2&aid=304142&ucfs=1&arphpl=1&checkin=2025-03-01&checkout=2025-03-08&dest_id=-372490&dest_type=city&group_adults=2&req_adults=2&no_rooms=1&group_children=0&req_children=0&hpos=20&hapos=770&sr_order=popularity&srpvid=af307f62bb9d0534&srepoch=1738174122&all_sr_blocks=409836001_125117589_0_0_0&highlighted_blocks=409836001_125117589_0_0_0&matching_block_id=409836001_125117589_0_0_0&sr_pri_blocks=409836001_125117589_0_0_0__272630&from=searchresults
Lodging Apartments Beach Apartment Villa Olimpica,"Sant Martí, Barcelona",https://www.booking.com/hotel/es/beach-apartment-villa-olimpica.html?label=gen173nr-1BCAEoggI46AdSAnVzWARoRogBAZgBMbgBGcgBD9gBAegBAYgCAagCA7gC-NjpvAbAAgHSAiQ4ZGVlZWVhMi1mOTI5LTRmOWQtOTk0OC0xMzU5MWFkYWNlODjYAgXgAgE&sid=f990c8e44d8a49a026ee40f8b9e3b3a2&aid=304142&ucfs=1&arphpl=1&checkin=2025-03-01&checkout=2025-03-08&dest_id=-372490&dest_type=city&group_adults=2&req_adults=2&no_rooms=1&group_children=0&req_children=0&hpos=21&hapos=771&sr_order=popularity&srpvid=af307f62bb9d0534&srepoch=1738174122&all_sr_blocks=147590201_253024033_0_0_0&highlighted_blocks=147590201_253024033_0_0_0&matching_block_id=147590201_253024033_0_0_0&sr_pri_blocks=147590201_253024033_0_0_0__389751&from=searchresults
Love Local Life Near Sagrada Familia by MyRentalHost,"Eixample, Barcelona",https://www.booking.com/hotel/es/love-local-life-near-sagrada-familia.html?label=gen173nr-1BCAEoggI46AdSAnVzWARoRogBAZgBMbgBGcgBD9gBAegBAYgCAagCA7gC-NjpvAbAAgHSAiQ4ZGVlZWVhMi1mOTI5LTRmOWQtOTk0OC0xMzU5MWFkYWNlODjYAgXgAgE&sid=f990c8e44d8a49a026ee40f8b9e3b3a2&aid=304142&ucfs=1&arphpl=1&checkin=2025-03-01&checkout=2025-03-08&dest_id=-372490&dest_type=city&group_adults=2&req_adults=2&no_rooms=1&group_children=0&req_children=0&hpos=22&hapos=772&sr_order=popularity&srpvid=af307f62bb9d0534&srepoch=1738174122&all_sr_blocks=816364902_348608972_4_0_0_744536&highlighted_blocks=816364902_348608972_4_0_0_744536&matching_block_id=816364902_348608972_4_0_0_744536&sr_pri_blocks=816364902_348608972_4_0_0_744536_491403&from=searchresults
casabelladona Barcelona,"Sarrià-St. Gervasi, Barcelona",https://www.booking.com/hotel/es/casabelladona-barcelona.html?label=gen173nr-1BCAEoggI46AdSAnVzWARoRogBAZgBMbgBGcgBD9gBAegBAYgCAagCA7gC-NjpvAbAAgHSAiQ4ZGVlZWVhMi1mOTI5LTRmOWQtOTk0OC0xMzU5MWFkYWNlODjYAgXgAgE&sid=f990c8e44d8a49a026ee40f8b9e3b3a2&aid=304142&ucfs=1&arphpl=1&checkin=2025-03-01&checkout=2025-03-08&dest_id=-372490&dest_type=city&group_adults=2&req_adults=2&no_rooms=1&group_children=0&req_children=0&hpos=23&hapos=773&sr_order=popularity&srpvid=af307f62bb9d0534&srepoch=1738174122&all_sr_blocks=1023368701_376455410_4_2_0&highlighted_blocks=1023368701_376455410_4_2_0&matching_block_id=1023368701_376455410_4_2_0&sr_pri_blocks=1023368701_376455410_4_2_0__281282&from=searchresults
Flaugier Apartments B2,"Horta-Guinardó, Barcelona",https://www.booking.com/hotel/es/flaugier-apartment-2-bedrooms-with-terrace.html?label=gen173nr-1BCAEoggI46AdSAnVzWARoRogBAZgBMbgBGcgBD9gBAegBAYgCAagCA7gC-NjpvAbAAgHSAiQ4ZGVlZWVhMi1mOTI5LTRmOWQtOTk0OC0xMzU5MWFkYWNlODjYAgXgAgE&sid=f990c8e44d8a49a026ee40f8b9e3b3a2&aid=304142&ucfs=1&arphpl=1&checkin=2025-03-01&checkout=2025-03-08&dest_id=-372490&dest_type=city&group_adults=2&req_adults=2&no_rooms=1&group_children=0&req_children=0&hpos=24&hapos=774&sr_order=popularity&srpvid=af307f62bb9d0534&srepoch=1738174122&all_sr_blocks=1222486201_394379607_6_0_0&highlighted_blocks=1222486201_394379607_6_0_0&matching_block_id=1222486201_394379607_6_0_0&sr_pri_blocks=1222486201_394379607_6_0_0__352413&from=searchresults
Art House Fira Apartments,"Eixample, Barcelona",https://www.booking.com/hotel/es/bcnwhynot-fira-apartments.html?label=gen173nr-1BCAEoggI46AdSAnVzWARoRogBAZgBMbgBGcgBD9gBAegBAYgCAagCA7gC-NjpvAbAAgHSAiQ4ZGVlZWVhMi1mOTI5LTRmOWQtOTk0OC0xMzU5MWFkYWNlODjYAgXgAgE&sid=f990c8e44d8a49a026ee40f8b9e3b3a2&aid=304142&ucfs=1&arphpl=1&checkin=2025-03-01&checkout=2025-03-08&dest_id=-372490&dest_type=city&group_adults=2&req_adults=2&no_rooms=1&group_children=0&req_children=0&hpos=25&hapos=775&sr_order=popularity&srpvid=af307f62bb9d0534&srepoch=1738174122&all_sr_blocks=47319401_330858991_3_0_0&highlighted_blocks=47319401_330858991_3_0_0&matching_block_id=47319401_330858991_3_0_0&sr_pri_blocks=47319401_330858991_3_0_0__525862&from=searchresults
Boat ALOHA,Barcelona,https://www.booking.com/hotel/es/boat-aloha-stay-and-sail.html?label=gen173nr-1BCAEoggI46AdSAnVzWARoRogBAZgBMbgBGcgBD9gBAegBAYgCAagCA7gC-NjpvAbAAgHSAiQ4ZGVlZWVhMi1mOTI5LTRmOWQtOTk0OC0xMzU5MWFkYWNlODjYAgXgAgE&sid=f990c8e44d8a49a026ee40f8b9e3b3a2&aid=304142&ucfs=1&arphpl=1&checkin=2025-03-01&checkout=2025-03-08&dest_id=-372490&dest_type=city&group_adults=2&req_adults=2&no_rooms=1&group_children=0&req_children=0&hpos=1&hapos=776&sr_order=popularity&srpvid=af307f62bb9d0534&srepoch=1738174126&all_sr_blocks=859112702_387972693_2_0_0&highlighted_blocks=859112702_387972693_2_0_0&matching_block_id=859112702_387972693_2_0_0&sr_pri_blocks=859112702_387972693_2_0_0__120750&from=searchresults
Canela Homes BARCELONA DIAGONAL MAR,"Sant Martí, Barcelona",https://www.booking.com/hotel/es/canela-homes-barcelona-diagonal-mar.html?label=gen173nr-1BCAEoggI46AdSAnVzWARoRogBAZgBMbgBGcgBD9gBAegBAYgCAagCA7gC-NjpvAbAAgHSAiQ4ZGVlZWVhMi1mOTI5LTRmOWQtOTk0OC0xMzU5MWFkYWNlODjYAgXgAgE&sid=f990c8e44d8a49a026ee40f8b9e3b3a2&aid=304142&ucfs=1&arphpl=1&checkin=2025-03-01&checkout=2025-03-08&dest_id=-372490&dest_type=city&group_adults=2&req_adults=2&no_rooms=1&group_children=0&req_children=0&hpos=2&hapos=777&sr_order=popularity&srpvid=af307f62bb9d0534&srepoch=1738174126&all_sr_blocks=1190592201_391390363_4_0_0&highlighted_blocks=1190592201_391390363_4_0_0&matching_block_id=1190592201_391390363_4_0_0&sr_pri_blocks=1190592201_391390363_4_0_0__424117&from=searchresults
Placa Cataluna,"Ciutat Vella, Barcelona",https://www.booking.com/hotel/es/placa-cataluna-barcelona1.html?label=gen173nr-1BCAEoggI46AdSAnVzWARoRogBAZgBMbgBGcgBD9gBAegBAYgCAagCA7gC-NjpvAbAAgHSAiQ4ZGVlZWVhMi1mOTI5LTRmOWQtOTk0OC0xMzU5MWFkYWNlODjYAgXgAgE&sid=f990c8e44d8a49a026ee40f8b9e3b3a2&aid=304142&ucfs=1&arphpl=1&checkin=2025-03-01&checkout=2025-03-08&dest_id=-372490&dest_type=city&group_adults=2&req_adults=2&no_rooms=1&group_children=0&req_children=0&hpos=3&hapos=778&sr_order=popularity&srpvid=af307f62bb9d0534&srepoch=1738174126&all_sr_blocks=1298418101_402995958_2_0_0&highlighted_blocks=1298418101_402995958_2_0_0&matching_block_id=1298418101_402995958_2_0_0&sr_pri_blocks=1298418101_402995958_2_0_0__242725&from=searchresults
Casa Cosi Patio 1,"Sarrià-St. Gervasi, Barcelona",https://www.booking.com/hotel/es/casa-cosi-patio-1.html?label=gen173nr-1BCAEoggI46AdSAnVzWARoRogBAZgBMbgBGcgBD9gBAegBAYgCAagCA7gC-NjpvAbAAgHSAiQ4ZGVlZWVhMi1mOTI5LTRmOWQtOTk0OC0xMzU5MWFkYWNlODjYAgXgAgE&sid=f990c8e44d8a49a026ee40f8b9e3b3a2&aid=304142&ucfs=1&arphpl=1&checkin=2025-03-01&checkout=2025-03-08&dest_id=-372490&dest_type=city&group_adults=2&req_adults=2&no_rooms=1&group_children=0&req_children=0&hpos=4&hapos=779&sr_order=popularity&srpvid=af307f62bb9d0534&srepoch=1738174126&all_sr_blocks=910290002_377070414_0_0_0&highlighted_blocks=910290002_377070414_0_0_0&matching_block_id=910290002_377070414_0_0_0&sr_pri_blocks=910290002_377070414_0_0_0__264102&from=searchresults
Sleep on a Sailing Boat Barcelona,Barcelona,https://www.booking.com/hotel/es/barcelona-sailing-boat.html?label=gen173nr-1BCAEoggI46AdSAnVzWARoRogBAZgBMbgBGcgBD9gBAegBAYgCAagCA7gC-NjpvAbAAgHSAiQ4ZGVlZWVhMi1mOTI5LTRmOWQtOTk0OC0xMzU5MWFkYWNlODjYAgXgAgE&sid=f990c8e44d8a49a026ee40f8b9e3b3a2&aid=304142&ucfs=1&arphpl=1&checkin=2025-03-01&checkout=2025-03-08&dest_id=-372490&dest_type=city&group_adults=2&req_adults=2&no_rooms=1&group_children=0&req_children=0&hpos=5&hapos=780&sr_order=popularity&srpvid=af307f62bb9d0534&srepoch=1738174126&all_sr_blocks=540134101_192934969_0_0_0&highlighted_blocks=540134101_192934969_0_0_0&matching_block_id=540134101_192934969_0_0_0&sr_pri_blocks=540134101_192934969_0_0_0__113771&from=searchresults
2762 - AB Park Guell Apartment B-II,"Horta-Guinardó, Barcelona",https://www.booking.com/hotel/es/2762-ab-park-guell-apartment-b-ii.html?label=gen173nr-1BCAEoggI46AdSAnVzWARoRogBAZgBMbgBGcgBD9gBAegBAYgCAagCA7gC-NjpvAbAAgHSAiQ4ZGVlZWVhMi1mOTI5LTRmOWQtOTk0OC0xMzU5MWFkYWNlODjYAgXgAgE&sid=f990c8e44d8a49a026ee40f8b9e3b3a2&aid=304142&ucfs=1&arphpl=1&checkin=2025-03-01&checkout=2025-03-08&dest_id=-372490&dest_type=city&group_adults=2&req_adults=2&no_rooms=1&group_children=0&req_children=0&hpos=6&hapos=781&sr_order=popularity&srpvid=af307f62bb9d0534&srepoch=1738174126&all_sr_blocks=1221614302_394723157_4_0_0&highlighted_blocks=1221614302_394723157_4_0_0&matching_block_id=1221614302_394723157_4_0_0&sr_pri_blocks=1221614302_394723157_4_0_0__229392&from=searchresults
Canela Homes BARCELONA STYLE,"Eixample, Barcelona",https://www.booking.com/hotel/es/canela-homes-barcelona-style.html?label=gen173nr-1BCAEoggI46AdSAnVzWARoRogBAZgBMbgBGcgBD9gBAegBAYgCAagCA7gC-NjpvAbAAgHSAiQ4ZGVlZWVhMi1mOTI5LTRmOWQtOTk0OC0xMzU5MWFkYWNlODjYAgXgAgE&sid=f990c8e44d8a49a026ee40f8b9e3b3a2&aid=304142&ucfs=1&arphpl=1&checkin=2025-03-01&checkout=2025-03-08&dest_id=-372490&dest_type=city&group_adults=2&req_adults=2&no_rooms=1&group_children=0&req_children=0&hpos=7&hapos=782&sr_order=popularity&srpvid=af307f62bb9d0534&srepoch=1738174126&all_sr_blocks=1211598401_393322029_5_0_0&highlighted_blocks=1211598401_393322029_5_0_0&matching_block_id=1211598401_393322029_5_0_0&sr_pri_blocks=1211598401_393322029_5_0_0__500506&from=searchresults
Canela Homes BARCELONA JARDINETS,"Gràcia, Barcelona",https://www.booking.com/hotel/es/canela-homes-barcelona-jardinets.html?label=gen173nr-1BCAEoggI46AdSAnVzWARoRogBAZgBMbgBGcgBD9gBAegBAYgCAagCA7gC-NjpvAbAAgHSAiQ4ZGVlZWVhMi1mOTI5LTRmOWQtOTk0OC0xMzU5MWFkYWNlODjYAgXgAgE&sid=f990c8e44d8a49a026ee40f8b9e3b3a2&aid=304142&ucfs=1&arphpl=1&checkin=2025-03-01&checkout=2025-03-08&dest_id=-372490&dest_type=city&group_adults=2&req_adults=2&no_rooms=1&group_children=0&req_children=0&hpos=8&hapos=783&sr_order=popularity&srpvid=af307f62bb9d0534&srepoch=1738174126&all_sr_blocks=1067587501_379164739_4_0_0&highlighted_blocks=1067587501_379164739_4_0_0&matching_block_id=1067587501_379164739_4_0_0&sr_pri_blocks=1067587501_379164739_4_0_0__418942&from=searchresults
Charming 2br In Trendy Gracia,"Gràcia, Barcelona",https://www.booking.com/hotel/es/charming-2br-in-trendy-gracia.html?label=gen173nr-1BCAEoggI46AdSAnVzWARoRogBAZgBMbgBGcgBD9gBAegBAYgCAagCA7gC-NjpvAbAAgHSAiQ4ZGVlZWVhMi1mOTI5LTRmOWQtOTk0OC0xMzU5MWFkYWNlODjYAgXgAgE&sid=f990c8e44d8a49a026ee40f8b9e3b3a2&aid=304142&ucfs=1&arphpl=1&checkin=2025-03-01&checkout=2025-03-08&dest_id=-372490&dest_type=city&group_adults=2&req_adults=2&no_rooms=1&group_children=0&req_children=0&hpos=9&hapos=784&sr_order=popularity&srpvid=af307f62bb9d0534&srepoch=1738174126&all_sr_blocks=854568502_396983710_4_0_0&highlighted_blocks=854568502_396983710_4_0_0&matching_block_id=854568502_396983710_4_0_0&sr_pri_blocks=854568502_396983710_4_0_0__341416&from=searchresults
2 Bdr Penthouse In Grcia,"Gràcia, Barcelona",https://www.booking.com/hotel/es/2-bdr-penthouse-in-gracia.html?label=gen173nr-1BCAEoggI46AdSAnVzWARoRogBAZgBMbgBGcgBD9gBAegBAYgCAagCA7gC-NjpvAbAAgHSAiQ4ZGVlZWVhMi1mOTI5LTRmOWQtOTk0OC0xMzU5MWFkYWNlODjYAgXgAgE&sid=f990c8e44d8a49a026ee40f8b9e3b3a2&aid=304142&ucfs=1&arphpl=1&checkin=2025-03-01&checkout=2025-03-08&dest_id=-372490&dest_type=city&group_adults=2&req_adults=2&no_rooms=1&group_children=0&req_children=0&hpos=10&hapos=785&sr_order=popularity&srpvid=af307f62bb9d0534&srepoch=1738174126&all_sr_blocks=808462601_396908044_4_0_0&highlighted_blocks=808462601_396908044_4_0_0&matching_block_id=808462601_396908044_4_0_0&sr_pri_blocks=808462601_396908044_4_0_0__359223&from=searchresults
Homenfun Barcelona Paseo de Gracia,"Gràcia, Barcelona",https://www.booking.com/hotel/es/homenfun-barcelona-paseo-de-gracia.html?label=gen173nr-1BCAEoggI46AdSAnVzWARoRogBAZgBMbgBGcgBD9gBAegBAYgCAagCA7gC-NjpvAbAAgHSAiQ4ZGVlZWVhMi1mOTI5LTRmOWQtOTk0OC0xMzU5MWFkYWNlODjYAgXgAgE&sid=f990c8e44d8a49a026ee40f8b9e3b3a2&aid=304142&ucfs=1&arphpl=1&checkin=2025-03-01&checkout=2025-03-08&dest_id=-372490&dest_type=city&group_adults=2&req_adults=2&no_rooms=1&group_children=0&req_children=0&hpos=11&hapos=786&sr_order=popularity&srpvid=af307f62bb9d0534&srepoch=1738174126&all_sr_blocks=1050994601_378319390_3_0_0&highlighted_blocks=1050994601_378319390_3_0_0&matching_block_id=1050994601_378319390_3_0_0&sr_pri_blocks=1050994601_378319390_3_0_0__245668&from=searchresults
Alcam Torrent,"Gràcia, Barcelona",https://www.booking.com/hotel/es/alcam-torrent.html?label=gen173nr-1BCAEoggI46AdSAnVzWARoRogBAZgBMbgBGcgBD9gBAegBAYgCAagCA7gC-NjpvAbAAgHSAiQ4ZGVlZWVhMi1mOTI5LTRmOWQtOTk0OC0xMzU5MWFkYWNlODjYAgXgAgE&sid=f990c8e44d8a49a026ee40f8b9e3b3a2&aid=304142&ucfs=1&arphpl=1&checkin=2025-03-01&checkout=2025-03-08&dest_id=-372490&dest_type=city&group_adults=2&req_adults=2&no_rooms=1&group_children=0&req_children=0&hpos=12&hapos=787&sr_order=popularity&srpvid=af307f62bb9d0534&srepoch=1738174126&all_sr_blocks=73827001_138738838_0_0_0&highlighted_blocks=73827001_138738838_0_0_0&matching_block_id=73827001_138738838_0_0_0&sr_pri_blocks=73827001_138738838_0_0_0__200896&from=searchresults
Bonito apartamento en Napols,"Eixample, Barcelona",https://www.booking.com/hotel/es/bonito-apartamento-en-napols.html?label=gen173nr-1BCAEoggI46AdSAnVzWARoRogBAZgBMbgBGcgBD9gBAegBAYgCAagCA7gC-NjpvAbAAgHSAiQ4ZGVlZWVhMi1mOTI5LTRmOWQtOTk0OC0xMzU5MWFkYWNlODjYAgXgAgE&sid=f990c8e44d8a49a026ee40f8b9e3b3a2&aid=304142&ucfs=1&arphpl=1&checkin=2025-03-01&checkout=2025-03-08&dest_id=-372490&dest_type=city&group_adults=2&req_adults=2&no_rooms=1&group_children=0&req_children=0&hpos=13&hapos=788&sr_order=popularity&srpvid=af307f62bb9d0534&srepoch=1738174126&all_sr_blocks=1248683801_397227546_4_0_0&highlighted_blocks=1248683801_397227546_4_0_0&matching_block_id=1248683801_397227546_4_0_0&sr_pri_blocks=1248683801_397227546_4_0_0__337904&from=searchresults
BC0CR023S5 - Sagrada Familia V,"Eixample, Barcelona",https://www.booking.com/hotel/es/ea-sagrada-familia-v-budget-3br-accommodation.html?label=gen173nr-1BCAEoggI46AdSAnVzWARoRogBAZgBMbgBGcgBD9gBAegBAYgCAagCA7gC-NjpvAbAAgHSAiQ4ZGVlZWVhMi1mOTI5LTRmOWQtOTk0OC0xMzU5MWFkYWNlODjYAgXgAgE&sid=f990c8e44d8a49a026ee40f8b9e3b3a2&aid=304142&ucfs=1&arphpl=1&checkin=2025-03-01&checkout=2025-03-08&dest_id=-372490&dest_type=city&group_adults=2&req_adults=2&no_rooms=1&group_children=0&req_children=0&hpos=14&hapos=789&sr_order=popularity&srpvid=af307f62bb9d0534&srepoch=1738174126&all_sr_blocks=930655202_394185693_4_0_0&highlighted_blocks=930655202_394185693_4_0_0&matching_block_id=930655202_394185693_4_0_0&sr_pri_blocks=930655202_394185693_4_0_0__270989&from=searchresults
Charming 3 Bdr-2 Bthr In Gracia,"Gràcia, Barcelona",https://www.booking.com/hotel/es/apartamento-centrico-para-7-personas.html?label=gen173nr-1BCAEoggI46AdSAnVzWARoRogBAZgBMbgBGcgBD9gBAegBAYgCAagCA7gC-NjpvAbAAgHSAiQ4ZGVlZWVhMi1mOTI5LTRmOWQtOTk0OC0xMzU5MWFkYWNlODjYAgXgAgE&sid=f990c8e44d8a49a026ee40f8b9e3b3a2&aid=304142&ucfs=1&arphpl=1&checkin=2025-03-01&checkout=2025-03-08&dest_id=-372490&dest_type=city&group_adults=2&req_adults=2&no_rooms=1&group_children=0&req_children=0&hpos=15&hapos=790&sr_order=popularity&srpvid=af307f62bb9d0534&srepoch=1738174126&all_sr_blocks=647962701_396983789_6_0_0&highlighted_blocks=647962701_396983789_6_0_0&matching_block_id=647962701_396983789_6_0_0&sr_pri_blocks=647962701_396983789_6_0_0__347769&from=searchresults
Flaugier Apartments 11,"Horta-Guinardó, Barcelona",https://www.booking.com/hotel/es/flaugier-apartment-1-1.html?label=gen173nr-1BCAEoggI46AdSAnVzWARoRogBAZgBMbgBGcgBD9gBAegBAYgCAagCA7gC-NjpvAbAAgHSAiQ4ZGVlZWVhMi1mOTI5LTRmOWQtOTk0OC0xMzU5MWFkYWNlODjYAgXgAgE&sid=f990c8e44d8a49a026ee40f8b9e3b3a2&aid=304142&ucfs=1&arphpl=1&checkin=2025-03-01&checkout=2025-03-08&dest_id=-372490&dest_type=city&group_adults=2&req_adults=2&no_rooms=1&group_children=0&req_children=0&hpos=16&hapos=791&sr_order=popularity&srpvid=af307f62bb9d0534&srepoch=1738174126&all_sr_blocks=1222454301_394379520_6_0_0&highlighted_blocks=1222454301_394379520_6_0_0&matching_block_id=1222454301_394379520_6_0_0&sr_pri_blocks=1222454301_394379520_6_0_0__316400&from=searchresults
Colorful With Cozy Terrace In Gracia,"Gràcia, Barcelona",https://www.booking.com/hotel/es/colorful-with-cozy-terrace-in-gracia.html?label=gen173nr-1BCAEoggI46AdSAnVzWARoRogBAZgBMbgBGcgBD9gBAegBAYgCAagCA7gC-NjpvAbAAgHSAiQ4ZGVlZWVhMi1mOTI5LTRmOWQtOTk0OC0xMzU5MWFkYWNlODjYAgXgAgE&sid=f990c8e44d8a49a026ee40f8b9e3b3a2&aid=304142&ucfs=1&arphpl=1&checkin=2025-03-01&checkout=2025-03-08&dest_id=-372490&dest_type=city&group_adults=2&req_adults=2&no_rooms=1&group_children=0&req_children=0&hpos=17&hapos=792&sr_order=popularity&srpvid=af307f62bb9d0534&srepoch=1738174126&all_sr_blocks=808437701_396979744_4_0_0&highlighted_blocks=808437701_396979744_4_0_0&matching_block_id=808437701_396979744_4_0_0&sr_pri_blocks=808437701_396979744_4_0_0__317053&from=searchresults
Barcelona Centro city,"Ciutat Vella, Barcelona",https://www.booking.com/hotel/es/barcelona-centro-city.html?label=gen173nr-1BCAEoggI46AdSAnVzWARoRogBAZgBMbgBGcgBD9gBAegBAYgCAagCA7gC-NjpvAbAAgHSAiQ4ZGVlZWVhMi1mOTI5LTRmOWQtOTk0OC0xMzU5MWFkYWNlODjYAgXgAgE&sid=f990c8e44d8a49a026ee40f8b9e3b3a2&aid=304142&ucfs=1&arphpl=1&checkin=2025-03-01&checkout=2025-03-08&dest_id=-372490&dest_type=city&group_adults=2&req_adults=2&no_rooms=1&group_children=0&req_children=0&hpos=18&hapos=793&sr_order=popularity&srpvid=af307f62bb9d0534&srepoch=1738174126&all_sr_blocks=1298398001_402744777_2_0_0&highlighted_blocks=1298398001_402744777_2_0_0&matching_block_id=1298398001_402744777_2_0_0&sr_pri_blocks=1298398001_402744777_2_0_0__242725&from=searchresults
Rosselló Apartment,"Eixample, Barcelona",https://www.booking.com/hotel/es/rossello-apartment.html?label=gen173nr-1BCAEoggI46AdSAnVzWARoRogBAZgBMbgBGcgBD9gBAegBAYgCAagCA7gC-NjpvAbAAgHSAiQ4ZGVlZWVhMi1mOTI5LTRmOWQtOTk0OC0xMzU5MWFkYWNlODjYAgXgAgE&sid=f990c8e44d8a49a026ee40f8b9e3b3a2&aid=304142&ucfs=1&arphpl=1&checkin=2025-03-01&checkout=2025-03-08&dest_id=-372490&dest_type=city&group_adults=2&req_adults=2&no_rooms=1&group_children=0&req_children=0&hpos=19&hapos=794&sr_order=popularity&srpvid=af307f62bb9d0534&srepoch=1738174126&all_sr_blocks=81511301_88211561_2_0_0&highlighted_blocks=81511301_88211561_2_0_0&matching_block_id=81511301_88211561_2_0_0&sr_pri_blocks=81511301_88211561_2_0_0__465007&from=searchresults
Canela Homes BARCELONA AUSIAS MARCH,"Eixample, Barcelona",https://www.booking.com/hotel/es/canela-homes-barcelona-ausias-march.html?label=gen173nr-1BCAEoggI46AdSAnVzWARoRogBAZgBMbgBGcgBD9gBAegBAYgCAagCA7gC-NjpvAbAAgHSAiQ4ZGVlZWVhMi1mOTI5LTRmOWQtOTk0OC0xMzU5MWFkYWNlODjYAgXgAgE&sid=f990c8e44d8a49a026ee40f8b9e3b3a2&aid=304142&ucfs=1&arphpl=1&checkin=2025-03-01&checkout=2025-03-08&dest_id=-372490&dest_type=city&group_adults=2&req_adults=2&no_rooms=1&group_children=0&req_children=0&hpos=20&hapos=795&sr_order=popularity&srpvid=af307f62bb9d0534&srepoch=1738174126&all_sr_blocks=1306477101_403471565_6_0_0&highlighted_blocks=1306477101_403471565_6_0_0&matching_block_id=1306477101_403471565_6_0_0&sr_pri_blocks=1306477101_403471565_6_0_0__495301&from=searchresults
Hermoso apartamento cerca de Plaza Universitat,"Eixample, Barcelona",https://www.booking.com/hotel/es/hermoso-apartamento-cerca-de-plaza-universitat.html?label=gen173nr-1BCAEoggI46AdSAnVzWARoRogBAZgBMbgBGcgBD9gBAegBAYgCAagCA7gC-NjpvAbAAgHSAiQ4ZGVlZWVhMi1mOTI5LTRmOWQtOTk0OC0xMzU5MWFkYWNlODjYAgXgAgE&sid=f990c8e44d8a49a026ee40f8b9e3b3a2&aid=304142&ucfs=1&arphpl=1&checkin=2025-03-01&checkout=2025-03-08&dest_id=-372490&dest_type=city&group_adults=2&req_adults=2&no_rooms=1&group_children=0&req_children=0&hpos=21&hapos=796&sr_order=popularity&srpvid=af307f62bb9d0534&srepoch=1738174126&all_sr_blocks=1245231501_396669271_0_0_0&highlighted_blocks=1245231501_396669271_0_0_0&matching_block_id=1245231501_396669271_0_0_0&sr_pri_blocks=1245231501_396669271_0_0_0__259061&from=searchresults
Sweett - Aragon,"Eixample, Barcelona",https://www.booking.com/hotel/es/sweet-inn-apartments-carrer-arago.html?label=gen173nr-1BCAEoggI46AdSAnVzWARoRogBAZgBMbgBGcgBD9gBAegBAYgCAagCA7gC-NjpvAbAAgHSAiQ4ZGVlZWVhMi1mOTI5LTRmOWQtOTk0OC0xMzU5MWFkYWNlODjYAgXgAgE&sid=f990c8e44d8a49a026ee40f8b9e3b3a2&aid=304142&ucfs=1&arphpl=1&checkin=2025-03-01&checkout=2025-03-08&dest_id=-372490&dest_type=city&group_adults=2&req_adults=2&no_rooms=1&group_children=0&req_children=0&hpos=22&hapos=797&sr_order=popularity&srpvid=af307f62bb9d0534&srepoch=1738174126&all_sr_blocks=256965601_104372841_6_0_0&highlighted_blocks=256965601_104372841_6_0_0&matching_block_id=256965601_104372841_6_0_0&sr_pri_blocks=256965601_104372841_6_0_0__542328&from=searchresults
Sibs Bcn- Universitat- Cosmopolitan LGTB Cozy,"Eixample, Barcelona",https://www.booking.com/hotel/es/sibs-aragon-luxury-suite.html?label=gen173nr-1BCAEoggI46AdSAnVzWARoRogBAZgBMbgBGcgBD9gBAegBAYgCAagCA7gC-NjpvAbAAgHSAiQ4ZGVlZWVhMi1mOTI5LTRmOWQtOTk0OC0xMzU5MWFkYWNlODjYAgXgAgE&sid=f990c8e44d8a49a026ee40f8b9e3b3a2&aid=304142&ucfs=1&arphpl=1&checkin=2025-03-01&checkout=2025-03-08&dest_id=-372490&dest_type=city&group_adults=2&req_adults=2&no_rooms=1&group_children=0&req_children=0&hpos=23&hapos=798&sr_order=popularity&srpvid=af307f62bb9d0534&srepoch=1738174126&all_sr_blocks=516678001_179317992_2_0_0&highlighted_blocks=516678001_179317992_2_0_0&matching_block_id=516678001_179317992_2_0_0&sr_pri_blocks=516678001_179317992_2_0_0__317020&from=searchresults
"Hotel Bagués, a Small Luxury Hotel of the World","Ciutat Vella, Barcelona",https://www.booking.com/hotel/es/bagues.html?label=gen173nr-1BCAEoggI46AdSAnVzWARoRogBAZgBMbgBGcgBD9gBAegBAYgCAagCA7gC-NjpvAbAAgHSAiQ4ZGVlZWVhMi1mOTI5LTRmOWQtOTk0OC0xMzU5MWFkYWNlODjYAgXgAgE&sid=f990c8e44d8a49a026ee40f8b9e3b3a2&aid=304142&ucfs=1&arphpl=1&checkin=2025-03-01&checkout=2025-03-08&dest_id=-372490&dest_type=city&group_adults=2&req_adults=2&no_rooms=1&group_children=0&req_children=0&hpos=24&hapos=799&sr_order=popularity&srpvid=af307f62bb9d0534&srepoch=1738174126&all_sr_blocks=0_0_2_0_0&highlighted_blocks=0_0_2_0_0&matching_block_id=0_0_2_0_0&sr_pri_blocks=0_0_2_0_0__638992&from=searchresults
Canela Homes BARCELONA SEPULVEDA,"Eixample, Barcelona",https://www.booking.com/hotel/es/canela-homes-barcelona-sepulveda.html?label=gen173nr-1BCAEoggI46AdSAnVzWARoRogBAZgBMbgBGcgBD9gBAegBAYgCAagCA7gC-NjpvAbAAgHSAiQ4ZGVlZWVhMi1mOTI5LTRmOWQtOTk0OC0xMzU5MWFkYWNlODjYAgXgAgE&sid=f990c8e44d8a49a026ee40f8b9e3b3a2&aid=304142&ucfs=1&arphpl=1&checkin=2025-03-01&checkout=2025-03-08&dest_id=-372490&dest_type=city&group_adults=2&req_adults=2&no_rooms=1&group_children=0&req_children=0&hpos=25&hapos=800&sr_order=popularity&srpvid=af307f62bb9d0534&srepoch=1738174126&all_sr_blocks=1174286401_390005295_4_0_0&highlighted_blocks=1174286401_390005295_4_0_0&matching_block_id=1174286401_390005295_4_0_0&sr_pri_blocks=1174286401_390005295_4_0_0__457119&from=searchresults
Stylish 2 Bdr In Trendy Gracia,"Gràcia, Barcelona",https://www.booking.com/hotel/es/stylish-2-bdr-apartment-in-trendy-gracia.html?label=gen173nr-1BCAEoggI46AdSAnVzWARoRogBAZgBMbgBGcgBD9gBAegBAYgCAagCA7gC-NjpvAbAAgHSAiQ4ZGVlZWVhMi1mOTI5LTRmOWQtOTk0OC0xMzU5MWFkYWNlODjYAgXgAgE&sid=f990c8e44d8a49a026ee40f8b9e3b3a2&aid=304142&ucfs=1&arphpl=1&checkin=2025-03-01&checkout=2025-03-08&dest_id=-372490&dest_type=city&group_adults=2&req_adults=2&no_rooms=1&group_children=0&req_children=0&hpos=1&hapos=801&sr_order=popularity&srpvid=af307f62bb9d0534&srepoch=1738174131&all_sr_blocks=808440101_396875848_4_0_0&highlighted_blocks=808440101_396875848_4_0_0&matching_block_id=808440101_396875848_4_0_0&sr_pri_blocks=808440101_396875848_4_0_0__335516&from=searchresults
Habitación marinería Boat Aloha,Barcelona,https://www.booking.com/hotel/es/habitacion-marineria-boat-aloha.html?label=gen173nr-1BCAEoggI46AdSAnVzWARoRogBAZgBMbgBGcgBD9gBAegBAYgCAagCA7gC-NjpvAbAAgHSAiQ4ZGVlZWVhMi1mOTI5LTRmOWQtOTk0OC0xMzU5MWFkYWNlODjYAgXgAgE&sid=f990c8e44d8a49a026ee40f8b9e3b3a2&aid=304142&ucfs=1&arphpl=1&checkin=2025-03-01&checkout=2025-03-08&dest_id=-372490&dest_type=city&group_adults=2&req_adults=2&no_rooms=1&group_children=0&req_children=0&hpos=2&hapos=802&sr_order=popularity&srpvid=af307f62bb9d0534&srepoch=1738174131&all_sr_blocks=1174987001_390055883_2_0_0&highlighted_blocks=1174987001_390055883_2_0_0&matching_block_id=1174987001_390055883_2_0_0&sr_pri_blocks=1174987001_390055883_2_0_0__110585&from=searchresults
Art House Sagrada Familia,"Eixample, Barcelona",https://www.booking.com/hotel/es/bcn-whynot-sagrada-familia.html?label=gen173nr-1BCAEoggI46AdSAnVzWARoRogBAZgBMbgBGcgBD9gBAegBAYgCAagCA7gC-NjpvAbAAgHSAiQ4ZGVlZWVhMi1mOTI5LTRmOWQtOTk0OC0xMzU5MWFkYWNlODjYAgXgAgE&sid=f990c8e44d8a49a026ee40f8b9e3b3a2&aid=304142&ucfs=1&arphpl=1&checkin=2025-03-01&checkout=2025-03-08&dest_id=-372490&dest_type=city&group_adults=2&req_adults=2&no_rooms=1&group_children=0&req_children=0&hpos=3&hapos=803&sr_order=popularity&srpvid=af307f62bb9d0534&srepoch=1738174131&all_sr_blocks=43911001_330860266_2_0_0&highlighted_blocks=43911001_330860266_2_0_0&matching_block_id=43911001_330860266_2_0_0&sr_pri_blocks=43911001_330860266_2_0_0__356952&from=searchresults
Canela Homes BARCELONA NINOT,"Eixample, Barcelona",https://www.booking.com/hotel/es/canela-homes-barcelona-ninot.html?label=gen173nr-1BCAEoggI46AdSAnVzWARoRogBAZgBMbgBGcgBD9gBAegBAYgCAagCA7gC-NjpvAbAAgHSAiQ4ZGVlZWVhMi1mOTI5LTRmOWQtOTk0OC0xMzU5MWFkYWNlODjYAgXgAgE&sid=f990c8e44d8a49a026ee40f8b9e3b3a2&aid=304142&ucfs=1&arphpl=1&checkin=2025-03-01&checkout=2025-03-08&dest_id=-372490&dest_type=city&group_adults=2&req_adults=2&no_rooms=1&group_children=0&req_children=0&hpos=4&hapos=804&sr_order=popularity&srpvid=af307f62bb9d0534&srepoch=1738174131&all_sr_blocks=1086108501_381550178_4_0_0&highlighted_blocks=1086108501_381550178_4_0_0&matching_block_id=1086108501_381550178_4_0_0&sr_pri_blocks=1086108501_381550178_4_0_0__344971&from=searchresults
Catalan Comfort near Sagrada Familia by MyRentalHost,"Gràcia, Barcelona",https://www.booking.com/hotel/es/jose-gracia-charming-modern-apt-in-trendy-gracia-5pp.html?label=gen173nr-1BCAEoggI46AdSAnVzWARoRogBAZgBMbgBGcgBD9gBAegBAYgCAagCA7gC-NjpvAbAAgHSAiQ4ZGVlZWVhMi1mOTI5LTRmOWQtOTk0OC0xMzU5MWFkYWNlODjYAgXgAgE&sid=f990c8e44d8a49a026ee40f8b9e3b3a2&aid=304142&ucfs=1&arphpl=1&checkin=2025-03-01&checkout=2025-03-08&dest_id=-372490&dest_type=city&group_adults=2&req_adults=2&no_rooms=1&group_children=0&req_children=0&hpos=5&hapos=805&sr_order=popularity&srpvid=af307f62bb9d0534&srepoch=1738174131&all_sr_blocks=1116965802_395075895_3_0_0&highlighted_blocks=1116965802_395075895_3_0_0&matching_block_id=1116965802_395075895_3_0_0&sr_pri_blocks=1116965802_395075895_3_0_0__278858&from=searchresults
Homenfun Barcelona Paralelo,"Sants-Montjuïc, Barcelona",https://www.booking.com/hotel/es/homenfun-paralelo.html?label=gen173nr-1BCAEoggI46AdSAnVzWARoRogBAZgBMbgBGcgBD9gBAegBAYgCAagCA7gC-NjpvAbAAgHSAiQ4ZGVlZWVhMi1mOTI5LTRmOWQtOTk0OC0xMzU5MWFkYWNlODjYAgXgAgE&sid=f990c8e44d8a49a026ee40f8b9e3b3a2&aid=304142&ucfs=1&arphpl=1&checkin=2025-03-01&checkout=2025-03-08&dest_id=-372490&dest_type=city&group_adults=2&req_adults=2&no_rooms=1&group_children=0&req_children=0&hpos=6&hapos=806&sr_order=popularity&srpvid=af307f62bb9d0534&srepoch=1738174131&all_sr_blocks=737704102_333009627_3_0_0&highlighted_blocks=737704102_333009627_3_0_0&matching_block_id=737704102_333009627_3_0_0&sr_pri_blocks=737704102_333009627_3_0_0__239912&from=searchresults
AB Plaça de Sants,"Sants-Montjuïc, Barcelona",https://www.booking.com/hotel/es/ab-placa-de-sants.html?label=gen173nr-1BCAEoggI46AdSAnVzWARoRogBAZgBMbgBGcgBD9gBAegBAYgCAagCA7gC-NjpvAbAAgHSAiQ4ZGVlZWVhMi1mOTI5LTRmOWQtOTk0OC0xMzU5MWFkYWNlODjYAgXgAgE&sid=f990c8e44d8a49a026ee40f8b9e3b3a2&aid=304142&ucfs=1&arphpl=1&checkin=2025-03-01&checkout=2025-03-08&dest_id=-372490&dest_type=city&group_adults=2&req_adults=2&no_rooms=1&group_children=0&req_children=0&hpos=7&hapos=807&sr_order=popularity&srpvid=af307f62bb9d0534&srepoch=1738174131&all_sr_blocks=799714202_340888999_4_0_0&highlighted_blocks=799714202_340888999_4_0_0&matching_block_id=799714202_340888999_4_0_0&sr_pri_blocks=799714202_340888999_4_0_0__218342&from=searchresults
Walk To Las Ramblas Sun-filled&cozy,"Sants-Montjuïc, Barcelona",https://www.booking.com/hotel/es/walk-to-las-ramblas-from-sun-filled-amp-cozy-apartment.html?label=gen173nr-1BCAEoggI46AdSAnVzWARoRogBAZgBMbgBGcgBD9gBAegBAYgCAagCA7gC-NjpvAbAAgHSAiQ4ZGVlZWVhMi1mOTI5LTRmOWQtOTk0OC0xMzU5MWFkYWNlODjYAgXgAgE&sid=f990c8e44d8a49a026ee40f8b9e3b3a2&aid=304142&ucfs=1&arphpl=1&checkin=2025-03-01&checkout=2025-03-08&dest_id=-372490&dest_type=city&group_adults=2&req_adults=2&no_rooms=1&group_children=0&req_children=0&hpos=8&hapos=808&sr_order=popularity&srpvid=af307f62bb9d0534&srepoch=1738174131&all_sr_blocks=639122401_396908007_4_0_0&highlighted_blocks=639122401_396908007_4_0_0&matching_block_id=639122401_396908007_4_0_0&sr_pri_blocks=639122401_396908007_4_0_0__346992&from=searchresults
Stay U-nique Apartment Sant Nicolau,"Sants-Montjuïc, Barcelona",https://www.booking.com/hotel/es/stay-u-nique-apartment-sant-nicolau.html?label=gen173nr-1BCAEoggI46AdSAnVzWARoRogBAZgBMbgBGcgBD9gBAegBAYgCAagCA7gC-NjpvAbAAgHSAiQ4ZGVlZWVhMi1mOTI5LTRmOWQtOTk0OC0xMzU5MWFkYWNlODjYAgXgAgE&sid=f990c8e44d8a49a026ee40f8b9e3b3a2&aid=304142&ucfs=1&arphpl=1&checkin=2025-03-01&checkout=2025-03-08&dest_id=-372490&dest_type=city&group_adults=2&req_adults=2&no_rooms=1&group_children=0&req_children=0&hpos=9&hapos=809&sr_order=popularity&srpvid=af307f62bb9d0534&srepoch=1738174131&all_sr_blocks=1291394902_402091684_3_0_0&highlighted_blocks=1291394902_402091684_3_0_0&matching_block_id=1291394902_402091684_3_0_0&sr_pri_blocks=1291394902_402091684_3_0_0__247337&from=searchresults
Canela Homes BARCELONA ROSSELLÓ,"Eixample, Barcelona",https://www.booking.com/hotel/es/canela-homes-barcelona-rossello.html?label=gen173nr-1BCAEoggI46AdSAnVzWARoRogBAZgBMbgBGcgBD9gBAegBAYgCAagCA7gC-NjpvAbAAgHSAiQ4ZGVlZWVhMi1mOTI5LTRmOWQtOTk0OC0xMzU5MWFkYWNlODjYAgXgAgE&sid=f990c8e44d8a49a026ee40f8b9e3b3a2&aid=304142&ucfs=1&arphpl=1&checkin=2025-03-01&checkout=2025-03-08&dest_id=-372490&dest_type=city&group_adults=2&req_adults=2&no_rooms=1&group_children=0&req_children=0&hpos=10&hapos=810&sr_order=popularity&srpvid=af307f62bb9d0534&srepoch=1738174131&all_sr_blocks=1084466801_381351918_4_0_0&highlighted_blocks=1084466801_381351918_4_0_0&matching_block_id=1084466801_381351918_4_0_0&sr_pri_blocks=1084466801_381351918_4_0_0__392009&from=searchresults
Centro Barcelona,"Ciutat Vella, Barcelona",https://www.booking.com/hotel/es/centro-barcelona-barcelona2.html?label=gen173nr-1BCAEoggI46AdSAnVzWARoRogBAZgBMbgBGcgBD9gBAegBAYgCAagCA7gC-NjpvAbAAgHSAiQ4ZGVlZWVhMi1mOTI5LTRmOWQtOTk0OC0xMzU5MWFkYWNlODjYAgXgAgE&sid=f990c8e44d8a49a026ee40f8b9e3b3a2&aid=304142&ucfs=1&arphpl=1&checkin=2025-03-01&checkout=2025-03-08&dest_id=-372490&dest_type=city&group_adults=2&req_adults=2&no_rooms=1&group_children=0&req_children=0&hpos=11&hapos=811&sr_order=popularity&srpvid=af307f62bb9d0534&srepoch=1738174131&all_sr_blocks=1231971903_395163390_2_0_0&highlighted_blocks=1231971903_395163390_2_0_0&matching_block_id=1231971903_395163390_2_0_0&sr_pri_blocks=1231971903_395163390_2_0_0__222775&from=searchresults
Sagrada Familia I by Enjoy Apartments,"Eixample, Barcelona",https://www.booking.com/hotel/es/ea-sagrada-familia-i-group-apartment-6-pax-near-sagrada-familia.html?label=gen173nr-1BCAEoggI46AdSAnVzWARoRogBAZgBMbgBGcgBD9gBAegBAYgCAagCA7gC-NjpvAbAAgHSAiQ4ZGVlZWVhMi1mOTI5LTRmOWQtOTk0OC0xMzU5MWFkYWNlODjYAgXgAgE&sid=f990c8e44d8a49a026ee40f8b9e3b3a2&aid=304142&ucfs=1&arphpl=1&checkin=2025-03-01&checkout=2025-03-08&dest_id=-372490&dest_type=city&group_adults=2&req_adults=2&no_rooms=1&group_children=0&req_children=0&hpos=12&hapos=812&sr_order=popularity&srpvid=af307f62bb9d0534&srepoch=1738174131&all_sr_blocks=930655702_394184554_6_0_0&highlighted_blocks=930655702_394184554_6_0_0&matching_block_id=930655702_394184554_6_0_0&sr_pri_blocks=930655702_394184554_6_0_0__349379&from=searchresults
Port Vell! Beach Barcelona Centro!,"Ciutat Vella, Barcelona",https://www.booking.com/hotel/es/barrio-born.html?label=gen173nr-1BCAEoggI46AdSAnVzWARoRogBAZgBMbgBGcgBD9gBAegBAYgCAagCA7gC-NjpvAbAAgHSAiQ4ZGVlZWVhMi1mOTI5LTRmOWQtOTk0OC0xMzU5MWFkYWNlODjYAgXgAgE&sid=f990c8e44d8a49a026ee40f8b9e3b3a2&aid=304142&ucfs=1&arphpl=1&checkin=2025-03-01&checkout=2025-03-08&dest_id=-372490&dest_type=city&group_adults=2&req_adults=2&no_rooms=1&group_children=0&req_children=0&hpos=13&hapos=813&sr_order=popularity&srpvid=af307f62bb9d0534&srepoch=1738174131&all_sr_blocks=728307102_314765497_2_0_0&highlighted_blocks=728307102_314765497_2_0_0&matching_block_id=728307102_314765497_2_0_0&sr_pri_blocks=728307102_314765497_2_0_0__180975&from=searchresults
Cosmo Apartments Rambla Catalunya,"Eixample, Barcelona",https://www.booking.com/hotel/es/just-style-rambla-catalunya.html?label=gen173nr-1BCAEoggI46AdSAnVzWARoRogBAZgBMbgBGcgBD9gBAegBAYgCAagCA7gC-NjpvAbAAgHSAiQ4ZGVlZWVhMi1mOTI5LTRmOWQtOTk0OC0xMzU5MWFkYWNlODjYAgXgAgE&sid=f990c8e44d8a49a026ee40f8b9e3b3a2&aid=304142&ucfs=1&arphpl=1&checkin=2025-03-01&checkout=2025-03-08&dest_id=-372490&dest_type=city&group_adults=2&req_adults=2&no_rooms=1&group_children=0&req_children=0&hpos=14&hapos=814&sr_order=popularity&srpvid=af307f62bb9d0534&srepoch=1738174131&all_sr_blocks=72259204_88504526_2_0_0&highlighted_blocks=72259204_88504526_2_0_0&matching_block_id=72259204_88504526_2_0_0&sr_pri_blocks=72259204_88504526_2_0_0__675992&from=searchresults
Casa Cosi - Eixample 1,"Eixample, Barcelona",https://www.booking.com/hotel/es/casa-cosi-eixample-1.html?label=gen173nr-1BCAEoggI46AdSAnVzWARoRogBAZgBMbgBGcgBD9gBAegBAYgCAagCA7gC-NjpvAbAAgHSAiQ4ZGVlZWVhMi1mOTI5LTRmOWQtOTk0OC0xMzU5MWFkYWNlODjYAgXgAgE&sid=f990c8e44d8a49a026ee40f8b9e3b3a2&aid=304142&ucfs=1&arphpl=1&checkin=2025-03-01&checkout=2025-03-08&dest_id=-372490&dest_type=city&group_adults=2&req_adults=2&no_rooms=1&group_children=0&req_children=0&hpos=15&hapos=815&sr_order=popularity&srpvid=af307f62bb9d0534&srepoch=1738174131&all_sr_blocks=499481001_377071532_0_0_0&highlighted_blocks=499481001_377071532_0_0_0&matching_block_id=499481001_377071532_0_0_0&sr_pri_blocks=499481001_377071532_0_0_0__266094&from=searchresults
Rooftop Penthouse Double Terrace,"Sants-Montjuïc, Barcelona",https://www.booking.com/hotel/es/rooftop-penthouse-double-terrace.html?label=gen173nr-1BCAEoggI46AdSAnVzWARoRogBAZgBMbgBGcgBD9gBAegBAYgCAagCA7gC-NjpvAbAAgHSAiQ4ZGVlZWVhMi1mOTI5LTRmOWQtOTk0OC0xMzU5MWFkYWNlODjYAgXgAgE&sid=f990c8e44d8a49a026ee40f8b9e3b3a2&aid=304142&ucfs=1&arphpl=1&checkin=2025-03-01&checkout=2025-03-08&dest_id=-372490&dest_type=city&group_adults=2&req_adults=2&no_rooms=1&group_children=0&req_children=0&hpos=16&hapos=816&sr_order=popularity&srpvid=af307f62bb9d0534&srepoch=1738174131&all_sr_blocks=1298967802_402794134_0_0_0&highlighted_blocks=1298967802_402794134_0_0_0&matching_block_id=1298967802_402794134_0_0_0&sr_pri_blocks=1298967802_402794134_0_0_0__253328&from=searchresults
17 Nice apartment next to El Molino,"Sants-Montjuïc, Barcelona",https://www.booking.com/hotel/es/apartment-red-special.html?label=gen173nr-1BCAEoggI46AdSAnVzWARoRogBAZgBMbgBGcgBD9gBAegBAYgCAagCA7gC-NjpvAbAAgHSAiQ4ZGVlZWVhMi1mOTI5LTRmOWQtOTk0OC0xMzU5MWFkYWNlODjYAgXgAgE&sid=f990c8e44d8a49a026ee40f8b9e3b3a2&aid=304142&ucfs=1&arphpl=1&checkin=2025-03-01&checkout=2025-03-08&dest_id=-372490&dest_type=city&group_adults=2&req_adults=2&no_rooms=1&group_children=0&req_children=0&hpos=17&hapos=817&sr_order=popularity&srpvid=af307f62bb9d0534&srepoch=1738174131&all_sr_blocks=127923401_88510526_0_0_0&highlighted_blocks=127923401_88510526_0_0_0&matching_block_id=127923401_88510526_0_0_0&sr_pri_blocks=127923401_88510526_0_0_0__278132&from=searchresults
Stay U-nique House Torre Damians,"Sants-Montjuïc, Barcelona",https://www.booking.com/hotel/es/fantastic-three-floor-house-with-terrace.html?label=gen173nr-1BCAEoggI46AdSAnVzWARoRogBAZgBMbgBGcgBD9gBAegBAYgCAagCA7gC-NjpvAbAAgHSAiQ4ZGVlZWVhMi1mOTI5LTRmOWQtOTk0OC0xMzU5MWFkYWNlODjYAgXgAgE&sid=f990c8e44d8a49a026ee40f8b9e3b3a2&aid=304142&ucfs=1&arphpl=1&checkin=2025-03-01&checkout=2025-03-08&dest_id=-372490&dest_type=city&group_adults=2&req_adults=2&no_rooms=1&group_children=0&req_children=0&hpos=18&hapos=818&sr_order=popularity&srpvid=af307f62bb9d0534&srepoch=1738174131&all_sr_blocks=1078694002_380474376_0_0_0&highlighted_blocks=1078694002_380474376_0_0_0&matching_block_id=1078694002_380474376_0_0_0&sr_pri_blocks=1078694002_380474376_0_0_0__551141&from=searchresults
AinB Born-Dames Apartments,"Ciutat Vella, Barcelona",https://www.booking.com/hotel/es/apartments-in-barcelona-dames.html?label=gen173nr-1BCAEoggI46AdSAnVzWARoRogBAZgBMbgBGcgBD9gBAegBAYgCAagCA7gC-NjpvAbAAgHSAiQ4ZGVlZWVhMi1mOTI5LTRmOWQtOTk0OC0xMzU5MWFkYWNlODjYAgXgAgE&sid=f990c8e44d8a49a026ee40f8b9e3b3a2&aid=304142&ucfs=1&arphpl=1&checkin=2025-03-01&checkout=2025-03-08&dest_id=-372490&dest_type=city&group_adults=2&req_adults=2&no_rooms=1&group_children=0&req_children=0&hpos=19&hapos=819&sr_order=popularity&srpvid=af307f62bb9d0534&srepoch=1738174131&all_sr_blocks=1322401_95137168_2_0_0&highlighted_blocks=1322401_95137168_2_0_0&matching_block_id=1322401_95137168_2_0_0&sr_pri_blocks=1322401_95137168_2_0_0__315295&from=searchresults
Habitat Apartments Tessa,"Eixample, Barcelona",https://www.booking.com/hotel/es/habitat-apartments-tessa.html?label=gen173nr-1BCAEoggI46AdSAnVzWARoRogBAZgBMbgBGcgBD9gBAegBAYgCAagCA7gC-NjpvAbAAgHSAiQ4ZGVlZWVhMi1mOTI5LTRmOWQtOTk0OC0xMzU5MWFkYWNlODjYAgXgAgE&sid=f990c8e44d8a49a026ee40f8b9e3b3a2&aid=304142&ucfs=1&arphpl=1&checkin=2025-03-01&checkout=2025-03-08&dest_id=-372490&dest_type=city&group_adults=2&req_adults=2&no_rooms=1&group_children=0&req_children=0&hpos=20&hapos=820&sr_order=popularity&srpvid=af307f62bb9d0534&srepoch=1738174131&all_sr_blocks=90532001_88418536_0_0_0&highlighted_blocks=90532001_88418536_0_0_0&matching_block_id=90532001_88418536_0_0_0&sr_pri_blocks=90532001_88418536_0_0_0__462440&from=searchresults
Art House Granvia,"Eixample, Barcelona",https://www.booking.com/hotel/es/bcn-whynot-granvia-apartments.html?label=gen173nr-1BCAEoggI46AdSAnVzWARoRogBAZgBMbgBGcgBD9gBAegBAYgCAagCA7gC-NjpvAbAAgHSAiQ4ZGVlZWVhMi1mOTI5LTRmOWQtOTk0OC0xMzU5MWFkYWNlODjYAgXgAgE&sid=f990c8e44d8a49a026ee40f8b9e3b3a2&aid=304142&ucfs=1&arphpl=1&checkin=2025-03-01&checkout=2025-03-08&dest_id=-372490&dest_type=city&group_adults=2&req_adults=2&no_rooms=1&group_children=0&req_children=0&hpos=21&hapos=821&sr_order=popularity&srpvid=af307f62bb9d0534&srepoch=1738174131&all_sr_blocks=43909001_330860267_4_0_0&highlighted_blocks=43909001_330860267_4_0_0&matching_block_id=43909001_330860267_4_0_0&sr_pri_blocks=43909001_330860267_4_0_0__718824&from=searchresults
Hostal Las Flores Ramblas,"Ciutat Vella, Barcelona",https://www.booking.com/hotel/es/hostal-las-flores.html?label=gen173nr-1BCAEoggI46AdSAnVzWARoRogBAZgBMbgBGcgBD9gBAegBAYgCAagCA7gC-NjpvAbAAgHSAiQ4ZGVlZWVhMi1mOTI5LTRmOWQtOTk0OC0xMzU5MWFkYWNlODjYAgXgAgE&sid=f990c8e44d8a49a026ee40f8b9e3b3a2&aid=304142&ucfs=1&arphpl=1&checkin=2025-03-01&checkout=2025-03-08&dest_id=-372490&dest_type=city&group_adults=2&req_adults=2&no_rooms=1&group_children=0&req_children=0&hpos=22&hapos=822&sr_order=popularity&srpvid=af307f62bb9d0534&srepoch=1738174131&all_sr_blocks=27593501_0_2_0_0&highlighted_blocks=27593501_0_2_0_0&matching_block_id=27593501_0_2_0_0&sr_pri_blocks=27593501_0_2_0_0__198890&from=searchresults
Canela Homes BARCELONA MARINA,"Eixample, Barcelona",https://www.booking.com/hotel/es/h2o-barcelona-marina.html?label=gen173nr-1BCAEoggI46AdSAnVzWARoRogBAZgBMbgBGcgBD9gBAegBAYgCAagCA7gC-NjpvAbAAgHSAiQ4ZGVlZWVhMi1mOTI5LTRmOWQtOTk0OC0xMzU5MWFkYWNlODjYAgXgAgE&sid=f990c8e44d8a49a026ee40f8b9e3b3a2&aid=304142&ucfs=1&arphpl=1&checkin=2025-03-01&checkout=2025-03-08&dest_id=-372490&dest_type=city&group_adults=2&req_adults=2&no_rooms=1&group_children=0&req_children=0&hpos=23&hapos=823&sr_order=popularity&srpvid=af307f62bb9d0534&srepoch=1738174131&all_sr_blocks=688876302_279648916_4_0_0&highlighted_blocks=688876302_279648916_4_0_0&matching_block_id=688876302_279648916_4_0_0&sr_pri_blocks=688876302_279648916_4_0_0__473113&from=searchresults
Sweett - La Pedrera - Paseo de Gracia,"Eixample, Barcelona",https://www.booking.com/hotel/es/sweet-inn-apartment-carrer-de-rosello.html?label=gen173nr-1BCAEoggI46AdSAnVzWARoRogBAZgBMbgBGcgBD9gBAegBAYgCAagCA7gC-NjpvAbAAgHSAiQ4ZGVlZWVhMi1mOTI5LTRmOWQtOTk0OC0xMzU5MWFkYWNlODjYAgXgAgE&sid=f990c8e44d8a49a026ee40f8b9e3b3a2&aid=304142&ucfs=1&arphpl=1&checkin=2025-03-01&checkout=2025-03-08&dest_id=-372490&dest_type=city&group_adults=2&req_adults=2&no_rooms=1&group_children=0&req_children=0&hpos=24&hapos=824&sr_order=popularity&srpvid=af307f62bb9d0534&srepoch=1738174131&all_sr_blocks=209356801_95761706_9_0_0&highlighted_blocks=209356801_95761706_9_0_0&matching_block_id=209356801_95761706_9_0_0&sr_pri_blocks=209356801_95761706_9_0_0__724015&from=searchresults
Charming central gem in Poble Sec,"Sants-Montjuïc, Barcelona",https://www.booking.com/hotel/es/charming-central-gem-in-poble-sec.html?label=gen173nr-1BCAEoggI46AdSAnVzWARoRogBAZgBMbgBGcgBD9gBAegBAYgCAagCA7gC-NjpvAbAAgHSAiQ4ZGVlZWVhMi1mOTI5LTRmOWQtOTk0OC0xMzU5MWFkYWNlODjYAgXgAgE&sid=f990c8e44d8a49a026ee40f8b9e3b3a2&aid=304142&ucfs=1&arphpl=1&checkin=2025-03-01&checkout=2025-03-08&dest_id=-372490&dest_type=city&group_adults=2&req_adults=2&no_rooms=1&group_children=0&req_children=0&hpos=1&hapos=825&sr_order=popularity&srpvid=af307f62bb9d0534&srepoch=1738174135&all_sr_blocks=934607602_365578134_0_0_0&highlighted_blocks=934607602_365578134_0_0_0&matching_block_id=934607602_365578134_0_0_0&sr_pri_blocks=934607602_365578134_0_0_0__345848&from=searchresults
Stay U-nique Apartments Gran Via,"Eixample, Barcelona",https://www.booking.com/hotel/es/sophisticated-spacious-3bed-in-bcn-centre.html?label=gen173nr-1BCAEoggI46AdSAnVzWARoRogBAZgBMbgBGcgBD9gBAegBAYgCAagCA7gC-NjpvAbAAgHSAiQ4ZGVlZWVhMi1mOTI5LTRmOWQtOTk0OC0xMzU5MWFkYWNlODjYAgXgAgE&sid=f990c8e44d8a49a026ee40f8b9e3b3a2&aid=304142&ucfs=1&arphpl=1&checkin=2025-03-01&checkout=2025-03-08&dest_id=-372490&dest_type=city&group_adults=2&req_adults=2&no_rooms=1&group_children=0&req_children=0&hpos=2&hapos=826&sr_order=popularity&srpvid=af307f62bb9d0534&srepoch=1738174135&all_sr_blocks=764603302_334742151_0_0_0&highlighted_blocks=764603302_334742151_0_0_0&matching_block_id=764603302_334742151_0_0_0&sr_pri_blocks=764603302_334742151_0_0_0__346139&from=searchresults
042 Center Barça 4 2,"Ciutat Vella, Barcelona",https://www.booking.com/hotel/es/042-center-barca-4-2.html?label=gen173nr-1BCAEoggI46AdSAnVzWARoRogBAZgBMbgBGcgBD9gBAegBAYgCAagCA7gC-NjpvAbAAgHSAiQ4ZGVlZWVhMi1mOTI5LTRmOWQtOTk0OC0xMzU5MWFkYWNlODjYAgXgAgE&sid=f990c8e44d8a49a026ee40f8b9e3b3a2&aid=304142&ucfs=1&arphpl=1&checkin=2025-03-01&checkout=2025-03-08&dest_id=-372490&dest_type=city&group_adults=2&req_adults=2&no_rooms=1&group_children=0&req_children=0&hpos=3&hapos=827&sr_order=popularity&srpvid=af307f62bb9d0534&srepoch=1738174135&all_sr_blocks=1235787701_396244767_2_0_0&highlighted_blocks=1235787701_396244767_2_0_0&matching_block_id=1235787701_396244767_2_0_0&sr_pri_blocks=1235787701_396244767_2_0_0__129744&from=searchresults
Canela Homes BARCELONA URQUINAONA,"Eixample, Barcelona",https://www.booking.com/hotel/es/canela-homes-barcelona-urquinaona-barcelona.html?label=gen173nr-1BCAEoggI46AdSAnVzWARoRogBAZgBMbgBGcgBD9gBAegBAYgCAagCA7gC-NjpvAbAAgHSAiQ4ZGVlZWVhMi1mOTI5LTRmOWQtOTk0OC0xMzU5MWFkYWNlODjYAgXgAgE&sid=f990c8e44d8a49a026ee40f8b9e3b3a2&aid=304142&ucfs=1&arphpl=1&checkin=2025-03-01&checkout=2025-03-08&dest_id=-372490&dest_type=city&group_adults=2&req_adults=2&no_rooms=1&group_children=0&req_children=0&hpos=4&hapos=828&sr_order=popularity&srpvid=af307f62bb9d0534&srepoch=1738174135&all_sr_blocks=1198870701_392168100_2_0_0&highlighted_blocks=1198870701_392168100_2_0_0&matching_block_id=1198870701_392168100_2_0_0&sr_pri_blocks=1198870701_392168100_2_0_0__308272&from=searchresults
Canela Homes BARCELONA BAILÉN,"Eixample, Barcelona",https://www.booking.com/hotel/es/canela-homes-barcelona-bailen.html?label=gen173nr-1BCAEoggI46AdSAnVzWARoRogBAZgBMbgBGcgBD9gBAegBAYgCAagCA7gC-NjpvAbAAgHSAiQ4ZGVlZWVhMi1mOTI5LTRmOWQtOTk0OC0xMzU5MWFkYWNlODjYAgXgAgE&sid=f990c8e44d8a49a026ee40f8b9e3b3a2&aid=304142&ucfs=1&arphpl=1&checkin=2025-03-01&checkout=2025-03-08&dest_id=-372490&dest_type=city&group_adults=2&req_adults=2&no_rooms=1&group_children=0&req_children=0&hpos=5&hapos=829&sr_order=popularity&srpvid=af307f62bb9d0534&srepoch=1738174135&all_sr_blocks=1084453101_381351318_4_0_0&highlighted_blocks=1084453101_381351318_4_0_0&matching_block_id=1084453101_381351318_4_0_0&sr_pri_blocks=1084453101_381351318_4_0_0__530262&from=searchresults
Canela Homes BARCELONA LIGHT,"Eixample, Barcelona",https://www.booking.com/hotel/es/canela-homes-barcelona-light.html?label=gen173nr-1BCAEoggI46AdSAnVzWARoRogBAZgBMbgBGcgBD9gBAegBAYgCAagCA7gC-NjpvAbAAgHSAiQ4ZGVlZWVhMi1mOTI5LTRmOWQtOTk0OC0xMzU5MWFkYWNlODjYAgXgAgE&sid=f990c8e44d8a49a026ee40f8b9e3b3a2&aid=304142&ucfs=1&arphpl=1&checkin=2025-03-01&checkout=2025-03-08&dest_id=-372490&dest_type=city&group_adults=2&req_adults=2&no_rooms=1&group_children=0&req_children=0&hpos=6&hapos=830&sr_order=popularity&srpvid=af307f62bb9d0534&srepoch=1738174135&all_sr_blocks=1224945901_394590486_7_0_0&highlighted_blocks=1224945901_394590486_7_0_0&matching_block_id=1224945901_394590486_7_0_0&sr_pri_blocks=1224945901_394590486_7_0_0__549516&from=searchresults
Heart Of The City Sunny With Iconic Terrace View,"Eixample, Barcelona",https://www.booking.com/hotel/es/apartment-sagrada-familla.html?label=gen173nr-1BCAEoggI46AdSAnVzWARoRogBAZgBMbgBGcgBD9gBAegBAYgCAagCA7gC-NjpvAbAAgHSAiQ4ZGVlZWVhMi1mOTI5LTRmOWQtOTk0OC0xMzU5MWFkYWNlODjYAgXgAgE&sid=f990c8e44d8a49a026ee40f8b9e3b3a2&aid=304142&ucfs=1&arphpl=1&checkin=2025-03-01&checkout=2025-03-08&dest_id=-372490&dest_type=city&group_adults=2&req_adults=2&no_rooms=1&group_children=0&req_children=0&hpos=7&hapos=831&sr_order=popularity&srpvid=af307f62bb9d0534&srepoch=1738174135&all_sr_blocks=114711301_396978514_0_0_0&highlighted_blocks=114711301_396978514_0_0_0&matching_block_id=114711301_396978514_0_0_0&sr_pri_blocks=114711301_396978514_0_0_0__523143&from=searchresults
Sweett - Ethnic Eixample,"Eixample, Barcelona",https://www.booking.com/hotel/es/sweet-inn-ethnic-eixample.html?label=gen173nr-1BCAEoggI46AdSAnVzWARoRogBAZgBMbgBGcgBD9gBAegBAYgCAagCA7gC-NjpvAbAAgHSAiQ4ZGVlZWVhMi1mOTI5LTRmOWQtOTk0OC0xMzU5MWFkYWNlODjYAgXgAgE&sid=f990c8e44d8a49a026ee40f8b9e3b3a2&aid=304142&ucfs=1&arphpl=1&checkin=2025-03-01&checkout=2025-03-08&dest_id=-372490&dest_type=city&group_adults=2&req_adults=2&no_rooms=1&group_children=0&req_children=0&hpos=8&hapos=832&sr_order=popularity&srpvid=af307f62bb9d0534&srepoch=1738174135&all_sr_blocks=1133681701_386021321_4_0_0&highlighted_blocks=1133681701_386021321_4_0_0&matching_block_id=1133681701_386021321_4_0_0&sr_pri_blocks=1133681701_386021321_4_0_0__300792&from=searchresults
Canela Homes BARCELONA PARK GÜELL,"Gràcia, Barcelona",https://www.booking.com/hotel/es/canela-homes-barcelona-park-guell.html?label=gen173nr-1BCAEoggI46AdSAnVzWARoRogBAZgBMbgBGcgBD9gBAegBAYgCAagCA7gC-NjpvAbAAgHSAiQ4ZGVlZWVhMi1mOTI5LTRmOWQtOTk0OC0xMzU5MWFkYWNlODjYAgXgAgE&sid=f990c8e44d8a49a026ee40f8b9e3b3a2&aid=304142&ucfs=1&arphpl=1&checkin=2025-03-01&checkout=2025-03-08&dest_id=-372490&dest_type=city&group_adults=2&req_adults=2&no_rooms=1&group_children=0&req_children=0&hpos=9&hapos=833&sr_order=popularity&srpvid=af307f62bb9d0534&srepoch=1738174135&all_sr_blocks=1086111101_381550331_4_0_0&highlighted_blocks=1086111101_381550331_4_0_0&matching_block_id=1086111101_381550331_4_0_0&sr_pri_blocks=1086111101_381550331_4_0_0__420296&from=searchresults
Bonito apartamento en Aribau,"Eixample, Barcelona",https://www.booking.com/hotel/es/bonito-apartamento-en-aribau.html?label=gen173nr-1BCAEoggI46AdSAnVzWARoRogBAZgBMbgBGcgBD9gBAegBAYgCAagCA7gC-NjpvAbAAgHSAiQ4ZGVlZWVhMi1mOTI5LTRmOWQtOTk0OC0xMzU5MWFkYWNlODjYAgXgAgE&sid=f990c8e44d8a49a026ee40f8b9e3b3a2&aid=304142&ucfs=1&arphpl=1&checkin=2025-03-01&checkout=2025-03-08&dest_id=-372490&dest_type=city&group_adults=2&req_adults=2&no_rooms=1&group_children=0&req_children=0&hpos=10&hapos=834&sr_order=popularity&srpvid=af307f62bb9d0534&srepoch=1738174135&all_sr_blocks=1339978301_406411175_6_0_0&highlighted_blocks=1339978301_406411175_6_0_0&matching_block_id=1339978301_406411175_6_0_0&sr_pri_blocks=1339978301_406411175_6_0_0__301803&from=searchresults
Charming boat house in Barcelona with big terrace and solarium,Barcelona,https://www.booking.com/hotel/es/charming-boat-house-in-barcelona-with-big-terrace-and-solarium.html?label=gen173nr-1BCAEoggI46AdSAnVzWARoRogBAZgBMbgBGcgBD9gBAegBAYgCAagCA7gC-NjpvAbAAgHSAiQ4ZGVlZWVhMi1mOTI5LTRmOWQtOTk0OC0xMzU5MWFkYWNlODjYAgXgAgE&sid=f990c8e44d8a49a026ee40f8b9e3b3a2&aid=304142&ucfs=1&arphpl=1&checkin=2025-03-01&checkout=2025-03-08&dest_id=-372490&dest_type=city&group_adults=2&req_adults=2&no_rooms=1&group_children=0&req_children=0&hpos=11&hapos=835&sr_order=popularity&srpvid=af307f62bb9d0534&srepoch=1738174135&all_sr_blocks=980838101_370351717_2_0_0&highlighted_blocks=980838101_370351717_2_0_0&matching_block_id=980838101_370351717_2_0_0&sr_pri_blocks=980838101_370351717_2_0_0__131538&from=searchresults
Le Palacete powered by Sonder,"Gràcia, Barcelona",https://www.booking.com/hotel/es/le-palacete.html?label=gen173nr-1BCAEoggI46AdSAnVzWARoRogBAZgBMbgBGcgBD9gBAegBAYgCAagCA7gC-NjpvAbAAgHSAiQ4ZGVlZWVhMi1mOTI5LTRmOWQtOTk0OC0xMzU5MWFkYWNlODjYAgXgAgE&sid=f990c8e44d8a49a026ee40f8b9e3b3a2&aid=304142&ucfs=1&arphpl=1&checkin=2025-03-01&checkout=2025-03-08&dest_id=-372490&dest_type=city&group_adults=2&req_adults=2&no_rooms=1&group_children=0&req_children=0&hpos=12&hapos=836&sr_order=popularity&srpvid=af307f62bb9d0534&srepoch=1738174135&all_sr_blocks=185948712_91999768_2_0_0&highlighted_blocks=185948712_91999768_2_0_0&matching_block_id=185948712_91999768_2_0_0&sr_pri_blocks=185948712_91999768_2_0_0__331530&from=searchresults
Enjoy Apartments Calle Paris Super Stylish II,"Eixample, Barcelona",https://www.booking.com/hotel/es/calle-paris-super-stylish.html?label=gen173nr-1BCAEoggI46AdSAnVzWARoRogBAZgBMbgBGcgBD9gBAegBAYgCAagCA7gC-NjpvAbAAgHSAiQ4ZGVlZWVhMi1mOTI5LTRmOWQtOTk0OC0xMzU5MWFkYWNlODjYAgXgAgE&sid=f990c8e44d8a49a026ee40f8b9e3b3a2&aid=304142&ucfs=1&arphpl=1&checkin=2025-03-01&checkout=2025-03-08&dest_id=-372490&dest_type=city&group_adults=2&req_adults=2&no_rooms=1&group_children=0&req_children=0&hpos=13&hapos=837&sr_order=popularity&srpvid=af307f62bb9d0534&srepoch=1738174135&all_sr_blocks=1317591102_404589452_4_0_0&highlighted_blocks=1317591102_404589452_4_0_0&matching_block_id=1317591102_404589452_4_0_0&sr_pri_blocks=1317591102_404589452_4_0_0__383484&from=searchresults
Casa Cosi - Sant Gervasi 3,"Sarrià-St. Gervasi, Barcelona",https://www.booking.com/hotel/es/casa-cosi-sant-gervasi-3.html?label=gen173nr-1BCAEoggI46AdSAnVzWARoRogBAZgBMbgBGcgBD9gBAegBAYgCAagCA7gC-NjpvAbAAgHSAiQ4ZGVlZWVhMi1mOTI5LTRmOWQtOTk0OC0xMzU5MWFkYWNlODjYAgXgAgE&sid=f990c8e44d8a49a026ee40f8b9e3b3a2&aid=304142&ucfs=1&arphpl=1&checkin=2025-03-01&checkout=2025-03-08&dest_id=-372490&dest_type=city&group_adults=2&req_adults=2&no_rooms=1&group_children=0&req_children=0&hpos=14&hapos=838&sr_order=popularity&srpvid=af307f62bb9d0534&srepoch=1738174135&all_sr_blocks=814029702_362247710_0_0_0&highlighted_blocks=814029702_362247710_0_0_0&matching_block_id=814029702_362247710_0_0_0&sr_pri_blocks=814029702_362247710_0_0_0__248541&from=searchresults
Sagrada Familia Vl by Enjoy Apartments,"Eixample, Barcelona",https://www.booking.com/hotel/es/bc0cr024s6-sagrada-familia-vl.html?label=gen173nr-1BCAEoggI46AdSAnVzWARoRogBAZgBMbgBGcgBD9gBAegBAYgCAagCA7gC-NjpvAbAAgHSAiQ4ZGVlZWVhMi1mOTI5LTRmOWQtOTk0OC0xMzU5MWFkYWNlODjYAgXgAgE&sid=f990c8e44d8a49a026ee40f8b9e3b3a2&aid=304142&ucfs=1&arphpl=1&checkin=2025-03-01&checkout=2025-03-08&dest_id=-372490&dest_type=city&group_adults=2&req_adults=2&no_rooms=1&group_children=0&req_children=0&hpos=15&hapos=839&sr_order=popularity&srpvid=af307f62bb9d0534&srepoch=1738174135&all_sr_blocks=1180011302_391332337_4_0_0&highlighted_blocks=1180011302_391332337_4_0_0&matching_block_id=1180011302_391332337_4_0_0&sr_pri_blocks=1180011302_391332337_4_0_0__292174&from=searchresults
Lodging Apartments Entenca,"Eixample, Barcelona",https://www.booking.com/hotel/es/lodging-apartments-entenca-barcelona.html?label=gen173nr-1BCAEoggI46AdSAnVzWARoRogBAZgBMbgBGcgBD9gBAegBAYgCAagCA7gC-NjpvAbAAgHSAiQ4ZGVlZWVhMi1mOTI5LTRmOWQtOTk0OC0xMzU5MWFkYWNlODjYAgXgAgE&sid=f990c8e44d8a49a026ee40f8b9e3b3a2&aid=304142&ucfs=1&arphpl=1&checkin=2025-03-01&checkout=2025-03-08&dest_id=-372490&dest_type=city&group_adults=2&req_adults=2&no_rooms=1&group_children=0&req_children=0&hpos=16&hapos=840&sr_order=popularity&srpvid=af307f62bb9d0534&srepoch=1738174135&all_sr_blocks=1290592902_402011944_0_0_0&highlighted_blocks=1290592902_402011944_0_0_0&matching_block_id=1290592902_402011944_0_0_0&sr_pri_blocks=1290592902_402011944_0_0_0__399942&from=searchresults
"022 Center Barca 2,2","Ciutat Vella, Barcelona",https://www.booking.com/hotel/es/022palmer-2-2.html?label=gen173nr-1BCAEoggI46AdSAnVzWARoRogBAZgBMbgBGcgBD9gBAegBAYgCAagCA7gC-NjpvAbAAgHSAiQ4ZGVlZWVhMi1mOTI5LTRmOWQtOTk0OC0xMzU5MWFkYWNlODjYAgXgAgE&sid=f990c8e44d8a49a026ee40f8b9e3b3a2&aid=304142&ucfs=1&arphpl=1&checkin=2025-03-01&checkout=2025-03-08&dest_id=-372490&dest_type=city&group_adults=2&req_adults=2&no_rooms=1&group_children=0&req_children=0&hpos=17&hapos=841&sr_order=popularity&srpvid=af307f62bb9d0534&srepoch=1738174135&all_sr_blocks=1235422201_396244823_2_0_0&highlighted_blocks=1235422201_396244823_2_0_0&matching_block_id=1235422201_396244823_2_0_0&sr_pri_blocks=1235422201_396244823_2_0_0__175882&from=searchresults
Canela Homes BARCELONA GÒTIC,"Ciutat Vella, Barcelona",https://www.booking.com/hotel/es/canela-homes-barcelona-milans.html?label=gen173nr-1BCAEoggI46AdSAnVzWARoRogBAZgBMbgBGcgBD9gBAegBAYgCAagCA7gC-NjpvAbAAgHSAiQ4ZGVlZWVhMi1mOTI5LTRmOWQtOTk0OC0xMzU5MWFkYWNlODjYAgXgAgE&sid=f990c8e44d8a49a026ee40f8b9e3b3a2&aid=304142&ucfs=1&arphpl=1&checkin=2025-03-01&checkout=2025-03-08&dest_id=-372490&dest_type=city&group_adults=2&req_adults=2&no_rooms=1&group_children=0&req_children=0&hpos=18&hapos=842&sr_order=popularity&srpvid=af307f62bb9d0534&srepoch=1738174135&all_sr_blocks=1211353801_393303346_4_0_0&highlighted_blocks=1211353801_393303346_4_0_0&matching_block_id=1211353801_393303346_4_0_0&sr_pri_blocks=1211353801_393303346_4_0_0__592476&from=searchresults
The Yellow House by MyRentalHost,"Horta-Guinardó, Barcelona",https://www.booking.com/hotel/es/unique-house-3-br-2br-wi-fi-smart-tv-ac-nespresso.html?label=gen173nr-1BCAEoggI46AdSAnVzWARoRogBAZgBMbgBGcgBD9gBAegBAYgCAagCA7gC-NjpvAbAAgHSAiQ4ZGVlZWVhMi1mOTI5LTRmOWQtOTk0OC0xMzU5MWFkYWNlODjYAgXgAgE&sid=f990c8e44d8a49a026ee40f8b9e3b3a2&aid=304142&ucfs=1&arphpl=1&checkin=2025-03-01&checkout=2025-03-08&dest_id=-372490&dest_type=city&group_adults=2&req_adults=2&no_rooms=1&group_children=0&req_children=0&hpos=19&hapos=843&sr_order=popularity&srpvid=af307f62bb9d0534&srepoch=1738174135&all_sr_blocks=769636802_339649689_4_0_0&highlighted_blocks=769636802_339649689_4_0_0&matching_block_id=769636802_339649689_4_0_0&sr_pri_blocks=769636802_339649689_4_0_0__286176&from=searchresults
Art House Station Rocafort ´Sant Antoni´,"Eixample, Barcelona",https://www.booking.com/hotel/es/art-house-station-rocafort-sant-antoni.html?label=gen173nr-1BCAEoggI46AdSAnVzWARoRogBAZgBMbgBGcgBD9gBAegBAYgCAagCA7gC-NjpvAbAAgHSAiQ4ZGVlZWVhMi1mOTI5LTRmOWQtOTk0OC0xMzU5MWFkYWNlODjYAgXgAgE&sid=f990c8e44d8a49a026ee40f8b9e3b3a2&aid=304142&ucfs=1&arphpl=1&checkin=2025-03-01&checkout=2025-03-08&dest_id=-372490&dest_type=city&group_adults=2&req_adults=2&no_rooms=1&group_children=0&req_children=0&hpos=20&hapos=844&sr_order=popularity&srpvid=af307f62bb9d0534&srepoch=1738174135&all_sr_blocks=666422401_340084977_3_0_0&highlighted_blocks=666422401_340084977_3_0_0&matching_block_id=666422401_340084977_3_0_0&sr_pri_blocks=666422401_340084977_3_0_0__652212&from=searchresults
BC0CR020S2 - Sagrada Familia ll,"Eixample, Barcelona",https://www.booking.com/hotel/es/ea-sagrada-familia-ii-super-apartment-close-to-sagrada-familia-6-pax.html?label=gen173nr-1BCAEoggI46AdSAnVzWARoRogBAZgBMbgBGcgBD9gBAegBAYgCAagCA7gC-NjpvAbAAgHSAiQ4ZGVlZWVhMi1mOTI5LTRmOWQtOTk0OC0xMzU5MWFkYWNlODjYAgXgAgE&sid=f990c8e44d8a49a026ee40f8b9e3b3a2&aid=304142&ucfs=1&arphpl=1&checkin=2025-03-01&checkout=2025-03-08&dest_id=-372490&dest_type=city&group_adults=2&req_adults=2&no_rooms=1&group_children=0&req_children=0&hpos=21&hapos=845&sr_order=popularity&srpvid=af307f62bb9d0534&srepoch=1738174135&all_sr_blocks=930655502_394184659_6_0_0&highlighted_blocks=930655502_394184659_6_0_0&matching_block_id=930655502_394184659_6_0_0&sr_pri_blocks=930655502_394184659_6_0_0__373803&from=searchresults
Delightfull with terraze 3beds,"Eixample, Barcelona",https://www.booking.com/hotel/es/delightfull-with-terraze-3beds-barcelona.html?label=gen173nr-1BCAEoggI46AdSAnVzWARoRogBAZgBMbgBGcgBD9gBAegBAYgCAagCA7gC-NjpvAbAAgHSAiQ4ZGVlZWVhMi1mOTI5LTRmOWQtOTk0OC0xMzU5MWFkYWNlODjYAgXgAgE&sid=f990c8e44d8a49a026ee40f8b9e3b3a2&aid=304142&ucfs=1&arphpl=1&checkin=2025-03-01&checkout=2025-03-08&dest_id=-372490&dest_type=city&group_adults=2&req_adults=2&no_rooms=1&group_children=0&req_children=0&hpos=22&hapos=846&sr_order=popularity&srpvid=af307f62bb9d0534&srepoch=1738174135&all_sr_blocks=1061478901_378459406_5_0_0&highlighted_blocks=1061478901_378459406_5_0_0&matching_block_id=1061478901_378459406_5_0_0&sr_pri_blocks=1061478901_378459406_5_0_0__492632&from=searchresults
Canela Homes BARCELONA OLYMPIC,"Sant Martí, Barcelona",https://www.booking.com/hotel/es/canela-homes-barcelona-olympic.html?label=gen173nr-1BCAEoggI46AdSAnVzWARoRogBAZgBMbgBGcgBD9gBAegBAYgCAagCA7gC-NjpvAbAAgHSAiQ4ZGVlZWVhMi1mOTI5LTRmOWQtOTk0OC0xMzU5MWFkYWNlODjYAgXgAgE&sid=f990c8e44d8a49a026ee40f8b9e3b3a2&aid=304142&ucfs=1&arphpl=1&checkin=2025-03-01&checkout=2025-03-08&dest_id=-372490&dest_type=city&group_adults=2&req_adults=2&no_rooms=1&group_children=0&req_children=0&hpos=23&hapos=847&sr_order=popularity&srpvid=af307f62bb9d0534&srepoch=1738174135&all_sr_blocks=1190824001_391406843_4_0_0&highlighted_blocks=1190824001_391406843_4_0_0&matching_block_id=1190824001_391406843_4_0_0&sr_pri_blocks=1190824001_391406843_4_0_0__496850&from=searchresults
Art House Paral-lel Sant Antoni,"Sants-Montjuïc, Barcelona",https://www.booking.com/hotel/es/art-house-paral-lel-sant-antoni.html?label=gen173nr-1BCAEoggI46AdSAnVzWARoRogBAZgBMbgBGcgBD9gBAegBAYgCAagCA7gC-NjpvAbAAgHSAiQ4ZGVlZWVhMi1mOTI5LTRmOWQtOTk0OC0xMzU5MWFkYWNlODjYAgXgAgE&sid=f990c8e44d8a49a026ee40f8b9e3b3a2&aid=304142&ucfs=1&arphpl=1&checkin=2025-03-01&checkout=2025-03-08&dest_id=-372490&dest_type=city&group_adults=2&req_adults=2&no_rooms=1&group_children=0&req_children=0&hpos=24&hapos=848&sr_order=popularity&srpvid=af307f62bb9d0534&srepoch=1738174135&all_sr_blocks=596636701_330860264_3_0_0&highlighted_blocks=596636701_330860264_3_0_0&matching_block_id=596636701_330860264_3_0_0&sr_pri_blocks=596636701_330860264_3_0_0__441407&from=searchresults
Livefull 2bdr In Trendy Gracia,"Gràcia, Barcelona",https://www.booking.com/hotel/es/livefull-2bdr-in-trendy-gracia.html?label=gen173nr-1BCAEoggI46AdSAnVzWARoRogBAZgBMbgBGcgBD9gBAegBAYgCAagCA7gC-NjpvAbAAgHSAiQ4ZGVlZWVhMi1mOTI5LTRmOWQtOTk0OC0xMzU5MWFkYWNlODjYAgXgAgE&sid=f990c8e44d8a49a026ee40f8b9e3b3a2&aid=304142&ucfs=1&arphpl=1&checkin=2025-03-01&checkout=2025-03-08&dest_id=-372490&dest_type=city&group_adults=2&req_adults=2&no_rooms=1&group_children=0&req_children=0&hpos=25&hapos=849&sr_order=popularity&srpvid=af307f62bb9d0534&srepoch=1738174135&all_sr_blocks=826503002_396851327_4_0_0&highlighted_blocks=826503002_396851327_4_0_0&matching_block_id=826503002_396851327_4_0_0&sr_pri_blocks=826503002_396851327_4_0_0__350046&from=searchresults
Practico apartamento junto a Estación de Sants,"Sants-Montjuïc, Barcelona",https://www.booking.com/hotel/es/practico-apartamento-junto-a-estacion-de-sants.html?label=gen173nr-1BCAEoggI46AdSAnVzWARoRogBAZgBMbgBGcgBD9gBAegBAYgCAagCA7gC-NjpvAbAAgHSAiQ4ZGVlZWVhMi1mOTI5LTRmOWQtOTk0OC0xMzU5MWFkYWNlODjYAgXgAgE&sid=f990c8e44d8a49a026ee40f8b9e3b3a2&aid=304142&ucfs=1&arphpl=1&checkin=2025-03-01&checkout=2025-03-08&dest_id=-372490&dest_type=city&group_adults=2&req_adults=2&no_rooms=1&group_children=0&req_children=0&hpos=1&hapos=850&sr_order=popularity&srpvid=af307f62bb9d0534&srepoch=1738174140&all_sr_blocks=1246008501_396805163_4_0_0&highlighted_blocks=1246008501_396805163_4_0_0&matching_block_id=1246008501_396805163_4_0_0&sr_pri_blocks=1246008501_396805163_4_0_0__407736&from=searchresults
Luxury Paseo de Gracia Casa Batlló,"Eixample, Barcelona",https://www.booking.com/hotel/es/luxury-paseo-de-gracia-casa-batllo.html?label=gen173nr-1BCAEoggI46AdSAnVzWARoRogBAZgBMbgBGcgBD9gBAegBAYgCAagCA7gC-NjpvAbAAgHSAiQ4ZGVlZWVhMi1mOTI5LTRmOWQtOTk0OC0xMzU5MWFkYWNlODjYAgXgAgE&sid=f990c8e44d8a49a026ee40f8b9e3b3a2&aid=304142&ucfs=1&arphpl=1&checkin=2025-03-01&checkout=2025-03-08&dest_id=-372490&dest_type=city&group_adults=2&req_adults=2&no_rooms=1&group_children=0&req_children=0&hpos=2&hapos=851&sr_order=popularity&srpvid=af307f62bb9d0534&srepoch=1738174140&all_sr_blocks=839478101_350508771_4_0_0&highlighted_blocks=839478101_350508771_4_0_0&matching_block_id=839478101_350508771_4_0_0&sr_pri_blocks=839478101_350508771_4_0_0__569695&from=searchresults
Swan,"Sant Martí, Barcelona",https://www.booking.com/hotel/es/swan.html?label=gen173nr-1BCAEoggI46AdSAnVzWARoRogBAZgBMbgBGcgBD9gBAegBAYgCAagCA7gC-NjpvAbAAgHSAiQ4ZGVlZWVhMi1mOTI5LTRmOWQtOTk0OC0xMzU5MWFkYWNlODjYAgXgAgE&sid=f990c8e44d8a49a026ee40f8b9e3b3a2&aid=304142&ucfs=1&arphpl=1&checkin=2025-03-01&checkout=2025-03-08&dest_id=-372490&dest_type=city&group_adults=2&req_adults=2&no_rooms=1&group_children=0&req_children=0&hpos=3&hapos=852&sr_order=popularity&srpvid=af307f62bb9d0534&srepoch=1738174140&all_sr_blocks=839854001_350623923_2_0_0&highlighted_blocks=839854001_350623923_2_0_0&matching_block_id=839854001_350623923_2_0_0&sr_pri_blocks=839854001_350623923_2_0_0__173950&from=searchresults
021 Center Barca 2 1,"Ciutat Vella, Barcelona",https://www.booking.com/hotel/es/021-center-barca-2-1.html?label=gen173nr-1BCAEoggI46AdSAnVzWARoRogBAZgBMbgBGcgBD9gBAegBAYgCAagCA7gC-NjpvAbAAgHSAiQ4ZGVlZWVhMi1mOTI5LTRmOWQtOTk0OC0xMzU5MWFkYWNlODjYAgXgAgE&sid=f990c8e44d8a49a026ee40f8b9e3b3a2&aid=304142&ucfs=1&arphpl=1&checkin=2025-03-01&checkout=2025-03-08&dest_id=-372490&dest_type=city&group_adults=2&req_adults=2&no_rooms=1&group_children=0&req_children=0&hpos=4&hapos=853&sr_order=popularity&srpvid=af307f62bb9d0534&srepoch=1738174140&all_sr_blocks=1237256701_396243280_2_0_0&highlighted_blocks=1237256701_396243280_2_0_0&matching_block_id=1237256701_396243280_2_0_0&sr_pri_blocks=1237256701_396243280_2_0_0__181867&from=searchresults
Canela Homes BARCELONA BRUC,"Eixample, Barcelona",https://www.booking.com/hotel/es/canela-homes-barcelona-bruc.html?label=gen173nr-1BCAEoggI46AdSAnVzWARoRogBAZgBMbgBGcgBD9gBAegBAYgCAagCA7gC-NjpvAbAAgHSAiQ4ZGVlZWVhMi1mOTI5LTRmOWQtOTk0OC0xMzU5MWFkYWNlODjYAgXgAgE&sid=f990c8e44d8a49a026ee40f8b9e3b3a2&aid=304142&ucfs=1&arphpl=1&checkin=2025-03-01&checkout=2025-03-08&dest_id=-372490&dest_type=city&group_adults=2&req_adults=2&no_rooms=1&group_children=0&req_children=0&hpos=5&hapos=854&sr_order=popularity&srpvid=af307f62bb9d0534&srepoch=1738174140&all_sr_blocks=1224678001_394574800_2_0_0&highlighted_blocks=1224678001_394574800_2_0_0&matching_block_id=1224678001_394574800_2_0_0&sr_pri_blocks=1224678001_394574800_2_0_0__339522&from=searchresults
Canela Homes BARCELONA BORN,"Ciutat Vella, Barcelona",https://www.booking.com/hotel/es/canela-homes-barcelona-born.html?label=gen173nr-1BCAEoggI46AdSAnVzWARoRogBAZgBMbgBGcgBD9gBAegBAYgCAagCA7gC-NjpvAbAAgHSAiQ4ZGVlZWVhMi1mOTI5LTRmOWQtOTk0OC0xMzU5MWFkYWNlODjYAgXgAgE&sid=f990c8e44d8a49a026ee40f8b9e3b3a2&aid=304142&ucfs=1&arphpl=1&checkin=2025-03-01&checkout=2025-03-08&dest_id=-372490&dest_type=city&group_adults=2&req_adults=2&no_rooms=1&group_children=0&req_children=0&hpos=6&hapos=855&sr_order=popularity&srpvid=af307f62bb9d0534&srepoch=1738174140&all_sr_blocks=1178355701_390339925_4_0_0&highlighted_blocks=1178355701_390339925_4_0_0&matching_block_id=1178355701_390339925_4_0_0&sr_pri_blocks=1178355701_390339925_4_0_0__381349&from=searchresults
Art House Cathedral Sagrada Familia,"Eixample, Barcelona",https://www.booking.com/hotel/es/art-house-cathedral-sagrada-familia.html?label=gen173nr-1BCAEoggI46AdSAnVzWARoRogBAZgBMbgBGcgBD9gBAegBAYgCAagCA7gC-NjpvAbAAgHSAiQ4ZGVlZWVhMi1mOTI5LTRmOWQtOTk0OC0xMzU5MWFkYWNlODjYAgXgAgE&sid=f990c8e44d8a49a026ee40f8b9e3b3a2&aid=304142&ucfs=1&arphpl=1&checkin=2025-03-01&checkout=2025-03-08&dest_id=-372490&dest_type=city&group_adults=2&req_adults=2&no_rooms=1&group_children=0&req_children=0&hpos=7&hapos=856&sr_order=popularity&srpvid=af307f62bb9d0534&srepoch=1738174140&all_sr_blocks=424954901_326860931_3_0_0&highlighted_blocks=424954901_326860931_3_0_0&matching_block_id=424954901_326860931_3_0_0&sr_pri_blocks=424954901_326860931_3_0_0__356952&from=searchresults
Diagonal Suites Atic by Sweett,"Eixample, Barcelona",https://www.booking.com/hotel/es/diagonal-suites-atic-by-sweett.html?label=gen173nr-1BCAEoggI46AdSAnVzWARoRogBAZgBMbgBGcgBD9gBAegBAYgCAagCA7gC-NjpvAbAAgHSAiQ4ZGVlZWVhMi1mOTI5LTRmOWQtOTk0OC0xMzU5MWFkYWNlODjYAgXgAgE&sid=f990c8e44d8a49a026ee40f8b9e3b3a2&aid=304142&ucfs=1&arphpl=1&checkin=2025-03-01&checkout=2025-03-08&dest_id=-372490&dest_type=city&group_adults=2&req_adults=2&no_rooms=1&group_children=0&req_children=0&hpos=8&hapos=857&sr_order=popularity&srpvid=af307f62bb9d0534&srepoch=1738174140&all_sr_blocks=1281726101_401091033_0_0_0&highlighted_blocks=1281726101_401091033_0_0_0&matching_block_id=1281726101_401091033_0_0_0&sr_pri_blocks=1281726101_401091033_0_0_0__513132&from=searchresults
Yate en Port Fórum,Barcelona,https://www.booking.com/hotel/es/yate-en-port-forum.html?label=gen173nr-1BCAEoggI46AdSAnVzWARoRogBAZgBMbgBGcgBD9gBAegBAYgCAagCA7gC-NjpvAbAAgHSAiQ4ZGVlZWVhMi1mOTI5LTRmOWQtOTk0OC0xMzU5MWFkYWNlODjYAgXgAgE&sid=f990c8e44d8a49a026ee40f8b9e3b3a2&aid=304142&ucfs=1&arphpl=1&checkin=2025-03-01&checkout=2025-03-08&dest_id=-372490&dest_type=city&group_adults=2&req_adults=2&no_rooms=1&group_children=0&req_children=0&hpos=9&hapos=858&sr_order=popularity&srpvid=af307f62bb9d0534&srepoch=1738174140&all_sr_blocks=1273185301_400118713_2_0_0&highlighted_blocks=1273185301_400118713_2_0_0&matching_block_id=1273185301_400118713_2_0_0&sr_pri_blocks=1273185301_400118713_2_0_0__187667&from=searchresults
Apartamento céntrico para 4,"Eixample, Barcelona",https://www.booking.com/hotel/es/apartamento-centrico-para-4.html?label=gen173nr-1BCAEoggI46AdSAnVzWARoRogBAZgBMbgBGcgBD9gBAegBAYgCAagCA7gC-NjpvAbAAgHSAiQ4ZGVlZWVhMi1mOTI5LTRmOWQtOTk0OC0xMzU5MWFkYWNlODjYAgXgAgE&sid=f990c8e44d8a49a026ee40f8b9e3b3a2&aid=304142&ucfs=1&arphpl=1&checkin=2025-03-01&checkout=2025-03-08&dest_id=-372490&dest_type=city&group_adults=2&req_adults=2&no_rooms=1&group_children=0&req_children=0&hpos=10&hapos=859&sr_order=popularity&srpvid=af307f62bb9d0534&srepoch=1738174140&all_sr_blocks=1248729901_397232863_4_0_0&highlighted_blocks=1248729901_397232863_4_0_0&matching_block_id=1248729901_397232863_4_0_0&sr_pri_blocks=1248729901_397232863_4_0_0__320117&from=searchresults
Canela Homes BARCELONA DIPUTACIÓ,"Eixample, Barcelona",https://www.booking.com/hotel/es/canela-homes-barcelona-diputacio-barcelona.html?label=gen173nr-1BCAEoggI46AdSAnVzWARoRogBAZgBMbgBGcgBD9gBAegBAYgCAagCA7gC-NjpvAbAAgHSAiQ4ZGVlZWVhMi1mOTI5LTRmOWQtOTk0OC0xMzU5MWFkYWNlODjYAgXgAgE&sid=f990c8e44d8a49a026ee40f8b9e3b3a2&aid=304142&ucfs=1&arphpl=1&checkin=2025-03-01&checkout=2025-03-08&dest_id=-372490&dest_type=city&group_adults=2&req_adults=2&no_rooms=1&group_children=0&req_children=0&hpos=11&hapos=860&sr_order=popularity&srpvid=af307f62bb9d0534&srepoch=1738174140&all_sr_blocks=1306883501_403508522_6_0_0&highlighted_blocks=1306883501_403508522_6_0_0&matching_block_id=1306883501_403508522_6_0_0&sr_pri_blocks=1306883501_403508522_6_0_0__599940&from=searchresults
Art House Renoir Plaza Universitat Sant Antoni,"Eixample, Barcelona",https://www.booking.com/hotel/es/art-house-renoir-plaza-universitat-sant-antoni.html?label=gen173nr-1BCAEoggI46AdSAnVzWARoRogBAZgBMbgBGcgBD9gBAegBAYgCAagCA7gC-NjpvAbAAgHSAiQ4ZGVlZWVhMi1mOTI5LTRmOWQtOTk0OC0xMzU5MWFkYWNlODjYAgXgAgE&sid=f990c8e44d8a49a026ee40f8b9e3b3a2&aid=304142&ucfs=1&arphpl=1&checkin=2025-03-01&checkout=2025-03-08&dest_id=-372490&dest_type=city&group_adults=2&req_adults=2&no_rooms=1&group_children=0&req_children=0&hpos=12&hapos=861&sr_order=popularity&srpvid=af307f62bb9d0534&srepoch=1738174140&all_sr_blocks=643861201_340083436_3_0_0&highlighted_blocks=643861201_340083436_3_0_0&matching_block_id=643861201_340083436_3_0_0&sr_pri_blocks=643861201_340083436_3_0_0__441407&from=searchresults
Unique Rentals-Seafront Luxe Suites,"Sant Martí, Barcelona",https://www.booking.com/hotel/es/unique-rentals-seafront-lux-suite.html?label=gen173nr-1BCAEoggI46AdSAnVzWARoRogBAZgBMbgBGcgBD9gBAegBAYgCAagCA7gC-NjpvAbAAgHSAiQ4ZGVlZWVhMi1mOTI5LTRmOWQtOTk0OC0xMzU5MWFkYWNlODjYAgXgAgE&sid=f990c8e44d8a49a026ee40f8b9e3b3a2&aid=304142&ucfs=1&arphpl=1&checkin=2025-03-01&checkout=2025-03-08&dest_id=-372490&dest_type=city&group_adults=2&req_adults=2&no_rooms=1&group_children=0&req_children=0&hpos=13&hapos=862&sr_order=popularity&srpvid=af307f62bb9d0534&srepoch=1738174140&all_sr_blocks=265270001_326844137_4_0_0&highlighted_blocks=265270001_326844137_4_0_0&matching_block_id=265270001_326844137_4_0_0&sr_pri_blocks=265270001_326844137_4_0_0__415020&from=searchresults
Beach! Barcelona!,"Ciutat Vella, Barcelona",https://www.booking.com/hotel/es/apartamento-centrico-barcelona3.html?label=gen173nr-1BCAEoggI46AdSAnVzWARoRogBAZgBMbgBGcgBD9gBAegBAYgCAagCA7gC-NjpvAbAAgHSAiQ4ZGVlZWVhMi1mOTI5LTRmOWQtOTk0OC0xMzU5MWFkYWNlODjYAgXgAgE&sid=f990c8e44d8a49a026ee40f8b9e3b3a2&aid=304142&ucfs=1&arphpl=1&checkin=2025-03-01&checkout=2025-03-08&dest_id=-372490&dest_type=city&group_adults=2&req_adults=2&no_rooms=1&group_children=0&req_children=0&hpos=14&hapos=863&sr_order=popularity&srpvid=af307f62bb9d0534&srepoch=1738174140&all_sr_blocks=1231304303_395109701_2_0_0&highlighted_blocks=1231304303_395109701_2_0_0&matching_block_id=1231304303_395109701_2_0_0&sr_pri_blocks=1231304303_395109701_2_0_0__162925&from=searchresults
Espacioso apartamento cerca de Diagonal,"Eixample, Barcelona",https://www.booking.com/hotel/es/espacioso-apartamento-cerca-de-diagonal.html?label=gen173nr-1BCAEoggI46AdSAnVzWARoRogBAZgBMbgBGcgBD9gBAegBAYgCAagCA7gC-NjpvAbAAgHSAiQ4ZGVlZWVhMi1mOTI5LTRmOWQtOTk0OC0xMzU5MWFkYWNlODjYAgXgAgE&sid=f990c8e44d8a49a026ee40f8b9e3b3a2&aid=304142&ucfs=1&arphpl=1&checkin=2025-03-01&checkout=2025-03-08&dest_id=-372490&dest_type=city&group_adults=2&req_adults=2&no_rooms=1&group_children=0&req_children=0&hpos=15&hapos=864&sr_order=popularity&srpvid=af307f62bb9d0534&srepoch=1738174140&all_sr_blocks=1328184701_405404497_6_0_0&highlighted_blocks=1328184701_405404497_6_0_0&matching_block_id=1328184701_405404497_6_0_0&sr_pri_blocks=1328184701_405404497_6_0_0__728640&from=searchresults
Spacious and cozy caribbean boat in Barcelona with tour option,Barcelona,https://www.booking.com/hotel/es/spacious-and-cozy-caribbean-boat-in-barcelona.html?label=gen173nr-1BCAEoggI46AdSAnVzWARoRogBAZgBMbgBGcgBD9gBAegBAYgCAagCA7gC-NjpvAbAAgHSAiQ4ZGVlZWVhMi1mOTI5LTRmOWQtOTk0OC0xMzU5MWFkYWNlODjYAgXgAgE&sid=f990c8e44d8a49a026ee40f8b9e3b3a2&aid=304142&ucfs=1&arphpl=1&checkin=2025-03-01&checkout=2025-03-08&dest_id=-372490&dest_type=city&group_adults=2&req_adults=2&no_rooms=1&group_children=0&req_children=0&hpos=16&hapos=865&sr_order=popularity&srpvid=af307f62bb9d0534&srepoch=1738174140&all_sr_blocks=775886901_376014206_2_0_0&highlighted_blocks=775886901_376014206_2_0_0&matching_block_id=775886901_376014206_2_0_0&sr_pri_blocks=775886901_376014206_2_0_0__110923&from=searchresults
Canela Homes BARCELONA CONCEPCIÓ,"Eixample, Barcelona",https://www.booking.com/hotel/es/canela-homes-barcelona-concepcio.html?label=gen173nr-1BCAEoggI46AdSAnVzWARoRogBAZgBMbgBGcgBD9gBAegBAYgCAagCA7gC-NjpvAbAAgHSAiQ4ZGVlZWVhMi1mOTI5LTRmOWQtOTk0OC0xMzU5MWFkYWNlODjYAgXgAgE&sid=f990c8e44d8a49a026ee40f8b9e3b3a2&aid=304142&ucfs=1&arphpl=1&checkin=2025-03-01&checkout=2025-03-08&dest_id=-372490&dest_type=city&group_adults=2&req_adults=2&no_rooms=1&group_children=0&req_children=0&hpos=17&hapos=866&sr_order=popularity&srpvid=af307f62bb9d0534&srepoch=1738174140&all_sr_blocks=1298085401_402715838_4_0_0&highlighted_blocks=1298085401_402715838_4_0_0&matching_block_id=1298085401_402715838_4_0_0&sr_pri_blocks=1298085401_402715838_4_0_0__674445&from=searchresults
Spacious Elegant on Avenue Diagonal By MyRentalHost,"Sarrià-St. Gervasi, Barcelona",https://www.booking.com/hotel/es/spacious-elegant-on-avenue-diagonal.html?label=gen173nr-1BCAEoggI46AdSAnVzWARoRogBAZgBMbgBGcgBD9gBAegBAYgCAagCA7gC-NjpvAbAAgHSAiQ4ZGVlZWVhMi1mOTI5LTRmOWQtOTk0OC0xMzU5MWFkYWNlODjYAgXgAgE&sid=f990c8e44d8a49a026ee40f8b9e3b3a2&aid=304142&ucfs=1&arphpl=1&checkin=2025-03-01&checkout=2025-03-08&dest_id=-372490&dest_type=city&group_adults=2&req_adults=2&no_rooms=1&group_children=0&req_children=0&hpos=18&hapos=867&sr_order=popularity&srpvid=af307f62bb9d0534&srepoch=1738174140&all_sr_blocks=1325918302_405210131_6_0_0&highlighted_blocks=1325918302_405210131_6_0_0&matching_block_id=1325918302_405210131_6_0_0&sr_pri_blocks=1325918302_405210131_6_0_0__795316&from=searchresults
Unique Rentals - Placa Catalunya Central Apartments,"Eixample, Barcelona",https://www.booking.com/hotel/es/unique-rentals-placa-catalunya-luxury-apartments.html?label=gen173nr-1BCAEoggI46AdSAnVzWARoRogBAZgBMbgBGcgBD9gBAegBAYgCAagCA7gC-NjpvAbAAgHSAiQ4ZGVlZWVhMi1mOTI5LTRmOWQtOTk0OC0xMzU5MWFkYWNlODjYAgXgAgE&sid=f990c8e44d8a49a026ee40f8b9e3b3a2&aid=304142&ucfs=1&arphpl=1&checkin=2025-03-01&checkout=2025-03-08&dest_id=-372490&dest_type=city&group_adults=2&req_adults=2&no_rooms=1&group_children=0&req_children=0&hpos=19&hapos=868&sr_order=popularity&srpvid=af307f62bb9d0534&srepoch=1738174140&all_sr_blocks=235879102_326841255_4_0_0&highlighted_blocks=235879102_326841255_4_0_0&matching_block_id=235879102_326841255_4_0_0&sr_pri_blocks=235879102_326841255_4_0_0__603006&from=searchresults
Canela Homes BARCELONA TETUAN,"Eixample, Barcelona",https://www.booking.com/hotel/es/canela-homes-barcelona-tetuan.html?label=gen173nr-1BCAEoggI46AdSAnVzWARoRogBAZgBMbgBGcgBD9gBAegBAYgCAagCA7gC-NjpvAbAAgHSAiQ4ZGVlZWVhMi1mOTI5LTRmOWQtOTk0OC0xMzU5MWFkYWNlODjYAgXgAgE&sid=f990c8e44d8a49a026ee40f8b9e3b3a2&aid=304142&ucfs=1&arphpl=1&checkin=2025-03-01&checkout=2025-03-08&dest_id=-372490&dest_type=city&group_adults=2&req_adults=2&no_rooms=1&group_children=0&req_children=0&hpos=20&hapos=869&sr_order=popularity&srpvid=af307f62bb9d0534&srepoch=1738174140&all_sr_blocks=1298212501_402729855_6_0_0&highlighted_blocks=1298212501_402729855_6_0_0&matching_block_id=1298212501_402729855_6_0_0&sr_pri_blocks=1298212501_402729855_6_0_0__811802&from=searchresults
Canela Homes BARCELONA PATIO,"Eixample, Barcelona",https://www.booking.com/hotel/es/canela-homes-barcelona-patio.html?label=gen173nr-1BCAEoggI46AdSAnVzWARoRogBAZgBMbgBGcgBD9gBAegBAYgCAagCA7gC-NjpvAbAAgHSAiQ4ZGVlZWVhMi1mOTI5LTRmOWQtOTk0OC0xMzU5MWFkYWNlODjYAgXgAgE&sid=f990c8e44d8a49a026ee40f8b9e3b3a2&aid=304142&ucfs=1&arphpl=1&checkin=2025-03-01&checkout=2025-03-08&dest_id=-372490&dest_type=city&group_adults=2&req_adults=2&no_rooms=1&group_children=0&req_children=0&hpos=21&hapos=870&sr_order=popularity&srpvid=af307f62bb9d0534&srepoch=1738174140&all_sr_blocks=1306902801_403509839_5_0_0&highlighted_blocks=1306902801_403509839_5_0_0&matching_block_id=1306902801_403509839_5_0_0&sr_pri_blocks=1306902801_403509839_5_0_0__797523&from=searchresults
Canela Homes BARCELONA CHARMING,"Eixample, Barcelona",https://www.booking.com/hotel/es/canela-homes-barcelona-charming.html?label=gen173nr-1BCAEoggI46AdSAnVzWARoRogBAZgBMbgBGcgBD9gBAegBAYgCAagCA7gC-NjpvAbAAgHSAiQ4ZGVlZWVhMi1mOTI5LTRmOWQtOTk0OC0xMzU5MWFkYWNlODjYAgXgAgE&sid=f990c8e44d8a49a026ee40f8b9e3b3a2&aid=304142&ucfs=1&arphpl=1&checkin=2025-03-01&checkout=2025-03-08&dest_id=-372490&dest_type=city&group_adults=2&req_adults=2&no_rooms=1&group_children=0&req_children=0&hpos=22&hapos=871&sr_order=popularity&srpvid=af307f62bb9d0534&srepoch=1738174140&all_sr_blocks=1224954501_394592334_6_0_0&highlighted_blocks=1224954501_394592334_6_0_0&matching_block_id=1224954501_394592334_6_0_0&sr_pri_blocks=1224954501_394592334_6_0_0__761444&from=searchresults
Canela Homes BARCELONA ATIC,"Eixample, Barcelona",https://www.booking.com/hotel/es/canela-homes-barcelona-atic.html?label=gen173nr-1BCAEoggI46AdSAnVzWARoRogBAZgBMbgBGcgBD9gBAegBAYgCAagCA7gC-NjpvAbAAgHSAiQ4ZGVlZWVhMi1mOTI5LTRmOWQtOTk0OC0xMzU5MWFkYWNlODjYAgXgAgE&sid=f990c8e44d8a49a026ee40f8b9e3b3a2&aid=304142&ucfs=1&arphpl=1&checkin=2025-03-01&checkout=2025-03-08&dest_id=-372490&dest_type=city&group_adults=2&req_adults=2&no_rooms=1&group_children=0&req_children=0&hpos=23&hapos=872&sr_order=popularity&srpvid=af307f62bb9d0534&srepoch=1738174140&all_sr_blocks=1298060401_402713575_4_0_0&highlighted_blocks=1298060401_402713575_4_0_0&matching_block_id=1298060401_402713575_4_0_0&sr_pri_blocks=1298060401_402713575_4_0_0__622938&from=searchresults
Bed&BCN Baro,"Gràcia, Barcelona",https://www.booking.com/hotel/es/bed-baro.html?label=gen173nr-1BCAEoggI46AdSAnVzWARoRogBAZgBMbgBGcgBD9gBAegBAYgCAagCA7gC-NjpvAbAAgHSAiQ4ZGVlZWVhMi1mOTI5LTRmOWQtOTk0OC0xMzU5MWFkYWNlODjYAgXgAgE&sid=f990c8e44d8a49a026ee40f8b9e3b3a2&aid=304142&ucfs=1&arphpl=1&checkin=2025-03-01&checkout=2025-03-08&dest_id=-372490&dest_type=city&group_adults=2&req_adults=2&no_rooms=1&group_children=0&req_children=0&hpos=1&hapos=873&sr_order=popularity&srpvid=af307f62bb9d0534&srepoch=1738174144&all_sr_blocks=124701701_190152890_11_0_0&highlighted_blocks=124701701_190152890_11_0_0&matching_block_id=124701701_190152890_11_0_0&sr_pri_blocks=124701701_190152890_11_0_0__443657&from=searchresults
Casa Cosi - Eixample 4,"Eixample, Barcelona",https://www.booking.com/hotel/es/casa-cosi-eixample-4.html?label=gen173nr-1BCAEoggI46AdSAnVzWARoRogBAZgBMbgBGcgBD9gBAegBAYgCAagCA7gC-NjpvAbAAgHSAiQ4ZGVlZWVhMi1mOTI5LTRmOWQtOTk0OC0xMzU5MWFkYWNlODjYAgXgAgE&sid=f990c8e44d8a49a026ee40f8b9e3b3a2&aid=304142&ucfs=1&arphpl=1&checkin=2025-03-01&checkout=2025-03-08&dest_id=-372490&dest_type=city&group_adults=2&req_adults=2&no_rooms=1&group_children=0&req_children=0&hpos=2&hapos=874&sr_order=popularity&srpvid=af307f62bb9d0534&srepoch=1738174144&all_sr_blocks=501343201_377071664_0_0_0&highlighted_blocks=501343201_377071664_0_0_0&matching_block_id=501343201_377071664_0_0_0&sr_pri_blocks=501343201_377071664_0_0_0__604325&from=searchresults
031 Center barca 3 1,"Ciutat Vella, Barcelona",https://www.booking.com/hotel/es/031-center-barca-3-1.html?label=gen173nr-1BCAEoggI46AdSAnVzWARoRogBAZgBMbgBGcgBD9gBAegBAYgCAagCA7gC-NjpvAbAAgHSAiQ4ZGVlZWVhMi1mOTI5LTRmOWQtOTk0OC0xMzU5MWFkYWNlODjYAgXgAgE&sid=f990c8e44d8a49a026ee40f8b9e3b3a2&aid=304142&ucfs=1&arphpl=1&checkin=2025-03-01&checkout=2025-03-08&dest_id=-372490&dest_type=city&group_adults=2&req_adults=2&no_rooms=1&group_children=0&req_children=0&hpos=3&hapos=875&sr_order=popularity&srpvid=af307f62bb9d0534&srepoch=1738174144&all_sr_blocks=1237247201_396244543_2_0_0&highlighted_blocks=1237247201_396244543_2_0_0&matching_block_id=1237247201_396244543_2_0_0&sr_pri_blocks=1237247201_396244543_2_0_0__342132&from=searchresults
Canela Homes BARCELONA DIPUTACIÓ,"Eixample, Barcelona",https://www.booking.com/hotel/es/canela-homes-barcelona-diputacio.html?label=gen173nr-1BCAEoggI46AdSAnVzWARoRogBAZgBMbgBGcgBD9gBAegBAYgCAagCA7gC-NjpvAbAAgHSAiQ4ZGVlZWVhMi1mOTI5LTRmOWQtOTk0OC0xMzU5MWFkYWNlODjYAgXgAgE&sid=f990c8e44d8a49a026ee40f8b9e3b3a2&aid=304142&ucfs=1&arphpl=1&checkin=2025-03-01&checkout=2025-03-08&dest_id=-372490&dest_type=city&group_adults=2&req_adults=2&no_rooms=1&group_children=0&req_children=0&hpos=4&hapos=876&sr_order=popularity&srpvid=af307f62bb9d0534&srepoch=1738174144&all_sr_blocks=1084447401_381351089_4_0_0&highlighted_blocks=1084447401_381351089_4_0_0&matching_block_id=1084447401_381351089_4_0_0&sr_pri_blocks=1084447401_381351089_4_0_0__594397&from=searchresults
Canela Homes BARCELONA CLASSIC,"Eixample, Barcelona",https://www.booking.com/hotel/es/canela-homes-barcelona-classic.html?label=gen173nr-1BCAEoggI46AdSAnVzWARoRogBAZgBMbgBGcgBD9gBAegBAYgCAagCA7gC-NjpvAbAAgHSAiQ4ZGVlZWVhMi1mOTI5LTRmOWQtOTk0OC0xMzU5MWFkYWNlODjYAgXgAgE&sid=f990c8e44d8a49a026ee40f8b9e3b3a2&aid=304142&ucfs=1&arphpl=1&checkin=2025-03-01&checkout=2025-03-08&dest_id=-372490&dest_type=city&group_adults=2&req_adults=2&no_rooms=1&group_children=0&req_children=0&hpos=5&hapos=877&sr_order=popularity&srpvid=af307f62bb9d0534&srepoch=1738174144&all_sr_blocks=1306531501_403476465_8_0_0&highlighted_blocks=1306531501_403476465_8_0_0&matching_block_id=1306531501_403476465_8_0_0&sr_pri_blocks=1306531501_403476465_8_0_0__1173257&from=searchresults
Canela Homes BARCELONA CENTRAL,"Eixample, Barcelona",https://www.booking.com/hotel/es/canela-homes-barcelona-central.html?label=gen173nr-1BCAEoggI46AdSAnVzWARoRogBAZgBMbgBGcgBD9gBAegBAYgCAagCA7gC-NjpvAbAAgHSAiQ4ZGVlZWVhMi1mOTI5LTRmOWQtOTk0OC0xMzU5MWFkYWNlODjYAgXgAgE&sid=f990c8e44d8a49a026ee40f8b9e3b3a2&aid=304142&ucfs=1&arphpl=1&checkin=2025-03-01&checkout=2025-03-08&dest_id=-372490&dest_type=city&group_adults=2&req_adults=2&no_rooms=1&group_children=0&req_children=0&hpos=6&hapos=878&sr_order=popularity&srpvid=af307f62bb9d0534&srepoch=1738174144&all_sr_blocks=1298238501_402731182_8_0_0&highlighted_blocks=1298238501_402731182_8_0_0&matching_block_id=1298238501_402731182_8_0_0&sr_pri_blocks=1298238501_402731182_8_0_0__1521382&from=searchresults
Ramblas Waterfront Stay,"Ciutat Vella, Barcelona",https://www.booking.com/hotel/es/ramblas-waterfront-stay.html?label=gen173nr-1BCAEoggI46AdSAnVzWARoRogBAZgBMbgBGcgBD9gBAegBAYgCAagCA7gC-NjpvAbAAgHSAiQ4ZGVlZWVhMi1mOTI5LTRmOWQtOTk0OC0xMzU5MWFkYWNlODjYAgXgAgE&sid=f990c8e44d8a49a026ee40f8b9e3b3a2&aid=304142&ucfs=1&arphpl=1&checkin=2025-03-01&checkout=2025-03-08&dest_id=-372490&dest_type=city&group_adults=2&req_adults=2&no_rooms=1&group_children=0&req_children=0&hpos=7&hapos=879&sr_order=popularity&srpvid=af307f62bb9d0534&srepoch=1738174144&all_sr_blocks=1019700701_374806326_6_0_0&highlighted_blocks=1019700701_374806326_6_0_0&matching_block_id=1019700701_374806326_6_0_0&sr_pri_blocks=1019700701_374806326_6_0_0__950932&from=searchresults
Canela Homes BARCELONA RAMCAT95,"Eixample, Barcelona",https://www.booking.com/hotel/es/canela-homes-barcelona-ramcat95.html?label=gen173nr-1BCAEoggI46AdSAnVzWARoRogBAZgBMbgBGcgBD9gBAegBAYgCAagCA7gC-NjpvAbAAgHSAiQ4ZGVlZWVhMi1mOTI5LTRmOWQtOTk0OC0xMzU5MWFkYWNlODjYAgXgAgE&sid=f990c8e44d8a49a026ee40f8b9e3b3a2&aid=304142&ucfs=1&arphpl=1&checkin=2025-03-01&checkout=2025-03-08&dest_id=-372490&dest_type=city&group_adults=2&req_adults=2&no_rooms=1&group_children=0&req_children=0&hpos=8&hapos=880&sr_order=popularity&srpvid=af307f62bb9d0534&srepoch=1738174144&all_sr_blocks=1084475801_381352602_4_0_0&highlighted_blocks=1084475801_381352602_4_0_0&matching_block_id=1084475801_381352602_4_0_0&sr_pri_blocks=1084475801_381352602_4_0_0__454588&from=searchresults
Canela Homes BARCELONA INDÚSTRIA,"Gràcia, Barcelona",https://www.booking.com/hotel/es/canela-homes-barcelona-industria.html?label=gen173nr-1BCAEoggI46AdSAnVzWARoRogBAZgBMbgBGcgBD9gBAegBAYgCAagCA7gC-NjpvAbAAgHSAiQ4ZGVlZWVhMi1mOTI5LTRmOWQtOTk0OC0xMzU5MWFkYWNlODjYAgXgAgE&sid=f990c8e44d8a49a026ee40f8b9e3b3a2&aid=304142&ucfs=1&arphpl=1&checkin=2025-03-01&checkout=2025-03-08&dest_id=-372490&dest_type=city&group_adults=2&req_adults=2&no_rooms=1&group_children=0&req_children=0&hpos=9&hapos=881&sr_order=popularity&srpvid=af307f62bb9d0534&srepoch=1738174144&all_sr_blocks=1299327601_402823931_6_0_0&highlighted_blocks=1299327601_402823931_6_0_0&matching_block_id=1299327601_402823931_6_0_0&sr_pri_blocks=1299327601_402823931_6_0_0__879733&from=searchresults
Canela Homes BARCELONA JOVELLANOS,"Ciutat Vella, Barcelona",https://www.booking.com/hotel/es/canela-homes-barcelona-jovellanos.html?label=gen173nr-1BCAEoggI46AdSAnVzWARoRogBAZgBMbgBGcgBD9gBAegBAYgCAagCA7gC-NjpvAbAAgHSAiQ4ZGVlZWVhMi1mOTI5LTRmOWQtOTk0OC0xMzU5MWFkYWNlODjYAgXgAgE&sid=f990c8e44d8a49a026ee40f8b9e3b3a2&aid=304142&ucfs=1&arphpl=1&checkin=2025-03-01&checkout=2025-03-08&dest_id=-372490&dest_type=city&group_adults=2&req_adults=2&no_rooms=1&group_children=0&req_children=0&hpos=10&hapos=882&sr_order=popularity&srpvid=af307f62bb9d0534&srepoch=1738174144&all_sr_blocks=1178389201_390342084_6_0_0&highlighted_blocks=1178389201_390342084_6_0_0&matching_block_id=1178389201_390342084_6_0_0&sr_pri_blocks=1178389201_390342084_6_0_0__651319&from=searchresults
Near FCB STADIUM. One car free parking.,"Les Corts, Barcelona",https://www.booking.com/hotel/es/near-fcb-stadium-one-car-free-parking.html?label=gen173nr-1BCAEoggI46AdSAnVzWARoRogBAZgBMbgBGcgBD9gBAegBAYgCAagCA7gC-NjpvAbAAgHSAiQ4ZGVlZWVhMi1mOTI5LTRmOWQtOTk0OC0xMzU5MWFkYWNlODjYAgXgAgE&sid=f990c8e44d8a49a026ee40f8b9e3b3a2&aid=304142&ucfs=1&arphpl=1&checkin=2025-03-01&checkout=2025-03-08&dest_id=-372490&dest_type=city&group_adults=2&req_adults=2&no_rooms=1&group_children=0&req_children=0&hpos=11&hapos=883&sr_order=popularity&srpvid=af307f62bb9d0534&srepoch=1738174144&all_sr_blocks=961721601_368785737_2_0_0&highlighted_blocks=961721601_368785737_2_0_0&matching_block_id=961721601_368785737_2_0_0&sr_pri_blocks=961721601_368785737_2_0_0__704746&from=searchresults
Canela Homes BARCELONA VLC306,"Eixample, Barcelona",https://www.booking.com/hotel/es/canela-homes-barcelona-valencia.html?label=gen173nr-1BCAEoggI46AdSAnVzWARoRogBAZgBMbgBGcgBD9gBAegBAYgCAagCA7gC-NjpvAbAAgHSAiQ4ZGVlZWVhMi1mOTI5LTRmOWQtOTk0OC0xMzU5MWFkYWNlODjYAgXgAgE&sid=f990c8e44d8a49a026ee40f8b9e3b3a2&aid=304142&ucfs=1&arphpl=1&checkin=2025-03-01&checkout=2025-03-08&dest_id=-372490&dest_type=city&group_adults=2&req_adults=2&no_rooms=1&group_children=0&req_children=0&hpos=12&hapos=884&sr_order=popularity&srpvid=af307f62bb9d0534&srepoch=1738174144&all_sr_blocks=1084470401_381352224_5_0_0&highlighted_blocks=1084470401_381352224_5_0_0&matching_block_id=1084470401_381352224_5_0_0&sr_pri_blocks=1084470401_381352224_5_0_0__422376&from=searchresults
Canela Homes BARCELONA COZY,"Gràcia, Barcelona",https://www.booking.com/hotel/es/canela-homes-barcelona-cozy.html?label=gen173nr-1BCAEoggI46AdSAnVzWARoRogBAZgBMbgBGcgBD9gBAegBAYgCAagCA7gC-NjpvAbAAgHSAiQ4ZGVlZWVhMi1mOTI5LTRmOWQtOTk0OC0xMzU5MWFkYWNlODjYAgXgAgE&sid=f990c8e44d8a49a026ee40f8b9e3b3a2&aid=304142&ucfs=1&arphpl=1&checkin=2025-03-01&checkout=2025-03-08&dest_id=-372490&dest_type=city&group_adults=2&req_adults=2&no_rooms=1&group_children=0&req_children=0&hpos=13&hapos=885&sr_order=popularity&srpvid=af307f62bb9d0534&srepoch=1738174144&all_sr_blocks=1086115401_381550543_4_0_0&highlighted_blocks=1086115401_381550543_4_0_0&matching_block_id=1086115401_381550543_4_0_0&sr_pri_blocks=1086115401_381550543_4_0_0__418055&from=searchresults
Canela Homes BARCELONA CASA SERRA,"Eixample, Barcelona",https://www.booking.com/hotel/es/canela-homes-barcelona-casa-serra.html?label=gen173nr-1BCAEoggI46AdSAnVzWARoRogBAZgBMbgBGcgBD9gBAegBAYgCAagCA7gC-NjpvAbAAgHSAiQ4ZGVlZWVhMi1mOTI5LTRmOWQtOTk0OC0xMzU5MWFkYWNlODjYAgXgAgE&sid=f990c8e44d8a49a026ee40f8b9e3b3a2&aid=304142&ucfs=1&arphpl=1&checkin=2025-03-01&checkout=2025-03-08&dest_id=-372490&dest_type=city&group_adults=2&req_adults=2&no_rooms=1&group_children=0&req_children=0&hpos=14&hapos=886&sr_order=popularity&srpvid=af307f62bb9d0534&srepoch=1738174144&all_sr_blocks=1298170201_402726632_10_0_0&highlighted_blocks=1298170201_402726632_10_0_0&matching_block_id=1298170201_402726632_10_0_0&sr_pri_blocks=1298170201_402726632_10_0_0__1525882&from=searchresults
Canela Homes BARCELONA RAMBLA CAT,"Eixample, Barcelona",https://www.booking.com/hotel/es/canela-homes-barcelona-rambla-cat.html?label=gen173nr-1BCAEoggI46AdSAnVzWARoRogBAZgBMbgBGcgBD9gBAegBAYgCAagCA7gC-NjpvAbAAgHSAiQ4ZGVlZWVhMi1mOTI5LTRmOWQtOTk0OC0xMzU5MWFkYWNlODjYAgXgAgE&sid=f990c8e44d8a49a026ee40f8b9e3b3a2&aid=304142&ucfs=1&arphpl=1&checkin=2025-03-01&checkout=2025-03-08&dest_id=-372490&dest_type=city&group_adults=2&req_adults=2&no_rooms=1&group_children=0&req_children=0&hpos=15&hapos=887&sr_order=popularity&srpvid=af307f62bb9d0534&srepoch=1738174144&all_sr_blocks=1084325701_381339258_7_0_0&highlighted_blocks=1084325701_381339258_7_0_0&matching_block_id=1084325701_381339258_7_0_0&sr_pri_blocks=1084325701_381339258_7_0_0__1353132&from=searchresults
Canela Homes BARCELONA ESSENCE,"Eixample, Barcelona",https://www.booking.com/hotel/es/canela-homes-barcelona-essence.html?label=gen173nr-1BCAEoggI46AdSAnVzWARoRogBAZgBMbgBGcgBD9gBAegBAYgCAagCA7gC-NjpvAbAAgHSAiQ4ZGVlZWVhMi1mOTI5LTRmOWQtOTk0OC0xMzU5MWFkYWNlODjYAgXgAgE&sid=f990c8e44d8a49a026ee40f8b9e3b3a2&aid=304142&ucfs=1&arphpl=1&checkin=2025-03-01&checkout=2025-03-08&dest_id=-372490&dest_type=city&group_adults=2&req_adults=2&no_rooms=1&group_children=0&req_children=0&hpos=16&hapos=888&sr_order=popularity&srpvid=af307f62bb9d0534&srepoch=1738174144&all_sr_blocks=1178431801_390344685_9_0_0&highlighted_blocks=1178431801_390344685_9_0_0&matching_block_id=1178431801_390344685_9_0_0&sr_pri_blocks=1178431801_390344685_9_0_0__1605507&from=searchresults
Canela Homes BARCELONA RAMCAT37,"Eixample, Barcelona",https://www.booking.com/hotel/es/canela-homes-barcelona-ramcat37.html?label=gen173nr-1BCAEoggI46AdSAnVzWARoRogBAZgBMbgBGcgBD9gBAegBAYgCAagCA7gC-NjpvAbAAgHSAiQ4ZGVlZWVhMi1mOTI5LTRmOWQtOTk0OC0xMzU5MWFkYWNlODjYAgXgAgE&sid=f990c8e44d8a49a026ee40f8b9e3b3a2&aid=304142&ucfs=1&arphpl=1&checkin=2025-03-01&checkout=2025-03-08&dest_id=-372490&dest_type=city&group_adults=2&req_adults=2&no_rooms=1&group_children=0&req_children=0&hpos=17&hapos=889&sr_order=popularity&srpvid=af307f62bb9d0534&srepoch=1738174144&all_sr_blocks=1084338501_381340732_6_0_0&highlighted_blocks=1084338501_381340732_6_0_0&matching_block_id=1084338501_381340732_6_0_0&sr_pri_blocks=1084338501_381340732_6_0_0__1167170&from=searchresults
Canela Homes BARCELONA PERMANYER,"Eixample, Barcelona",https://www.booking.com/hotel/es/canela-homes-barcelona-permanyer-barcelona.html?label=gen173nr-1BCAEoggI46AdSAnVzWARoRogBAZgBMbgBGcgBD9gBAegBAYgCAagCA7gC-NjpvAbAAgHSAiQ4ZGVlZWVhMi1mOTI5LTRmOWQtOTk0OC0xMzU5MWFkYWNlODjYAgXgAgE&sid=f990c8e44d8a49a026ee40f8b9e3b3a2&aid=304142&ucfs=1&arphpl=1&checkin=2025-03-01&checkout=2025-03-08&dest_id=-372490&dest_type=city&group_adults=2&req_adults=2&no_rooms=1&group_children=0&req_children=0&hpos=18&hapos=890&sr_order=popularity&srpvid=af307f62bb9d0534&srepoch=1738174144&all_sr_blocks=1327408601_405336817_9_0_0&highlighted_blocks=1327408601_405336817_9_0_0&matching_block_id=1327408601_405336817_9_0_0&sr_pri_blocks=1327408601_405336817_9_0_0__2708501&from=searchresults
HeyLola! Hostel,"Sants-Montjuïc, Barcelona",https://www.booking.com/hotel/es/heylola-hostel.html?label=gen173nr-1BCAEoggI46AdSAnVzWARoRogBAZgBMbgBGcgBD9gBAegBAYgCAagCA7gC-NjpvAbAAgHSAiQ4ZGVlZWVhMi1mOTI5LTRmOWQtOTk0OC0xMzU5MWFkYWNlODjYAgXgAgE&sid=f990c8e44d8a49a026ee40f8b9e3b3a2&aid=304142&ucfs=1&arphpl=1&checkin=2025-03-01&checkout=2025-03-08&dest_id=-372490&dest_type=city&group_adults=2&req_adults=2&no_rooms=1&group_children=0&req_children=0&hpos=19&hapos=891&sr_order=popularity&srpvid=af307f62bb9d0534&srepoch=1738174144&all_sr_blocks=1281447105_401049989_0_0_0%2C1281447104_401049989_0_0_0&highlighted_blocks=1281447105_401049989_0_0_0%2C1281447104_401049989_0_0_0&matching_block_id=1281447105_401049989_0_0_0&sr_pri_blocks=1281447105_401049989_0_0_0__27645%2C1281447104_401049989_0_0_0__28966&from=searchresults
AMISTAT City Hostel Barcelona,"Sant Andreu, Barcelona",https://www.booking.com/hotel/es/amistat-city-hostel-barcelona.html?label=gen173nr-1BCAEoggI46AdSAnVzWARoRogBAZgBMbgBGcgBD9gBAegBAYgCAagCA7gC-NjpvAbAAgHSAiQ4ZGVlZWVhMi1mOTI5LTRmOWQtOTk0OC0xMzU5MWFkYWNlODjYAgXgAgE&sid=f990c8e44d8a49a026ee40f8b9e3b3a2&aid=304142&ucfs=1&arphpl=1&checkin=2025-03-01&checkout=2025-03-08&dest_id=-372490&dest_type=city&group_adults=2&req_adults=2&no_rooms=1&group_children=0&req_children=0&hpos=20&hapos=892&sr_order=popularity&srpvid=af307f62bb9d0534&srepoch=1738174144&all_sr_blocks=1157136201_388486932_1_2_0_290170%2C1157136201_388486932_1_2_0_290170&highlighted_blocks=1157136201_388486932_1_2_0_290170%2C1157136201_388486932_1_2_0_290170&matching_block_id=1157136201_388486932_1_2_0_290170&sr_pri_blocks=1157136201_388486932_1_2_0_290170_36520%2C1157136201_388486932_1_2_0_290170_36520&from=searchresults
Leevin Student Barcelona,"Sarrià-St. Gervasi, Barcelona",https://www.booking.com/hotel/es/leevin-hostel-barcelona.html?label=gen173nr-1BCAEoggI46AdSAnVzWARoRogBAZgBMbgBGcgBD9gBAegBAYgCAagCA7gC-NjpvAbAAgHSAiQ4ZGVlZWVhMi1mOTI5LTRmOWQtOTk0OC0xMzU5MWFkYWNlODjYAgXgAgE&sid=f990c8e44d8a49a026ee40f8b9e3b3a2&aid=304142&ucfs=1&arphpl=1&checkin=2025-03-01&checkout=2025-03-08&dest_id=-372490&dest_type=city&group_adults=2&req_adults=2&no_rooms=1&group_children=0&req_children=0&hpos=21&hapos=893&sr_order=popularity&srpvid=af307f62bb9d0534&srepoch=1738174144&all_sr_blocks=1026614905_375419983_0_0_0_430580%2C1026614905_375419983_0_0_0_430580&highlighted_blocks=1026614905_375419983_0_0_0_430580%2C1026614905_375419983_0_0_0_430580&matching_block_id=1026614905_375419983_0_0_0_430580&sr_pri_blocks=1026614905_375419983_0_0_0_430580_32613%2C1026614905_375419983_0_0_0_430580_32613&from=searchresults
Hostel New York,"Ciutat Vella, Barcelona",https://www.booking.com/hotel/es/hostel-new-york.html?label=gen173nr-1BCAEoggI46AdSAnVzWARoRogBAZgBMbgBGcgBD9gBAegBAYgCAagCA7gC-NjpvAbAAgHSAiQ4ZGVlZWVhMi1mOTI5LTRmOWQtOTk0OC0xMzU5MWFkYWNlODjYAgXgAgE&sid=f990c8e44d8a49a026ee40f8b9e3b3a2&aid=304142&ucfs=1&arphpl=1&checkin=2025-03-01&checkout=2025-03-08&dest_id=-372490&dest_type=city&group_adults=2&req_adults=2&no_rooms=1&group_children=0&req_children=0&hpos=22&hapos=894&sr_order=popularity&srpvid=af307f62bb9d0534&srepoch=1738174144&all_sr_blocks=35044302_377365849_0_0_0%2C35044302_377365849_0_0_0&highlighted_blocks=35044302_377365849_0_0_0%2C35044302_377365849_0_0_0&matching_block_id=35044302_377365849_0_0_0&sr_pri_blocks=35044302_377365849_0_0_0__27250%2C35044302_377365849_0_0_0__27250&from=searchresults
Urbany Hostel BCN GO!,"Eixample, Barcelona",https://www.booking.com/hotel/es/urbany-hostel-bcn-go.html?label=gen173nr-1BCAEoggI46AdSAnVzWARoRogBAZgBMbgBGcgBD9gBAegBAYgCAagCA7gC-NjpvAbAAgHSAiQ4ZGVlZWVhMi1mOTI5LTRmOWQtOTk0OC0xMzU5MWFkYWNlODjYAgXgAgE&sid=f990c8e44d8a49a026ee40f8b9e3b3a2&aid=304142&ucfs=1&arphpl=1&checkin=2025-03-01&checkout=2025-03-08&dest_id=-372490&dest_type=city&group_adults=2&req_adults=2&no_rooms=1&group_children=0&req_children=0&hpos=23&hapos=895&sr_order=popularity&srpvid=af307f62bb9d0534&srepoch=1738174144&all_sr_blocks=48240532_367331458_0_0_0%2C48240532_367331458_0_0_0&highlighted_blocks=48240532_367331458_0_0_0%2C48240532_367331458_0_0_0&matching_block_id=48240532_367331458_0_0_0&sr_pri_blocks=48240532_367331458_0_0_0__32312%2C48240532_367331458_0_0_0__32312&from_sustainable_property_sr=1&from=searchresults
Arc House Gracia,"Gràcia, Barcelona",https://www.booking.com/hotel/es/gracia-city-by-arc-house.html?label=gen173nr-1BCAEoggI46AdSAnVzWARoRogBAZgBMbgBGcgBD9gBAegBAYgCAagCA7gC-NjpvAbAAgHSAiQ4ZGVlZWVhMi1mOTI5LTRmOWQtOTk0OC0xMzU5MWFkYWNlODjYAgXgAgE&sid=f990c8e44d8a49a026ee40f8b9e3b3a2&aid=304142&ucfs=1&arphpl=1&checkin=2025-03-01&checkout=2025-03-08&dest_id=-372490&dest_type=city&group_adults=2&req_adults=2&no_rooms=1&group_children=0&req_children=0&hpos=24&hapos=896&sr_order=popularity&srpvid=af307f62bb9d0534&srepoch=1738174144&all_sr_blocks=632665207_354839925_1_0_0%2C632665207_354839925_1_0_0&highlighted_blocks=632665207_354839925_1_0_0%2C632665207_354839925_1_0_0&matching_block_id=632665207_354839925_1_0_0&sr_pri_blocks=632665207_354839925_1_0_0__23950%2C632665207_354839925_1_0_0__23950&from=searchresults
Casa Barcelo Hostel Barcelona,"Eixample, Barcelona",https://www.booking.com/hotel/es/barcelo-hostel.html?label=gen173nr-1BCAEoggI46AdSAnVzWARoRogBAZgBMbgBGcgBD9gBAegBAYgCAagCA7gC-NjpvAbAAgHSAiQ4ZGVlZWVhMi1mOTI5LTRmOWQtOTk0OC0xMzU5MWFkYWNlODjYAgXgAgE&sid=f990c8e44d8a49a026ee40f8b9e3b3a2&aid=304142&ucfs=1&arphpl=1&checkin=2025-03-01&checkout=2025-03-08&dest_id=-372490&dest_type=city&group_adults=2&req_adults=2&no_rooms=1&group_children=0&req_children=0&hpos=25&hapos=897&sr_order=popularity&srpvid=af307f62bb9d0534&srepoch=1738174144&all_sr_blocks=60742102_89658171_0_1_0%2C60742102_89658171_0_1_0&highlighted_blocks=60742102_89658171_0_1_0%2C60742102_89658171_0_1_0&matching_block_id=60742102_89658171_0_1_0&sr_pri_blocks=60742102_89658171_0_1_0__36073%2C60742102_89658171_0_1_0__36073&from=searchresults
