hotel_name,neighborhood,url
INNSiDE by Meliá Barcelona Apolo,"Sants-Montjuïc, Barcelona",https://www.booking.com/hotel/es/innside-by-melia-barcelona-apolo.html?label=gen173nr-1BCAEoggI46AdSAnVzWARoRogBAZgBMbgBGcgBD9gBAegBAYgCAagCA7gCmuTXvAbAAgHSAiQ3NGM3OTk4Ni0yY2UyLTQ1NGYtOGQwZS1lZTU4ZTdhMDAwZTHYAgXgAgE&sid=735f077cb553f5b5fb1805efac5f4fa0&aid=304142&ucfs=1&arphpl=1&checkin=2025-04-01&checkout=2025-04-08&dest_id=-372490&dest_type=city&group_adults=2&req_adults=2&no_rooms=1&group_children=0&req_children=0&hpos=1&hapos=1&sr_order=popularity&srpvid=52a43c0f4b5000e9&srepoch=1737880472&all_sr_blocks=9149301_381703804_2_2_0&highlighted_blocks=9149301_381703804_2_2_0&matching_block_id=9149301_381703804_2_2_0&sr_pri_blocks=9149301_381703804_2_2_0__123228&from_sustainable_property_sr=1&from=searchresults
Four Points by Sheraton Barcelona Airport,Barcelona,https://www.booking.com/hotel/es/four-points-by-sheraton-barcelona-airport.html?label=gen173nr-1BCAEoggI46AdSAnVzWARoRogBAZgBMbgBGcgBD9gBAegBAYgCAagCA7gCmuTXvAbAAgHSAiQ3NGM3OTk4Ni0yY2UyLTQ1NGYtOGQwZS1lZTU4ZTdhMDAwZTHYAgXgAgE&sid=735f077cb553f5b5fb1805efac5f4fa0&aid=304142&ucfs=1&arphpl=1&checkin=2025-04-01&checkout=2025-04-08&dest_id=-372490&dest_type=city&group_adults=2&req_adults=2&no_rooms=1&group_children=0&req_children=0&hpos=3&hapos=3&sr_order=popularity&srpvid=52a43c0f4b5000e9&srepoch=1737880472&all_sr_blocks=1239003205_395912064_0_2_0&highlighted_blocks=1239003205_395912064_0_2_0&matching_block_id=1239003205_395912064_0_2_0&sr_pri_blocks=1239003205_395912064_0_2_0__65948&from=searchresults
Hotel Market,"Eixample, Barcelona",https://www.booking.com/hotel/es/market.html?label=gen173nr-1BCAEoggI46AdSAnVzWARoRogBAZgBMbgBGcgBD9gBAegBAYgCAagCA7gCmuTXvAbAAgHSAiQ3NGM3OTk4Ni0yY2UyLTQ1NGYtOGQwZS1lZTU4ZTdhMDAwZTHYAgXgAgE&sid=735f077cb553f5b5fb1805efac5f4fa0&aid=304142&ucfs=1&arphpl=1&checkin=2025-04-01&checkout=2025-04-08&dest_id=-372490&dest_type=city&group_adults=2&req_adults=2&no_rooms=1&group_children=0&req_children=0&hpos=4&hapos=4&sr_order=popularity&srpvid=52a43c0f4b5000e9&srepoch=1737880472&all_sr_blocks=9411115_88195485_0_0_0&highlighted_blocks=9411115_88195485_0_0_0&matching_block_id=9411115_88195485_0_0_0&sr_pri_blocks=9411115_88195485_0_0_0__103118&from=searchresults
ibis Styles Barcelona City Bogatell,"Sant Martí, Barcelona",https://www.booking.com/hotel/es/ibis-styles-barcelona-city-bogatell.html?label=gen173nr-1BCAEoggI46AdSAnVzWARoRogBAZgBMbgBGcgBD9gBAegBAYgCAagCA7gCmuTXvAbAAgHSAiQ3NGM3OTk4Ni0yY2UyLTQ1NGYtOGQwZS1lZTU4ZTdhMDAwZTHYAgXgAgE&sid=735f077cb553f5b5fb1805efac5f4fa0&aid=304142&ucfs=1&arphpl=1&checkin=2025-04-01&checkout=2025-04-08&dest_id=-372490&dest_type=city&group_adults=2&req_adults=2&no_rooms=1&group_children=0&req_children=0&hpos=5&hapos=5&sr_order=popularity&srpvid=52a43c0f4b5000e9&srepoch=1737880472&all_sr_blocks=189690301_94630149_2_34_0&highlighted_blocks=189690301_94630149_2_34_0&matching_block_id=189690301_94630149_2_34_0&sr_pri_blocks=189690301_94630149_2_34_0__101285&from_sustainable_property_sr=1&from=searchresults
Moxy Barcelona,"Sants-Montjuïc, Barcelona",https://www.booking.com/hotel/es/expo-barcelona.html?label=gen173nr-1BCAEoggI46AdSAnVzWARoRogBAZgBMbgBGcgBD9gBAegBAYgCAagCA7gCmuTXvAbAAgHSAiQ3NGM3OTk4Ni0yY2UyLTQ1NGYtOGQwZS1lZTU4ZTdhMDAwZTHYAgXgAgE&sid=735f077cb553f5b5fb1805efac5f4fa0&aid=304142&ucfs=1&arphpl=1&checkin=2025-04-01&checkout=2025-04-08&dest_id=-372490&dest_type=city&group_adults=2&req_adults=2&no_rooms=1&group_children=0&req_children=0&hpos=6&hapos=6&sr_order=popularity&srpvid=52a43c0f4b5000e9&srepoch=1737880472&all_sr_blocks=9197175_88192220_0_42_0&highlighted_blocks=9197175_88192220_0_42_0&matching_block_id=9197175_88192220_0_42_0&sr_pri_blocks=9197175_88192220_0_42_0__111738&from=searchresults
Casa Bella Gracia by Aspasios,"Gràcia, Barcelona",https://www.booking.com/hotel/es/casa-bella-gracia.html?label=gen173nr-1BCAEoggI46AdSAnVzWARoRogBAZgBMbgBGcgBD9gBAegBAYgCAagCA7gCmuTXvAbAAgHSAiQ3NGM3OTk4Ni0yY2UyLTQ1NGYtOGQwZS1lZTU4ZTdhMDAwZTHYAgXgAgE&sid=735f077cb553f5b5fb1805efac5f4fa0&aid=304142&ucfs=1&arphpl=1&checkin=2025-04-01&checkout=2025-04-08&dest_id=-372490&dest_type=city&group_adults=2&req_adults=2&no_rooms=1&group_children=0&req_children=0&hpos=7&hapos=7&sr_order=popularity&srpvid=52a43c0f4b5000e9&srepoch=1737880472&all_sr_blocks=50544403_368866134_2_0_0&highlighted_blocks=50544403_368866134_2_0_0&matching_block_id=50544403_368866134_2_0_0&sr_pri_blocks=50544403_368866134_2_0_0__106200&from=searchresults
NH Barcelona Diagonal Center,"Sant Martí, Barcelona",https://www.booking.com/hotel/es/nh-diagonal-center.html?label=gen173nr-1BCAEoggI46AdSAnVzWARoRogBAZgBMbgBGcgBD9gBAegBAYgCAagCA7gCmuTXvAbAAgHSAiQ3NGM3OTk4Ni0yY2UyLTQ1NGYtOGQwZS1lZTU4ZTdhMDAwZTHYAgXgAgE&sid=735f077cb553f5b5fb1805efac5f4fa0&aid=304142&ucfs=1&arphpl=1&checkin=2025-04-01&checkout=2025-04-08&dest_id=-372490&dest_type=city&group_adults=2&req_adults=2&no_rooms=1&group_children=0&req_children=0&hpos=8&hapos=8&sr_order=popularity&srpvid=52a43c0f4b5000e9&srepoch=1737880472&all_sr_blocks=33678001_94417644_0_2_0&highlighted_blocks=33678001_94417644_0_2_0&matching_block_id=33678001_94417644_0_2_0&sr_pri_blocks=33678001_94417644_0_2_0__99839&from_sustainable_property_sr=1&from=searchresults
Travelodge Barcelona Poblenou,"Sant Martí, Barcelona",https://www.booking.com/hotel/es/travelodge-barcelona-poblenou.html?label=gen173nr-1BCAEoggI46AdSAnVzWARoRogBAZgBMbgBGcgBD9gBAegBAYgCAagCA7gCmuTXvAbAAgHSAiQ3NGM3OTk4Ni0yY2UyLTQ1NGYtOGQwZS1lZTU4ZTdhMDAwZTHYAgXgAgE&sid=735f077cb553f5b5fb1805efac5f4fa0&aid=304142&ucfs=1&arphpl=1&checkin=2025-04-01&checkout=2025-04-08&dest_id=-372490&dest_type=city&group_adults=2&req_adults=2&no_rooms=1&group_children=0&req_children=0&hpos=9&hapos=9&sr_order=popularity&srpvid=52a43c0f4b5000e9&srepoch=1737880472&all_sr_blocks=44478301_91474839_0_2_0&highlighted_blocks=44478301_91474839_0_2_0&matching_block_id=44478301_91474839_0_2_0&sr_pri_blocks=44478301_91474839_0_2_0__85716&from=searchresults
One Shot Aragó,"Eixample, Barcelona",https://www.booking.com/hotel/es/one-shot-arago-257.html?label=gen173nr-1BCAEoggI46AdSAnVzWARoRogBAZgBMbgBGcgBD9gBAegBAYgCAagCA7gCmuTXvAbAAgHSAiQ3NGM3OTk4Ni0yY2UyLTQ1NGYtOGQwZS1lZTU4ZTdhMDAwZTHYAgXgAgE&sid=735f077cb553f5b5fb1805efac5f4fa0&aid=304142&ucfs=1&arphpl=1&checkin=2025-04-01&checkout=2025-04-08&dest_id=-372490&dest_type=city&group_adults=2&req_adults=2&no_rooms=1&group_children=0&req_children=0&hpos=10&hapos=10&sr_order=popularity&srpvid=52a43c0f4b5000e9&srepoch=1737880472&all_sr_blocks=727675401_347160403_0_0_0&highlighted_blocks=727675401_347160403_0_0_0&matching_block_id=727675401_347160403_0_0_0&sr_pri_blocks=727675401_347160403_0_0_0__133098&from=searchresults
Catalonia Barcelona 505,"Sarrià-St. Gervasi, Barcelona",https://www.booking.com/hotel/es/catalonia-barcelona-505.html?label=gen173nr-1BCAEoggI46AdSAnVzWARoRogBAZgBMbgBGcgBD9gBAegBAYgCAagCA7gCmuTXvAbAAgHSAiQ3NGM3OTk4Ni0yY2UyLTQ1NGYtOGQwZS1lZTU4ZTdhMDAwZTHYAgXgAgE&sid=735f077cb553f5b5fb1805efac5f4fa0&aid=304142&ucfs=1&arphpl=1&checkin=2025-04-01&checkout=2025-04-08&dest_id=-372490&dest_type=city&group_adults=2&req_adults=2&no_rooms=1&group_children=0&req_children=0&hpos=11&hapos=11&sr_order=popularity&srpvid=52a43c0f4b5000e9&srepoch=1737880472&all_sr_blocks=9059305_194589362_0_2_0&highlighted_blocks=9059305_194589362_0_2_0&matching_block_id=9059305_194589362_0_2_0&sr_pri_blocks=9059305_194589362_0_2_0__112778&from_sustainable_property_sr=1&from=searchresults
Hostal BESTPRICE Barcelona Stadium,"Les Corts, Barcelona",https://www.booking.com/hotel/es/hostal-conde-guell.html?label=gen173nr-1BCAEoggI46AdSAnVzWARoRogBAZgBMbgBGcgBD9gBAegBAYgCAagCA7gCmuTXvAbAAgHSAiQ3NGM3OTk4Ni0yY2UyLTQ1NGYtOGQwZS1lZTU4ZTdhMDAwZTHYAgXgAgE&sid=735f077cb553f5b5fb1805efac5f4fa0&aid=304142&ucfs=1&arphpl=1&checkin=2025-04-01&checkout=2025-04-08&dest_id=-372490&dest_type=city&group_adults=2&req_adults=2&no_rooms=1&group_children=0&req_children=0&hpos=12&hapos=12&sr_order=popularity&srpvid=52a43c0f4b5000e9&srepoch=1737880472&all_sr_blocks=23555901_88204043_2_0_0&highlighted_blocks=23555901_88204043_2_0_0&matching_block_id=23555901_88204043_2_0_0&sr_pri_blocks=23555901_88204043_2_0_0__60500&from=searchresults
Silken Sant Gervasi,"Sarrià-St. Gervasi, Barcelona",https://www.booking.com/hotel/es/stgervasi.html?label=gen173nr-1BCAEoggI46AdSAnVzWARoRogBAZgBMbgBGcgBD9gBAegBAYgCAagCA7gCmuTXvAbAAgHSAiQ3NGM3OTk4Ni0yY2UyLTQ1NGYtOGQwZS1lZTU4ZTdhMDAwZTHYAgXgAgE&sid=735f077cb553f5b5fb1805efac5f4fa0&aid=304142&ucfs=1&arphpl=1&checkin=2025-04-01&checkout=2025-04-08&dest_id=-372490&dest_type=city&group_adults=2&req_adults=2&no_rooms=1&group_children=0&req_children=0&hpos=13&hapos=13&sr_order=popularity&srpvid=52a43c0f4b5000e9&srepoch=1737880472&all_sr_blocks=9115201_91462822_0_2_0_88000&highlighted_blocks=9115201_91462822_0_2_0_88000&matching_block_id=9115201_91462822_0_2_0_88000&sr_pri_blocks=9115201_91462822_0_2_0_88000_88099&from_sustainable_property_sr=1&from=searchresults
Aspasios Charming Flats,"Eixample, Barcelona",https://www.booking.com/hotel/es/aspasios-calabria-charming-flats.html?label=gen173nr-1BCAEoggI46AdSAnVzWARoRogBAZgBMbgBGcgBD9gBAegBAYgCAagCA7gCmuTXvAbAAgHSAiQ3NGM3OTk4Ni0yY2UyLTQ1NGYtOGQwZS1lZTU4ZTdhMDAwZTHYAgXgAgE&sid=735f077cb553f5b5fb1805efac5f4fa0&aid=304142&ucfs=1&arphpl=1&checkin=2025-04-01&checkout=2025-04-08&dest_id=-372490&dest_type=city&group_adults=2&req_adults=2&no_rooms=1&group_children=0&req_children=0&hpos=14&hapos=14&sr_order=popularity&srpvid=52a43c0f4b5000e9&srepoch=1737880472&all_sr_blocks=142837508_87034064_2_0_0&highlighted_blocks=142837508_87034064_2_0_0&matching_block_id=142837508_87034064_2_0_0&sr_pri_blocks=142837508_87034064_2_0_0__120925&from=searchresults
Hotel BESTPRICE Diagonal,"Sant Martí, Barcelona",https://www.booking.com/hotel/es/diagonal-mar-suites.html?label=gen173nr-1BCAEoggI46AdSAnVzWARoRogBAZgBMbgBGcgBD9gBAegBAYgCAagCA7gCmuTXvAbAAgHSAiQ3NGM3OTk4Ni0yY2UyLTQ1NGYtOGQwZS1lZTU4ZTdhMDAwZTHYAgXgAgE&sid=735f077cb553f5b5fb1805efac5f4fa0&aid=304142&ucfs=1&arphpl=1&checkin=2025-04-01&checkout=2025-04-08&dest_id=-372490&dest_type=city&group_adults=2&req_adults=2&no_rooms=1&group_children=0&req_children=0&hpos=15&hapos=15&sr_order=popularity&srpvid=52a43c0f4b5000e9&srepoch=1737880472&all_sr_blocks=71410001_88210527_0_2_0_419528&highlighted_blocks=71410001_88210527_0_2_0_419528&matching_block_id=71410001_88210527_0_2_0_419528&sr_pri_blocks=71410001_88210527_0_2_0_419528_94000&from=searchresults
Catalonia Sagrada Familia,"Sant Martí, Barcelona",https://www.booking.com/hotel/es/cataloniaaragon.html?label=gen173nr-1BCAEoggI46AdSAnVzWARoRogBAZgBMbgBGcgBD9gBAegBAYgCAagCA7gCmuTXvAbAAgHSAiQ3NGM3OTk4Ni0yY2UyLTQ1NGYtOGQwZS1lZTU4ZTdhMDAwZTHYAgXgAgE&sid=735f077cb553f5b5fb1805efac5f4fa0&aid=304142&ucfs=1&arphpl=1&checkin=2025-04-01&checkout=2025-04-08&dest_id=-372490&dest_type=city&group_adults=2&req_adults=2&no_rooms=1&group_children=0&req_children=0&hpos=16&hapos=16&sr_order=popularity&srpvid=52a43c0f4b5000e9&srepoch=1737880472&all_sr_blocks=9058707_195192282_0_2_0&highlighted_blocks=9058707_195192282_0_2_0&matching_block_id=9058707_195192282_0_2_0&sr_pri_blocks=9058707_195192282_0_2_0__108200&from_sustainable_property_sr=1&from=searchresults
Acta Antibes,"Eixample, Barcelona",https://www.booking.com/hotel/es/hotelantibesbarcelona.html?label=gen173nr-1BCAEoggI46AdSAnVzWARoRogBAZgBMbgBGcgBD9gBAegBAYgCAagCA7gCmuTXvAbAAgHSAiQ3NGM3OTk4Ni0yY2UyLTQ1NGYtOGQwZS1lZTU4ZTdhMDAwZTHYAgXgAgE&sid=735f077cb553f5b5fb1805efac5f4fa0&aid=304142&ucfs=1&arphpl=1&checkin=2025-04-01&checkout=2025-04-08&dest_id=-372490&dest_type=city&group_adults=2&req_adults=2&no_rooms=1&group_children=0&req_children=0&hpos=17&hapos=17&sr_order=popularity&srpvid=52a43c0f4b5000e9&srepoch=1737880472&all_sr_blocks=9131901_88492865_0_2_0&highlighted_blocks=9131901_88492865_0_2_0&matching_block_id=9131901_88492865_0_2_0&sr_pri_blocks=9131901_88492865_0_2_0__110120&from=searchresults
Catalonia Atenas,"Sant Martí, Barcelona",https://www.booking.com/hotel/es/cataloniatenas.html?label=gen173nr-1BCAEoggI46AdSAnVzWARoRogBAZgBMbgBGcgBD9gBAegBAYgCAagCA7gCmuTXvAbAAgHSAiQ3NGM3OTk4Ni0yY2UyLTQ1NGYtOGQwZS1lZTU4ZTdhMDAwZTHYAgXgAgE&sid=735f077cb553f5b5fb1805efac5f4fa0&aid=304142&ucfs=1&arphpl=1&checkin=2025-04-01&checkout=2025-04-08&dest_id=-372490&dest_type=city&group_adults=2&req_adults=2&no_rooms=1&group_children=0&req_children=0&hpos=18&hapos=18&sr_order=popularity&srpvid=52a43c0f4b5000e9&srepoch=1737880472&all_sr_blocks=9059407_372580272_0_2_0&highlighted_blocks=9059407_372580272_0_2_0&matching_block_id=9059407_372580272_0_2_0&sr_pri_blocks=9059407_372580272_0_2_0__111778&from_sustainable_property_sr=1&from=searchresults
Citadines Ramblas Barcelona,"Ciutat Vella, Barcelona",https://www.booking.com/hotel/es/citadines.html?label=gen173nr-1BCAEoggI46AdSAnVzWARoRogBAZgBMbgBGcgBD9gBAegBAYgCAagCA7gCmuTXvAbAAgHSAiQ3NGM3OTk4Ni0yY2UyLTQ1NGYtOGQwZS1lZTU4ZTdhMDAwZTHYAgXgAgE&sid=735f077cb553f5b5fb1805efac5f4fa0&aid=304142&ucfs=1&arphpl=1&checkin=2025-04-01&checkout=2025-04-08&dest_id=-372490&dest_type=city&group_adults=2&req_adults=2&no_rooms=1&group_children=0&req_children=0&hpos=19&hapos=19&sr_order=popularity&srpvid=52a43c0f4b5000e9&srepoch=1737880472&all_sr_blocks=9015513_88181413_2_2_0_396656&highlighted_blocks=9015513_88181413_2_2_0_396656&matching_block_id=9015513_88181413_2_2_0_396656&sr_pri_blocks=9015513_88181413_2_2_0_396656_134200&from=searchresults
Sallés Hotel Pere IV,"Sant Martí, Barcelona",https://www.booking.com/hotel/es/pereiv.html?label=gen173nr-1BCAEoggI46AdSAnVzWARoRogBAZgBMbgBGcgBD9gBAegBAYgCAagCA7gCmuTXvAbAAgHSAiQ3NGM3OTk4Ni0yY2UyLTQ1NGYtOGQwZS1lZTU4ZTdhMDAwZTHYAgXgAgE&sid=735f077cb553f5b5fb1805efac5f4fa0&aid=304142&ucfs=1&arphpl=1&checkin=2025-04-01&checkout=2025-04-08&dest_id=-372490&dest_type=city&group_adults=2&req_adults=2&no_rooms=1&group_children=0&req_children=0&hpos=20&hapos=20&sr_order=popularity&srpvid=52a43c0f4b5000e9&srepoch=1737880472&all_sr_blocks=9094311_392636723_0_0_0_43960&highlighted_blocks=9094311_392636723_0_0_0_43960&matching_block_id=9094311_392636723_0_0_0_43960&sr_pri_blocks=9094311_392636723_0_0_0_43960_134778&from_sustainable_property_sr=1&from=searchresults
Catalonia Diagonal Centro,"Eixample, Barcelona",https://www.booking.com/hotel/es/catalonia-diagonal-centro.html?label=gen173nr-1BCAEoggI46AdSAnVzWARoRogBAZgBMbgBGcgBD9gBAegBAYgCAagCA7gCmuTXvAbAAgHSAiQ3NGM3OTk4Ni0yY2UyLTQ1NGYtOGQwZS1lZTU4ZTdhMDAwZTHYAgXgAgE&sid=735f077cb553f5b5fb1805efac5f4fa0&aid=304142&ucfs=1&arphpl=1&checkin=2025-04-01&checkout=2025-04-08&dest_id=-372490&dest_type=city&group_adults=2&req_adults=2&no_rooms=1&group_children=0&req_children=0&hpos=21&hapos=21&sr_order=popularity&srpvid=52a43c0f4b5000e9&srepoch=1737880472&all_sr_blocks=9058108_194625034_0_2_0&highlighted_blocks=9058108_194625034_0_2_0&matching_block_id=9058108_194625034_0_2_0&sr_pri_blocks=9058108_194625034_0_2_0__141778&from_sustainable_property_sr=1&from=searchresults
Catalonia Gracia,"Eixample, Barcelona",https://www.booking.com/hotel/es/cataloniacorcega.html?label=gen173nr-1BCAEoggI46AdSAnVzWARoRogBAZgBMbgBGcgBD9gBAegBAYgCAagCA7gCmuTXvAbAAgHSAiQ3NGM3OTk4Ni0yY2UyLTQ1NGYtOGQwZS1lZTU4ZTdhMDAwZTHYAgXgAgE&sid=735f077cb553f5b5fb1805efac5f4fa0&aid=304142&ucfs=1&arphpl=1&checkin=2025-04-01&checkout=2025-04-08&dest_id=-372490&dest_type=city&group_adults=2&req_adults=2&no_rooms=1&group_children=0&req_children=0&hpos=22&hapos=22&sr_order=popularity&srpvid=52a43c0f4b5000e9&srepoch=1737880472&all_sr_blocks=9058305_194613233_0_2_0&highlighted_blocks=9058305_194613233_0_2_0&matching_block_id=9058305_194613233_0_2_0&sr_pri_blocks=9058305_194613233_0_2_0__122778&from_sustainable_property_sr=1&from=searchresults
BARCELONA GOTIC Guesthouse,"Ciutat Vella, Barcelona",https://www.booking.com/hotel/es/guesthouse-barcelona-gotic.html?label=gen173nr-1BCAEoggI46AdSAnVzWARoRogBAZgBMbgBGcgBD9gBAegBAYgCAagCA7gCmuTXvAbAAgHSAiQ3NGM3OTk4Ni0yY2UyLTQ1NGYtOGQwZS1lZTU4ZTdhMDAwZTHYAgXgAgE&sid=735f077cb553f5b5fb1805efac5f4fa0&aid=304142&ucfs=1&arphpl=1&checkin=2025-04-01&checkout=2025-04-08&dest_id=-372490&dest_type=city&group_adults=2&req_adults=2&no_rooms=1&group_children=0&req_children=0&hpos=23&hapos=23&sr_order=popularity&srpvid=52a43c0f4b5000e9&srepoch=1737880472&all_sr_blocks=67502201_96934025_2_0_0&highlighted_blocks=67502201_96934025_2_0_0&matching_block_id=67502201_96934025_2_0_0&sr_pri_blocks=67502201_96934025_2_0_0__69930&from=searchresults
ApartEasy - Gracia Apartments,"Gràcia, Barcelona",https://www.booking.com/hotel/es/gracia-barcelona2.html?label=gen173nr-1BCAEoggI46AdSAnVzWARoRogBAZgBMbgBGcgBD9gBAegBAYgCAagCA7gCmuTXvAbAAgHSAiQ3NGM3OTk4Ni0yY2UyLTQ1NGYtOGQwZS1lZTU4ZTdhMDAwZTHYAgXgAgE&sid=735f077cb553f5b5fb1805efac5f4fa0&aid=304142&ucfs=1&arphpl=1&checkin=2025-04-01&checkout=2025-04-08&dest_id=-372490&dest_type=city&group_adults=2&req_adults=2&no_rooms=1&group_children=0&req_children=0&hpos=24&hapos=24&sr_order=popularity&srpvid=52a43c0f4b5000e9&srepoch=1737880472&all_sr_blocks=78323823_363411732_3_0_0&highlighted_blocks=78323823_363411732_3_0_0&matching_block_id=78323823_363411732_3_0_0&sr_pri_blocks=78323823_363411732_3_0_0__117106&from=searchresults
Hotel Ronda Lesseps,"Gràcia, Barcelona",https://www.booking.com/hotel/es/rondalessepsbarcelona.html?label=gen173nr-1BCAEoggI46AdSAnVzWARoRogBAZgBMbgBGcgBD9gBAegBAYgCAagCA7gCmuTXvAbAAgHSAiQ3NGM3OTk4Ni0yY2UyLTQ1NGYtOGQwZS1lZTU4ZTdhMDAwZTHYAgXgAgE&sid=735f077cb553f5b5fb1805efac5f4fa0&aid=304142&ucfs=1&arphpl=1&checkin=2025-04-01&checkout=2025-04-08&dest_id=-372490&dest_type=city&group_adults=2&req_adults=2&no_rooms=1&group_children=0&req_children=0&hpos=25&hapos=25&sr_order=popularity&srpvid=52a43c0f4b5000e9&srepoch=1737880472&all_sr_blocks=9156625_356518978_0_2_0&highlighted_blocks=9156625_356518978_0_2_0&matching_block_id=9156625_356518978_0_2_0&sr_pri_blocks=9156625_356518978_0_2_0__108418&from_sustainable_property_sr=1&from=searchresults
Catalonia Albeniz,"Sant Martí, Barcelona",https://www.booking.com/hotel/es/cataloniaalbeniz.html?label=gen173nr-1BCAEoggI46AdSAnVzWARoRogBAZgBMbgBGcgBD9gBAegBAYgCAagCA7gCmuTXvAbAAgHSAiQ3NGM3OTk4Ni0yY2UyLTQ1NGYtOGQwZS1lZTU4ZTdhMDAwZTHYAgXgAgE&sid=735f077cb553f5b5fb1805efac5f4fa0&aid=304142&ucfs=1&arphpl=1&checkin=2025-04-01&checkout=2025-04-08&dest_id=-372490&dest_type=city&group_adults=2&req_adults=2&no_rooms=1&group_children=0&req_children=0&hpos=26&hapos=26&sr_order=popularity&srpvid=52a43c0f4b5000e9&srepoch=1737880472&all_sr_blocks=9059005_194594649_0_2_0&highlighted_blocks=9059005_194594649_0_2_0&matching_block_id=9059005_194594649_0_2_0&sr_pri_blocks=9059005_194594649_0_2_0__117700&from_sustainable_property_sr=1&from=searchresults
Occidental Barcelona 1929,"Sants-Montjuïc, Barcelona",https://www.booking.com/hotel/es/ona-hotels-terra.html?label=gen173nr-1BCAEoggI46AdSAnVzWARoRogBAZgBMbgBGcgBD9gBAegBAYgCAagCA7gCmuTXvAbAAgHSAiQ3NGM3OTk4Ni0yY2UyLTQ1NGYtOGQwZS1lZTU4ZTdhMDAwZTHYAgXgAgE&sid=735f077cb553f5b5fb1805efac5f4fa0&aid=304142&ucfs=1&arphpl=1&checkin=2025-04-01&checkout=2025-04-08&dest_id=-372490&dest_type=city&group_adults=2&req_adults=2&no_rooms=1&group_children=0&req_children=0&hpos=1&hapos=27&sr_order=popularity&srpvid=52a43c0f4b5000e9&srepoch=1737880364&all_sr_blocks=509109921_175423472_2_2_0&highlighted_blocks=509109921_175423472_2_2_0&matching_block_id=509109921_175423472_2_2_0&sr_pri_blocks=509109921_175423472_2_2_0__133700&from=searchresults
Oriente Atiram,"Ciutat Vella, Barcelona",https://www.booking.com/hotel/es/atiramoriente.html?label=gen173nr-1BCAEoggI46AdSAnVzWARoRogBAZgBMbgBGcgBD9gBAegBAYgCAagCA7gCmuTXvAbAAgHSAiQ3NGM3OTk4Ni0yY2UyLTQ1NGYtOGQwZS1lZTU4ZTdhMDAwZTHYAgXgAgE&sid=735f077cb553f5b5fb1805efac5f4fa0&aid=304142&ucfs=1&arphpl=1&checkin=2025-04-01&checkout=2025-04-08&dest_id=-372490&dest_type=city&group_adults=2&req_adults=2&no_rooms=1&group_children=0&req_children=0&hpos=2&hapos=28&sr_order=popularity&srpvid=52a43c0f4b5000e9&srepoch=1737880364&all_sr_blocks=9048507_88154360_0_2_0_671854&highlighted_blocks=9048507_88154360_0_2_0_671854&matching_block_id=9048507_88154360_0_2_0_671854&sr_pri_blocks=9048507_88154360_0_2_0_671854_121820&from=searchresults
Hotel BESTPRICE Gracia,"Gràcia, Barcelona",https://www.booking.com/hotel/es/bestprice-gaudi.html?label=gen173nr-1BCAEoggI46AdSAnVzWARoRogBAZgBMbgBGcgBD9gBAegBAYgCAagCA7gCmuTXvAbAAgHSAiQ3NGM3OTk4Ni0yY2UyLTQ1NGYtOGQwZS1lZTU4ZTdhMDAwZTHYAgXgAgE&sid=735f077cb553f5b5fb1805efac5f4fa0&aid=304142&ucfs=1&arphpl=1&checkin=2025-04-01&checkout=2025-04-08&dest_id=-372490&dest_type=city&group_adults=2&req_adults=2&no_rooms=1&group_children=0&req_children=0&hpos=3&hapos=29&sr_order=popularity&srpvid=52a43c0f4b5000e9&srepoch=1737880364&all_sr_blocks=136507401_91953088_0_0_0_419552&highlighted_blocks=136507401_91953088_0_0_0_419552&matching_block_id=136507401_91953088_0_0_0_419552&sr_pri_blocks=136507401_91953088_0_0_0_419552_97000&from=searchresults
Hostal Ramos,"Ciutat Vella, Barcelona",https://www.booking.com/hotel/es/hostal-ramos.html?label=gen173nr-1BCAEoggI46AdSAnVzWARoRogBAZgBMbgBGcgBD9gBAegBAYgCAagCA7gCmuTXvAbAAgHSAiQ3NGM3OTk4Ni0yY2UyLTQ1NGYtOGQwZS1lZTU4ZTdhMDAwZTHYAgXgAgE&sid=735f077cb553f5b5fb1805efac5f4fa0&aid=304142&ucfs=1&arphpl=1&checkin=2025-04-01&checkout=2025-04-08&dest_id=-372490&dest_type=city&group_adults=2&req_adults=2&no_rooms=1&group_children=0&req_children=0&hpos=4&hapos=30&sr_order=popularity&srpvid=52a43c0f4b5000e9&srepoch=1737880364&all_sr_blocks=18937315_369151553_0_0_0_260222&highlighted_blocks=18937315_369151553_0_0_0_260222&matching_block_id=18937315_369151553_0_0_0_260222&sr_pri_blocks=18937315_369151553_0_0_0_260222_92693&from=searchresults
B Hotel,"Eixample, Barcelona",https://www.booking.com/hotel/es/bhotel.html?label=gen173nr-1BCAEoggI46AdSAnVzWARoRogBAZgBMbgBGcgBD9gBAegBAYgCAagCA7gCmuTXvAbAAgHSAiQ3NGM3OTk4Ni0yY2UyLTQ1NGYtOGQwZS1lZTU4ZTdhMDAwZTHYAgXgAgE&sid=735f077cb553f5b5fb1805efac5f4fa0&aid=304142&ucfs=1&arphpl=1&checkin=2025-04-01&checkout=2025-04-08&dest_id=-372490&dest_type=city&group_adults=2&req_adults=2&no_rooms=1&group_children=0&req_children=0&hpos=5&hapos=31&sr_order=popularity&srpvid=52a43c0f4b5000e9&srepoch=1737880364&all_sr_blocks=9119801_88190738_0_2_0&highlighted_blocks=9119801_88190738_0_2_0&matching_block_id=9119801_88190738_0_2_0&sr_pri_blocks=9119801_88190738_0_2_0__123998&from_sustainable_property_sr=1&from=searchresults
Catalonia La Boquería,"Ciutat Vella, Barcelona",https://www.booking.com/hotel/es/catalonia-la-boqueria.html?label=gen173nr-1BCAEoggI46AdSAnVzWARoRogBAZgBMbgBGcgBD9gBAegBAYgCAagCA7gCmuTXvAbAAgHSAiQ3NGM3OTk4Ni0yY2UyLTQ1NGYtOGQwZS1lZTU4ZTdhMDAwZTHYAgXgAgE&sid=735f077cb553f5b5fb1805efac5f4fa0&aid=304142&ucfs=1&arphpl=1&checkin=2025-04-01&checkout=2025-04-08&dest_id=-372490&dest_type=city&group_adults=2&req_adults=2&no_rooms=1&group_children=0&req_children=0&hpos=6&hapos=32&sr_order=popularity&srpvid=52a43c0f4b5000e9&srepoch=1737880364&all_sr_blocks=4991801_397220302_0_2_0_203806&highlighted_blocks=4991801_397220302_0_2_0_203806&matching_block_id=4991801_397220302_0_2_0_203806&sr_pri_blocks=4991801_397220302_0_2_0_203806_127580&from_sustainable_property_sr=1&from=searchresults
NH Barcelona Les Corts,"Les Corts, Barcelona",https://www.booking.com/hotel/es/nhlescorts.html?label=gen173nr-1BCAEoggI46AdSAnVzWARoRogBAZgBMbgBGcgBD9gBAegBAYgCAagCA7gCmuTXvAbAAgHSAiQ3NGM3OTk4Ni0yY2UyLTQ1NGYtOGQwZS1lZTU4ZTdhMDAwZTHYAgXgAgE&sid=735f077cb553f5b5fb1805efac5f4fa0&aid=304142&ucfs=1&arphpl=1&checkin=2025-04-01&checkout=2025-04-08&dest_id=-372490&dest_type=city&group_adults=2&req_adults=2&no_rooms=1&group_children=0&req_children=0&hpos=7&hapos=33&sr_order=popularity&srpvid=52a43c0f4b5000e9&srepoch=1737880364&all_sr_blocks=9077702_93709046_0_2_0&highlighted_blocks=9077702_93709046_0_2_0&matching_block_id=9077702_93709046_0_2_0&sr_pri_blocks=9077702_93709046_0_2_0__93333&from_sustainable_property_sr=1&from=searchresults
Hotel Oasis,"Ciutat Vella, Barcelona",https://www.booking.com/hotel/es/oasis-barcelona.html?label=gen173nr-1BCAEoggI46AdSAnVzWARoRogBAZgBMbgBGcgBD9gBAegBAYgCAagCA7gCmuTXvAbAAgHSAiQ3NGM3OTk4Ni0yY2UyLTQ1NGYtOGQwZS1lZTU4ZTdhMDAwZTHYAgXgAgE&sid=735f077cb553f5b5fb1805efac5f4fa0&aid=304142&ucfs=1&arphpl=1&checkin=2025-04-01&checkout=2025-04-08&dest_id=-372490&dest_type=city&group_adults=2&req_adults=2&no_rooms=1&group_children=0&req_children=0&hpos=8&hapos=34&sr_order=popularity&srpvid=52a43c0f4b5000e9&srepoch=1737880364&all_sr_blocks=9289210_88154464_0_2_0&highlighted_blocks=9289210_88154464_0_2_0&matching_block_id=9289210_88154464_0_2_0&sr_pri_blocks=9289210_88154464_0_2_0__108273&from_sustainable_property_sr=1&from=searchresults
Hotel Acta Laumon,"Sant Andreu, Barcelona",https://www.booking.com/hotel/es/laumon.html?label=gen173nr-1BCAEoggI46AdSAnVzWARoRogBAZgBMbgBGcgBD9gBAegBAYgCAagCA7gCmuTXvAbAAgHSAiQ3NGM3OTk4Ni0yY2UyLTQ1NGYtOGQwZS1lZTU4ZTdhMDAwZTHYAgXgAgE&sid=735f077cb553f5b5fb1805efac5f4fa0&aid=304142&ucfs=1&arphpl=1&checkin=2025-04-01&checkout=2025-04-08&dest_id=-372490&dest_type=city&group_adults=2&req_adults=2&no_rooms=1&group_children=0&req_children=0&hpos=9&hapos=35&sr_order=popularity&srpvid=52a43c0f4b5000e9&srepoch=1737880364&all_sr_blocks=28211001_91471002_0_2_0&highlighted_blocks=28211001_91471002_0_2_0&matching_block_id=28211001_91471002_0_2_0&sr_pri_blocks=28211001_91471002_0_2_0__96350&from=searchresults
Golden Hotel Barcelona,"Sant Martí, Barcelona",https://www.booking.com/hotel/es/golden-tulip-barcelona.html?label=gen173nr-1BCAEoggI46AdSAnVzWARoRogBAZgBMbgBGcgBD9gBAegBAYgCAagCA7gCmuTXvAbAAgHSAiQ3NGM3OTk4Ni0yY2UyLTQ1NGYtOGQwZS1lZTU4ZTdhMDAwZTHYAgXgAgE&sid=735f077cb553f5b5fb1805efac5f4fa0&aid=304142&ucfs=1&arphpl=1&checkin=2025-04-01&checkout=2025-04-08&dest_id=-372490&dest_type=city&group_adults=2&req_adults=2&no_rooms=1&group_children=0&req_children=0&hpos=10&hapos=36&sr_order=popularity&srpvid=52a43c0f4b5000e9&srepoch=1737880364&all_sr_blocks=231129002_398813835_0_42_0_430291&highlighted_blocks=231129002_398813835_0_42_0_430291&matching_block_id=231129002_398813835_0_42_0_430291&sr_pri_blocks=231129002_398813835_0_42_0_430291_131278&from_sustainable_property_sr=1&from=searchresults
Bonanova Suite,"Sarrià-St. Gervasi, Barcelona",https://www.booking.com/hotel/es/aparthotel-bonanova.html?label=gen173nr-1BCAEoggI46AdSAnVzWARoRogBAZgBMbgBGcgBD9gBAegBAYgCAagCA7gCmuTXvAbAAgHSAiQ3NGM3OTk4Ni0yY2UyLTQ1NGYtOGQwZS1lZTU4ZTdhMDAwZTHYAgXgAgE&sid=735f077cb553f5b5fb1805efac5f4fa0&aid=304142&ucfs=1&arphpl=1&checkin=2025-04-01&checkout=2025-04-08&dest_id=-372490&dest_type=city&group_adults=2&req_adults=2&no_rooms=1&group_children=0&req_children=0&hpos=11&hapos=37&sr_order=popularity&srpvid=52a43c0f4b5000e9&srepoch=1737880364&all_sr_blocks=1325502_199481128_2_0_0&highlighted_blocks=1325502_199481128_2_0_0&matching_block_id=1325502_199481128_2_0_0&sr_pri_blocks=1325502_199481128_2_0_0__118265&from=searchresults
Pol & Grace Hotel,"Sarrià-St. Gervasi, Barcelona",https://www.booking.com/hotel/es/guillermo-tell.html?label=gen173nr-1BCAEoggI46AdSAnVzWARoRogBAZgBMbgBGcgBD9gBAegBAYgCAagCA7gCmuTXvAbAAgHSAiQ3NGM3OTk4Ni0yY2UyLTQ1NGYtOGQwZS1lZTU4ZTdhMDAwZTHYAgXgAgE&sid=735f077cb553f5b5fb1805efac5f4fa0&aid=304142&ucfs=1&arphpl=1&checkin=2025-04-01&checkout=2025-04-08&dest_id=-372490&dest_type=city&group_adults=2&req_adults=2&no_rooms=1&group_children=0&req_children=0&hpos=12&hapos=38&sr_order=popularity&srpvid=52a43c0f4b5000e9&srepoch=1737880364&all_sr_blocks=9235702_91908354_0_2_0&highlighted_blocks=9235702_91908354_0_2_0&matching_block_id=9235702_91908354_0_2_0&sr_pri_blocks=9235702_91908354_0_2_0__95439&from=searchresults
Hotel Sant Agustí,"Ciutat Vella, Barcelona",https://www.booking.com/hotel/es/san-agustin.html?label=gen173nr-1BCAEoggI46AdSAnVzWARoRogBAZgBMbgBGcgBD9gBAegBAYgCAagCA7gCmuTXvAbAAgHSAiQ3NGM3OTk4Ni0yY2UyLTQ1NGYtOGQwZS1lZTU4ZTdhMDAwZTHYAgXgAgE&sid=735f077cb553f5b5fb1805efac5f4fa0&aid=304142&ucfs=1&arphpl=1&checkin=2025-04-01&checkout=2025-04-08&dest_id=-372490&dest_type=city&group_adults=2&req_adults=2&no_rooms=1&group_children=0&req_children=0&hpos=13&hapos=39&sr_order=popularity&srpvid=52a43c0f4b5000e9&srepoch=1737880364&all_sr_blocks=9750237_327751550_2_2_0&highlighted_blocks=9750237_327751550_2_2_0&matching_block_id=9750237_327751550_2_2_0&sr_pri_blocks=9750237_327751550_2_2_0__129400&from=searchresults
Lempika,"Eixample, Barcelona",https://www.booking.com/hotel/es/lempika.html?label=gen173nr-1BCAEoggI46AdSAnVzWARoRogBAZgBMbgBGcgBD9gBAegBAYgCAagCA7gCmuTXvAbAAgHSAiQ3NGM3OTk4Ni0yY2UyLTQ1NGYtOGQwZS1lZTU4ZTdhMDAwZTHYAgXgAgE&sid=735f077cb553f5b5fb1805efac5f4fa0&aid=304142&ucfs=1&arphpl=1&checkin=2025-04-01&checkout=2025-04-08&dest_id=-372490&dest_type=city&group_adults=2&req_adults=2&no_rooms=1&group_children=0&req_children=0&hpos=14&hapos=40&sr_order=popularity&srpvid=52a43c0f4b5000e9&srepoch=1737880364&all_sr_blocks=132873802_117906826_0_0_0&highlighted_blocks=132873802_117906826_0_0_0&matching_block_id=132873802_117906826_0_0_0&sr_pri_blocks=132873802_117906826_0_0_0__153682&from=searchresults
Catalonia Roma,"Eixample, Barcelona",https://www.booking.com/hotel/es/cataloniaroma.html?label=gen173nr-1BCAEoggI46AdSAnVzWARoRogBAZgBMbgBGcgBD9gBAegBAYgCAagCA7gCmuTXvAbAAgHSAiQ3NGM3OTk4Ni0yY2UyLTQ1NGYtOGQwZS1lZTU4ZTdhMDAwZTHYAgXgAgE&sid=735f077cb553f5b5fb1805efac5f4fa0&aid=304142&ucfs=1&arphpl=1&checkin=2025-04-01&checkout=2025-04-08&dest_id=-372490&dest_type=city&group_adults=2&req_adults=2&no_rooms=1&group_children=0&req_children=0&hpos=15&hapos=41&sr_order=popularity&srpvid=52a43c0f4b5000e9&srepoch=1737880364&all_sr_blocks=9059507_194586916_0_2_0&highlighted_blocks=9059507_194586916_0_2_0&matching_block_id=9059507_194586916_0_2_0&sr_pri_blocks=9059507_194586916_0_2_0__118700&from_sustainable_property_sr=1&from=searchresults
Barcelona Fifteen central Aparthotel,"Sants-Montjuïc, Barcelona",https://www.booking.com/hotel/es/barcelona-fifteen-luxury-hostel.html?label=gen173nr-1BCAEoggI46AdSAnVzWARoRogBAZgBMbgBGcgBD9gBAegBAYgCAagCA7gCmuTXvAbAAgHSAiQ3NGM3OTk4Ni0yY2UyLTQ1NGYtOGQwZS1lZTU4ZTdhMDAwZTHYAgXgAgE&sid=735f077cb553f5b5fb1805efac5f4fa0&aid=304142&ucfs=1&arphpl=1&checkin=2025-04-01&checkout=2025-04-08&dest_id=-372490&dest_type=city&group_adults=2&req_adults=2&no_rooms=1&group_children=0&req_children=0&hpos=16&hapos=42&sr_order=popularity&srpvid=52a43c0f4b5000e9&srepoch=1737880364&all_sr_blocks=48053301_88501254_2_0_0&highlighted_blocks=48053301_88501254_2_0_0&matching_block_id=48053301_88501254_2_0_0&sr_pri_blocks=48053301_88501254_2_0_0__103212&from=searchresults
Hotel Soho,"Eixample, Barcelona",https://www.booking.com/hotel/es/soho.html?label=gen173nr-1BCAEoggI46AdSAnVzWARoRogBAZgBMbgBGcgBD9gBAegBAYgCAagCA7gCmuTXvAbAAgHSAiQ3NGM3OTk4Ni0yY2UyLTQ1NGYtOGQwZS1lZTU4ZTdhMDAwZTHYAgXgAgE&sid=735f077cb553f5b5fb1805efac5f4fa0&aid=304142&ucfs=1&arphpl=1&checkin=2025-04-01&checkout=2025-04-08&dest_id=-372490&dest_type=city&group_adults=2&req_adults=2&no_rooms=1&group_children=0&req_children=0&hpos=17&hapos=43&sr_order=popularity&srpvid=52a43c0f4b5000e9&srepoch=1737880364&all_sr_blocks=9344913_88193737_0_2_0&highlighted_blocks=9344913_88193737_0_2_0&matching_block_id=9344913_88193737_0_2_0&sr_pri_blocks=9344913_88193737_0_2_0__137300&from_sustainable_property_sr=1&from=searchresults
Fisa Rentals Ramblas Apartments,"Eixample, Barcelona",https://www.booking.com/hotel/es/fisa-rentals-ramblas.html?label=gen173nr-1BCAEoggI46AdSAnVzWARoRogBAZgBMbgBGcgBD9gBAegBAYgCAagCA7gCmuTXvAbAAgHSAiQ3NGM3OTk4Ni0yY2UyLTQ1NGYtOGQwZS1lZTU4ZTdhMDAwZTHYAgXgAgE&sid=735f077cb553f5b5fb1805efac5f4fa0&aid=304142&ucfs=1&arphpl=1&checkin=2025-04-01&checkout=2025-04-08&dest_id=-372490&dest_type=city&group_adults=2&req_adults=2&no_rooms=1&group_children=0&req_children=0&hpos=18&hapos=44&sr_order=popularity&srpvid=52a43c0f4b5000e9&srepoch=1737880364&all_sr_blocks=34476508_119088343_0_0_0&highlighted_blocks=34476508_119088343_0_0_0&matching_block_id=34476508_119088343_0_0_0&sr_pri_blocks=34476508_119088343_0_0_0__151850&from=searchresults
Hotel Rialto,"Ciutat Vella, Barcelona",https://www.booking.com/hotel/es/rialto.html?label=gen173nr-1BCAEoggI46AdSAnVzWARoRogBAZgBMbgBGcgBD9gBAegBAYgCAagCA7gCmuTXvAbAAgHSAiQ3NGM3OTk4Ni0yY2UyLTQ1NGYtOGQwZS1lZTU4ZTdhMDAwZTHYAgXgAgE&sid=735f077cb553f5b5fb1805efac5f4fa0&aid=304142&ucfs=1&arphpl=1&checkin=2025-04-01&checkout=2025-04-08&dest_id=-372490&dest_type=city&group_adults=2&req_adults=2&no_rooms=1&group_children=0&req_children=0&hpos=19&hapos=45&sr_order=popularity&srpvid=52a43c0f4b5000e9&srepoch=1737880364&all_sr_blocks=9435101_88154511_2_2_0_311516&highlighted_blocks=9435101_88154511_2_2_0_311516&matching_block_id=9435101_88154511_2_2_0_311516&sr_pri_blocks=9435101_88154511_2_2_0_311516_131855&from=searchresults
Paral·lel,"Sants-Montjuïc, Barcelona",https://www.booking.com/hotel/es/parallel.html?label=gen173nr-1BCAEoggI46AdSAnVzWARoRogBAZgBMbgBGcgBD9gBAegBAYgCAagCA7gCmuTXvAbAAgHSAiQ3NGM3OTk4Ni0yY2UyLTQ1NGYtOGQwZS1lZTU4ZTdhMDAwZTHYAgXgAgE&sid=735f077cb553f5b5fb1805efac5f4fa0&aid=304142&ucfs=1&arphpl=1&checkin=2025-04-01&checkout=2025-04-08&dest_id=-372490&dest_type=city&group_adults=2&req_adults=2&no_rooms=1&group_children=0&req_children=0&hpos=20&hapos=46&sr_order=popularity&srpvid=52a43c0f4b5000e9&srepoch=1737880364&all_sr_blocks=9041202_88181666_0_2_0&highlighted_blocks=9041202_88181666_0_2_0&matching_block_id=9041202_88181666_0_2_0&sr_pri_blocks=9041202_88181666_0_2_0__109256&from_sustainable_property_sr=1&from=searchresults
Axel TWO Barcelona 4 Sup - Adults Only,"Eixample, Barcelona",https://www.booking.com/hotel/es/two-barcelona-by-axel.html?label=gen173nr-1BCAEoggI46AdSAnVzWARoRogBAZgBMbgBGcgBD9gBAegBAYgCAagCA7gCmuTXvAbAAgHSAiQ3NGM3OTk4Ni0yY2UyLTQ1NGYtOGQwZS1lZTU4ZTdhMDAwZTHYAgXgAgE&sid=735f077cb553f5b5fb1805efac5f4fa0&aid=304142&ucfs=1&arphpl=1&checkin=2025-04-01&checkout=2025-04-08&dest_id=-372490&dest_type=city&group_adults=2&req_adults=2&no_rooms=1&group_children=0&req_children=0&hpos=21&hapos=47&sr_order=popularity&srpvid=52a43c0f4b5000e9&srepoch=1737880364&all_sr_blocks=131688502_261958602_0_2_0&highlighted_blocks=131688502_261958602_0_2_0&matching_block_id=131688502_261958602_0_2_0&sr_pri_blocks=131688502_261958602_0_2_0__119534&from=searchresults
Catalonia Avinyo,"Ciutat Vella, Barcelona",https://www.booking.com/hotel/es/avinyo.html?label=gen173nr-1BCAEoggI46AdSAnVzWARoRogBAZgBMbgBGcgBD9gBAegBAYgCAagCA7gCmuTXvAbAAgHSAiQ3NGM3OTk4Ni0yY2UyLTQ1NGYtOGQwZS1lZTU4ZTdhMDAwZTHYAgXgAgE&sid=735f077cb553f5b5fb1805efac5f4fa0&aid=304142&ucfs=1&arphpl=1&checkin=2025-04-01&checkout=2025-04-08&dest_id=-372490&dest_type=city&group_adults=2&req_adults=2&no_rooms=1&group_children=0&req_children=0&hpos=22&hapos=48&sr_order=popularity&srpvid=52a43c0f4b5000e9&srepoch=1737880364&all_sr_blocks=9452608_195489180_0_2_0&highlighted_blocks=9452608_195489180_0_2_0&matching_block_id=9452608_195489180_0_2_0&sr_pri_blocks=9452608_195489180_0_2_0__127700&from_sustainable_property_sr=1&from=searchresults
Hostal Central Barcelona,"Eixample, Barcelona",https://www.booking.com/hotel/es/hostal-central-barcelona.html?label=gen173nr-1BCAEoggI46AdSAnVzWARoRogBAZgBMbgBGcgBD9gBAegBAYgCAagCA7gCmuTXvAbAAgHSAiQ3NGM3OTk4Ni0yY2UyLTQ1NGYtOGQwZS1lZTU4ZTdhMDAwZTHYAgXgAgE&sid=735f077cb553f5b5fb1805efac5f4fa0&aid=304142&ucfs=1&arphpl=1&checkin=2025-04-01&checkout=2025-04-08&dest_id=-372490&dest_type=city&group_adults=2&req_adults=2&no_rooms=1&group_children=0&req_children=0&hpos=23&hapos=49&sr_order=popularity&srpvid=52a43c0f4b5000e9&srepoch=1737880364&all_sr_blocks=18925607_347080935_2_0_0_489076&highlighted_blocks=18925607_347080935_2_0_0_489076&matching_block_id=18925607_347080935_2_0_0_489076&sr_pri_blocks=18925607_347080935_2_0_0_489076_124726&from=searchresults
Capri by Fraser Barcelona,"Sant Martí, Barcelona",https://www.booking.com/hotel/es/capri-by-fraser.html?label=gen173nr-1BCAEoggI46AdSAnVzWARoRogBAZgBMbgBGcgBD9gBAegBAYgCAagCA7gCmuTXvAbAAgHSAiQ3NGM3OTk4Ni0yY2UyLTQ1NGYtOGQwZS1lZTU4ZTdhMDAwZTHYAgXgAgE&sid=735f077cb553f5b5fb1805efac5f4fa0&aid=304142&ucfs=1&arphpl=1&checkin=2025-04-01&checkout=2025-04-08&dest_id=-372490&dest_type=city&group_adults=2&req_adults=2&no_rooms=1&group_children=0&req_children=0&hpos=24&hapos=50&sr_order=popularity&srpvid=52a43c0f4b5000e9&srepoch=1737880364&all_sr_blocks=1855313_361664288_2_2_0&highlighted_blocks=1855313_361664288_2_2_0&matching_block_id=1855313_361664288_2_2_0&sr_pri_blocks=1855313_361664288_2_2_0__125149&from=searchresults
Enjoy Apartments Urban Retreat Valencia 4,"Eixample, Barcelona",https://www.booking.com/hotel/es/urban-retreat-valencia-4.html?label=gen173nr-1BCAEoggI46AdSAnVzWARoRogBAZgBMbgBGcgBD9gBAegBAYgCAagCA7gCmuTXvAbAAgHSAiQ3NGM3OTk4Ni0yY2UyLTQ1NGYtOGQwZS1lZTU4ZTdhMDAwZTHYAgXgAgE&sid=735f077cb553f5b5fb1805efac5f4fa0&aid=304142&ucfs=1&arphpl=1&checkin=2025-04-01&checkout=2025-04-08&dest_id=-372490&dest_type=city&group_adults=2&req_adults=2&no_rooms=1&group_children=0&req_children=0&hpos=1&hapos=51&sr_order=popularity&srpvid=52a43c0f4b5000e9&srepoch=1737880366&all_sr_blocks=1222128702_394360959_2_0_0&highlighted_blocks=1222128702_394360959_2_0_0&matching_block_id=1222128702_394360959_2_0_0&sr_pri_blocks=1222128702_394360959_2_0_0__130016&from=searchresults
Catalonia Park Güell,"Gràcia, Barcelona",https://www.booking.com/hotel/es/catalonia-park-guell.html?label=gen173nr-1BCAEoggI46AdSAnVzWARoRogBAZgBMbgBGcgBD9gBAegBAYgCAagCA7gCmuTXvAbAAgHSAiQ3NGM3OTk4Ni0yY2UyLTQ1NGYtOGQwZS1lZTU4ZTdhMDAwZTHYAgXgAgE&sid=735f077cb553f5b5fb1805efac5f4fa0&aid=304142&ucfs=1&arphpl=1&checkin=2025-04-01&checkout=2025-04-08&dest_id=-372490&dest_type=city&group_adults=2&req_adults=2&no_rooms=1&group_children=0&req_children=0&hpos=2&hapos=52&sr_order=popularity&srpvid=52a43c0f4b5000e9&srepoch=1737880366&all_sr_blocks=9058908_194596102_0_2_0&highlighted_blocks=9058908_194596102_0_2_0&matching_block_id=9058908_194596102_0_2_0&sr_pri_blocks=9058908_194596102_0_2_0__93700&from_sustainable_property_sr=1&from=searchresults
NH Sants Barcelona,"Les Corts, Barcelona",https://www.booking.com/hotel/es/nh-sants-barcelona.html?label=gen173nr-1BCAEoggI46AdSAnVzWARoRogBAZgBMbgBGcgBD9gBAegBAYgCAagCA7gCmuTXvAbAAgHSAiQ3NGM3OTk4Ni0yY2UyLTQ1NGYtOGQwZS1lZTU4ZTdhMDAwZTHYAgXgAgE&sid=735f077cb553f5b5fb1805efac5f4fa0&aid=304142&ucfs=1&arphpl=1&checkin=2025-04-01&checkout=2025-04-08&dest_id=-372490&dest_type=city&group_adults=2&req_adults=2&no_rooms=1&group_children=0&req_children=0&hpos=3&hapos=53&sr_order=popularity&srpvid=52a43c0f4b5000e9&srepoch=1737880366&all_sr_blocks=9076202_93709023_0_2_0&highlighted_blocks=9076202_93709023_0_2_0&matching_block_id=9076202_93709023_0_2_0&sr_pri_blocks=9076202_93709023_0_2_0__109280&from_sustainable_property_sr=1&from=searchresults
Catalonia Rigoletto,"Les Corts, Barcelona",https://www.booking.com/hotel/es/rigoletto.html?label=gen173nr-1BCAEoggI46AdSAnVzWARoRogBAZgBMbgBGcgBD9gBAegBAYgCAagCA7gCmuTXvAbAAgHSAiQ3NGM3OTk4Ni0yY2UyLTQ1NGYtOGQwZS1lZTU4ZTdhMDAwZTHYAgXgAgE&sid=735f077cb553f5b5fb1805efac5f4fa0&aid=304142&ucfs=1&arphpl=1&checkin=2025-04-01&checkout=2025-04-08&dest_id=-372490&dest_type=city&group_adults=2&req_adults=2&no_rooms=1&group_children=0&req_children=0&hpos=4&hapos=54&sr_order=popularity&srpvid=52a43c0f4b5000e9&srepoch=1737880366&all_sr_blocks=2980011_194584998_0_2_0&highlighted_blocks=2980011_194584998_0_2_0&matching_block_id=2980011_194584998_0_2_0&sr_pri_blocks=2980011_194584998_0_2_0__114778&from_sustainable_property_sr=1&from=searchresults
Acta BCN 40,"Ciutat Vella, Barcelona",https://www.booking.com/hotel/es/40.html?label=gen173nr-1BCAEoggI46AdSAnVzWARoRogBAZgBMbgBGcgBD9gBAegBAYgCAagCA7gCmuTXvAbAAgHSAiQ3NGM3OTk4Ni0yY2UyLTQ1NGYtOGQwZS1lZTU4ZTdhMDAwZTHYAgXgAgE&sid=735f077cb553f5b5fb1805efac5f4fa0&aid=304142&ucfs=1&arphpl=1&checkin=2025-04-01&checkout=2025-04-08&dest_id=-372490&dest_type=city&group_adults=2&req_adults=2&no_rooms=1&group_children=0&req_children=0&hpos=5&hapos=55&sr_order=popularity&srpvid=52a43c0f4b5000e9&srepoch=1737880366&all_sr_blocks=9387209_91463204_0_2_0&highlighted_blocks=9387209_91463204_0_2_0&matching_block_id=9387209_91463204_0_2_0&sr_pri_blocks=9387209_91463204_0_2_0__111660&from=searchresults
Hotel Vilamarí,"Eixample, Barcelona",https://www.booking.com/hotel/es/vilamari.html?label=gen173nr-1BCAEoggI46AdSAnVzWARoRogBAZgBMbgBGcgBD9gBAegBAYgCAagCA7gCmuTXvAbAAgHSAiQ3NGM3OTk4Ni0yY2UyLTQ1NGYtOGQwZS1lZTU4ZTdhMDAwZTHYAgXgAgE&sid=735f077cb553f5b5fb1805efac5f4fa0&aid=304142&ucfs=1&arphpl=1&checkin=2025-04-01&checkout=2025-04-08&dest_id=-372490&dest_type=city&group_adults=2&req_adults=2&no_rooms=1&group_children=0&req_children=0&hpos=6&hapos=56&sr_order=popularity&srpvid=52a43c0f4b5000e9&srepoch=1737880366&all_sr_blocks=31045407_83494055_0_2_0&highlighted_blocks=31045407_83494055_0_2_0&matching_block_id=31045407_83494055_0_2_0&sr_pri_blocks=31045407_83494055_0_2_0__109226&from=searchresults
Abba Garden,Barcelona,https://www.booking.com/hotel/es/abbagarden.html?label=gen173nr-1BCAEoggI46AdSAnVzWARoRogBAZgBMbgBGcgBD9gBAegBAYgCAagCA7gCmuTXvAbAAgHSAiQ3NGM3OTk4Ni0yY2UyLTQ1NGYtOGQwZS1lZTU4ZTdhMDAwZTHYAgXgAgE&sid=735f077cb553f5b5fb1805efac5f4fa0&aid=304142&ucfs=1&arphpl=1&checkin=2025-04-01&checkout=2025-04-08&dest_id=-372490&dest_type=city&group_adults=2&req_adults=2&no_rooms=1&group_children=0&req_children=0&hpos=7&hapos=57&sr_order=popularity&srpvid=52a43c0f4b5000e9&srepoch=1737880366&all_sr_blocks=9049302_88181799_0_2_0_758338&highlighted_blocks=9049302_88181799_0_2_0_758338&matching_block_id=9049302_88181799_0_2_0_758338&sr_pri_blocks=9049302_88181799_0_2_0_758338_92658&from_sustainable_property_sr=1&from=searchresults
ClassBedroom Barcelona Beach Apartments,"Ciutat Vella, Barcelona",https://www.booking.com/hotel/es/barcelona-bedroom.html?label=gen173nr-1BCAEoggI46AdSAnVzWARoRogBAZgBMbgBGcgBD9gBAegBAYgCAagCA7gCmuTXvAbAAgHSAiQ3NGM3OTk4Ni0yY2UyLTQ1NGYtOGQwZS1lZTU4ZTdhMDAwZTHYAgXgAgE&sid=735f077cb553f5b5fb1805efac5f4fa0&aid=304142&ucfs=1&arphpl=1&checkin=2025-04-01&checkout=2025-04-08&dest_id=-372490&dest_type=city&group_adults=2&req_adults=2&no_rooms=1&group_children=0&req_children=0&hpos=8&hapos=58&sr_order=popularity&srpvid=52a43c0f4b5000e9&srepoch=1737880366&all_sr_blocks=1213318_384295638_2_0_0&highlighted_blocks=1213318_384295638_2_0_0&matching_block_id=1213318_384295638_2_0_0&sr_pri_blocks=1213318_384295638_2_0_0__113232&from=searchresults
Sant Pau Terraces Apartments,"Eixample, Barcelona",https://www.booking.com/hotel/es/sant-pau-apartments.html?label=gen173nr-1BCAEoggI46AdSAnVzWARoRogBAZgBMbgBGcgBD9gBAegBAYgCAagCA7gCmuTXvAbAAgHSAiQ3NGM3OTk4Ni0yY2UyLTQ1NGYtOGQwZS1lZTU4ZTdhMDAwZTHYAgXgAgE&sid=735f077cb553f5b5fb1805efac5f4fa0&aid=304142&ucfs=1&arphpl=1&checkin=2025-04-01&checkout=2025-04-08&dest_id=-372490&dest_type=city&group_adults=2&req_adults=2&no_rooms=1&group_children=0&req_children=0&hpos=9&hapos=59&sr_order=popularity&srpvid=52a43c0f4b5000e9&srepoch=1737880366&all_sr_blocks=46485101_369033719_2_0_0&highlighted_blocks=46485101_369033719_2_0_0&matching_block_id=46485101_369033719_2_0_0&sr_pri_blocks=46485101_369033719_2_0_0__143402&from=searchresults
Catalonia Eixample 1864,"Eixample, Barcelona",https://www.booking.com/hotel/es/catalonia-eixample-1864.html?label=gen173nr-1BCAEoggI46AdSAnVzWARoRogBAZgBMbgBGcgBD9gBAegBAYgCAagCA7gCmuTXvAbAAgHSAiQ3NGM3OTk4Ni0yY2UyLTQ1NGYtOGQwZS1lZTU4ZTdhMDAwZTHYAgXgAgE&sid=735f077cb553f5b5fb1805efac5f4fa0&aid=304142&ucfs=1&arphpl=1&checkin=2025-04-01&checkout=2025-04-08&dest_id=-372490&dest_type=city&group_adults=2&req_adults=2&no_rooms=1&group_children=0&req_children=0&hpos=10&hapos=60&sr_order=popularity&srpvid=52a43c0f4b5000e9&srepoch=1737880366&all_sr_blocks=9058513_194606341_0_2_0&highlighted_blocks=9058513_194606341_0_2_0&matching_block_id=9058513_194606341_0_2_0&sr_pri_blocks=9058513_194606341_0_2_0__154778&from_sustainable_property_sr=1&from=searchresults
La França Travellers Adults Only,"Sants-Montjuïc, Barcelona",https://www.booking.com/hotel/es/la-franca.html?label=gen173nr-1BCAEoggI46AdSAnVzWARoRogBAZgBMbgBGcgBD9gBAegBAYgCAagCA7gCmuTXvAbAAgHSAiQ3NGM3OTk4Ni0yY2UyLTQ1NGYtOGQwZS1lZTU4ZTdhMDAwZTHYAgXgAgE&sid=735f077cb553f5b5fb1805efac5f4fa0&aid=304142&ucfs=1&arphpl=1&checkin=2025-04-01&checkout=2025-04-08&dest_id=-372490&dest_type=city&group_adults=2&req_adults=2&no_rooms=1&group_children=0&req_children=0&hpos=11&hapos=61&sr_order=popularity&srpvid=52a43c0f4b5000e9&srepoch=1737880366&all_sr_blocks=90125605_91941905_0_2_0_670423&highlighted_blocks=90125605_91941905_0_2_0_670423&matching_block_id=90125605_91941905_0_2_0_670423&sr_pri_blocks=90125605_91941905_0_2_0_670423_92330&from=searchresults
Hotel del Mar,"Ciutat Vella, Barcelona",https://www.booking.com/hotel/es/del-mar.html?label=gen173nr-1BCAEoggI46AdSAnVzWARoRogBAZgBMbgBGcgBD9gBAegBAYgCAagCA7gCmuTXvAbAAgHSAiQ3NGM3OTk4Ni0yY2UyLTQ1NGYtOGQwZS1lZTU4ZTdhMDAwZTHYAgXgAgE&sid=735f077cb553f5b5fb1805efac5f4fa0&aid=304142&ucfs=1&arphpl=1&checkin=2025-04-01&checkout=2025-04-08&dest_id=-372490&dest_type=city&group_adults=2&req_adults=2&no_rooms=1&group_children=0&req_children=0&hpos=12&hapos=62&sr_order=popularity&srpvid=52a43c0f4b5000e9&srepoch=1737880366&all_sr_blocks=9254701_88192667_2_2_0_311530&highlighted_blocks=9254701_88192667_2_2_0_311530&matching_block_id=9254701_88192667_2_2_0_311530&sr_pri_blocks=9254701_88192667_2_2_0_311530_124415&from=searchresults
Hotel Concordia Barcelona,"Sants-Montjuïc, Barcelona",https://www.booking.com/hotel/es/concordia.html?label=gen173nr-1BCAEoggI46AdSAnVzWARoRogBAZgBMbgBGcgBD9gBAegBAYgCAagCA7gCmuTXvAbAAgHSAiQ3NGM3OTk4Ni0yY2UyLTQ1NGYtOGQwZS1lZTU4ZTdhMDAwZTHYAgXgAgE&sid=735f077cb553f5b5fb1805efac5f4fa0&aid=304142&ucfs=1&arphpl=1&checkin=2025-04-01&checkout=2025-04-08&dest_id=-372490&dest_type=city&group_adults=2&req_adults=2&no_rooms=1&group_children=0&req_children=0&hpos=13&hapos=63&sr_order=popularity&srpvid=52a43c0f4b5000e9&srepoch=1737880366&all_sr_blocks=9118502_390452401_0_2_0&highlighted_blocks=9118502_390452401_0_2_0&matching_block_id=9118502_390452401_0_2_0&sr_pri_blocks=9118502_390452401_0_2_0__127278&from=searchresults
08028 Apartments,"Les Corts, Barcelona",https://www.booking.com/hotel/es/08028apartments.html?label=gen173nr-1BCAEoggI46AdSAnVzWARoRogBAZgBMbgBGcgBD9gBAegBAYgCAagCA7gCmuTXvAbAAgHSAiQ3NGM3OTk4Ni0yY2UyLTQ1NGYtOGQwZS1lZTU4ZTdhMDAwZTHYAgXgAgE&sid=735f077cb553f5b5fb1805efac5f4fa0&aid=304142&ucfs=1&arphpl=1&checkin=2025-04-01&checkout=2025-04-08&dest_id=-372490&dest_type=city&group_adults=2&req_adults=2&no_rooms=1&group_children=0&req_children=0&hpos=14&hapos=64&sr_order=popularity&srpvid=52a43c0f4b5000e9&srepoch=1737880366&all_sr_blocks=26451102_348175686_0_0_0&highlighted_blocks=26451102_348175686_0_0_0&matching_block_id=26451102_348175686_0_0_0&sr_pri_blocks=26451102_348175686_0_0_0__107502&from=searchresults
BCN Urbaness Hotels Del Comte,"Eixample, Barcelona",https://www.booking.com/hotel/es/delcomte.html?label=gen173nr-1BCAEoggI46AdSAnVzWARoRogBAZgBMbgBGcgBD9gBAegBAYgCAagCA7gCmuTXvAbAAgHSAiQ3NGM3OTk4Ni0yY2UyLTQ1NGYtOGQwZS1lZTU4ZTdhMDAwZTHYAgXgAgE&sid=735f077cb553f5b5fb1805efac5f4fa0&aid=304142&ucfs=1&arphpl=1&checkin=2025-04-01&checkout=2025-04-08&dest_id=-372490&dest_type=city&group_adults=2&req_adults=2&no_rooms=1&group_children=0&req_children=0&hpos=15&hapos=65&sr_order=popularity&srpvid=52a43c0f4b5000e9&srepoch=1737880366&all_sr_blocks=9106015_335554454_2_2_0&highlighted_blocks=9106015_335554454_2_2_0&matching_block_id=9106015_335554454_2_2_0&sr_pri_blocks=9106015_335554454_2_2_0__118880&from=searchresults
Casual Colours Barcelona,"Les Corts, Barcelona",https://www.booking.com/hotel/es/prisma.html?label=gen173nr-1BCAEoggI46AdSAnVzWARoRogBAZgBMbgBGcgBD9gBAegBAYgCAagCA7gCmuTXvAbAAgHSAiQ3NGM3OTk4Ni0yY2UyLTQ1NGYtOGQwZS1lZTU4ZTdhMDAwZTHYAgXgAgE&sid=735f077cb553f5b5fb1805efac5f4fa0&aid=304142&ucfs=1&arphpl=1&checkin=2025-04-01&checkout=2025-04-08&dest_id=-372490&dest_type=city&group_adults=2&req_adults=2&no_rooms=1&group_children=0&req_children=0&hpos=16&hapos=66&sr_order=popularity&srpvid=52a43c0f4b5000e9&srepoch=1737880366&all_sr_blocks=9043703_402405337_0_2_0&highlighted_blocks=9043703_402405337_0_2_0&matching_block_id=9043703_402405337_0_2_0&sr_pri_blocks=9043703_402405337_0_2_0__112714&from=searchresults
AC Hotel Diagonal L'Illa by Marriott,"Les Corts, Barcelona",https://www.booking.com/hotel/es/ac-marriott-diagonal-lilla.html?label=gen173nr-1BCAEoggI46AdSAnVzWARoRogBAZgBMbgBGcgBD9gBAegBAYgCAagCA7gCmuTXvAbAAgHSAiQ3NGM3OTk4Ni0yY2UyLTQ1NGYtOGQwZS1lZTU4ZTdhMDAwZTHYAgXgAgE&sid=735f077cb553f5b5fb1805efac5f4fa0&aid=304142&ucfs=1&arphpl=1&checkin=2025-04-01&checkout=2025-04-08&dest_id=-372490&dest_type=city&group_adults=2&req_adults=2&no_rooms=1&group_children=0&req_children=0&hpos=17&hapos=67&sr_order=popularity&srpvid=52a43c0f4b5000e9&srepoch=1737880366&all_sr_blocks=9046424_246421426_0_2_0&highlighted_blocks=9046424_246421426_0_2_0&matching_block_id=9046424_246421426_0_2_0&sr_pri_blocks=9046424_246421426_0_2_0__151366&from_sustainable_property_sr=1&from=searchresults
Leonardo Royal Hotel Barcelona Fira,"Sants-Montjuïc, Barcelona",https://www.booking.com/hotel/es/leonardo-royal-barcelona-fira.html?label=gen173nr-1BCAEoggI46AdSAnVzWARoRogBAZgBMbgBGcgBD9gBAegBAYgCAagCA7gCmuTXvAbAAgHSAiQ3NGM3OTk4Ni0yY2UyLTQ1NGYtOGQwZS1lZTU4ZTdhMDAwZTHYAgXgAgE&sid=735f077cb553f5b5fb1805efac5f4fa0&aid=304142&ucfs=1&arphpl=1&checkin=2025-04-01&checkout=2025-04-08&dest_id=-372490&dest_type=city&group_adults=2&req_adults=2&no_rooms=1&group_children=0&req_children=0&hpos=18&hapos=68&sr_order=popularity&srpvid=52a43c0f4b5000e9&srepoch=1737880366&all_sr_blocks=678810901_277137515_0_10_0&highlighted_blocks=678810901_277137515_0_10_0&matching_block_id=678810901_277137515_0_10_0&sr_pri_blocks=678810901_277137515_0_10_0__105348&from_sustainable_property_sr=1&from=searchresults
NH Barcelona Stadium,"Les Corts, Barcelona",https://www.booking.com/hotel/es/nh-barcelona-stadium.html?label=gen173nr-1BCAEoggI46AdSAnVzWARoRogBAZgBMbgBGcgBD9gBAegBAYgCAagCA7gCmuTXvAbAAgHSAiQ3NGM3OTk4Ni0yY2UyLTQ1NGYtOGQwZS1lZTU4ZTdhMDAwZTHYAgXgAgE&sid=735f077cb553f5b5fb1805efac5f4fa0&aid=304142&ucfs=1&arphpl=1&checkin=2025-04-01&checkout=2025-04-08&dest_id=-372490&dest_type=city&group_adults=2&req_adults=2&no_rooms=1&group_children=0&req_children=0&hpos=19&hapos=69&sr_order=popularity&srpvid=52a43c0f4b5000e9&srepoch=1737880366&all_sr_blocks=9096502_93709151_0_2_0&highlighted_blocks=9096502_93709151_0_2_0&matching_block_id=9096502_93709151_0_2_0&sr_pri_blocks=9096502_93709151_0_2_0__106378&from_sustainable_property_sr=1&from=searchresults
Hotel Jazz,"Eixample, Barcelona",https://www.booking.com/hotel/es/jazz.html?label=gen173nr-1BCAEoggI46AdSAnVzWARoRogBAZgBMbgBGcgBD9gBAegBAYgCAagCA7gCmuTXvAbAAgHSAiQ3NGM3OTk4Ni0yY2UyLTQ1NGYtOGQwZS1lZTU4ZTdhMDAwZTHYAgXgAgE&sid=735f077cb553f5b5fb1805efac5f4fa0&aid=304142&ucfs=1&arphpl=1&checkin=2025-04-01&checkout=2025-04-08&dest_id=-372490&dest_type=city&group_adults=2&req_adults=2&no_rooms=1&group_children=0&req_children=0&hpos=20&hapos=70&sr_order=popularity&srpvid=52a43c0f4b5000e9&srepoch=1737880366&all_sr_blocks=9056002_89245993_0_2_0&highlighted_blocks=9056002_89245993_0_2_0&matching_block_id=9056002_89245993_0_2_0&sr_pri_blocks=9056002_89245993_0_2_0__143654&from_sustainable_property_sr=1&from=searchresults
VIU BARCELONA BERTRAN,"Sarrià-St. Gervasi, Barcelona",https://www.booking.com/hotel/es/viu-barcelona-bertran.html?label=gen173nr-1BCAEoggI46AdSAnVzWARoRogBAZgBMbgBGcgBD9gBAegBAYgCAagCA7gCmuTXvAbAAgHSAiQ3NGM3OTk4Ni0yY2UyLTQ1NGYtOGQwZS1lZTU4ZTdhMDAwZTHYAgXgAgE&sid=735f077cb553f5b5fb1805efac5f4fa0&aid=304142&ucfs=1&arphpl=1&checkin=2025-04-01&checkout=2025-04-08&dest_id=-372490&dest_type=city&group_adults=2&req_adults=2&no_rooms=1&group_children=0&req_children=0&hpos=21&hapos=71&sr_order=popularity&srpvid=52a43c0f4b5000e9&srepoch=1737880366&all_sr_blocks=628509702_244867430_2_0_0&highlighted_blocks=628509702_244867430_2_0_0&matching_block_id=628509702_244867430_2_0_0&sr_pri_blocks=628509702_244867430_2_0_0__108367&from=searchresults
Hotel Via Augusta,"Sarrià-St. Gervasi, Barcelona",https://www.booking.com/hotel/es/viaaugusta.html?label=gen173nr-1BCAEoggI46AdSAnVzWARoRogBAZgBMbgBGcgBD9gBAegBAYgCAagCA7gCmuTXvAbAAgHSAiQ3NGM3OTk4Ni0yY2UyLTQ1NGYtOGQwZS1lZTU4ZTdhMDAwZTHYAgXgAgE&sid=735f077cb553f5b5fb1805efac5f4fa0&aid=304142&ucfs=1&arphpl=1&checkin=2025-04-01&checkout=2025-04-08&dest_id=-372490&dest_type=city&group_adults=2&req_adults=2&no_rooms=1&group_children=0&req_children=0&hpos=22&hapos=72&sr_order=popularity&srpvid=52a43c0f4b5000e9&srepoch=1737880366&all_sr_blocks=9098503_377897952_0_2_0_368635&highlighted_blocks=9098503_377897952_0_2_0_368635&matching_block_id=9098503_377897952_0_2_0_368635&sr_pri_blocks=9098503_377897952_0_2_0_368635_131700&from_sustainable_property_sr=1&from=searchresults
Hotel Balmoral,"Sarrià-St. Gervasi, Barcelona",https://www.booking.com/hotel/es/balmoral.html?label=gen173nr-1BCAEoggI46AdSAnVzWARoRogBAZgBMbgBGcgBD9gBAegBAYgCAagCA7gCmuTXvAbAAgHSAiQ3NGM3OTk4Ni0yY2UyLTQ1NGYtOGQwZS1lZTU4ZTdhMDAwZTHYAgXgAgE&sid=735f077cb553f5b5fb1805efac5f4fa0&aid=304142&ucfs=1&arphpl=1&checkin=2025-04-01&checkout=2025-04-08&dest_id=-372490&dest_type=city&group_adults=2&req_adults=2&no_rooms=1&group_children=0&req_children=0&hpos=23&hapos=73&sr_order=popularity&srpvid=52a43c0f4b5000e9&srepoch=1737880366&all_sr_blocks=9060310_359201674_0_2_0&highlighted_blocks=9060310_359201674_0_2_0&matching_block_id=9060310_359201674_0_2_0&sr_pri_blocks=9060310_359201674_0_2_0__130778&from_sustainable_property_sr=1&from=searchresults
Mesón Castilla Atiram Hotels,"Ciutat Vella, Barcelona",https://www.booking.com/hotel/es/atirammesoncastilla.html?label=gen173nr-1BCAEoggI46AdSAnVzWARoRogBAZgBMbgBGcgBD9gBAegBAYgCAagCA7gCmuTXvAbAAgHSAiQ3NGM3OTk4Ni0yY2UyLTQ1NGYtOGQwZS1lZTU4ZTdhMDAwZTHYAgXgAgE&sid=735f077cb553f5b5fb1805efac5f4fa0&aid=304142&ucfs=1&arphpl=1&checkin=2025-04-01&checkout=2025-04-08&dest_id=-372490&dest_type=city&group_adults=2&req_adults=2&no_rooms=1&group_children=0&req_children=0&hpos=24&hapos=74&sr_order=popularity&srpvid=52a43c0f4b5000e9&srepoch=1737880366&all_sr_blocks=9099407_88190366_0_2_0_672066&highlighted_blocks=9099407_88190366_0_2_0_672066&matching_block_id=9099407_88190366_0_2_0_672066&sr_pri_blocks=9099407_88190366_0_2_0_672066_112820&from=searchresults
The Moods Oasis,"Sarrià-St. Gervasi, Barcelona",https://www.booking.com/hotel/es/the-moods-oasis-barcelona.html?label=gen173nr-1BCAEoggI46AdSAnVzWARoRogBAZgBMbgBGcgBD9gBAegBAYgCAagCA7gCmuTXvAbAAgHSAiQ3NGM3OTk4Ni0yY2UyLTQ1NGYtOGQwZS1lZTU4ZTdhMDAwZTHYAgXgAgE&sid=735f077cb553f5b5fb1805efac5f4fa0&aid=304142&ucfs=1&arphpl=1&checkin=2025-04-01&checkout=2025-04-08&dest_id=-372490&dest_type=city&group_adults=2&req_adults=2&no_rooms=1&group_children=0&req_children=0&hpos=25&hapos=75&sr_order=popularity&srpvid=52a43c0f4b5000e9&srepoch=1737880366&all_sr_blocks=575403801_222118039_2_2_0&highlighted_blocks=575403801_222118039_2_2_0&matching_block_id=575403801_222118039_2_2_0&sr_pri_blocks=575403801_222118039_2_2_0__121700&from=searchresults
"Hotel Indigo Barcelona Plaza Espana, an IHG Hotel","Sants-Montjuïc, Barcelona",https://www.booking.com/hotel/es/hotel-indigo-barcelona-granvia-plaza-espana.html?label=gen173nr-1BCAEoggI46AdSAnVzWARoRogBAZgBMbgBGcgBD9gBAegBAYgCAagCA7gCmuTXvAbAAgHSAiQ3NGM3OTk4Ni0yY2UyLTQ1NGYtOGQwZS1lZTU4ZTdhMDAwZTHYAgXgAgE&sid=735f077cb553f5b5fb1805efac5f4fa0&aid=304142&ucfs=1&arphpl=1&checkin=2025-04-01&checkout=2025-04-08&dest_id=-372490&dest_type=city&group_adults=2&req_adults=2&no_rooms=1&group_children=0&req_children=0&hpos=1&hapos=76&sr_order=popularity&srpvid=52a43c0f4b5000e9&srepoch=1737880368&all_sr_blocks=9392315_88194437_2_2_0&highlighted_blocks=9392315_88194437_2_2_0&matching_block_id=9392315_88194437_2_2_0&sr_pri_blocks=9392315_88194437_2_2_0__148678&from_sustainable_property_sr=1&from=searchresults
Good-Home Paseo de Gracia,"Eixample, Barcelona",https://www.booking.com/hotel/es/good-home-paseo-de-gracia.html?label=gen173nr-1BCAEoggI46AdSAnVzWARoRogBAZgBMbgBGcgBD9gBAegBAYgCAagCA7gCmuTXvAbAAgHSAiQ3NGM3OTk4Ni0yY2UyLTQ1NGYtOGQwZS1lZTU4ZTdhMDAwZTHYAgXgAgE&sid=735f077cb553f5b5fb1805efac5f4fa0&aid=304142&ucfs=1&arphpl=1&checkin=2025-04-01&checkout=2025-04-08&dest_id=-372490&dest_type=city&group_adults=2&req_adults=2&no_rooms=1&group_children=0&req_children=0&hpos=2&hapos=77&sr_order=popularity&srpvid=52a43c0f4b5000e9&srepoch=1737880368&all_sr_blocks=109649001_265561142_2_1_0&highlighted_blocks=109649001_265561142_2_1_0&matching_block_id=109649001_265561142_2_1_0&sr_pri_blocks=109649001_265561142_2_1_0__129500&from=searchresults
Hostal Operaramblas,"Ciutat Vella, Barcelona",https://www.booking.com/hotel/es/hostal-opera.html?label=gen173nr-1BCAEoggI46AdSAnVzWARoRogBAZgBMbgBGcgBD9gBAegBAYgCAagCA7gCmuTXvAbAAgHSAiQ3NGM3OTk4Ni0yY2UyLTQ1NGYtOGQwZS1lZTU4ZTdhMDAwZTHYAgXgAgE&sid=735f077cb553f5b5fb1805efac5f4fa0&aid=304142&ucfs=1&arphpl=1&checkin=2025-04-01&checkout=2025-04-08&dest_id=-372490&dest_type=city&group_adults=2&req_adults=2&no_rooms=1&group_children=0&req_children=0&hpos=3&hapos=78&sr_order=popularity&srpvid=52a43c0f4b5000e9&srepoch=1737880368&all_sr_blocks=1947005_95144225_0_0_0&highlighted_blocks=1947005_95144225_0_0_0&matching_block_id=1947005_95144225_0_0_0&sr_pri_blocks=1947005_95144225_0_0_0__107482&from=searchresults
Som Nit Triomf,"Eixample, Barcelona",https://www.booking.com/hotel/es/hostal-dos-reinos.html?label=gen173nr-1BCAEoggI46AdSAnVzWARoRogBAZgBMbgBGcgBD9gBAegBAYgCAagCA7gCmuTXvAbAAgHSAiQ3NGM3OTk4Ni0yY2UyLTQ1NGYtOGQwZS1lZTU4ZTdhMDAwZTHYAgXgAgE&sid=735f077cb553f5b5fb1805efac5f4fa0&aid=304142&ucfs=1&arphpl=1&checkin=2025-04-01&checkout=2025-04-08&dest_id=-372490&dest_type=city&group_adults=2&req_adults=2&no_rooms=1&group_children=0&req_children=0&hpos=4&hapos=79&sr_order=popularity&srpvid=52a43c0f4b5000e9&srepoch=1737880368&all_sr_blocks=50582013_88501614_0_0_0&highlighted_blocks=50582013_88501614_0_0_0&matching_block_id=50582013_88501614_0_0_0&sr_pri_blocks=50582013_88501614_0_0_0__98732&from=searchresults
P2PAR1002 - Super Bright & New Apartment in the city center,"Sants-Montjuïc, Barcelona",https://www.booking.com/hotel/es/p2par255-super-bright-new-apartment-in-the-city-center.html?label=gen173nr-1BCAEoggI46AdSAnVzWARoRogBAZgBMbgBGcgBD9gBAegBAYgCAagCA7gCmuTXvAbAAgHSAiQ3NGM3OTk4Ni0yY2UyLTQ1NGYtOGQwZS1lZTU4ZTdhMDAwZTHYAgXgAgE&sid=735f077cb553f5b5fb1805efac5f4fa0&aid=304142&ucfs=1&arphpl=1&checkin=2025-04-01&checkout=2025-04-08&dest_id=-372490&dest_type=city&group_adults=2&req_adults=2&no_rooms=1&group_children=0&req_children=0&hpos=5&hapos=80&sr_order=popularity&srpvid=52a43c0f4b5000e9&srepoch=1737880368&all_sr_blocks=985834702_370984118_2_0_0&highlighted_blocks=985834702_370984118_2_0_0&matching_block_id=985834702_370984118_2_0_0&sr_pri_blocks=985834702_370984118_2_0_0__109466&from=searchresults
Hotel & Spa Villa Olimpica Suites,"Sant Martí, Barcelona",https://www.booking.com/hotel/es/spa-villa-olimpic-suites.html?label=gen173nr-1BCAEoggI46AdSAnVzWARoRogBAZgBMbgBGcgBD9gBAegBAYgCAagCA7gCmuTXvAbAAgHSAiQ3NGM3OTk4Ni0yY2UyLTQ1NGYtOGQwZS1lZTU4ZTdhMDAwZTHYAgXgAgE&sid=735f077cb553f5b5fb1805efac5f4fa0&aid=304142&ucfs=1&arphpl=1&checkin=2025-04-01&checkout=2025-04-08&dest_id=-372490&dest_type=city&group_adults=2&req_adults=2&no_rooms=1&group_children=0&req_children=0&hpos=6&hapos=81&sr_order=popularity&srpvid=52a43c0f4b5000e9&srepoch=1737880368&all_sr_blocks=4221208_398813415_0_34_0_540293&highlighted_blocks=4221208_398813415_0_34_0_540293&matching_block_id=4221208_398813415_0_34_0_540293&sr_pri_blocks=4221208_398813415_0_34_0_540293_133778&from=searchresults
Exe Plaza Catalunya,"Eixample, Barcelona",https://www.booking.com/hotel/es/exe-plaza-catalunya.html?label=gen173nr-1BCAEoggI46AdSAnVzWARoRogBAZgBMbgBGcgBD9gBAegBAYgCAagCA7gCmuTXvAbAAgHSAiQ3NGM3OTk4Ni0yY2UyLTQ1NGYtOGQwZS1lZTU4ZTdhMDAwZTHYAgXgAgE&sid=735f077cb553f5b5fb1805efac5f4fa0&aid=304142&ucfs=1&arphpl=1&checkin=2025-04-01&checkout=2025-04-08&dest_id=-372490&dest_type=city&group_adults=2&req_adults=2&no_rooms=1&group_children=0&req_children=0&hpos=7&hapos=82&sr_order=popularity&srpvid=52a43c0f4b5000e9&srepoch=1737880368&all_sr_blocks=391689102_122487241_2_2_0&highlighted_blocks=391689102_122487241_2_2_0&matching_block_id=391689102_122487241_2_2_0&sr_pri_blocks=391689102_122487241_2_2_0__158878&from_sustainable_property_sr=1&from=searchresults
Apart-Suites Hostemplo,"Eixample, Barcelona",https://www.booking.com/hotel/es/apartments-hostemplo-suites.html?label=gen173nr-1BCAEoggI46AdSAnVzWARoRogBAZgBMbgBGcgBD9gBAegBAYgCAagCA7gCmuTXvAbAAgHSAiQ3NGM3OTk4Ni0yY2UyLTQ1NGYtOGQwZS1lZTU4ZTdhMDAwZTHYAgXgAgE&sid=735f077cb553f5b5fb1805efac5f4fa0&aid=304142&ucfs=1&arphpl=1&checkin=2025-04-01&checkout=2025-04-08&dest_id=-372490&dest_type=city&group_adults=2&req_adults=2&no_rooms=1&group_children=0&req_children=0&hpos=8&hapos=83&sr_order=popularity&srpvid=52a43c0f4b5000e9&srepoch=1737880368&all_sr_blocks=25679808_91915647_2_2_0&highlighted_blocks=25679808_91915647_2_2_0&matching_block_id=25679808_91915647_2_2_0&sr_pri_blocks=25679808_91915647_2_2_0__132829&from=searchresults
Hotel Lloret Ramblas,"Ciutat Vella, Barcelona",https://www.booking.com/hotel/es/lloret.html?label=gen173nr-1BCAEoggI46AdSAnVzWARoRogBAZgBMbgBGcgBD9gBAegBAYgCAagCA7gCmuTXvAbAAgHSAiQ3NGM3OTk4Ni0yY2UyLTQ1NGYtOGQwZS1lZTU4ZTdhMDAwZTHYAgXgAgE&sid=735f077cb553f5b5fb1805efac5f4fa0&aid=304142&ucfs=1&arphpl=1&checkin=2025-04-01&checkout=2025-04-08&dest_id=-372490&dest_type=city&group_adults=2&req_adults=2&no_rooms=1&group_children=0&req_children=0&hpos=9&hapos=84&sr_order=popularity&srpvid=52a43c0f4b5000e9&srepoch=1737880368&all_sr_blocks=24455109_95197302_0_2_0&highlighted_blocks=24455109_95197302_0_2_0&matching_block_id=24455109_95197302_0_2_0&sr_pri_blocks=24455109_95197302_0_2_0__123035&from=searchresults
Feelathome Casa Bertrand,"Eixample, Barcelona",https://www.booking.com/hotel/es/feelathome-casa-bertrand.html?label=gen173nr-1BCAEoggI46AdSAnVzWARoRogBAZgBMbgBGcgBD9gBAegBAYgCAagCA7gCmuTXvAbAAgHSAiQ3NGM3OTk4Ni0yY2UyLTQ1NGYtOGQwZS1lZTU4ZTdhMDAwZTHYAgXgAgE&sid=735f077cb553f5b5fb1805efac5f4fa0&aid=304142&ucfs=1&arphpl=1&checkin=2025-04-01&checkout=2025-04-08&dest_id=-372490&dest_type=city&group_adults=2&req_adults=2&no_rooms=1&group_children=0&req_children=0&hpos=10&hapos=85&sr_order=popularity&srpvid=52a43c0f4b5000e9&srepoch=1737880368&all_sr_blocks=958815103_368452207_2_0_0&highlighted_blocks=958815103_368452207_2_0_0&matching_block_id=958815103_368452207_2_0_0&sr_pri_blocks=958815103_368452207_2_0_0__132902&from=searchresults
Ako Suites Hotel,"Eixample, Barcelona",https://www.booking.com/hotel/es/ako-suites.html?label=gen173nr-1BCAEoggI46AdSAnVzWARoRogBAZgBMbgBGcgBD9gBAegBAYgCAagCA7gCmuTXvAbAAgHSAiQ3NGM3OTk4Ni0yY2UyLTQ1NGYtOGQwZS1lZTU4ZTdhMDAwZTHYAgXgAgE&sid=735f077cb553f5b5fb1805efac5f4fa0&aid=304142&ucfs=1&arphpl=1&checkin=2025-04-01&checkout=2025-04-08&dest_id=-372490&dest_type=city&group_adults=2&req_adults=2&no_rooms=1&group_children=0&req_children=0&hpos=11&hapos=86&sr_order=popularity&srpvid=52a43c0f4b5000e9&srepoch=1737880368&all_sr_blocks=32198606_179923810_2_2_0&highlighted_blocks=32198606_179923810_2_2_0&matching_block_id=32198606_179923810_2_2_0&sr_pri_blocks=32198606_179923810_2_2_0__129990&from=searchresults
The Moods Catedral Hostal Boutique,"Ciutat Vella, Barcelona",https://www.booking.com/hotel/es/layetana.html?label=gen173nr-1BCAEoggI46AdSAnVzWARoRogBAZgBMbgBGcgBD9gBAegBAYgCAagCA7gCmuTXvAbAAgHSAiQ3NGM3OTk4Ni0yY2UyLTQ1NGYtOGQwZS1lZTU4ZTdhMDAwZTHYAgXgAgE&sid=735f077cb553f5b5fb1805efac5f4fa0&aid=304142&ucfs=1&arphpl=1&checkin=2025-04-01&checkout=2025-04-08&dest_id=-372490&dest_type=city&group_adults=2&req_adults=2&no_rooms=1&group_children=0&req_children=0&hpos=12&hapos=87&sr_order=popularity&srpvid=52a43c0f4b5000e9&srepoch=1737880368&all_sr_blocks=18946208_102108253_0_0_0&highlighted_blocks=18946208_102108253_0_0_0&matching_block_id=18946208_102108253_0_0_0&sr_pri_blocks=18946208_102108253_0_0_0__124700&from=searchresults
Leonardo Boutique Hotel Barcelona Sagrada Familia,"Sant Martí, Barcelona",https://www.booking.com/hotel/es/leonardo-boutique-hotel-barcelona-sagrada-familia.html?label=gen173nr-1BCAEoggI46AdSAnVzWARoRogBAZgBMbgBGcgBD9gBAegBAYgCAagCA7gCmuTXvAbAAgHSAiQ3NGM3OTk4Ni0yY2UyLTQ1NGYtOGQwZS1lZTU4ZTdhMDAwZTHYAgXgAgE&sid=735f077cb553f5b5fb1805efac5f4fa0&aid=304142&ucfs=1&arphpl=1&checkin=2025-04-01&checkout=2025-04-08&dest_id=-372490&dest_type=city&group_adults=2&req_adults=2&no_rooms=1&group_children=0&req_children=0&hpos=13&hapos=88&sr_order=popularity&srpvid=52a43c0f4b5000e9&srepoch=1737880368&all_sr_blocks=27707101_91470765_0_2_0&highlighted_blocks=27707101_91470765_0_2_0&matching_block_id=27707101_91470765_0_2_0&sr_pri_blocks=27707101_91470765_0_2_0__110570&from_sustainable_property_sr=1&from=searchresults
Hotel SERHS Del Port,"Ciutat Vella, Barcelona",https://www.booking.com/hotel/es/hotelserhsdelport.html?label=gen173nr-1BCAEoggI46AdSAnVzWARoRogBAZgBMbgBGcgBD9gBAegBAYgCAagCA7gCmuTXvAbAAgHSAiQ3NGM3OTk4Ni0yY2UyLTQ1NGYtOGQwZS1lZTU4ZTdhMDAwZTHYAgXgAgE&sid=735f077cb553f5b5fb1805efac5f4fa0&aid=304142&ucfs=1&arphpl=1&checkin=2025-04-01&checkout=2025-04-08&dest_id=-372490&dest_type=city&group_adults=2&req_adults=2&no_rooms=1&group_children=0&req_children=0&hpos=14&hapos=89&sr_order=popularity&srpvid=52a43c0f4b5000e9&srepoch=1737880368&all_sr_blocks=9181701_342262702_0_2_0_488891&highlighted_blocks=9181701_342262702_0_2_0_488891&matching_block_id=9181701_342262702_0_2_0_488891&sr_pri_blocks=9181701_342262702_0_2_0_488891_136488&from=searchresults
NH Barcelona Entenza,"Les Corts, Barcelona",https://www.booking.com/hotel/es/nh-barcelona-entenza.html?label=gen173nr-1BCAEoggI46AdSAnVzWARoRogBAZgBMbgBGcgBD9gBAegBAYgCAagCA7gCmuTXvAbAAgHSAiQ3NGM3OTk4Ni0yY2UyLTQ1NGYtOGQwZS1lZTU4ZTdhMDAwZTHYAgXgAgE&sid=735f077cb553f5b5fb1805efac5f4fa0&aid=304142&ucfs=1&arphpl=1&checkin=2025-04-01&checkout=2025-04-08&dest_id=-372490&dest_type=city&group_adults=2&req_adults=2&no_rooms=1&group_children=0&req_children=0&hpos=15&hapos=90&sr_order=popularity&srpvid=52a43c0f4b5000e9&srepoch=1737880368&all_sr_blocks=9077902_93709061_0_1_0&highlighted_blocks=9077902_93709061_0_1_0&matching_block_id=9077902_93709061_0_1_0&sr_pri_blocks=9077902_93709061_0_1_0__111161&from_sustainable_property_sr=1&from=searchresults
Ola Living MACBA,"Ciutat Vella, Barcelona",https://www.booking.com/hotel/es/dailyflats-raval.html?label=gen173nr-1BCAEoggI46AdSAnVzWARoRogBAZgBMbgBGcgBD9gBAegBAYgCAagCA7gCmuTXvAbAAgHSAiQ3NGM3OTk4Ni0yY2UyLTQ1NGYtOGQwZS1lZTU4ZTdhMDAwZTHYAgXgAgE&sid=735f077cb553f5b5fb1805efac5f4fa0&aid=304142&ucfs=1&arphpl=1&checkin=2025-04-01&checkout=2025-04-08&dest_id=-372490&dest_type=city&group_adults=2&req_adults=2&no_rooms=1&group_children=0&req_children=0&hpos=16&hapos=91&sr_order=popularity&srpvid=52a43c0f4b5000e9&srepoch=1737880368&all_sr_blocks=110854802_404381434_2_0_0&highlighted_blocks=110854802_404381434_2_0_0&matching_block_id=110854802_404381434_2_0_0&sr_pri_blocks=110854802_404381434_2_0_0__137003&from=searchresults
Hotel Santa Marta,"Ciutat Vella, Barcelona",https://www.booking.com/hotel/es/santa-marta.html?label=gen173nr-1BCAEoggI46AdSAnVzWARoRogBAZgBMbgBGcgBD9gBAegBAYgCAagCA7gCmuTXvAbAAgHSAiQ3NGM3OTk4Ni0yY2UyLTQ1NGYtOGQwZS1lZTU4ZTdhMDAwZTHYAgXgAgE&sid=735f077cb553f5b5fb1805efac5f4fa0&aid=304142&ucfs=1&arphpl=1&checkin=2025-04-01&checkout=2025-04-08&dest_id=-372490&dest_type=city&group_adults=2&req_adults=2&no_rooms=1&group_children=0&req_children=0&hpos=17&hapos=92&sr_order=popularity&srpvid=52a43c0f4b5000e9&srepoch=1737880368&all_sr_blocks=9435001_88195823_2_2_0_311517&highlighted_blocks=9435001_88195823_2_2_0_311517&matching_block_id=9435001_88195823_2_2_0_311517&sr_pri_blocks=9435001_88195823_2_2_0_311517_115673&from=searchresults
Praktik Bakery,"Eixample, Barcelona",https://www.booking.com/hotel/es/praktik-bakery.html?label=gen173nr-1BCAEoggI46AdSAnVzWARoRogBAZgBMbgBGcgBD9gBAegBAYgCAagCA7gCmuTXvAbAAgHSAiQ3NGM3OTk4Ni0yY2UyLTQ1NGYtOGQwZS1lZTU4ZTdhMDAwZTHYAgXgAgE&sid=735f077cb553f5b5fb1805efac5f4fa0&aid=304142&ucfs=1&arphpl=1&checkin=2025-04-01&checkout=2025-04-08&dest_id=-372490&dest_type=city&group_adults=2&req_adults=2&no_rooms=1&group_children=0&req_children=0&hpos=18&hapos=93&sr_order=popularity&srpvid=52a43c0f4b5000e9&srepoch=1737880368&all_sr_blocks=80778101_360578084_0_2_0&highlighted_blocks=80778101_360578084_0_2_0&matching_block_id=80778101_360578084_0_2_0&sr_pri_blocks=80778101_360578084_0_2_0__135100&from_sustainable_property_sr=1&from=searchresults
Sercotel Amister Art Hotel Barcelona,"Eixample, Barcelona",https://www.booking.com/hotel/es/amisterbarcelona.html?label=gen173nr-1BCAEoggI46AdSAnVzWARoRogBAZgBMbgBGcgBD9gBAegBAYgCAagCA7gCmuTXvAbAAgHSAiQ3NGM3OTk4Ni0yY2UyLTQ1NGYtOGQwZS1lZTU4ZTdhMDAwZTHYAgXgAgE&sid=735f077cb553f5b5fb1805efac5f4fa0&aid=304142&ucfs=1&arphpl=1&checkin=2025-04-01&checkout=2025-04-08&dest_id=-372490&dest_type=city&group_adults=2&req_adults=2&no_rooms=1&group_children=0&req_children=0&hpos=19&hapos=94&sr_order=popularity&srpvid=52a43c0f4b5000e9&srepoch=1737880368&all_sr_blocks=9110302_339017090_2_2_0&highlighted_blocks=9110302_339017090_2_2_0&matching_block_id=9110302_339017090_2_2_0&sr_pri_blocks=9110302_339017090_2_2_0__129353&from_sustainable_property_sr=1&from=searchresults
Ilunion Auditori,"Eixample, Barcelona",https://www.booking.com/hotel/es/confortel-auditori.html?label=gen173nr-1BCAEoggI46AdSAnVzWARoRogBAZgBMbgBGcgBD9gBAegBAYgCAagCA7gCmuTXvAbAAgHSAiQ3NGM3OTk4Ni0yY2UyLTQ1NGYtOGQwZS1lZTU4ZTdhMDAwZTHYAgXgAgE&sid=735f077cb553f5b5fb1805efac5f4fa0&aid=304142&ucfs=1&arphpl=1&checkin=2025-04-01&checkout=2025-04-08&dest_id=-372490&dest_type=city&group_adults=2&req_adults=2&no_rooms=1&group_children=0&req_children=0&hpos=20&hapos=95&sr_order=popularity&srpvid=52a43c0f4b5000e9&srepoch=1737880368&all_sr_blocks=9277401_391348216_0_2_0_311277&highlighted_blocks=9277401_391348216_0_2_0_311277&matching_block_id=9277401_391348216_0_2_0_311277&sr_pri_blocks=9277401_391348216_0_2_0_311277_117937&from=searchresults
Boutique Apartments 23 Barcelona,"Gràcia, Barcelona",https://www.booking.com/hotel/es/23-barcelona.html?label=gen173nr-1BCAEoggI46AdSAnVzWARoRogBAZgBMbgBGcgBD9gBAegBAYgCAagCA7gCmuTXvAbAAgHSAiQ3NGM3OTk4Ni0yY2UyLTQ1NGYtOGQwZS1lZTU4ZTdhMDAwZTHYAgXgAgE&sid=735f077cb553f5b5fb1805efac5f4fa0&aid=304142&ucfs=1&arphpl=1&checkin=2025-04-01&checkout=2025-04-08&dest_id=-372490&dest_type=city&group_adults=2&req_adults=2&no_rooms=1&group_children=0&req_children=0&hpos=21&hapos=96&sr_order=popularity&srpvid=52a43c0f4b5000e9&srepoch=1737880368&all_sr_blocks=802515304_382837064_2_0_0&highlighted_blocks=802515304_382837064_2_0_0&matching_block_id=802515304_382837064_2_0_0&sr_pri_blocks=802515304_382837064_2_0_0__153055&from=searchresults
Hotel Astoria,"Eixample, Barcelona",https://www.booking.com/hotel/es/astoriaderby333.html?label=gen173nr-1BCAEoggI46AdSAnVzWARoRogBAZgBMbgBGcgBD9gBAegBAYgCAagCA7gCmuTXvAbAAgHSAiQ3NGM3OTk4Ni0yY2UyLTQ1NGYtOGQwZS1lZTU4ZTdhMDAwZTHYAgXgAgE&sid=735f077cb553f5b5fb1805efac5f4fa0&aid=304142&ucfs=1&arphpl=1&checkin=2025-04-01&checkout=2025-04-08&dest_id=-372490&dest_type=city&group_adults=2&req_adults=2&no_rooms=1&group_children=0&req_children=0&hpos=22&hapos=97&sr_order=popularity&srpvid=52a43c0f4b5000e9&srepoch=1737880368&all_sr_blocks=9003602_88181288_0_2_0&highlighted_blocks=9003602_88181288_0_2_0&matching_block_id=9003602_88181288_0_2_0&sr_pri_blocks=9003602_88181288_0_2_0__131900&from=searchresults
Hotel Best Auto Hogar,"Ciutat Vella, Barcelona",https://www.booking.com/hotel/es/autohogar.html?label=gen173nr-1BCAEoggI46AdSAnVzWARoRogBAZgBMbgBGcgBD9gBAegBAYgCAagCA7gCmuTXvAbAAgHSAiQ3NGM3OTk4Ni0yY2UyLTQ1NGYtOGQwZS1lZTU4ZTdhMDAwZTHYAgXgAgE&sid=735f077cb553f5b5fb1805efac5f4fa0&aid=304142&ucfs=1&arphpl=1&checkin=2025-04-01&checkout=2025-04-08&dest_id=-372490&dest_type=city&group_adults=2&req_adults=2&no_rooms=1&group_children=0&req_children=0&hpos=23&hapos=98&sr_order=popularity&srpvid=52a43c0f4b5000e9&srepoch=1737880368&all_sr_blocks=9119905_88190736_0_2_0_342051&highlighted_blocks=9119905_88190736_0_2_0_342051&matching_block_id=9119905_88190736_0_2_0_342051&sr_pri_blocks=9119905_88190736_0_2_0_342051_113842&from_sustainable_property_sr=1&from=searchresults
Ramblas Hotel,"Ciutat Vella, Barcelona",https://www.booking.com/hotel/es/ramblashotel.html?label=gen173nr-1BCAEoggI46AdSAnVzWARoRogBAZgBMbgBGcgBD9gBAegBAYgCAagCA7gCmuTXvAbAAgHSAiQ3NGM3OTk4Ni0yY2UyLTQ1NGYtOGQwZS1lZTU4ZTdhMDAwZTHYAgXgAgE&sid=735f077cb553f5b5fb1805efac5f4fa0&aid=304142&ucfs=1&arphpl=1&checkin=2025-04-01&checkout=2025-04-08&dest_id=-372490&dest_type=city&group_adults=2&req_adults=2&no_rooms=1&group_children=0&req_children=0&hpos=24&hapos=99&sr_order=popularity&srpvid=52a43c0f4b5000e9&srepoch=1737880368&all_sr_blocks=9283702_88193054_0_1_0&highlighted_blocks=9283702_88193054_0_1_0&matching_block_id=9283702_88193054_0_1_0&sr_pri_blocks=9283702_88193054_0_1_0__123003&from=searchresults
Palau de la música 4,"Ciutat Vella, Barcelona",https://www.booking.com/hotel/es/palau-de-la-musica-4.html?label=gen173nr-1BCAEoggI46AdSAnVzWARoRogBAZgBMbgBGcgBD9gBAegBAYgCAagCA7gCmuTXvAbAAgHSAiQ3NGM3OTk4Ni0yY2UyLTQ1NGYtOGQwZS1lZTU4ZTdhMDAwZTHYAgXgAgE&sid=735f077cb553f5b5fb1805efac5f4fa0&aid=304142&ucfs=1&arphpl=1&checkin=2025-04-01&checkout=2025-04-08&dest_id=-372490&dest_type=city&group_adults=2&req_adults=2&no_rooms=1&group_children=0&req_children=0&hpos=25&hapos=100&sr_order=popularity&srpvid=52a43c0f4b5000e9&srepoch=1737880368&all_sr_blocks=1240843401_396016214_2_0_0&highlighted_blocks=1240843401_396016214_2_0_0&matching_block_id=1240843401_396016214_2_0_0&sr_pri_blocks=1240843401_396016214_2_0_0__113457&from=searchresults
NH Barcelona Eixample,"Eixample, Barcelona",https://www.booking.com/hotel/es/nh-barcelonaeixample.html?label=gen173nr-1BCAEoggI46AdSAnVzWARoRogBAZgBMbgBGcgBD9gBAegBAYgCAagCA7gCmuTXvAbAAgHSAiQ3NGM3OTk4Ni0yY2UyLTQ1NGYtOGQwZS1lZTU4ZTdhMDAwZTHYAgXgAgE&sid=735f077cb553f5b5fb1805efac5f4fa0&aid=304142&ucfs=1&arphpl=1&checkin=2025-04-01&checkout=2025-04-08&dest_id=-372490&dest_type=city&group_adults=2&req_adults=2&no_rooms=1&group_children=0&req_children=0&hpos=1&hapos=101&sr_order=popularity&srpvid=52a43c0f4b5000e9&srepoch=1737880369&all_sr_blocks=9076302_93709028_0_2_0&highlighted_blocks=9076302_93709028_0_2_0&matching_block_id=9076302_93709028_0_2_0&sr_pri_blocks=9076302_93709028_0_2_0__123103&from_sustainable_property_sr=1&from=searchresults
Inside Barcelona Apartments Sants,"Sants-Montjuïc, Barcelona",https://www.booking.com/hotel/es/inside-bcn-apartments-sants.html?label=gen173nr-1BCAEoggI46AdSAnVzWARoRogBAZgBMbgBGcgBD9gBAegBAYgCAagCA7gCmuTXvAbAAgHSAiQ3NGM3OTk4Ni0yY2UyLTQ1NGYtOGQwZS1lZTU4ZTdhMDAwZTHYAgXgAgE&sid=735f077cb553f5b5fb1805efac5f4fa0&aid=304142&ucfs=1&arphpl=1&checkin=2025-04-01&checkout=2025-04-08&dest_id=-372490&dest_type=city&group_adults=2&req_adults=2&no_rooms=1&group_children=0&req_children=0&hpos=2&hapos=102&sr_order=popularity&srpvid=52a43c0f4b5000e9&srepoch=1737880369&all_sr_blocks=18956401_88203749_2_0_0&highlighted_blocks=18956401_88203749_2_0_0&matching_block_id=18956401_88203749_2_0_0&sr_pri_blocks=18956401_88203749_2_0_0__114464&from=searchresults
Hotel Suizo,"Ciutat Vella, Barcelona",https://www.booking.com/hotel/es/suizo.html?label=gen173nr-1BCAEoggI46AdSAnVzWARoRogBAZgBMbgBGcgBD9gBAegBAYgCAagCA7gCmuTXvAbAAgHSAiQ3NGM3OTk4Ni0yY2UyLTQ1NGYtOGQwZS1lZTU4ZTdhMDAwZTHYAgXgAgE&sid=735f077cb553f5b5fb1805efac5f4fa0&aid=304142&ucfs=1&arphpl=1&checkin=2025-04-01&checkout=2025-04-08&dest_id=-372490&dest_type=city&group_adults=2&req_adults=2&no_rooms=1&group_children=0&req_children=0&hpos=3&hapos=103&sr_order=popularity&srpvid=52a43c0f4b5000e9&srepoch=1737880369&all_sr_blocks=9265601_88192810_2_2_0_311528&highlighted_blocks=9265601_88192810_2_2_0_311528&matching_block_id=9265601_88192810_2_2_0_311528&sr_pri_blocks=9265601_88192810_2_2_0_311528_128321&from=searchresults
Hotel Viladomat,"Eixample, Barcelona",https://www.booking.com/hotel/es/hotel-viladomat.html?label=gen173nr-1BCAEoggI46AdSAnVzWARoRogBAZgBMbgBGcgBD9gBAegBAYgCAagCA7gCmuTXvAbAAgHSAiQ3NGM3OTk4Ni0yY2UyLTQ1NGYtOGQwZS1lZTU4ZTdhMDAwZTHYAgXgAgE&sid=735f077cb553f5b5fb1805efac5f4fa0&aid=304142&ucfs=1&arphpl=1&checkin=2025-04-01&checkout=2025-04-08&dest_id=-372490&dest_type=city&group_adults=2&req_adults=2&no_rooms=1&group_children=0&req_children=0&hpos=4&hapos=104&sr_order=popularity&srpvid=52a43c0f4b5000e9&srepoch=1737880369&all_sr_blocks=9046608_363292531_2_2_0&highlighted_blocks=9046608_363292531_2_2_0&matching_block_id=9046608_363292531_2_2_0&sr_pri_blocks=9046608_363292531_2_2_0__166200&from=searchresults
Aparthotel Bcn Montjuic,"Sants-Montjuïc, Barcelona",https://www.booking.com/hotel/es/bcn-montjuic.html?label=gen173nr-1BCAEoggI46AdSAnVzWARoRogBAZgBMbgBGcgBD9gBAegBAYgCAagCA7gCmuTXvAbAAgHSAiQ3NGM3OTk4Ni0yY2UyLTQ1NGYtOGQwZS1lZTU4ZTdhMDAwZTHYAgXgAgE&sid=735f077cb553f5b5fb1805efac5f4fa0&aid=304142&ucfs=1&arphpl=1&checkin=2025-04-01&checkout=2025-04-08&dest_id=-372490&dest_type=city&group_adults=2&req_adults=2&no_rooms=1&group_children=0&req_children=0&hpos=5&hapos=105&sr_order=popularity&srpvid=52a43c0f4b5000e9&srepoch=1737880369&all_sr_blocks=9458125_88196208_0_2_0&highlighted_blocks=9458125_88196208_0_2_0&matching_block_id=9458125_88196208_0_2_0&sr_pri_blocks=9458125_88196208_0_2_0__124790&from_sustainable_property_sr=1&from=searchresults
Praktik Garden,"Eixample, Barcelona",https://www.booking.com/hotel/es/the-praktik.html?label=gen173nr-1BCAEoggI46AdSAnVzWARoRogBAZgBMbgBGcgBD9gBAegBAYgCAagCA7gCmuTXvAbAAgHSAiQ3NGM3OTk4Ni0yY2UyLTQ1NGYtOGQwZS1lZTU4ZTdhMDAwZTHYAgXgAgE&sid=735f077cb553f5b5fb1805efac5f4fa0&aid=304142&ucfs=1&arphpl=1&checkin=2025-04-01&checkout=2025-04-08&dest_id=-372490&dest_type=city&group_adults=2&req_adults=2&no_rooms=1&group_children=0&req_children=0&hpos=6&hapos=106&sr_order=popularity&srpvid=52a43c0f4b5000e9&srepoch=1737880369&all_sr_blocks=9450115_351632806_0_0_0&highlighted_blocks=9450115_351632806_0_0_0&matching_block_id=9450115_351632806_0_0_0&sr_pri_blocks=9450115_351632806_0_0_0__121600&from_sustainable_property_sr=1&from=searchresults
Room Mate Pau,"Eixample, Barcelona",https://www.booking.com/hotel/es/room-mate-pau.html?label=gen173nr-1BCAEoggI46AdSAnVzWARoRogBAZgBMbgBGcgBD9gBAegBAYgCAagCA7gCmuTXvAbAAgHSAiQ3NGM3OTk4Ni0yY2UyLTQ1NGYtOGQwZS1lZTU4ZTdhMDAwZTHYAgXgAgE&sid=735f077cb553f5b5fb1805efac5f4fa0&aid=304142&ucfs=1&arphpl=1&checkin=2025-04-01&checkout=2025-04-08&dest_id=-372490&dest_type=city&group_adults=2&req_adults=2&no_rooms=1&group_children=0&req_children=0&hpos=7&hapos=107&sr_order=popularity&srpvid=52a43c0f4b5000e9&srepoch=1737880369&all_sr_blocks=40157001_88209096_0_2_0_311183&highlighted_blocks=40157001_88209096_0_2_0_311183&matching_block_id=40157001_88209096_0_2_0_311183&sr_pri_blocks=40157001_88209096_0_2_0_311183_166540&from=searchresults
Hostal Radio Barcelona,"Ciutat Vella, Barcelona",https://www.booking.com/hotel/es/hostal-radio.html?label=gen173nr-1BCAEoggI46AdSAnVzWARoRogBAZgBMbgBGcgBD9gBAegBAYgCAagCA7gCmuTXvAbAAgHSAiQ3NGM3OTk4Ni0yY2UyLTQ1NGYtOGQwZS1lZTU4ZTdhMDAwZTHYAgXgAgE&sid=735f077cb553f5b5fb1805efac5f4fa0&aid=304142&ucfs=1&arphpl=1&checkin=2025-04-01&checkout=2025-04-08&dest_id=-372490&dest_type=city&group_adults=2&req_adults=2&no_rooms=1&group_children=0&req_children=0&hpos=8&hapos=108&sr_order=popularity&srpvid=52a43c0f4b5000e9&srepoch=1737880369&all_sr_blocks=31133301_296996182_2_0_0&highlighted_blocks=31133301_296996182_2_0_0&matching_block_id=31133301_296996182_2_0_0&sr_pri_blocks=31133301_296996182_2_0_0__97257&from=searchresults
NH Collection Barcelona Constanza,"Les Corts, Barcelona",https://www.booking.com/hotel/es/nh-constanza.html?label=gen173nr-1BCAEoggI46AdSAnVzWARoRogBAZgBMbgBGcgBD9gBAegBAYgCAagCA7gCmuTXvAbAAgHSAiQ3NGM3OTk4Ni0yY2UyLTQ1NGYtOGQwZS1lZTU4ZTdhMDAwZTHYAgXgAgE&sid=735f077cb553f5b5fb1805efac5f4fa0&aid=304142&ucfs=1&arphpl=1&checkin=2025-04-01&checkout=2025-04-08&dest_id=-372490&dest_type=city&group_adults=2&req_adults=2&no_rooms=1&group_children=0&req_children=0&hpos=9&hapos=109&sr_order=popularity&srpvid=52a43c0f4b5000e9&srepoch=1737880369&all_sr_blocks=9385410_93709751_0_2_0&highlighted_blocks=9385410_93709751_0_2_0&matching_block_id=9385410_93709751_0_2_0&sr_pri_blocks=9385410_93709751_0_2_0__124983&from_sustainable_property_sr=1&from=searchresults
Niu Barcelona Hotel,"Ciutat Vella, Barcelona",https://www.booking.com/hotel/es/niu-barcelona.html?label=gen173nr-1BCAEoggI46AdSAnVzWARoRogBAZgBMbgBGcgBD9gBAegBAYgCAagCA7gCmuTXvAbAAgHSAiQ3NGM3OTk4Ni0yY2UyLTQ1NGYtOGQwZS1lZTU4ZTdhMDAwZTHYAgXgAgE&sid=735f077cb553f5b5fb1805efac5f4fa0&aid=304142&ucfs=1&arphpl=1&checkin=2025-04-01&checkout=2025-04-08&dest_id=-372490&dest_type=city&group_adults=2&req_adults=2&no_rooms=1&group_children=0&req_children=0&hpos=10&hapos=110&sr_order=popularity&srpvid=52a43c0f4b5000e9&srepoch=1737880369&all_sr_blocks=219686401_97786632_0_2_0&highlighted_blocks=219686401_97786632_0_2_0&matching_block_id=219686401_97786632_0_2_0&sr_pri_blocks=219686401_97786632_0_2_0__112460&from=searchresults
Som Nit Born,"Ciutat Vella, Barcelona",https://www.booking.com/hotel/es/som-nit-born.html?label=gen173nr-1BCAEoggI46AdSAnVzWARoRogBAZgBMbgBGcgBD9gBAegBAYgCAagCA7gCmuTXvAbAAgHSAiQ3NGM3OTk4Ni0yY2UyLTQ1NGYtOGQwZS1lZTU4ZTdhMDAwZTHYAgXgAgE&sid=735f077cb553f5b5fb1805efac5f4fa0&aid=304142&ucfs=1&arphpl=1&checkin=2025-04-01&checkout=2025-04-08&dest_id=-372490&dest_type=city&group_adults=2&req_adults=2&no_rooms=1&group_children=0&req_children=0&hpos=11&hapos=111&sr_order=popularity&srpvid=52a43c0f4b5000e9&srepoch=1737880369&all_sr_blocks=62411108_88503371_0_0_0&highlighted_blocks=62411108_88503371_0_0_0&matching_block_id=62411108_88503371_0_0_0&sr_pri_blocks=62411108_88503371_0_0_0__106512&from=searchresults
Cram Hotel,"Eixample, Barcelona",https://www.booking.com/hotel/es/crambarcelona.html?label=gen173nr-1BCAEoggI46AdSAnVzWARoRogBAZgBMbgBGcgBD9gBAegBAYgCAagCA7gCmuTXvAbAAgHSAiQ3NGM3OTk4Ni0yY2UyLTQ1NGYtOGQwZS1lZTU4ZTdhMDAwZTHYAgXgAgE&sid=735f077cb553f5b5fb1805efac5f4fa0&aid=304142&ucfs=1&arphpl=1&checkin=2025-04-01&checkout=2025-04-08&dest_id=-372490&dest_type=city&group_adults=2&req_adults=2&no_rooms=1&group_children=0&req_children=0&hpos=12&hapos=112&sr_order=popularity&srpvid=52a43c0f4b5000e9&srepoch=1737880369&all_sr_blocks=9122601_389642147_2_2_0&highlighted_blocks=9122601_389642147_2_2_0&matching_block_id=9122601_389642147_2_2_0&sr_pri_blocks=9122601_389642147_2_2_0__153178&from=searchresults
Gran Hotel Havana 4Sup by Escampa Hotels,"Eixample, Barcelona",https://www.booking.com/hotel/es/silkengranhotelhavana.html?label=gen173nr-1BCAEoggI46AdSAnVzWARoRogBAZgBMbgBGcgBD9gBAegBAYgCAagCA7gCmuTXvAbAAgHSAiQ3NGM3OTk4Ni0yY2UyLTQ1NGYtOGQwZS1lZTU4ZTdhMDAwZTHYAgXgAgE&sid=735f077cb553f5b5fb1805efac5f4fa0&aid=304142&ucfs=1&arphpl=1&checkin=2025-04-01&checkout=2025-04-08&dest_id=-372490&dest_type=city&group_adults=2&req_adults=2&no_rooms=1&group_children=0&req_children=0&hpos=13&hapos=113&sr_order=popularity&srpvid=52a43c0f4b5000e9&srepoch=1737880369&all_sr_blocks=9163502_97725377_0_42_0_348630&highlighted_blocks=9163502_97725377_0_42_0_348630&matching_block_id=9163502_97725377_0_42_0_348630&sr_pri_blocks=9163502_97725377_0_42_0_348630_171778&from_sustainable_property_sr=1&from=searchresults
Serennia Exclusive Rooms,"Eixample, Barcelona",https://www.booking.com/hotel/es/serennia-exclusive-rooms-ramblas.html?label=gen173nr-1BCAEoggI46AdSAnVzWARoRogBAZgBMbgBGcgBD9gBAegBAYgCAagCA7gCmuTXvAbAAgHSAiQ3NGM3OTk4Ni0yY2UyLTQ1NGYtOGQwZS1lZTU4ZTdhMDAwZTHYAgXgAgE&sid=735f077cb553f5b5fb1805efac5f4fa0&aid=304142&ucfs=1&arphpl=1&checkin=2025-04-01&checkout=2025-04-08&dest_id=-372490&dest_type=city&group_adults=2&req_adults=2&no_rooms=1&group_children=0&req_children=0&hpos=14&hapos=114&sr_order=popularity&srpvid=52a43c0f4b5000e9&srepoch=1737880369&all_sr_blocks=140047405_310979682_2_0_0&highlighted_blocks=140047405_310979682_2_0_0&matching_block_id=140047405_310979682_2_0_0&sr_pri_blocks=140047405_310979682_2_0_0__132370&from=searchresults
Magatzem 128,"Eixample, Barcelona",https://www.booking.com/hotel/es/b-amp-b-magatzem-128.html?label=gen173nr-1BCAEoggI46AdSAnVzWARoRogBAZgBMbgBGcgBD9gBAegBAYgCAagCA7gCmuTXvAbAAgHSAiQ3NGM3OTk4Ni0yY2UyLTQ1NGYtOGQwZS1lZTU4ZTdhMDAwZTHYAgXgAgE&sid=735f077cb553f5b5fb1805efac5f4fa0&aid=304142&ucfs=1&arphpl=1&checkin=2025-04-01&checkout=2025-04-08&dest_id=-372490&dest_type=city&group_adults=2&req_adults=2&no_rooms=1&group_children=0&req_children=0&hpos=15&hapos=115&sr_order=popularity&srpvid=52a43c0f4b5000e9&srepoch=1737880369&all_sr_blocks=170623805_402007213_0_0_0&highlighted_blocks=170623805_402007213_0_0_0&matching_block_id=170623805_402007213_0_0_0&sr_pri_blocks=170623805_402007213_0_0_0__146300&from=searchresults
Leonardo Hotel Barcelona Gran Via,"Eixample, Barcelona",https://www.booking.com/hotel/es/leonardo-hotel-barcelona-gran-via.html?label=gen173nr-1BCAEoggI46AdSAnVzWARoRogBAZgBMbgBGcgBD9gBAegBAYgCAagCA7gCmuTXvAbAAgHSAiQ3NGM3OTk4Ni0yY2UyLTQ1NGYtOGQwZS1lZTU4ZTdhMDAwZTHYAgXgAgE&sid=735f077cb553f5b5fb1805efac5f4fa0&aid=304142&ucfs=1&arphpl=1&checkin=2025-04-01&checkout=2025-04-08&dest_id=-372490&dest_type=city&group_adults=2&req_adults=2&no_rooms=1&group_children=0&req_children=0&hpos=16&hapos=116&sr_order=popularity&srpvid=52a43c0f4b5000e9&srepoch=1737880369&all_sr_blocks=9115414_88190628_0_2_0&highlighted_blocks=9115414_88190628_0_2_0&matching_block_id=9115414_88190628_0_2_0&sr_pri_blocks=9115414_88190628_0_2_0__134870&from_sustainable_property_sr=1&from=searchresults
Hotel Arconte,"Eixample, Barcelona",https://www.booking.com/hotel/es/the-mirror-barcelona.html?label=gen173nr-1BCAEoggI46AdSAnVzWARoRogBAZgBMbgBGcgBD9gBAegBAYgCAagCA7gCmuTXvAbAAgHSAiQ3NGM3OTk4Ni0yY2UyLTQ1NGYtOGQwZS1lZTU4ZTdhMDAwZTHYAgXgAgE&sid=735f077cb553f5b5fb1805efac5f4fa0&aid=304142&ucfs=1&arphpl=1&checkin=2025-04-01&checkout=2025-04-08&dest_id=-372490&dest_type=city&group_adults=2&req_adults=2&no_rooms=1&group_children=0&req_children=0&hpos=17&hapos=117&sr_order=popularity&srpvid=52a43c0f4b5000e9&srepoch=1737880369&all_sr_blocks=27664004_389642105_0_2_0&highlighted_blocks=27664004_389642105_0_2_0&matching_block_id=27664004_389642105_0_2_0&sr_pri_blocks=27664004_389642105_0_2_0__136778&from=searchresults
Hotel Rec Barcelona - Adults Only,"Ciutat Vella, Barcelona",https://www.booking.com/hotel/es/rec-barcelona.html?label=gen173nr-1BCAEoggI46AdSAnVzWARoRogBAZgBMbgBGcgBD9gBAegBAYgCAagCA7gCmuTXvAbAAgHSAiQ3NGM3OTk4Ni0yY2UyLTQ1NGYtOGQwZS1lZTU4ZTdhMDAwZTHYAgXgAgE&sid=735f077cb553f5b5fb1805efac5f4fa0&aid=304142&ucfs=1&arphpl=1&checkin=2025-04-01&checkout=2025-04-08&dest_id=-372490&dest_type=city&group_adults=2&req_adults=2&no_rooms=1&group_children=0&req_children=0&hpos=18&hapos=118&sr_order=popularity&srpvid=52a43c0f4b5000e9&srepoch=1737880369&all_sr_blocks=286132801_108085029_0_2_0&highlighted_blocks=286132801_108085029_0_2_0&matching_block_id=286132801_108085029_0_2_0&sr_pri_blocks=286132801_108085029_0_2_0__132188&from_sustainable_property_sr=1&from=searchresults
Aparthotel Augusta,"Sarrià-St. Gervasi, Barcelona",https://www.booking.com/hotel/es/aparthotel-augusta-barcelona.html?label=gen173nr-1BCAEoggI46AdSAnVzWARoRogBAZgBMbgBGcgBD9gBAegBAYgCAagCA7gCmuTXvAbAAgHSAiQ3NGM3OTk4Ni0yY2UyLTQ1NGYtOGQwZS1lZTU4ZTdhMDAwZTHYAgXgAgE&sid=735f077cb553f5b5fb1805efac5f4fa0&aid=304142&ucfs=1&arphpl=1&checkin=2025-04-01&checkout=2025-04-08&dest_id=-372490&dest_type=city&group_adults=2&req_adults=2&no_rooms=1&group_children=0&req_children=0&hpos=19&hapos=119&sr_order=popularity&srpvid=52a43c0f4b5000e9&srepoch=1737880369&all_sr_blocks=9777301_265520377_2_2_0&highlighted_blocks=9777301_265520377_2_2_0&matching_block_id=9777301_265520377_2_2_0&sr_pri_blocks=9777301_265520377_2_2_0__129759&from=searchresults
Catalonia Born,"Ciutat Vella, Barcelona",https://www.booking.com/hotel/es/cataloniaborn.html?label=gen173nr-1BCAEoggI46AdSAnVzWARoRogBAZgBMbgBGcgBD9gBAegBAYgCAagCA7gCmuTXvAbAAgHSAiQ3NGM3OTk4Ni0yY2UyLTQ1NGYtOGQwZS1lZTU4ZTdhMDAwZTHYAgXgAgE&sid=735f077cb553f5b5fb1805efac5f4fa0&aid=304142&ucfs=1&arphpl=1&checkin=2025-04-01&checkout=2025-04-08&dest_id=-372490&dest_type=city&group_adults=2&req_adults=2&no_rooms=1&group_children=0&req_children=0&hpos=20&hapos=120&sr_order=popularity&srpvid=52a43c0f4b5000e9&srepoch=1737880369&all_sr_blocks=9058609_194604655_0_2_0&highlighted_blocks=9058609_194604655_0_2_0&matching_block_id=9058609_194604655_0_2_0&sr_pri_blocks=9058609_194604655_0_2_0__152778&from_sustainable_property_sr=1&from=searchresults
Catalonia Plaza Catalunya,"Eixample, Barcelona",https://www.booking.com/hotel/es/cataloniaduques.html?label=gen173nr-1BCAEoggI46AdSAnVzWARoRogBAZgBMbgBGcgBD9gBAegBAYgCAagCA7gCmuTXvAbAAgHSAiQ3NGM3OTk4Ni0yY2UyLTQ1NGYtOGQwZS1lZTU4ZTdhMDAwZTHYAgXgAgE&sid=735f077cb553f5b5fb1805efac5f4fa0&aid=304142&ucfs=1&arphpl=1&checkin=2025-04-01&checkout=2025-04-08&dest_id=-372490&dest_type=city&group_adults=2&req_adults=2&no_rooms=1&group_children=0&req_children=0&hpos=21&hapos=121&sr_order=popularity&srpvid=52a43c0f4b5000e9&srepoch=1737880369&all_sr_blocks=9058022_247465746_0_42_0&highlighted_blocks=9058022_247465746_0_42_0&matching_block_id=9058022_247465746_0_42_0&sr_pri_blocks=9058022_247465746_0_42_0__180278&from_sustainable_property_sr=1&from=searchresults
Hotel Pulitzer Barcelona,"Eixample, Barcelona",https://www.booking.com/hotel/es/hotelpulitzer.html?label=gen173nr-1BCAEoggI46AdSAnVzWARoRogBAZgBMbgBGcgBD9gBAegBAYgCAagCA7gCmuTXvAbAAgHSAiQ3NGM3OTk4Ni0yY2UyLTQ1NGYtOGQwZS1lZTU4ZTdhMDAwZTHYAgXgAgE&sid=735f077cb553f5b5fb1805efac5f4fa0&aid=304142&ucfs=1&arphpl=1&checkin=2025-04-01&checkout=2025-04-08&dest_id=-372490&dest_type=city&group_adults=2&req_adults=2&no_rooms=1&group_children=0&req_children=0&hpos=22&hapos=122&sr_order=popularity&srpvid=52a43c0f4b5000e9&srepoch=1737880369&all_sr_blocks=9175901_88191734_2_2_0&highlighted_blocks=9175901_88191734_2_2_0&matching_block_id=9175901_88191734_2_2_0&sr_pri_blocks=9175901_88191734_2_2_0__183648&from_sustainable_property_sr=1&from=searchresults
SERHS Carlit Boutique Hotel,"Eixample, Barcelona",https://www.booking.com/hotel/es/carlit.html?label=gen173nr-1BCAEoggI46AdSAnVzWARoRogBAZgBMbgBGcgBD9gBAegBAYgCAagCA7gCmuTXvAbAAgHSAiQ3NGM3OTk4Ni0yY2UyLTQ1NGYtOGQwZS1lZTU4ZTdhMDAwZTHYAgXgAgE&sid=735f077cb553f5b5fb1805efac5f4fa0&aid=304142&ucfs=1&arphpl=1&checkin=2025-04-01&checkout=2025-04-08&dest_id=-372490&dest_type=city&group_adults=2&req_adults=2&no_rooms=1&group_children=0&req_children=0&hpos=23&hapos=123&sr_order=popularity&srpvid=52a43c0f4b5000e9&srepoch=1737880369&all_sr_blocks=44646402_337661523_0_2_0_488885&highlighted_blocks=44646402_337661523_0_2_0_488885&matching_block_id=44646402_337661523_0_2_0_488885&sr_pri_blocks=44646402_337661523_0_2_0_488885_154665&from=searchresults
Atenea Rekord Suites,"Sarrià-St. Gervasi, Barcelona",https://www.booking.com/hotel/es/hrekord.html?label=gen173nr-1BCAEoggI46AdSAnVzWARoRogBAZgBMbgBGcgBD9gBAegBAYgCAagCA7gCmuTXvAbAAgHSAiQ3NGM3OTk4Ni0yY2UyLTQ1NGYtOGQwZS1lZTU4ZTdhMDAwZTHYAgXgAgE&sid=735f077cb553f5b5fb1805efac5f4fa0&aid=304142&ucfs=1&arphpl=1&checkin=2025-04-01&checkout=2025-04-08&dest_id=-372490&dest_type=city&group_adults=2&req_adults=2&no_rooms=1&group_children=0&req_children=0&hpos=24&hapos=124&sr_order=popularity&srpvid=52a43c0f4b5000e9&srepoch=1737880369&all_sr_blocks=9055404_95125342_0_2_0_376139&highlighted_blocks=9055404_95125342_0_2_0_376139&matching_block_id=9055404_95125342_0_2_0_376139&sr_pri_blocks=9055404_95125342_0_2_0_376139_132528&from=searchresults
Acevi Villarroel,"Eixample, Barcelona",https://www.booking.com/hotel/es/acevivillarroel.html?label=gen173nr-1BCAEoggI46AdSAnVzWARoRogBAZgBMbgBGcgBD9gBAegBAYgCAagCA7gCmuTXvAbAAgHSAiQ3NGM3OTk4Ni0yY2UyLTQ1NGYtOGQwZS1lZTU4ZTdhMDAwZTHYAgXgAgE&sid=735f077cb553f5b5fb1805efac5f4fa0&aid=304142&ucfs=1&arphpl=1&checkin=2025-04-01&checkout=2025-04-08&dest_id=-372490&dest_type=city&group_adults=2&req_adults=2&no_rooms=1&group_children=0&req_children=0&hpos=25&hapos=125&sr_order=popularity&srpvid=52a43c0f4b5000e9&srepoch=1737880369&all_sr_blocks=9065102_88182100_0_2_0&highlighted_blocks=9065102_88182100_0_2_0&matching_block_id=9065102_88182100_0_2_0&sr_pri_blocks=9065102_88182100_0_2_0__120129&from=searchresults
Plaza Goya Rooms,"Eixample, Barcelona",https://www.booking.com/hotel/es/pension-de-la-plaza-de-goya.html?label=gen173nr-1BCAEoggI46AdSAnVzWARoRogBAZgBMbgBGcgBD9gBAegBAYgCAagCA7gCmuTXvAbAAgHSAiQ3NGM3OTk4Ni0yY2UyLTQ1NGYtOGQwZS1lZTU4ZTdhMDAwZTHYAgXgAgE&sid=735f077cb553f5b5fb1805efac5f4fa0&aid=304142&ucfs=1&arphpl=1&checkin=2025-04-01&checkout=2025-04-08&dest_id=-372490&dest_type=city&group_adults=2&req_adults=2&no_rooms=1&group_children=0&req_children=0&hpos=1&hapos=126&sr_order=popularity&srpvid=52a43c0f4b5000e9&srepoch=1737880371&all_sr_blocks=26189608_332352799_2_2_0&highlighted_blocks=26189608_332352799_2_2_0&matching_block_id=26189608_332352799_2_2_0&sr_pri_blocks=26189608_332352799_2_2_0__108208&from=searchresults
Sant Antoni Market,"Eixample, Barcelona",https://www.booking.com/hotel/es/san-antoni-market.html?label=gen173nr-1BCAEoggI46AdSAnVzWARoRogBAZgBMbgBGcgBD9gBAegBAYgCAagCA7gCmuTXvAbAAgHSAiQ3NGM3OTk4Ni0yY2UyLTQ1NGYtOGQwZS1lZTU4ZTdhMDAwZTHYAgXgAgE&sid=735f077cb553f5b5fb1805efac5f4fa0&aid=304142&ucfs=1&arphpl=1&checkin=2025-04-01&checkout=2025-04-08&dest_id=-372490&dest_type=city&group_adults=2&req_adults=2&no_rooms=1&group_children=0&req_children=0&hpos=2&hapos=127&sr_order=popularity&srpvid=52a43c0f4b5000e9&srepoch=1737880371&all_sr_blocks=46482902_295421330_2_0_0&highlighted_blocks=46482902_295421330_2_0_0&matching_block_id=46482902_295421330_2_0_0&sr_pri_blocks=46482902_295421330_2_0_0__151632&from=searchresults
Pestana Arena Barcelona,"Sants-Montjuïc, Barcelona",https://www.booking.com/hotel/es/pestana-arena-barcelona.html?label=gen173nr-1BCAEoggI46AdSAnVzWARoRogBAZgBMbgBGcgBD9gBAegBAYgCAagCA7gCmuTXvAbAAgHSAiQ3NGM3OTk4Ni0yY2UyLTQ1NGYtOGQwZS1lZTU4ZTdhMDAwZTHYAgXgAgE&sid=735f077cb553f5b5fb1805efac5f4fa0&aid=304142&ucfs=1&arphpl=1&checkin=2025-04-01&checkout=2025-04-08&dest_id=-372490&dest_type=city&group_adults=2&req_adults=2&no_rooms=1&group_children=0&req_children=0&hpos=3&hapos=128&sr_order=popularity&srpvid=52a43c0f4b5000e9&srepoch=1737880371&all_sr_blocks=9271018_91463118_0_2_0_371290&highlighted_blocks=9271018_91463118_0_2_0_371290&matching_block_id=9271018_91463118_0_2_0_371290&sr_pri_blocks=9271018_91463118_0_2_0_371290_116131&from=searchresults
Isabella's House,"Sarrià-St. Gervasi, Barcelona",https://www.booking.com/hotel/es/isabella-39-s-house.html?label=gen173nr-1BCAEoggI46AdSAnVzWARoRogBAZgBMbgBGcgBD9gBAegBAYgCAagCA7gCmuTXvAbAAgHSAiQ3NGM3OTk4Ni0yY2UyLTQ1NGYtOGQwZS1lZTU4ZTdhMDAwZTHYAgXgAgE&sid=735f077cb553f5b5fb1805efac5f4fa0&aid=304142&ucfs=1&arphpl=1&checkin=2025-04-01&checkout=2025-04-08&dest_id=-372490&dest_type=city&group_adults=2&req_adults=2&no_rooms=1&group_children=0&req_children=0&hpos=4&hapos=129&sr_order=popularity&srpvid=52a43c0f4b5000e9&srepoch=1737880371&all_sr_blocks=582626802_383949294_2_2_0&highlighted_blocks=582626802_383949294_2_2_0&matching_block_id=582626802_383949294_2_2_0&sr_pri_blocks=582626802_383949294_2_2_0__139072&from=searchresults
Aparthotel Atenea Calabria,"Eixample, Barcelona",https://www.booking.com/hotel/es/aparthotelcalabria.html?label=gen173nr-1BCAEoggI46AdSAnVzWARoRogBAZgBMbgBGcgBD9gBAegBAYgCAagCA7gCmuTXvAbAAgHSAiQ3NGM3OTk4Ni0yY2UyLTQ1NGYtOGQwZS1lZTU4ZTdhMDAwZTHYAgXgAgE&sid=735f077cb553f5b5fb1805efac5f4fa0&aid=304142&ucfs=1&arphpl=1&checkin=2025-04-01&checkout=2025-04-08&dest_id=-372490&dest_type=city&group_adults=2&req_adults=2&no_rooms=1&group_children=0&req_children=0&hpos=5&hapos=130&sr_order=popularity&srpvid=52a43c0f4b5000e9&srepoch=1737880371&all_sr_blocks=9176106_88191756_2_2_0&highlighted_blocks=9176106_88191756_2_2_0&matching_block_id=9176106_88191756_2_2_0&sr_pri_blocks=9176106_88191756_2_2_0__127850&from=searchresults
The Conica Deluxe Bed&Breakfast,"Eixample, Barcelona",https://www.booking.com/hotel/es/the-conica-deluxe-bed-amp-breakfast.html?label=gen173nr-1BCAEoggI46AdSAnVzWARoRogBAZgBMbgBGcgBD9gBAegBAYgCAagCA7gCmuTXvAbAAgHSAiQ3NGM3OTk4Ni0yY2UyLTQ1NGYtOGQwZS1lZTU4ZTdhMDAwZTHYAgXgAgE&sid=735f077cb553f5b5fb1805efac5f4fa0&aid=304142&ucfs=1&arphpl=1&checkin=2025-04-01&checkout=2025-04-08&dest_id=-372490&dest_type=city&group_adults=2&req_adults=2&no_rooms=1&group_children=0&req_children=0&hpos=6&hapos=131&sr_order=popularity&srpvid=52a43c0f4b5000e9&srepoch=1737880371&all_sr_blocks=143797601_88512607_0_2_0&highlighted_blocks=143797601_88512607_0_2_0&matching_block_id=143797601_88512607_0_2_0&sr_pri_blocks=143797601_88512607_0_2_0__136072&from=searchresults
Hotel America Barcelona,"Eixample, Barcelona",https://www.booking.com/hotel/es/america-barcelona.html?label=gen173nr-1BCAEoggI46AdSAnVzWARoRogBAZgBMbgBGcgBD9gBAegBAYgCAagCA7gCmuTXvAbAAgHSAiQ3NGM3OTk4Ni0yY2UyLTQ1NGYtOGQwZS1lZTU4ZTdhMDAwZTHYAgXgAgE&sid=735f077cb553f5b5fb1805efac5f4fa0&aid=304142&ucfs=1&arphpl=1&checkin=2025-04-01&checkout=2025-04-08&dest_id=-372490&dest_type=city&group_adults=2&req_adults=2&no_rooms=1&group_children=0&req_children=0&hpos=7&hapos=132&sr_order=popularity&srpvid=52a43c0f4b5000e9&srepoch=1737880371&all_sr_blocks=9192301_125264618_2_2_0&highlighted_blocks=9192301_125264618_2_2_0&matching_block_id=9192301_125264618_2_2_0&sr_pri_blocks=9192301_125264618_2_2_0__168078&from=searchresults
"Labtwentytwo Barcelona, a Tribute Portfolio Hotel","Sant Martí, Barcelona",https://www.booking.com/hotel/es/labtwentytwo-barcelona-a-tribute-portfolio.html?label=gen173nr-1BCAEoggI46AdSAnVzWARoRogBAZgBMbgBGcgBD9gBAegBAYgCAagCA7gCmuTXvAbAAgHSAiQ3NGM3OTk4Ni0yY2UyLTQ1NGYtOGQwZS1lZTU4ZTdhMDAwZTHYAgXgAgE&sid=735f077cb553f5b5fb1805efac5f4fa0&aid=304142&ucfs=1&arphpl=1&checkin=2025-04-01&checkout=2025-04-08&dest_id=-372490&dest_type=city&group_adults=2&req_adults=2&no_rooms=1&group_children=0&req_children=0&hpos=8&hapos=133&sr_order=popularity&srpvid=52a43c0f4b5000e9&srepoch=1737880371&all_sr_blocks=1072514605_379795374_0_42_0&highlighted_blocks=1072514605_379795374_0_42_0&matching_block_id=1072514605_379795374_0_42_0&sr_pri_blocks=1072514605_379795374_0_42_0__140888&from_sustainable_property_sr=1&from=searchresults
Dalia Ramblas,"Ciutat Vella, Barcelona",https://www.booking.com/hotel/es/dalia-ramblas.html?label=gen173nr-1BCAEoggI46AdSAnVzWARoRogBAZgBMbgBGcgBD9gBAegBAYgCAagCA7gCmuTXvAbAAgHSAiQ3NGM3OTk4Ni0yY2UyLTQ1NGYtOGQwZS1lZTU4ZTdhMDAwZTHYAgXgAgE&sid=735f077cb553f5b5fb1805efac5f4fa0&aid=304142&ucfs=1&arphpl=1&checkin=2025-04-01&checkout=2025-04-08&dest_id=-372490&dest_type=city&group_adults=2&req_adults=2&no_rooms=1&group_children=0&req_children=0&hpos=9&hapos=134&sr_order=popularity&srpvid=52a43c0f4b5000e9&srepoch=1737880371&all_sr_blocks=45588502_193172452_0_0_0&highlighted_blocks=45588502_193172452_0_0_0&matching_block_id=45588502_193172452_0_0_0&sr_pri_blocks=45588502_193172452_0_0_0__114466&from=searchresults
Hotel Turin Barcelona,"Ciutat Vella, Barcelona",https://www.booking.com/hotel/es/turin.html?label=gen173nr-1BCAEoggI46AdSAnVzWARoRogBAZgBMbgBGcgBD9gBAegBAYgCAagCA7gCmuTXvAbAAgHSAiQ3NGM3OTk4Ni0yY2UyLTQ1NGYtOGQwZS1lZTU4ZTdhMDAwZTHYAgXgAgE&sid=735f077cb553f5b5fb1805efac5f4fa0&aid=304142&ucfs=1&arphpl=1&checkin=2025-04-01&checkout=2025-04-08&dest_id=-372490&dest_type=city&group_adults=2&req_adults=2&no_rooms=1&group_children=0&req_children=0&hpos=10&hapos=135&sr_order=popularity&srpvid=52a43c0f4b5000e9&srepoch=1737880371&all_sr_blocks=1445805_259985050_0_2_0&highlighted_blocks=1445805_259985050_0_2_0&matching_block_id=1445805_259985050_0_2_0&sr_pri_blocks=1445805_259985050_0_2_0__139292&from=searchresults
Leonardo Hotel Barcelona Las Ramblas,"Ciutat Vella, Barcelona",https://www.booking.com/hotel/es/leonardo-hotel-barcelona-las-ramblas.html?label=gen173nr-1BCAEoggI46AdSAnVzWARoRogBAZgBMbgBGcgBD9gBAegBAYgCAagCA7gCmuTXvAbAAgHSAiQ3NGM3OTk4Ni0yY2UyLTQ1NGYtOGQwZS1lZTU4ZTdhMDAwZTHYAgXgAgE&sid=735f077cb553f5b5fb1805efac5f4fa0&aid=304142&ucfs=1&arphpl=1&checkin=2025-04-01&checkout=2025-04-08&dest_id=-372490&dest_type=city&group_adults=2&req_adults=2&no_rooms=1&group_children=0&req_children=0&hpos=11&hapos=136&sr_order=popularity&srpvid=52a43c0f4b5000e9&srepoch=1737880371&all_sr_blocks=9036313_91462699_0_2_0&highlighted_blocks=9036313_91462699_0_2_0&matching_block_id=9036313_91462699_0_2_0&sr_pri_blocks=9036313_91462699_0_2_0__129920&from_sustainable_property_sr=1&from=searchresults
Center Gran Via,"Eixample, Barcelona",https://www.booking.com/hotel/es/barcelona-center-gran-via.html?label=gen173nr-1BCAEoggI46AdSAnVzWARoRogBAZgBMbgBGcgBD9gBAegBAYgCAagCA7gCmuTXvAbAAgHSAiQ3NGM3OTk4Ni0yY2UyLTQ1NGYtOGQwZS1lZTU4ZTdhMDAwZTHYAgXgAgE&sid=735f077cb553f5b5fb1805efac5f4fa0&aid=304142&ucfs=1&arphpl=1&checkin=2025-04-01&checkout=2025-04-08&dest_id=-372490&dest_type=city&group_adults=2&req_adults=2&no_rooms=1&group_children=0&req_children=0&hpos=12&hapos=137&sr_order=popularity&srpvid=52a43c0f4b5000e9&srepoch=1737880371&all_sr_blocks=41325902_398910654_0_0_0_727287&highlighted_blocks=41325902_398910654_0_0_0_727287&matching_block_id=41325902_398910654_0_0_0_727287&sr_pri_blocks=41325902_398910654_0_0_0_727287_126700&from=searchresults
Apartamentos DV,"Sants-Montjuïc, Barcelona",https://www.booking.com/hotel/es/apartamentos-dv-barcelona6.html?label=gen173nr-1BCAEoggI46AdSAnVzWARoRogBAZgBMbgBGcgBD9gBAegBAYgCAagCA7gCmuTXvAbAAgHSAiQ3NGM3OTk4Ni0yY2UyLTQ1NGYtOGQwZS1lZTU4ZTdhMDAwZTHYAgXgAgE&sid=735f077cb553f5b5fb1805efac5f4fa0&aid=304142&ucfs=1&arphpl=1&checkin=2025-04-01&checkout=2025-04-08&dest_id=-372490&dest_type=city&group_adults=2&req_adults=2&no_rooms=1&group_children=0&req_children=0&hpos=13&hapos=138&sr_order=popularity&srpvid=52a43c0f4b5000e9&srepoch=1737880371&all_sr_blocks=169038802_89827836_0_0_0&highlighted_blocks=169038802_89827836_0_0_0&matching_block_id=169038802_89827836_0_0_0&sr_pri_blocks=169038802_89827836_0_0_0__96208&from=searchresults
Hostal Marenostrum,"Ciutat Vella, Barcelona",https://www.booking.com/hotel/es/hostal-mare-nostrum.html?label=gen173nr-1BCAEoggI46AdSAnVzWARoRogBAZgBMbgBGcgBD9gBAegBAYgCAagCA7gCmuTXvAbAAgHSAiQ3NGM3OTk4Ni0yY2UyLTQ1NGYtOGQwZS1lZTU4ZTdhMDAwZTHYAgXgAgE&sid=735f077cb553f5b5fb1805efac5f4fa0&aid=304142&ucfs=1&arphpl=1&checkin=2025-04-01&checkout=2025-04-08&dest_id=-372490&dest_type=city&group_adults=2&req_adults=2&no_rooms=1&group_children=0&req_children=0&hpos=14&hapos=139&sr_order=popularity&srpvid=52a43c0f4b5000e9&srepoch=1737880371&all_sr_blocks=9232501_88192337_0_2_0&highlighted_blocks=9232501_88192337_0_2_0&matching_block_id=9232501_88192337_0_2_0&sr_pri_blocks=9232501_88192337_0_2_0__105450&from=searchresults
Pensión Villanueva,"Ciutat Vella, Barcelona",https://www.booking.com/hotel/es/pension-villanueva-barcelona.html?label=gen173nr-1BCAEoggI46AdSAnVzWARoRogBAZgBMbgBGcgBD9gBAegBAYgCAagCA7gCmuTXvAbAAgHSAiQ3NGM3OTk4Ni0yY2UyLTQ1NGYtOGQwZS1lZTU4ZTdhMDAwZTHYAgXgAgE&sid=735f077cb553f5b5fb1805efac5f4fa0&aid=304142&ucfs=1&arphpl=1&checkin=2025-04-01&checkout=2025-04-08&dest_id=-372490&dest_type=city&group_adults=2&req_adults=2&no_rooms=1&group_children=0&req_children=0&hpos=15&hapos=140&sr_order=popularity&srpvid=52a43c0f4b5000e9&srepoch=1737880371&all_sr_blocks=49295203_96918595_0_0_0&highlighted_blocks=49295203_96918595_0_0_0&matching_block_id=49295203_96918595_0_0_0&sr_pri_blocks=49295203_96918595_0_0_0__89870&from=searchresults
Barcelona Hotel Colonial,"Ciutat Vella, Barcelona",https://www.booking.com/hotel/es/barcelona-colonial.html?label=gen173nr-1BCAEoggI46AdSAnVzWARoRogBAZgBMbgBGcgBD9gBAegBAYgCAagCA7gCmuTXvAbAAgHSAiQ3NGM3OTk4Ni0yY2UyLTQ1NGYtOGQwZS1lZTU4ZTdhMDAwZTHYAgXgAgE&sid=735f077cb553f5b5fb1805efac5f4fa0&aid=304142&ucfs=1&arphpl=1&checkin=2025-04-01&checkout=2025-04-08&dest_id=-372490&dest_type=city&group_adults=2&req_adults=2&no_rooms=1&group_children=0&req_children=0&hpos=16&hapos=141&sr_order=popularity&srpvid=52a43c0f4b5000e9&srepoch=1737880371&all_sr_blocks=18882702_88203222_2_2_0_311533&highlighted_blocks=18882702_88203222_2_2_0_311533&matching_block_id=18882702_88203222_2_2_0_311533&sr_pri_blocks=18882702_88203222_2_2_0_311533_153393&from=searchresults
Cami Gallery Barcelona,"Eixample, Barcelona",https://www.booking.com/hotel/es/cami-gallery.html?label=gen173nr-1BCAEoggI46AdSAnVzWARoRogBAZgBMbgBGcgBD9gBAegBAYgCAagCA7gCmuTXvAbAAgHSAiQ3NGM3OTk4Ni0yY2UyLTQ1NGYtOGQwZS1lZTU4ZTdhMDAwZTHYAgXgAgE&sid=735f077cb553f5b5fb1805efac5f4fa0&aid=304142&ucfs=1&arphpl=1&checkin=2025-04-01&checkout=2025-04-08&dest_id=-372490&dest_type=city&group_adults=2&req_adults=2&no_rooms=1&group_children=0&req_children=0&hpos=17&hapos=142&sr_order=popularity&srpvid=52a43c0f4b5000e9&srepoch=1737880371&all_sr_blocks=70696107_88504364_0_0_0&highlighted_blocks=70696107_88504364_0_0_0&matching_block_id=70696107_88504364_0_0_0&sr_pri_blocks=70696107_88504364_0_0_0__121200&from=searchresults
U232 Hotel,"Eixample, Barcelona",https://www.booking.com/hotel/es/nunezurgell.html?label=gen173nr-1BCAEoggI46AdSAnVzWARoRogBAZgBMbgBGcgBD9gBAegBAYgCAagCA7gCmuTXvAbAAgHSAiQ3NGM3OTk4Ni0yY2UyLTQ1NGYtOGQwZS1lZTU4ZTdhMDAwZTHYAgXgAgE&sid=735f077cb553f5b5fb1805efac5f4fa0&aid=304142&ucfs=1&arphpl=1&checkin=2025-04-01&checkout=2025-04-08&dest_id=-372490&dest_type=city&group_adults=2&req_adults=2&no_rooms=1&group_children=0&req_children=0&hpos=18&hapos=143&sr_order=popularity&srpvid=52a43c0f4b5000e9&srepoch=1737880371&all_sr_blocks=9004632_88181322_0_2_0&highlighted_blocks=9004632_88181322_0_2_0&matching_block_id=9004632_88181322_0_2_0&sr_pri_blocks=9004632_88181322_0_2_0__120735&from_sustainable_property_sr=1&from=searchresults
Hotel Villa Emilia,"Eixample, Barcelona",https://www.booking.com/hotel/es/villa-emilia.html?label=gen173nr-1BCAEoggI46AdSAnVzWARoRogBAZgBMbgBGcgBD9gBAegBAYgCAagCA7gCmuTXvAbAAgHSAiQ3NGM3OTk4Ni0yY2UyLTQ1NGYtOGQwZS1lZTU4ZTdhMDAwZTHYAgXgAgE&sid=735f077cb553f5b5fb1805efac5f4fa0&aid=304142&ucfs=1&arphpl=1&checkin=2025-04-01&checkout=2025-04-08&dest_id=-372490&dest_type=city&group_adults=2&req_adults=2&no_rooms=1&group_children=0&req_children=0&hpos=19&hapos=144&sr_order=popularity&srpvid=52a43c0f4b5000e9&srepoch=1737880371&all_sr_blocks=9345001_89483407_2_2_0&highlighted_blocks=9345001_89483407_2_2_0&matching_block_id=9345001_89483407_2_2_0&sr_pri_blocks=9345001_89483407_2_2_0__160878&from_sustainable_property_sr=1&from=searchresults
Hostalet de Barcelona,"Eixample, Barcelona",https://www.booking.com/hotel/es/hostalet-de-barcelona.html?label=gen173nr-1BCAEoggI46AdSAnVzWARoRogBAZgBMbgBGcgBD9gBAegBAYgCAagCA7gCmuTXvAbAAgHSAiQ3NGM3OTk4Ni0yY2UyLTQ1NGYtOGQwZS1lZTU4ZTdhMDAwZTHYAgXgAgE&sid=735f077cb553f5b5fb1805efac5f4fa0&aid=304142&ucfs=1&arphpl=1&checkin=2025-04-01&checkout=2025-04-08&dest_id=-372490&dest_type=city&group_adults=2&req_adults=2&no_rooms=1&group_children=0&req_children=0&hpos=20&hapos=145&sr_order=popularity&srpvid=52a43c0f4b5000e9&srepoch=1737880371&all_sr_blocks=30211903_88497473_0_0_0&highlighted_blocks=30211903_88497473_0_0_0&matching_block_id=30211903_88497473_0_0_0&sr_pri_blocks=30211903_88497473_0_0_0__87493&from=searchresults
Exe Mitre,"Sarrià-St. Gervasi, Barcelona",https://www.booking.com/hotel/es/mitre.html?label=gen173nr-1BCAEoggI46AdSAnVzWARoRogBAZgBMbgBGcgBD9gBAegBAYgCAagCA7gCmuTXvAbAAgHSAiQ3NGM3OTk4Ni0yY2UyLTQ1NGYtOGQwZS1lZTU4ZTdhMDAwZTHYAgXgAgE&sid=735f077cb553f5b5fb1805efac5f4fa0&aid=304142&ucfs=1&arphpl=1&checkin=2025-04-01&checkout=2025-04-08&dest_id=-372490&dest_type=city&group_adults=2&req_adults=2&no_rooms=1&group_children=0&req_children=0&hpos=21&hapos=146&sr_order=popularity&srpvid=52a43c0f4b5000e9&srepoch=1737880371&all_sr_blocks=9008303_91462634_2_2_0&highlighted_blocks=9008303_91462634_2_2_0&matching_block_id=9008303_91462634_2_2_0&sr_pri_blocks=9008303_91462634_2_2_0__117902&from_sustainable_property_sr=1&from=searchresults
Park Hotel,"Ciutat Vella, Barcelona",https://www.booking.com/hotel/es/park.html?label=gen173nr-1BCAEoggI46AdSAnVzWARoRogBAZgBMbgBGcgBD9gBAegBAYgCAagCA7gCmuTXvAbAAgHSAiQ3NGM3OTk4Ni0yY2UyLTQ1NGYtOGQwZS1lZTU4ZTdhMDAwZTHYAgXgAgE&sid=735f077cb553f5b5fb1805efac5f4fa0&aid=304142&ucfs=1&arphpl=1&checkin=2025-04-01&checkout=2025-04-08&dest_id=-372490&dest_type=city&group_adults=2&req_adults=2&no_rooms=1&group_children=0&req_children=0&hpos=22&hapos=147&sr_order=popularity&srpvid=52a43c0f4b5000e9&srepoch=1737880371&all_sr_blocks=9090208_389642170_2_2_0&highlighted_blocks=9090208_389642170_2_2_0&matching_block_id=9090208_389642170_2_2_0&sr_pri_blocks=9090208_389642170_2_2_0__135900&from=searchresults
Catalonia Ramblas 4* Sup,"Ciutat Vella, Barcelona",https://www.booking.com/hotel/es/catalonia-ramblas.html?label=gen173nr-1BCAEoggI46AdSAnVzWARoRogBAZgBMbgBGcgBD9gBAegBAYgCAagCA7gCmuTXvAbAAgHSAiQ3NGM3OTk4Ni0yY2UyLTQ1NGYtOGQwZS1lZTU4ZTdhMDAwZTHYAgXgAgE&sid=735f077cb553f5b5fb1805efac5f4fa0&aid=304142&ucfs=1&arphpl=1&checkin=2025-04-01&checkout=2025-04-08&dest_id=-372490&dest_type=city&group_adults=2&req_adults=2&no_rooms=1&group_children=0&req_children=0&hpos=23&hapos=148&sr_order=popularity&srpvid=52a43c0f4b5000e9&srepoch=1737880371&all_sr_blocks=9343016_204271584_0_2_0&highlighted_blocks=9343016_204271584_0_2_0&matching_block_id=9343016_204271584_0_2_0&sr_pri_blocks=9343016_204271584_0_2_0__176778&from_sustainable_property_sr=1&from=searchresults
Ola Living Vidreria,"Ciutat Vella, Barcelona",https://www.booking.com/hotel/es/inside-bcn-apartments-vidreria.html?label=gen173nr-1BCAEoggI46AdSAnVzWARoRogBAZgBMbgBGcgBD9gBAegBAYgCAagCA7gCmuTXvAbAAgHSAiQ3NGM3OTk4Ni0yY2UyLTQ1NGYtOGQwZS1lZTU4ZTdhMDAwZTHYAgXgAgE&sid=735f077cb553f5b5fb1805efac5f4fa0&aid=304142&ucfs=1&arphpl=1&checkin=2025-04-01&checkout=2025-04-08&dest_id=-372490&dest_type=city&group_adults=2&req_adults=2&no_rooms=1&group_children=0&req_children=0&hpos=24&hapos=149&sr_order=popularity&srpvid=52a43c0f4b5000e9&srepoch=1737880371&all_sr_blocks=23990303_397271738_2_0_0&highlighted_blocks=23990303_397271738_2_0_0&matching_block_id=23990303_397271738_2_0_0&sr_pri_blocks=23990303_397271738_2_0_0__125996&from=searchresults
Wilson Boutique Hotel,"Sarrià-St. Gervasi, Barcelona",https://www.booking.com/hotel/es/wilson.html?label=gen173nr-1BCAEoggI46AdSAnVzWARoRogBAZgBMbgBGcgBD9gBAegBAYgCAagCA7gCmuTXvAbAAgHSAiQ3NGM3OTk4Ni0yY2UyLTQ1NGYtOGQwZS1lZTU4ZTdhMDAwZTHYAgXgAgE&sid=735f077cb553f5b5fb1805efac5f4fa0&aid=304142&ucfs=1&arphpl=1&checkin=2025-04-01&checkout=2025-04-08&dest_id=-372490&dest_type=city&group_adults=2&req_adults=2&no_rooms=1&group_children=0&req_children=0&hpos=25&hapos=150&sr_order=popularity&srpvid=52a43c0f4b5000e9&srepoch=1737880371&all_sr_blocks=9046002_88492580_0_2_0&highlighted_blocks=9046002_88492580_0_2_0&matching_block_id=9046002_88492580_0_2_0&sr_pri_blocks=9046002_88492580_0_2_0__119953&from=searchresults
Hotel 54 Barceloneta,"Ciutat Vella, Barcelona",https://www.booking.com/hotel/es/54-barceloneta.html?label=gen173nr-1BCAEoggI46AdSAnVzWARoRogBAZgBMbgBGcgBD9gBAegBAYgCAagCA7gCmuTXvAbAAgHSAiQ3NGM3OTk4Ni0yY2UyLTQ1NGYtOGQwZS1lZTU4ZTdhMDAwZTHYAgXgAgE&sid=735f077cb553f5b5fb1805efac5f4fa0&aid=304142&ucfs=1&arphpl=1&checkin=2025-04-01&checkout=2025-04-08&dest_id=-372490&dest_type=city&group_adults=2&req_adults=2&no_rooms=1&group_children=0&req_children=0&hpos=1&hapos=151&sr_order=popularity&srpvid=52a43c0f4b5000e9&srepoch=1737880372&all_sr_blocks=9432118_196171860_2_2_0&highlighted_blocks=9432118_196171860_2_2_0&matching_block_id=9432118_196171860_2_2_0&sr_pri_blocks=9432118_196171860_2_2_0__158533&from=searchresults
Ohla Eixample,"Eixample, Barcelona",https://www.booking.com/hotel/es/ohla-eixample.html?label=gen173nr-1BCAEoggI46AdSAnVzWARoRogBAZgBMbgBGcgBD9gBAegBAYgCAagCA7gCmuTXvAbAAgHSAiQ3NGM3OTk4Ni0yY2UyLTQ1NGYtOGQwZS1lZTU4ZTdhMDAwZTHYAgXgAgE&sid=735f077cb553f5b5fb1805efac5f4fa0&aid=304142&ucfs=1&arphpl=1&checkin=2025-04-01&checkout=2025-04-08&dest_id=-372490&dest_type=city&group_adults=2&req_adults=2&no_rooms=1&group_children=0&req_children=0&hpos=2&hapos=152&sr_order=popularity&srpvid=52a43c0f4b5000e9&srepoch=1737880372&all_sr_blocks=156648201_364394821_0_1_0&highlighted_blocks=156648201_364394821_0_1_0&matching_block_id=156648201_364394821_0_1_0&sr_pri_blocks=156648201_364394821_0_1_0__298450&from_sustainable_property_sr=1&from=searchresults
Sercotel Caspe,"Eixample, Barcelona",https://www.booking.com/hotel/es/fiesta-caspe.html?label=gen173nr-1BCAEoggI46AdSAnVzWARoRogBAZgBMbgBGcgBD9gBAegBAYgCAagCA7gCmuTXvAbAAgHSAiQ3NGM3OTk4Ni0yY2UyLTQ1NGYtOGQwZS1lZTU4ZTdhMDAwZTHYAgXgAgE&sid=735f077cb553f5b5fb1805efac5f4fa0&aid=304142&ucfs=1&arphpl=1&checkin=2025-04-01&checkout=2025-04-08&dest_id=-372490&dest_type=city&group_adults=2&req_adults=2&no_rooms=1&group_children=0&req_children=0&hpos=3&hapos=153&sr_order=popularity&srpvid=52a43c0f4b5000e9&srepoch=1737880372&all_sr_blocks=9335601_357596151_2_2_0&highlighted_blocks=9335601_357596151_2_2_0&matching_block_id=9335601_357596151_2_2_0&sr_pri_blocks=9335601_357596151_2_2_0__169848&from_sustainable_property_sr=1&from=searchresults
Acacia Suite,"Eixample, Barcelona",https://www.booking.com/hotel/es/aparthotel-acacia.html?label=gen173nr-1BCAEoggI46AdSAnVzWARoRogBAZgBMbgBGcgBD9gBAegBAYgCAagCA7gCmuTXvAbAAgHSAiQ3NGM3OTk4Ni0yY2UyLTQ1NGYtOGQwZS1lZTU4ZTdhMDAwZTHYAgXgAgE&sid=735f077cb553f5b5fb1805efac5f4fa0&aid=304142&ucfs=1&arphpl=1&checkin=2025-04-01&checkout=2025-04-08&dest_id=-372490&dest_type=city&group_adults=2&req_adults=2&no_rooms=1&group_children=0&req_children=0&hpos=4&hapos=154&sr_order=popularity&srpvid=52a43c0f4b5000e9&srepoch=1737880372&all_sr_blocks=1337504_195707660_2_2_0&highlighted_blocks=1337504_195707660_2_2_0&matching_block_id=1337504_195707660_2_2_0&sr_pri_blocks=1337504_195707660_2_2_0__115248&from=searchresults
"The Hoxton, Poblenou","Sant Martí, Barcelona",https://www.booking.com/hotel/es/the-hoxton-poblenou.html?label=gen173nr-1BCAEoggI46AdSAnVzWARoRogBAZgBMbgBGcgBD9gBAegBAYgCAagCA7gCmuTXvAbAAgHSAiQ3NGM3OTk4Ni0yY2UyLTQ1NGYtOGQwZS1lZTU4ZTdhMDAwZTHYAgXgAgE&sid=735f077cb553f5b5fb1805efac5f4fa0&aid=304142&ucfs=1&arphpl=1&checkin=2025-04-01&checkout=2025-04-08&dest_id=-372490&dest_type=city&group_adults=2&req_adults=2&no_rooms=1&group_children=0&req_children=0&hpos=5&hapos=155&sr_order=popularity&srpvid=52a43c0f4b5000e9&srepoch=1737880372&all_sr_blocks=9160024_352734472_0_2_0_682280&highlighted_blocks=9160024_352734472_0_2_0_682280&matching_block_id=9160024_352734472_0_2_0_682280&sr_pri_blocks=9160024_352734472_0_2_0_682280_202298&from_sustainable_property_sr=1&from=searchresults
Silken Ramblas,"Ciutat Vella, Barcelona",https://www.booking.com/hotel/es/silken-ambassador-ramblas.html?label=gen173nr-1BCAEoggI46AdSAnVzWARoRogBAZgBMbgBGcgBD9gBAegBAYgCAagCA7gCmuTXvAbAAgHSAiQ3NGM3OTk4Ni0yY2UyLTQ1NGYtOGQwZS1lZTU4ZTdhMDAwZTHYAgXgAgE&sid=735f077cb553f5b5fb1805efac5f4fa0&aid=304142&ucfs=1&arphpl=1&checkin=2025-04-01&checkout=2025-04-08&dest_id=-372490&dest_type=city&group_adults=2&req_adults=2&no_rooms=1&group_children=0&req_children=0&hpos=6&hapos=156&sr_order=popularity&srpvid=52a43c0f4b5000e9&srepoch=1737880372&all_sr_blocks=9467102_91463260_0_2_0_86697&highlighted_blocks=9467102_91463260_0_2_0_86697&matching_block_id=9467102_91463260_0_2_0_86697&sr_pri_blocks=9467102_91463260_0_2_0_86697_135951&from_sustainable_property_sr=1&from=searchresults
Amra Barcelona Caspe,"Eixample, Barcelona",https://www.booking.com/hotel/es/amra-barcelona-caspe.html?label=gen173nr-1BCAEoggI46AdSAnVzWARoRogBAZgBMbgBGcgBD9gBAegBAYgCAagCA7gCmuTXvAbAAgHSAiQ3NGM3OTk4Ni0yY2UyLTQ1NGYtOGQwZS1lZTU4ZTdhMDAwZTHYAgXgAgE&sid=735f077cb553f5b5fb1805efac5f4fa0&aid=304142&ucfs=1&arphpl=1&checkin=2025-04-01&checkout=2025-04-08&dest_id=-372490&dest_type=city&group_adults=2&req_adults=2&no_rooms=1&group_children=0&req_children=0&hpos=7&hapos=157&sr_order=popularity&srpvid=52a43c0f4b5000e9&srepoch=1737880372&all_sr_blocks=63734208_88210389_0_0_0&highlighted_blocks=63734208_88210389_0_0_0&matching_block_id=63734208_88210389_0_0_0&sr_pri_blocks=63734208_88210389_0_0_0__99959&from=searchresults
Hotel Gótico,"Ciutat Vella, Barcelona",https://www.booking.com/hotel/es/gotico.html?label=gen173nr-1BCAEoggI46AdSAnVzWARoRogBAZgBMbgBGcgBD9gBAegBAYgCAagCA7gCmuTXvAbAAgHSAiQ3NGM3OTk4Ni0yY2UyLTQ1NGYtOGQwZS1lZTU4ZTdhMDAwZTHYAgXgAgE&sid=735f077cb553f5b5fb1805efac5f4fa0&aid=304142&ucfs=1&arphpl=1&checkin=2025-04-01&checkout=2025-04-08&dest_id=-372490&dest_type=city&group_adults=2&req_adults=2&no_rooms=1&group_children=0&req_children=0&hpos=8&hapos=158&sr_order=popularity&srpvid=52a43c0f4b5000e9&srepoch=1737880372&all_sr_blocks=9265501_88192811_2_2_0_311529&highlighted_blocks=9265501_88192811_2_2_0_311529&matching_block_id=9265501_88192811_2_2_0_311529&sr_pri_blocks=9265501_88192811_2_2_0_311529_156276&from=searchresults
Tembo Barcelona,Barcelona,https://www.booking.com/hotel/es/tembo-barcelona.html?label=gen173nr-1BCAEoggI46AdSAnVzWARoRogBAZgBMbgBGcgBD9gBAegBAYgCAagCA7gCmuTXvAbAAgHSAiQ3NGM3OTk4Ni0yY2UyLTQ1NGYtOGQwZS1lZTU4ZTdhMDAwZTHYAgXgAgE&sid=735f077cb553f5b5fb1805efac5f4fa0&aid=304142&ucfs=1&arphpl=1&checkin=2025-04-01&checkout=2025-04-08&dest_id=-372490&dest_type=city&group_adults=2&req_adults=2&no_rooms=1&group_children=0&req_children=0&hpos=9&hapos=159&sr_order=popularity&srpvid=52a43c0f4b5000e9&srepoch=1737880372&all_sr_blocks=1094597702_387682617_2_1_0&highlighted_blocks=1094597702_387682617_2_1_0&matching_block_id=1094597702_387682617_2_1_0&sr_pri_blocks=1094597702_387682617_2_1_0__283848&from=searchresults
Catalonia Barcelona Plaza,"Sants-Montjuïc, Barcelona",https://www.booking.com/hotel/es/cataloniabarcelonaplaza.html?label=gen173nr-1BCAEoggI46AdSAnVzWARoRogBAZgBMbgBGcgBD9gBAegBAYgCAagCA7gCmuTXvAbAAgHSAiQ3NGM3OTk4Ni0yY2UyLTQ1NGYtOGQwZS1lZTU4ZTdhMDAwZTHYAgXgAgE&sid=735f077cb553f5b5fb1805efac5f4fa0&aid=304142&ucfs=1&arphpl=1&checkin=2025-04-01&checkout=2025-04-08&dest_id=-372490&dest_type=city&group_adults=2&req_adults=2&no_rooms=1&group_children=0&req_children=0&hpos=10&hapos=160&sr_order=popularity&srpvid=52a43c0f4b5000e9&srepoch=1737880372&all_sr_blocks=9058208_194624145_0_34_0&highlighted_blocks=9058208_194624145_0_34_0&matching_block_id=9058208_194624145_0_34_0&sr_pri_blocks=9058208_194624145_0_34_0__167778&from_sustainable_property_sr=1&from=searchresults
The Family Host - Lost Garden Ciutadella Park,"Sant Martí, Barcelona",https://www.booking.com/hotel/es/aparteasy-family-amp-seniors-ciutadella-park.html?label=gen173nr-1BCAEoggI46AdSAnVzWARoRogBAZgBMbgBGcgBD9gBAegBAYgCAagCA7gCmuTXvAbAAgHSAiQ3NGM3OTk4Ni0yY2UyLTQ1NGYtOGQwZS1lZTU4ZTdhMDAwZTHYAgXgAgE&sid=735f077cb553f5b5fb1805efac5f4fa0&aid=304142&ucfs=1&arphpl=1&checkin=2025-04-01&checkout=2025-04-08&dest_id=-372490&dest_type=city&group_adults=2&req_adults=2&no_rooms=1&group_children=0&req_children=0&hpos=11&hapos=161&sr_order=popularity&srpvid=52a43c0f4b5000e9&srepoch=1737880372&all_sr_blocks=205423704_386559206_2_0_0&highlighted_blocks=205423704_386559206_2_0_0&matching_block_id=205423704_386559206_2_0_0&sr_pri_blocks=205423704_386559206_2_0_0__183232&from=searchresults
Aspasios Paseo de Gracia Apartments,"Eixample, Barcelona",https://www.booking.com/hotel/es/paseo-de-gracia-apartments-barcelona.html?label=gen173nr-1BCAEoggI46AdSAnVzWARoRogBAZgBMbgBGcgBD9gBAegBAYgCAagCA7gCmuTXvAbAAgHSAiQ3NGM3OTk4Ni0yY2UyLTQ1NGYtOGQwZS1lZTU4ZTdhMDAwZTHYAgXgAgE&sid=735f077cb553f5b5fb1805efac5f4fa0&aid=304142&ucfs=1&arphpl=1&checkin=2025-04-01&checkout=2025-04-08&dest_id=-372490&dest_type=city&group_adults=2&req_adults=2&no_rooms=1&group_children=0&req_children=0&hpos=12&hapos=162&sr_order=popularity&srpvid=52a43c0f4b5000e9&srepoch=1737880372&all_sr_blocks=45133811_88500651_2_0_0&highlighted_blocks=45133811_88500651_2_0_0&matching_block_id=45133811_88500651_2_0_0&sr_pri_blocks=45133811_88500651_2_0_0__171632&from=searchresults
Europark,"Eixample, Barcelona",https://www.booking.com/hotel/es/europark.html?label=gen173nr-1BCAEoggI46AdSAnVzWARoRogBAZgBMbgBGcgBD9gBAegBAYgCAagCA7gCmuTXvAbAAgHSAiQ3NGM3OTk4Ni0yY2UyLTQ1NGYtOGQwZS1lZTU4ZTdhMDAwZTHYAgXgAgE&sid=735f077cb553f5b5fb1805efac5f4fa0&aid=304142&ucfs=1&arphpl=1&checkin=2025-04-01&checkout=2025-04-08&dest_id=-372490&dest_type=city&group_adults=2&req_adults=2&no_rooms=1&group_children=0&req_children=0&hpos=13&hapos=163&sr_order=popularity&srpvid=52a43c0f4b5000e9&srepoch=1737880372&all_sr_blocks=9022702_88181474_0_2_0&highlighted_blocks=9022702_88181474_0_2_0&matching_block_id=9022702_88181474_0_2_0&sr_pri_blocks=9022702_88181474_0_2_0__132761&from_sustainable_property_sr=1&from=searchresults
Hotel Derby,"Les Corts, Barcelona",https://www.booking.com/hotel/es/derby.html?label=gen173nr-1BCAEoggI46AdSAnVzWARoRogBAZgBMbgBGcgBD9gBAegBAYgCAagCA7gCmuTXvAbAAgHSAiQ3NGM3OTk4Ni0yY2UyLTQ1NGYtOGQwZS1lZTU4ZTdhMDAwZTHYAgXgAgE&sid=735f077cb553f5b5fb1805efac5f4fa0&aid=304142&ucfs=1&arphpl=1&checkin=2025-04-01&checkout=2025-04-08&dest_id=-372490&dest_type=city&group_adults=2&req_adults=2&no_rooms=1&group_children=0&req_children=0&hpos=14&hapos=164&sr_order=popularity&srpvid=52a43c0f4b5000e9&srepoch=1737880372&all_sr_blocks=9004002_88181301_0_2_0&highlighted_blocks=9004002_88181301_0_2_0&matching_block_id=9004002_88181301_0_2_0&sr_pri_blocks=9004002_88181301_0_2_0__124878&from=searchresults
Yomo Hostal BCN Port,"Sants-Montjuïc, Barcelona",https://www.booking.com/hotel/es/hostal-bcn-port.html?label=gen173nr-1BCAEoggI46AdSAnVzWARoRogBAZgBMbgBGcgBD9gBAegBAYgCAagCA7gCmuTXvAbAAgHSAiQ3NGM3OTk4Ni0yY2UyLTQ1NGYtOGQwZS1lZTU4ZTdhMDAwZTHYAgXgAgE&sid=735f077cb553f5b5fb1805efac5f4fa0&aid=304142&ucfs=1&arphpl=1&checkin=2025-04-01&checkout=2025-04-08&dest_id=-372490&dest_type=city&group_adults=2&req_adults=2&no_rooms=1&group_children=0&req_children=0&hpos=15&hapos=165&sr_order=popularity&srpvid=52a43c0f4b5000e9&srepoch=1737880372&all_sr_blocks=17311101_88197053_0_2_0&highlighted_blocks=17311101_88197053_0_2_0&matching_block_id=17311101_88197053_0_2_0&sr_pri_blocks=17311101_88197053_0_2_0__99056&from=searchresults
Hotel Casa Sagnier,"Eixample, Barcelona",https://www.booking.com/hotel/es/casa-sagnier.html?label=gen173nr-1BCAEoggI46AdSAnVzWARoRogBAZgBMbgBGcgBD9gBAegBAYgCAagCA7gCmuTXvAbAAgHSAiQ3NGM3OTk4Ni0yY2UyLTQ1NGYtOGQwZS1lZTU4ZTdhMDAwZTHYAgXgAgE&sid=735f077cb553f5b5fb1805efac5f4fa0&aid=304142&ucfs=1&arphpl=1&checkin=2025-04-01&checkout=2025-04-08&dest_id=-372490&dest_type=city&group_adults=2&req_adults=2&no_rooms=1&group_children=0&req_children=0&hpos=16&hapos=166&sr_order=popularity&srpvid=52a43c0f4b5000e9&srepoch=1737880372&all_sr_blocks=806003603_357532548_2_2_0&highlighted_blocks=806003603_357532548_2_2_0&matching_block_id=806003603_357532548_2_2_0&sr_pri_blocks=806003603_357532548_2_2_0__238810&from=searchresults
Serennia Cest Apartamentos Arc de Triomf,"Eixample, Barcelona",https://www.booking.com/hotel/es/serennia-hospitalet-de-llobregat.html?label=gen173nr-1BCAEoggI46AdSAnVzWARoRogBAZgBMbgBGcgBD9gBAegBAYgCAagCA7gCmuTXvAbAAgHSAiQ3NGM3OTk4Ni0yY2UyLTQ1NGYtOGQwZS1lZTU4ZTdhMDAwZTHYAgXgAgE&sid=735f077cb553f5b5fb1805efac5f4fa0&aid=304142&ucfs=1&arphpl=1&checkin=2025-04-01&checkout=2025-04-08&dest_id=-372490&dest_type=city&group_adults=2&req_adults=2&no_rooms=1&group_children=0&req_children=0&hpos=17&hapos=167&sr_order=popularity&srpvid=52a43c0f4b5000e9&srepoch=1737880372&all_sr_blocks=34638920_328157956_3_0_0&highlighted_blocks=34638920_328157956_3_0_0&matching_block_id=34638920_328157956_3_0_0&sr_pri_blocks=34638920_328157956_3_0_0__173132&from=searchresults
Ilunion Almirante,"Ciutat Vella, Barcelona",https://www.booking.com/hotel/es/almirante.html?label=gen173nr-1BCAEoggI46AdSAnVzWARoRogBAZgBMbgBGcgBD9gBAegBAYgCAagCA7gCmuTXvAbAAgHSAiQ3NGM3OTk4Ni0yY2UyLTQ1NGYtOGQwZS1lZTU4ZTdhMDAwZTHYAgXgAgE&sid=735f077cb553f5b5fb1805efac5f4fa0&aid=304142&ucfs=1&arphpl=1&checkin=2025-04-01&checkout=2025-04-08&dest_id=-372490&dest_type=city&group_adults=2&req_adults=2&no_rooms=1&group_children=0&req_children=0&hpos=18&hapos=168&sr_order=popularity&srpvid=52a43c0f4b5000e9&srepoch=1737880372&all_sr_blocks=9005002_391348289_0_2_0_311289&highlighted_blocks=9005002_391348289_0_2_0_311289&matching_block_id=9005002_391348289_0_2_0_311289&sr_pri_blocks=9005002_391348289_0_2_0_311289_134740&from=searchresults
Chic & Basic Velvet,"Eixample, Barcelona",https://www.booking.com/hotel/es/santangelo-barcelona.html?label=gen173nr-1BCAEoggI46AdSAnVzWARoRogBAZgBMbgBGcgBD9gBAegBAYgCAagCA7gCmuTXvAbAAgHSAiQ3NGM3OTk4Ni0yY2UyLTQ1NGYtOGQwZS1lZTU4ZTdhMDAwZTHYAgXgAgE&sid=735f077cb553f5b5fb1805efac5f4fa0&aid=304142&ucfs=1&arphpl=1&checkin=2025-04-01&checkout=2025-04-08&dest_id=-372490&dest_type=city&group_adults=2&req_adults=2&no_rooms=1&group_children=0&req_children=0&hpos=19&hapos=169&sr_order=popularity&srpvid=52a43c0f4b5000e9&srepoch=1737880372&all_sr_blocks=9096602_88190298_0_2_0&highlighted_blocks=9096602_88190298_0_2_0&matching_block_id=9096602_88190298_0_2_0&sr_pri_blocks=9096602_88190298_0_2_0__119500&from_sustainable_property_sr=1&from=searchresults
BYPILLOW Twenty,"Ciutat Vella, Barcelona",https://www.booking.com/hotel/es/atlas.html?label=gen173nr-1BCAEoggI46AdSAnVzWARoRogBAZgBMbgBGcgBD9gBAegBAYgCAagCA7gCmuTXvAbAAgHSAiQ3NGM3OTk4Ni0yY2UyLTQ1NGYtOGQwZS1lZTU4ZTdhMDAwZTHYAgXgAgE&sid=735f077cb553f5b5fb1805efac5f4fa0&aid=304142&ucfs=1&arphpl=1&checkin=2025-04-01&checkout=2025-04-08&dest_id=-372490&dest_type=city&group_adults=2&req_adults=2&no_rooms=1&group_children=0&req_children=0&hpos=20&hapos=170&sr_order=popularity&srpvid=52a43c0f4b5000e9&srepoch=1737880372&all_sr_blocks=1326124_95137227_2_2_0_290211&highlighted_blocks=1326124_95137227_2_2_0_290211&matching_block_id=1326124_95137227_2_2_0_290211&sr_pri_blocks=1326124_95137227_2_2_0_290211_135950&from=searchresults
"Radisson Blu 1882 Hotel, Barcelona Sagrada Familia","Gràcia, Barcelona",https://www.booking.com/hotel/es/barcelona-1882-barcelona1.html?label=gen173nr-1BCAEoggI46AdSAnVzWARoRogBAZgBMbgBGcgBD9gBAegBAYgCAagCA7gCmuTXvAbAAgHSAiQ3NGM3OTk4Ni0yY2UyLTQ1NGYtOGQwZS1lZTU4ZTdhMDAwZTHYAgXgAgE&sid=735f077cb553f5b5fb1805efac5f4fa0&aid=304142&ucfs=1&arphpl=1&checkin=2025-04-01&checkout=2025-04-08&dest_id=-372490&dest_type=city&group_adults=2&req_adults=2&no_rooms=1&group_children=0&req_children=0&hpos=21&hapos=171&sr_order=popularity&srpvid=52a43c0f4b5000e9&srepoch=1737880372&all_sr_blocks=405526607_124376065_2_2_0&highlighted_blocks=405526607_124376065_2_2_0&matching_block_id=405526607_124376065_2_2_0&sr_pri_blocks=405526607_124376065_2_2_0__173678&from_sustainable_property_sr=1&from=searchresults
Hotel Acta Azul Barcelona,"Sants-Montjuïc, Barcelona",https://www.booking.com/hotel/es/hotelazulbarcelona.html?label=gen173nr-1BCAEoggI46AdSAnVzWARoRogBAZgBMbgBGcgBD9gBAegBAYgCAagCA7gCmuTXvAbAAgHSAiQ3NGM3OTk4Ni0yY2UyLTQ1NGYtOGQwZS1lZTU4ZTdhMDAwZTHYAgXgAgE&sid=735f077cb553f5b5fb1805efac5f4fa0&aid=304142&ucfs=1&arphpl=1&checkin=2025-04-01&checkout=2025-04-08&dest_id=-372490&dest_type=city&group_adults=2&req_adults=2&no_rooms=1&group_children=0&req_children=0&hpos=22&hapos=172&sr_order=popularity&srpvid=52a43c0f4b5000e9&srepoch=1737880372&all_sr_blocks=9176001_88999660_0_2_0&highlighted_blocks=9176001_88999660_0_2_0&matching_block_id=9176001_88999660_0_2_0&sr_pri_blocks=9176001_88999660_0_2_0__135500&from=searchresults
"Ferienwohnung für 3 Personen ca 38 qm in Barcelona-Gràcia, Costa Brava Costa del Maresme - b62765","Gràcia, Barcelona",https://www.booking.com/hotel/es/ferienwohnung-fur-3-personen-ca-38-qm-in-barcelona-gracia-costa-brava-barcelona.html?label=gen173nr-1BCAEoggI46AdSAnVzWARoRogBAZgBMbgBGcgBD9gBAegBAYgCAagCA7gCmuTXvAbAAgHSAiQ3NGM3OTk4Ni0yY2UyLTQ1NGYtOGQwZS1lZTU4ZTdhMDAwZTHYAgXgAgE&sid=735f077cb553f5b5fb1805efac5f4fa0&aid=304142&ucfs=1&arphpl=1&checkin=2025-04-01&checkout=2025-04-08&dest_id=-372490&dest_type=city&group_adults=2&req_adults=2&no_rooms=1&group_children=0&req_children=0&hpos=23&hapos=173&sr_order=popularity&srpvid=52a43c0f4b5000e9&srepoch=1737880372&all_sr_blocks=1184010002_407026571_3_0_0&highlighted_blocks=1184010002_407026571_3_0_0&matching_block_id=1184010002_407026571_3_0_0&sr_pri_blocks=1184010002_407026571_3_0_0__133031&from=searchresults
Suite Miro Eixample Barcelona,"Eixample, Barcelona",https://www.booking.com/hotel/es/suite-miro-eixample-barcelona.html?label=gen173nr-1BCAEoggI46AdSAnVzWARoRogBAZgBMbgBGcgBD9gBAegBAYgCAagCA7gCmuTXvAbAAgHSAiQ3NGM3OTk4Ni0yY2UyLTQ1NGYtOGQwZS1lZTU4ZTdhMDAwZTHYAgXgAgE&sid=735f077cb553f5b5fb1805efac5f4fa0&aid=304142&ucfs=1&arphpl=1&checkin=2025-04-01&checkout=2025-04-08&dest_id=-372490&dest_type=city&group_adults=2&req_adults=2&no_rooms=1&group_children=0&req_children=0&hpos=24&hapos=174&sr_order=popularity&srpvid=52a43c0f4b5000e9&srepoch=1737880372&all_sr_blocks=1029405802_375650888_0_0_0&highlighted_blocks=1029405802_375650888_0_0_0&matching_block_id=1029405802_375650888_0_0_0&sr_pri_blocks=1029405802_375650888_0_0_0__122415&from=searchresults
Blanc Guest House,"Sarrià-St. Gervasi, Barcelona",https://www.booking.com/hotel/es/blanc-guest-house.html?label=gen173nr-1BCAEoggI46AdSAnVzWARoRogBAZgBMbgBGcgBD9gBAegBAYgCAagCA7gCmuTXvAbAAgHSAiQ3NGM3OTk4Ni0yY2UyLTQ1NGYtOGQwZS1lZTU4ZTdhMDAwZTHYAgXgAgE&sid=735f077cb553f5b5fb1805efac5f4fa0&aid=304142&ucfs=1&arphpl=1&checkin=2025-04-01&checkout=2025-04-08&dest_id=-372490&dest_type=city&group_adults=2&req_adults=2&no_rooms=1&group_children=0&req_children=0&hpos=25&hapos=175&sr_order=popularity&srpvid=52a43c0f4b5000e9&srepoch=1737880372&all_sr_blocks=9693015_88494245_2_1_0&highlighted_blocks=9693015_88494245_2_1_0&matching_block_id=9693015_88494245_2_1_0&sr_pri_blocks=9693015_88494245_2_1_0__89876&from_sustainable_property_sr=1&from=searchresults
Axel Hotel Barcelona - Adults Only,"Eixample, Barcelona",https://www.booking.com/hotel/es/hotelaxelbarcelona.html?label=gen173nr-1BCAEoggI46AdSAnVzWARoRogBAZgBMbgBGcgBD9gBAegBAYgCAagCA7gCmuTXvAbAAgHSAiQ3NGM3OTk4Ni0yY2UyLTQ1NGYtOGQwZS1lZTU4ZTdhMDAwZTHYAgXgAgE&sid=735f077cb553f5b5fb1805efac5f4fa0&aid=304142&ucfs=1&arphpl=1&checkin=2025-04-01&checkout=2025-04-08&dest_id=-372490&dest_type=city&group_adults=2&req_adults=2&no_rooms=1&group_children=0&req_children=0&hpos=1&hapos=176&sr_order=popularity&srpvid=52a43c0f4b5000e9&srepoch=1737880374&all_sr_blocks=9124302_249121011_0_2_0&highlighted_blocks=9124302_249121011_0_2_0&matching_block_id=9124302_249121011_0_2_0&sr_pri_blocks=9124302_249121011_0_2_0__132771&from=searchresults
Suitur apartamento floridablanca barcelona,"Eixample, Barcelona",https://www.booking.com/hotel/es/suitur-apartamento-floridablanca-barcelona.html?label=gen173nr-1BCAEoggI46AdSAnVzWARoRogBAZgBMbgBGcgBD9gBAegBAYgCAagCA7gCmuTXvAbAAgHSAiQ3NGM3OTk4Ni0yY2UyLTQ1NGYtOGQwZS1lZTU4ZTdhMDAwZTHYAgXgAgE&sid=735f077cb553f5b5fb1805efac5f4fa0&aid=304142&ucfs=1&arphpl=1&checkin=2025-04-01&checkout=2025-04-08&dest_id=-372490&dest_type=city&group_adults=2&req_adults=2&no_rooms=1&group_children=0&req_children=0&hpos=2&hapos=177&sr_order=popularity&srpvid=52a43c0f4b5000e9&srepoch=1737880374&all_sr_blocks=1070783202_385771389_2_0_0&highlighted_blocks=1070783202_385771389_2_0_0&matching_block_id=1070783202_385771389_2_0_0&sr_pri_blocks=1070783202_385771389_2_0_0__138532&from=searchresults
Hotel Ramblas Internacional,"Ciutat Vella, Barcelona",https://www.booking.com/hotel/es/husainternacional.html?label=gen173nr-1BCAEoggI46AdSAnVzWARoRogBAZgBMbgBGcgBD9gBAegBAYgCAagCA7gCmuTXvAbAAgHSAiQ3NGM3OTk4Ni0yY2UyLTQ1NGYtOGQwZS1lZTU4ZTdhMDAwZTHYAgXgAgE&sid=735f077cb553f5b5fb1805efac5f4fa0&aid=304142&ucfs=1&arphpl=1&checkin=2025-04-01&checkout=2025-04-08&dest_id=-372490&dest_type=city&group_adults=2&req_adults=2&no_rooms=1&group_children=0&req_children=0&hpos=3&hapos=178&sr_order=popularity&srpvid=52a43c0f4b5000e9&srepoch=1737880374&all_sr_blocks=9048602_99408980_0_2_0&highlighted_blocks=9048602_99408980_0_2_0&matching_block_id=9048602_99408980_0_2_0&sr_pri_blocks=9048602_99408980_0_2_0__114800&from=searchresults
LeMar by Aspasios,"Eixample, Barcelona",https://www.booking.com/hotel/es/forget-me-not-bed-and-breakfast.html?label=gen173nr-1BCAEoggI46AdSAnVzWARoRogBAZgBMbgBGcgBD9gBAegBAYgCAagCA7gCmuTXvAbAAgHSAiQ3NGM3OTk4Ni0yY2UyLTQ1NGYtOGQwZS1lZTU4ZTdhMDAwZTHYAgXgAgE&sid=735f077cb553f5b5fb1805efac5f4fa0&aid=304142&ucfs=1&arphpl=1&checkin=2025-04-01&checkout=2025-04-08&dest_id=-372490&dest_type=city&group_adults=2&req_adults=2&no_rooms=1&group_children=0&req_children=0&hpos=4&hapos=179&sr_order=popularity&srpvid=52a43c0f4b5000e9&srepoch=1737880374&all_sr_blocks=39663804_88209061_2_0_0&highlighted_blocks=39663804_88209061_2_0_0&matching_block_id=39663804_88209061_2_0_0&sr_pri_blocks=39663804_88209061_2_0_0__104620&from=searchresults
Sixtytwo Hotel,"Eixample, Barcelona",https://www.booking.com/hotel/es/sixtytwo-barcelona.html?label=gen173nr-1BCAEoggI46AdSAnVzWARoRogBAZgBMbgBGcgBD9gBAegBAYgCAagCA7gCmuTXvAbAAgHSAiQ3NGM3OTk4Ni0yY2UyLTQ1NGYtOGQwZS1lZTU4ZTdhMDAwZTHYAgXgAgE&sid=735f077cb553f5b5fb1805efac5f4fa0&aid=304142&ucfs=1&arphpl=1&checkin=2025-04-01&checkout=2025-04-08&dest_id=-372490&dest_type=city&group_adults=2&req_adults=2&no_rooms=1&group_children=0&req_children=0&hpos=5&hapos=180&sr_order=popularity&srpvid=52a43c0f4b5000e9&srepoch=1737880374&all_sr_blocks=18918409_269355254_0_2_0&highlighted_blocks=18918409_269355254_0_2_0&matching_block_id=18918409_269355254_0_2_0&sr_pri_blocks=18918409_269355254_0_2_0__231682&from=searchresults
Hotel 1898,"Ciutat Vella, Barcelona",https://www.booking.com/hotel/es/hotel.html?label=gen173nr-1BCAEoggI46AdSAnVzWARoRogBAZgBMbgBGcgBD9gBAegBAYgCAagCA7gCmuTXvAbAAgHSAiQ3NGM3OTk4Ni0yY2UyLTQ1NGYtOGQwZS1lZTU4ZTdhMDAwZTHYAgXgAgE&sid=735f077cb553f5b5fb1805efac5f4fa0&aid=304142&ucfs=1&arphpl=1&checkin=2025-04-01&checkout=2025-04-08&dest_id=-372490&dest_type=city&group_adults=2&req_adults=2&no_rooms=1&group_children=0&req_children=0&hpos=6&hapos=181&sr_order=popularity&srpvid=52a43c0f4b5000e9&srepoch=1737880374&all_sr_blocks=9167501_95123720_0_34_0&highlighted_blocks=9167501_95123720_0_34_0&matching_block_id=9167501_95123720_0_34_0&sr_pri_blocks=9167501_95123720_0_34_0__206976&from_sustainable_property_sr=1&from=searchresults
Arc La Rambla,"Ciutat Vella, Barcelona",https://www.booking.com/hotel/es/larc.html?label=gen173nr-1BCAEoggI46AdSAnVzWARoRogBAZgBMbgBGcgBD9gBAegBAYgCAagCA7gCmuTXvAbAAgHSAiQ3NGM3OTk4Ni0yY2UyLTQ1NGYtOGQwZS1lZTU4ZTdhMDAwZTHYAgXgAgE&sid=735f077cb553f5b5fb1805efac5f4fa0&aid=304142&ucfs=1&arphpl=1&checkin=2025-04-01&checkout=2025-04-08&dest_id=-372490&dest_type=city&group_adults=2&req_adults=2&no_rooms=1&group_children=0&req_children=0&hpos=7&hapos=182&sr_order=popularity&srpvid=52a43c0f4b5000e9&srepoch=1737880374&all_sr_blocks=9016106_88181423_0_2_0&highlighted_blocks=9016106_88181423_0_2_0&matching_block_id=9016106_88181423_0_2_0&sr_pri_blocks=9016106_88181423_0_2_0__129675&from=searchresults
Palau de la música 12,"Ciutat Vella, Barcelona",https://www.booking.com/hotel/es/palau-de-la-musica-12.html?label=gen173nr-1BCAEoggI46AdSAnVzWARoRogBAZgBMbgBGcgBD9gBAegBAYgCAagCA7gCmuTXvAbAAgHSAiQ3NGM3OTk4Ni0yY2UyLTQ1NGYtOGQwZS1lZTU4ZTdhMDAwZTHYAgXgAgE&sid=735f077cb553f5b5fb1805efac5f4fa0&aid=304142&ucfs=1&arphpl=1&checkin=2025-04-01&checkout=2025-04-08&dest_id=-372490&dest_type=city&group_adults=2&req_adults=2&no_rooms=1&group_children=0&req_children=0&hpos=8&hapos=183&sr_order=popularity&srpvid=52a43c0f4b5000e9&srepoch=1737880374&all_sr_blocks=1245225701_396672379_2_0_0&highlighted_blocks=1245225701_396672379_2_0_0&matching_block_id=1245225701_396672379_2_0_0&sr_pri_blocks=1245225701_396672379_2_0_0__113457&from=searchresults
Barcelona Century Hotel,"Eixample, Barcelona",https://www.booking.com/hotel/es/century-park.html?label=gen173nr-1BCAEoggI46AdSAnVzWARoRogBAZgBMbgBGcgBD9gBAegBAYgCAagCA7gCmuTXvAbAAgHSAiQ3NGM3OTk4Ni0yY2UyLTQ1NGYtOGQwZS1lZTU4ZTdhMDAwZTHYAgXgAgE&sid=735f077cb553f5b5fb1805efac5f4fa0&aid=304142&ucfs=1&arphpl=1&checkin=2025-04-01&checkout=2025-04-08&dest_id=-372490&dest_type=city&group_adults=2&req_adults=2&no_rooms=1&group_children=0&req_children=0&hpos=9&hapos=184&sr_order=popularity&srpvid=52a43c0f4b5000e9&srepoch=1737880374&all_sr_blocks=17565402_339925194_0_2_0&highlighted_blocks=17565402_339925194_0_2_0&matching_block_id=17565402_339925194_0_2_0&sr_pri_blocks=17565402_339925194_0_2_0__132234&from=searchresults
Inside Barcelona Apartments Princep,"Sants-Montjuïc, Barcelona",https://www.booking.com/hotel/es/vivobarcelona-apartments.html?label=gen173nr-1BCAEoggI46AdSAnVzWARoRogBAZgBMbgBGcgBD9gBAegBAYgCAagCA7gCmuTXvAbAAgHSAiQ3NGM3OTk4Ni0yY2UyLTQ1NGYtOGQwZS1lZTU4ZTdhMDAwZTHYAgXgAgE&sid=735f077cb553f5b5fb1805efac5f4fa0&aid=304142&ucfs=1&arphpl=1&checkin=2025-04-01&checkout=2025-04-08&dest_id=-372490&dest_type=city&group_adults=2&req_adults=2&no_rooms=1&group_children=0&req_children=0&hpos=10&hapos=185&sr_order=popularity&srpvid=52a43c0f4b5000e9&srepoch=1737880374&all_sr_blocks=1875213_334793618_2_0_0&highlighted_blocks=1875213_334793618_2_0_0&matching_block_id=1875213_334793618_2_0_0&sr_pri_blocks=1875213_334793618_2_0_0__139232&from=searchresults
Hotel Barcelona Universal,"Ciutat Vella, Barcelona",https://www.booking.com/hotel/es/universal.html?label=gen173nr-1BCAEoggI46AdSAnVzWARoRogBAZgBMbgBGcgBD9gBAegBAYgCAagCA7gCmuTXvAbAAgHSAiQ3NGM3OTk4Ni0yY2UyLTQ1NGYtOGQwZS1lZTU4ZTdhMDAwZTHYAgXgAgE&sid=735f077cb553f5b5fb1805efac5f4fa0&aid=304142&ucfs=1&arphpl=1&checkin=2025-04-01&checkout=2025-04-08&dest_id=-372490&dest_type=city&group_adults=2&req_adults=2&no_rooms=1&group_children=0&req_children=0&hpos=11&hapos=186&sr_order=popularity&srpvid=52a43c0f4b5000e9&srepoch=1737880374&all_sr_blocks=9023102_93708782_0_34_0&highlighted_blocks=9023102_93708782_0_34_0&matching_block_id=9023102_93708782_0_34_0&sr_pri_blocks=9023102_93708782_0_34_0__136542&from_sustainable_property_sr=1&from=searchresults
BCN Urbaness Hotels Bonavista,"Gràcia, Barcelona",https://www.booking.com/hotel/es/bcnurbanbonavista.html?label=gen173nr-1BCAEoggI46AdSAnVzWARoRogBAZgBMbgBGcgBD9gBAegBAYgCAagCA7gCmuTXvAbAAgHSAiQ3NGM3OTk4Ni0yY2UyLTQ1NGYtOGQwZS1lZTU4ZTdhMDAwZTHYAgXgAgE&sid=735f077cb553f5b5fb1805efac5f4fa0&aid=304142&ucfs=1&arphpl=1&checkin=2025-04-01&checkout=2025-04-08&dest_id=-372490&dest_type=city&group_adults=2&req_adults=2&no_rooms=1&group_children=0&req_children=0&hpos=12&hapos=187&sr_order=popularity&srpvid=52a43c0f4b5000e9&srepoch=1737880374&all_sr_blocks=9339502_341945128_0_0_0&highlighted_blocks=9339502_341945128_0_0_0&matching_block_id=9339502_341945128_0_0_0&sr_pri_blocks=9339502_341945128_0_0_0__113055&from=searchresults
Palau de la música 8,"Ciutat Vella, Barcelona",https://www.booking.com/hotel/es/palau-de-la-musica-8.html?label=gen173nr-1BCAEoggI46AdSAnVzWARoRogBAZgBMbgBGcgBD9gBAegBAYgCAagCA7gCmuTXvAbAAgHSAiQ3NGM3OTk4Ni0yY2UyLTQ1NGYtOGQwZS1lZTU4ZTdhMDAwZTHYAgXgAgE&sid=735f077cb553f5b5fb1805efac5f4fa0&aid=304142&ucfs=1&arphpl=1&checkin=2025-04-01&checkout=2025-04-08&dest_id=-372490&dest_type=city&group_adults=2&req_adults=2&no_rooms=1&group_children=0&req_children=0&hpos=13&hapos=188&sr_order=popularity&srpvid=52a43c0f4b5000e9&srepoch=1737880374&all_sr_blocks=1244597501_396572631_2_0_0&highlighted_blocks=1244597501_396572631_2_0_0&matching_block_id=1244597501_396572631_2_0_0&sr_pri_blocks=1244597501_396572631_2_0_0__113457&from=searchresults
Hotel Casa Teva Barcelona,"Ciutat Vella, Barcelona",https://www.booking.com/hotel/es/casa-teva-barcelona.html?label=gen173nr-1BCAEoggI46AdSAnVzWARoRogBAZgBMbgBGcgBD9gBAegBAYgCAagCA7gCmuTXvAbAAgHSAiQ3NGM3OTk4Ni0yY2UyLTQ1NGYtOGQwZS1lZTU4ZTdhMDAwZTHYAgXgAgE&sid=735f077cb553f5b5fb1805efac5f4fa0&aid=304142&ucfs=1&arphpl=1&checkin=2025-04-01&checkout=2025-04-08&dest_id=-372490&dest_type=city&group_adults=2&req_adults=2&no_rooms=1&group_children=0&req_children=0&hpos=14&hapos=189&sr_order=popularity&srpvid=52a43c0f4b5000e9&srepoch=1737880374&all_sr_blocks=9039113_88450465_0_0_0&highlighted_blocks=9039113_88450465_0_0_0&matching_block_id=9039113_88450465_0_0_0&sr_pri_blocks=9039113_88450465_0_0_0__146452&from=searchresults
Flor Parks,"Ciutat Vella, Barcelona",https://www.booking.com/hotel/es/flor-parks.html?label=gen173nr-1BCAEoggI46AdSAnVzWARoRogBAZgBMbgBGcgBD9gBAegBAYgCAagCA7gCmuTXvAbAAgHSAiQ3NGM3OTk4Ni0yY2UyLTQ1NGYtOGQwZS1lZTU4ZTdhMDAwZTHYAgXgAgE&sid=735f077cb553f5b5fb1805efac5f4fa0&aid=304142&ucfs=1&arphpl=1&checkin=2025-04-01&checkout=2025-04-08&dest_id=-372490&dest_type=city&group_adults=2&req_adults=2&no_rooms=1&group_children=0&req_children=0&hpos=15&hapos=190&sr_order=popularity&srpvid=52a43c0f4b5000e9&srepoch=1737880374&all_sr_blocks=9244201_88192497_2_0_0&highlighted_blocks=9244201_88192497_2_0_0&matching_block_id=9244201_88192497_2_0_0&sr_pri_blocks=9244201_88192497_2_0_0__127019&from=searchresults
Mosaic by Ona,"Eixample, Barcelona",https://www.booking.com/hotel/es/ona-hotels-mosaic.html?label=gen173nr-1BCAEoggI46AdSAnVzWARoRogBAZgBMbgBGcgBD9gBAegBAYgCAagCA7gCmuTXvAbAAgHSAiQ3NGM3OTk4Ni0yY2UyLTQ1NGYtOGQwZS1lZTU4ZTdhMDAwZTHYAgXgAgE&sid=735f077cb553f5b5fb1805efac5f4fa0&aid=304142&ucfs=1&arphpl=1&checkin=2025-04-01&checkout=2025-04-08&dest_id=-372490&dest_type=city&group_adults=2&req_adults=2&no_rooms=1&group_children=0&req_children=0&hpos=16&hapos=191&sr_order=popularity&srpvid=52a43c0f4b5000e9&srepoch=1737880374&all_sr_blocks=251792301_103679716_0_2_0&highlighted_blocks=251792301_103679716_0_2_0&matching_block_id=251792301_103679716_0_2_0&sr_pri_blocks=251792301_103679716_0_2_0__150649&from=searchresults
Catalonia Park Putxet,"Sarrià-St. Gervasi, Barcelona",https://www.booking.com/hotel/es/cataloniaparkputxet.html?label=gen173nr-1BCAEoggI46AdSAnVzWARoRogBAZgBMbgBGcgBD9gBAegBAYgCAagCA7gCmuTXvAbAAgHSAiQ3NGM3OTk4Ni0yY2UyLTQ1NGYtOGQwZS1lZTU4ZTdhMDAwZTHYAgXgAgE&sid=735f077cb553f5b5fb1805efac5f4fa0&aid=304142&ucfs=1&arphpl=1&checkin=2025-04-01&checkout=2025-04-08&dest_id=-372490&dest_type=city&group_adults=2&req_adults=2&no_rooms=1&group_children=0&req_children=0&hpos=17&hapos=192&sr_order=popularity&srpvid=52a43c0f4b5000e9&srepoch=1737880374&all_sr_blocks=9059209_88181958_0_2_0&highlighted_blocks=9059209_88181958_0_2_0&matching_block_id=9059209_88181958_0_2_0&sr_pri_blocks=9059209_88181958_0_2_0__105078&from_sustainable_property_sr=1&from=searchresults
Hostal Benidorm,"Ciutat Vella, Barcelona",https://www.booking.com/hotel/es/hostal-benidorm.html?label=gen173nr-1BCAEoggI46AdSAnVzWARoRogBAZgBMbgBGcgBD9gBAegBAYgCAagCA7gCmuTXvAbAAgHSAiQ3NGM3OTk4Ni0yY2UyLTQ1NGYtOGQwZS1lZTU4ZTdhMDAwZTHYAgXgAgE&sid=735f077cb553f5b5fb1805efac5f4fa0&aid=304142&ucfs=1&arphpl=1&checkin=2025-04-01&checkout=2025-04-08&dest_id=-372490&dest_type=city&group_adults=2&req_adults=2&no_rooms=1&group_children=0&req_children=0&hpos=18&hapos=193&sr_order=popularity&srpvid=52a43c0f4b5000e9&srepoch=1737880374&all_sr_blocks=1968614_95144417_0_0_0&highlighted_blocks=1968614_95144417_0_0_0&matching_block_id=1968614_95144417_0_0_0&sr_pri_blocks=1968614_95144417_0_0_0__111100&from=searchresults
Royal Ramblas,"Ciutat Vella, Barcelona",https://www.booking.com/hotel/es/royal.html?label=gen173nr-1BCAEoggI46AdSAnVzWARoRogBAZgBMbgBGcgBD9gBAegBAYgCAagCA7gCmuTXvAbAAgHSAiQ3NGM3OTk4Ni0yY2UyLTQ1NGYtOGQwZS1lZTU4ZTdhMDAwZTHYAgXgAgE&sid=735f077cb553f5b5fb1805efac5f4fa0&aid=304142&ucfs=1&arphpl=1&checkin=2025-04-01&checkout=2025-04-08&dest_id=-372490&dest_type=city&group_adults=2&req_adults=2&no_rooms=1&group_children=0&req_children=0&hpos=19&hapos=194&sr_order=popularity&srpvid=52a43c0f4b5000e9&srepoch=1737880374&all_sr_blocks=9022822_88181502_0_2_0&highlighted_blocks=9022822_88181502_0_2_0&matching_block_id=9022822_88181502_0_2_0&sr_pri_blocks=9022822_88181502_0_2_0__191078&from_sustainable_property_sr=1&from=searchresults
H10 Universitat,"Eixample, Barcelona",https://www.booking.com/hotel/es/h10universitat.html?label=gen173nr-1BCAEoggI46AdSAnVzWARoRogBAZgBMbgBGcgBD9gBAegBAYgCAagCA7gCmuTXvAbAAgHSAiQ3NGM3OTk4Ni0yY2UyLTQ1NGYtOGQwZS1lZTU4ZTdhMDAwZTHYAgXgAgE&sid=735f077cb553f5b5fb1805efac5f4fa0&aid=304142&ucfs=1&arphpl=1&checkin=2025-04-01&checkout=2025-04-08&dest_id=-372490&dest_type=city&group_adults=2&req_adults=2&no_rooms=1&group_children=0&req_children=0&hpos=20&hapos=195&sr_order=popularity&srpvid=52a43c0f4b5000e9&srepoch=1737880374&all_sr_blocks=9097710_233163770_0_2_0_225856&highlighted_blocks=9097710_233163770_0_2_0_225856&matching_block_id=9097710_233163770_0_2_0_225856&sr_pri_blocks=9097710_233163770_0_2_0_225856_183078&from_sustainable_property_sr=1&from=searchresults
Mercer House Bòria BCN,"Ciutat Vella, Barcelona",https://www.booking.com/hotel/es/mercer-house-boria-bcn.html?label=gen173nr-1BCAEoggI46AdSAnVzWARoRogBAZgBMbgBGcgBD9gBAegBAYgCAagCA7gCmuTXvAbAAgHSAiQ3NGM3OTk4Ni0yY2UyLTQ1NGYtOGQwZS1lZTU4ZTdhMDAwZTHYAgXgAgE&sid=735f077cb553f5b5fb1805efac5f4fa0&aid=304142&ucfs=1&arphpl=1&checkin=2025-04-01&checkout=2025-04-08&dest_id=-372490&dest_type=city&group_adults=2&req_adults=2&no_rooms=1&group_children=0&req_children=0&hpos=21&hapos=196&sr_order=popularity&srpvid=52a43c0f4b5000e9&srepoch=1737880374&all_sr_blocks=9351203_88193804_2_2_0&highlighted_blocks=9351203_88193804_2_2_0&matching_block_id=9351203_88193804_2_2_0&sr_pri_blocks=9351203_88193804_2_2_0__179778&from=searchresults
Ola Living Consell De Cent,"Eixample, Barcelona",https://www.booking.com/hotel/es/ola-living-consell-de-cent.html?label=gen173nr-1BCAEoggI46AdSAnVzWARoRogBAZgBMbgBGcgBD9gBAegBAYgCAagCA7gCmuTXvAbAAgHSAiQ3NGM3OTk4Ni0yY2UyLTQ1NGYtOGQwZS1lZTU4ZTdhMDAwZTHYAgXgAgE&sid=735f077cb553f5b5fb1805efac5f4fa0&aid=304142&ucfs=1&arphpl=1&checkin=2025-04-01&checkout=2025-04-08&dest_id=-372490&dest_type=city&group_adults=2&req_adults=2&no_rooms=1&group_children=0&req_children=0&hpos=22&hapos=197&sr_order=popularity&srpvid=52a43c0f4b5000e9&srepoch=1737880374&all_sr_blocks=1103277902_397269096_2_0_0&highlighted_blocks=1103277902_397269096_2_0_0&matching_block_id=1103277902_397269096_2_0_0&sr_pri_blocks=1103277902_397269096_2_0_0__133908&from=searchresults
Hotel Cortes Rambla,"Ciutat Vella, Barcelona",https://www.booking.com/hotel/es/cortes-boutique.html?label=gen173nr-1BCAEoggI46AdSAnVzWARoRogBAZgBMbgBGcgBD9gBAegBAYgCAagCA7gCmuTXvAbAAgHSAiQ3NGM3OTk4Ni0yY2UyLTQ1NGYtOGQwZS1lZTU4ZTdhMDAwZTHYAgXgAgE&sid=735f077cb553f5b5fb1805efac5f4fa0&aid=304142&ucfs=1&arphpl=1&checkin=2025-04-01&checkout=2025-04-08&dest_id=-372490&dest_type=city&group_adults=2&req_adults=2&no_rooms=1&group_children=0&req_children=0&hpos=23&hapos=198&sr_order=popularity&srpvid=52a43c0f4b5000e9&srepoch=1737880374&all_sr_blocks=1011517802_373820432_0_0_0&highlighted_blocks=1011517802_373820432_0_0_0&matching_block_id=1011517802_373820432_0_0_0&sr_pri_blocks=1011517802_373820432_0_0_0__164570&from=searchresults
Stay Barcelona Charming Gracia,"Gràcia, Barcelona",https://www.booking.com/hotel/es/stay-barcelona-charming-gracia.html?label=gen173nr-1BCAEoggI46AdSAnVzWARoRogBAZgBMbgBGcgBD9gBAegBAYgCAagCA7gCmuTXvAbAAgHSAiQ3NGM3OTk4Ni0yY2UyLTQ1NGYtOGQwZS1lZTU4ZTdhMDAwZTHYAgXgAgE&sid=735f077cb553f5b5fb1805efac5f4fa0&aid=304142&ucfs=1&arphpl=1&checkin=2025-04-01&checkout=2025-04-08&dest_id=-372490&dest_type=city&group_adults=2&req_adults=2&no_rooms=1&group_children=0&req_children=0&hpos=24&hapos=199&sr_order=popularity&srpvid=52a43c0f4b5000e9&srepoch=1737880374&all_sr_blocks=1119457601_384764265_2_0_0&highlighted_blocks=1119457601_384764265_2_0_0&matching_block_id=1119457601_384764265_2_0_0&sr_pri_blocks=1119457601_384764265_2_0_0__129832&from=searchresults
Acta Splendid,"Eixample, Barcelona",https://www.booking.com/hotel/es/splendid.html?label=gen173nr-1BCAEoggI46AdSAnVzWARoRogBAZgBMbgBGcgBD9gBAegBAYgCAagCA7gCmuTXvAbAAgHSAiQ3NGM3OTk4Ni0yY2UyLTQ1NGYtOGQwZS1lZTU4ZTdhMDAwZTHYAgXgAgE&sid=735f077cb553f5b5fb1805efac5f4fa0&aid=304142&ucfs=1&arphpl=1&checkin=2025-04-01&checkout=2025-04-08&dest_id=-372490&dest_type=city&group_adults=2&req_adults=2&no_rooms=1&group_children=0&req_children=0&hpos=25&hapos=200&sr_order=popularity&srpvid=52a43c0f4b5000e9&srepoch=1737880374&all_sr_blocks=9054602_91462713_0_2_0&highlighted_blocks=9054602_91462713_0_2_0&matching_block_id=9054602_91462713_0_2_0&sr_pri_blocks=9054602_91462713_0_2_0__129876&from=searchresults
Hostal Nova Barcelona,"Sants-Montjuïc, Barcelona",https://www.booking.com/hotel/es/jacana-hosteleria-hospitalet-de-llobregat2.html?label=gen173nr-1BCAEoggI46AdSAnVzWARoRogBAZgBMbgBGcgBD9gBAegBAYgCAagCA7gCmuTXvAbAAgHSAiQ3NGM3OTk4Ni0yY2UyLTQ1NGYtOGQwZS1lZTU4ZTdhMDAwZTHYAgXgAgE&sid=735f077cb553f5b5fb1805efac5f4fa0&aid=304142&ucfs=1&arphpl=1&checkin=2025-04-01&checkout=2025-04-08&dest_id=-372490&dest_type=city&group_adults=2&req_adults=2&no_rooms=1&group_children=0&req_children=0&hpos=1&hapos=201&sr_order=popularity&srpvid=52a43c0f4b5000e9&srepoch=1737880376&all_sr_blocks=150868604_279928173_2_0_0&highlighted_blocks=150868604_279928173_2_0_0&matching_block_id=150868604_279928173_2_0_0&sr_pri_blocks=150868604_279928173_2_0_0__85937&from=searchresults
Villa Sagrada,"Eixample, Barcelona",https://www.booking.com/hotel/es/villa-sagrada.html?label=gen173nr-1BCAEoggI46AdSAnVzWARoRogBAZgBMbgBGcgBD9gBAegBAYgCAagCA7gCmuTXvAbAAgHSAiQ3NGM3OTk4Ni0yY2UyLTQ1NGYtOGQwZS1lZTU4ZTdhMDAwZTHYAgXgAgE&sid=735f077cb553f5b5fb1805efac5f4fa0&aid=304142&ucfs=1&arphpl=1&checkin=2025-04-01&checkout=2025-04-08&dest_id=-372490&dest_type=city&group_adults=2&req_adults=2&no_rooms=1&group_children=0&req_children=0&hpos=2&hapos=202&sr_order=popularity&srpvid=52a43c0f4b5000e9&srepoch=1737880376&all_sr_blocks=106837301_354112705_2_0_0&highlighted_blocks=106837301_354112705_2_0_0&matching_block_id=106837301_354112705_2_0_0&sr_pri_blocks=106837301_354112705_2_0_0__128332&from=searchresults
Petit Palace Boqueria Garden,"Ciutat Vella, Barcelona",https://www.booking.com/hotel/es/petit-palace-opera-garden-ramblas.html?label=gen173nr-1BCAEoggI46AdSAnVzWARoRogBAZgBMbgBGcgBD9gBAegBAYgCAagCA7gCmuTXvAbAAgHSAiQ3NGM3OTk4Ni0yY2UyLTQ1NGYtOGQwZS1lZTU4ZTdhMDAwZTHYAgXgAgE&sid=735f077cb553f5b5fb1805efac5f4fa0&aid=304142&ucfs=1&arphpl=1&checkin=2025-04-01&checkout=2025-04-08&dest_id=-372490&dest_type=city&group_adults=2&req_adults=2&no_rooms=1&group_children=0&req_children=0&hpos=3&hapos=203&sr_order=popularity&srpvid=52a43c0f4b5000e9&srepoch=1737880376&all_sr_blocks=9292302_202734866_0_2_0_184262&highlighted_blocks=9292302_202734866_0_2_0_184262&matching_block_id=9292302_202734866_0_2_0_184262&sr_pri_blocks=9292302_202734866_0_2_0_184262_183358&from=searchresults
Catalonia Catedral,"Ciutat Vella, Barcelona",https://www.booking.com/hotel/es/catalonia-catedral.html?label=gen173nr-1BCAEoggI46AdSAnVzWARoRogBAZgBMbgBGcgBD9gBAegBAYgCAagCA7gCmuTXvAbAAgHSAiQ3NGM3OTk4Ni0yY2UyLTQ1NGYtOGQwZS1lZTU4ZTdhMDAwZTHYAgXgAgE&sid=735f077cb553f5b5fb1805efac5f4fa0&aid=304142&ucfs=1&arphpl=1&checkin=2025-04-01&checkout=2025-04-08&dest_id=-372490&dest_type=city&group_adults=2&req_adults=2&no_rooms=1&group_children=0&req_children=0&hpos=4&hapos=204&sr_order=popularity&srpvid=52a43c0f4b5000e9&srepoch=1737880376&all_sr_blocks=18950005_194582652_0_2_0&highlighted_blocks=18950005_194582652_0_2_0&matching_block_id=18950005_194582652_0_2_0&sr_pri_blocks=18950005_194582652_0_2_0__170778&from_sustainable_property_sr=1&from=searchresults
Grums Hotel & Spa,"Sants-Montjuïc, Barcelona",https://www.booking.com/hotel/es/grums-barcelona.html?label=gen173nr-1BCAEoggI46AdSAnVzWARoRogBAZgBMbgBGcgBD9gBAegBAYgCAagCA7gCmuTXvAbAAgHSAiQ3NGM3OTk4Ni0yY2UyLTQ1NGYtOGQwZS1lZTU4ZTdhMDAwZTHYAgXgAgE&sid=735f077cb553f5b5fb1805efac5f4fa0&aid=304142&ucfs=1&arphpl=1&checkin=2025-04-01&checkout=2025-04-08&dest_id=-372490&dest_type=city&group_adults=2&req_adults=2&no_rooms=1&group_children=0&req_children=0&hpos=5&hapos=205&sr_order=popularity&srpvid=52a43c0f4b5000e9&srepoch=1737880376&all_sr_blocks=27845801_88154779_2_2_0&highlighted_blocks=27845801_88154779_2_2_0&matching_block_id=27845801_88154779_2_2_0&sr_pri_blocks=27845801_88154779_2_2_0__148998&from=searchresults
Eurostars Monumental,"Eixample, Barcelona",https://www.booking.com/hotel/es/eurostars-monumental.html?label=gen173nr-1BCAEoggI46AdSAnVzWARoRogBAZgBMbgBGcgBD9gBAegBAYgCAagCA7gCmuTXvAbAAgHSAiQ3NGM3OTk4Ni0yY2UyLTQ1NGYtOGQwZS1lZTU4ZTdhMDAwZTHYAgXgAgE&sid=735f077cb553f5b5fb1805efac5f4fa0&aid=304142&ucfs=1&arphpl=1&checkin=2025-04-01&checkout=2025-04-08&dest_id=-372490&dest_type=city&group_adults=2&req_adults=2&no_rooms=1&group_children=0&req_children=0&hpos=6&hapos=206&sr_order=popularity&srpvid=52a43c0f4b5000e9&srepoch=1737880376&all_sr_blocks=9120002_91462874_2_2_0&highlighted_blocks=9120002_91462874_2_2_0&matching_block_id=9120002_91462874_2_2_0&sr_pri_blocks=9120002_91462874_2_2_0__137505&from_sustainable_property_sr=1&from=searchresults
Hotel Barcelona Catedral,"Ciutat Vella, Barcelona",https://www.booking.com/hotel/es/barcelona-catedral.html?label=gen173nr-1BCAEoggI46AdSAnVzWARoRogBAZgBMbgBGcgBD9gBAegBAYgCAagCA7gCmuTXvAbAAgHSAiQ3NGM3OTk4Ni0yY2UyLTQ1NGYtOGQwZS1lZTU4ZTdhMDAwZTHYAgXgAgE&sid=735f077cb553f5b5fb1805efac5f4fa0&aid=304142&ucfs=1&arphpl=1&checkin=2025-04-01&checkout=2025-04-08&dest_id=-372490&dest_type=city&group_adults=2&req_adults=2&no_rooms=1&group_children=0&req_children=0&hpos=7&hapos=207&sr_order=popularity&srpvid=52a43c0f4b5000e9&srepoch=1737880376&all_sr_blocks=9192718_88192023_0_2_0&highlighted_blocks=9192718_88192023_0_2_0&matching_block_id=9192718_88192023_0_2_0&sr_pri_blocks=9192718_88192023_0_2_0__179238&from_sustainable_property_sr=1&from=searchresults
H La Paloma Boutique,"Ciutat Vella, Barcelona",https://www.booking.com/hotel/es/h-la-paloma.html?label=gen173nr-1BCAEoggI46AdSAnVzWARoRogBAZgBMbgBGcgBD9gBAegBAYgCAagCA7gCmuTXvAbAAgHSAiQ3NGM3OTk4Ni0yY2UyLTQ1NGYtOGQwZS1lZTU4ZTdhMDAwZTHYAgXgAgE&sid=735f077cb553f5b5fb1805efac5f4fa0&aid=304142&ucfs=1&arphpl=1&checkin=2025-04-01&checkout=2025-04-08&dest_id=-372490&dest_type=city&group_adults=2&req_adults=2&no_rooms=1&group_children=0&req_children=0&hpos=8&hapos=208&sr_order=popularity&srpvid=52a43c0f4b5000e9&srepoch=1737880376&all_sr_blocks=90133605_93215977_0_0_0&highlighted_blocks=90133605_93215977_0_0_0&matching_block_id=90133605_93215977_0_0_0&sr_pri_blocks=90133605_93215977_0_0_0__104900&from=searchresults
Fisa Rentals Gran Via Apartments,"Eixample, Barcelona",https://www.booking.com/hotel/es/fisa-rentals-gran-via.html?label=gen173nr-1BCAEoggI46AdSAnVzWARoRogBAZgBMbgBGcgBD9gBAegBAYgCAagCA7gCmuTXvAbAAgHSAiQ3NGM3OTk4Ni0yY2UyLTQ1NGYtOGQwZS1lZTU4ZTdhMDAwZTHYAgXgAgE&sid=735f077cb553f5b5fb1805efac5f4fa0&aid=304142&ucfs=1&arphpl=1&checkin=2025-04-01&checkout=2025-04-08&dest_id=-372490&dest_type=city&group_adults=2&req_adults=2&no_rooms=1&group_children=0&req_children=0&hpos=9&hapos=209&sr_order=popularity&srpvid=52a43c0f4b5000e9&srepoch=1737880376&all_sr_blocks=28776420_120550344_0_0_0&highlighted_blocks=28776420_120550344_0_0_0&matching_block_id=28776420_120550344_0_0_0&sr_pri_blocks=28776420_120550344_0_0_0__163550&from=searchresults
Barceló Raval,"Ciutat Vella, Barcelona",https://www.booking.com/hotel/es/raval.html?label=gen173nr-1BCAEoggI46AdSAnVzWARoRogBAZgBMbgBGcgBD9gBAegBAYgCAagCA7gCmuTXvAbAAgHSAiQ3NGM3OTk4Ni0yY2UyLTQ1NGYtOGQwZS1lZTU4ZTdhMDAwZTHYAgXgAgE&sid=735f077cb553f5b5fb1805efac5f4fa0&aid=304142&ucfs=1&arphpl=1&checkin=2025-04-01&checkout=2025-04-08&dest_id=-372490&dest_type=city&group_adults=2&req_adults=2&no_rooms=1&group_children=0&req_children=0&hpos=10&hapos=210&sr_order=popularity&srpvid=52a43c0f4b5000e9&srepoch=1737880376&all_sr_blocks=1269711_95136258_2_2_0&highlighted_blocks=1269711_95136258_2_2_0&matching_block_id=1269711_95136258_2_2_0&sr_pri_blocks=1269711_95136258_2_2_0__156828&from=searchresults
Seventy Barcelona,"Eixample, Barcelona",https://www.booking.com/hotel/es/seventy-barcelona.html?label=gen173nr-1BCAEoggI46AdSAnVzWARoRogBAZgBMbgBGcgBD9gBAegBAYgCAagCA7gCmuTXvAbAAgHSAiQ3NGM3OTk4Ni0yY2UyLTQ1NGYtOGQwZS1lZTU4ZTdhMDAwZTHYAgXgAgE&sid=735f077cb553f5b5fb1805efac5f4fa0&aid=304142&ucfs=1&arphpl=1&checkin=2025-04-01&checkout=2025-04-08&dest_id=-372490&dest_type=city&group_adults=2&req_adults=2&no_rooms=1&group_children=0&req_children=0&hpos=11&hapos=211&sr_order=popularity&srpvid=52a43c0f4b5000e9&srepoch=1737880376&all_sr_blocks=562671814_383978817_0_34_0&highlighted_blocks=562671814_383978817_0_34_0&matching_block_id=562671814_383978817_0_34_0&sr_pri_blocks=562671814_383978817_0_34_0__192807&from_sustainable_property_sr=1&from=searchresults
Hotel Barcelona Center,"Eixample, Barcelona",https://www.booking.com/hotel/es/barcelona-center.html?label=gen173nr-1BCAEoggI46AdSAnVzWARoRogBAZgBMbgBGcgBD9gBAegBAYgCAagCA7gCmuTXvAbAAgHSAiQ3NGM3OTk4Ni0yY2UyLTQ1NGYtOGQwZS1lZTU4ZTdhMDAwZTHYAgXgAgE&sid=735f077cb553f5b5fb1805efac5f4fa0&aid=304142&ucfs=1&arphpl=1&checkin=2025-04-01&checkout=2025-04-08&dest_id=-372490&dest_type=city&group_adults=2&req_adults=2&no_rooms=1&group_children=0&req_children=0&hpos=12&hapos=212&sr_order=popularity&srpvid=52a43c0f4b5000e9&srepoch=1737880376&all_sr_blocks=9275301_387878407_0_42_0_411211&highlighted_blocks=9275301_387878407_0_42_0_411211&matching_block_id=9275301_387878407_0_42_0_411211&sr_pri_blocks=9275301_387878407_0_42_0_411211_178252&from=searchresults
Guitart Grand Passage,"Eixample, Barcelona",https://www.booking.com/hotel/es/grandpasage.html?label=gen173nr-1BCAEoggI46AdSAnVzWARoRogBAZgBMbgBGcgBD9gBAegBAYgCAagCA7gCmuTXvAbAAgHSAiQ3NGM3OTk4Ni0yY2UyLTQ1NGYtOGQwZS1lZTU4ZTdhMDAwZTHYAgXgAgE&sid=735f077cb553f5b5fb1805efac5f4fa0&aid=304142&ucfs=1&arphpl=1&checkin=2025-04-01&checkout=2025-04-08&dest_id=-372490&dest_type=city&group_adults=2&req_adults=2&no_rooms=1&group_children=0&req_children=0&hpos=13&hapos=213&sr_order=popularity&srpvid=52a43c0f4b5000e9&srepoch=1737880376&all_sr_blocks=9005112_372898785_0_2_0&highlighted_blocks=9005112_372898785_0_2_0&matching_block_id=9005112_372898785_0_2_0&sr_pri_blocks=9005112_372898785_0_2_0__129078&from_sustainable_property_sr=1&from=searchresults
Arya Stadium Hotel,"Sants-Montjuïc, Barcelona",https://www.booking.com/hotel/es/arya-stadium-hotel.html?label=gen173nr-1BCAEoggI46AdSAnVzWARoRogBAZgBMbgBGcgBD9gBAegBAYgCAagCA7gCmuTXvAbAAgHSAiQ3NGM3OTk4Ni0yY2UyLTQ1NGYtOGQwZS1lZTU4ZTdhMDAwZTHYAgXgAgE&sid=735f077cb553f5b5fb1805efac5f4fa0&aid=304142&ucfs=1&arphpl=1&checkin=2025-04-01&checkout=2025-04-08&dest_id=-372490&dest_type=city&group_adults=2&req_adults=2&no_rooms=1&group_children=0&req_children=0&hpos=14&hapos=214&sr_order=popularity&srpvid=52a43c0f4b5000e9&srepoch=1737880376&all_sr_blocks=258713501_104555038_2_42_0_558105&highlighted_blocks=258713501_104555038_2_42_0_558105&matching_block_id=258713501_104555038_2_42_0_558105&sr_pri_blocks=258713501_104555038_2_42_0_558105_119494&from=searchresults
Hesperia Barcelona Barri Gòtic,"Ciutat Vella, Barcelona",https://www.booking.com/hotel/es/hesperiametropol.html?label=gen173nr-1BCAEoggI46AdSAnVzWARoRogBAZgBMbgBGcgBD9gBAegBAYgCAagCA7gCmuTXvAbAAgHSAiQ3NGM3OTk4Ni0yY2UyLTQ1NGYtOGQwZS1lZTU4ZTdhMDAwZTHYAgXgAgE&sid=735f077cb553f5b5fb1805efac5f4fa0&aid=304142&ucfs=1&arphpl=1&checkin=2025-04-01&checkout=2025-04-08&dest_id=-372490&dest_type=city&group_adults=2&req_adults=2&no_rooms=1&group_children=0&req_children=0&hpos=15&hapos=215&sr_order=popularity&srpvid=52a43c0f4b5000e9&srepoch=1737880376&all_sr_blocks=9181915_93709440_0_2_0_301712&highlighted_blocks=9181915_93709440_0_2_0_301712&matching_block_id=9181915_93709440_0_2_0_301712&sr_pri_blocks=9181915_93709440_0_2_0_301712_194750&from_sustainable_property_sr=1&from=searchresults
NH Collection Barcelona Podium,"Eixample, Barcelona",https://www.booking.com/hotel/es/nhpodium.html?label=gen173nr-1BCAEoggI46AdSAnVzWARoRogBAZgBMbgBGcgBD9gBAegBAYgCAagCA7gCmuTXvAbAAgHSAiQ3NGM3OTk4Ni0yY2UyLTQ1NGYtOGQwZS1lZTU4ZTdhMDAwZTHYAgXgAgE&sid=735f077cb553f5b5fb1805efac5f4fa0&aid=304142&ucfs=1&arphpl=1&checkin=2025-04-01&checkout=2025-04-08&dest_id=-372490&dest_type=city&group_adults=2&req_adults=2&no_rooms=1&group_children=0&req_children=0&hpos=16&hapos=216&sr_order=popularity&srpvid=52a43c0f4b5000e9&srepoch=1737880376&all_sr_blocks=9077803_93709050_0_2_0&highlighted_blocks=9077803_93709050_0_2_0&matching_block_id=9077803_93709050_0_2_0&sr_pri_blocks=9077803_93709050_0_2_0__147228&from_sustainable_property_sr=1&from=searchresults
SLS Barcelona,"Forum Beach , Barcelona",https://www.booking.com/hotel/es/sls-barcelona.html?label=gen173nr-1BCAEoggI46AdSAnVzWARoRogBAZgBMbgBGcgBD9gBAegBAYgCAagCA7gCmuTXvAbAAgHSAiQ3NGM3OTk4Ni0yY2UyLTQ1NGYtOGQwZS1lZTU4ZTdhMDAwZTHYAgXgAgE&sid=735f077cb553f5b5fb1805efac5f4fa0&aid=304142&ucfs=1&arphpl=1&checkin=2025-04-01&checkout=2025-04-08&dest_id=-372490&dest_type=city&group_adults=2&req_adults=2&no_rooms=1&group_children=0&req_children=0&hpos=17&hapos=217&sr_order=popularity&srpvid=52a43c0f4b5000e9&srepoch=1737880376&all_sr_blocks=1182558513_390681410_2_2_0&highlighted_blocks=1182558513_390681410_2_2_0&matching_block_id=1182558513_390681410_2_2_0&sr_pri_blocks=1182558513_390681410_2_2_0__201395&from=searchresults
Ohla Barcelona,"Ciutat Vella, Barcelona",https://www.booking.com/hotel/es/ohla.html?label=gen173nr-1BCAEoggI46AdSAnVzWARoRogBAZgBMbgBGcgBD9gBAegBAYgCAagCA7gCmuTXvAbAAgHSAiQ3NGM3OTk4Ni0yY2UyLTQ1NGYtOGQwZS1lZTU4ZTdhMDAwZTHYAgXgAgE&sid=735f077cb553f5b5fb1805efac5f4fa0&aid=304142&ucfs=1&arphpl=1&checkin=2025-04-01&checkout=2025-04-08&dest_id=-372490&dest_type=city&group_adults=2&req_adults=2&no_rooms=1&group_children=0&req_children=0&hpos=18&hapos=218&sr_order=popularity&srpvid=52a43c0f4b5000e9&srepoch=1737880376&all_sr_blocks=26940302_368259815_0_1_0&highlighted_blocks=26940302_368259815_0_1_0&matching_block_id=26940302_368259815_0_1_0&sr_pri_blocks=26940302_368259815_0_1_0__350050&from_sustainable_property_sr=1&from=searchresults
Hotel Paxton Barcelona,"Sant Martí, Barcelona",https://www.booking.com/hotel/es/paxton-barcelona.html?label=gen173nr-1BCAEoggI46AdSAnVzWARoRogBAZgBMbgBGcgBD9gBAegBAYgCAagCA7gCmuTXvAbAAgHSAiQ3NGM3OTk4Ni0yY2UyLTQ1NGYtOGQwZS1lZTU4ZTdhMDAwZTHYAgXgAgE&sid=735f077cb553f5b5fb1805efac5f4fa0&aid=304142&ucfs=1&arphpl=1&checkin=2025-04-01&checkout=2025-04-08&dest_id=-372490&dest_type=city&group_adults=2&req_adults=2&no_rooms=1&group_children=0&req_children=0&hpos=19&hapos=219&sr_order=popularity&srpvid=52a43c0f4b5000e9&srepoch=1737880376&all_sr_blocks=621286106_369373351_2_2_0&highlighted_blocks=621286106_369373351_2_2_0&matching_block_id=621286106_369373351_2_2_0&sr_pri_blocks=621286106_369373351_2_2_0__205338&from=searchresults
Sixties Ramblas,"Ciutat Vella, Barcelona",https://www.booking.com/hotel/es/apartahotel-gutenberg.html?label=gen173nr-1BCAEoggI46AdSAnVzWARoRogBAZgBMbgBGcgBD9gBAegBAYgCAagCA7gCmuTXvAbAAgHSAiQ3NGM3OTk4Ni0yY2UyLTQ1NGYtOGQwZS1lZTU4ZTdhMDAwZTHYAgXgAgE&sid=735f077cb553f5b5fb1805efac5f4fa0&aid=304142&ucfs=1&arphpl=1&checkin=2025-04-01&checkout=2025-04-08&dest_id=-372490&dest_type=city&group_adults=2&req_adults=2&no_rooms=1&group_children=0&req_children=0&hpos=20&hapos=220&sr_order=popularity&srpvid=52a43c0f4b5000e9&srepoch=1737880376&all_sr_blocks=1444308_95139055_0_2_0&highlighted_blocks=1444308_95139055_0_2_0&matching_block_id=1444308_95139055_0_2_0&sr_pri_blocks=1444308_95139055_0_2_0__131639&from=searchresults
Aspasios Poble Nou Apartments,"Sant Martí, Barcelona",https://www.booking.com/hotel/es/aspasios-poble-nou-apartments.html?label=gen173nr-1BCAEoggI46AdSAnVzWARoRogBAZgBMbgBGcgBD9gBAegBAYgCAagCA7gCmuTXvAbAAgHSAiQ3NGM3OTk4Ni0yY2UyLTQ1NGYtOGQwZS1lZTU4ZTdhMDAwZTHYAgXgAgE&sid=735f077cb553f5b5fb1805efac5f4fa0&aid=304142&ucfs=1&arphpl=1&checkin=2025-04-01&checkout=2025-04-08&dest_id=-372490&dest_type=city&group_adults=2&req_adults=2&no_rooms=1&group_children=0&req_children=0&hpos=21&hapos=221&sr_order=popularity&srpvid=52a43c0f4b5000e9&srepoch=1737880376&all_sr_blocks=269004005_105973896_2_0_0&highlighted_blocks=269004005_105973896_2_0_0&matching_block_id=269004005_105973896_2_0_0&sr_pri_blocks=269004005_105973896_2_0_0__126232&from=searchresults
Praktik Rambla,"Eixample, Barcelona",https://www.booking.com/hotel/es/praktik-rambla.html?label=gen173nr-1BCAEoggI46AdSAnVzWARoRogBAZgBMbgBGcgBD9gBAegBAYgCAagCA7gCmuTXvAbAAgHSAiQ3NGM3OTk4Ni0yY2UyLTQ1NGYtOGQwZS1lZTU4ZTdhMDAwZTHYAgXgAgE&sid=735f077cb553f5b5fb1805efac5f4fa0&aid=304142&ucfs=1&arphpl=1&checkin=2025-04-01&checkout=2025-04-08&dest_id=-372490&dest_type=city&group_adults=2&req_adults=2&no_rooms=1&group_children=0&req_children=0&hpos=22&hapos=222&sr_order=popularity&srpvid=52a43c0f4b5000e9&srepoch=1737880376&all_sr_blocks=18865402_247450661_2_0_0&highlighted_blocks=18865402_247450661_2_0_0&matching_block_id=18865402_247450661_2_0_0&sr_pri_blocks=18865402_247450661_2_0_0__142800&from_sustainable_property_sr=1&from=searchresults
Acta Atrium Palace,"Eixample, Barcelona",https://www.booking.com/hotel/es/atriumpalace.html?label=gen173nr-1BCAEoggI46AdSAnVzWARoRogBAZgBMbgBGcgBD9gBAegBAYgCAagCA7gCmuTXvAbAAgHSAiQ3NGM3OTk4Ni0yY2UyLTQ1NGYtOGQwZS1lZTU4ZTdhMDAwZTHYAgXgAgE&sid=735f077cb553f5b5fb1805efac5f4fa0&aid=304142&ucfs=1&arphpl=1&checkin=2025-04-01&checkout=2025-04-08&dest_id=-372490&dest_type=city&group_adults=2&req_adults=2&no_rooms=1&group_children=0&req_children=0&hpos=23&hapos=223&sr_order=popularity&srpvid=52a43c0f4b5000e9&srepoch=1737880376&all_sr_blocks=9044702_91462702_2_2_0&highlighted_blocks=9044702_91462702_2_2_0&matching_block_id=9044702_91462702_2_2_0&sr_pri_blocks=9044702_91462702_2_2_0__163153&from=searchresults
Barcelona Apartment Villarroel,"Eixample, Barcelona",https://www.booking.com/hotel/es/barcelona-apartment-villarroel.html?label=gen173nr-1BCAEoggI46AdSAnVzWARoRogBAZgBMbgBGcgBD9gBAegBAYgCAagCA7gCmuTXvAbAAgHSAiQ3NGM3OTk4Ni0yY2UyLTQ1NGYtOGQwZS1lZTU4ZTdhMDAwZTHYAgXgAgE&sid=735f077cb553f5b5fb1805efac5f4fa0&aid=304142&ucfs=1&arphpl=1&checkin=2025-04-01&checkout=2025-04-08&dest_id=-372490&dest_type=city&group_adults=2&req_adults=2&no_rooms=1&group_children=0&req_children=0&hpos=24&hapos=224&sr_order=popularity&srpvid=52a43c0f4b5000e9&srepoch=1737880376&all_sr_blocks=48247603_111410122_0_0_0&highlighted_blocks=48247603_111410122_0_0_0&matching_block_id=48247603_111410122_0_0_0&sr_pri_blocks=48247603_111410122_0_0_0__174957&from=searchresults
Eco Boutique Hostal Grau,"Ciutat Vella, Barcelona",https://www.booking.com/hotel/es/hosteria-grau.html?label=gen173nr-1BCAEoggI46AdSAnVzWARoRogBAZgBMbgBGcgBD9gBAegBAYgCAagCA7gCmuTXvAbAAgHSAiQ3NGM3OTk4Ni0yY2UyLTQ1NGYtOGQwZS1lZTU4ZTdhMDAwZTHYAgXgAgE&sid=735f077cb553f5b5fb1805efac5f4fa0&aid=304142&ucfs=1&arphpl=1&checkin=2025-04-01&checkout=2025-04-08&dest_id=-372490&dest_type=city&group_adults=2&req_adults=2&no_rooms=1&group_children=0&req_children=0&hpos=25&hapos=225&sr_order=popularity&srpvid=52a43c0f4b5000e9&srepoch=1737880376&all_sr_blocks=9352107_91908471_2_2_0&highlighted_blocks=9352107_91908471_2_2_0&matching_block_id=9352107_91908471_2_2_0&sr_pri_blocks=9352107_91908471_2_2_0__146300&from_sustainable_property_sr=1&from=searchresults
Hotel Condal,"Ciutat Vella, Barcelona",https://www.booking.com/hotel/es/condal-barcelona.html?label=gen173nr-1BCAEoggI46AdSAnVzWARoRogBAZgBMbgBGcgBD9gBAegBAYgCAagCA7gCmuTXvAbAAgHSAiQ3NGM3OTk4Ni0yY2UyLTQ1NGYtOGQwZS1lZTU4ZTdhMDAwZTHYAgXgAgE&sid=735f077cb553f5b5fb1805efac5f4fa0&aid=304142&ucfs=1&arphpl=1&checkin=2025-04-01&checkout=2025-04-08&dest_id=-372490&dest_type=city&group_adults=2&req_adults=2&no_rooms=1&group_children=0&req_children=0&hpos=1&hapos=226&sr_order=popularity&srpvid=52a43c0f4b5000e9&srepoch=1737880378&all_sr_blocks=23826305_88204202_2_2_0&highlighted_blocks=23826305_88204202_2_2_0&matching_block_id=23826305_88204202_2_2_0&sr_pri_blocks=23826305_88204202_2_2_0__114842&from=searchresults
Occidental Diagonal 414,"Eixample, Barcelona",https://www.booking.com/hotel/es/occidental-diagonal-414-barcelona.html?label=gen173nr-1BCAEoggI46AdSAnVzWARoRogBAZgBMbgBGcgBD9gBAegBAYgCAagCA7gCmuTXvAbAAgHSAiQ3NGM3OTk4Ni0yY2UyLTQ1NGYtOGQwZS1lZTU4ZTdhMDAwZTHYAgXgAgE&sid=735f077cb553f5b5fb1805efac5f4fa0&aid=304142&ucfs=1&arphpl=1&checkin=2025-04-01&checkout=2025-04-08&dest_id=-372490&dest_type=city&group_adults=2&req_adults=2&no_rooms=1&group_children=0&req_children=0&hpos=2&hapos=227&sr_order=popularity&srpvid=52a43c0f4b5000e9&srepoch=1737880378&all_sr_blocks=593835601_232868873_2_2_0&highlighted_blocks=593835601_232868873_2_2_0&matching_block_id=593835601_232868873_2_2_0&sr_pri_blocks=593835601_232868873_2_2_0__155928&from=searchresults
Catalonia Magdalenes,"Ciutat Vella, Barcelona",https://www.booking.com/hotel/es/catalonia-magdalenes.html?label=gen173nr-1BCAEoggI46AdSAnVzWARoRogBAZgBMbgBGcgBD9gBAegBAYgCAagCA7gCmuTXvAbAAgHSAiQ3NGM3OTk4Ni0yY2UyLTQ1NGYtOGQwZS1lZTU4ZTdhMDAwZTHYAgXgAgE&sid=735f077cb553f5b5fb1805efac5f4fa0&aid=304142&ucfs=1&arphpl=1&checkin=2025-04-01&checkout=2025-04-08&dest_id=-372490&dest_type=city&group_adults=2&req_adults=2&no_rooms=1&group_children=0&req_children=0&hpos=3&hapos=228&sr_order=popularity&srpvid=52a43c0f4b5000e9&srepoch=1737880378&all_sr_blocks=170067801_194580290_0_2_0&highlighted_blocks=170067801_194580290_0_2_0&matching_block_id=170067801_194580290_0_2_0&sr_pri_blocks=170067801_194580290_0_2_0__204778&from_sustainable_property_sr=1&from=searchresults
Andante Hotel,"Ciutat Vella, Barcelona",https://www.booking.com/hotel/es/andante.html?label=gen173nr-1BCAEoggI46AdSAnVzWARoRogBAZgBMbgBGcgBD9gBAegBAYgCAagCA7gCmuTXvAbAAgHSAiQ3NGM3OTk4Ni0yY2UyLTQ1NGYtOGQwZS1lZTU4ZTdhMDAwZTHYAgXgAgE&sid=735f077cb553f5b5fb1805efac5f4fa0&aid=304142&ucfs=1&arphpl=1&checkin=2025-04-01&checkout=2025-04-08&dest_id=-372490&dest_type=city&group_adults=2&req_adults=2&no_rooms=1&group_children=0&req_children=0&hpos=4&hapos=229&sr_order=popularity&srpvid=52a43c0f4b5000e9&srepoch=1737880378&all_sr_blocks=36479010_91473423_0_2_0&highlighted_blocks=36479010_91473423_0_2_0&matching_block_id=36479010_91473423_0_2_0&sr_pri_blocks=36479010_91473423_0_2_0__146400&from_sustainable_property_sr=1&from=searchresults
Catalonia Passeig de Gràcia 4* Sup,"Eixample, Barcelona",https://www.booking.com/hotel/es/catalonia-passeig-de-gra-cia.html?label=gen173nr-1BCAEoggI46AdSAnVzWARoRogBAZgBMbgBGcgBD9gBAegBAYgCAagCA7gCmuTXvAbAAgHSAiQ3NGM3OTk4Ni0yY2UyLTQ1NGYtOGQwZS1lZTU4ZTdhMDAwZTHYAgXgAgE&sid=735f077cb553f5b5fb1805efac5f4fa0&aid=304142&ucfs=1&arphpl=1&checkin=2025-04-01&checkout=2025-04-08&dest_id=-372490&dest_type=city&group_adults=2&req_adults=2&no_rooms=1&group_children=0&req_children=0&hpos=5&hapos=230&sr_order=popularity&srpvid=52a43c0f4b5000e9&srepoch=1737880378&all_sr_blocks=49301508_194581876_0_2_0&highlighted_blocks=49301508_194581876_0_2_0&matching_block_id=49301508_194581876_0_2_0&sr_pri_blocks=49301508_194581876_0_2_0__214778&from_sustainable_property_sr=1&from=searchresults
Upper Diagonal,"Sarrià-St. Gervasi, Barcelona",https://www.booking.com/hotel/es/upper-diagonal-barcelona.html?label=gen173nr-1BCAEoggI46AdSAnVzWARoRogBAZgBMbgBGcgBD9gBAegBAYgCAagCA7gCmuTXvAbAAgHSAiQ3NGM3OTk4Ni0yY2UyLTQ1NGYtOGQwZS1lZTU4ZTdhMDAwZTHYAgXgAgE&sid=735f077cb553f5b5fb1805efac5f4fa0&aid=304142&ucfs=1&arphpl=1&checkin=2025-04-01&checkout=2025-04-08&dest_id=-372490&dest_type=city&group_adults=2&req_adults=2&no_rooms=1&group_children=0&req_children=0&hpos=6&hapos=231&sr_order=popularity&srpvid=52a43c0f4b5000e9&srepoch=1737880378&all_sr_blocks=153156801_88054132_2_2_0&highlighted_blocks=153156801_88054132_2_2_0&matching_block_id=153156801_88054132_2_2_0&sr_pri_blocks=153156801_88054132_2_2_0__121603&from=searchresults
Be Barcelona Eixample Urquinaona II,"Eixample, Barcelona",https://www.booking.com/hotel/es/be-barcelona-eixample-urquinaona-2.html?label=gen173nr-1BCAEoggI46AdSAnVzWARoRogBAZgBMbgBGcgBD9gBAegBAYgCAagCA7gCmuTXvAbAAgHSAiQ3NGM3OTk4Ni0yY2UyLTQ1NGYtOGQwZS1lZTU4ZTdhMDAwZTHYAgXgAgE&sid=735f077cb553f5b5fb1805efac5f4fa0&aid=304142&ucfs=1&arphpl=1&checkin=2025-04-01&checkout=2025-04-08&dest_id=-372490&dest_type=city&group_adults=2&req_adults=2&no_rooms=1&group_children=0&req_children=0&hpos=7&hapos=232&sr_order=popularity&srpvid=52a43c0f4b5000e9&srepoch=1737880378&all_sr_blocks=86560705_370860568_2_0_0&highlighted_blocks=86560705_370860568_2_0_0&matching_block_id=86560705_370860568_2_0_0&sr_pri_blocks=86560705_370860568_2_0_0__131384&from=searchresults
Inside Barcelona Apartments Salva,"Sants-Montjuïc, Barcelona",https://www.booking.com/hotel/es/vivobarcelona-apartments-salva.html?label=gen173nr-1BCAEoggI46AdSAnVzWARoRogBAZgBMbgBGcgBD9gBAegBAYgCAagCA7gCmuTXvAbAAgHSAiQ3NGM3OTk4Ni0yY2UyLTQ1NGYtOGQwZS1lZTU4ZTdhMDAwZTHYAgXgAgE&sid=735f077cb553f5b5fb1805efac5f4fa0&aid=304142&ucfs=1&arphpl=1&checkin=2025-04-01&checkout=2025-04-08&dest_id=-372490&dest_type=city&group_adults=2&req_adults=2&no_rooms=1&group_children=0&req_children=0&hpos=8&hapos=233&sr_order=popularity&srpvid=52a43c0f4b5000e9&srepoch=1737880378&all_sr_blocks=34642904_351717315_2_0_0&highlighted_blocks=34642904_351717315_2_0_0&matching_block_id=34642904_351717315_2_0_0&sr_pri_blocks=34642904_351717315_2_0_0__145532&from=searchresults
AC Hotel Sants by Marriott,"Sants-Montjuïc, Barcelona",https://www.booking.com/hotel/es/ac-sants.html?label=gen173nr-1BCAEoggI46AdSAnVzWARoRogBAZgBMbgBGcgBD9gBAegBAYgCAagCA7gCmuTXvAbAAgHSAiQ3NGM3OTk4Ni0yY2UyLTQ1NGYtOGQwZS1lZTU4ZTdhMDAwZTHYAgXgAgE&sid=735f077cb553f5b5fb1805efac5f4fa0&aid=304142&ucfs=1&arphpl=1&checkin=2025-04-01&checkout=2025-04-08&dest_id=-372490&dest_type=city&group_adults=2&req_adults=2&no_rooms=1&group_children=0&req_children=0&hpos=9&hapos=234&sr_order=popularity&srpvid=52a43c0f4b5000e9&srepoch=1737880378&all_sr_blocks=1786609_95142734_0_2_0&highlighted_blocks=1786609_95142734_0_2_0&matching_block_id=1786609_95142734_0_2_0&sr_pri_blocks=1786609_95142734_0_2_0__141922&from=searchresults
TSA Gran Via,"Eixample, Barcelona",https://www.booking.com/hotel/es/apartamentos-gran-via-bassols.html?label=gen173nr-1BCAEoggI46AdSAnVzWARoRogBAZgBMbgBGcgBD9gBAegBAYgCAagCA7gCmuTXvAbAAgHSAiQ3NGM3OTk4Ni0yY2UyLTQ1NGYtOGQwZS1lZTU4ZTdhMDAwZTHYAgXgAgE&sid=735f077cb553f5b5fb1805efac5f4fa0&aid=304142&ucfs=1&arphpl=1&checkin=2025-04-01&checkout=2025-04-08&dest_id=-372490&dest_type=city&group_adults=2&req_adults=2&no_rooms=1&group_children=0&req_children=0&hpos=10&hapos=235&sr_order=popularity&srpvid=52a43c0f4b5000e9&srepoch=1737880378&all_sr_blocks=44699928_88500568_2_0_0&highlighted_blocks=44699928_88500568_2_0_0&matching_block_id=44699928_88500568_2_0_0&sr_pri_blocks=44699928_88500568_2_0_0__173495&from=searchresults
Blue Barcelona,"Sarrià-St. Gervasi, Barcelona",https://www.booking.com/hotel/es/blue-barcelona.html?label=gen173nr-1BCAEoggI46AdSAnVzWARoRogBAZgBMbgBGcgBD9gBAegBAYgCAagCA7gCmuTXvAbAAgHSAiQ3NGM3OTk4Ni0yY2UyLTQ1NGYtOGQwZS1lZTU4ZTdhMDAwZTHYAgXgAgE&sid=735f077cb553f5b5fb1805efac5f4fa0&aid=304142&ucfs=1&arphpl=1&checkin=2025-04-01&checkout=2025-04-08&dest_id=-372490&dest_type=city&group_adults=2&req_adults=2&no_rooms=1&group_children=0&req_children=0&hpos=11&hapos=236&sr_order=popularity&srpvid=52a43c0f4b5000e9&srepoch=1737880378&all_sr_blocks=119124303_396236459_2_1_0&highlighted_blocks=119124303_396236459_2_1_0&matching_block_id=119124303_396236459_2_1_0&sr_pri_blocks=119124303_396236459_2_1_0__186270&from=searchresults
Negresco Princess 4* Sup,"Eixample, Barcelona",https://www.booking.com/hotel/es/negresco-princess.html?label=gen173nr-1BCAEoggI46AdSAnVzWARoRogBAZgBMbgBGcgBD9gBAegBAYgCAagCA7gCmuTXvAbAAgHSAiQ3NGM3OTk4Ni0yY2UyLTQ1NGYtOGQwZS1lZTU4ZTdhMDAwZTHYAgXgAgE&sid=735f077cb553f5b5fb1805efac5f4fa0&aid=304142&ucfs=1&arphpl=1&checkin=2025-04-01&checkout=2025-04-08&dest_id=-372490&dest_type=city&group_adults=2&req_adults=2&no_rooms=1&group_children=0&req_children=0&hpos=12&hapos=237&sr_order=popularity&srpvid=52a43c0f4b5000e9&srepoch=1737880378&all_sr_blocks=155800906_383439862_0_2_0_360395&highlighted_blocks=155800906_383439862_0_2_0_360395&matching_block_id=155800906_383439862_0_2_0_360395&sr_pri_blocks=155800906_383439862_0_2_0_360395_167746&from_sustainable_property_sr=1&from=searchresults
ApartEasy - Eixample Center,"Eixample, Barcelona",https://www.booking.com/hotel/es/aparteasy-eixample-center.html?label=gen173nr-1BCAEoggI46AdSAnVzWARoRogBAZgBMbgBGcgBD9gBAegBAYgCAagCA7gCmuTXvAbAAgHSAiQ3NGM3OTk4Ni0yY2UyLTQ1NGYtOGQwZS1lZTU4ZTdhMDAwZTHYAgXgAgE&sid=735f077cb553f5b5fb1805efac5f4fa0&aid=304142&ucfs=1&arphpl=1&checkin=2025-04-01&checkout=2025-04-08&dest_id=-372490&dest_type=city&group_adults=2&req_adults=2&no_rooms=1&group_children=0&req_children=0&hpos=13&hapos=238&sr_order=popularity&srpvid=52a43c0f4b5000e9&srepoch=1737880378&all_sr_blocks=886937902_382133911_2_0_0&highlighted_blocks=886937902_382133911_2_0_0&matching_block_id=886937902_382133911_2_0_0&sr_pri_blocks=886937902_382133911_2_0_0__102711&from=searchresults
Hotel SERHS Rivoli Rambla,"Ciutat Vella, Barcelona",https://www.booking.com/hotel/es/rivoliramblas.html?label=gen173nr-1BCAEoggI46AdSAnVzWARoRogBAZgBMbgBGcgBD9gBAegBAYgCAagCA7gCmuTXvAbAAgHSAiQ3NGM3OTk4Ni0yY2UyLTQ1NGYtOGQwZS1lZTU4ZTdhMDAwZTHYAgXgAgE&sid=735f077cb553f5b5fb1805efac5f4fa0&aid=304142&ucfs=1&arphpl=1&checkin=2025-04-01&checkout=2025-04-08&dest_id=-372490&dest_type=city&group_adults=2&req_adults=2&no_rooms=1&group_children=0&req_children=0&hpos=14&hapos=239&sr_order=popularity&srpvid=52a43c0f4b5000e9&srepoch=1737880378&all_sr_blocks=9032212_335191147_0_10_0_488682&highlighted_blocks=9032212_335191147_0_10_0_488682&matching_block_id=9032212_335191147_0_10_0_488682&sr_pri_blocks=9032212_335191147_0_10_0_488682_154970&from=searchresults
Habitat Apartments Alaia,"Eixample, Barcelona",https://www.booking.com/hotel/es/habitat-apartments-alaia.html?label=gen173nr-1BCAEoggI46AdSAnVzWARoRogBAZgBMbgBGcgBD9gBAegBAYgCAagCA7gCmuTXvAbAAgHSAiQ3NGM3OTk4Ni0yY2UyLTQ1NGYtOGQwZS1lZTU4ZTdhMDAwZTHYAgXgAgE&sid=735f077cb553f5b5fb1805efac5f4fa0&aid=304142&ucfs=1&arphpl=1&checkin=2025-04-01&checkout=2025-04-08&dest_id=-372490&dest_type=city&group_adults=2&req_adults=2&no_rooms=1&group_children=0&req_children=0&hpos=15&hapos=240&sr_order=popularity&srpvid=52a43c0f4b5000e9&srepoch=1737880378&all_sr_blocks=412415822_125748008_0_0_0&highlighted_blocks=412415822_125748008_0_0_0&matching_block_id=412415822_125748008_0_0_0&sr_pri_blocks=412415822_125748008_0_0_0__153002&from=searchresults
Blasco de Garay Apartment - Poble Sec,"Sants-Montjuïc, Barcelona",https://www.booking.com/hotel/es/blasco-de-garay-apartment.html?label=gen173nr-1BCAEoggI46AdSAnVzWARoRogBAZgBMbgBGcgBD9gBAegBAYgCAagCA7gCmuTXvAbAAgHSAiQ3NGM3OTk4Ni0yY2UyLTQ1NGYtOGQwZS1lZTU4ZTdhMDAwZTHYAgXgAgE&sid=735f077cb553f5b5fb1805efac5f4fa0&aid=304142&ucfs=1&arphpl=1&checkin=2025-04-01&checkout=2025-04-08&dest_id=-372490&dest_type=city&group_adults=2&req_adults=2&no_rooms=1&group_children=0&req_children=0&hpos=16&hapos=241&sr_order=popularity&srpvid=52a43c0f4b5000e9&srepoch=1737880378&all_sr_blocks=138335603_88512030_2_0_0_537173&highlighted_blocks=138335603_88512030_2_0_0_537173&matching_block_id=138335603_88512030_2_0_0_537173&sr_pri_blocks=138335603_88512030_2_0_0_537173_138452&from=searchresults
H Regas Adults Only,"Sarrià-St. Gervasi, Barcelona",https://www.booking.com/hotel/es/hregas.html?label=gen173nr-1BCAEoggI46AdSAnVzWARoRogBAZgBMbgBGcgBD9gBAegBAYgCAagCA7gCmuTXvAbAAgHSAiQ3NGM3OTk4Ni0yY2UyLTQ1NGYtOGQwZS1lZTU4ZTdhMDAwZTHYAgXgAgE&sid=735f077cb553f5b5fb1805efac5f4fa0&aid=304142&ucfs=1&arphpl=1&checkin=2025-04-01&checkout=2025-04-08&dest_id=-372490&dest_type=city&group_adults=2&req_adults=2&no_rooms=1&group_children=0&req_children=0&hpos=17&hapos=242&sr_order=popularity&srpvid=52a43c0f4b5000e9&srepoch=1737880378&all_sr_blocks=829282202_348913693_2_0_0&highlighted_blocks=829282202_348913693_2_0_0&matching_block_id=829282202_348913693_2_0_0&sr_pri_blocks=829282202_348913693_2_0_0__106700&from=searchresults
BruStar Gotic-Centric,"Eixample, Barcelona",https://www.booking.com/hotel/es/brustarr-gotic.html?label=gen173nr-1BCAEoggI46AdSAnVzWARoRogBAZgBMbgBGcgBD9gBAegBAYgCAagCA7gCmuTXvAbAAgHSAiQ3NGM3OTk4Ni0yY2UyLTQ1NGYtOGQwZS1lZTU4ZTdhMDAwZTHYAgXgAgE&sid=735f077cb553f5b5fb1805efac5f4fa0&aid=304142&ucfs=1&arphpl=1&checkin=2025-04-01&checkout=2025-04-08&dest_id=-372490&dest_type=city&group_adults=2&req_adults=2&no_rooms=1&group_children=0&req_children=0&hpos=18&hapos=243&sr_order=popularity&srpvid=52a43c0f4b5000e9&srepoch=1737880378&all_sr_blocks=36151602_88498639_0_0_0&highlighted_blocks=36151602_88498639_0_0_0&matching_block_id=36151602_88498639_0_0_0&sr_pri_blocks=36151602_88498639_0_0_0__108108&from=searchresults
Barcelonaforrent The Central Place,"Eixample, Barcelona",https://www.booking.com/hotel/es/barcelonaforrent-the-central-suites.html?label=gen173nr-1BCAEoggI46AdSAnVzWARoRogBAZgBMbgBGcgBD9gBAegBAYgCAagCA7gCmuTXvAbAAgHSAiQ3NGM3OTk4Ni0yY2UyLTQ1NGYtOGQwZS1lZTU4ZTdhMDAwZTHYAgXgAgE&sid=735f077cb553f5b5fb1805efac5f4fa0&aid=304142&ucfs=1&arphpl=1&checkin=2025-04-01&checkout=2025-04-08&dest_id=-372490&dest_type=city&group_adults=2&req_adults=2&no_rooms=1&group_children=0&req_children=0&hpos=19&hapos=244&sr_order=popularity&srpvid=52a43c0f4b5000e9&srepoch=1737880378&all_sr_blocks=125092302_406314036_0_0_0&highlighted_blocks=125092302_406314036_0_0_0&matching_block_id=125092302_406314036_0_0_0&sr_pri_blocks=125092302_406314036_0_0_0__291132&from=searchresults
Ilunion Les Corts Spa,"Les Corts, Barcelona",https://www.booking.com/hotel/es/ilunionlescorts.html?label=gen173nr-1BCAEoggI46AdSAnVzWARoRogBAZgBMbgBGcgBD9gBAegBAYgCAagCA7gCmuTXvAbAAgHSAiQ3NGM3OTk4Ni0yY2UyLTQ1NGYtOGQwZS1lZTU4ZTdhMDAwZTHYAgXgAgE&sid=735f077cb553f5b5fb1805efac5f4fa0&aid=304142&ucfs=1&arphpl=1&checkin=2025-04-01&checkout=2025-04-08&dest_id=-372490&dest_type=city&group_adults=2&req_adults=2&no_rooms=1&group_children=0&req_children=0&hpos=20&hapos=245&sr_order=popularity&srpvid=52a43c0f4b5000e9&srepoch=1737880378&all_sr_blocks=9126303_391348360_0_2_0_311282&highlighted_blocks=9126303_391348360_0_2_0_311282&matching_block_id=9126303_391348360_0_2_0_311282&sr_pri_blocks=9126303_391348360_0_2_0_311282_136760&from=searchresults
C211 Barcelona Apartments,"Sarrià-St. Gervasi, Barcelona",https://www.booking.com/hotel/es/c211-casanova.html?label=gen173nr-1BCAEoggI46AdSAnVzWARoRogBAZgBMbgBGcgBD9gBAegBAYgCAagCA7gCmuTXvAbAAgHSAiQ3NGM3OTk4Ni0yY2UyLTQ1NGYtOGQwZS1lZTU4ZTdhMDAwZTHYAgXgAgE&sid=735f077cb553f5b5fb1805efac5f4fa0&aid=304142&ucfs=1&arphpl=1&checkin=2025-04-01&checkout=2025-04-08&dest_id=-372490&dest_type=city&group_adults=2&req_adults=2&no_rooms=1&group_children=0&req_children=0&hpos=21&hapos=246&sr_order=popularity&srpvid=52a43c0f4b5000e9&srepoch=1737880378&all_sr_blocks=50543409_402995429_4_0_0&highlighted_blocks=50543409_402995429_4_0_0&matching_block_id=50543409_402995429_4_0_0&sr_pri_blocks=50543409_402995429_4_0_0__287532&from=searchresults
Hotel Best Front Maritim,"Sant Martí, Barcelona",https://www.booking.com/hotel/es/front-maritim.html?label=gen173nr-1BCAEoggI46AdSAnVzWARoRogBAZgBMbgBGcgBD9gBAegBAYgCAagCA7gCmuTXvAbAAgHSAiQ3NGM3OTk4Ni0yY2UyLTQ1NGYtOGQwZS1lZTU4ZTdhMDAwZTHYAgXgAgE&sid=735f077cb553f5b5fb1805efac5f4fa0&aid=304142&ucfs=1&arphpl=1&checkin=2025-04-01&checkout=2025-04-08&dest_id=-372490&dest_type=city&group_adults=2&req_adults=2&no_rooms=1&group_children=0&req_children=0&hpos=22&hapos=247&sr_order=popularity&srpvid=52a43c0f4b5000e9&srepoch=1737880378&all_sr_blocks=9341101_88193701_0_2_0_342049&highlighted_blocks=9341101_88193701_0_2_0_342049&matching_block_id=9341101_88193701_0_2_0_342049&sr_pri_blocks=9341101_88193701_0_2_0_342049_125731&from_sustainable_property_sr=1&from=searchresults
Sunotel Aston,"Eixample, Barcelona",https://www.booking.com/hotel/es/astonbarcelona.html?label=gen173nr-1BCAEoggI46AdSAnVzWARoRogBAZgBMbgBGcgBD9gBAegBAYgCAagCA7gCmuTXvAbAAgHSAiQ3NGM3OTk4Ni0yY2UyLTQ1NGYtOGQwZS1lZTU4ZTdhMDAwZTHYAgXgAgE&sid=735f077cb553f5b5fb1805efac5f4fa0&aid=304142&ucfs=1&arphpl=1&checkin=2025-04-01&checkout=2025-04-08&dest_id=-372490&dest_type=city&group_adults=2&req_adults=2&no_rooms=1&group_children=0&req_children=0&hpos=23&hapos=248&sr_order=popularity&srpvid=52a43c0f4b5000e9&srepoch=1737880378&all_sr_blocks=9122217_116249042_2_2_0&highlighted_blocks=9122217_116249042_2_2_0&matching_block_id=9122217_116249042_2_2_0&sr_pri_blocks=9122217_116249042_2_2_0__127820&from=searchresults
Catalonia Castellnou,"Sarrià-St. Gervasi, Barcelona",https://www.booking.com/hotel/es/cataloniacastellnou.html?label=gen173nr-1BCAEoggI46AdSAnVzWARoRogBAZgBMbgBGcgBD9gBAegBAYgCAagCA7gCmuTXvAbAAgHSAiQ3NGM3OTk4Ni0yY2UyLTQ1NGYtOGQwZS1lZTU4ZTdhMDAwZTHYAgXgAgE&sid=735f077cb553f5b5fb1805efac5f4fa0&aid=304142&ucfs=1&arphpl=1&checkin=2025-04-01&checkout=2025-04-08&dest_id=-372490&dest_type=city&group_adults=2&req_adults=2&no_rooms=1&group_children=0&req_children=0&hpos=24&hapos=249&sr_order=popularity&srpvid=52a43c0f4b5000e9&srepoch=1737880378&all_sr_blocks=9058808_194599182_0_2_0&highlighted_blocks=9058808_194599182_0_2_0&matching_block_id=9058808_194599182_0_2_0&sr_pri_blocks=9058808_194599182_0_2_0__108200&from_sustainable_property_sr=1&from=searchresults
Hotel Ciutadella Barcelona,"Ciutat Vella, Barcelona",https://www.booking.com/hotel/es/ciutadella-barcelona.html?label=gen173nr-1BCAEoggI46AdSAnVzWARoRogBAZgBMbgBGcgBD9gBAegBAYgCAagCA7gCmuTXvAbAAgHSAiQ3NGM3OTk4Ni0yY2UyLTQ1NGYtOGQwZS1lZTU4ZTdhMDAwZTHYAgXgAgE&sid=735f077cb553f5b5fb1805efac5f4fa0&aid=304142&ucfs=1&arphpl=1&checkin=2025-04-01&checkout=2025-04-08&dest_id=-372490&dest_type=city&group_adults=2&req_adults=2&no_rooms=1&group_children=0&req_children=0&hpos=25&hapos=250&sr_order=popularity&srpvid=52a43c0f4b5000e9&srepoch=1737880378&all_sr_blocks=43276201_88209487_2_2_0_311532&highlighted_blocks=43276201_88209487_2_2_0_311532&matching_block_id=43276201_88209487_2_2_0_311532&sr_pri_blocks=43276201_88209487_2_2_0_311532_158787&from=searchresults
The Hotel 592 - Adults Only,"Eixample, Barcelona",https://www.booking.com/hotel/es/the-corner-592.html?label=gen173nr-1BCAEoggI46AdSAnVzWARoRogBAZgBMbgBGcgBD9gBAegBAYgCAagCA7gCmuTXvAbAAgHSAiQ3NGM3OTk4Ni0yY2UyLTQ1NGYtOGQwZS1lZTU4ZTdhMDAwZTHYAgXgAgE&sid=735f077cb553f5b5fb1805efac5f4fa0&aid=304142&ucfs=1&arphpl=1&checkin=2025-04-01&checkout=2025-04-08&dest_id=-372490&dest_type=city&group_adults=2&req_adults=2&no_rooms=1&group_children=0&req_children=0&hpos=1&hapos=251&sr_order=popularity&srpvid=52a43c0f4b5000e9&srepoch=1737880380&all_sr_blocks=131660304_86580480_0_1_0&highlighted_blocks=131660304_86580480_0_1_0&matching_block_id=131660304_86580480_0_1_0&sr_pri_blocks=131660304_86580480_0_1_0__128300&from=searchresults
Hostal Balkonis,"Eixample, Barcelona",https://www.booking.com/hotel/es/hostal-balkonis.html?label=gen173nr-1BCAEoggI46AdSAnVzWARoRogBAZgBMbgBGcgBD9gBAegBAYgCAagCA7gCmuTXvAbAAgHSAiQ3NGM3OTk4Ni0yY2UyLTQ1NGYtOGQwZS1lZTU4ZTdhMDAwZTHYAgXgAgE&sid=735f077cb553f5b5fb1805efac5f4fa0&aid=304142&ucfs=1&arphpl=1&checkin=2025-04-01&checkout=2025-04-08&dest_id=-372490&dest_type=city&group_adults=2&req_adults=2&no_rooms=1&group_children=0&req_children=0&hpos=2&hapos=252&sr_order=popularity&srpvid=52a43c0f4b5000e9&srepoch=1737880380&all_sr_blocks=101701911_326336537_2_0_0&highlighted_blocks=101701911_326336537_2_0_0&matching_block_id=101701911_326336537_2_0_0&sr_pri_blocks=101701911_326336537_2_0_0__103200&from=searchresults
htop BCN City #htopEnjoy,"Horta-Guinardó, Barcelona",https://www.booking.com/hotel/es/abalon.html?label=gen173nr-1BCAEoggI46AdSAnVzWARoRogBAZgBMbgBGcgBD9gBAegBAYgCAagCA7gCmuTXvAbAAgHSAiQ3NGM3OTk4Ni0yY2UyLTQ1NGYtOGQwZS1lZTU4ZTdhMDAwZTHYAgXgAgE&sid=735f077cb553f5b5fb1805efac5f4fa0&aid=304142&ucfs=1&arphpl=1&checkin=2025-04-01&checkout=2025-04-08&dest_id=-372490&dest_type=city&group_adults=2&req_adults=2&no_rooms=1&group_children=0&req_children=0&hpos=3&hapos=253&sr_order=popularity&srpvid=52a43c0f4b5000e9&srepoch=1737880380&all_sr_blocks=9043609_406735707_0_2_0&highlighted_blocks=9043609_406735707_0_2_0&matching_block_id=9043609_406735707_0_2_0&sr_pri_blocks=9043609_406735707_0_2_0__106127&from=searchresults
May Ramblas Hotel,"Ciutat Vella, Barcelona",https://www.booking.com/hotel/es/may-ramblas.html?label=gen173nr-1BCAEoggI46AdSAnVzWARoRogBAZgBMbgBGcgBD9gBAegBAYgCAagCA7gCmuTXvAbAAgHSAiQ3NGM3OTk4Ni0yY2UyLTQ1NGYtOGQwZS1lZTU4ZTdhMDAwZTHYAgXgAgE&sid=735f077cb553f5b5fb1805efac5f4fa0&aid=304142&ucfs=1&arphpl=1&checkin=2025-04-01&checkout=2025-04-08&dest_id=-372490&dest_type=city&group_adults=2&req_adults=2&no_rooms=1&group_children=0&req_children=0&hpos=4&hapos=254&sr_order=popularity&srpvid=52a43c0f4b5000e9&srepoch=1737880380&all_sr_blocks=177821602_91179816_0_0_0&highlighted_blocks=177821602_91179816_0_0_0&matching_block_id=177821602_91179816_0_0_0&sr_pri_blocks=177821602_91179816_0_0_0__119221&from=searchresults
Allegro Barcelona,"Eixample, Barcelona",https://www.booking.com/hotel/es/allegrobarcelona.html?label=gen173nr-1BCAEoggI46AdSAnVzWARoRogBAZgBMbgBGcgBD9gBAegBAYgCAagCA7gCmuTXvAbAAgHSAiQ3NGM3OTk4Ni0yY2UyLTQ1NGYtOGQwZS1lZTU4ZTdhMDAwZTHYAgXgAgE&sid=735f077cb553f5b5fb1805efac5f4fa0&aid=304142&ucfs=1&arphpl=1&checkin=2025-04-01&checkout=2025-04-08&dest_id=-372490&dest_type=city&group_adults=2&req_adults=2&no_rooms=1&group_children=0&req_children=0&hpos=5&hapos=255&sr_order=popularity&srpvid=52a43c0f4b5000e9&srepoch=1737880380&all_sr_blocks=18997214_88405871_2_2_0&highlighted_blocks=18997214_88405871_2_2_0&matching_block_id=18997214_88405871_2_2_0&sr_pri_blocks=18997214_88405871_2_2_0__131900&from=searchresults
Ola Living Hostal Diagonal,"Sarrià-St. Gervasi, Barcelona",https://www.booking.com/hotel/es/barcelona-226-exclusive-rooms.html?label=gen173nr-1BCAEoggI46AdSAnVzWARoRogBAZgBMbgBGcgBD9gBAegBAYgCAagCA7gCmuTXvAbAAgHSAiQ3NGM3OTk4Ni0yY2UyLTQ1NGYtOGQwZS1lZTU4ZTdhMDAwZTHYAgXgAgE&sid=735f077cb553f5b5fb1805efac5f4fa0&aid=304142&ucfs=1&arphpl=1&checkin=2025-04-01&checkout=2025-04-08&dest_id=-372490&dest_type=city&group_adults=2&req_adults=2&no_rooms=1&group_children=0&req_children=0&hpos=6&hapos=256&sr_order=popularity&srpvid=52a43c0f4b5000e9&srepoch=1737880380&all_sr_blocks=110656402_400322508_2_0_0&highlighted_blocks=110656402_400322508_2_0_0&matching_block_id=110656402_400322508_2_0_0&sr_pri_blocks=110656402_400322508_2_0_0__99887&from=searchresults
Praktik Vinoteca,"Eixample, Barcelona",https://www.booking.com/hotel/es/praktik-vinoteca.html?label=gen173nr-1BCAEoggI46AdSAnVzWARoRogBAZgBMbgBGcgBD9gBAegBAYgCAagCA7gCmuTXvAbAAgHSAiQ3NGM3OTk4Ni0yY2UyLTQ1NGYtOGQwZS1lZTU4ZTdhMDAwZTHYAgXgAgE&sid=735f077cb553f5b5fb1805efac5f4fa0&aid=304142&ucfs=1&arphpl=1&checkin=2025-04-01&checkout=2025-04-08&dest_id=-372490&dest_type=city&group_adults=2&req_adults=2&no_rooms=1&group_children=0&req_children=0&hpos=7&hapos=257&sr_order=popularity&srpvid=52a43c0f4b5000e9&srepoch=1737880380&all_sr_blocks=111539501_360577933_0_2_0&highlighted_blocks=111539501_360577933_0_2_0&matching_block_id=111539501_360577933_0_2_0&sr_pri_blocks=111539501_360577933_0_2_0__130900&from_sustainable_property_sr=1&from=searchresults
Aparthotel Silver,"Gràcia, Barcelona",https://www.booking.com/hotel/es/aparthotel-silver.html?label=gen173nr-1BCAEoggI46AdSAnVzWARoRogBAZgBMbgBGcgBD9gBAegBAYgCAagCA7gCmuTXvAbAAgHSAiQ3NGM3OTk4Ni0yY2UyLTQ1NGYtOGQwZS1lZTU4ZTdhMDAwZTHYAgXgAgE&sid=735f077cb553f5b5fb1805efac5f4fa0&aid=304142&ucfs=1&arphpl=1&checkin=2025-04-01&checkout=2025-04-08&dest_id=-372490&dest_type=city&group_adults=2&req_adults=2&no_rooms=1&group_children=0&req_children=0&hpos=8&hapos=258&sr_order=popularity&srpvid=52a43c0f4b5000e9&srepoch=1737880380&all_sr_blocks=9259303_88493303_0_2_0&highlighted_blocks=9259303_88493303_0_2_0&matching_block_id=9259303_88493303_0_2_0&sr_pri_blocks=9259303_88493303_0_2_0__122650&from_sustainable_property_sr=1&from=searchresults
B-Garden BCN,"Eixample, Barcelona",https://www.booking.com/hotel/es/hostal-martina.html?label=gen173nr-1BCAEoggI46AdSAnVzWARoRogBAZgBMbgBGcgBD9gBAegBAYgCAagCA7gCmuTXvAbAAgHSAiQ3NGM3OTk4Ni0yY2UyLTQ1NGYtOGQwZS1lZTU4ZTdhMDAwZTHYAgXgAgE&sid=735f077cb553f5b5fb1805efac5f4fa0&aid=304142&ucfs=1&arphpl=1&checkin=2025-04-01&checkout=2025-04-08&dest_id=-372490&dest_type=city&group_adults=2&req_adults=2&no_rooms=1&group_children=0&req_children=0&hpos=9&hapos=259&sr_order=popularity&srpvid=52a43c0f4b5000e9&srepoch=1737880380&all_sr_blocks=32619516_160832120_0_1_0_346633&highlighted_blocks=32619516_160832120_0_1_0_346633&matching_block_id=32619516_160832120_0_1_0_346633&sr_pri_blocks=32619516_160832120_0_1_0_346633_139628&from=searchresults
Weflating Suites Sant Antoni Market,"Eixample, Barcelona",https://www.booking.com/hotel/es/weflating-suites-sant-antoni-market.html?label=gen173nr-1BCAEoggI46AdSAnVzWARoRogBAZgBMbgBGcgBD9gBAegBAYgCAagCA7gCmuTXvAbAAgHSAiQ3NGM3OTk4Ni0yY2UyLTQ1NGYtOGQwZS1lZTU4ZTdhMDAwZTHYAgXgAgE&sid=735f077cb553f5b5fb1805efac5f4fa0&aid=304142&ucfs=1&arphpl=1&checkin=2025-04-01&checkout=2025-04-08&dest_id=-372490&dest_type=city&group_adults=2&req_adults=2&no_rooms=1&group_children=0&req_children=0&hpos=10&hapos=260&sr_order=popularity&srpvid=52a43c0f4b5000e9&srepoch=1737880380&all_sr_blocks=132651903_86002359_2_8_0&highlighted_blocks=132651903_86002359_2_8_0&matching_block_id=132651903_86002359_2_8_0&sr_pri_blocks=132651903_86002359_2_8_0__178436&from=searchresults
Suite Place Barcelona Còrsega,"Eixample, Barcelona",https://www.booking.com/hotel/es/suite-place-barcelona.html?label=gen173nr-1BCAEoggI46AdSAnVzWARoRogBAZgBMbgBGcgBD9gBAegBAYgCAagCA7gCmuTXvAbAAgHSAiQ3NGM3OTk4Ni0yY2UyLTQ1NGYtOGQwZS1lZTU4ZTdhMDAwZTHYAgXgAgE&sid=735f077cb553f5b5fb1805efac5f4fa0&aid=304142&ucfs=1&arphpl=1&checkin=2025-04-01&checkout=2025-04-08&dest_id=-372490&dest_type=city&group_adults=2&req_adults=2&no_rooms=1&group_children=0&req_children=0&hpos=11&hapos=261&sr_order=popularity&srpvid=52a43c0f4b5000e9&srepoch=1737880380&all_sr_blocks=168671907_231408062_2_0_0&highlighted_blocks=168671907_231408062_2_0_0&matching_block_id=168671907_231408062_2_0_0&sr_pri_blocks=168671907_231408062_2_0_0__202132&from=searchresults
Àmfores Boutique Guest House,"Ciutat Vella, Barcelona",https://www.booking.com/hotel/es/amfores-boutique-guest-house.html?label=gen173nr-1BCAEoggI46AdSAnVzWARoRogBAZgBMbgBGcgBD9gBAegBAYgCAagCA7gCmuTXvAbAAgHSAiQ3NGM3OTk4Ni0yY2UyLTQ1NGYtOGQwZS1lZTU4ZTdhMDAwZTHYAgXgAgE&sid=735f077cb553f5b5fb1805efac5f4fa0&aid=304142&ucfs=1&arphpl=1&checkin=2025-04-01&checkout=2025-04-08&dest_id=-372490&dest_type=city&group_adults=2&req_adults=2&no_rooms=1&group_children=0&req_children=0&hpos=12&hapos=262&sr_order=popularity&srpvid=52a43c0f4b5000e9&srepoch=1737880380&all_sr_blocks=406859805_124654172_0_0_0_717775&highlighted_blocks=406859805_124654172_0_0_0_717775&matching_block_id=406859805_124654172_0_0_0_717775&sr_pri_blocks=406859805_124654172_0_0_0_717775_124700&from_sustainable_property_sr=1&from=searchresults
Barcelonaforrent Urban Town Suites,"Sarrià-St. Gervasi, Barcelona",https://www.booking.com/hotel/es/barcelonaforrent-urban-town-suites.html?label=gen173nr-1BCAEoggI46AdSAnVzWARoRogBAZgBMbgBGcgBD9gBAegBAYgCAagCA7gCmuTXvAbAAgHSAiQ3NGM3OTk4Ni0yY2UyLTQ1NGYtOGQwZS1lZTU4ZTdhMDAwZTHYAgXgAgE&sid=735f077cb553f5b5fb1805efac5f4fa0&aid=304142&ucfs=1&arphpl=1&checkin=2025-04-01&checkout=2025-04-08&dest_id=-372490&dest_type=city&group_adults=2&req_adults=2&no_rooms=1&group_children=0&req_children=0&hpos=13&hapos=263&sr_order=popularity&srpvid=52a43c0f4b5000e9&srepoch=1737880380&all_sr_blocks=90826802_406314229_0_0_0&highlighted_blocks=90826802_406314229_0_0_0&matching_block_id=90826802_406314229_0_0_0&sr_pri_blocks=90826802_406314229_0_0_0__218098&from=searchresults
Hotel Nouvel,"Ciutat Vella, Barcelona",https://www.booking.com/hotel/es/nouvel.html?label=gen173nr-1BCAEoggI46AdSAnVzWARoRogBAZgBMbgBGcgBD9gBAegBAYgCAagCA7gCmuTXvAbAAgHSAiQ3NGM3OTk4Ni0yY2UyLTQ1NGYtOGQwZS1lZTU4ZTdhMDAwZTHYAgXgAgE&sid=735f077cb553f5b5fb1805efac5f4fa0&aid=304142&ucfs=1&arphpl=1&checkin=2025-04-01&checkout=2025-04-08&dest_id=-372490&dest_type=city&group_adults=2&req_adults=2&no_rooms=1&group_children=0&req_children=0&hpos=14&hapos=264&sr_order=popularity&srpvid=52a43c0f4b5000e9&srepoch=1737880380&all_sr_blocks=9065413_88492681_0_0_0&highlighted_blocks=9065413_88492681_0_0_0&matching_block_id=9065413_88492681_0_0_0&sr_pri_blocks=9065413_88492681_0_0_0__138000&from=searchresults
Apartments Sata Olimpic Village Area,"Sant Martí, Barcelona",https://www.booking.com/hotel/es/apartments-olimpic-village.html?label=gen173nr-1BCAEoggI46AdSAnVzWARoRogBAZgBMbgBGcgBD9gBAegBAYgCAagCA7gCmuTXvAbAAgHSAiQ3NGM3OTk4Ni0yY2UyLTQ1NGYtOGQwZS1lZTU4ZTdhMDAwZTHYAgXgAgE&sid=735f077cb553f5b5fb1805efac5f4fa0&aid=304142&ucfs=1&arphpl=1&checkin=2025-04-01&checkout=2025-04-08&dest_id=-372490&dest_type=city&group_adults=2&req_adults=2&no_rooms=1&group_children=0&req_children=0&hpos=15&hapos=265&sr_order=popularity&srpvid=52a43c0f4b5000e9&srepoch=1737880380&all_sr_blocks=31130101_88497705_2_0_0&highlighted_blocks=31130101_88497705_2_0_0&matching_block_id=31130101_88497705_2_0_0&sr_pri_blocks=31130101_88497705_2_0_0__152232&from=searchresults
MH Apartments Suites,"Eixample, Barcelona",https://www.booking.com/hotel/es/mh-apartments-suites.html?label=gen173nr-1BCAEoggI46AdSAnVzWARoRogBAZgBMbgBGcgBD9gBAegBAYgCAagCA7gCmuTXvAbAAgHSAiQ3NGM3OTk4Ni0yY2UyLTQ1NGYtOGQwZS1lZTU4ZTdhMDAwZTHYAgXgAgE&sid=735f077cb553f5b5fb1805efac5f4fa0&aid=304142&ucfs=1&arphpl=1&checkin=2025-04-01&checkout=2025-04-08&dest_id=-372490&dest_type=city&group_adults=2&req_adults=2&no_rooms=1&group_children=0&req_children=0&hpos=16&hapos=266&sr_order=popularity&srpvid=52a43c0f4b5000e9&srepoch=1737880380&all_sr_blocks=28271701_403038612_2_0_0_154392&highlighted_blocks=28271701_403038612_2_0_0_154392&matching_block_id=28271701_403038612_2_0_0_154392&sr_pri_blocks=28271701_403038612_2_0_0_154392_179932&from=searchresults
Sercotel Hotel Rosellon,"Eixample, Barcelona",https://www.booking.com/hotel/es/ayre-rosellon.html?label=gen173nr-1BCAEoggI46AdSAnVzWARoRogBAZgBMbgBGcgBD9gBAegBAYgCAagCA7gCmuTXvAbAAgHSAiQ3NGM3OTk4Ni0yY2UyLTQ1NGYtOGQwZS1lZTU4ZTdhMDAwZTHYAgXgAgE&sid=735f077cb553f5b5fb1805efac5f4fa0&aid=304142&ucfs=1&arphpl=1&checkin=2025-04-01&checkout=2025-04-08&dest_id=-372490&dest_type=city&group_adults=2&req_adults=2&no_rooms=1&group_children=0&req_children=0&hpos=17&hapos=267&sr_order=popularity&srpvid=52a43c0f4b5000e9&srepoch=1737880380&all_sr_blocks=18882530_357596167_2_2_0&highlighted_blocks=18882530_357596167_2_2_0&matching_block_id=18882530_357596167_2_2_0&sr_pri_blocks=18882530_357596167_2_2_0__205338&from_sustainable_property_sr=1&from=searchresults
Abba Rambla Hotel,"Ciutat Vella, Barcelona",https://www.booking.com/hotel/es/abbaramblahotelbarcelona.html?label=gen173nr-1BCAEoggI46AdSAnVzWARoRogBAZgBMbgBGcgBD9gBAegBAYgCAagCA7gCmuTXvAbAAgHSAiQ3NGM3OTk4Ni0yY2UyLTQ1NGYtOGQwZS1lZTU4ZTdhMDAwZTHYAgXgAgE&sid=735f077cb553f5b5fb1805efac5f4fa0&aid=304142&ucfs=1&arphpl=1&checkin=2025-04-01&checkout=2025-04-08&dest_id=-372490&dest_type=city&group_adults=2&req_adults=2&no_rooms=1&group_children=0&req_children=0&hpos=18&hapos=268&sr_order=popularity&srpvid=52a43c0f4b5000e9&srepoch=1737880380&all_sr_blocks=9163102_88191474_0_2_0_683605&highlighted_blocks=9163102_88191474_0_2_0_683605&matching_block_id=9163102_88191474_0_2_0_683605&sr_pri_blocks=9163102_88191474_0_2_0_683605_113000&from_sustainable_property_sr=1&from=searchresults
MH Apartments Urban,"Eixample, Barcelona",https://www.booking.com/hotel/es/mh-apartments-urban-barcelona.html?label=gen173nr-1BCAEoggI46AdSAnVzWARoRogBAZgBMbgBGcgBD9gBAegBAYgCAagCA7gCmuTXvAbAAgHSAiQ3NGM3OTk4Ni0yY2UyLTQ1NGYtOGQwZS1lZTU4ZTdhMDAwZTHYAgXgAgE&sid=735f077cb553f5b5fb1805efac5f4fa0&aid=304142&ucfs=1&arphpl=1&checkin=2025-04-01&checkout=2025-04-08&dest_id=-372490&dest_type=city&group_adults=2&req_adults=2&no_rooms=1&group_children=0&req_children=0&hpos=19&hapos=269&sr_order=popularity&srpvid=52a43c0f4b5000e9&srepoch=1737880380&all_sr_blocks=46674901_403038609_2_0_0_161267&highlighted_blocks=46674901_403038609_2_0_0_161267&matching_block_id=46674901_403038609_2_0_0_161267&sr_pri_blocks=46674901_403038609_2_0_0_161267_176932&from=searchresults
Grupotel Gran Via 678,"Eixample, Barcelona",https://www.booking.com/hotel/es/gran-via-678.html?label=gen173nr-1BCAEoggI46AdSAnVzWARoRogBAZgBMbgBGcgBD9gBAegBAYgCAagCA7gCmuTXvAbAAgHSAiQ3NGM3OTk4Ni0yY2UyLTQ1NGYtOGQwZS1lZTU4ZTdhMDAwZTHYAgXgAgE&sid=735f077cb553f5b5fb1805efac5f4fa0&aid=304142&ucfs=1&arphpl=1&checkin=2025-04-01&checkout=2025-04-08&dest_id=-372490&dest_type=city&group_adults=2&req_adults=2&no_rooms=1&group_children=0&req_children=0&hpos=20&hapos=270&sr_order=popularity&srpvid=52a43c0f4b5000e9&srepoch=1737880380&all_sr_blocks=18925714_88203530_0_2_0&highlighted_blocks=18925714_88203530_0_2_0&matching_block_id=18925714_88203530_0_2_0&sr_pri_blocks=18925714_88203530_0_2_0__141183&from=searchresults
Apartment Vila Olímpica Barcelona next to beach & garden,"Sant Martí, Barcelona",https://www.booking.com/hotel/es/apartment-vila-olimpica-barcelona-in-a-quiet-garden.html?label=gen173nr-1BCAEoggI46AdSAnVzWARoRogBAZgBMbgBGcgBD9gBAegBAYgCAagCA7gCmuTXvAbAAgHSAiQ3NGM3OTk4Ni0yY2UyLTQ1NGYtOGQwZS1lZTU4ZTdhMDAwZTHYAgXgAgE&sid=735f077cb553f5b5fb1805efac5f4fa0&aid=304142&ucfs=1&arphpl=1&checkin=2025-04-01&checkout=2025-04-08&dest_id=-372490&dest_type=city&group_adults=2&req_adults=2&no_rooms=1&group_children=0&req_children=0&hpos=21&hapos=271&sr_order=popularity&srpvid=52a43c0f4b5000e9&srepoch=1737880380&all_sr_blocks=1042832801_376681057_2_0_0&highlighted_blocks=1042832801_376681057_2_0_0&matching_block_id=1042832801_376681057_2_0_0&sr_pri_blocks=1042832801_376681057_2_0_0__129292&from=searchresults
Novotel Barcelona City,"Sant Martí, Barcelona",https://www.booking.com/hotel/es/novotel-barcelona-city.html?label=gen173nr-1BCAEoggI46AdSAnVzWARoRogBAZgBMbgBGcgBD9gBAegBAYgCAagCA7gCmuTXvAbAAgHSAiQ3NGM3OTk4Ni0yY2UyLTQ1NGYtOGQwZS1lZTU4ZTdhMDAwZTHYAgXgAgE&sid=735f077cb553f5b5fb1805efac5f4fa0&aid=304142&ucfs=1&arphpl=1&checkin=2025-04-01&checkout=2025-04-08&dest_id=-372490&dest_type=city&group_adults=2&req_adults=2&no_rooms=1&group_children=0&req_children=0&hpos=22&hapos=272&sr_order=popularity&srpvid=52a43c0f4b5000e9&srepoch=1737880380&all_sr_blocks=18941701_93714692_2_42_0&highlighted_blocks=18941701_93714692_2_42_0&matching_block_id=18941701_93714692_2_42_0&sr_pri_blocks=18941701_93714692_2_42_0__146745&from_sustainable_property_sr=1&from=searchresults
Apartments Sata Sagrada Familia Area,"Gràcia, Barcelona",https://www.booking.com/hotel/es/apartamentos-sagrada-familia.html?label=gen173nr-1BCAEoggI46AdSAnVzWARoRogBAZgBMbgBGcgBD9gBAegBAYgCAagCA7gCmuTXvAbAAgHSAiQ3NGM3OTk4Ni0yY2UyLTQ1NGYtOGQwZS1lZTU4ZTdhMDAwZTHYAgXgAgE&sid=735f077cb553f5b5fb1805efac5f4fa0&aid=304142&ucfs=1&arphpl=1&checkin=2025-04-01&checkout=2025-04-08&dest_id=-372490&dest_type=city&group_adults=2&req_adults=2&no_rooms=1&group_children=0&req_children=0&hpos=23&hapos=273&sr_order=popularity&srpvid=52a43c0f4b5000e9&srepoch=1737880380&all_sr_blocks=9341605_88493565_2_0_0&highlighted_blocks=9341605_88493565_2_0_0&matching_block_id=9341605_88493565_2_0_0&sr_pri_blocks=9341605_88493565_2_0_0__136440&from_sustainable_property_sr=1&from=searchresults
"Hotel Balmes, a member of Preferred Hotels & Resorts","Eixample, Barcelona",https://www.booking.com/hotel/es/balmesderby.html?label=gen173nr-1BCAEoggI46AdSAnVzWARoRogBAZgBMbgBGcgBD9gBAegBAYgCAagCA7gCmuTXvAbAAgHSAiQ3NGM3OTk4Ni0yY2UyLTQ1NGYtOGQwZS1lZTU4ZTdhMDAwZTHYAgXgAgE&sid=735f077cb553f5b5fb1805efac5f4fa0&aid=304142&ucfs=1&arphpl=1&checkin=2025-04-01&checkout=2025-04-08&dest_id=-372490&dest_type=city&group_adults=2&req_adults=2&no_rooms=1&group_children=0&req_children=0&hpos=24&hapos=274&sr_order=popularity&srpvid=52a43c0f4b5000e9&srepoch=1737880380&all_sr_blocks=9003918_88181299_0_2_0&highlighted_blocks=9003918_88181299_0_2_0&matching_block_id=9003918_88181299_0_2_0&sr_pri_blocks=9003918_88181299_0_2_0__146478&from=searchresults
Hostal Oliva,"Eixample, Barcelona",https://www.booking.com/hotel/es/hostal-oliva-barcelona.html?label=gen173nr-1BCAEoggI46AdSAnVzWARoRogBAZgBMbgBGcgBD9gBAegBAYgCAagCA7gCmuTXvAbAAgHSAiQ3NGM3OTk4Ni0yY2UyLTQ1NGYtOGQwZS1lZTU4ZTdhMDAwZTHYAgXgAgE&sid=735f077cb553f5b5fb1805efac5f4fa0&aid=304142&ucfs=1&arphpl=1&checkin=2025-04-01&checkout=2025-04-08&dest_id=-372490&dest_type=city&group_adults=2&req_adults=2&no_rooms=1&group_children=0&req_children=0&hpos=25&hapos=275&sr_order=popularity&srpvid=52a43c0f4b5000e9&srepoch=1737880380&all_sr_blocks=167292301_146638147_0_0_0&highlighted_blocks=167292301_146638147_0_0_0&matching_block_id=167292301_146638147_0_0_0&sr_pri_blocks=167292301_146638147_0_0_0__117000&from=searchresults
"Casa Consell Gran Via, Guest House","Eixample, Barcelona",https://www.booking.com/hotel/es/barcelona-center-inn.html?label=gen173nr-1BCAEoggI46AdSAnVzWARoRogBAZgBMbgBGcgBD9gBAegBAYgCAagCA7gCmuTXvAbAAgHSAiQ3NGM3OTk4Ni0yY2UyLTQ1NGYtOGQwZS1lZTU4ZTdhMDAwZTHYAgXgAgE&sid=735f077cb553f5b5fb1805efac5f4fa0&aid=304142&ucfs=1&arphpl=1&checkin=2025-04-01&checkout=2025-04-08&dest_id=-372490&dest_type=city&group_adults=2&req_adults=2&no_rooms=1&group_children=0&req_children=0&hpos=1&hapos=276&sr_order=popularity&srpvid=52a43c0f4b5000e9&srepoch=1737880382&all_sr_blocks=9754920_108339421_2_0_0&highlighted_blocks=9754920_108339421_2_0_0&matching_block_id=9754920_108339421_2_0_0&sr_pri_blocks=9754920_108339421_2_0_0__161200&from=searchresults
Casa Pince,"Ciutat Vella, Barcelona",https://www.booking.com/hotel/es/casa-pince.html?label=gen173nr-1BCAEoggI46AdSAnVzWARoRogBAZgBMbgBGcgBD9gBAegBAYgCAagCA7gCmuTXvAbAAgHSAiQ3NGM3OTk4Ni0yY2UyLTQ1NGYtOGQwZS1lZTU4ZTdhMDAwZTHYAgXgAgE&sid=735f077cb553f5b5fb1805efac5f4fa0&aid=304142&ucfs=1&arphpl=1&checkin=2025-04-01&checkout=2025-04-08&dest_id=-372490&dest_type=city&group_adults=2&req_adults=2&no_rooms=1&group_children=0&req_children=0&hpos=2&hapos=277&sr_order=popularity&srpvid=52a43c0f4b5000e9&srepoch=1737880382&all_sr_blocks=1144129104_387856410_2_42_0_244509&highlighted_blocks=1144129104_387856410_2_42_0_244509&matching_block_id=1144129104_387856410_2_42_0_244509&sr_pri_blocks=1144129104_387856410_2_42_0_244509_182016&from=searchresults
Stay U-nique Apartments Est,"Ciutat Vella, Barcelona",https://www.booking.com/hotel/es/cozy-apartment-in-central-bcn.html?label=gen173nr-1BCAEoggI46AdSAnVzWARoRogBAZgBMbgBGcgBD9gBAegBAYgCAagCA7gCmuTXvAbAAgHSAiQ3NGM3OTk4Ni0yY2UyLTQ1NGYtOGQwZS1lZTU4ZTdhMDAwZTHYAgXgAgE&sid=735f077cb553f5b5fb1805efac5f4fa0&aid=304142&ucfs=1&arphpl=1&checkin=2025-04-01&checkout=2025-04-08&dest_id=-372490&dest_type=city&group_adults=2&req_adults=2&no_rooms=1&group_children=0&req_children=0&hpos=3&hapos=278&sr_order=popularity&srpvid=52a43c0f4b5000e9&srepoch=1737880382&all_sr_blocks=874733308_356755164_0_0_0&highlighted_blocks=874733308_356755164_0_0_0&matching_block_id=874733308_356755164_0_0_0&sr_pri_blocks=874733308_356755164_0_0_0__127239&from=searchresults
Super Balmes Guest House,"Eixample, Barcelona",https://www.booking.com/hotel/es/super-balmes-guest-house.html?label=gen173nr-1BCAEoggI46AdSAnVzWARoRogBAZgBMbgBGcgBD9gBAegBAYgCAagCA7gCmuTXvAbAAgHSAiQ3NGM3OTk4Ni0yY2UyLTQ1NGYtOGQwZS1lZTU4ZTdhMDAwZTHYAgXgAgE&sid=735f077cb553f5b5fb1805efac5f4fa0&aid=304142&ucfs=1&arphpl=1&checkin=2025-04-01&checkout=2025-04-08&dest_id=-372490&dest_type=city&group_adults=2&req_adults=2&no_rooms=1&group_children=0&req_children=0&hpos=4&hapos=279&sr_order=popularity&srpvid=52a43c0f4b5000e9&srepoch=1737880382&all_sr_blocks=82263701_340026921_0_0_0&highlighted_blocks=82263701_340026921_0_0_0&matching_block_id=82263701_340026921_0_0_0&sr_pri_blocks=82263701_340026921_0_0_0__103723&from=searchresults
Forget Me Not Barcelona,"Eixample, Barcelona",https://www.booking.com/hotel/es/forgetmenot.html?label=gen173nr-1BCAEoggI46AdSAnVzWARoRogBAZgBMbgBGcgBD9gBAegBAYgCAagCA7gCmuTXvAbAAgHSAiQ3NGM3OTk4Ni0yY2UyLTQ1NGYtOGQwZS1lZTU4ZTdhMDAwZTHYAgXgAgE&sid=735f077cb553f5b5fb1805efac5f4fa0&aid=304142&ucfs=1&arphpl=1&checkin=2025-04-01&checkout=2025-04-08&dest_id=-372490&dest_type=city&group_adults=2&req_adults=2&no_rooms=1&group_children=0&req_children=0&hpos=5&hapos=280&sr_order=popularity&srpvid=52a43c0f4b5000e9&srepoch=1737880382&all_sr_blocks=139858402_175210883_0_1_0_344406&highlighted_blocks=139858402_175210883_0_1_0_344406&matching_block_id=139858402_175210883_0_1_0_344406&sr_pri_blocks=139858402_175210883_0_1_0_344406_173256&from=searchresults
H10 Art Gallery 4* Sup,"Eixample, Barcelona",https://www.booking.com/hotel/es/h10-art-gallery.html?label=gen173nr-1BCAEoggI46AdSAnVzWARoRogBAZgBMbgBGcgBD9gBAegBAYgCAagCA7gCmuTXvAbAAgHSAiQ3NGM3OTk4Ni0yY2UyLTQ1NGYtOGQwZS1lZTU4ZTdhMDAwZTHYAgXgAgE&sid=735f077cb553f5b5fb1805efac5f4fa0&aid=304142&ucfs=1&arphpl=1&checkin=2025-04-01&checkout=2025-04-08&dest_id=-372490&dest_type=city&group_adults=2&req_adults=2&no_rooms=1&group_children=0&req_children=0&hpos=6&hapos=281&sr_order=popularity&srpvid=52a43c0f4b5000e9&srepoch=1737880382&all_sr_blocks=100544901_307851687_0_2_0_231115&highlighted_blocks=100544901_307851687_0_2_0_231115&matching_block_id=100544901_307851687_0_2_0_231115&sr_pri_blocks=100544901_307851687_0_2_0_231115_154278&from_sustainable_property_sr=1&from=searchresults
1314 -AB Passeig de Gràcia Penthouse,"Eixample, Barcelona",https://www.booking.com/hotel/es/1314-ab-passeig-de-gracia-penthouse.html?label=gen173nr-1BCAEoggI46AdSAnVzWARoRogBAZgBMbgBGcgBD9gBAegBAYgCAagCA7gCmuTXvAbAAgHSAiQ3NGM3OTk4Ni0yY2UyLTQ1NGYtOGQwZS1lZTU4ZTdhMDAwZTHYAgXgAgE&sid=735f077cb553f5b5fb1805efac5f4fa0&aid=304142&ucfs=1&arphpl=1&checkin=2025-04-01&checkout=2025-04-08&dest_id=-372490&dest_type=city&group_adults=2&req_adults=2&no_rooms=1&group_children=0&req_children=0&hpos=7&hapos=282&sr_order=popularity&srpvid=52a43c0f4b5000e9&srepoch=1737880382&all_sr_blocks=1097569902_382928419_2_0_0&highlighted_blocks=1097569902_382928419_2_0_0&matching_block_id=1097569902_382928419_2_0_0&sr_pri_blocks=1097569902_382928419_2_0_0__122285&from=searchresults
Room Mate Carla,"Eixample, Barcelona",https://www.booking.com/hotel/es/987-barcelona.html?label=gen173nr-1BCAEoggI46AdSAnVzWARoRogBAZgBMbgBGcgBD9gBAegBAYgCAagCA7gCmuTXvAbAAgHSAiQ3NGM3OTk4Ni0yY2UyLTQ1NGYtOGQwZS1lZTU4ZTdhMDAwZTHYAgXgAgE&sid=735f077cb553f5b5fb1805efac5f4fa0&aid=304142&ucfs=1&arphpl=1&checkin=2025-04-01&checkout=2025-04-08&dest_id=-372490&dest_type=city&group_adults=2&req_adults=2&no_rooms=1&group_children=0&req_children=0&hpos=8&hapos=283&sr_order=popularity&srpvid=52a43c0f4b5000e9&srepoch=1737880382&all_sr_blocks=9383201_88194249_0_2_0_303440&highlighted_blocks=9383201_88194249_0_2_0_303440&matching_block_id=9383201_88194249_0_2_0_303440&sr_pri_blocks=9383201_88194249_0_2_0_303440_149666&from=searchresults
Hotel El Call,"Ciutat Vella, Barcelona",https://www.booking.com/hotel/es/call.html?label=gen173nr-1BCAEoggI46AdSAnVzWARoRogBAZgBMbgBGcgBD9gBAegBAYgCAagCA7gCmuTXvAbAAgHSAiQ3NGM3OTk4Ni0yY2UyLTQ1NGYtOGQwZS1lZTU4ZTdhMDAwZTHYAgXgAgE&sid=735f077cb553f5b5fb1805efac5f4fa0&aid=304142&ucfs=1&arphpl=1&checkin=2025-04-01&checkout=2025-04-08&dest_id=-372490&dest_type=city&group_adults=2&req_adults=2&no_rooms=1&group_children=0&req_children=0&hpos=9&hapos=284&sr_order=popularity&srpvid=52a43c0f4b5000e9&srepoch=1737880382&all_sr_blocks=17314206_88197051_0_0_0&highlighted_blocks=17314206_88197051_0_0_0&matching_block_id=17314206_88197051_0_0_0&sr_pri_blocks=17314206_88197051_0_0_0__111531&from=searchresults
Olivia Plaza Hotel,"Ciutat Vella, Barcelona",https://www.booking.com/hotel/es/olivia-plaza.html?label=gen173nr-1BCAEoggI46AdSAnVzWARoRogBAZgBMbgBGcgBD9gBAegBAYgCAagCA7gCmuTXvAbAAgHSAiQ3NGM3OTk4Ni0yY2UyLTQ1NGYtOGQwZS1lZTU4ZTdhMDAwZTHYAgXgAgE&sid=735f077cb553f5b5fb1805efac5f4fa0&aid=304142&ucfs=1&arphpl=1&checkin=2025-04-01&checkout=2025-04-08&dest_id=-372490&dest_type=city&group_adults=2&req_adults=2&no_rooms=1&group_children=0&req_children=0&hpos=10&hapos=285&sr_order=popularity&srpvid=52a43c0f4b5000e9&srepoch=1737880382&all_sr_blocks=9195204_88192048_2_2_0&highlighted_blocks=9195204_88192048_2_2_0&matching_block_id=9195204_88192048_2_2_0&sr_pri_blocks=9195204_88192048_2_2_0__215978&from=searchresults
Stay U-nique Apartments Rambla Catalunya,"Eixample, Barcelona",https://www.booking.com/hotel/es/stay-u-nique-rambla-catalunya.html?label=gen173nr-1BCAEoggI46AdSAnVzWARoRogBAZgBMbgBGcgBD9gBAegBAYgCAagCA7gCmuTXvAbAAgHSAiQ3NGM3OTk4Ni0yY2UyLTQ1NGYtOGQwZS1lZTU4ZTdhMDAwZTHYAgXgAgE&sid=735f077cb553f5b5fb1805efac5f4fa0&aid=304142&ucfs=1&arphpl=1&checkin=2025-04-01&checkout=2025-04-08&dest_id=-372490&dest_type=city&group_adults=2&req_adults=2&no_rooms=1&group_children=0&req_children=0&hpos=11&hapos=286&sr_order=popularity&srpvid=52a43c0f4b5000e9&srepoch=1737880382&all_sr_blocks=129395514_247002615_0_0_0&highlighted_blocks=129395514_247002615_0_0_0&matching_block_id=129395514_247002615_0_0_0&sr_pri_blocks=129395514_247002615_0_0_0__147575&from=searchresults
Room Mate Anna,"Eixample, Barcelona",https://www.booking.com/hotel/es/room-mate-anna.html?label=gen173nr-1BCAEoggI46AdSAnVzWARoRogBAZgBMbgBGcgBD9gBAegBAYgCAagCA7gCmuTXvAbAAgHSAiQ3NGM3OTk4Ni0yY2UyLTQ1NGYtOGQwZS1lZTU4ZTdhMDAwZTHYAgXgAgE&sid=735f077cb553f5b5fb1805efac5f4fa0&aid=304142&ucfs=1&arphpl=1&checkin=2025-04-01&checkout=2025-04-08&dest_id=-372490&dest_type=city&group_adults=2&req_adults=2&no_rooms=1&group_children=0&req_children=0&hpos=12&hapos=287&sr_order=popularity&srpvid=52a43c0f4b5000e9&srepoch=1737880382&all_sr_blocks=176914302_90862719_0_2_0_311182&highlighted_blocks=176914302_90862719_0_2_0_311182&matching_block_id=176914302_90862719_0_2_0_311182&sr_pri_blocks=176914302_90862719_0_2_0_311182_158554&from=searchresults
Musik Boutique Hotel,"Ciutat Vella, Barcelona",https://www.booking.com/hotel/es/musik-boutique.html?label=gen173nr-1BCAEoggI46AdSAnVzWARoRogBAZgBMbgBGcgBD9gBAegBAYgCAagCA7gCmuTXvAbAAgHSAiQ3NGM3OTk4Ni0yY2UyLTQ1NGYtOGQwZS1lZTU4ZTdhMDAwZTHYAgXgAgE&sid=735f077cb553f5b5fb1805efac5f4fa0&aid=304142&ucfs=1&arphpl=1&checkin=2025-04-01&checkout=2025-04-08&dest_id=-372490&dest_type=city&group_adults=2&req_adults=2&no_rooms=1&group_children=0&req_children=0&hpos=13&hapos=288&sr_order=popularity&srpvid=52a43c0f4b5000e9&srepoch=1737880382&all_sr_blocks=41093901_380480852_2_2_0_527250&highlighted_blocks=41093901_380480852_2_2_0_527250&matching_block_id=41093901_380480852_2_2_0_527250&sr_pri_blocks=41093901_380480852_2_2_0_527250_179000&from=searchresults
Eurostars Grand Marina Hotel GL,"Ciutat Vella, Barcelona",https://www.booking.com/hotel/es/grandmarina.html?label=gen173nr-1BCAEoggI46AdSAnVzWARoRogBAZgBMbgBGcgBD9gBAegBAYgCAagCA7gCmuTXvAbAAgHSAiQ3NGM3OTk4Ni0yY2UyLTQ1NGYtOGQwZS1lZTU4ZTdhMDAwZTHYAgXgAgE&sid=735f077cb553f5b5fb1805efac5f4fa0&aid=304142&ucfs=1&arphpl=1&checkin=2025-04-01&checkout=2025-04-08&dest_id=-372490&dest_type=city&group_adults=2&req_adults=2&no_rooms=1&group_children=0&req_children=0&hpos=14&hapos=289&sr_order=popularity&srpvid=52a43c0f4b5000e9&srepoch=1737880382&all_sr_blocks=9032701_93708804_2_2_0&highlighted_blocks=9032701_93708804_2_2_0&matching_block_id=9032701_93708804_2_2_0&sr_pri_blocks=9032701_93708804_2_2_0__185780&from_sustainable_property_sr=1&from=searchresults
Hotel España Ramblas,"Ciutat Vella, Barcelona",https://www.booking.com/hotel/es/espana-barcelona.html?label=gen173nr-1BCAEoggI46AdSAnVzWARoRogBAZgBMbgBGcgBD9gBAegBAYgCAagCA7gCmuTXvAbAAgHSAiQ3NGM3OTk4Ni0yY2UyLTQ1NGYtOGQwZS1lZTU4ZTdhMDAwZTHYAgXgAgE&sid=735f077cb553f5b5fb1805efac5f4fa0&aid=304142&ucfs=1&arphpl=1&checkin=2025-04-01&checkout=2025-04-08&dest_id=-372490&dest_type=city&group_adults=2&req_adults=2&no_rooms=1&group_children=0&req_children=0&hpos=15&hapos=290&sr_order=popularity&srpvid=52a43c0f4b5000e9&srepoch=1737880382&all_sr_blocks=4794301_88181097_0_2_0_608558&highlighted_blocks=4794301_88181097_0_2_0_608558&matching_block_id=4794301_88181097_0_2_0_608558&sr_pri_blocks=4794301_88181097_0_2_0_608558_139967&from=searchresults
Aspasios Gracia Apartments,"Gràcia, Barcelona",https://www.booking.com/hotel/es/aspasios-gracia-apartments.html?label=gen173nr-1BCAEoggI46AdSAnVzWARoRogBAZgBMbgBGcgBD9gBAegBAYgCAagCA7gCmuTXvAbAAgHSAiQ3NGM3OTk4Ni0yY2UyLTQ1NGYtOGQwZS1lZTU4ZTdhMDAwZTHYAgXgAgE&sid=735f077cb553f5b5fb1805efac5f4fa0&aid=304142&ucfs=1&arphpl=1&checkin=2025-04-01&checkout=2025-04-08&dest_id=-372490&dest_type=city&group_adults=2&req_adults=2&no_rooms=1&group_children=0&req_children=0&hpos=16&hapos=291&sr_order=popularity&srpvid=52a43c0f4b5000e9&srepoch=1737880382&all_sr_blocks=573798401_221191033_4_0_0&highlighted_blocks=573798401_221191033_4_0_0&matching_block_id=573798401_221191033_4_0_0&sr_pri_blocks=573798401_221191033_4_0_0__178332&from=searchresults
ClassBedroom Gothic Ramblas Apartments,"Ciutat Vella, Barcelona",https://www.booking.com/hotel/es/classbedroom-gothic-ramblas-apartments.html?label=gen173nr-1BCAEoggI46AdSAnVzWARoRogBAZgBMbgBGcgBD9gBAegBAYgCAagCA7gCmuTXvAbAAgHSAiQ3NGM3OTk4Ni0yY2UyLTQ1NGYtOGQwZS1lZTU4ZTdhMDAwZTHYAgXgAgE&sid=735f077cb553f5b5fb1805efac5f4fa0&aid=304142&ucfs=1&arphpl=1&checkin=2025-04-01&checkout=2025-04-08&dest_id=-372490&dest_type=city&group_adults=2&req_adults=2&no_rooms=1&group_children=0&req_children=0&hpos=17&hapos=292&sr_order=popularity&srpvid=52a43c0f4b5000e9&srepoch=1737880382&all_sr_blocks=576394904_384316603_0_0_0&highlighted_blocks=576394904_384316603_0_0_0&matching_block_id=576394904_384316603_0_0_0&sr_pri_blocks=576394904_384316603_0_0_0__112594&from=searchresults
SmartRoom Barcelona,"Sants-Montjuïc, Barcelona",https://www.booking.com/hotel/es/smartroom-barcelona.html?label=gen173nr-1BCAEoggI46AdSAnVzWARoRogBAZgBMbgBGcgBD9gBAegBAYgCAagCA7gCmuTXvAbAAgHSAiQ3NGM3OTk4Ni0yY2UyLTQ1NGYtOGQwZS1lZTU4ZTdhMDAwZTHYAgXgAgE&sid=735f077cb553f5b5fb1805efac5f4fa0&aid=304142&ucfs=1&arphpl=1&checkin=2025-04-01&checkout=2025-04-08&dest_id=-372490&dest_type=city&group_adults=2&req_adults=2&no_rooms=1&group_children=0&req_children=0&hpos=18&hapos=293&sr_order=popularity&srpvid=52a43c0f4b5000e9&srepoch=1737880382&all_sr_blocks=130602104_184478165_2_0_0&highlighted_blocks=130602104_184478165_2_0_0&matching_block_id=130602104_184478165_2_0_0&sr_pri_blocks=130602104_184478165_2_0_0__100325&from_sustainable_property_sr=1&from=searchresults
Aparthotel Allada 3*,"Ciutat Vella, Barcelona",https://www.booking.com/hotel/es/apartamentos-allada.html?label=gen173nr-1BCAEoggI46AdSAnVzWARoRogBAZgBMbgBGcgBD9gBAegBAYgCAagCA7gCmuTXvAbAAgHSAiQ3NGM3OTk4Ni0yY2UyLTQ1NGYtOGQwZS1lZTU4ZTdhMDAwZTHYAgXgAgE&sid=735f077cb553f5b5fb1805efac5f4fa0&aid=304142&ucfs=1&arphpl=1&checkin=2025-04-01&checkout=2025-04-08&dest_id=-372490&dest_type=city&group_adults=2&req_adults=2&no_rooms=1&group_children=0&req_children=0&hpos=19&hapos=294&sr_order=popularity&srpvid=52a43c0f4b5000e9&srepoch=1737880382&all_sr_blocks=9419704_105785203_0_0_0&highlighted_blocks=9419704_105785203_0_0_0&matching_block_id=9419704_105785203_0_0_0&sr_pri_blocks=9419704_105785203_0_0_0__159000&from=searchresults
Ilunion Bel-Art,"Horta-Guinardó, Barcelona",https://www.booking.com/hotel/es/hotelbelart.html?label=gen173nr-1BCAEoggI46AdSAnVzWARoRogBAZgBMbgBGcgBD9gBAegBAYgCAagCA7gCmuTXvAbAAgHSAiQ3NGM3OTk4Ni0yY2UyLTQ1NGYtOGQwZS1lZTU4ZTdhMDAwZTHYAgXgAgE&sid=735f077cb553f5b5fb1805efac5f4fa0&aid=304142&ucfs=1&arphpl=1&checkin=2025-04-01&checkout=2025-04-08&dest_id=-372490&dest_type=city&group_adults=2&req_adults=2&no_rooms=1&group_children=0&req_children=0&hpos=20&hapos=295&sr_order=popularity&srpvid=52a43c0f4b5000e9&srepoch=1737880382&all_sr_blocks=9044902_391347120_0_2_0_311284&highlighted_blocks=9044902_391347120_0_2_0_311284&matching_block_id=9044902_391347120_0_2_0_311284&sr_pri_blocks=9044902_391347120_0_2_0_311284_147667&from=searchresults
Vincci Gala,"Eixample, Barcelona",https://www.booking.com/hotel/es/vincci-gala.html?label=gen173nr-1BCAEoggI46AdSAnVzWARoRogBAZgBMbgBGcgBD9gBAegBAYgCAagCA7gCmuTXvAbAAgHSAiQ3NGM3OTk4Ni0yY2UyLTQ1NGYtOGQwZS1lZTU4ZTdhMDAwZTHYAgXgAgE&sid=735f077cb553f5b5fb1805efac5f4fa0&aid=304142&ucfs=1&arphpl=1&checkin=2025-04-01&checkout=2025-04-08&dest_id=-372490&dest_type=city&group_adults=2&req_adults=2&no_rooms=1&group_children=0&req_children=0&hpos=21&hapos=296&sr_order=popularity&srpvid=52a43c0f4b5000e9&srepoch=1737880382&all_sr_blocks=73847401_401722981_0_2_0_203795&highlighted_blocks=73847401_401722981_0_2_0_203795&matching_block_id=73847401_401722981_0_2_0_203795&sr_pri_blocks=73847401_401722981_0_2_0_203795_178097&from_sustainable_property_sr=1&from=searchresults
Classbedroom Born Apartments,"Ciutat Vella, Barcelona",https://www.booking.com/hotel/es/classbedroom-ii.html?label=gen173nr-1BCAEoggI46AdSAnVzWARoRogBAZgBMbgBGcgBD9gBAegBAYgCAagCA7gCmuTXvAbAAgHSAiQ3NGM3OTk4Ni0yY2UyLTQ1NGYtOGQwZS1lZTU4ZTdhMDAwZTHYAgXgAgE&sid=735f077cb553f5b5fb1805efac5f4fa0&aid=304142&ucfs=1&arphpl=1&checkin=2025-04-01&checkout=2025-04-08&dest_id=-372490&dest_type=city&group_adults=2&req_adults=2&no_rooms=1&group_children=0&req_children=0&hpos=22&hapos=297&sr_order=popularity&srpvid=52a43c0f4b5000e9&srepoch=1737880382&all_sr_blocks=1876408_335854946_2_0_0&highlighted_blocks=1876408_335854946_2_0_0&matching_block_id=1876408_335854946_2_0_0&sr_pri_blocks=1876408_335854946_2_0_0__113232&from=searchresults
H10 Marina Barcelona,"Sant Martí, Barcelona",https://www.booking.com/hotel/es/marinabarcelona.html?label=gen173nr-1BCAEoggI46AdSAnVzWARoRogBAZgBMbgBGcgBD9gBAegBAYgCAagCA7gCmuTXvAbAAgHSAiQ3NGM3OTk4Ni0yY2UyLTQ1NGYtOGQwZS1lZTU4ZTdhMDAwZTHYAgXgAgE&sid=735f077cb553f5b5fb1805efac5f4fa0&aid=304142&ucfs=1&arphpl=1&checkin=2025-04-01&checkout=2025-04-08&dest_id=-372490&dest_type=city&group_adults=2&req_adults=2&no_rooms=1&group_children=0&req_children=0&hpos=23&hapos=298&sr_order=popularity&srpvid=52a43c0f4b5000e9&srepoch=1737880382&all_sr_blocks=9042026_203947647_0_2_0_677093&highlighted_blocks=9042026_203947647_0_2_0_677093&matching_block_id=9042026_203947647_0_2_0_677093&sr_pri_blocks=9042026_203947647_0_2_0_677093_156078&from_sustainable_property_sr=1&from=searchresults
The Corner Hotel,"Eixample, Barcelona",https://www.booking.com/hotel/es/the-corner.html?label=gen173nr-1BCAEoggI46AdSAnVzWARoRogBAZgBMbgBGcgBD9gBAegBAYgCAagCA7gCmuTXvAbAAgHSAiQ3NGM3OTk4Ni0yY2UyLTQ1NGYtOGQwZS1lZTU4ZTdhMDAwZTHYAgXgAgE&sid=735f077cb553f5b5fb1805efac5f4fa0&aid=304142&ucfs=1&arphpl=1&checkin=2025-04-01&checkout=2025-04-08&dest_id=-372490&dest_type=city&group_adults=2&req_adults=2&no_rooms=1&group_children=0&req_children=0&hpos=24&hapos=299&sr_order=popularity&srpvid=52a43c0f4b5000e9&srepoch=1737880382&all_sr_blocks=175506202_90711140_0_2_0&highlighted_blocks=175506202_90711140_0_2_0&matching_block_id=175506202_90711140_0_2_0&sr_pri_blocks=175506202_90711140_0_2_0__173807&from_sustainable_property_sr=1&from=searchresults
Sunotel Junior,"Eixample, Barcelona",https://www.booking.com/hotel/es/junior.html?label=gen173nr-1BCAEoggI46AdSAnVzWARoRogBAZgBMbgBGcgBD9gBAegBAYgCAagCA7gCmuTXvAbAAgHSAiQ3NGM3OTk4Ni0yY2UyLTQ1NGYtOGQwZS1lZTU4ZTdhMDAwZTHYAgXgAgE&sid=735f077cb553f5b5fb1805efac5f4fa0&aid=304142&ucfs=1&arphpl=1&checkin=2025-04-01&checkout=2025-04-08&dest_id=-372490&dest_type=city&group_adults=2&req_adults=2&no_rooms=1&group_children=0&req_children=0&hpos=25&hapos=300&sr_order=popularity&srpvid=52a43c0f4b5000e9&srepoch=1737880382&all_sr_blocks=9102202_403677654_0_2_0&highlighted_blocks=9102202_403677654_0_2_0&matching_block_id=9102202_403677654_0_2_0&sr_pri_blocks=9102202_403677654_0_2_0__124453&from=searchresults
Feelathome Center Apartments,"Eixample, Barcelona",https://www.booking.com/hotel/es/gaudi-apartment.html?label=gen173nr-1BCAEoggI46AdSAnVzWARoRogBAZgBMbgBGcgBD9gBAegBAYgCAagCA7gCmuTXvAbAAgHSAiQ3NGM3OTk4Ni0yY2UyLTQ1NGYtOGQwZS1lZTU4ZTdhMDAwZTHYAgXgAgE&sid=735f077cb553f5b5fb1805efac5f4fa0&aid=304142&ucfs=1&arphpl=1&checkin=2025-04-01&checkout=2025-04-08&dest_id=-372490&dest_type=city&group_adults=2&req_adults=2&no_rooms=1&group_children=0&req_children=0&hpos=1&hapos=301&sr_order=popularity&srpvid=52a43c0f4b5000e9&srepoch=1737880384&all_sr_blocks=9370018_88493696_2_0_0&highlighted_blocks=9370018_88493696_2_0_0&matching_block_id=9370018_88493696_2_0_0&sr_pri_blocks=9370018_88493696_2_0_0__173032&from=searchresults
Citytrip Palau de la Música,"Ciutat Vella, Barcelona",https://www.booking.com/hotel/es/home-advice-spain.html?label=gen173nr-1BCAEoggI46AdSAnVzWARoRogBAZgBMbgBGcgBD9gBAegBAYgCAagCA7gCmuTXvAbAAgHSAiQ3NGM3OTk4Ni0yY2UyLTQ1NGYtOGQwZS1lZTU4ZTdhMDAwZTHYAgXgAgE&sid=735f077cb553f5b5fb1805efac5f4fa0&aid=304142&ucfs=1&arphpl=1&checkin=2025-04-01&checkout=2025-04-08&dest_id=-372490&dest_type=city&group_adults=2&req_adults=2&no_rooms=1&group_children=0&req_children=0&hpos=2&hapos=302&sr_order=popularity&srpvid=52a43c0f4b5000e9&srepoch=1737880384&all_sr_blocks=1855920_190577120_0_0_0&highlighted_blocks=1855920_190577120_0_0_0&matching_block_id=1855920_190577120_0_0_0&sr_pri_blocks=1855920_190577120_0_0_0__140532&from=searchresults
BUHO Boutique Rooms,"Eixample, Barcelona",https://www.booking.com/hotel/es/antic-espai.html?label=gen173nr-1BCAEoggI46AdSAnVzWARoRogBAZgBMbgBGcgBD9gBAegBAYgCAagCA7gCmuTXvAbAAgHSAiQ3NGM3OTk4Ni0yY2UyLTQ1NGYtOGQwZS1lZTU4ZTdhMDAwZTHYAgXgAgE&sid=735f077cb553f5b5fb1805efac5f4fa0&aid=304142&ucfs=1&arphpl=1&checkin=2025-04-01&checkout=2025-04-08&dest_id=-372490&dest_type=city&group_adults=2&req_adults=2&no_rooms=1&group_children=0&req_children=0&hpos=3&hapos=303&sr_order=popularity&srpvid=52a43c0f4b5000e9&srepoch=1737880384&all_sr_blocks=50545009_332352759_2_0_0&highlighted_blocks=50545009_332352759_2_0_0&matching_block_id=50545009_332352759_2_0_0&sr_pri_blocks=50545009_332352759_2_0_0__125168&from=searchresults
Hotel Granvia,"Eixample, Barcelona",https://www.booking.com/hotel/es/granviabarcelona.html?label=gen173nr-1BCAEoggI46AdSAnVzWARoRogBAZgBMbgBGcgBD9gBAegBAYgCAagCA7gCmuTXvAbAAgHSAiQ3NGM3OTk4Ni0yY2UyLTQ1NGYtOGQwZS1lZTU4ZTdhMDAwZTHYAgXgAgE&sid=735f077cb553f5b5fb1805efac5f4fa0&aid=304142&ucfs=1&arphpl=1&checkin=2025-04-01&checkout=2025-04-08&dest_id=-372490&dest_type=city&group_adults=2&req_adults=2&no_rooms=1&group_children=0&req_children=0&hpos=4&hapos=304&sr_order=popularity&srpvid=52a43c0f4b5000e9&srepoch=1737880384&all_sr_blocks=9158701_88191396_0_2_0&highlighted_blocks=9158701_88191396_0_2_0&matching_block_id=9158701_88191396_0_2_0&sr_pri_blocks=9158701_88191396_0_2_0__182966&from_sustainable_property_sr=1&from=searchresults
Serennia Apartamentos Ramblas - Plaça Catalunya,"Eixample, Barcelona",https://www.booking.com/hotel/es/serennia-ramblas-plaassa-catalunya.html?label=gen173nr-1BCAEoggI46AdSAnVzWARoRogBAZgBMbgBGcgBD9gBAegBAYgCAagCA7gCmuTXvAbAAgHSAiQ3NGM3OTk4Ni0yY2UyLTQ1NGYtOGQwZS1lZTU4ZTdhMDAwZTHYAgXgAgE&sid=735f077cb553f5b5fb1805efac5f4fa0&aid=304142&ucfs=1&arphpl=1&checkin=2025-04-01&checkout=2025-04-08&dest_id=-372490&dest_type=city&group_adults=2&req_adults=2&no_rooms=1&group_children=0&req_children=0&hpos=5&hapos=305&sr_order=popularity&srpvid=52a43c0f4b5000e9&srepoch=1737880384&all_sr_blocks=37017901_328157990_3_0_0&highlighted_blocks=37017901_328157990_3_0_0&matching_block_id=37017901_328157990_3_0_0&sr_pri_blocks=37017901_328157990_3_0_0__238042&from=searchresults
Catalonia Gran Via BCN,"Eixample, Barcelona",https://www.booking.com/hotel/es/catalonia-gran-via-bcn.html?label=gen173nr-1BCAEoggI46AdSAnVzWARoRogBAZgBMbgBGcgBD9gBAegBAYgCAagCA7gCmuTXvAbAAgHSAiQ3NGM3OTk4Ni0yY2UyLTQ1NGYtOGQwZS1lZTU4ZTdhMDAwZTHYAgXgAgE&sid=735f077cb553f5b5fb1805efac5f4fa0&aid=304142&ucfs=1&arphpl=1&checkin=2025-04-01&checkout=2025-04-08&dest_id=-372490&dest_type=city&group_adults=2&req_adults=2&no_rooms=1&group_children=0&req_children=0&hpos=6&hapos=306&sr_order=popularity&srpvid=52a43c0f4b5000e9&srepoch=1737880384&all_sr_blocks=47494009_194582169_0_2_0&highlighted_blocks=47494009_194582169_0_2_0&matching_block_id=47494009_194582169_0_2_0&sr_pri_blocks=47494009_194582169_0_2_0__179778&from_sustainable_property_sr=1&from=searchresults
BYPILLOW Mothern,"Eixample, Barcelona",https://www.booking.com/hotel/es/granducat.html?label=gen173nr-1BCAEoggI46AdSAnVzWARoRogBAZgBMbgBGcgBD9gBAegBAYgCAagCA7gCmuTXvAbAAgHSAiQ3NGM3OTk4Ni0yY2UyLTQ1NGYtOGQwZS1lZTU4ZTdhMDAwZTHYAgXgAgE&sid=735f077cb553f5b5fb1805efac5f4fa0&aid=304142&ucfs=1&arphpl=1&checkin=2025-04-01&checkout=2025-04-08&dest_id=-372490&dest_type=city&group_adults=2&req_adults=2&no_rooms=1&group_children=0&req_children=0&hpos=7&hapos=307&sr_order=popularity&srpvid=52a43c0f4b5000e9&srepoch=1737880384&all_sr_blocks=9101616_329839365_2_2_0_290192&highlighted_blocks=9101616_329839365_2_2_0_290192&matching_block_id=9101616_329839365_2_2_0_290192&sr_pri_blocks=9101616_329839365_2_2_0_290192_128753&from_sustainable_property_sr=1&from=searchresults
Fisa Rentals Les Corts Apartments,"Les Corts, Barcelona",https://www.booking.com/hotel/es/fisa-rentals-les-corts.html?label=gen173nr-1BCAEoggI46AdSAnVzWARoRogBAZgBMbgBGcgBD9gBAegBAYgCAagCA7gCmuTXvAbAAgHSAiQ3NGM3OTk4Ni0yY2UyLTQ1NGYtOGQwZS1lZTU4ZTdhMDAwZTHYAgXgAgE&sid=735f077cb553f5b5fb1805efac5f4fa0&aid=304142&ucfs=1&arphpl=1&checkin=2025-04-01&checkout=2025-04-08&dest_id=-372490&dest_type=city&group_adults=2&req_adults=2&no_rooms=1&group_children=0&req_children=0&hpos=8&hapos=308&sr_order=popularity&srpvid=52a43c0f4b5000e9&srepoch=1737880384&all_sr_blocks=34347008_120550696_0_0_0&highlighted_blocks=34347008_120550696_0_0_0&matching_block_id=34347008_120550696_0_0_0&sr_pri_blocks=34347008_120550696_0_0_0__120134&from=searchresults
Exe Ramblas Boquería,"Ciutat Vella, Barcelona",https://www.booking.com/hotel/es/eurostars-ramblas-boqueria.html?label=gen173nr-1BCAEoggI46AdSAnVzWARoRogBAZgBMbgBGcgBD9gBAegBAYgCAagCA7gCmuTXvAbAAgHSAiQ3NGM3OTk4Ni0yY2UyLTQ1NGYtOGQwZS1lZTU4ZTdhMDAwZTHYAgXgAgE&sid=735f077cb553f5b5fb1805efac5f4fa0&aid=304142&ucfs=1&arphpl=1&checkin=2025-04-01&checkout=2025-04-08&dest_id=-372490&dest_type=city&group_adults=2&req_adults=2&no_rooms=1&group_children=0&req_children=0&hpos=9&hapos=309&sr_order=popularity&srpvid=52a43c0f4b5000e9&srepoch=1737880384&all_sr_blocks=1930807_95144068_2_2_0&highlighted_blocks=1930807_95144068_2_2_0&matching_block_id=1930807_95144068_2_2_0&sr_pri_blocks=1930807_95144068_2_2_0__175949&from_sustainable_property_sr=1&from=searchresults
Ikonik Anglí,"Sarrià-St. Gervasi, Barcelona",https://www.booking.com/hotel/es/eurostars-angli.html?label=gen173nr-1BCAEoggI46AdSAnVzWARoRogBAZgBMbgBGcgBD9gBAegBAYgCAagCA7gCmuTXvAbAAgHSAiQ3NGM3OTk4Ni0yY2UyLTQ1NGYtOGQwZS1lZTU4ZTdhMDAwZTHYAgXgAgE&sid=735f077cb553f5b5fb1805efac5f4fa0&aid=304142&ucfs=1&arphpl=1&checkin=2025-04-01&checkout=2025-04-08&dest_id=-372490&dest_type=city&group_adults=2&req_adults=2&no_rooms=1&group_children=0&req_children=0&hpos=10&hapos=310&sr_order=popularity&srpvid=52a43c0f4b5000e9&srepoch=1737880384&all_sr_blocks=9237514_93709554_2_2_0&highlighted_blocks=9237514_93709554_2_2_0&matching_block_id=9237514_93709554_2_2_0&sr_pri_blocks=9237514_93709554_2_2_0__108244&from_sustainable_property_sr=1&from=searchresults
Cosmo Apartments Passeig de Gràcia,"Eixample, Barcelona",https://www.booking.com/hotel/es/cosmo-apartments-passeig-de-gracia.html?label=gen173nr-1BCAEoggI46AdSAnVzWARoRogBAZgBMbgBGcgBD9gBAegBAYgCAagCA7gCmuTXvAbAAgHSAiQ3NGM3OTk4Ni0yY2UyLTQ1NGYtOGQwZS1lZTU4ZTdhMDAwZTHYAgXgAgE&sid=735f077cb553f5b5fb1805efac5f4fa0&aid=304142&ucfs=1&arphpl=1&checkin=2025-04-01&checkout=2025-04-08&dest_id=-372490&dest_type=city&group_adults=2&req_adults=2&no_rooms=1&group_children=0&req_children=0&hpos=11&hapos=311&sr_order=popularity&srpvid=52a43c0f4b5000e9&srepoch=1737880384&all_sr_blocks=42448612_93108651_2_0_0&highlighted_blocks=42448612_93108651_2_0_0&matching_block_id=42448612_93108651_2_0_0&sr_pri_blocks=42448612_93108651_2_0_0__172647&from=searchresults
Chic & Basic Lemon Boutique Hotel,"Ciutat Vella, Barcelona",https://www.booking.com/hotel/es/marvi.html?label=gen173nr-1BCAEoggI46AdSAnVzWARoRogBAZgBMbgBGcgBD9gBAegBAYgCAagCA7gCmuTXvAbAAgHSAiQ3NGM3OTk4Ni0yY2UyLTQ1NGYtOGQwZS1lZTU4ZTdhMDAwZTHYAgXgAgE&sid=735f077cb553f5b5fb1805efac5f4fa0&aid=304142&ucfs=1&arphpl=1&checkin=2025-04-01&checkout=2025-04-08&dest_id=-372490&dest_type=city&group_adults=2&req_adults=2&no_rooms=1&group_children=0&req_children=0&hpos=12&hapos=312&sr_order=popularity&srpvid=52a43c0f4b5000e9&srepoch=1737880384&all_sr_blocks=1201206_95135181_0_0_0&highlighted_blocks=1201206_95135181_0_0_0&matching_block_id=1201206_95135181_0_0_0&sr_pri_blocks=1201206_95135181_0_0_0__117425&from_sustainable_property_sr=1&from=searchresults
Des Artistes,"Eixample, Barcelona",https://www.booking.com/hotel/es/des-artistes.html?label=gen173nr-1BCAEoggI46AdSAnVzWARoRogBAZgBMbgBGcgBD9gBAegBAYgCAagCA7gCmuTXvAbAAgHSAiQ3NGM3OTk4Ni0yY2UyLTQ1NGYtOGQwZS1lZTU4ZTdhMDAwZTHYAgXgAgE&sid=735f077cb553f5b5fb1805efac5f4fa0&aid=304142&ucfs=1&arphpl=1&checkin=2025-04-01&checkout=2025-04-08&dest_id=-372490&dest_type=city&group_adults=2&req_adults=2&no_rooms=1&group_children=0&req_children=0&hpos=13&hapos=313&sr_order=popularity&srpvid=52a43c0f4b5000e9&srepoch=1737880384&all_sr_blocks=47149107_83443525_0_0_0_782660&highlighted_blocks=47149107_83443525_0_0_0_782660&matching_block_id=47149107_83443525_0_0_0_782660&sr_pri_blocks=47149107_83443525_0_0_0_782660_67550&from=searchresults
SM Hotel Sant Antoni,"Eixample, Barcelona",https://www.booking.com/hotel/es/sant-antoni-barcelona.html?label=gen173nr-1BCAEoggI46AdSAnVzWARoRogBAZgBMbgBGcgBD9gBAegBAYgCAagCA7gCmuTXvAbAAgHSAiQ3NGM3OTk4Ni0yY2UyLTQ1NGYtOGQwZS1lZTU4ZTdhMDAwZTHYAgXgAgE&sid=735f077cb553f5b5fb1805efac5f4fa0&aid=304142&ucfs=1&arphpl=1&checkin=2025-04-01&checkout=2025-04-08&dest_id=-372490&dest_type=city&group_adults=2&req_adults=2&no_rooms=1&group_children=0&req_children=0&hpos=14&hapos=314&sr_order=popularity&srpvid=52a43c0f4b5000e9&srepoch=1737880384&all_sr_blocks=23656801_88204083_2_2_0&highlighted_blocks=23656801_88204083_2_2_0&matching_block_id=23656801_88204083_2_2_0&sr_pri_blocks=23656801_88204083_2_2_0__108100&from=searchresults
Ofelias Hotel 4Sup by Bondia Hotel Group,"Eixample, Barcelona",https://www.booking.com/hotel/es/ofelias-4-superior.html?label=gen173nr-1BCAEoggI46AdSAnVzWARoRogBAZgBMbgBGcgBD9gBAegBAYgCAagCA7gCmuTXvAbAAgHSAiQ3NGM3OTk4Ni0yY2UyLTQ1NGYtOGQwZS1lZTU4ZTdhMDAwZTHYAgXgAgE&sid=735f077cb553f5b5fb1805efac5f4fa0&aid=304142&ucfs=1&arphpl=1&checkin=2025-04-01&checkout=2025-04-08&dest_id=-372490&dest_type=city&group_adults=2&req_adults=2&no_rooms=1&group_children=0&req_children=0&hpos=15&hapos=315&sr_order=popularity&srpvid=52a43c0f4b5000e9&srepoch=1737880384&all_sr_blocks=35087501_88498365_2_2_0_471306&highlighted_blocks=35087501_88498365_2_2_0_471306&matching_block_id=35087501_88498365_2_2_0_471306&sr_pri_blocks=35087501_88498365_2_2_0_471306_164647&from_sustainable_property_sr=1&from=searchresults
Aspasios City Oasis Apartments,"Eixample, Barcelona",https://www.booking.com/hotel/es/aspasios-city-oasis.html?label=gen173nr-1BCAEoggI46AdSAnVzWARoRogBAZgBMbgBGcgBD9gBAegBAYgCAagCA7gCmuTXvAbAAgHSAiQ3NGM3OTk4Ni0yY2UyLTQ1NGYtOGQwZS1lZTU4ZTdhMDAwZTHYAgXgAgE&sid=735f077cb553f5b5fb1805efac5f4fa0&aid=304142&ucfs=1&arphpl=1&checkin=2025-04-01&checkout=2025-04-08&dest_id=-372490&dest_type=city&group_adults=2&req_adults=2&no_rooms=1&group_children=0&req_children=0&hpos=16&hapos=316&sr_order=popularity&srpvid=52a43c0f4b5000e9&srepoch=1737880384&all_sr_blocks=1012139401_373859593_4_0_0_744580&highlighted_blocks=1012139401_373859593_4_0_0_744580&matching_block_id=1012139401_373859593_4_0_0_744580&sr_pri_blocks=1012139401_373859593_4_0_0_744580_174706&from=searchresults
Limonaia,"Eixample, Barcelona",https://www.booking.com/hotel/es/next-to.html?label=gen173nr-1BCAEoggI46AdSAnVzWARoRogBAZgBMbgBGcgBD9gBAegBAYgCAagCA7gCmuTXvAbAAgHSAiQ3NGM3OTk4Ni0yY2UyLTQ1NGYtOGQwZS1lZTU4ZTdhMDAwZTHYAgXgAgE&sid=735f077cb553f5b5fb1805efac5f4fa0&aid=304142&ucfs=1&arphpl=1&checkin=2025-04-01&checkout=2025-04-08&dest_id=-372490&dest_type=city&group_adults=2&req_adults=2&no_rooms=1&group_children=0&req_children=0&hpos=17&hapos=317&sr_order=popularity&srpvid=52a43c0f4b5000e9&srepoch=1737880384&all_sr_blocks=1416904_95138650_0_0_0_720596&highlighted_blocks=1416904_95138650_0_0_0_720596&matching_block_id=1416904_95138650_0_0_0_720596&sr_pri_blocks=1416904_95138650_0_0_0_720596_144224&from=searchresults
Hotel Royal Passeig de Gracia,"Eixample, Barcelona",https://www.booking.com/hotel/es/royal-passeig-de-gracia.html?label=gen173nr-1BCAEoggI46AdSAnVzWARoRogBAZgBMbgBGcgBD9gBAegBAYgCAagCA7gCmuTXvAbAAgHSAiQ3NGM3OTk4Ni0yY2UyLTQ1NGYtOGQwZS1lZTU4ZTdhMDAwZTHYAgXgAgE&sid=735f077cb553f5b5fb1805efac5f4fa0&aid=304142&ucfs=1&arphpl=1&checkin=2025-04-01&checkout=2025-04-08&dest_id=-372490&dest_type=city&group_adults=2&req_adults=2&no_rooms=1&group_children=0&req_children=0&hpos=18&hapos=318&sr_order=popularity&srpvid=52a43c0f4b5000e9&srepoch=1737880384&all_sr_blocks=48280801_88209853_0_2_0&highlighted_blocks=48280801_88209853_0_2_0&matching_block_id=48280801_88209853_0_2_0&sr_pri_blocks=48280801_88209853_0_2_0__184078&from_sustainable_property_sr=1&from=searchresults
BacHome Terrace B&B,"Eixample, Barcelona",https://www.booking.com/hotel/es/casa-con-estilo-bruc.html?label=gen173nr-1BCAEoggI46AdSAnVzWARoRogBAZgBMbgBGcgBD9gBAegBAYgCAagCA7gCmuTXvAbAAgHSAiQ3NGM3OTk4Ni0yY2UyLTQ1NGYtOGQwZS1lZTU4ZTdhMDAwZTHYAgXgAgE&sid=735f077cb553f5b5fb1805efac5f4fa0&aid=304142&ucfs=1&arphpl=1&checkin=2025-04-01&checkout=2025-04-08&dest_id=-372490&dest_type=city&group_adults=2&req_adults=2&no_rooms=1&group_children=0&req_children=0&hpos=19&hapos=319&sr_order=popularity&srpvid=52a43c0f4b5000e9&srepoch=1737880384&all_sr_blocks=55172101_88502265_2_0_0&highlighted_blocks=55172101_88502265_2_0_0&matching_block_id=55172101_88502265_2_0_0&sr_pri_blocks=55172101_88502265_2_0_0__137830&from=searchresults
Chic & Basic Born Boutique Hotel,"Ciutat Vella, Barcelona",https://www.booking.com/hotel/es/chic-basic-born.html?label=gen173nr-1BCAEoggI46AdSAnVzWARoRogBAZgBMbgBGcgBD9gBAegBAYgCAagCA7gCmuTXvAbAAgHSAiQ3NGM3OTk4Ni0yY2UyLTQ1NGYtOGQwZS1lZTU4ZTdhMDAwZTHYAgXgAgE&sid=735f077cb553f5b5fb1805efac5f4fa0&aid=304142&ucfs=1&arphpl=1&checkin=2025-04-01&checkout=2025-04-08&dest_id=-372490&dest_type=city&group_adults=2&req_adults=2&no_rooms=1&group_children=0&req_children=0&hpos=20&hapos=320&sr_order=popularity&srpvid=52a43c0f4b5000e9&srepoch=1737880384&all_sr_blocks=9432501_88493972_2_2_0&highlighted_blocks=9432501_88493972_2_2_0&matching_block_id=9432501_88493972_2_2_0&sr_pri_blocks=9432501_88493972_2_2_0__133100&from=searchresults
Fira Apartments by Gaiarooms,"Sants-Montjuïc, Barcelona",https://www.booking.com/hotel/es/fira-centric.html?label=gen173nr-1BCAEoggI46AdSAnVzWARoRogBAZgBMbgBGcgBD9gBAegBAYgCAagCA7gCmuTXvAbAAgHSAiQ3NGM3OTk4Ni0yY2UyLTQ1NGYtOGQwZS1lZTU4ZTdhMDAwZTHYAgXgAgE&sid=735f077cb553f5b5fb1805efac5f4fa0&aid=304142&ucfs=1&arphpl=1&checkin=2025-04-01&checkout=2025-04-08&dest_id=-372490&dest_type=city&group_adults=2&req_adults=2&no_rooms=1&group_children=0&req_children=0&hpos=21&hapos=321&sr_order=popularity&srpvid=52a43c0f4b5000e9&srepoch=1737880384&all_sr_blocks=38262804_404803845_2_0_0&highlighted_blocks=38262804_404803845_2_0_0&matching_block_id=38262804_404803845_2_0_0&sr_pri_blocks=38262804_404803845_2_0_0__169200&from=searchresults
Inside Barcelona Apartments Esparteria,"Ciutat Vella, Barcelona",https://www.booking.com/hotel/es/inside-bcn-apartments.html?label=gen173nr-1BCAEoggI46AdSAnVzWARoRogBAZgBMbgBGcgBD9gBAegBAYgCAagCA7gCmuTXvAbAAgHSAiQ3NGM3OTk4Ni0yY2UyLTQ1NGYtOGQwZS1lZTU4ZTdhMDAwZTHYAgXgAgE&sid=735f077cb553f5b5fb1805efac5f4fa0&aid=304142&ucfs=1&arphpl=1&checkin=2025-04-01&checkout=2025-04-08&dest_id=-372490&dest_type=city&group_adults=2&req_adults=2&no_rooms=1&group_children=0&req_children=0&hpos=22&hapos=322&sr_order=popularity&srpvid=52a43c0f4b5000e9&srepoch=1737880384&all_sr_blocks=18956601_88203747_2_0_0&highlighted_blocks=18956601_88203747_2_0_0&matching_block_id=18956601_88203747_2_0_0&sr_pri_blocks=18956601_88203747_2_0_0__160832&from=searchresults
Habitat Apartments Eixample Balconies.,"Eixample, Barcelona",https://www.booking.com/hotel/es/habitat-apartments-boulevard-balconies.html?label=gen173nr-1BCAEoggI46AdSAnVzWARoRogBAZgBMbgBGcgBD9gBAegBAYgCAagCA7gCmuTXvAbAAgHSAiQ3NGM3OTk4Ni0yY2UyLTQ1NGYtOGQwZS1lZTU4ZTdhMDAwZTHYAgXgAgE&sid=735f077cb553f5b5fb1805efac5f4fa0&aid=304142&ucfs=1&arphpl=1&checkin=2025-04-01&checkout=2025-04-08&dest_id=-372490&dest_type=city&group_adults=2&req_adults=2&no_rooms=1&group_children=0&req_children=0&hpos=23&hapos=323&sr_order=popularity&srpvid=52a43c0f4b5000e9&srepoch=1737880384&all_sr_blocks=311382706_113037458_0_0_0&highlighted_blocks=311382706_113037458_0_0_0&matching_block_id=311382706_113037458_0_0_0&sr_pri_blocks=311382706_113037458_0_0_0__186372&from=searchresults
Hotel Glòries,"Eixample, Barcelona",https://www.booking.com/hotel/es/glories.html?label=gen173nr-1BCAEoggI46AdSAnVzWARoRogBAZgBMbgBGcgBD9gBAegBAYgCAagCA7gCmuTXvAbAAgHSAiQ3NGM3OTk4Ni0yY2UyLTQ1NGYtOGQwZS1lZTU4ZTdhMDAwZTHYAgXgAgE&sid=735f077cb553f5b5fb1805efac5f4fa0&aid=304142&ucfs=1&arphpl=1&checkin=2025-04-01&checkout=2025-04-08&dest_id=-372490&dest_type=city&group_adults=2&req_adults=2&no_rooms=1&group_children=0&req_children=0&hpos=24&hapos=324&sr_order=popularity&srpvid=52a43c0f4b5000e9&srepoch=1737880384&all_sr_blocks=9144304_91908226_2_2_0_544152&highlighted_blocks=9144304_91908226_2_2_0_544152&matching_block_id=9144304_91908226_2_2_0_544152&sr_pri_blocks=9144304_91908226_2_2_0_544152_131576&from=searchresults
Garbi Millenni,"Ciutat Vella, Barcelona",https://www.booking.com/hotel/es/millenni.html?label=gen173nr-1BCAEoggI46AdSAnVzWARoRogBAZgBMbgBGcgBD9gBAegBAYgCAagCA7gCmuTXvAbAAgHSAiQ3NGM3OTk4Ni0yY2UyLTQ1NGYtOGQwZS1lZTU4ZTdhMDAwZTHYAgXgAgE&sid=735f077cb553f5b5fb1805efac5f4fa0&aid=304142&ucfs=1&arphpl=1&checkin=2025-04-01&checkout=2025-04-08&dest_id=-372490&dest_type=city&group_adults=2&req_adults=2&no_rooms=1&group_children=0&req_children=0&hpos=25&hapos=325&sr_order=popularity&srpvid=52a43c0f4b5000e9&srepoch=1737880384&all_sr_blocks=9047701_81920737_0_2_0&highlighted_blocks=9047701_81920737_0_2_0&matching_block_id=9047701_81920737_0_2_0&sr_pri_blocks=9047701_81920737_0_2_0__126948&from=searchresults
Residència Erasmus Gracia,"Gràcia, Barcelona",https://www.booking.com/hotel/es/residencia-erasmus.html?label=gen173nr-1BCAEoggI46AdSAnVzWARoRogBAZgBMbgBGcgBD9gBAegBAYgCAagCA7gCmuTXvAbAAgHSAiQ3NGM3OTk4Ni0yY2UyLTQ1NGYtOGQwZS1lZTU4ZTdhMDAwZTHYAgXgAgE&sid=735f077cb553f5b5fb1805efac5f4fa0&aid=304142&ucfs=1&arphpl=1&checkin=2025-04-01&checkout=2025-04-08&dest_id=-372490&dest_type=city&group_adults=2&req_adults=2&no_rooms=1&group_children=0&req_children=0&hpos=1&hapos=326&sr_order=popularity&srpvid=52a43c0f4b5000e9&srepoch=1737880386&all_sr_blocks=9417701_339234993_0_2_0&highlighted_blocks=9417701_339234993_0_2_0&matching_block_id=9417701_339234993_0_2_0&sr_pri_blocks=9417701_339234993_0_2_0__103550&from=searchresults
Sunotel Central,"Eixample, Barcelona",https://www.booking.com/hotel/es/sunotel-central.html?label=gen173nr-1BCAEoggI46AdSAnVzWARoRogBAZgBMbgBGcgBD9gBAegBAYgCAagCA7gCmuTXvAbAAgHSAiQ3NGM3OTk4Ni0yY2UyLTQ1NGYtOGQwZS1lZTU4ZTdhMDAwZTHYAgXgAgE&sid=735f077cb553f5b5fb1805efac5f4fa0&aid=304142&ucfs=1&arphpl=1&checkin=2025-04-01&checkout=2025-04-08&dest_id=-372490&dest_type=city&group_adults=2&req_adults=2&no_rooms=1&group_children=0&req_children=0&hpos=2&hapos=327&sr_order=popularity&srpvid=52a43c0f4b5000e9&srepoch=1737880386&all_sr_blocks=9677102_88196407_0_2_0&highlighted_blocks=9677102_88196407_0_2_0&matching_block_id=9677102_88196407_0_2_0&sr_pri_blocks=9677102_88196407_0_2_0__145633&from=searchresults
Barcelona Apartment Milà,"Gràcia, Barcelona",https://www.booking.com/hotel/es/barcelona-apartment-mila.html?label=gen173nr-1BCAEoggI46AdSAnVzWARoRogBAZgBMbgBGcgBD9gBAegBAYgCAagCA7gCmuTXvAbAAgHSAiQ3NGM3OTk4Ni0yY2UyLTQ1NGYtOGQwZS1lZTU4ZTdhMDAwZTHYAgXgAgE&sid=735f077cb553f5b5fb1805efac5f4fa0&aid=304142&ucfs=1&arphpl=1&checkin=2025-04-01&checkout=2025-04-08&dest_id=-372490&dest_type=city&group_adults=2&req_adults=2&no_rooms=1&group_children=0&req_children=0&hpos=3&hapos=328&sr_order=popularity&srpvid=52a43c0f4b5000e9&srepoch=1737880386&all_sr_blocks=107213901_105785677_0_0_0&highlighted_blocks=107213901_105785677_0_0_0&matching_block_id=107213901_105785677_0_0_0&sr_pri_blocks=107213901_105785677_0_0_0__180468&from=searchresults
Hostal Live Barcelona,"Eixample, Barcelona",https://www.booking.com/hotel/es/hostal-live-barcelona.html?label=gen173nr-1BCAEoggI46AdSAnVzWARoRogBAZgBMbgBGcgBD9gBAegBAYgCAagCA7gCmuTXvAbAAgHSAiQ3NGM3OTk4Ni0yY2UyLTQ1NGYtOGQwZS1lZTU4ZTdhMDAwZTHYAgXgAgE&sid=735f077cb553f5b5fb1805efac5f4fa0&aid=304142&ucfs=1&arphpl=1&checkin=2025-04-01&checkout=2025-04-08&dest_id=-372490&dest_type=city&group_adults=2&req_adults=2&no_rooms=1&group_children=0&req_children=0&hpos=4&hapos=329&sr_order=popularity&srpvid=52a43c0f4b5000e9&srepoch=1737880386&all_sr_blocks=57924303_88502804_0_0_0&highlighted_blocks=57924303_88502804_0_0_0&matching_block_id=57924303_88502804_0_0_0&sr_pri_blocks=57924303_88502804_0_0_0__123134&from=searchresults
Housalia Sagrada Familia,"Eixample, Barcelona",https://www.booking.com/hotel/es/casa-corsega.html?label=gen173nr-1BCAEoggI46AdSAnVzWARoRogBAZgBMbgBGcgBD9gBAegBAYgCAagCA7gCmuTXvAbAAgHSAiQ3NGM3OTk4Ni0yY2UyLTQ1NGYtOGQwZS1lZTU4ZTdhMDAwZTHYAgXgAgE&sid=735f077cb553f5b5fb1805efac5f4fa0&aid=304142&ucfs=1&arphpl=1&checkin=2025-04-01&checkout=2025-04-08&dest_id=-372490&dest_type=city&group_adults=2&req_adults=2&no_rooms=1&group_children=0&req_children=0&hpos=5&hapos=330&sr_order=popularity&srpvid=52a43c0f4b5000e9&srepoch=1737880386&all_sr_blocks=62309604_367260760_2_0_0&highlighted_blocks=62309604_367260760_2_0_0&matching_block_id=62309604_367260760_2_0_0&sr_pri_blocks=62309604_367260760_2_0_0__124592&from=searchresults
El Avenida Palace,"Eixample, Barcelona",https://www.booking.com/hotel/es/avenidapalace.html?label=gen173nr-1BCAEoggI46AdSAnVzWARoRogBAZgBMbgBGcgBD9gBAegBAYgCAagCA7gCmuTXvAbAAgHSAiQ3NGM3OTk4Ni0yY2UyLTQ1NGYtOGQwZS1lZTU4ZTdhMDAwZTHYAgXgAgE&sid=735f077cb553f5b5fb1805efac5f4fa0&aid=304142&ucfs=1&arphpl=1&checkin=2025-04-01&checkout=2025-04-08&dest_id=-372490&dest_type=city&group_adults=2&req_adults=2&no_rooms=1&group_children=0&req_children=0&hpos=6&hapos=331&sr_order=popularity&srpvid=52a43c0f4b5000e9&srepoch=1737880386&all_sr_blocks=9179463_373864819_2_2_0_456120&highlighted_blocks=9179463_373864819_2_2_0_456120&matching_block_id=9179463_373864819_2_2_0_456120&sr_pri_blocks=9179463_373864819_2_2_0_456120_181587&from=searchresults
Apartment Poble Nou,"Sant Martí, Barcelona",https://www.booking.com/hotel/es/apartment-ramon-turro.html?label=gen173nr-1BCAEoggI46AdSAnVzWARoRogBAZgBMbgBGcgBD9gBAegBAYgCAagCA7gCmuTXvAbAAgHSAiQ3NGM3OTk4Ni0yY2UyLTQ1NGYtOGQwZS1lZTU4ZTdhMDAwZTHYAgXgAgE&sid=735f077cb553f5b5fb1805efac5f4fa0&aid=304142&ucfs=1&arphpl=1&checkin=2025-04-01&checkout=2025-04-08&dest_id=-372490&dest_type=city&group_adults=2&req_adults=2&no_rooms=1&group_children=0&req_children=0&hpos=7&hapos=332&sr_order=popularity&srpvid=52a43c0f4b5000e9&srepoch=1737880386&all_sr_blocks=155185001_88513551_2_0_0_537170&highlighted_blocks=155185001_88513551_2_0_0_537170&matching_block_id=155185001_88513551_2_0_0_537170&sr_pri_blocks=155185001_88513551_2_0_0_537170_133203&from=searchresults
Casa Elliot by Bondia Hotel Group,"Eixample, Barcelona",https://www.booking.com/hotel/es/hoteladvancebarcelona.html?label=gen173nr-1BCAEoggI46AdSAnVzWARoRogBAZgBMbgBGcgBD9gBAegBAYgCAagCA7gCmuTXvAbAAgHSAiQ3NGM3OTk4Ni0yY2UyLTQ1NGYtOGQwZS1lZTU4ZTdhMDAwZTHYAgXgAgE&sid=735f077cb553f5b5fb1805efac5f4fa0&aid=304142&ucfs=1&arphpl=1&checkin=2025-04-01&checkout=2025-04-08&dest_id=-372490&dest_type=city&group_adults=2&req_adults=2&no_rooms=1&group_children=0&req_children=0&hpos=8&hapos=333&sr_order=popularity&srpvid=52a43c0f4b5000e9&srepoch=1737880386&all_sr_blocks=9133609_88190977_2_2_0_471457&highlighted_blocks=9133609_88190977_2_2_0_471457&matching_block_id=9133609_88190977_2_2_0_471457&sr_pri_blocks=9133609_88190977_2_2_0_471457_175021&from_sustainable_property_sr=1&from=searchresults
Bailén Green House,"Gràcia, Barcelona",https://www.booking.com/hotel/es/casa-dover.html?label=gen173nr-1BCAEoggI46AdSAnVzWARoRogBAZgBMbgBGcgBD9gBAegBAYgCAagCA7gCmuTXvAbAAgHSAiQ3NGM3OTk4Ni0yY2UyLTQ1NGYtOGQwZS1lZTU4ZTdhMDAwZTHYAgXgAgE&sid=735f077cb553f5b5fb1805efac5f4fa0&aid=304142&ucfs=1&arphpl=1&checkin=2025-04-01&checkout=2025-04-08&dest_id=-372490&dest_type=city&group_adults=2&req_adults=2&no_rooms=1&group_children=0&req_children=0&hpos=9&hapos=334&sr_order=popularity&srpvid=52a43c0f4b5000e9&srepoch=1737880386&all_sr_blocks=18906202_88494937_0_0_0&highlighted_blocks=18906202_88494937_0_0_0&matching_block_id=18906202_88494937_0_0_0&sr_pri_blocks=18906202_88494937_0_0_0__105525&from=searchresults
Habitat Apartments Pedrera,"Eixample, Barcelona",https://www.booking.com/hotel/es/habitat-apartments-pedrera.html?label=gen173nr-1BCAEoggI46AdSAnVzWARoRogBAZgBMbgBGcgBD9gBAegBAYgCAagCA7gCmuTXvAbAAgHSAiQ3NGM3OTk4Ni0yY2UyLTQ1NGYtOGQwZS1lZTU4ZTdhMDAwZTHYAgXgAgE&sid=735f077cb553f5b5fb1805efac5f4fa0&aid=304142&ucfs=1&arphpl=1&checkin=2025-04-01&checkout=2025-04-08&dest_id=-372490&dest_type=city&group_adults=2&req_adults=2&no_rooms=1&group_children=0&req_children=0&hpos=10&hapos=335&sr_order=popularity&srpvid=52a43c0f4b5000e9&srepoch=1737880386&all_sr_blocks=86620502_88418495_0_0_0&highlighted_blocks=86620502_88418495_0_0_0&matching_block_id=86620502_88418495_0_0_0&sr_pri_blocks=86620502_88418495_0_0_0__192512&from=searchresults
La Casa de Antonio Boutique Rooms,"Eixample, Barcelona",https://www.booking.com/hotel/es/la-casa-de-antonio.html?label=gen173nr-1BCAEoggI46AdSAnVzWARoRogBAZgBMbgBGcgBD9gBAegBAYgCAagCA7gCmuTXvAbAAgHSAiQ3NGM3OTk4Ni0yY2UyLTQ1NGYtOGQwZS1lZTU4ZTdhMDAwZTHYAgXgAgE&sid=735f077cb553f5b5fb1805efac5f4fa0&aid=304142&ucfs=1&arphpl=1&checkin=2025-04-01&checkout=2025-04-08&dest_id=-372490&dest_type=city&group_adults=2&req_adults=2&no_rooms=1&group_children=0&req_children=0&hpos=11&hapos=336&sr_order=popularity&srpvid=52a43c0f4b5000e9&srepoch=1737880386&all_sr_blocks=125636408_121110081_2_0_0&highlighted_blocks=125636408_121110081_2_0_0&matching_block_id=125636408_121110081_2_0_0&sr_pri_blocks=125636408_121110081_2_0_0__125255&from=searchresults
Unite Hostel Barcelona,"Sant Martí, Barcelona",https://www.booking.com/hotel/es/unite-hostel-barcelona.html?label=gen173nr-1BCAEoggI46AdSAnVzWARoRogBAZgBMbgBGcgBD9gBAegBAYgCAagCA7gCmuTXvAbAAgHSAiQ3NGM3OTk4Ni0yY2UyLTQ1NGYtOGQwZS1lZTU4ZTdhMDAwZTHYAgXgAgE&sid=735f077cb553f5b5fb1805efac5f4fa0&aid=304142&ucfs=1&arphpl=1&checkin=2025-04-01&checkout=2025-04-08&dest_id=-372490&dest_type=city&group_adults=2&req_adults=2&no_rooms=1&group_children=0&req_children=0&hpos=12&hapos=337&sr_order=popularity&srpvid=52a43c0f4b5000e9&srepoch=1737880386&all_sr_blocks=385960708_363916688_6_2_0_679528&highlighted_blocks=385960708_363916688_6_2_0_679528&matching_block_id=385960708_363916688_6_2_0_679528&sr_pri_blocks=385960708_363916688_6_2_0_679528_238845&from=searchresults
Tres Torres Atiram Hotels,"Sarrià-St. Gervasi, Barcelona",https://www.booking.com/hotel/es/atiramtrestorres.html?label=gen173nr-1BCAEoggI46AdSAnVzWARoRogBAZgBMbgBGcgBD9gBAegBAYgCAagCA7gCmuTXvAbAAgHSAiQ3NGM3OTk4Ni0yY2UyLTQ1NGYtOGQwZS1lZTU4ZTdhMDAwZTHYAgXgAgE&sid=735f077cb553f5b5fb1805efac5f4fa0&aid=304142&ucfs=1&arphpl=1&checkin=2025-04-01&checkout=2025-04-08&dest_id=-372490&dest_type=city&group_adults=2&req_adults=2&no_rooms=1&group_children=0&req_children=0&hpos=13&hapos=338&sr_order=popularity&srpvid=52a43c0f4b5000e9&srepoch=1737880386&all_sr_blocks=9033902_88181587_0_2_0_672067&highlighted_blocks=9033902_88181587_0_2_0_672067&matching_block_id=9033902_88181587_0_2_0_672067&sr_pri_blocks=9033902_88181587_0_2_0_672067_102276&from=searchresults
Vincci Mae,"Sarrià-St. Gervasi, Barcelona",https://www.booking.com/hotel/es/vincci-mae.html?label=gen173nr-1BCAEoggI46AdSAnVzWARoRogBAZgBMbgBGcgBD9gBAegBAYgCAagCA7gCmuTXvAbAAgHSAiQ3NGM3OTk4Ni0yY2UyLTQ1NGYtOGQwZS1lZTU4ZTdhMDAwZTHYAgXgAgE&sid=735f077cb553f5b5fb1805efac5f4fa0&aid=304142&ucfs=1&arphpl=1&checkin=2025-04-01&checkout=2025-04-08&dest_id=-372490&dest_type=city&group_adults=2&req_adults=2&no_rooms=1&group_children=0&req_children=0&hpos=14&hapos=339&sr_order=popularity&srpvid=52a43c0f4b5000e9&srepoch=1737880386&all_sr_blocks=195646506_401722917_0_2_0_203796&highlighted_blocks=195646506_401722917_0_2_0_203796&matching_block_id=195646506_401722917_0_2_0_203796&sr_pri_blocks=195646506_401722917_0_2_0_203796_169589&from_sustainable_property_sr=1&from=searchresults
1881 Barcelona Gran Rosellon Hotel,"Eixample, Barcelona",https://www.booking.com/hotel/es/1881-barcelona-gran-rosellon-hotel.html?label=gen173nr-1BCAEoggI46AdSAnVzWARoRogBAZgBMbgBGcgBD9gBAegBAYgCAagCA7gCmuTXvAbAAgHSAiQ3NGM3OTk4Ni0yY2UyLTQ1NGYtOGQwZS1lZTU4ZTdhMDAwZTHYAgXgAgE&sid=735f077cb553f5b5fb1805efac5f4fa0&aid=304142&ucfs=1&arphpl=1&checkin=2025-04-01&checkout=2025-04-08&dest_id=-372490&dest_type=city&group_adults=2&req_adults=2&no_rooms=1&group_children=0&req_children=0&hpos=15&hapos=340&sr_order=popularity&srpvid=52a43c0f4b5000e9&srepoch=1737880386&all_sr_blocks=138081701_86588008_2_2_0&highlighted_blocks=138081701_86588008_2_2_0&matching_block_id=138081701_86588008_2_2_0&sr_pri_blocks=138081701_86588008_2_2_0__134822&from=searchresults
Ikonik Ramblas,"Ciutat Vella, Barcelona",https://www.booking.com/hotel/es/eurostars-ramblas.html?label=gen173nr-1BCAEoggI46AdSAnVzWARoRogBAZgBMbgBGcgBD9gBAegBAYgCAagCA7gCmuTXvAbAAgHSAiQ3NGM3OTk4Ni0yY2UyLTQ1NGYtOGQwZS1lZTU4ZTdhMDAwZTHYAgXgAgE&sid=735f077cb553f5b5fb1805efac5f4fa0&aid=304142&ucfs=1&arphpl=1&checkin=2025-04-01&checkout=2025-04-08&dest_id=-372490&dest_type=city&group_adults=2&req_adults=2&no_rooms=1&group_children=0&req_children=0&hpos=16&hapos=341&sr_order=popularity&srpvid=52a43c0f4b5000e9&srepoch=1737880386&all_sr_blocks=34646001_93736275_2_2_0&highlighted_blocks=34646001_93736275_2_2_0&matching_block_id=34646001_93736275_2_2_0&sr_pri_blocks=34646001_93736275_2_2_0__147576&from_sustainable_property_sr=1&from=searchresults
El Alma de las Ramblas,"Ciutat Vella, Barcelona",https://www.booking.com/hotel/es/quaint-urban-studio-steps-away-from-las-ramblas.html?label=gen173nr-1BCAEoggI46AdSAnVzWARoRogBAZgBMbgBGcgBD9gBAegBAYgCAagCA7gCmuTXvAbAAgHSAiQ3NGM3OTk4Ni0yY2UyLTQ1NGYtOGQwZS1lZTU4ZTdhMDAwZTHYAgXgAgE&sid=735f077cb553f5b5fb1805efac5f4fa0&aid=304142&ucfs=1&arphpl=1&checkin=2025-04-01&checkout=2025-04-08&dest_id=-372490&dest_type=city&group_adults=2&req_adults=2&no_rooms=1&group_children=0&req_children=0&hpos=17&hapos=342&sr_order=popularity&srpvid=52a43c0f4b5000e9&srepoch=1737880386&all_sr_blocks=576581101_362299872_2_0_0&highlighted_blocks=576581101_362299872_2_0_0&matching_block_id=576581101_362299872_2_0_0&sr_pri_blocks=576581101_362299872_2_0_0__167512&from=searchresults
Senator Barcelona Apartments,"Sarrià-St. Gervasi, Barcelona",https://www.booking.com/hotel/es/aparthotelcitysenator.html?label=gen173nr-1BCAEoggI46AdSAnVzWARoRogBAZgBMbgBGcgBD9gBAegBAYgCAagCA7gCmuTXvAbAAgHSAiQ3NGM3OTk4Ni0yY2UyLTQ1NGYtOGQwZS1lZTU4ZTdhMDAwZTHYAgXgAgE&sid=735f077cb553f5b5fb1805efac5f4fa0&aid=304142&ucfs=1&arphpl=1&checkin=2025-04-01&checkout=2025-04-08&dest_id=-372490&dest_type=city&group_adults=2&req_adults=2&no_rooms=1&group_children=0&req_children=0&hpos=18&hapos=343&sr_order=popularity&srpvid=52a43c0f4b5000e9&srepoch=1737880386&all_sr_blocks=9037310_351506366_2_0_0&highlighted_blocks=9037310_351506366_2_0_0&matching_block_id=9037310_351506366_2_0_0&sr_pri_blocks=9037310_351506366_2_0_0__109620&from=searchresults
Petit Palace Museum,"Eixample, Barcelona",https://www.booking.com/hotel/es/petit-palace-museum.html?label=gen173nr-1BCAEoggI46AdSAnVzWARoRogBAZgBMbgBGcgBD9gBAegBAYgCAagCA7gCmuTXvAbAAgHSAiQ3NGM3OTk4Ni0yY2UyLTQ1NGYtOGQwZS1lZTU4ZTdhMDAwZTHYAgXgAgE&sid=735f077cb553f5b5fb1805efac5f4fa0&aid=304142&ucfs=1&arphpl=1&checkin=2025-04-01&checkout=2025-04-08&dest_id=-372490&dest_type=city&group_adults=2&req_adults=2&no_rooms=1&group_children=0&req_children=0&hpos=19&hapos=344&sr_order=popularity&srpvid=52a43c0f4b5000e9&srepoch=1737880386&all_sr_blocks=9435217_88195831_2_2_0_182280&highlighted_blocks=9435217_88195831_2_2_0_182280&matching_block_id=9435217_88195831_2_2_0_182280&sr_pri_blocks=9435217_88195831_2_2_0_182280_144303&from=searchresults
TSA La Rambla,"Ciutat Vella, Barcelona",https://www.booking.com/hotel/es/the-streets-apartments-rambla-barcelona.html?label=gen173nr-1BCAEoggI46AdSAnVzWARoRogBAZgBMbgBGcgBD9gBAegBAYgCAagCA7gCmuTXvAbAAgHSAiQ3NGM3OTk4Ni0yY2UyLTQ1NGYtOGQwZS1lZTU4ZTdhMDAwZTHYAgXgAgE&sid=735f077cb553f5b5fb1805efac5f4fa0&aid=304142&ucfs=1&arphpl=1&checkin=2025-04-01&checkout=2025-04-08&dest_id=-372490&dest_type=city&group_adults=2&req_adults=2&no_rooms=1&group_children=0&req_children=0&hpos=20&hapos=345&sr_order=popularity&srpvid=52a43c0f4b5000e9&srepoch=1737880386&all_sr_blocks=997178905_372582803_2_0_0&highlighted_blocks=997178905_372582803_2_0_0&matching_block_id=997178905_372582803_2_0_0&sr_pri_blocks=997178905_372582803_2_0_0__192405&from=searchresults
Hostal Boutique Khronos,"Eixample, Barcelona",https://www.booking.com/hotel/es/chronos.html?label=gen173nr-1BCAEoggI46AdSAnVzWARoRogBAZgBMbgBGcgBD9gBAegBAYgCAagCA7gCmuTXvAbAAgHSAiQ3NGM3OTk4Ni0yY2UyLTQ1NGYtOGQwZS1lZTU4ZTdhMDAwZTHYAgXgAgE&sid=735f077cb553f5b5fb1805efac5f4fa0&aid=304142&ucfs=1&arphpl=1&checkin=2025-04-01&checkout=2025-04-08&dest_id=-372490&dest_type=city&group_adults=2&req_adults=2&no_rooms=1&group_children=0&req_children=0&hpos=21&hapos=346&sr_order=popularity&srpvid=52a43c0f4b5000e9&srepoch=1737880386&all_sr_blocks=26609901_88496504_0_2_0&highlighted_blocks=26609901_88496504_0_2_0&matching_block_id=26609901_88496504_0_2_0&sr_pri_blocks=26609901_88496504_0_2_0__130641&from=searchresults
Apartments Barcelona Sagrada,"Eixample, Barcelona",https://www.booking.com/hotel/es/apartments-sagrada-familia.html?label=gen173nr-1BCAEoggI46AdSAnVzWARoRogBAZgBMbgBGcgBD9gBAegBAYgCAagCA7gCmuTXvAbAAgHSAiQ3NGM3OTk4Ni0yY2UyLTQ1NGYtOGQwZS1lZTU4ZTdhMDAwZTHYAgXgAgE&sid=735f077cb553f5b5fb1805efac5f4fa0&aid=304142&ucfs=1&arphpl=1&checkin=2025-04-01&checkout=2025-04-08&dest_id=-372490&dest_type=city&group_adults=2&req_adults=2&no_rooms=1&group_children=0&req_children=0&hpos=22&hapos=347&sr_order=popularity&srpvid=52a43c0f4b5000e9&srepoch=1737880386&all_sr_blocks=151067009_87853155_4_0_0&highlighted_blocks=151067009_87853155_4_0_0&matching_block_id=151067009_87853155_4_0_0&sr_pri_blocks=151067009_87853155_4_0_0__152536&from=searchresults
Aparthotel Napols - Abapart,"Eixample, Barcelona",https://www.booking.com/hotel/es/aparthotelnapols.html?label=gen173nr-1BCAEoggI46AdSAnVzWARoRogBAZgBMbgBGcgBD9gBAegBAYgCAagCA7gCmuTXvAbAAgHSAiQ3NGM3OTk4Ni0yY2UyLTQ1NGYtOGQwZS1lZTU4ZTdhMDAwZTHYAgXgAgE&sid=735f077cb553f5b5fb1805efac5f4fa0&aid=304142&ucfs=1&arphpl=1&checkin=2025-04-01&checkout=2025-04-08&dest_id=-372490&dest_type=city&group_adults=2&req_adults=2&no_rooms=1&group_children=0&req_children=0&hpos=23&hapos=348&sr_order=popularity&srpvid=52a43c0f4b5000e9&srepoch=1737880386&all_sr_blocks=9116102_88190636_2_0_0&highlighted_blocks=9116102_88190636_2_0_0&matching_block_id=9116102_88190636_2_0_0&sr_pri_blocks=9116102_88190636_2_0_0__147317&from=searchresults
Hotel Brummell,"Sants-Montjuïc, Barcelona",https://www.booking.com/hotel/es/brummell.html?label=gen173nr-1BCAEoggI46AdSAnVzWARoRogBAZgBMbgBGcgBD9gBAegBAYgCAagCA7gCmuTXvAbAAgHSAiQ3NGM3OTk4Ni0yY2UyLTQ1NGYtOGQwZS1lZTU4ZTdhMDAwZTHYAgXgAgE&sid=735f077cb553f5b5fb1805efac5f4fa0&aid=304142&ucfs=1&arphpl=1&checkin=2025-04-01&checkout=2025-04-08&dest_id=-372490&dest_type=city&group_adults=2&req_adults=2&no_rooms=1&group_children=0&req_children=0&hpos=24&hapos=349&sr_order=popularity&srpvid=52a43c0f4b5000e9&srepoch=1737880386&all_sr_blocks=130553002_333142696_2_2_0&highlighted_blocks=130553002_333142696_2_2_0&matching_block_id=130553002_333142696_2_2_0&sr_pri_blocks=130553002_333142696_2_2_0__174078&from=searchresults
Cuatro Naciones,"Ciutat Vella, Barcelona",https://www.booking.com/hotel/es/cuatro-naciones.html?label=gen173nr-1BCAEoggI46AdSAnVzWARoRogBAZgBMbgBGcgBD9gBAegBAYgCAagCA7gCmuTXvAbAAgHSAiQ3NGM3OTk4Ni0yY2UyLTQ1NGYtOGQwZS1lZTU4ZTdhMDAwZTHYAgXgAgE&sid=735f077cb553f5b5fb1805efac5f4fa0&aid=304142&ucfs=1&arphpl=1&checkin=2025-04-01&checkout=2025-04-08&dest_id=-372490&dest_type=city&group_adults=2&req_adults=2&no_rooms=1&group_children=0&req_children=0&hpos=25&hapos=350&sr_order=popularity&srpvid=52a43c0f4b5000e9&srepoch=1737880386&all_sr_blocks=23984302_91913557_0_1_0&highlighted_blocks=23984302_91913557_0_1_0&matching_block_id=23984302_91913557_0_1_0&sr_pri_blocks=23984302_91913557_0_1_0__133826&from=searchresults
Catalonia Mikado,"Sarrià-St. Gervasi, Barcelona",https://www.booking.com/hotel/es/cataloniamikado.html?label=gen173nr-1BCAEoggI46AdSAnVzWARoRogBAZgBMbgBGcgBD9gBAegBAYgCAagCA7gCmuTXvAbAAgHSAiQ3NGM3OTk4Ni0yY2UyLTQ1NGYtOGQwZS1lZTU4ZTdhMDAwZTHYAgXgAgE&sid=735f077cb553f5b5fb1805efac5f4fa0&aid=304142&ucfs=1&arphpl=1&checkin=2025-04-01&checkout=2025-04-08&dest_id=-372490&dest_type=city&group_adults=2&req_adults=2&no_rooms=1&group_children=0&req_children=0&hpos=1&hapos=351&sr_order=popularity&srpvid=52a43c0f4b5000e9&srepoch=1737880388&all_sr_blocks=9059107_194592994_0_2_0&highlighted_blocks=9059107_194592994_0_2_0&matching_block_id=9059107_194592994_0_2_0&sr_pri_blocks=9059107_194592994_0_2_0__111700&from_sustainable_property_sr=1&from=searchresults
Stay U-nique Apartments Caminal,"Sant Martí, Barcelona",https://www.booking.com/hotel/es/unique-apartment-in-poble-nou.html?label=gen173nr-1BCAEoggI46AdSAnVzWARoRogBAZgBMbgBGcgBD9gBAegBAYgCAagCA7gCmuTXvAbAAgHSAiQ3NGM3OTk4Ni0yY2UyLTQ1NGYtOGQwZS1lZTU4ZTdhMDAwZTHYAgXgAgE&sid=735f077cb553f5b5fb1805efac5f4fa0&aid=304142&ucfs=1&arphpl=1&checkin=2025-04-01&checkout=2025-04-08&dest_id=-372490&dest_type=city&group_adults=2&req_adults=2&no_rooms=1&group_children=0&req_children=0&hpos=2&hapos=352&sr_order=popularity&srpvid=52a43c0f4b5000e9&srepoch=1737880388&all_sr_blocks=1097607402_382675085_0_0_0&highlighted_blocks=1097607402_382675085_0_0_0&matching_block_id=1097607402_382675085_0_0_0&sr_pri_blocks=1097607402_382675085_0_0_0__119624&from=searchresults
Yeah Barcelona Hostel,"Eixample, Barcelona",https://www.booking.com/hotel/es/yeah-barcelona-hostel.html?label=gen173nr-1BCAEoggI46AdSAnVzWARoRogBAZgBMbgBGcgBD9gBAegBAYgCAagCA7gCmuTXvAbAAgHSAiQ3NGM3OTk4Ni0yY2UyLTQ1NGYtOGQwZS1lZTU4ZTdhMDAwZTHYAgXgAgE&sid=735f077cb553f5b5fb1805efac5f4fa0&aid=304142&ucfs=1&arphpl=1&checkin=2025-04-01&checkout=2025-04-08&dest_id=-372490&dest_type=city&group_adults=2&req_adults=2&no_rooms=1&group_children=0&req_children=0&hpos=3&hapos=353&sr_order=popularity&srpvid=52a43c0f4b5000e9&srepoch=1737880388&all_sr_blocks=161659710_89019179_0_0_0_537336&highlighted_blocks=161659710_89019179_0_0_0_537336&matching_block_id=161659710_89019179_0_0_0_537336&sr_pri_blocks=161659710_89019179_0_0_0_537336_201894&from=searchresults
Catalonia Port,"Ciutat Vella, Barcelona",https://www.booking.com/hotel/es/catalonia-port.html?label=gen173nr-1BCAEoggI46AdSAnVzWARoRogBAZgBMbgBGcgBD9gBAegBAYgCAagCA7gCmuTXvAbAAgHSAiQ3NGM3OTk4Ni0yY2UyLTQ1NGYtOGQwZS1lZTU4ZTdhMDAwZTHYAgXgAgE&sid=735f077cb553f5b5fb1805efac5f4fa0&aid=304142&ucfs=1&arphpl=1&checkin=2025-04-01&checkout=2025-04-08&dest_id=-372490&dest_type=city&group_adults=2&req_adults=2&no_rooms=1&group_children=0&req_children=0&hpos=4&hapos=354&sr_order=popularity&srpvid=52a43c0f4b5000e9&srepoch=1737880388&all_sr_blocks=1336010_194586201_0_2_0&highlighted_blocks=1336010_194586201_0_2_0&matching_block_id=1336010_194586201_0_2_0&sr_pri_blocks=1336010_194586201_0_2_0__206778&from_sustainable_property_sr=1&from=searchresults
ApartEasy - Central Barcelona Studio Apartment,"Eixample, Barcelona",https://www.booking.com/hotel/es/aparteasy-monumental-flat-excellent-location.html?label=gen173nr-1BCAEoggI46AdSAnVzWARoRogBAZgBMbgBGcgBD9gBAegBAYgCAagCA7gCmuTXvAbAAgHSAiQ3NGM3OTk4Ni0yY2UyLTQ1NGYtOGQwZS1lZTU4ZTdhMDAwZTHYAgXgAgE&sid=735f077cb553f5b5fb1805efac5f4fa0&aid=304142&ucfs=1&arphpl=1&checkin=2025-04-01&checkout=2025-04-08&dest_id=-372490&dest_type=city&group_adults=2&req_adults=2&no_rooms=1&group_children=0&req_children=0&hpos=5&hapos=355&sr_order=popularity&srpvid=52a43c0f4b5000e9&srepoch=1737880388&all_sr_blocks=1005420202_384024809_2_0_0&highlighted_blocks=1005420202_384024809_2_0_0&matching_block_id=1005420202_384024809_2_0_0&sr_pri_blocks=1005420202_384024809_2_0_0__80474&from=searchresults
Ola Living Portaferrissa,"Ciutat Vella, Barcelona",https://www.booking.com/hotel/es/ola-living-portaferrissa.html?label=gen173nr-1BCAEoggI46AdSAnVzWARoRogBAZgBMbgBGcgBD9gBAegBAYgCAagCA7gCmuTXvAbAAgHSAiQ3NGM3OTk4Ni0yY2UyLTQ1NGYtOGQwZS1lZTU4ZTdhMDAwZTHYAgXgAgE&sid=735f077cb553f5b5fb1805efac5f4fa0&aid=304142&ucfs=1&arphpl=1&checkin=2025-04-01&checkout=2025-04-08&dest_id=-372490&dest_type=city&group_adults=2&req_adults=2&no_rooms=1&group_children=0&req_children=0&hpos=6&hapos=356&sr_order=popularity&srpvid=52a43c0f4b5000e9&srepoch=1737880388&all_sr_blocks=50028001_208732529_2_0_0&highlighted_blocks=50028001_208732529_2_0_0&matching_block_id=50028001_208732529_2_0_0&sr_pri_blocks=50028001_208732529_2_0_0__162064&from=searchresults
Duquesa de Cardona Hotel 4 Sup by Grup Duquessa,"Ciutat Vella, Barcelona",https://www.booking.com/hotel/es/duquesadecardona.html?label=gen173nr-1BCAEoggI46AdSAnVzWARoRogBAZgBMbgBGcgBD9gBAegBAYgCAagCA7gCmuTXvAbAAgHSAiQ3NGM3OTk4Ni0yY2UyLTQ1NGYtOGQwZS1lZTU4ZTdhMDAwZTHYAgXgAgE&sid=735f077cb553f5b5fb1805efac5f4fa0&aid=304142&ucfs=1&arphpl=1&checkin=2025-04-01&checkout=2025-04-08&dest_id=-372490&dest_type=city&group_adults=2&req_adults=2&no_rooms=1&group_children=0&req_children=0&hpos=7&hapos=357&sr_order=popularity&srpvid=52a43c0f4b5000e9&srepoch=1737880388&all_sr_blocks=9063601_257911618_0_2_0&highlighted_blocks=9063601_257911618_0_2_0&matching_block_id=9063601_257911618_0_2_0&sr_pri_blocks=9063601_257911618_0_2_0__174108&from_sustainable_property_sr=1&from=searchresults
Casa Gracia,"Gràcia, Barcelona",https://www.booking.com/hotel/es/hostel-casa-gracia.html?label=gen173nr-1BCAEoggI46AdSAnVzWARoRogBAZgBMbgBGcgBD9gBAegBAYgCAagCA7gCmuTXvAbAAgHSAiQ3NGM3OTk4Ni0yY2UyLTQ1NGYtOGQwZS1lZTU4ZTdhMDAwZTHYAgXgAgE&sid=735f077cb553f5b5fb1805efac5f4fa0&aid=304142&ucfs=1&arphpl=1&checkin=2025-04-01&checkout=2025-04-08&dest_id=-372490&dest_type=city&group_adults=2&req_adults=2&no_rooms=1&group_children=0&req_children=0&hpos=8&hapos=358&sr_order=popularity&srpvid=52a43c0f4b5000e9&srepoch=1737880388&all_sr_blocks=25515436_91915475_0_2_0&highlighted_blocks=25515436_91915475_0_2_0&matching_block_id=25515436_91915475_0_2_0&sr_pri_blocks=25515436_91915475_0_2_0__113347&from=searchresults
Hostal Petit Príncep,"Sarrià-St. Gervasi, Barcelona",https://www.booking.com/hotel/es/hostal-petit-princep.html?label=gen173nr-1BCAEoggI46AdSAnVzWARoRogBAZgBMbgBGcgBD9gBAegBAYgCAagCA7gCmuTXvAbAAgHSAiQ3NGM3OTk4Ni0yY2UyLTQ1NGYtOGQwZS1lZTU4ZTdhMDAwZTHYAgXgAgE&sid=735f077cb553f5b5fb1805efac5f4fa0&aid=304142&ucfs=1&arphpl=1&checkin=2025-04-01&checkout=2025-04-08&dest_id=-372490&dest_type=city&group_adults=2&req_adults=2&no_rooms=1&group_children=0&req_children=0&hpos=9&hapos=359&sr_order=popularity&srpvid=52a43c0f4b5000e9&srepoch=1737880388&all_sr_blocks=55514006_376703117_2_0_0&highlighted_blocks=55514006_376703117_2_0_0&matching_block_id=55514006_376703117_2_0_0&sr_pri_blocks=55514006_376703117_2_0_0__89115&from=searchresults
Barcelona Apartment Aramunt,"Eixample, Barcelona",https://www.booking.com/hotel/es/aramunt-apartmnets.html?label=gen173nr-1BCAEoggI46AdSAnVzWARoRogBAZgBMbgBGcgBD9gBAegBAYgCAagCA7gCmuTXvAbAAgHSAiQ3NGM3OTk4Ni0yY2UyLTQ1NGYtOGQwZS1lZTU4ZTdhMDAwZTHYAgXgAgE&sid=735f077cb553f5b5fb1805efac5f4fa0&aid=304142&ucfs=1&arphpl=1&checkin=2025-04-01&checkout=2025-04-08&dest_id=-372490&dest_type=city&group_adults=2&req_adults=2&no_rooms=1&group_children=0&req_children=0&hpos=10&hapos=360&sr_order=popularity&srpvid=52a43c0f4b5000e9&srepoch=1737880388&all_sr_blocks=9432305_370250401_0_0_0&highlighted_blocks=9432305_370250401_0_0_0&matching_block_id=9432305_370250401_0_0_0&sr_pri_blocks=9432305_370250401_0_0_0__164950&from=searchresults
Abba Sants,"Sants-Montjuïc, Barcelona",https://www.booking.com/hotel/es/abbasants.html?label=gen173nr-1BCAEoggI46AdSAnVzWARoRogBAZgBMbgBGcgBD9gBAegBAYgCAagCA7gCmuTXvAbAAgHSAiQ3NGM3OTk4Ni0yY2UyLTQ1NGYtOGQwZS1lZTU4ZTdhMDAwZTHYAgXgAgE&sid=735f077cb553f5b5fb1805efac5f4fa0&aid=304142&ucfs=1&arphpl=1&checkin=2025-04-01&checkout=2025-04-08&dest_id=-372490&dest_type=city&group_adults=2&req_adults=2&no_rooms=1&group_children=0&req_children=0&hpos=11&hapos=361&sr_order=popularity&srpvid=52a43c0f4b5000e9&srepoch=1737880388&all_sr_blocks=9117702_88190675_0_42_0&highlighted_blocks=9117702_88190675_0_42_0&matching_block_id=9117702_88190675_0_42_0&sr_pri_blocks=9117702_88190675_0_42_0__118488&from_sustainable_property_sr=1&from=searchresults
Apartamentos Barcelona - Iberia,"Sants-Montjuïc, Barcelona",https://www.booking.com/hotel/es/apartamento-barcelona-barcelona1.html?label=gen173nr-1BCAEoggI46AdSAnVzWARoRogBAZgBMbgBGcgBD9gBAegBAYgCAagCA7gCmuTXvAbAAgHSAiQ3NGM3OTk4Ni0yY2UyLTQ1NGYtOGQwZS1lZTU4ZTdhMDAwZTHYAgXgAgE&sid=735f077cb553f5b5fb1805efac5f4fa0&aid=304142&ucfs=1&arphpl=1&checkin=2025-04-01&checkout=2025-04-08&dest_id=-372490&dest_type=city&group_adults=2&req_adults=2&no_rooms=1&group_children=0&req_children=0&hpos=12&hapos=362&sr_order=popularity&srpvid=52a43c0f4b5000e9&srepoch=1737880388&all_sr_blocks=157839501_351629103_0_0_0&highlighted_blocks=157839501_351629103_0_0_0&matching_block_id=157839501_351629103_0_0_0&sr_pri_blocks=157839501_351629103_0_0_0__114122&from=searchresults
Barcelona Apartment Republica,"Sant Martí, Barcelona",https://www.booking.com/hotel/es/republica.html?label=gen173nr-1BCAEoggI46AdSAnVzWARoRogBAZgBMbgBGcgBD9gBAegBAYgCAagCA7gCmuTXvAbAAgHSAiQ3NGM3OTk4Ni0yY2UyLTQ1NGYtOGQwZS1lZTU4ZTdhMDAwZTHYAgXgAgE&sid=735f077cb553f5b5fb1805efac5f4fa0&aid=304142&ucfs=1&arphpl=1&checkin=2025-04-01&checkout=2025-04-08&dest_id=-372490&dest_type=city&group_adults=2&req_adults=2&no_rooms=1&group_children=0&req_children=0&hpos=13&hapos=363&sr_order=popularity&srpvid=52a43c0f4b5000e9&srepoch=1737880388&all_sr_blocks=25821001_105785825_0_0_0&highlighted_blocks=25821001_105785825_0_0_0&matching_block_id=25821001_105785825_0_0_0&sr_pri_blocks=25821001_105785825_0_0_0__160932&from=searchresults
Aspasios Market Balconies Apartments,"Eixample, Barcelona",https://www.booking.com/hotel/es/aspasios-market-balconies.html?label=gen173nr-1BCAEoggI46AdSAnVzWARoRogBAZgBMbgBGcgBD9gBAegBAYgCAagCA7gCmuTXvAbAAgHSAiQ3NGM3OTk4Ni0yY2UyLTQ1NGYtOGQwZS1lZTU4ZTdhMDAwZTHYAgXgAgE&sid=735f077cb553f5b5fb1805efac5f4fa0&aid=304142&ucfs=1&arphpl=1&checkin=2025-04-01&checkout=2025-04-08&dest_id=-372490&dest_type=city&group_adults=2&req_adults=2&no_rooms=1&group_children=0&req_children=0&hpos=14&hapos=364&sr_order=popularity&srpvid=52a43c0f4b5000e9&srepoch=1737880388&all_sr_blocks=809370401_344738290_3_0_0&highlighted_blocks=809370401_344738290_3_0_0&matching_block_id=809370401_344738290_3_0_0&sr_pri_blocks=809370401_344738290_3_0_0__154032&from=searchresults
MIQUEL ANGEL - Apartments with community terrace,"Sants-Montjuïc, Barcelona",https://www.booking.com/hotel/es/higuests-vacation-homes-miquel-angel.html?label=gen173nr-1BCAEoggI46AdSAnVzWARoRogBAZgBMbgBGcgBD9gBAegBAYgCAagCA7gCmuTXvAbAAgHSAiQ3NGM3OTk4Ni0yY2UyLTQ1NGYtOGQwZS1lZTU4ZTdhMDAwZTHYAgXgAgE&sid=735f077cb553f5b5fb1805efac5f4fa0&aid=304142&ucfs=1&arphpl=1&checkin=2025-04-01&checkout=2025-04-08&dest_id=-372490&dest_type=city&group_adults=2&req_adults=2&no_rooms=1&group_children=0&req_children=0&hpos=15&hapos=365&sr_order=popularity&srpvid=52a43c0f4b5000e9&srepoch=1737880388&all_sr_blocks=629000905_245137693_3_0_0&highlighted_blocks=629000905_245137693_3_0_0&matching_block_id=629000905_245137693_3_0_0&sr_pri_blocks=629000905_245137693_3_0_0__98516&from=searchresults
Cozy Apartment Les Corts,"Les Corts, Barcelona",https://www.booking.com/hotel/es/cozy-apartment-les-corts.html?label=gen173nr-1BCAEoggI46AdSAnVzWARoRogBAZgBMbgBGcgBD9gBAegBAYgCAagCA7gCmuTXvAbAAgHSAiQ3NGM3OTk4Ni0yY2UyLTQ1NGYtOGQwZS1lZTU4ZTdhMDAwZTHYAgXgAgE&sid=735f077cb553f5b5fb1805efac5f4fa0&aid=304142&ucfs=1&arphpl=1&checkin=2025-04-01&checkout=2025-04-08&dest_id=-372490&dest_type=city&group_adults=2&req_adults=2&no_rooms=1&group_children=0&req_children=0&hpos=16&hapos=366&sr_order=popularity&srpvid=52a43c0f4b5000e9&srepoch=1737880388&all_sr_blocks=1077159401_384627194_2_0_0&highlighted_blocks=1077159401_384627194_2_0_0&matching_block_id=1077159401_384627194_2_0_0&sr_pri_blocks=1077159401_384627194_2_0_0__219732&from=searchresults
Nuevo apartamento zona Paseo de Gracia,"Gràcia, Barcelona",https://www.booking.com/hotel/es/nuevo-apartamento-zona-paseo-de-gracia.html?label=gen173nr-1BCAEoggI46AdSAnVzWARoRogBAZgBMbgBGcgBD9gBAegBAYgCAagCA7gCmuTXvAbAAgHSAiQ3NGM3OTk4Ni0yY2UyLTQ1NGYtOGQwZS1lZTU4ZTdhMDAwZTHYAgXgAgE&sid=735f077cb553f5b5fb1805efac5f4fa0&aid=304142&ucfs=1&arphpl=1&checkin=2025-04-01&checkout=2025-04-08&dest_id=-372490&dest_type=city&group_adults=2&req_adults=2&no_rooms=1&group_children=0&req_children=0&hpos=17&hapos=367&sr_order=popularity&srpvid=52a43c0f4b5000e9&srepoch=1737880388&all_sr_blocks=1280695401_402138683_3_0_0&highlighted_blocks=1280695401_402138683_3_0_0&matching_block_id=1280695401_402138683_3_0_0&sr_pri_blocks=1280695401_402138683_3_0_0__131184&from=searchresults
Casa Lolita,"Eixample, Barcelona",https://www.booking.com/hotel/es/casa-lolita-barcelona.html?label=gen173nr-1BCAEoggI46AdSAnVzWARoRogBAZgBMbgBGcgBD9gBAegBAYgCAagCA7gCmuTXvAbAAgHSAiQ3NGM3OTk4Ni0yY2UyLTQ1NGYtOGQwZS1lZTU4ZTdhMDAwZTHYAgXgAgE&sid=735f077cb553f5b5fb1805efac5f4fa0&aid=304142&ucfs=1&arphpl=1&checkin=2025-04-01&checkout=2025-04-08&dest_id=-372490&dest_type=city&group_adults=2&req_adults=2&no_rooms=1&group_children=0&req_children=0&hpos=18&hapos=368&sr_order=popularity&srpvid=52a43c0f4b5000e9&srepoch=1737880388&all_sr_blocks=864578401_357600594_2_0_0_632352&highlighted_blocks=864578401_357600594_2_0_0_632352&matching_block_id=864578401_357600594_2_0_0_632352&sr_pri_blocks=864578401_357600594_2_0_0_632352_148575&from=searchresults
Barcelona4Seasons II,"Ciutat Vella, Barcelona",https://www.booking.com/hotel/es/barcelona4seasons-ii.html?label=gen173nr-1BCAEoggI46AdSAnVzWARoRogBAZgBMbgBGcgBD9gBAegBAYgCAagCA7gCmuTXvAbAAgHSAiQ3NGM3OTk4Ni0yY2UyLTQ1NGYtOGQwZS1lZTU4ZTdhMDAwZTHYAgXgAgE&sid=735f077cb553f5b5fb1805efac5f4fa0&aid=304142&ucfs=1&arphpl=1&checkin=2025-04-01&checkout=2025-04-08&dest_id=-372490&dest_type=city&group_adults=2&req_adults=2&no_rooms=1&group_children=0&req_children=0&hpos=19&hapos=369&sr_order=popularity&srpvid=52a43c0f4b5000e9&srepoch=1737880388&all_sr_blocks=9723724_363243506_2_0_0_476181&highlighted_blocks=9723724_363243506_2_0_0_476181&matching_block_id=9723724_363243506_2_0_0_476181&sr_pri_blocks=9723724_363243506_2_0_0_476181_165532&from=searchresults
Eurohotel Diagonal Port,"Sant Martí, Barcelona",https://www.booking.com/hotel/es/rafaeldiagonal.html?label=gen173nr-1BCAEoggI46AdSAnVzWARoRogBAZgBMbgBGcgBD9gBAegBAYgCAagCA7gCmuTXvAbAAgHSAiQ3NGM3OTk4Ni0yY2UyLTQ1NGYtOGQwZS1lZTU4ZTdhMDAwZTHYAgXgAgE&sid=735f077cb553f5b5fb1805efac5f4fa0&aid=304142&ucfs=1&arphpl=1&checkin=2025-04-01&checkout=2025-04-08&dest_id=-372490&dest_type=city&group_adults=2&req_adults=2&no_rooms=1&group_children=0&req_children=0&hpos=20&hapos=370&sr_order=popularity&srpvid=52a43c0f4b5000e9&srepoch=1737880388&all_sr_blocks=9029202_88181517_0_2_0&highlighted_blocks=9029202_88181517_0_2_0&matching_block_id=9029202_88181517_0_2_0&sr_pri_blocks=9029202_88181517_0_2_0__124803&from=searchresults
Aparthotel Mariano Cubi Barcelona,"Sarrià-St. Gervasi, Barcelona",https://www.booking.com/hotel/es/marianocubi.html?label=gen173nr-1BCAEoggI46AdSAnVzWARoRogBAZgBMbgBGcgBD9gBAegBAYgCAagCA7gCmuTXvAbAAgHSAiQ3NGM3OTk4Ni0yY2UyLTQ1NGYtOGQwZS1lZTU4ZTdhMDAwZTHYAgXgAgE&sid=735f077cb553f5b5fb1805efac5f4fa0&aid=304142&ucfs=1&arphpl=1&checkin=2025-04-01&checkout=2025-04-08&dest_id=-372490&dest_type=city&group_adults=2&req_adults=2&no_rooms=1&group_children=0&req_children=0&hpos=21&hapos=371&sr_order=popularity&srpvid=52a43c0f4b5000e9&srepoch=1737880388&all_sr_blocks=9036015_388018509_2_2_0_628869&highlighted_blocks=9036015_388018509_2_2_0_628869&matching_block_id=9036015_388018509_2_2_0_628869&sr_pri_blocks=9036015_388018509_2_2_0_628869_126278&from=searchresults
P2VIL1042 Modern & Cozy Apartment Poble Sec,"Sants-Montjuïc, Barcelona",https://www.booking.com/hotel/es/57vila2-modern-cozy-apartment-poble-sec.html?label=gen173nr-1BCAEoggI46AdSAnVzWARoRogBAZgBMbgBGcgBD9gBAegBAYgCAagCA7gCmuTXvAbAAgHSAiQ3NGM3OTk4Ni0yY2UyLTQ1NGYtOGQwZS1lZTU4ZTdhMDAwZTHYAgXgAgE&sid=735f077cb553f5b5fb1805efac5f4fa0&aid=304142&ucfs=1&arphpl=1&checkin=2025-04-01&checkout=2025-04-08&dest_id=-372490&dest_type=city&group_adults=2&req_adults=2&no_rooms=1&group_children=0&req_children=0&hpos=22&hapos=372&sr_order=popularity&srpvid=52a43c0f4b5000e9&srepoch=1737880388&all_sr_blocks=968703802_376044969_2_0_0&highlighted_blocks=968703802_376044969_2_0_0&matching_block_id=968703802_376044969_2_0_0&sr_pri_blocks=968703802_376044969_2_0_0__130906&from=searchresults
ApartEasy - Plaza España Deluxe,"Eixample, Barcelona",https://www.booking.com/hotel/es/aparteasy-plaza-espana-deluxe.html?label=gen173nr-1BCAEoggI46AdSAnVzWARoRogBAZgBMbgBGcgBD9gBAegBAYgCAagCA7gCmuTXvAbAAgHSAiQ3NGM3OTk4Ni0yY2UyLTQ1NGYtOGQwZS1lZTU4ZTdhMDAwZTHYAgXgAgE&sid=735f077cb553f5b5fb1805efac5f4fa0&aid=304142&ucfs=1&arphpl=1&checkin=2025-04-01&checkout=2025-04-08&dest_id=-372490&dest_type=city&group_adults=2&req_adults=2&no_rooms=1&group_children=0&req_children=0&hpos=23&hapos=373&sr_order=popularity&srpvid=52a43c0f4b5000e9&srepoch=1737880388&all_sr_blocks=244615001_363411704_4_0_0&highlighted_blocks=244615001_363411704_4_0_0&matching_block_id=244615001_363411704_4_0_0&sr_pri_blocks=244615001_363411704_4_0_0__137519&from=searchresults
Miiro Borneta,"Ciutat Vella, Barcelona",https://www.booking.com/hotel/es/k-k-picasso.html?label=gen173nr-1BCAEoggI46AdSAnVzWARoRogBAZgBMbgBGcgBD9gBAegBAYgCAagCA7gCmuTXvAbAAgHSAiQ3NGM3OTk4Ni0yY2UyLTQ1NGYtOGQwZS1lZTU4ZTdhMDAwZTHYAgXgAgE&sid=735f077cb553f5b5fb1805efac5f4fa0&aid=304142&ucfs=1&arphpl=1&checkin=2025-04-01&checkout=2025-04-08&dest_id=-372490&dest_type=city&group_adults=2&req_adults=2&no_rooms=1&group_children=0&req_children=0&hpos=24&hapos=374&sr_order=popularity&srpvid=52a43c0f4b5000e9&srepoch=1737880388&all_sr_blocks=36039219_88207873_0_42_0&highlighted_blocks=36039219_88207873_0_42_0&matching_block_id=36039219_88207873_0_42_0&sr_pri_blocks=36039219_88207873_0_42_0__200970&from=searchresults
Vincci Bit,"Sant Martí, Barcelona",https://www.booking.com/hotel/es/vincci-bit.html?label=gen173nr-1BCAEoggI46AdSAnVzWARoRogBAZgBMbgBGcgBD9gBAegBAYgCAagCA7gCmuTXvAbAAgHSAiQ3NGM3OTk4Ni0yY2UyLTQ1NGYtOGQwZS1lZTU4ZTdhMDAwZTHYAgXgAgE&sid=735f077cb553f5b5fb1805efac5f4fa0&aid=304142&ucfs=1&arphpl=1&checkin=2025-04-01&checkout=2025-04-08&dest_id=-372490&dest_type=city&group_adults=2&req_adults=2&no_rooms=1&group_children=0&req_children=0&hpos=25&hapos=375&sr_order=popularity&srpvid=52a43c0f4b5000e9&srepoch=1737880388&all_sr_blocks=36066801_401099216_0_2_0_203778&highlighted_blocks=36066801_401099216_0_2_0_203778&matching_block_id=36066801_401099216_0_2_0_203778&sr_pri_blocks=36066801_401099216_0_2_0_203778_181501&from_sustainable_property_sr=1&from=searchresults
Grupotel Gravina,"Ciutat Vella, Barcelona",https://www.booking.com/hotel/es/gravina.html?label=gen173nr-1BCAEoggI46AdSAnVzWARoRogBAZgBMbgBGcgBD9gBAegBAYgCAagCA7gCmuTXvAbAAgHSAiQ3NGM3OTk4Ni0yY2UyLTQ1NGYtOGQwZS1lZTU4ZTdhMDAwZTHYAgXgAgE&sid=735f077cb553f5b5fb1805efac5f4fa0&aid=304142&ucfs=1&arphpl=1&checkin=2025-04-01&checkout=2025-04-08&dest_id=-372490&dest_type=city&group_adults=2&req_adults=2&no_rooms=1&group_children=0&req_children=0&hpos=1&hapos=376&sr_order=popularity&srpvid=52a43c0f4b5000e9&srepoch=1737880390&all_sr_blocks=9004702_88154343_0_2_0&highlighted_blocks=9004702_88154343_0_2_0&matching_block_id=9004702_88154343_0_2_0&sr_pri_blocks=9004702_88154343_0_2_0__135373&from=searchresults
Montserrat Apartments by Gaiarooms,"Eixample, Barcelona",https://www.booking.com/hotel/es/montserrat-apartments-by-gaiarooms.html?label=gen173nr-1BCAEoggI46AdSAnVzWARoRogBAZgBMbgBGcgBD9gBAegBAYgCAagCA7gCmuTXvAbAAgHSAiQ3NGM3OTk4Ni0yY2UyLTQ1NGYtOGQwZS1lZTU4ZTdhMDAwZTHYAgXgAgE&sid=735f077cb553f5b5fb1805efac5f4fa0&aid=304142&ucfs=1&arphpl=1&checkin=2025-04-01&checkout=2025-04-08&dest_id=-372490&dest_type=city&group_adults=2&req_adults=2&no_rooms=1&group_children=0&req_children=0&hpos=2&hapos=377&sr_order=popularity&srpvid=52a43c0f4b5000e9&srepoch=1737880390&all_sr_blocks=831696204_405408128_2_0_0&highlighted_blocks=831696204_405408128_2_0_0&matching_block_id=831696204_405408128_2_0_0&sr_pri_blocks=831696204_405408128_2_0_0__170586&from=searchresults
Sansi Pedralbes,"Les Corts, Barcelona",https://www.booking.com/hotel/es/sansipedralbes.html?label=gen173nr-1BCAEoggI46AdSAnVzWARoRogBAZgBMbgBGcgBD9gBAegBAYgCAagCA7gCmuTXvAbAAgHSAiQ3NGM3OTk4Ni0yY2UyLTQ1NGYtOGQwZS1lZTU4ZTdhMDAwZTHYAgXgAgE&sid=735f077cb553f5b5fb1805efac5f4fa0&aid=304142&ucfs=1&arphpl=1&checkin=2025-04-01&checkout=2025-04-08&dest_id=-372490&dest_type=city&group_adults=2&req_adults=2&no_rooms=1&group_children=0&req_children=0&hpos=3&hapos=378&sr_order=popularity&srpvid=52a43c0f4b5000e9&srepoch=1737880390&all_sr_blocks=9101702_403084070_0_2_0&highlighted_blocks=9101702_403084070_0_2_0&matching_block_id=9101702_403084070_0_2_0&sr_pri_blocks=9101702_403084070_0_2_0__235278&from=searchresults
Ola Living Music,"Ciutat Vella, Barcelona",https://www.booking.com/hotel/es/ola-living-music.html?label=gen173nr-1BCAEoggI46AdSAnVzWARoRogBAZgBMbgBGcgBD9gBAegBAYgCAagCA7gCmuTXvAbAAgHSAiQ3NGM3OTk4Ni0yY2UyLTQ1NGYtOGQwZS1lZTU4ZTdhMDAwZTHYAgXgAgE&sid=735f077cb553f5b5fb1805efac5f4fa0&aid=304142&ucfs=1&arphpl=1&checkin=2025-04-01&checkout=2025-04-08&dest_id=-372490&dest_type=city&group_adults=2&req_adults=2&no_rooms=1&group_children=0&req_children=0&hpos=4&hapos=379&sr_order=popularity&srpvid=52a43c0f4b5000e9&srepoch=1737880390&all_sr_blocks=50000202_397937895_4_0_0&highlighted_blocks=50000202_397937895_4_0_0&matching_block_id=50000202_397937895_4_0_0&sr_pri_blocks=50000202_397937895_4_0_0__206683&from=searchresults
H10 Casa Mimosa 4* Sup,"Eixample, Barcelona",https://www.booking.com/hotel/es/h10-casa-mimosa.html?label=gen173nr-1BCAEoggI46AdSAnVzWARoRogBAZgBMbgBGcgBD9gBAegBAYgCAagCA7gCmuTXvAbAAgHSAiQ3NGM3OTk4Ni0yY2UyLTQ1NGYtOGQwZS1lZTU4ZTdhMDAwZTHYAgXgAgE&sid=735f077cb553f5b5fb1805efac5f4fa0&aid=304142&ucfs=1&arphpl=1&checkin=2025-04-01&checkout=2025-04-08&dest_id=-372490&dest_type=city&group_adults=2&req_adults=2&no_rooms=1&group_children=0&req_children=0&hpos=5&hapos=380&sr_order=popularity&srpvid=52a43c0f4b5000e9&srepoch=1737880390&all_sr_blocks=186920102_242553103_0_2_0_747962&highlighted_blocks=186920102_242553103_0_2_0_747962&matching_block_id=186920102_242553103_0_2_0_747962&sr_pri_blocks=186920102_242553103_0_2_0_747962_262878&from_sustainable_property_sr=1&from=searchresults
Aspasios Arc de Triomf Apartments,"Eixample, Barcelona",https://www.booking.com/hotel/es/aspasios-arc-de-triomf.html?label=gen173nr-1BCAEoggI46AdSAnVzWARoRogBAZgBMbgBGcgBD9gBAegBAYgCAagCA7gCmuTXvAbAAgHSAiQ3NGM3OTk4Ni0yY2UyLTQ1NGYtOGQwZS1lZTU4ZTdhMDAwZTHYAgXgAgE&sid=735f077cb553f5b5fb1805efac5f4fa0&aid=304142&ucfs=1&arphpl=1&checkin=2025-04-01&checkout=2025-04-08&dest_id=-372490&dest_type=city&group_adults=2&req_adults=2&no_rooms=1&group_children=0&req_children=0&hpos=6&hapos=381&sr_order=popularity&srpvid=52a43c0f4b5000e9&srepoch=1737880390&all_sr_blocks=1243982902_396352468_4_0_0&highlighted_blocks=1243982902_396352468_4_0_0&matching_block_id=1243982902_396352468_4_0_0&sr_pri_blocks=1243982902_396352468_4_0_0__224132&from=searchresults
Radas,"Sants-Montjuïc, Barcelona",https://www.booking.com/hotel/es/radas.html?label=gen173nr-1BCAEoggI46AdSAnVzWARoRogBAZgBMbgBGcgBD9gBAegBAYgCAagCA7gCmuTXvAbAAgHSAiQ3NGM3OTk4Ni0yY2UyLTQ1NGYtOGQwZS1lZTU4ZTdhMDAwZTHYAgXgAgE&sid=735f077cb553f5b5fb1805efac5f4fa0&aid=304142&ucfs=1&arphpl=1&checkin=2025-04-01&checkout=2025-04-08&dest_id=-372490&dest_type=city&group_adults=2&req_adults=2&no_rooms=1&group_children=0&req_children=0&hpos=7&hapos=382&sr_order=popularity&srpvid=52a43c0f4b5000e9&srepoch=1737880390&all_sr_blocks=139090601_364300020_2_0_0&highlighted_blocks=139090601_364300020_2_0_0&matching_block_id=139090601_364300020_2_0_0&sr_pri_blocks=139090601_364300020_2_0_0__200632&from=searchresults
AC Hotel Barcelona Fórum by Marriott,"Sant Martí, Barcelona",https://www.booking.com/hotel/es/achotelsbarcelona.html?label=gen173nr-1BCAEoggI46AdSAnVzWARoRogBAZgBMbgBGcgBD9gBAegBAYgCAagCA7gCmuTXvAbAAgHSAiQ3NGM3OTk4Ni0yY2UyLTQ1NGYtOGQwZS1lZTU4ZTdhMDAwZTHYAgXgAgE&sid=735f077cb553f5b5fb1805efac5f4fa0&aid=304142&ucfs=1&arphpl=1&checkin=2025-04-01&checkout=2025-04-08&dest_id=-372490&dest_type=city&group_adults=2&req_adults=2&no_rooms=1&group_children=0&req_children=0&hpos=8&hapos=383&sr_order=popularity&srpvid=52a43c0f4b5000e9&srepoch=1737880390&all_sr_blocks=9134519_94304392_0_42_0&highlighted_blocks=9134519_94304392_0_42_0&matching_block_id=9134519_94304392_0_42_0&sr_pri_blocks=9134519_94304392_0_42_0__183458&from_sustainable_property_sr=1&from=searchresults
31ENT1027 - Mediterranean decorated apartment,"Eixample, Barcelona",https://www.booking.com/hotel/es/31ent335-mediterranean-decorated-apartment.html?label=gen173nr-1BCAEoggI46AdSAnVzWARoRogBAZgBMbgBGcgBD9gBAegBAYgCAagCA7gCmuTXvAbAAgHSAiQ3NGM3OTk4Ni0yY2UyLTQ1NGYtOGQwZS1lZTU4ZTdhMDAwZTHYAgXgAgE&sid=735f077cb553f5b5fb1805efac5f4fa0&aid=304142&ucfs=1&arphpl=1&checkin=2025-04-01&checkout=2025-04-08&dest_id=-372490&dest_type=city&group_adults=2&req_adults=2&no_rooms=1&group_children=0&req_children=0&hpos=9&hapos=384&sr_order=popularity&srpvid=52a43c0f4b5000e9&srepoch=1737880390&all_sr_blocks=877039802_376044986_2_0_0&highlighted_blocks=877039802_376044986_2_0_0&matching_block_id=877039802_376044986_2_0_0&sr_pri_blocks=877039802_376044986_2_0_0__124083&from=searchresults
Casp 74 Apartments,"Eixample, Barcelona",https://www.booking.com/hotel/es/casp-74-apartments.html?label=gen173nr-1BCAEoggI46AdSAnVzWARoRogBAZgBMbgBGcgBD9gBAegBAYgCAagCA7gCmuTXvAbAAgHSAiQ3NGM3OTk4Ni0yY2UyLTQ1NGYtOGQwZS1lZTU4ZTdhMDAwZTHYAgXgAgE&sid=735f077cb553f5b5fb1805efac5f4fa0&aid=304142&ucfs=1&arphpl=1&checkin=2025-04-01&checkout=2025-04-08&dest_id=-372490&dest_type=city&group_adults=2&req_adults=2&no_rooms=1&group_children=0&req_children=0&hpos=10&hapos=385&sr_order=popularity&srpvid=52a43c0f4b5000e9&srepoch=1737880390&all_sr_blocks=18906304_398578337_4_0_0_391766&highlighted_blocks=18906304_398578337_4_0_0_391766&matching_block_id=18906304_398578337_4_0_0_391766&sr_pri_blocks=18906304_398578337_4_0_0_391766_250418&from=searchresults
"Grand Hotel Central, Small Luxury Hotels","Ciutat Vella, Barcelona",https://www.booking.com/hotel/es/grandhotelcentral.html?label=gen173nr-1BCAEoggI46AdSAnVzWARoRogBAZgBMbgBGcgBD9gBAegBAYgCAagCA7gCmuTXvAbAAgHSAiQ3NGM3OTk4Ni0yY2UyLTQ1NGYtOGQwZS1lZTU4ZTdhMDAwZTHYAgXgAgE&sid=735f077cb553f5b5fb1805efac5f4fa0&aid=304142&ucfs=1&arphpl=1&checkin=2025-04-01&checkout=2025-04-08&dest_id=-372490&dest_type=city&group_adults=2&req_adults=2&no_rooms=1&group_children=0&req_children=0&hpos=11&hapos=386&sr_order=popularity&srpvid=52a43c0f4b5000e9&srepoch=1737880390&all_sr_blocks=9810445_329610251_0_2_0_758284&highlighted_blocks=9810445_329610251_0_2_0_758284&matching_block_id=9810445_329610251_0_2_0_758284&sr_pri_blocks=9810445_329610251_0_2_0_758284_307988&from_sustainable_property_sr=1&from=searchresults
Apartment Sagrada Familia- Rossello by Interhome,"Eixample, Barcelona",https://www.booking.com/hotel/es/apartment-sagrada-familia-rossello.html?label=gen173nr-1BCAEoggI46AdSAnVzWARoRogBAZgBMbgBGcgBD9gBAegBAYgCAagCA7gCmuTXvAbAAgHSAiQ3NGM3OTk4Ni0yY2UyLTQ1NGYtOGQwZS1lZTU4ZTdhMDAwZTHYAgXgAgE&sid=735f077cb553f5b5fb1805efac5f4fa0&aid=304142&ucfs=1&arphpl=1&checkin=2025-04-01&checkout=2025-04-08&dest_id=-372490&dest_type=city&group_adults=2&req_adults=2&no_rooms=1&group_children=0&req_children=0&hpos=12&hapos=387&sr_order=popularity&srpvid=52a43c0f4b5000e9&srepoch=1737880390&all_sr_blocks=994114702_372337719_5_0_0&highlighted_blocks=994114702_372337719_5_0_0&matching_block_id=994114702_372337719_5_0_0&sr_pri_blocks=994114702_372337719_5_0_0__133632&from=searchresults
Hotel Casa Fuster G.L Monumento,"Gràcia, Barcelona",https://www.booking.com/hotel/es/hotelescenterfuster.html?label=gen173nr-1BCAEoggI46AdSAnVzWARoRogBAZgBMbgBGcgBD9gBAegBAYgCAagCA7gCmuTXvAbAAgHSAiQ3NGM3OTk4Ni0yY2UyLTQ1NGYtOGQwZS1lZTU4ZTdhMDAwZTHYAgXgAgE&sid=735f077cb553f5b5fb1805efac5f4fa0&aid=304142&ucfs=1&arphpl=1&checkin=2025-04-01&checkout=2025-04-08&dest_id=-372490&dest_type=city&group_adults=2&req_adults=2&no_rooms=1&group_children=0&req_children=0&hpos=13&hapos=388&sr_order=popularity&srpvid=52a43c0f4b5000e9&srepoch=1737880390&all_sr_blocks=9128601_309332597_0_42_0_411212&highlighted_blocks=9128601_309332597_0_42_0_411212&matching_block_id=9128601_309332597_0_42_0_411212&sr_pri_blocks=9128601_309332597_0_42_0_411212_240429&from_sustainable_property_sr=1&from=searchresults
Arenas Atiram Hotels,"Les Corts, Barcelona",https://www.booking.com/hotel/es/atiramarenas.html?label=gen173nr-1BCAEoggI46AdSAnVzWARoRogBAZgBMbgBGcgBD9gBAegBAYgCAagCA7gCmuTXvAbAAgHSAiQ3NGM3OTk4Ni0yY2UyLTQ1NGYtOGQwZS1lZTU4ZTdhMDAwZTHYAgXgAgE&sid=735f077cb553f5b5fb1805efac5f4fa0&aid=304142&ucfs=1&arphpl=1&checkin=2025-04-01&checkout=2025-04-08&dest_id=-372490&dest_type=city&group_adults=2&req_adults=2&no_rooms=1&group_children=0&req_children=0&hpos=14&hapos=389&sr_order=popularity&srpvid=52a43c0f4b5000e9&srepoch=1737880390&all_sr_blocks=9045602_88181751_0_2_0_672068&highlighted_blocks=9045602_88181751_0_2_0_672068&matching_block_id=9045602_88181751_0_2_0_672068&sr_pri_blocks=9045602_88181751_0_2_0_672068_106574&from=searchresults
ApartEasy - Central Gracia Apartments,"Gràcia, Barcelona",https://www.booking.com/hotel/es/aparteasy-central-gracia-apartments.html?label=gen173nr-1BCAEoggI46AdSAnVzWARoRogBAZgBMbgBGcgBD9gBAegBAYgCAagCA7gCmuTXvAbAAgHSAiQ3NGM3OTk4Ni0yY2UyLTQ1NGYtOGQwZS1lZTU4ZTdhMDAwZTHYAgXgAgE&sid=735f077cb553f5b5fb1805efac5f4fa0&aid=304142&ucfs=1&arphpl=1&checkin=2025-04-01&checkout=2025-04-08&dest_id=-372490&dest_type=city&group_adults=2&req_adults=2&no_rooms=1&group_children=0&req_children=0&hpos=15&hapos=390&sr_order=popularity&srpvid=52a43c0f4b5000e9&srepoch=1737880390&all_sr_blocks=248362008_364397536_4_0_0&highlighted_blocks=248362008_364397536_4_0_0&matching_block_id=248362008_364397536_4_0_0&sr_pri_blocks=248362008_364397536_4_0_0__159362&from=searchresults
Hostal Lleida,"Eixample, Barcelona",https://www.booking.com/hotel/es/hostal-lleida.html?label=gen173nr-1BCAEoggI46AdSAnVzWARoRogBAZgBMbgBGcgBD9gBAegBAYgCAagCA7gCmuTXvAbAAgHSAiQ3NGM3OTk4Ni0yY2UyLTQ1NGYtOGQwZS1lZTU4ZTdhMDAwZTHYAgXgAgE&sid=735f077cb553f5b5fb1805efac5f4fa0&aid=304142&ucfs=1&arphpl=1&checkin=2025-04-01&checkout=2025-04-08&dest_id=-372490&dest_type=city&group_adults=2&req_adults=2&no_rooms=1&group_children=0&req_children=0&hpos=16&hapos=391&sr_order=popularity&srpvid=52a43c0f4b5000e9&srepoch=1737880390&all_sr_blocks=38223403_88208179_0_0_0_690210&highlighted_blocks=38223403_88208179_0_0_0_690210&matching_block_id=38223403_88208179_0_0_0_690210&sr_pri_blocks=38223403_88208179_0_0_0_690210_122360&from=searchresults
Decô Apartments Barcelona-Born St.,"Ciutat Vella, Barcelona",https://www.booking.com/hotel/es/decimononico-borne-studios.html?label=gen173nr-1BCAEoggI46AdSAnVzWARoRogBAZgBMbgBGcgBD9gBAegBAYgCAagCA7gCmuTXvAbAAgHSAiQ3NGM3OTk4Ni0yY2UyLTQ1NGYtOGQwZS1lZTU4ZTdhMDAwZTHYAgXgAgE&sid=735f077cb553f5b5fb1805efac5f4fa0&aid=304142&ucfs=1&arphpl=1&checkin=2025-04-01&checkout=2025-04-08&dest_id=-372490&dest_type=city&group_adults=2&req_adults=2&no_rooms=1&group_children=0&req_children=0&hpos=17&hapos=392&sr_order=popularity&srpvid=52a43c0f4b5000e9&srepoch=1737880390&all_sr_blocks=43311701_91053321_2_0_0&highlighted_blocks=43311701_91053321_2_0_0&matching_block_id=43311701_91053321_2_0_0&sr_pri_blocks=43311701_91053321_2_0_0__149532&from=searchresults
Aparthotel Bertrán,"Sarrià-St. Gervasi, Barcelona",https://www.booking.com/hotel/es/aparthotel-bertran.html?label=gen173nr-1BCAEoggI46AdSAnVzWARoRogBAZgBMbgBGcgBD9gBAegBAYgCAagCA7gCmuTXvAbAAgHSAiQ3NGM3OTk4Ni0yY2UyLTQ1NGYtOGQwZS1lZTU4ZTdhMDAwZTHYAgXgAgE&sid=735f077cb553f5b5fb1805efac5f4fa0&aid=304142&ucfs=1&arphpl=1&checkin=2025-04-01&checkout=2025-04-08&dest_id=-372490&dest_type=city&group_adults=2&req_adults=2&no_rooms=1&group_children=0&req_children=0&hpos=18&hapos=393&sr_order=popularity&srpvid=52a43c0f4b5000e9&srepoch=1737880390&all_sr_blocks=23849601_88204229_2_2_0&highlighted_blocks=23849601_88204229_2_2_0&matching_block_id=23849601_88204229_2_2_0&sr_pri_blocks=23849601_88204229_2_2_0__110976&from=searchresults
Barcelona4Seasons - Miro,"Eixample, Barcelona",https://www.booking.com/hotel/es/barcelona4seasons-miro.html?label=gen173nr-1BCAEoggI46AdSAnVzWARoRogBAZgBMbgBGcgBD9gBAegBAYgCAagCA7gCmuTXvAbAAgHSAiQ3NGM3OTk4Ni0yY2UyLTQ1NGYtOGQwZS1lZTU4ZTdhMDAwZTHYAgXgAgE&sid=735f077cb553f5b5fb1805efac5f4fa0&aid=304142&ucfs=1&arphpl=1&checkin=2025-04-01&checkout=2025-04-08&dest_id=-372490&dest_type=city&group_adults=2&req_adults=2&no_rooms=1&group_children=0&req_children=0&hpos=19&hapos=394&sr_order=popularity&srpvid=52a43c0f4b5000e9&srepoch=1737880390&all_sr_blocks=242531901_363243540_2_0_0_476189&highlighted_blocks=242531901_363243540_2_0_0_476189&matching_block_id=242531901_363243540_2_0_0_476189&sr_pri_blocks=242531901_363243540_2_0_0_476189_125432&from=searchresults
Casa Gracia Apartments,"Gràcia, Barcelona",https://www.booking.com/hotel/es/casa-gracia-apartments.html?label=gen173nr-1BCAEoggI46AdSAnVzWARoRogBAZgBMbgBGcgBD9gBAegBAYgCAagCA7gCmuTXvAbAAgHSAiQ3NGM3OTk4Ni0yY2UyLTQ1NGYtOGQwZS1lZTU4ZTdhMDAwZTHYAgXgAgE&sid=735f077cb553f5b5fb1805efac5f4fa0&aid=304142&ucfs=1&arphpl=1&checkin=2025-04-01&checkout=2025-04-08&dest_id=-372490&dest_type=city&group_adults=2&req_adults=2&no_rooms=1&group_children=0&req_children=0&hpos=20&hapos=395&sr_order=popularity&srpvid=52a43c0f4b5000e9&srepoch=1737880390&all_sr_blocks=848329501_351986369_0_0_0&highlighted_blocks=848329501_351986369_0_0_0&matching_block_id=848329501_351986369_0_0_0&sr_pri_blocks=848329501_351986369_0_0_0__131248&from=searchresults
Casa Cosi Sant Antoni,"Eixample, Barcelona",https://www.booking.com/hotel/es/casa-cosi-sant-antoni.html?label=gen173nr-1BCAEoggI46AdSAnVzWARoRogBAZgBMbgBGcgBD9gBAegBAYgCAagCA7gCmuTXvAbAAgHSAiQ3NGM3OTk4Ni0yY2UyLTQ1NGYtOGQwZS1lZTU4ZTdhMDAwZTHYAgXgAgE&sid=735f077cb553f5b5fb1805efac5f4fa0&aid=304142&ucfs=1&arphpl=1&checkin=2025-04-01&checkout=2025-04-08&dest_id=-372490&dest_type=city&group_adults=2&req_adults=2&no_rooms=1&group_children=0&req_children=0&hpos=21&hapos=396&sr_order=popularity&srpvid=52a43c0f4b5000e9&srepoch=1737880390&all_sr_blocks=217598301_377072103_0_0_0&highlighted_blocks=217598301_377072103_0_0_0&matching_block_id=217598301_377072103_0_0_0&sr_pri_blocks=217598301_377072103_0_0_0__143111&from=searchresults
AB Paral-lel Tapioles,"Ciutat Vella, Barcelona",https://www.booking.com/hotel/es/apartment-barcelona-parala-lel.html?label=gen173nr-1BCAEoggI46AdSAnVzWARoRogBAZgBMbgBGcgBD9gBAegBAYgCAagCA7gCmuTXvAbAAgHSAiQ3NGM3OTk4Ni0yY2UyLTQ1NGYtOGQwZS1lZTU4ZTdhMDAwZTHYAgXgAgE&sid=735f077cb553f5b5fb1805efac5f4fa0&aid=304142&ucfs=1&arphpl=1&checkin=2025-04-01&checkout=2025-04-08&dest_id=-372490&dest_type=city&group_adults=2&req_adults=2&no_rooms=1&group_children=0&req_children=0&hpos=22&hapos=397&sr_order=popularity&srpvid=52a43c0f4b5000e9&srepoch=1737880390&all_sr_blocks=58980006_241685754_3_0_0&highlighted_blocks=58980006_241685754_3_0_0&matching_block_id=58980006_241685754_3_0_0&sr_pri_blocks=58980006_241685754_3_0_0__149584&from=searchresults
Hotel Constanza,"Eixample, Barcelona",https://www.booking.com/hotel/es/hotelconstanza.html?label=gen173nr-1BCAEoggI46AdSAnVzWARoRogBAZgBMbgBGcgBD9gBAegBAYgCAagCA7gCmuTXvAbAAgHSAiQ3NGM3OTk4Ni0yY2UyLTQ1NGYtOGQwZS1lZTU4ZTdhMDAwZTHYAgXgAgE&sid=735f077cb553f5b5fb1805efac5f4fa0&aid=304142&ucfs=1&arphpl=1&checkin=2025-04-01&checkout=2025-04-08&dest_id=-372490&dest_type=city&group_adults=2&req_adults=2&no_rooms=1&group_children=0&req_children=0&hpos=23&hapos=398&sr_order=popularity&srpvid=52a43c0f4b5000e9&srepoch=1737880390&all_sr_blocks=9045704_91908104_2_2_0&highlighted_blocks=9045704_91908104_2_2_0&matching_block_id=9045704_91908104_2_2_0&sr_pri_blocks=9045704_91908104_2_2_0__126091&from=searchresults
Hotel California,"Ciutat Vella, Barcelona",https://www.booking.com/hotel/es/california-barcelona.html?label=gen173nr-1BCAEoggI46AdSAnVzWARoRogBAZgBMbgBGcgBD9gBAegBAYgCAagCA7gCmuTXvAbAAgHSAiQ3NGM3OTk4Ni0yY2UyLTQ1NGYtOGQwZS1lZTU4ZTdhMDAwZTHYAgXgAgE&sid=735f077cb553f5b5fb1805efac5f4fa0&aid=304142&ucfs=1&arphpl=1&checkin=2025-04-01&checkout=2025-04-08&dest_id=-372490&dest_type=city&group_adults=2&req_adults=2&no_rooms=1&group_children=0&req_children=0&hpos=24&hapos=399&sr_order=popularity&srpvid=52a43c0f4b5000e9&srepoch=1737880390&all_sr_blocks=68968503_88210446_0_1_0_559684&highlighted_blocks=68968503_88210446_0_1_0_559684&matching_block_id=68968503_88210446_0_1_0_559684&sr_pri_blocks=68968503_88210446_0_1_0_559684_198647&from=searchresults
Habitat Apartments Paseo de Gracia,"Eixample, Barcelona",https://www.booking.com/hotel/es/habitat-apartments-paseo-de-gracia.html?label=gen173nr-1BCAEoggI46AdSAnVzWARoRogBAZgBMbgBGcgBD9gBAegBAYgCAagCA7gCmuTXvAbAAgHSAiQ3NGM3OTk4Ni0yY2UyLTQ1NGYtOGQwZS1lZTU4ZTdhMDAwZTHYAgXgAgE&sid=735f077cb553f5b5fb1805efac5f4fa0&aid=304142&ucfs=1&arphpl=1&checkin=2025-04-01&checkout=2025-04-08&dest_id=-372490&dest_type=city&group_adults=2&req_adults=2&no_rooms=1&group_children=0&req_children=0&hpos=25&hapos=400&sr_order=popularity&srpvid=52a43c0f4b5000e9&srepoch=1737880390&all_sr_blocks=72440301_88418296_0_0_0&highlighted_blocks=72440301_88418296_0_0_0&matching_block_id=72440301_88418296_0_0_0&sr_pri_blocks=72440301_88418296_0_0_0__199394&from=searchresults
Feelathome Poblenou Beach Apartments,"Sant Martí, Barcelona",https://www.booking.com/hotel/es/feelathome-poblenou-beach-apartments.html?label=gen173nr-1BCAEoggI46AdSAnVzWARoRogBAZgBMbgBGcgBD9gBAegBAYgCAagCA7gCmuTXvAbAAgHSAiQ3NGM3OTk4Ni0yY2UyLTQ1NGYtOGQwZS1lZTU4ZTdhMDAwZTHYAgXgAgE&sid=735f077cb553f5b5fb1805efac5f4fa0&aid=304142&ucfs=1&arphpl=1&checkin=2025-04-01&checkout=2025-04-08&dest_id=-372490&dest_type=city&group_adults=2&req_adults=2&no_rooms=1&group_children=0&req_children=0&hpos=1&hapos=401&sr_order=popularity&srpvid=52a43c0f4b5000e9&srepoch=1737880392&all_sr_blocks=17288611_91464588_2_0_0&highlighted_blocks=17288611_91464588_2_0_0&matching_block_id=17288611_91464588_2_0_0&sr_pri_blocks=17288611_91464588_2_0_0__160574&from=searchresults
H10 Urquinaona Plaza,"Eixample, Barcelona",https://www.booking.com/hotel/es/h10-urquinaona-plaza.html?label=gen173nr-1BCAEoggI46AdSAnVzWARoRogBAZgBMbgBGcgBD9gBAegBAYgCAagCA7gCmuTXvAbAAgHSAiQ3NGM3OTk4Ni0yY2UyLTQ1NGYtOGQwZS1lZTU4ZTdhMDAwZTHYAgXgAgE&sid=735f077cb553f5b5fb1805efac5f4fa0&aid=304142&ucfs=1&arphpl=1&checkin=2025-04-01&checkout=2025-04-08&dest_id=-372490&dest_type=city&group_adults=2&req_adults=2&no_rooms=1&group_children=0&req_children=0&hpos=2&hapos=402&sr_order=popularity&srpvid=52a43c0f4b5000e9&srepoch=1737880392&all_sr_blocks=54161403_88210027_0_2_0_231245&highlighted_blocks=54161403_88210027_0_2_0_231245&matching_block_id=54161403_88210027_0_2_0_231245&sr_pri_blocks=54161403_88210027_0_2_0_231245_180953&from_sustainable_property_sr=1&from=searchresults
BBarcelona Urban Apartments,"Eixample, Barcelona",https://www.booking.com/hotel/es/bbarcelona-urban-apartment.html?label=gen173nr-1BCAEoggI46AdSAnVzWARoRogBAZgBMbgBGcgBD9gBAegBAYgCAagCA7gCmuTXvAbAAgHSAiQ3NGM3OTk4Ni0yY2UyLTQ1NGYtOGQwZS1lZTU4ZTdhMDAwZTHYAgXgAgE&sid=735f077cb553f5b5fb1805efac5f4fa0&aid=304142&ucfs=1&arphpl=1&checkin=2025-04-01&checkout=2025-04-08&dest_id=-372490&dest_type=city&group_adults=2&req_adults=2&no_rooms=1&group_children=0&req_children=0&hpos=3&hapos=403&sr_order=popularity&srpvid=52a43c0f4b5000e9&srepoch=1737880392&all_sr_blocks=1208756103_393095969_2_0_0&highlighted_blocks=1208756103_393095969_2_0_0&matching_block_id=1208756103_393095969_2_0_0&sr_pri_blocks=1208756103_393095969_2_0_0__149489&from=searchresults
TSA La Rosa,"Gràcia, Barcelona",https://www.booking.com/hotel/es/no-11-the-streets-apartments.html?label=gen173nr-1BCAEoggI46AdSAnVzWARoRogBAZgBMbgBGcgBD9gBAegBAYgCAagCA7gCmuTXvAbAAgHSAiQ3NGM3OTk4Ni0yY2UyLTQ1NGYtOGQwZS1lZTU4ZTdhMDAwZTHYAgXgAgE&sid=735f077cb553f5b5fb1805efac5f4fa0&aid=304142&ucfs=1&arphpl=1&checkin=2025-04-01&checkout=2025-04-08&dest_id=-372490&dest_type=city&group_adults=2&req_adults=2&no_rooms=1&group_children=0&req_children=0&hpos=4&hapos=404&sr_order=popularity&srpvid=52a43c0f4b5000e9&srepoch=1737880392&all_sr_blocks=396952301_123115794_2_0_0&highlighted_blocks=396952301_123115794_2_0_0&matching_block_id=396952301_123115794_2_0_0&sr_pri_blocks=396952301_123115794_2_0_0__206668&from=searchresults
Vincci Maritimo,"Sant Martí, Barcelona",https://www.booking.com/hotel/es/vinccimaritimo.html?label=gen173nr-1BCAEoggI46AdSAnVzWARoRogBAZgBMbgBGcgBD9gBAegBAYgCAagCA7gCmuTXvAbAAgHSAiQ3NGM3OTk4Ni0yY2UyLTQ1NGYtOGQwZS1lZTU4ZTdhMDAwZTHYAgXgAgE&sid=735f077cb553f5b5fb1805efac5f4fa0&aid=304142&ucfs=1&arphpl=1&checkin=2025-04-01&checkout=2025-04-08&dest_id=-372490&dest_type=city&group_adults=2&req_adults=2&no_rooms=1&group_children=0&req_children=0&hpos=5&hapos=405&sr_order=popularity&srpvid=52a43c0f4b5000e9&srepoch=1737880392&all_sr_blocks=9117502_401721053_0_2_0_203780&highlighted_blocks=9117502_401721053_0_2_0_203780&matching_block_id=9117502_401721053_0_2_0_203780&sr_pri_blocks=9117502_401721053_0_2_0_203780_191711&from_sustainable_property_sr=1&from=searchresults
AG Apartments,"Sants-Montjuïc, Barcelona",https://www.booking.com/hotel/es/excellence-barcelona.html?label=gen173nr-1BCAEoggI46AdSAnVzWARoRogBAZgBMbgBGcgBD9gBAegBAYgCAagCA7gCmuTXvAbAAgHSAiQ3NGM3OTk4Ni0yY2UyLTQ1NGYtOGQwZS1lZTU4ZTdhMDAwZTHYAgXgAgE&sid=735f077cb553f5b5fb1805efac5f4fa0&aid=304142&ucfs=1&arphpl=1&checkin=2025-04-01&checkout=2025-04-08&dest_id=-372490&dest_type=city&group_adults=2&req_adults=2&no_rooms=1&group_children=0&req_children=0&hpos=6&hapos=406&sr_order=popularity&srpvid=52a43c0f4b5000e9&srepoch=1737880392&all_sr_blocks=83726540_92858584_2_0_0&highlighted_blocks=83726540_92858584_2_0_0&matching_block_id=83726540_92858584_2_0_0&sr_pri_blocks=83726540_92858584_2_0_0__186532&from=searchresults
Hostal Barcelona,"Sants-Montjuïc, Barcelona",https://www.booking.com/hotel/es/hostal-barcelona.html?label=gen173nr-1BCAEoggI46AdSAnVzWARoRogBAZgBMbgBGcgBD9gBAegBAYgCAagCA7gCmuTXvAbAAgHSAiQ3NGM3OTk4Ni0yY2UyLTQ1NGYtOGQwZS1lZTU4ZTdhMDAwZTHYAgXgAgE&sid=735f077cb553f5b5fb1805efac5f4fa0&aid=304142&ucfs=1&arphpl=1&checkin=2025-04-01&checkout=2025-04-08&dest_id=-372490&dest_type=city&group_adults=2&req_adults=2&no_rooms=1&group_children=0&req_children=0&hpos=7&hapos=407&sr_order=popularity&srpvid=52a43c0f4b5000e9&srepoch=1737880392&all_sr_blocks=25152904_91915079_2_2_0&highlighted_blocks=25152904_91915079_2_2_0&matching_block_id=25152904_91915079_2_2_0&sr_pri_blocks=25152904_91915079_2_2_0__89000&from=searchresults
Gran Hotel Barcino,"Ciutat Vella, Barcelona",https://www.booking.com/hotel/es/gran-barcino.html?label=gen173nr-1BCAEoggI46AdSAnVzWARoRogBAZgBMbgBGcgBD9gBAegBAYgCAagCA7gCmuTXvAbAAgHSAiQ3NGM3OTk4Ni0yY2UyLTQ1NGYtOGQwZS1lZTU4ZTdhMDAwZTHYAgXgAgE&sid=735f077cb553f5b5fb1805efac5f4fa0&aid=304142&ucfs=1&arphpl=1&checkin=2025-04-01&checkout=2025-04-08&dest_id=-372490&dest_type=city&group_adults=2&req_adults=2&no_rooms=1&group_children=0&req_children=0&hpos=8&hapos=408&sr_order=popularity&srpvid=52a43c0f4b5000e9&srepoch=1737880392&all_sr_blocks=9241002_88154456_2_2_0_311531&highlighted_blocks=9241002_88154456_2_2_0_311531&matching_block_id=9241002_88154456_2_2_0_311531&sr_pri_blocks=9241002_88154456_2_2_0_311531_157020&from=searchresults
Catalonia La Maquinista,"Sant Andreu, Barcelona",https://www.booking.com/hotel/es/catalonialamaquinista.html?label=gen173nr-1BCAEoggI46AdSAnVzWARoRogBAZgBMbgBGcgBD9gBAegBAYgCAagCA7gCmuTXvAbAAgHSAiQ3NGM3OTk4Ni0yY2UyLTQ1NGYtOGQwZS1lZTU4ZTdhMDAwZTHYAgXgAgE&sid=735f077cb553f5b5fb1805efac5f4fa0&aid=304142&ucfs=1&arphpl=1&checkin=2025-04-01&checkout=2025-04-08&dest_id=-372490&dest_type=city&group_adults=2&req_adults=2&no_rooms=1&group_children=0&req_children=0&hpos=9&hapos=409&sr_order=popularity&srpvid=52a43c0f4b5000e9&srepoch=1737880392&all_sr_blocks=9083702_94109935_0_2_0&highlighted_blocks=9083702_94109935_0_2_0&matching_block_id=9083702_94109935_0_2_0&sr_pri_blocks=9083702_94109935_0_2_0__105078&from_sustainable_property_sr=1&from=searchresults
We Boutique Hotel Barcelona,"Eixample, Barcelona",https://www.booking.com/hotel/es/pillow-rooms-barcelona1.html?label=gen173nr-1BCAEoggI46AdSAnVzWARoRogBAZgBMbgBGcgBD9gBAegBAYgCAagCA7gCmuTXvAbAAgHSAiQ3NGM3OTk4Ni0yY2UyLTQ1NGYtOGQwZS1lZTU4ZTdhMDAwZTHYAgXgAgE&sid=735f077cb553f5b5fb1805efac5f4fa0&aid=304142&ucfs=1&arphpl=1&checkin=2025-04-01&checkout=2025-04-08&dest_id=-372490&dest_type=city&group_adults=2&req_adults=2&no_rooms=1&group_children=0&req_children=0&hpos=10&hapos=410&sr_order=popularity&srpvid=52a43c0f4b5000e9&srepoch=1737880392&all_sr_blocks=74373403_333048639_0_1_0&highlighted_blocks=74373403_333048639_0_1_0&matching_block_id=74373403_333048639_0_1_0&sr_pri_blocks=74373403_333048639_0_1_0__235928&from=searchresults
Hotel Nuevo Triunfo,"Sants-Montjuïc, Barcelona",https://www.booking.com/hotel/es/nuevotriunfo.html?label=gen173nr-1BCAEoggI46AdSAnVzWARoRogBAZgBMbgBGcgBD9gBAegBAYgCAagCA7gCmuTXvAbAAgHSAiQ3NGM3OTk4Ni0yY2UyLTQ1NGYtOGQwZS1lZTU4ZTdhMDAwZTHYAgXgAgE&sid=735f077cb553f5b5fb1805efac5f4fa0&aid=304142&ucfs=1&arphpl=1&checkin=2025-04-01&checkout=2025-04-08&dest_id=-372490&dest_type=city&group_adults=2&req_adults=2&no_rooms=1&group_children=0&req_children=0&hpos=11&hapos=411&sr_order=popularity&srpvid=52a43c0f4b5000e9&srepoch=1737880392&all_sr_blocks=9037403_394284124_0_2_0&highlighted_blocks=9037403_394284124_0_2_0&matching_block_id=9037403_394284124_0_2_0&sr_pri_blocks=9037403_394284124_0_2_0__199310&from=searchresults
45 Times Barcelona Hotel,"Eixample, Barcelona",https://www.booking.com/hotel/es/45-times-barcelona-hotel.html?label=gen173nr-1BCAEoggI46AdSAnVzWARoRogBAZgBMbgBGcgBD9gBAegBAYgCAagCA7gCmuTXvAbAAgHSAiQ3NGM3OTk4Ni0yY2UyLTQ1NGYtOGQwZS1lZTU4ZTdhMDAwZTHYAgXgAgE&sid=735f077cb553f5b5fb1805efac5f4fa0&aid=304142&ucfs=1&arphpl=1&checkin=2025-04-01&checkout=2025-04-08&dest_id=-372490&dest_type=city&group_adults=2&req_adults=2&no_rooms=1&group_children=0&req_children=0&hpos=12&hapos=412&sr_order=popularity&srpvid=52a43c0f4b5000e9&srepoch=1737880392&all_sr_blocks=255329701_245098339_2_2_0_313494&highlighted_blocks=255329701_245098339_2_2_0_313494&matching_block_id=255329701_245098339_2_2_0_313494&sr_pri_blocks=255329701_245098339_2_2_0_313494_222173&from_sustainable_property_sr=1&from=searchresults
MUNTANYA - Apartment with balcony Sagrada Familia,"Sant Martí, Barcelona",https://www.booking.com/hotel/es/higuests-vacation-homes-carrer-muntanya.html?label=gen173nr-1BCAEoggI46AdSAnVzWARoRogBAZgBMbgBGcgBD9gBAegBAYgCAagCA7gCmuTXvAbAAgHSAiQ3NGM3OTk4Ni0yY2UyLTQ1NGYtOGQwZS1lZTU4ZTdhMDAwZTHYAgXgAgE&sid=735f077cb553f5b5fb1805efac5f4fa0&aid=304142&ucfs=1&arphpl=1&checkin=2025-04-01&checkout=2025-04-08&dest_id=-372490&dest_type=city&group_adults=2&req_adults=2&no_rooms=1&group_children=0&req_children=0&hpos=13&hapos=413&sr_order=popularity&srpvid=52a43c0f4b5000e9&srepoch=1737880392&all_sr_blocks=662352603_270976174_3_0_0&highlighted_blocks=662352603_270976174_3_0_0&matching_block_id=662352603_270976174_3_0_0&sr_pri_blocks=662352603_270976174_3_0_0__100672&from=searchresults
Barcelona Apartment Gran de Gràcia,"Gràcia, Barcelona",https://www.booking.com/hotel/es/gran-de-gracia.html?label=gen173nr-1BCAEoggI46AdSAnVzWARoRogBAZgBMbgBGcgBD9gBAegBAYgCAagCA7gCmuTXvAbAAgHSAiQ3NGM3OTk4Ni0yY2UyLTQ1NGYtOGQwZS1lZTU4ZTdhMDAwZTHYAgXgAgE&sid=735f077cb553f5b5fb1805efac5f4fa0&aid=304142&ucfs=1&arphpl=1&checkin=2025-04-01&checkout=2025-04-08&dest_id=-372490&dest_type=city&group_adults=2&req_adults=2&no_rooms=1&group_children=0&req_children=0&hpos=14&hapos=414&sr_order=popularity&srpvid=52a43c0f4b5000e9&srepoch=1737880392&all_sr_blocks=37372301_105785774_0_0_0&highlighted_blocks=37372301_105785774_0_0_0&matching_block_id=37372301_105785774_0_0_0&sr_pri_blocks=37372301_105785774_0_0_0__166882&from=searchresults
Hotel Monegal,"Ciutat Vella, Barcelona",https://www.booking.com/hotel/es/monegal.html?label=gen173nr-1BCAEoggI46AdSAnVzWARoRogBAZgBMbgBGcgBD9gBAegBAYgCAagCA7gCmuTXvAbAAgHSAiQ3NGM3OTk4Ni0yY2UyLTQ1NGYtOGQwZS1lZTU4ZTdhMDAwZTHYAgXgAgE&sid=735f077cb553f5b5fb1805efac5f4fa0&aid=304142&ucfs=1&arphpl=1&checkin=2025-04-01&checkout=2025-04-08&dest_id=-372490&dest_type=city&group_adults=2&req_adults=2&no_rooms=1&group_children=0&req_children=0&hpos=15&hapos=415&sr_order=popularity&srpvid=52a43c0f4b5000e9&srepoch=1737880392&all_sr_blocks=9043504_117716363_0_0_0&highlighted_blocks=9043504_117716363_0_0_0&matching_block_id=9043504_117716363_0_0_0&sr_pri_blocks=9043504_117716363_0_0_0__122000&from=searchresults
Aspasios Rambla Catalunya Apartments,"Eixample, Barcelona",https://www.booking.com/hotel/es/aspasios-rambla-catalunya-suites.html?label=gen173nr-1BCAEoggI46AdSAnVzWARoRogBAZgBMbgBGcgBD9gBAegBAYgCAagCA7gCmuTXvAbAAgHSAiQ3NGM3OTk4Ni0yY2UyLTQ1NGYtOGQwZS1lZTU4ZTdhMDAwZTHYAgXgAgE&sid=735f077cb553f5b5fb1805efac5f4fa0&aid=304142&ucfs=1&arphpl=1&checkin=2025-04-01&checkout=2025-04-08&dest_id=-372490&dest_type=city&group_adults=2&req_adults=2&no_rooms=1&group_children=0&req_children=0&hpos=16&hapos=416&sr_order=popularity&srpvid=52a43c0f4b5000e9&srepoch=1737880392&all_sr_blocks=40199219_88209110_3_0_0&highlighted_blocks=40199219_88209110_3_0_0&matching_block_id=40199219_88209110_3_0_0&sr_pri_blocks=40199219_88209110_3_0_0__185132&from=searchresults
Bed&BCN Gracia III,"Gràcia, Barcelona",https://www.booking.com/hotel/es/bed-amp-bcn-gracia-iii.html?label=gen173nr-1BCAEoggI46AdSAnVzWARoRogBAZgBMbgBGcgBD9gBAegBAYgCAagCA7gCmuTXvAbAAgHSAiQ3NGM3OTk4Ni0yY2UyLTQ1NGYtOGQwZS1lZTU4ZTdhMDAwZTHYAgXgAgE&sid=735f077cb553f5b5fb1805efac5f4fa0&aid=304142&ucfs=1&arphpl=1&checkin=2025-04-01&checkout=2025-04-08&dest_id=-372490&dest_type=city&group_adults=2&req_adults=2&no_rooms=1&group_children=0&req_children=0&hpos=17&hapos=417&sr_order=popularity&srpvid=52a43c0f4b5000e9&srepoch=1737880392&all_sr_blocks=653111701_392344766_0_0_0&highlighted_blocks=653111701_392344766_0_0_0&matching_block_id=653111701_392344766_0_0_0&sr_pri_blocks=653111701_392344766_0_0_0__126108&from=searchresults
Hotel Roger de Llúria,"Eixample, Barcelona",https://www.booking.com/hotel/es/rogerdelluria.html?label=gen173nr-1BCAEoggI46AdSAnVzWARoRogBAZgBMbgBGcgBD9gBAegBAYgCAagCA7gCmuTXvAbAAgHSAiQ3NGM3OTk4Ni0yY2UyLTQ1NGYtOGQwZS1lZTU4ZTdhMDAwZTHYAgXgAgE&sid=735f077cb553f5b5fb1805efac5f4fa0&aid=304142&ucfs=1&arphpl=1&checkin=2025-04-01&checkout=2025-04-08&dest_id=-372490&dest_type=city&group_adults=2&req_adults=2&no_rooms=1&group_children=0&req_children=0&hpos=18&hapos=418&sr_order=popularity&srpvid=52a43c0f4b5000e9&srepoch=1737880392&all_sr_blocks=9142711_220781916_0_2_0&highlighted_blocks=9142711_220781916_0_2_0&matching_block_id=9142711_220781916_0_2_0&sr_pri_blocks=9142711_220781916_0_2_0__258164&from=searchresults
Cien,"Eixample, Barcelona",https://www.booking.com/hotel/es/cien.html?label=gen173nr-1BCAEoggI46AdSAnVzWARoRogBAZgBMbgBGcgBD9gBAegBAYgCAagCA7gCmuTXvAbAAgHSAiQ3NGM3OTk4Ni0yY2UyLTQ1NGYtOGQwZS1lZTU4ZTdhMDAwZTHYAgXgAgE&sid=735f077cb553f5b5fb1805efac5f4fa0&aid=304142&ucfs=1&arphpl=1&checkin=2025-04-01&checkout=2025-04-08&dest_id=-372490&dest_type=city&group_adults=2&req_adults=2&no_rooms=1&group_children=0&req_children=0&hpos=19&hapos=419&sr_order=popularity&srpvid=52a43c0f4b5000e9&srepoch=1737880392&all_sr_blocks=45886503_89891387_0_1_0&highlighted_blocks=45886503_89891387_0_1_0&matching_block_id=45886503_89891387_0_1_0&sr_pri_blocks=45886503_89891387_0_1_0__149900&from=searchresults
Feelathome Mozart Apartments,"Gràcia, Barcelona",https://www.booking.com/hotel/es/feelathome-mozart-apartments.html?label=gen173nr-1BCAEoggI46AdSAnVzWARoRogBAZgBMbgBGcgBD9gBAegBAYgCAagCA7gCmuTXvAbAAgHSAiQ3NGM3OTk4Ni0yY2UyLTQ1NGYtOGQwZS1lZTU4ZTdhMDAwZTHYAgXgAgE&sid=735f077cb553f5b5fb1805efac5f4fa0&aid=304142&ucfs=1&arphpl=1&checkin=2025-04-01&checkout=2025-04-08&dest_id=-372490&dest_type=city&group_adults=2&req_adults=2&no_rooms=1&group_children=0&req_children=0&hpos=20&hapos=420&sr_order=popularity&srpvid=52a43c0f4b5000e9&srepoch=1737880392&all_sr_blocks=118015601_88509497_2_0_0&highlighted_blocks=118015601_88509497_2_0_0&matching_block_id=118015601_88509497_2_0_0&sr_pri_blocks=118015601_88509497_2_0_0__179682&from=searchresults
HOSTAL BEDMATES,"Sants-Montjuïc, Barcelona",https://www.booking.com/hotel/es/hostal-bedmates.html?label=gen173nr-1BCAEoggI46AdSAnVzWARoRogBAZgBMbgBGcgBD9gBAegBAYgCAagCA7gCmuTXvAbAAgHSAiQ3NGM3OTk4Ni0yY2UyLTQ1NGYtOGQwZS1lZTU4ZTdhMDAwZTHYAgXgAgE&sid=735f077cb553f5b5fb1805efac5f4fa0&aid=304142&ucfs=1&arphpl=1&checkin=2025-04-01&checkout=2025-04-08&dest_id=-372490&dest_type=city&group_adults=2&req_adults=2&no_rooms=1&group_children=0&req_children=0&hpos=21&hapos=421&sr_order=popularity&srpvid=52a43c0f4b5000e9&srepoch=1737880392&all_sr_blocks=793447501_339200854_0_2_0&highlighted_blocks=793447501_339200854_0_2_0&matching_block_id=793447501_339200854_0_2_0&sr_pri_blocks=793447501_339200854_0_2_0__107996&from=searchresults
Inside Barcelona Apartments Mercat,"Ciutat Vella, Barcelona",https://www.booking.com/hotel/es/inside-bcn-apartments-mercat.html?label=gen173nr-1BCAEoggI46AdSAnVzWARoRogBAZgBMbgBGcgBD9gBAegBAYgCAagCA7gCmuTXvAbAAgHSAiQ3NGM3OTk4Ni0yY2UyLTQ1NGYtOGQwZS1lZTU4ZTdhMDAwZTHYAgXgAgE&sid=735f077cb553f5b5fb1805efac5f4fa0&aid=304142&ucfs=1&arphpl=1&checkin=2025-04-01&checkout=2025-04-08&dest_id=-372490&dest_type=city&group_adults=2&req_adults=2&no_rooms=1&group_children=0&req_children=0&hpos=22&hapos=422&sr_order=popularity&srpvid=52a43c0f4b5000e9&srepoch=1737880392&all_sr_blocks=28608802_88206329_2_0_0&highlighted_blocks=28608802_88206329_2_0_0&matching_block_id=28608802_88206329_2_0_0&sr_pri_blocks=28608802_88206329_2_0_0__161966&from=searchresults
"ApartEasy - Lightly, central and quiet apartment","Eixample, Barcelona",https://www.booking.com/hotel/es/aparteasy-lightly-central-and-quiet-apartment.html?label=gen173nr-1BCAEoggI46AdSAnVzWARoRogBAZgBMbgBGcgBD9gBAegBAYgCAagCA7gCmuTXvAbAAgHSAiQ3NGM3OTk4Ni0yY2UyLTQ1NGYtOGQwZS1lZTU4ZTdhMDAwZTHYAgXgAgE&sid=735f077cb553f5b5fb1805efac5f4fa0&aid=304142&ucfs=1&arphpl=1&checkin=2025-04-01&checkout=2025-04-08&dest_id=-372490&dest_type=city&group_adults=2&req_adults=2&no_rooms=1&group_children=0&req_children=0&hpos=23&hapos=423&sr_order=popularity&srpvid=52a43c0f4b5000e9&srepoch=1737880392&all_sr_blocks=1112145202_384298252_2_0_0&highlighted_blocks=1112145202_384298252_2_0_0&matching_block_id=1112145202_384298252_2_0_0&sr_pri_blocks=1112145202_384298252_2_0_0__99450&from=searchresults
Four Points by Sheraton Barcelona Diagonal,"Sant Martí, Barcelona",https://www.booking.com/hotel/es/diagonal-barcelona.html?label=gen173nr-1BCAEoggI46AdSAnVzWARoRogBAZgBMbgBGcgBD9gBAegBAYgCAagCA7gCmuTXvAbAAgHSAiQ3NGM3OTk4Ni0yY2UyLTQ1NGYtOGQwZS1lZTU4ZTdhMDAwZTHYAgXgAgE&sid=735f077cb553f5b5fb1805efac5f4fa0&aid=304142&ucfs=1&arphpl=1&checkin=2025-04-01&checkout=2025-04-08&dest_id=-372490&dest_type=city&group_adults=2&req_adults=2&no_rooms=1&group_children=0&req_children=0&hpos=24&hapos=424&sr_order=popularity&srpvid=52a43c0f4b5000e9&srepoch=1737880392&all_sr_blocks=9399715_93709768_0_2_0&highlighted_blocks=9399715_93709768_0_2_0&matching_block_id=9399715_93709768_0_2_0&sr_pri_blocks=9399715_93709768_0_2_0__149091&from_sustainable_property_sr=1&from=searchresults
chic&basic Reding,"Ciutat Vella, Barcelona",https://www.booking.com/hotel/es/occidentalreding.html?label=gen173nr-1BCAEoggI46AdSAnVzWARoRogBAZgBMbgBGcgBD9gBAegBAYgCAagCA7gCmuTXvAbAAgHSAiQ3NGM3OTk4Ni0yY2UyLTQ1NGYtOGQwZS1lZTU4ZTdhMDAwZTHYAgXgAgE&sid=735f077cb553f5b5fb1805efac5f4fa0&aid=304142&ucfs=1&arphpl=1&checkin=2025-04-01&checkout=2025-04-08&dest_id=-372490&dest_type=city&group_adults=2&req_adults=2&no_rooms=1&group_children=0&req_children=0&hpos=25&hapos=425&sr_order=popularity&srpvid=52a43c0f4b5000e9&srepoch=1737880392&all_sr_blocks=9060402_88181973_0_2_0&highlighted_blocks=9060402_88181973_0_2_0&matching_block_id=9060402_88181973_0_2_0&sr_pri_blocks=9060402_88181973_0_2_0__124200&from_sustainable_property_sr=1&from=searchresults
Aspasios Plaza Real Apartments,"Ciutat Vella, Barcelona",https://www.booking.com/hotel/es/mh-apartments-opera-rambla.html?label=gen173nr-1BCAEoggI46AdSAnVzWARoRogBAZgBMbgBGcgBD9gBAegBAYgCAagCA7gCmuTXvAbAAgHSAiQ3NGM3OTk4Ni0yY2UyLTQ1NGYtOGQwZS1lZTU4ZTdhMDAwZTHYAgXgAgE&sid=735f077cb553f5b5fb1805efac5f4fa0&aid=304142&ucfs=1&arphpl=1&checkin=2025-04-01&checkout=2025-04-08&dest_id=-372490&dest_type=city&group_adults=2&req_adults=2&no_rooms=1&group_children=0&req_children=0&hpos=1&hapos=426&sr_order=popularity&srpvid=52a43c0f4b5000e9&srepoch=1737880395&all_sr_blocks=41700901_88811556_3_0_0&highlighted_blocks=41700901_88811556_3_0_0&matching_block_id=41700901_88811556_3_0_0&sr_pri_blocks=41700901_88811556_3_0_0__151432&from=searchresults
Occidental Atenea Mar - Adults Only,"Sant Martí, Barcelona",https://www.booking.com/hotel/es/barcelo-atenea-mar.html?label=gen173nr-1BCAEoggI46AdSAnVzWARoRogBAZgBMbgBGcgBD9gBAegBAYgCAagCA7gCmuTXvAbAAgHSAiQ3NGM3OTk4Ni0yY2UyLTQ1NGYtOGQwZS1lZTU4ZTdhMDAwZTHYAgXgAgE&sid=735f077cb553f5b5fb1805efac5f4fa0&aid=304142&ucfs=1&arphpl=1&checkin=2025-04-01&checkout=2025-04-08&dest_id=-372490&dest_type=city&group_adults=2&req_adults=2&no_rooms=1&group_children=0&req_children=0&hpos=2&hapos=427&sr_order=popularity&srpvid=52a43c0f4b5000e9&srepoch=1737880395&all_sr_blocks=9250911_88192666_2_2_0_624781&highlighted_blocks=9250911_88192666_2_2_0_624781&matching_block_id=9250911_88192666_2_2_0_624781&sr_pri_blocks=9250911_88192666_2_2_0_624781_161328&from=searchresults
Hostal Lausanne,"Ciutat Vella, Barcelona",https://www.booking.com/hotel/es/hostal-lausanne.html?label=gen173nr-1BCAEoggI46AdSAnVzWARoRogBAZgBMbgBGcgBD9gBAegBAYgCAagCA7gCmuTXvAbAAgHSAiQ3NGM3OTk4Ni0yY2UyLTQ1NGYtOGQwZS1lZTU4ZTdhMDAwZTHYAgXgAgE&sid=735f077cb553f5b5fb1805efac5f4fa0&aid=304142&ucfs=1&arphpl=1&checkin=2025-04-01&checkout=2025-04-08&dest_id=-372490&dest_type=city&group_adults=2&req_adults=2&no_rooms=1&group_children=0&req_children=0&hpos=3&hapos=428&sr_order=popularity&srpvid=52a43c0f4b5000e9&srepoch=1737880395&all_sr_blocks=23531208_88204011_0_0_0&highlighted_blocks=23531208_88204011_0_0_0&matching_block_id=23531208_88204011_0_0_0&sr_pri_blocks=23531208_88204011_0_0_0__109820&from=searchresults
Provenza Flat,"Eixample, Barcelona",https://www.booking.com/hotel/es/provenza-flat.html?label=gen173nr-1BCAEoggI46AdSAnVzWARoRogBAZgBMbgBGcgBD9gBAegBAYgCAagCA7gCmuTXvAbAAgHSAiQ3NGM3OTk4Ni0yY2UyLTQ1NGYtOGQwZS1lZTU4ZTdhMDAwZTHYAgXgAgE&sid=735f077cb553f5b5fb1805efac5f4fa0&aid=304142&ucfs=1&arphpl=1&checkin=2025-04-01&checkout=2025-04-08&dest_id=-372490&dest_type=city&group_adults=2&req_adults=2&no_rooms=1&group_children=0&req_children=0&hpos=4&hapos=429&sr_order=popularity&srpvid=52a43c0f4b5000e9&srepoch=1737880395&all_sr_blocks=142671001_386271970_4_0_0&highlighted_blocks=142671001_386271970_4_0_0&matching_block_id=142671001_386271970_4_0_0&sr_pri_blocks=142671001_386271970_4_0_0__219632&from=searchresults
Free Hostels Barcelona,"Eixample, Barcelona",https://www.booking.com/hotel/es/free-hostels.html?label=gen173nr-1BCAEoggI46AdSAnVzWARoRogBAZgBMbgBGcgBD9gBAegBAYgCAagCA7gCmuTXvAbAAgHSAiQ3NGM3OTk4Ni0yY2UyLTQ1NGYtOGQwZS1lZTU4ZTdhMDAwZTHYAgXgAgE&sid=735f077cb553f5b5fb1805efac5f4fa0&aid=304142&ucfs=1&arphpl=1&checkin=2025-04-01&checkout=2025-04-08&dest_id=-372490&dest_type=city&group_adults=2&req_adults=2&no_rooms=1&group_children=0&req_children=0&hpos=5&hapos=430&sr_order=popularity&srpvid=52a43c0f4b5000e9&srepoch=1737880395&all_sr_blocks=91372206_379828003_0_0_0&highlighted_blocks=91372206_379828003_0_0_0&matching_block_id=91372206_379828003_0_0_0&sr_pri_blocks=91372206_379828003_0_0_0__142100&from=searchresults
Bonito alojamiento cerca de Plaza España,"Sants-Montjuïc, Barcelona",https://www.booking.com/hotel/es/bonito-alojamiento-cerca-de-plaza-espana.html?label=gen173nr-1BCAEoggI46AdSAnVzWARoRogBAZgBMbgBGcgBD9gBAegBAYgCAagCA7gCmuTXvAbAAgHSAiQ3NGM3OTk4Ni0yY2UyLTQ1NGYtOGQwZS1lZTU4ZTdhMDAwZTHYAgXgAgE&sid=735f077cb553f5b5fb1805efac5f4fa0&aid=304142&ucfs=1&arphpl=1&checkin=2025-04-01&checkout=2025-04-08&dest_id=-372490&dest_type=city&group_adults=2&req_adults=2&no_rooms=1&group_children=0&req_children=0&hpos=6&hapos=431&sr_order=popularity&srpvid=52a43c0f4b5000e9&srepoch=1737880395&all_sr_blocks=1226125801_394665654_2_0_0&highlighted_blocks=1226125801_394665654_2_0_0&matching_block_id=1226125801_394665654_2_0_0&sr_pri_blocks=1226125801_394665654_2_0_0__124882&from=searchresults
Fuster Apartments by Aspasios,"Eixample, Barcelona",https://www.booking.com/hotel/es/fuster-apartments.html?label=gen173nr-1BCAEoggI46AdSAnVzWARoRogBAZgBMbgBGcgBD9gBAegBAYgCAagCA7gCmuTXvAbAAgHSAiQ3NGM3OTk4Ni0yY2UyLTQ1NGYtOGQwZS1lZTU4ZTdhMDAwZTHYAgXgAgE&sid=735f077cb553f5b5fb1805efac5f4fa0&aid=304142&ucfs=1&arphpl=1&checkin=2025-04-01&checkout=2025-04-08&dest_id=-372490&dest_type=city&group_adults=2&req_adults=2&no_rooms=1&group_children=0&req_children=0&hpos=7&hapos=432&sr_order=popularity&srpvid=52a43c0f4b5000e9&srepoch=1737880395&all_sr_blocks=42060202_96152116_3_0_0&highlighted_blocks=42060202_96152116_3_0_0&matching_block_id=42060202_96152116_3_0_0&sr_pri_blocks=42060202_96152116_3_0_0__198532&from=searchresults
Aspasios Urquinaona Apartments,"Eixample, Barcelona",https://www.booking.com/hotel/es/aspasion-short-rentals-s-l.html?label=gen173nr-1BCAEoggI46AdSAnVzWARoRogBAZgBMbgBGcgBD9gBAegBAYgCAagCA7gCmuTXvAbAAgHSAiQ3NGM3OTk4Ni0yY2UyLTQ1NGYtOGQwZS1lZTU4ZTdhMDAwZTHYAgXgAgE&sid=735f077cb553f5b5fb1805efac5f4fa0&aid=304142&ucfs=1&arphpl=1&checkin=2025-04-01&checkout=2025-04-08&dest_id=-372490&dest_type=city&group_adults=2&req_adults=2&no_rooms=1&group_children=0&req_children=0&hpos=8&hapos=433&sr_order=popularity&srpvid=52a43c0f4b5000e9&srepoch=1737880395&all_sr_blocks=24329402_88204467_4_0_0&highlighted_blocks=24329402_88204467_4_0_0&matching_block_id=24329402_88204467_4_0_0&sr_pri_blocks=24329402_88204467_4_0_0__200532&from=searchresults
Hostal Nitzs Bcn,"Ciutat Vella, Barcelona",https://www.booking.com/hotel/es/hostal-nitzs-bcn.html?label=gen173nr-1BCAEoggI46AdSAnVzWARoRogBAZgBMbgBGcgBD9gBAegBAYgCAagCA7gCmuTXvAbAAgHSAiQ3NGM3OTk4Ni0yY2UyLTQ1NGYtOGQwZS1lZTU4ZTdhMDAwZTHYAgXgAgE&sid=735f077cb553f5b5fb1805efac5f4fa0&aid=304142&ucfs=1&arphpl=1&checkin=2025-04-01&checkout=2025-04-08&dest_id=-372490&dest_type=city&group_adults=2&req_adults=2&no_rooms=1&group_children=0&req_children=0&hpos=9&hapos=434&sr_order=popularity&srpvid=52a43c0f4b5000e9&srepoch=1737880395&all_sr_blocks=23655501_91913184_0_0_0&highlighted_blocks=23655501_91913184_0_0_0&matching_block_id=23655501_91913184_0_0_0&sr_pri_blocks=23655501_91913184_0_0_0__86370&from=searchresults
Eric Vökel Boutique Apartments - Gran Vía Suites,"Eixample, Barcelona",https://www.booking.com/hotel/es/eric-vokel-gran-via-suites.html?label=gen173nr-1BCAEoggI46AdSAnVzWARoRogBAZgBMbgBGcgBD9gBAegBAYgCAagCA7gCmuTXvAbAAgHSAiQ3NGM3OTk4Ni0yY2UyLTQ1NGYtOGQwZS1lZTU4ZTdhMDAwZTHYAgXgAgE&sid=735f077cb553f5b5fb1805efac5f4fa0&aid=304142&ucfs=1&arphpl=1&checkin=2025-04-01&checkout=2025-04-08&dest_id=-372490&dest_type=city&group_adults=2&req_adults=2&no_rooms=1&group_children=0&req_children=0&hpos=10&hapos=435&sr_order=popularity&srpvid=52a43c0f4b5000e9&srepoch=1737880395&all_sr_blocks=29237006_88206456_2_0_0&highlighted_blocks=29237006_88206456_2_0_0&matching_block_id=29237006_88206456_2_0_0&sr_pri_blocks=29237006_88206456_2_0_0__173194&from=searchresults
Suites Center Barcelona,"Gràcia, Barcelona",https://www.booking.com/hotel/es/suites-center-barcelona.html?label=gen173nr-1BCAEoggI46AdSAnVzWARoRogBAZgBMbgBGcgBD9gBAegBAYgCAagCA7gCmuTXvAbAAgHSAiQ3NGM3OTk4Ni0yY2UyLTQ1NGYtOGQwZS1lZTU4ZTdhMDAwZTHYAgXgAgE&sid=735f077cb553f5b5fb1805efac5f4fa0&aid=304142&ucfs=1&arphpl=1&checkin=2025-04-01&checkout=2025-04-08&dest_id=-372490&dest_type=city&group_adults=2&req_adults=2&no_rooms=1&group_children=0&req_children=0&hpos=11&hapos=436&sr_order=popularity&srpvid=52a43c0f4b5000e9&srepoch=1737880395&all_sr_blocks=24684001_100354329_0_2_0_411219&highlighted_blocks=24684001_100354329_0_2_0_411219&matching_block_id=24684001_100354329_0_2_0_411219&sr_pri_blocks=24684001_100354329_0_2_0_411219_227450&from=searchresults
Chi,"Eixample, Barcelona",https://www.booking.com/hotel/es/chi.html?label=gen173nr-1BCAEoggI46AdSAnVzWARoRogBAZgBMbgBGcgBD9gBAegBAYgCAagCA7gCmuTXvAbAAgHSAiQ3NGM3OTk4Ni0yY2UyLTQ1NGYtOGQwZS1lZTU4ZTdhMDAwZTHYAgXgAgE&sid=735f077cb553f5b5fb1805efac5f4fa0&aid=304142&ucfs=1&arphpl=1&checkin=2025-04-01&checkout=2025-04-08&dest_id=-372490&dest_type=city&group_adults=2&req_adults=2&no_rooms=1&group_children=0&req_children=0&hpos=12&hapos=437&sr_order=popularity&srpvid=52a43c0f4b5000e9&srepoch=1737880395&all_sr_blocks=174520401_90631264_2_2_0&highlighted_blocks=174520401_90631264_2_2_0&matching_block_id=174520401_90631264_2_2_0&sr_pri_blocks=174520401_90631264_2_2_0__149737&from=searchresults
Sunotel Club Central,"Eixample, Barcelona",https://www.booking.com/hotel/es/sunotel-club-central.html?label=gen173nr-1BCAEoggI46AdSAnVzWARoRogBAZgBMbgBGcgBD9gBAegBAYgCAagCA7gCmuTXvAbAAgHSAiQ3NGM3OTk4Ni0yY2UyLTQ1NGYtOGQwZS1lZTU4ZTdhMDAwZTHYAgXgAgE&sid=735f077cb553f5b5fb1805efac5f4fa0&aid=304142&ucfs=1&arphpl=1&checkin=2025-04-01&checkout=2025-04-08&dest_id=-372490&dest_type=city&group_adults=2&req_adults=2&no_rooms=1&group_children=0&req_children=0&hpos=13&hapos=438&sr_order=popularity&srpvid=52a43c0f4b5000e9&srepoch=1737880395&all_sr_blocks=54199001_88155218_0_2_0&highlighted_blocks=54199001_88155218_0_2_0&matching_block_id=54199001_88155218_0_2_0&sr_pri_blocks=54199001_88155218_0_2_0__149178&from=searchresults
AMISTAT City Hostel Barcelona,"Sant Andreu, Barcelona",https://www.booking.com/hotel/es/amistat-city-hostel-barcelona.html?label=gen173nr-1BCAEoggI46AdSAnVzWARoRogBAZgBMbgBGcgBD9gBAegBAYgCAagCA7gCmuTXvAbAAgHSAiQ3NGM3OTk4Ni0yY2UyLTQ1NGYtOGQwZS1lZTU4ZTdhMDAwZTHYAgXgAgE&sid=735f077cb553f5b5fb1805efac5f4fa0&aid=304142&ucfs=1&arphpl=1&checkin=2025-04-01&checkout=2025-04-08&dest_id=-372490&dest_type=city&group_adults=2&req_adults=2&no_rooms=1&group_children=0&req_children=0&hpos=14&hapos=439&sr_order=popularity&srpvid=52a43c0f4b5000e9&srepoch=1737880395&all_sr_blocks=1157136218_388486932_2_2_0_290170&highlighted_blocks=1157136218_388486932_2_2_0_290170&matching_block_id=1157136218_388486932_2_2_0_290170&sr_pri_blocks=1157136218_388486932_2_2_0_290170_99770&from=searchresults
Barcelona4Seasons - Sagrada Familia,"Eixample, Barcelona",https://www.booking.com/hotel/es/barcelona4seasons.html?label=gen173nr-1BCAEoggI46AdSAnVzWARoRogBAZgBMbgBGcgBD9gBAegBAYgCAagCA7gCmuTXvAbAAgHSAiQ3NGM3OTk4Ni0yY2UyLTQ1NGYtOGQwZS1lZTU4ZTdhMDAwZTHYAgXgAgE&sid=735f077cb553f5b5fb1805efac5f4fa0&aid=304142&ucfs=1&arphpl=1&checkin=2025-04-01&checkout=2025-04-08&dest_id=-372490&dest_type=city&group_adults=2&req_adults=2&no_rooms=1&group_children=0&req_children=0&hpos=15&hapos=440&sr_order=popularity&srpvid=52a43c0f4b5000e9&srepoch=1737880395&all_sr_blocks=9475627_363243386_4_0_0_476183&highlighted_blocks=9475627_363243386_4_0_0_476183&matching_block_id=9475627_363243386_4_0_0_476183&sr_pri_blocks=9475627_363243386_4_0_0_476183_175932&from=searchresults
"SANT ANTONI HOSTAL, Sustainable Tourism","Eixample, Barcelona",https://www.booking.com/hotel/es/pension-sant-antoni-barcelona.html?label=gen173nr-1BCAEoggI46AdSAnVzWARoRogBAZgBMbgBGcgBD9gBAegBAYgCAagCA7gCmuTXvAbAAgHSAiQ3NGM3OTk4Ni0yY2UyLTQ1NGYtOGQwZS1lZTU4ZTdhMDAwZTHYAgXgAgE&sid=735f077cb553f5b5fb1805efac5f4fa0&aid=304142&ucfs=1&arphpl=1&checkin=2025-04-01&checkout=2025-04-08&dest_id=-372490&dest_type=city&group_adults=2&req_adults=2&no_rooms=1&group_children=0&req_children=0&hpos=16&hapos=441&sr_order=popularity&srpvid=52a43c0f4b5000e9&srepoch=1737880395&all_sr_blocks=849827501_352190093_2_1_0&highlighted_blocks=849827501_352190093_2_1_0&matching_block_id=849827501_352190093_2_1_0&sr_pri_blocks=849827501_352190093_2_1_0__87474&from=searchresults
Condes de Barcelona,"Eixample, Barcelona",https://www.booking.com/hotel/es/condes-de-barcelona.html?label=gen173nr-1BCAEoggI46AdSAnVzWARoRogBAZgBMbgBGcgBD9gBAegBAYgCAagCA7gCmuTXvAbAAgHSAiQ3NGM3OTk4Ni0yY2UyLTQ1NGYtOGQwZS1lZTU4ZTdhMDAwZTHYAgXgAgE&sid=735f077cb553f5b5fb1805efac5f4fa0&aid=304142&ucfs=1&arphpl=1&checkin=2025-04-01&checkout=2025-04-08&dest_id=-372490&dest_type=city&group_adults=2&req_adults=2&no_rooms=1&group_children=0&req_children=0&hpos=17&hapos=442&sr_order=popularity&srpvid=52a43c0f4b5000e9&srepoch=1737880395&all_sr_blocks=9278201_88192966_0_2_0_538973&highlighted_blocks=9278201_88192966_0_2_0_538973&matching_block_id=9278201_88192966_0_2_0_538973&sr_pri_blocks=9278201_88192966_0_2_0_538973_209028&from=searchresults
"Ferienwohnung für 3 Personen ca 40 qm in Barcelona-Gràcia, Costa Brava Costa del Maresme - b62772","Gràcia, Barcelona",https://www.booking.com/hotel/es/ferienwohnung-fur-3-personen-ca-40-qm-in-barcelona-gracia-costa-brava-barcelona3.html?label=gen173nr-1BCAEoggI46AdSAnVzWARoRogBAZgBMbgBGcgBD9gBAegBAYgCAagCA7gCmuTXvAbAAgHSAiQ3NGM3OTk4Ni0yY2UyLTQ1NGYtOGQwZS1lZTU4ZTdhMDAwZTHYAgXgAgE&sid=735f077cb553f5b5fb1805efac5f4fa0&aid=304142&ucfs=1&arphpl=1&checkin=2025-04-01&checkout=2025-04-08&dest_id=-372490&dest_type=city&group_adults=2&req_adults=2&no_rooms=1&group_children=0&req_children=0&hpos=18&hapos=443&sr_order=popularity&srpvid=52a43c0f4b5000e9&srepoch=1737880395&all_sr_blocks=1184010802_406944185_3_0_0&highlighted_blocks=1184010802_406944185_3_0_0&matching_block_id=1184010802_406944185_3_0_0&sr_pri_blocks=1184010802_406944185_3_0_0__133773&from=searchresults
Ilunion Barcelona,"Sant Martí, Barcelona",https://www.booking.com/hotel/es/confortel-barcelona.html?label=gen173nr-1BCAEoggI46AdSAnVzWARoRogBAZgBMbgBGcgBD9gBAegBAYgCAagCA7gCmuTXvAbAAgHSAiQ3NGM3OTk4Ni0yY2UyLTQ1NGYtOGQwZS1lZTU4ZTdhMDAwZTHYAgXgAgE&sid=735f077cb553f5b5fb1805efac5f4fa0&aid=304142&ucfs=1&arphpl=1&checkin=2025-04-01&checkout=2025-04-08&dest_id=-372490&dest_type=city&group_adults=2&req_adults=2&no_rooms=1&group_children=0&req_children=0&hpos=19&hapos=444&sr_order=popularity&srpvid=52a43c0f4b5000e9&srepoch=1737880395&all_sr_blocks=1223901_391347007_0_2_0_311296&highlighted_blocks=1223901_391347007_0_2_0_311296&matching_block_id=1223901_391347007_0_2_0_311296&sr_pri_blocks=1223901_391347007_0_2_0_311296_167063&from=searchresults
LEPANTO APARTMENTS 150m FROM SAGRADA FAMILIA,"Eixample, Barcelona",https://www.booking.com/hotel/es/apartment-only-150m-from-sagrada-familia.html?label=gen173nr-1BCAEoggI46AdSAnVzWARoRogBAZgBMbgBGcgBD9gBAegBAYgCAagCA7gCmuTXvAbAAgHSAiQ3NGM3OTk4Ni0yY2UyLTQ1NGYtOGQwZS1lZTU4ZTdhMDAwZTHYAgXgAgE&sid=735f077cb553f5b5fb1805efac5f4fa0&aid=304142&ucfs=1&arphpl=1&checkin=2025-04-01&checkout=2025-04-08&dest_id=-372490&dest_type=city&group_adults=2&req_adults=2&no_rooms=1&group_children=0&req_children=0&hpos=20&hapos=445&sr_order=popularity&srpvid=52a43c0f4b5000e9&srepoch=1737880395&all_sr_blocks=881945002_357545245_2_0_0&highlighted_blocks=881945002_357545245_2_0_0&matching_block_id=881945002_357545245_2_0_0&sr_pri_blocks=881945002_357545245_2_0_0__129747&from=searchresults
Top Barcelona Apartments,"Ciutat Vella, Barcelona",https://www.booking.com/hotel/es/barcelona-center-tallers.html?label=gen173nr-1BCAEoggI46AdSAnVzWARoRogBAZgBMbgBGcgBD9gBAegBAYgCAagCA7gCmuTXvAbAAgHSAiQ3NGM3OTk4Ni0yY2UyLTQ1NGYtOGQwZS1lZTU4ZTdhMDAwZTHYAgXgAgE&sid=735f077cb553f5b5fb1805efac5f4fa0&aid=304142&ucfs=1&arphpl=1&checkin=2025-04-01&checkout=2025-04-08&dest_id=-372490&dest_type=city&group_adults=2&req_adults=2&no_rooms=1&group_children=0&req_children=0&hpos=21&hapos=446&sr_order=popularity&srpvid=52a43c0f4b5000e9&srepoch=1737880395&all_sr_blocks=36412101_88498696_2_0_0&highlighted_blocks=36412101_88498696_2_0_0&matching_block_id=36412101_88498696_2_0_0&sr_pri_blocks=36412101_88498696_2_0_0__157109&from=searchresults
Ocean Drive Barcelona,"Eixample, Barcelona",https://www.booking.com/hotel/es/od-barcelona.html?label=gen173nr-1BCAEoggI46AdSAnVzWARoRogBAZgBMbgBGcgBD9gBAegBAYgCAagCA7gCmuTXvAbAAgHSAiQ3NGM3OTk4Ni0yY2UyLTQ1NGYtOGQwZS1lZTU4ZTdhMDAwZTHYAgXgAgE&sid=735f077cb553f5b5fb1805efac5f4fa0&aid=304142&ucfs=1&arphpl=1&checkin=2025-04-01&checkout=2025-04-08&dest_id=-372490&dest_type=city&group_adults=2&req_adults=2&no_rooms=1&group_children=0&req_children=0&hpos=22&hapos=447&sr_order=popularity&srpvid=52a43c0f4b5000e9&srepoch=1737880395&all_sr_blocks=205249202_374073866_0_2_0&highlighted_blocks=205249202_374073866_0_2_0&matching_block_id=205249202_374073866_0_2_0&sr_pri_blocks=205249202_374073866_0_2_0__211750&from_sustainable_property_sr=1&from=searchresults
Hostel Friends Barcelona,"Eixample, Barcelona",https://www.booking.com/hotel/es/hostel-friends-barcelona.html?label=gen173nr-1BCAEoggI46AdSAnVzWARoRogBAZgBMbgBGcgBD9gBAegBAYgCAagCA7gCmuTXvAbAAgHSAiQ3NGM3OTk4Ni0yY2UyLTQ1NGYtOGQwZS1lZTU4ZTdhMDAwZTHYAgXgAgE&sid=735f077cb553f5b5fb1805efac5f4fa0&aid=304142&ucfs=1&arphpl=1&checkin=2025-04-01&checkout=2025-04-08&dest_id=-372490&dest_type=city&group_adults=2&req_adults=2&no_rooms=1&group_children=0&req_children=0&hpos=23&hapos=448&sr_order=popularity&srpvid=52a43c0f4b5000e9&srepoch=1737880395&all_sr_blocks=106164507_88507435_0_0_0&highlighted_blocks=106164507_88507435_0_0_0&matching_block_id=106164507_88507435_0_0_0&sr_pri_blocks=106164507_88507435_0_0_0__97813&from=searchresults
Amister Apartments,"Eixample, Barcelona",https://www.booking.com/hotel/es/amister-apartments.html?label=gen173nr-1BCAEoggI46AdSAnVzWARoRogBAZgBMbgBGcgBD9gBAegBAYgCAagCA7gCmuTXvAbAAgHSAiQ3NGM3OTk4Ni0yY2UyLTQ1NGYtOGQwZS1lZTU4ZTdhMDAwZTHYAgXgAgE&sid=735f077cb553f5b5fb1805efac5f4fa0&aid=304142&ucfs=1&arphpl=1&checkin=2025-04-01&checkout=2025-04-08&dest_id=-372490&dest_type=city&group_adults=2&req_adults=2&no_rooms=1&group_children=0&req_children=0&hpos=24&hapos=449&sr_order=popularity&srpvid=52a43c0f4b5000e9&srepoch=1737880395&all_sr_blocks=2422202_277330257_0_0_0&highlighted_blocks=2422202_277330257_0_0_0&matching_block_id=2422202_277330257_0_0_0&sr_pri_blocks=2422202_277330257_0_0_0__261182&from=searchresults
23PAR1007 Comfortable apartment in Paralel,"Sants-Montjuïc, Barcelona",https://www.booking.com/hotel/es/23par203-comfortable-apartment-in-paralel.html?label=gen173nr-1BCAEoggI46AdSAnVzWARoRogBAZgBMbgBGcgBD9gBAegBAYgCAagCA7gCmuTXvAbAAgHSAiQ3NGM3OTk4Ni0yY2UyLTQ1NGYtOGQwZS1lZTU4ZTdhMDAwZTHYAgXgAgE&sid=735f077cb553f5b5fb1805efac5f4fa0&aid=304142&ucfs=1&arphpl=1&checkin=2025-04-01&checkout=2025-04-08&dest_id=-372490&dest_type=city&group_adults=2&req_adults=2&no_rooms=1&group_children=0&req_children=0&hpos=25&hapos=450&sr_order=popularity&srpvid=52a43c0f4b5000e9&srepoch=1737880395&all_sr_blocks=877132102_356702986_2_0_0&highlighted_blocks=877132102_356702986_2_0_0&matching_block_id=877132102_356702986_2_0_0&sr_pri_blocks=877132102_356702986_2_0_0__116288&from=searchresults
Ibis Barcelona Meridiana,"Nou Barris, Barcelona",https://www.booking.com/hotel/es/ibis-barcelona-meridiana.html?label=gen173nr-1BCAEoggI46AdSAnVzWARoRogBAZgBMbgBGcgBD9gBAegBAYgCAagCA7gCmuTXvAbAAgHSAiQ3NGM3OTk4Ni0yY2UyLTQ1NGYtOGQwZS1lZTU4ZTdhMDAwZTHYAgXgAgE&sid=735f077cb553f5b5fb1805efac5f4fa0&aid=304142&ucfs=1&arphpl=1&checkin=2025-04-01&checkout=2025-04-08&dest_id=-372490&dest_type=city&group_adults=2&req_adults=2&no_rooms=1&group_children=0&req_children=0&hpos=1&hapos=451&sr_order=popularity&srpvid=52a43c0f4b5000e9&srepoch=1737880397&all_sr_blocks=27022202_93721278_2_34_0&highlighted_blocks=27022202_93721278_2_34_0&matching_block_id=27022202_93721278_2_34_0&sr_pri_blocks=27022202_93721278_2_34_0__94720&from=searchresults
BYPILLOW Ramblas,"Ciutat Vella, Barcelona",https://www.booking.com/hotel/es/pillow-ramblas.html?label=gen173nr-1BCAEoggI46AdSAnVzWARoRogBAZgBMbgBGcgBD9gBAegBAYgCAagCA7gCmuTXvAbAAgHSAiQ3NGM3OTk4Ni0yY2UyLTQ1NGYtOGQwZS1lZTU4ZTdhMDAwZTHYAgXgAgE&sid=735f077cb553f5b5fb1805efac5f4fa0&aid=304142&ucfs=1&arphpl=1&checkin=2025-04-01&checkout=2025-04-08&dest_id=-372490&dest_type=city&group_adults=2&req_adults=2&no_rooms=1&group_children=0&req_children=0&hpos=2&hapos=452&sr_order=popularity&srpvid=52a43c0f4b5000e9&srepoch=1737880397&all_sr_blocks=47437004_88209774_0_0_0&highlighted_blocks=47437004_88209774_0_0_0&matching_block_id=47437004_88209774_0_0_0&sr_pri_blocks=47437004_88209774_0_0_0__122191&from_sustainable_property_sr=1&from=searchresults
Hostal Aslyp 114,"Eixample, Barcelona",https://www.booking.com/hotel/es/hostal-aslyp-114.html?label=gen173nr-1BCAEoggI46AdSAnVzWARoRogBAZgBMbgBGcgBD9gBAegBAYgCAagCA7gCmuTXvAbAAgHSAiQ3NGM3OTk4Ni0yY2UyLTQ1NGYtOGQwZS1lZTU4ZTdhMDAwZTHYAgXgAgE&sid=735f077cb553f5b5fb1805efac5f4fa0&aid=304142&ucfs=1&arphpl=1&checkin=2025-04-01&checkout=2025-04-08&dest_id=-372490&dest_type=city&group_adults=2&req_adults=2&no_rooms=1&group_children=0&req_children=0&hpos=3&hapos=453&sr_order=popularity&srpvid=52a43c0f4b5000e9&srepoch=1737880397&all_sr_blocks=85019203_88505792_2_1_0&highlighted_blocks=85019203_88505792_2_1_0&matching_block_id=85019203_88505792_2_1_0&sr_pri_blocks=85019203_88505792_2_1_0__125818&from=searchresults
Family apartment Plaza España 2,"Eixample, Barcelona",https://www.booking.com/hotel/es/family-apartment-plaza-espana-2.html?label=gen173nr-1BCAEoggI46AdSAnVzWARoRogBAZgBMbgBGcgBD9gBAegBAYgCAagCA7gCmuTXvAbAAgHSAiQ3NGM3OTk4Ni0yY2UyLTQ1NGYtOGQwZS1lZTU4ZTdhMDAwZTHYAgXgAgE&sid=735f077cb553f5b5fb1805efac5f4fa0&aid=304142&ucfs=1&arphpl=1&checkin=2025-04-01&checkout=2025-04-08&dest_id=-372490&dest_type=city&group_adults=2&req_adults=2&no_rooms=1&group_children=0&req_children=0&hpos=4&hapos=454&sr_order=popularity&srpvid=52a43c0f4b5000e9&srepoch=1737880397&all_sr_blocks=1169271901_389495319_2_0_0&highlighted_blocks=1169271901_389495319_2_0_0&matching_block_id=1169271901_389495319_2_0_0&sr_pri_blocks=1169271901_389495319_2_0_0__139395&from=searchresults
Hotel Inglés,"Ciutat Vella, Barcelona",https://www.booking.com/hotel/es/hotelinglesbarcelona.html?label=gen173nr-1BCAEoggI46AdSAnVzWARoRogBAZgBMbgBGcgBD9gBAegBAYgCAagCA7gCmuTXvAbAAgHSAiQ3NGM3OTk4Ni0yY2UyLTQ1NGYtOGQwZS1lZTU4ZTdhMDAwZTHYAgXgAgE&sid=735f077cb553f5b5fb1805efac5f4fa0&aid=304142&ucfs=1&arphpl=1&checkin=2025-04-01&checkout=2025-04-08&dest_id=-372490&dest_type=city&group_adults=2&req_adults=2&no_rooms=1&group_children=0&req_children=0&hpos=5&hapos=455&sr_order=popularity&srpvid=52a43c0f4b5000e9&srepoch=1737880397&all_sr_blocks=9159201_88191402_0_0_0&highlighted_blocks=9159201_88191402_0_0_0&matching_block_id=9159201_88191402_0_0_0&sr_pri_blocks=9159201_88191402_0_0_0__123998&from=searchresults
TOC Hotel Las Ramblas,"Ciutat Vella, Barcelona",https://www.booking.com/hotel/es/toc-hotel-las-ramblas.html?label=gen173nr-1BCAEoggI46AdSAnVzWARoRogBAZgBMbgBGcgBD9gBAegBAYgCAagCA7gCmuTXvAbAAgHSAiQ3NGM3OTk4Ni0yY2UyLTQ1NGYtOGQwZS1lZTU4ZTdhMDAwZTHYAgXgAgE&sid=735f077cb553f5b5fb1805efac5f4fa0&aid=304142&ucfs=1&arphpl=1&checkin=2025-04-01&checkout=2025-04-08&dest_id=-372490&dest_type=city&group_adults=2&req_adults=2&no_rooms=1&group_children=0&req_children=0&hpos=6&hapos=456&sr_order=popularity&srpvid=52a43c0f4b5000e9&srepoch=1737880397&all_sr_blocks=9252109_310976874_0_2_0&highlighted_blocks=9252109_310976874_0_2_0&matching_block_id=9252109_310976874_0_2_0&sr_pri_blocks=9252109_310976874_0_2_0__153801&from_sustainable_property_sr=1&from=searchresults
HG City Suites Barcelona,"Sarrià-St. Gervasi, Barcelona",https://www.booking.com/hotel/es/hg-city-suites-barcelona.html?label=gen173nr-1BCAEoggI46AdSAnVzWARoRogBAZgBMbgBGcgBD9gBAegBAYgCAagCA7gCmuTXvAbAAgHSAiQ3NGM3OTk4Ni0yY2UyLTQ1NGYtOGQwZS1lZTU4ZTdhMDAwZTHYAgXgAgE&sid=735f077cb553f5b5fb1805efac5f4fa0&aid=304142&ucfs=1&arphpl=1&checkin=2025-04-01&checkout=2025-04-08&dest_id=-372490&dest_type=city&group_adults=2&req_adults=2&no_rooms=1&group_children=0&req_children=0&hpos=7&hapos=457&sr_order=popularity&srpvid=52a43c0f4b5000e9&srepoch=1737880397&all_sr_blocks=9045207_122502930_0_0_0&highlighted_blocks=9045207_122502930_0_0_0&matching_block_id=9045207_122502930_0_0_0&sr_pri_blocks=9045207_122502930_0_0_0__125678&from=searchresults
Barcelona Apartment Val,"Eixample, Barcelona",https://www.booking.com/hotel/es/barcelona-apartment-val.html?label=gen173nr-1BCAEoggI46AdSAnVzWARoRogBAZgBMbgBGcgBD9gBAegBAYgCAagCA7gCmuTXvAbAAgHSAiQ3NGM3OTk4Ni0yY2UyLTQ1NGYtOGQwZS1lZTU4ZTdhMDAwZTHYAgXgAgE&sid=735f077cb553f5b5fb1805efac5f4fa0&aid=304142&ucfs=1&arphpl=1&checkin=2025-04-01&checkout=2025-04-08&dest_id=-372490&dest_type=city&group_adults=2&req_adults=2&no_rooms=1&group_children=0&req_children=0&hpos=8&hapos=458&sr_order=popularity&srpvid=52a43c0f4b5000e9&srepoch=1737880397&all_sr_blocks=55536701_105834144_0_0_0&highlighted_blocks=55536701_105834144_0_0_0&matching_block_id=55536701_105834144_0_0_0&sr_pri_blocks=55536701_105834144_0_0_0__202568&from=searchresults
El Born Guest House by Casa Consell,"Ciutat Vella, Barcelona",https://www.booking.com/hotel/es/el-born-guesthouse-by-casacounsell.html?label=gen173nr-1BCAEoggI46AdSAnVzWARoRogBAZgBMbgBGcgBD9gBAegBAYgCAagCA7gCmuTXvAbAAgHSAiQ3NGM3OTk4Ni0yY2UyLTQ1NGYtOGQwZS1lZTU4ZTdhMDAwZTHYAgXgAgE&sid=735f077cb553f5b5fb1805efac5f4fa0&aid=304142&ucfs=1&arphpl=1&checkin=2025-04-01&checkout=2025-04-08&dest_id=-372490&dest_type=city&group_adults=2&req_adults=2&no_rooms=1&group_children=0&req_children=0&hpos=9&hapos=459&sr_order=popularity&srpvid=52a43c0f4b5000e9&srepoch=1737880397&all_sr_blocks=68885612_120518888_2_0_0&highlighted_blocks=68885612_120518888_2_0_0&matching_block_id=68885612_120518888_2_0_0&sr_pri_blocks=68885612_120518888_2_0_0__151208&from=searchresults
Catalonia Square 4* Sup,"Eixample, Barcelona",https://www.booking.com/hotel/es/catalonia-square.html?label=gen173nr-1BCAEoggI46AdSAnVzWARoRogBAZgBMbgBGcgBD9gBAegBAYgCAagCA7gCmuTXvAbAAgHSAiQ3NGM3OTk4Ni0yY2UyLTQ1NGYtOGQwZS1lZTU4ZTdhMDAwZTHYAgXgAgE&sid=735f077cb553f5b5fb1805efac5f4fa0&aid=304142&ucfs=1&arphpl=1&checkin=2025-04-01&checkout=2025-04-08&dest_id=-372490&dest_type=city&group_adults=2&req_adults=2&no_rooms=1&group_children=0&req_children=0&hpos=10&hapos=460&sr_order=popularity&srpvid=52a43c0f4b5000e9&srepoch=1737880397&all_sr_blocks=86735304_338882505_0_2_0&highlighted_blocks=86735304_338882505_0_2_0&matching_block_id=86735304_338882505_0_2_0&sr_pri_blocks=86735304_338882505_0_2_0__296778&from_sustainable_property_sr=1&from=searchresults
Hotel Boutique Mirlo Barcelona,"Sarrià-St. Gervasi, Barcelona",https://www.booking.com/hotel/es/mirlo-barcelona.html?label=gen173nr-1BCAEoggI46AdSAnVzWARoRogBAZgBMbgBGcgBD9gBAegBAYgCAagCA7gCmuTXvAbAAgHSAiQ3NGM3OTk4Ni0yY2UyLTQ1NGYtOGQwZS1lZTU4ZTdhMDAwZTHYAgXgAgE&sid=735f077cb553f5b5fb1805efac5f4fa0&aid=304142&ucfs=1&arphpl=1&checkin=2025-04-01&checkout=2025-04-08&dest_id=-372490&dest_type=city&group_adults=2&req_adults=2&no_rooms=1&group_children=0&req_children=0&hpos=11&hapos=461&sr_order=popularity&srpvid=52a43c0f4b5000e9&srepoch=1737880397&all_sr_blocks=630947202_403798690_2_2_0_359563&highlighted_blocks=630947202_403798690_2_2_0_359563&matching_block_id=630947202_403798690_2_2_0_359563&sr_pri_blocks=630947202_403798690_2_2_0_359563_243782&from=searchresults
Hotel Actual,"Eixample, Barcelona",https://www.booking.com/hotel/es/actual.html?label=gen173nr-1BCAEoggI46AdSAnVzWARoRogBAZgBMbgBGcgBD9gBAegBAYgCAagCA7gCmuTXvAbAAgHSAiQ3NGM3OTk4Ni0yY2UyLTQ1NGYtOGQwZS1lZTU4ZTdhMDAwZTHYAgXgAgE&sid=735f077cb553f5b5fb1805efac5f4fa0&aid=304142&ucfs=1&arphpl=1&checkin=2025-04-01&checkout=2025-04-08&dest_id=-372490&dest_type=city&group_adults=2&req_adults=2&no_rooms=1&group_children=0&req_children=0&hpos=12&hapos=462&sr_order=popularity&srpvid=52a43c0f4b5000e9&srepoch=1737880397&all_sr_blocks=2591002_400770500_0_2_0&highlighted_blocks=2591002_400770500_0_2_0&matching_block_id=2591002_400770500_0_2_0&sr_pri_blocks=2591002_400770500_0_2_0__182700&from=searchresults
Apartamento cerca de la Sagrada Familia para 2,"Eixample, Barcelona",https://www.booking.com/hotel/es/apartamento-cerca-de-la-sagrada-familia-para-2.html?label=gen173nr-1BCAEoggI46AdSAnVzWARoRogBAZgBMbgBGcgBD9gBAegBAYgCAagCA7gCmuTXvAbAAgHSAiQ3NGM3OTk4Ni0yY2UyLTQ1NGYtOGQwZS1lZTU4ZTdhMDAwZTHYAgXgAgE&sid=735f077cb553f5b5fb1805efac5f4fa0&aid=304142&ucfs=1&arphpl=1&checkin=2025-04-01&checkout=2025-04-08&dest_id=-372490&dest_type=city&group_adults=2&req_adults=2&no_rooms=1&group_children=0&req_children=0&hpos=13&hapos=463&sr_order=popularity&srpvid=52a43c0f4b5000e9&srepoch=1737880397&all_sr_blocks=1309585001_403739084_2_0_0&highlighted_blocks=1309585001_403739084_2_0_0&matching_block_id=1309585001_403739084_2_0_0&sr_pri_blocks=1309585001_403739084_2_0_0__98896&from=searchresults
Bcn Paseo De Gracia Rocamora Apartment,"Eixample, Barcelona",https://www.booking.com/hotel/es/bcn-paseo-de-gracia-aparment.html?label=gen173nr-1BCAEoggI46AdSAnVzWARoRogBAZgBMbgBGcgBD9gBAegBAYgCAagCA7gCmuTXvAbAAgHSAiQ3NGM3OTk4Ni0yY2UyLTQ1NGYtOGQwZS1lZTU4ZTdhMDAwZTHYAgXgAgE&sid=735f077cb553f5b5fb1805efac5f4fa0&aid=304142&ucfs=1&arphpl=1&checkin=2025-04-01&checkout=2025-04-08&dest_id=-372490&dest_type=city&group_adults=2&req_adults=2&no_rooms=1&group_children=0&req_children=0&hpos=14&hapos=464&sr_order=popularity&srpvid=52a43c0f4b5000e9&srepoch=1737880397&all_sr_blocks=73058506_406366708_4_0_0_370921&highlighted_blocks=73058506_406366708_4_0_0_370921&matching_block_id=73058506_406366708_4_0_0_370921&sr_pri_blocks=73058506_406366708_4_0_0_370921_315132&from=searchresults
You Stylish Beach Apartments,"Sant Martí, Barcelona",https://www.booking.com/hotel/es/you-stylish-apartments.html?label=gen173nr-1BCAEoggI46AdSAnVzWARoRogBAZgBMbgBGcgBD9gBAegBAYgCAagCA7gCmuTXvAbAAgHSAiQ3NGM3OTk4Ni0yY2UyLTQ1NGYtOGQwZS1lZTU4ZTdhMDAwZTHYAgXgAgE&sid=735f077cb553f5b5fb1805efac5f4fa0&aid=304142&ucfs=1&arphpl=1&checkin=2025-04-01&checkout=2025-04-08&dest_id=-372490&dest_type=city&group_adults=2&req_adults=2&no_rooms=1&group_children=0&req_children=0&hpos=15&hapos=465&sr_order=popularity&srpvid=52a43c0f4b5000e9&srepoch=1737880397&all_sr_blocks=27931701_358533944_4_0_0&highlighted_blocks=27931701_358533944_4_0_0&matching_block_id=27931701_358533944_4_0_0&sr_pri_blocks=27931701_358533944_4_0_0__213978&from=searchresults
Tendency Apartments 6,"Eixample, Barcelona",https://www.booking.com/hotel/es/tendency-apartments-6.html?label=gen173nr-1BCAEoggI46AdSAnVzWARoRogBAZgBMbgBGcgBD9gBAegBAYgCAagCA7gCmuTXvAbAAgHSAiQ3NGM3OTk4Ni0yY2UyLTQ1NGYtOGQwZS1lZTU4ZTdhMDAwZTHYAgXgAgE&sid=735f077cb553f5b5fb1805efac5f4fa0&aid=304142&ucfs=1&arphpl=1&checkin=2025-04-01&checkout=2025-04-08&dest_id=-372490&dest_type=city&group_adults=2&req_adults=2&no_rooms=1&group_children=0&req_children=0&hpos=16&hapos=466&sr_order=popularity&srpvid=52a43c0f4b5000e9&srepoch=1737880397&all_sr_blocks=88154227_375947835_3_0_0&highlighted_blocks=88154227_375947835_3_0_0&matching_block_id=88154227_375947835_3_0_0&sr_pri_blocks=88154227_375947835_3_0_0__167375&from=searchresults
New 2 bedroom apartment in Plaza España,"Sants-Montjuïc, Barcelona",https://www.booking.com/hotel/es/new-2-bedroom-apartment-in-plaza-espana.html?label=gen173nr-1BCAEoggI46AdSAnVzWARoRogBAZgBMbgBGcgBD9gBAegBAYgCAagCA7gCmuTXvAbAAgHSAiQ3NGM3OTk4Ni0yY2UyLTQ1NGYtOGQwZS1lZTU4ZTdhMDAwZTHYAgXgAgE&sid=735f077cb553f5b5fb1805efac5f4fa0&aid=304142&ucfs=1&arphpl=1&checkin=2025-04-01&checkout=2025-04-08&dest_id=-372490&dest_type=city&group_adults=2&req_adults=2&no_rooms=1&group_children=0&req_children=0&hpos=17&hapos=467&sr_order=popularity&srpvid=52a43c0f4b5000e9&srepoch=1737880397&all_sr_blocks=989772201_371593642_3_0_0&highlighted_blocks=989772201_371593642_3_0_0&matching_block_id=989772201_371593642_3_0_0&sr_pri_blocks=989772201_371593642_3_0_0__126585&from=searchresults
Sweett - Avenida Roma,"Eixample, Barcelona",https://www.booking.com/hotel/es/sweet-inn-avenida-roma-barcelona9.html?label=gen173nr-1BCAEoggI46AdSAnVzWARoRogBAZgBMbgBGcgBD9gBAegBAYgCAagCA7gCmuTXvAbAAgHSAiQ3NGM3OTk4Ni0yY2UyLTQ1NGYtOGQwZS1lZTU4ZTdhMDAwZTHYAgXgAgE&sid=735f077cb553f5b5fb1805efac5f4fa0&aid=304142&ucfs=1&arphpl=1&checkin=2025-04-01&checkout=2025-04-08&dest_id=-372490&dest_type=city&group_adults=2&req_adults=2&no_rooms=1&group_children=0&req_children=0&hpos=18&hapos=468&sr_order=popularity&srpvid=52a43c0f4b5000e9&srepoch=1737880397&all_sr_blocks=982622004_376231769_4_0_0&highlighted_blocks=982622004_376231769_4_0_0&matching_block_id=982622004_376231769_4_0_0&sr_pri_blocks=982622004_376231769_4_0_0__196445&from=searchresults
LetsGo Paseo de Gracia,"Eixample, Barcelona",https://www.booking.com/hotel/es/paseo-de-gracia-3.html?label=gen173nr-1BCAEoggI46AdSAnVzWARoRogBAZgBMbgBGcgBD9gBAegBAYgCAagCA7gCmuTXvAbAAgHSAiQ3NGM3OTk4Ni0yY2UyLTQ1NGYtOGQwZS1lZTU4ZTdhMDAwZTHYAgXgAgE&sid=735f077cb553f5b5fb1805efac5f4fa0&aid=304142&ucfs=1&arphpl=1&checkin=2025-04-01&checkout=2025-04-08&dest_id=-372490&dest_type=city&group_adults=2&req_adults=2&no_rooms=1&group_children=0&req_children=0&hpos=19&hapos=469&sr_order=popularity&srpvid=52a43c0f4b5000e9&srepoch=1737880397&all_sr_blocks=101499703_358941623_2_0_0&highlighted_blocks=101499703_358941623_2_0_0&matching_block_id=101499703_358941623_2_0_0&sr_pri_blocks=101499703_358941623_2_0_0__262432&from=searchresults
"Hotel Granados 83, a member of Preferred Hotels & Resorts","Eixample, Barcelona",https://www.booking.com/hotel/es/granados-83.html?label=gen173nr-1BCAEoggI46AdSAnVzWARoRogBAZgBMbgBGcgBD9gBAegBAYgCAagCA7gCmuTXvAbAAgHSAiQ3NGM3OTk4Ni0yY2UyLTQ1NGYtOGQwZS1lZTU4ZTdhMDAwZTHYAgXgAgE&sid=735f077cb553f5b5fb1805efac5f4fa0&aid=304142&ucfs=1&arphpl=1&checkin=2025-04-01&checkout=2025-04-08&dest_id=-372490&dest_type=city&group_adults=2&req_adults=2&no_rooms=1&group_children=0&req_children=0&hpos=20&hapos=470&sr_order=popularity&srpvid=52a43c0f4b5000e9&srepoch=1737880397&all_sr_blocks=9242501_88192479_0_2_0&highlighted_blocks=9242501_88192479_0_2_0&matching_block_id=9242501_88192479_0_2_0&sr_pri_blocks=9242501_88192479_0_2_0__153678&from=searchresults
Bed&BCN Diagonal 1,"Eixample, Barcelona",https://www.booking.com/hotel/es/bed-amp-bcn-diagonal-1.html?label=gen173nr-1BCAEoggI46AdSAnVzWARoRogBAZgBMbgBGcgBD9gBAegBAYgCAagCA7gCmuTXvAbAAgHSAiQ3NGM3OTk4Ni0yY2UyLTQ1NGYtOGQwZS1lZTU4ZTdhMDAwZTHYAgXgAgE&sid=735f077cb553f5b5fb1805efac5f4fa0&aid=304142&ucfs=1&arphpl=1&checkin=2025-04-01&checkout=2025-04-08&dest_id=-372490&dest_type=city&group_adults=2&req_adults=2&no_rooms=1&group_children=0&req_children=0&hpos=21&hapos=471&sr_order=popularity&srpvid=52a43c0f4b5000e9&srepoch=1737880397&all_sr_blocks=979760801_392344760_4_0_0&highlighted_blocks=979760801_392344760_4_0_0&matching_block_id=979760801_392344760_4_0_0&sr_pri_blocks=979760801_392344760_4_0_0__145889&from=searchresults
H10 Casanova,"Eixample, Barcelona",https://www.booking.com/hotel/es/h10-casanova.html?label=gen173nr-1BCAEoggI46AdSAnVzWARoRogBAZgBMbgBGcgBD9gBAegBAYgCAagCA7gCmuTXvAbAAgHSAiQ3NGM3OTk4Ni0yY2UyLTQ1NGYtOGQwZS1lZTU4ZTdhMDAwZTHYAgXgAgE&sid=735f077cb553f5b5fb1805efac5f4fa0&aid=304142&ucfs=1&arphpl=1&checkin=2025-04-01&checkout=2025-04-08&dest_id=-372490&dest_type=city&group_adults=2&req_adults=2&no_rooms=1&group_children=0&req_children=0&hpos=22&hapos=472&sr_order=popularity&srpvid=52a43c0f4b5000e9&srepoch=1737880397&all_sr_blocks=32500111_204573359_0_2_0_498133&highlighted_blocks=32500111_204573359_0_2_0_498133&matching_block_id=32500111_204573359_0_2_0_498133&sr_pri_blocks=32500111_204573359_0_2_0_498133_175078&from_sustainable_property_sr=1&from=searchresults
Stay U-nique Apartments Gran Via II,"Eixample, Barcelona",https://www.booking.com/hotel/es/friendly-rentals-plaza-espanya-terrace-i.html?label=gen173nr-1BCAEoggI46AdSAnVzWARoRogBAZgBMbgBGcgBD9gBAegBAYgCAagCA7gCmuTXvAbAAgHSAiQ3NGM3OTk4Ni0yY2UyLTQ1NGYtOGQwZS1lZTU4ZTdhMDAwZTHYAgXgAgE&sid=735f077cb553f5b5fb1805efac5f4fa0&aid=304142&ucfs=1&arphpl=1&checkin=2025-04-01&checkout=2025-04-08&dest_id=-372490&dest_type=city&group_adults=2&req_adults=2&no_rooms=1&group_children=0&req_children=0&hpos=23&hapos=473&sr_order=popularity&srpvid=52a43c0f4b5000e9&srepoch=1737880397&all_sr_blocks=662906301_272270955_0_0_0&highlighted_blocks=662906301_272270955_0_0_0&matching_block_id=662906301_272270955_0_0_0&sr_pri_blocks=662906301_272270955_0_0_0__153120&from=searchresults
Fashion House,"Eixample, Barcelona",https://www.booking.com/hotel/es/fashion-house.html?label=gen173nr-1BCAEoggI46AdSAnVzWARoRogBAZgBMbgBGcgBD9gBAegBAYgCAagCA7gCmuTXvAbAAgHSAiQ3NGM3OTk4Ni0yY2UyLTQ1NGYtOGQwZS1lZTU4ZTdhMDAwZTHYAgXgAgE&sid=735f077cb553f5b5fb1805efac5f4fa0&aid=304142&ucfs=1&arphpl=1&checkin=2025-04-01&checkout=2025-04-08&dest_id=-372490&dest_type=city&group_adults=2&req_adults=2&no_rooms=1&group_children=0&req_children=0&hpos=24&hapos=474&sr_order=popularity&srpvid=52a43c0f4b5000e9&srepoch=1737880397&all_sr_blocks=1201110_332685443_0_2_0&highlighted_blocks=1201110_332685443_0_2_0&matching_block_id=1201110_332685443_0_2_0&sr_pri_blocks=1201110_332685443_0_2_0__84200&from=searchresults
Bed&BCN Diagonal 4,"Eixample, Barcelona",https://www.booking.com/hotel/es/bed-amp-bcn-diagonal-4.html?label=gen173nr-1BCAEoggI46AdSAnVzWARoRogBAZgBMbgBGcgBD9gBAegBAYgCAagCA7gCmuTXvAbAAgHSAiQ3NGM3OTk4Ni0yY2UyLTQ1NGYtOGQwZS1lZTU4ZTdhMDAwZTHYAgXgAgE&sid=735f077cb553f5b5fb1805efac5f4fa0&aid=304142&ucfs=1&arphpl=1&checkin=2025-04-01&checkout=2025-04-08&dest_id=-372490&dest_type=city&group_adults=2&req_adults=2&no_rooms=1&group_children=0&req_children=0&hpos=25&hapos=475&sr_order=popularity&srpvid=52a43c0f4b5000e9&srepoch=1737880397&all_sr_blocks=979780901_392344759_4_0_0&highlighted_blocks=979780901_392344759_4_0_0&matching_block_id=979780901_392344759_4_0_0&sr_pri_blocks=979780901_392344759_4_0_0__146199&from=searchresults
Rental Apartment Barcelona,"Eixample, Barcelona",https://www.booking.com/hotel/es/stylish-apartment-c-in-city-center-barcelona.html?label=gen173nr-1BCAEoggI46AdSAnVzWARoRogBAZgBMbgBGcgBD9gBAegBAYgCAagCA7gCmuTXvAbAAgHSAiQ3NGM3OTk4Ni0yY2UyLTQ1NGYtOGQwZS1lZTU4ZTdhMDAwZTHYAgXgAgE&sid=735f077cb553f5b5fb1805efac5f4fa0&aid=304142&ucfs=1&arphpl=1&checkin=2025-04-01&checkout=2025-04-08&dest_id=-372490&dest_type=city&group_adults=2&req_adults=2&no_rooms=1&group_children=0&req_children=0&hpos=1&hapos=476&sr_order=popularity&srpvid=52a43c0f4b5000e9&srepoch=1737880400&all_sr_blocks=132867809_387382462_2_0_0&highlighted_blocks=132867809_387382462_2_0_0&matching_block_id=132867809_387382462_2_0_0&sr_pri_blocks=132867809_387382462_2_0_0__244932&from=searchresults
Hotel Midmost by Majestic Hotel Group,"Ciutat Vella, Barcelona",https://www.booking.com/hotel/es/hotel-midmost.html?label=gen173nr-1BCAEoggI46AdSAnVzWARoRogBAZgBMbgBGcgBD9gBAegBAYgCAagCA7gCmuTXvAbAAgHSAiQ3NGM3OTk4Ni0yY2UyLTQ1NGYtOGQwZS1lZTU4ZTdhMDAwZTHYAgXgAgE&sid=735f077cb553f5b5fb1805efac5f4fa0&aid=304142&ucfs=1&arphpl=1&checkin=2025-04-01&checkout=2025-04-08&dest_id=-372490&dest_type=city&group_adults=2&req_adults=2&no_rooms=1&group_children=0&req_children=0&hpos=2&hapos=477&sr_order=popularity&srpvid=52a43c0f4b5000e9&srepoch=1737880400&all_sr_blocks=9102119_88190401_0_2_0_239447&highlighted_blocks=9102119_88190401_0_2_0_239447&matching_block_id=9102119_88190401_0_2_0_239447&sr_pri_blocks=9102119_88190401_0_2_0_239447_177348&from=searchresults
Feelathome Plaza Apartments,"Sants-Montjuïc, Barcelona",https://www.booking.com/hotel/es/feelathome-plaza-apartments.html?label=gen173nr-1BCAEoggI46AdSAnVzWARoRogBAZgBMbgBGcgBD9gBAegBAYgCAagCA7gCmuTXvAbAAgHSAiQ3NGM3OTk4Ni0yY2UyLTQ1NGYtOGQwZS1lZTU4ZTdhMDAwZTHYAgXgAgE&sid=735f077cb553f5b5fb1805efac5f4fa0&aid=304142&ucfs=1&arphpl=1&checkin=2025-04-01&checkout=2025-04-08&dest_id=-372490&dest_type=city&group_adults=2&req_adults=2&no_rooms=1&group_children=0&req_children=0&hpos=3&hapos=478&sr_order=popularity&srpvid=52a43c0f4b5000e9&srepoch=1737880400&all_sr_blocks=101541505_91476545_2_0_0&highlighted_blocks=101541505_91476545_2_0_0&matching_block_id=101541505_91476545_2_0_0&sr_pri_blocks=101541505_91476545_2_0_0__155300&from=searchresults
Hotel Alguer Camp Nou,"Les Corts, Barcelona",https://www.booking.com/hotel/es/lalguer.html?label=gen173nr-1BCAEoggI46AdSAnVzWARoRogBAZgBMbgBGcgBD9gBAegBAYgCAagCA7gCmuTXvAbAAgHSAiQ3NGM3OTk4Ni0yY2UyLTQ1NGYtOGQwZS1lZTU4ZTdhMDAwZTHYAgXgAgE&sid=735f077cb553f5b5fb1805efac5f4fa0&aid=304142&ucfs=1&arphpl=1&checkin=2025-04-01&checkout=2025-04-08&dest_id=-372490&dest_type=city&group_adults=2&req_adults=2&no_rooms=1&group_children=0&req_children=0&hpos=4&hapos=479&sr_order=popularity&srpvid=52a43c0f4b5000e9&srepoch=1737880400&all_sr_blocks=9039908_91908082_0_0_0_432070&highlighted_blocks=9039908_91908082_0_0_0_432070&matching_block_id=9039908_91908082_0_0_0_432070&sr_pri_blocks=9039908_91908082_0_0_0_432070_85100&from=searchresults
Bonavista Apartments - Virreina,"Gràcia, Barcelona",https://www.booking.com/hotel/es/bonavista-apartments-barcelona-virreina.html?label=gen173nr-1BCAEoggI46AdSAnVzWARoRogBAZgBMbgBGcgBD9gBAegBAYgCAagCA7gCmuTXvAbAAgHSAiQ3NGM3OTk4Ni0yY2UyLTQ1NGYtOGQwZS1lZTU4ZTdhMDAwZTHYAgXgAgE&sid=735f077cb553f5b5fb1805efac5f4fa0&aid=304142&ucfs=1&arphpl=1&checkin=2025-04-01&checkout=2025-04-08&dest_id=-372490&dest_type=city&group_adults=2&req_adults=2&no_rooms=1&group_children=0&req_children=0&hpos=5&hapos=480&sr_order=popularity&srpvid=52a43c0f4b5000e9&srepoch=1737880400&all_sr_blocks=32167403_364394898_4_0_0&highlighted_blocks=32167403_364394898_4_0_0&matching_block_id=32167403_364394898_4_0_0&sr_pri_blocks=32167403_364394898_4_0_0__153167&from=searchresults
Mercedes Heritage Apartments,"Eixample, Barcelona",https://www.booking.com/hotel/es/provenza-mbs.html?label=gen173nr-1BCAEoggI46AdSAnVzWARoRogBAZgBMbgBGcgBD9gBAegBAYgCAagCA7gCmuTXvAbAAgHSAiQ3NGM3OTk4Ni0yY2UyLTQ1NGYtOGQwZS1lZTU4ZTdhMDAwZTHYAgXgAgE&sid=735f077cb553f5b5fb1805efac5f4fa0&aid=304142&ucfs=1&arphpl=1&checkin=2025-04-01&checkout=2025-04-08&dest_id=-372490&dest_type=city&group_adults=2&req_adults=2&no_rooms=1&group_children=0&req_children=0&hpos=6&hapos=481&sr_order=popularity&srpvid=52a43c0f4b5000e9&srepoch=1737880400&all_sr_blocks=55436606_88210105_2_0_0&highlighted_blocks=55436606_88210105_2_0_0&matching_block_id=55436606_88210105_2_0_0&sr_pri_blocks=55436606_88210105_2_0_0__205529&from=searchresults
Primavera Hostel,"Eixample, Barcelona",https://www.booking.com/hotel/es/primavera-hostel.html?label=gen173nr-1BCAEoggI46AdSAnVzWARoRogBAZgBMbgBGcgBD9gBAegBAYgCAagCA7gCmuTXvAbAAgHSAiQ3NGM3OTk4Ni0yY2UyLTQ1NGYtOGQwZS1lZTU4ZTdhMDAwZTHYAgXgAgE&sid=735f077cb553f5b5fb1805efac5f4fa0&aid=304142&ucfs=1&arphpl=1&checkin=2025-04-01&checkout=2025-04-08&dest_id=-372490&dest_type=city&group_adults=2&req_adults=2&no_rooms=1&group_children=0&req_children=0&hpos=7&hapos=482&sr_order=popularity&srpvid=52a43c0f4b5000e9&srepoch=1737880400&all_sr_blocks=41337801_348354654_2_0_0&highlighted_blocks=41337801_348354654_2_0_0&matching_block_id=41337801_348354654_2_0_0&sr_pri_blocks=41337801_348354654_2_0_0__116002&from=searchresults
Hesperia Barcelona Presidente,"Sarrià-St. Gervasi, Barcelona",https://www.booking.com/hotel/es/hesperiapresidente.html?label=gen173nr-1BCAEoggI46AdSAnVzWARoRogBAZgBMbgBGcgBD9gBAegBAYgCAagCA7gCmuTXvAbAAgHSAiQ3NGM3OTk4Ni0yY2UyLTQ1NGYtOGQwZS1lZTU4ZTdhMDAwZTHYAgXgAgE&sid=735f077cb553f5b5fb1805efac5f4fa0&aid=304142&ucfs=1&arphpl=1&checkin=2025-04-01&checkout=2025-04-08&dest_id=-372490&dest_type=city&group_adults=2&req_adults=2&no_rooms=1&group_children=0&req_children=0&hpos=8&hapos=483&sr_order=popularity&srpvid=52a43c0f4b5000e9&srepoch=1737880400&all_sr_blocks=9119726_93709286_0_2_0_571924&highlighted_blocks=9119726_93709286_0_2_0_571924&matching_block_id=9119726_93709286_0_2_0_571924&sr_pri_blocks=9119726_93709286_0_2_0_571924_153858&from_sustainable_property_sr=1&from=searchresults
Hostal LK Barcelona,"Sants-Montjuïc, Barcelona",https://www.booking.com/hotel/es/hostal-lk-barcelona.html?label=gen173nr-1BCAEoggI46AdSAnVzWARoRogBAZgBMbgBGcgBD9gBAegBAYgCAagCA7gCmuTXvAbAAgHSAiQ3NGM3OTk4Ni0yY2UyLTQ1NGYtOGQwZS1lZTU4ZTdhMDAwZTHYAgXgAgE&sid=735f077cb553f5b5fb1805efac5f4fa0&aid=304142&ucfs=1&arphpl=1&checkin=2025-04-01&checkout=2025-04-08&dest_id=-372490&dest_type=city&group_adults=2&req_adults=2&no_rooms=1&group_children=0&req_children=0&hpos=9&hapos=484&sr_order=popularity&srpvid=52a43c0f4b5000e9&srepoch=1737880400&all_sr_blocks=34717903_88207687_0_0_0_330321&highlighted_blocks=34717903_88207687_0_0_0_330321&matching_block_id=34717903_88207687_0_0_0_330321&sr_pri_blocks=34717903_88207687_0_0_0_330321_75900&from=searchresults
Hotel Regina Barcelona,"Eixample, Barcelona",https://www.booking.com/hotel/es/hotel-regina.html?label=gen173nr-1BCAEoggI46AdSAnVzWARoRogBAZgBMbgBGcgBD9gBAegBAYgCAagCA7gCmuTXvAbAAgHSAiQ3NGM3OTk4Ni0yY2UyLTQ1NGYtOGQwZS1lZTU4ZTdhMDAwZTHYAgXgAgE&sid=735f077cb553f5b5fb1805efac5f4fa0&aid=304142&ucfs=1&arphpl=1&checkin=2025-04-01&checkout=2025-04-08&dest_id=-372490&dest_type=city&group_adults=2&req_adults=2&no_rooms=1&group_children=0&req_children=0&hpos=10&hapos=485&sr_order=popularity&srpvid=52a43c0f4b5000e9&srepoch=1737880400&all_sr_blocks=9223702_88192241_2_2_0&highlighted_blocks=9223702_88192241_2_2_0&matching_block_id=9223702_88192241_2_2_0&sr_pri_blocks=9223702_88192241_2_2_0__185628&from=searchresults
Boutique Hostemplo Sagrada Familia,"Eixample, Barcelona",https://www.booking.com/hotel/es/boutique-hostemplo-barcelona.html?label=gen173nr-1BCAEoggI46AdSAnVzWARoRogBAZgBMbgBGcgBD9gBAegBAYgCAagCA7gCmuTXvAbAAgHSAiQ3NGM3OTk4Ni0yY2UyLTQ1NGYtOGQwZS1lZTU4ZTdhMDAwZTHYAgXgAgE&sid=735f077cb553f5b5fb1805efac5f4fa0&aid=304142&ucfs=1&arphpl=1&checkin=2025-04-01&checkout=2025-04-08&dest_id=-372490&dest_type=city&group_adults=2&req_adults=2&no_rooms=1&group_children=0&req_children=0&hpos=11&hapos=486&sr_order=popularity&srpvid=52a43c0f4b5000e9&srepoch=1737880400&all_sr_blocks=142077402_86961546_2_2_0&highlighted_blocks=142077402_86961546_2_2_0&matching_block_id=142077402_86961546_2_2_0&sr_pri_blocks=142077402_86961546_2_2_0__160090&from=searchresults
Suite Home Sagrada Familia,"Eixample, Barcelona",https://www.booking.com/hotel/es/suite-home-barcelona.html?label=gen173nr-1BCAEoggI46AdSAnVzWARoRogBAZgBMbgBGcgBD9gBAegBAYgCAagCA7gCmuTXvAbAAgHSAiQ3NGM3OTk4Ni0yY2UyLTQ1NGYtOGQwZS1lZTU4ZTdhMDAwZTHYAgXgAgE&sid=735f077cb553f5b5fb1805efac5f4fa0&aid=304142&ucfs=1&arphpl=1&checkin=2025-04-01&checkout=2025-04-08&dest_id=-372490&dest_type=city&group_adults=2&req_adults=2&no_rooms=1&group_children=0&req_children=0&hpos=12&hapos=487&sr_order=popularity&srpvid=52a43c0f4b5000e9&srepoch=1737880400&all_sr_blocks=32587835_88497919_4_0_0_655167&highlighted_blocks=32587835_88497919_4_0_0_655167&matching_block_id=32587835_88497919_4_0_0_655167&sr_pri_blocks=32587835_88497919_4_0_0_655167_256566&from=searchresults
Tendency Apartments 7,"Eixample, Barcelona",https://www.booking.com/hotel/es/tendency-apartments-7.html?label=gen173nr-1BCAEoggI46AdSAnVzWARoRogBAZgBMbgBGcgBD9gBAegBAYgCAagCA7gCmuTXvAbAAgHSAiQ3NGM3OTk4Ni0yY2UyLTQ1NGYtOGQwZS1lZTU4ZTdhMDAwZTHYAgXgAgE&sid=735f077cb553f5b5fb1805efac5f4fa0&aid=304142&ucfs=1&arphpl=1&checkin=2025-04-01&checkout=2025-04-08&dest_id=-372490&dest_type=city&group_adults=2&req_adults=2&no_rooms=1&group_children=0&req_children=0&hpos=13&hapos=488&sr_order=popularity&srpvid=52a43c0f4b5000e9&srepoch=1737880400&all_sr_blocks=103178410_372482585_3_0_0&highlighted_blocks=103178410_372482585_3_0_0&matching_block_id=103178410_372482585_3_0_0&sr_pri_blocks=103178410_372482585_3_0_0__186959&from=searchresults
Alcam Books,"Eixample, Barcelona",https://www.booking.com/hotel/es/alcam-books.html?label=gen173nr-1BCAEoggI46AdSAnVzWARoRogBAZgBMbgBGcgBD9gBAegBAYgCAagCA7gCmuTXvAbAAgHSAiQ3NGM3OTk4Ni0yY2UyLTQ1NGYtOGQwZS1lZTU4ZTdhMDAwZTHYAgXgAgE&sid=735f077cb553f5b5fb1805efac5f4fa0&aid=304142&ucfs=1&arphpl=1&checkin=2025-04-01&checkout=2025-04-08&dest_id=-372490&dest_type=city&group_adults=2&req_adults=2&no_rooms=1&group_children=0&req_children=0&hpos=14&hapos=489&sr_order=popularity&srpvid=52a43c0f4b5000e9&srepoch=1737880400&all_sr_blocks=90882202_83475789_0_0_0&highlighted_blocks=90882202_83475789_0_0_0&matching_block_id=90882202_83475789_0_0_0&sr_pri_blocks=90882202_83475789_0_0_0__123302&from=searchresults
Habitat Apartments ADN,"Sants-Montjuïc, Barcelona",https://www.booking.com/hotel/es/habitat-apartments-adn.html?label=gen173nr-1BCAEoggI46AdSAnVzWARoRogBAZgBMbgBGcgBD9gBAegBAYgCAagCA7gCmuTXvAbAAgHSAiQ3NGM3OTk4Ni0yY2UyLTQ1NGYtOGQwZS1lZTU4ZTdhMDAwZTHYAgXgAgE&sid=735f077cb553f5b5fb1805efac5f4fa0&aid=304142&ucfs=1&arphpl=1&checkin=2025-04-01&checkout=2025-04-08&dest_id=-372490&dest_type=city&group_adults=2&req_adults=2&no_rooms=1&group_children=0&req_children=0&hpos=15&hapos=490&sr_order=popularity&srpvid=52a43c0f4b5000e9&srepoch=1737880400&all_sr_blocks=110058409_88418711_0_0_0&highlighted_blocks=110058409_88418711_0_0_0&matching_block_id=110058409_88418711_0_0_0&sr_pri_blocks=110058409_88418711_0_0_0__159732&from=searchresults
AC Hotel Irla by Marriott,"Sarrià-St. Gervasi, Barcelona",https://www.booking.com/hotel/es/acirla.html?label=gen173nr-1BCAEoggI46AdSAnVzWARoRogBAZgBMbgBGcgBD9gBAegBAYgCAagCA7gCmuTXvAbAAgHSAiQ3NGM3OTk4Ni0yY2UyLTQ1NGYtOGQwZS1lZTU4ZTdhMDAwZTHYAgXgAgE&sid=735f077cb553f5b5fb1805efac5f4fa0&aid=304142&ucfs=1&arphpl=1&checkin=2025-04-01&checkout=2025-04-08&dest_id=-372490&dest_type=city&group_adults=2&req_adults=2&no_rooms=1&group_children=0&req_children=0&hpos=16&hapos=491&sr_order=popularity&srpvid=52a43c0f4b5000e9&srepoch=1737880400&all_sr_blocks=9081305_93709094_0_2_0&highlighted_blocks=9081305_93709094_0_2_0&matching_block_id=9081305_93709094_0_2_0&sr_pri_blocks=9081305_93709094_0_2_0__138875&from_sustainable_property_sr=1&from=searchresults
Hotel Well and Come Barcelona,"Eixample, Barcelona",https://www.booking.com/hotel/es/well-and-come.html?label=gen173nr-1BCAEoggI46AdSAnVzWARoRogBAZgBMbgBGcgBD9gBAegBAYgCAagCA7gCmuTXvAbAAgHSAiQ3NGM3OTk4Ni0yY2UyLTQ1NGYtOGQwZS1lZTU4ZTdhMDAwZTHYAgXgAgE&sid=735f077cb553f5b5fb1805efac5f4fa0&aid=304142&ucfs=1&arphpl=1&checkin=2025-04-01&checkout=2025-04-08&dest_id=-372490&dest_type=city&group_adults=2&req_adults=2&no_rooms=1&group_children=0&req_children=0&hpos=17&hapos=492&sr_order=popularity&srpvid=52a43c0f4b5000e9&srepoch=1737880400&all_sr_blocks=155728002_204150791_2_2_0&highlighted_blocks=155728002_204150791_2_2_0&matching_block_id=155728002_204150791_2_2_0&sr_pri_blocks=155728002_204150791_2_2_0__167878&from=searchresults
Apartment Centro- Passeig de Gracia - Casa Batllo by Interhome,"Eixample, Barcelona",https://www.booking.com/hotel/es/apartment-centro-passeig-de-gracia-casa-batllo.html?label=gen173nr-1BCAEoggI46AdSAnVzWARoRogBAZgBMbgBGcgBD9gBAegBAYgCAagCA7gCmuTXvAbAAgHSAiQ3NGM3OTk4Ni0yY2UyLTQ1NGYtOGQwZS1lZTU4ZTdhMDAwZTHYAgXgAgE&sid=735f077cb553f5b5fb1805efac5f4fa0&aid=304142&ucfs=1&arphpl=1&checkin=2025-04-01&checkout=2025-04-08&dest_id=-372490&dest_type=city&group_adults=2&req_adults=2&no_rooms=1&group_children=0&req_children=0&hpos=18&hapos=493&sr_order=popularity&srpvid=52a43c0f4b5000e9&srepoch=1737880400&all_sr_blocks=688285602_295918992_4_0_0&highlighted_blocks=688285602_295918992_4_0_0&matching_block_id=688285602_295918992_4_0_0&sr_pri_blocks=688285602_295918992_4_0_0__192932&from=searchresults
Líbere Barcelona Sant Antoni,"Eixample, Barcelona",https://www.booking.com/hotel/es/libere-barcelona-sant-antoni.html?label=gen173nr-1BCAEoggI46AdSAnVzWARoRogBAZgBMbgBGcgBD9gBAegBAYgCAagCA7gCmuTXvAbAAgHSAiQ3NGM3OTk4Ni0yY2UyLTQ1NGYtOGQwZS1lZTU4ZTdhMDAwZTHYAgXgAgE&sid=735f077cb553f5b5fb1805efac5f4fa0&aid=304142&ucfs=1&arphpl=1&checkin=2025-04-01&checkout=2025-04-08&dest_id=-372490&dest_type=city&group_adults=2&req_adults=2&no_rooms=1&group_children=0&req_children=0&hpos=19&hapos=494&sr_order=popularity&srpvid=52a43c0f4b5000e9&srepoch=1737880400&all_sr_blocks=9179718_204775730_0_0_0&highlighted_blocks=9179718_204775730_0_0_0&matching_block_id=9179718_204775730_0_0_0&sr_pri_blocks=9179718_204775730_0_0_0__142796&from=searchresults
Hotel Omnium,"Eixample, Barcelona",https://www.booking.com/hotel/es/omnium.html?label=gen173nr-1BCAEoggI46AdSAnVzWARoRogBAZgBMbgBGcgBD9gBAegBAYgCAagCA7gCmuTXvAbAAgHSAiQ3NGM3OTk4Ni0yY2UyLTQ1NGYtOGQwZS1lZTU4ZTdhMDAwZTHYAgXgAgE&sid=735f077cb553f5b5fb1805efac5f4fa0&aid=304142&ucfs=1&arphpl=1&checkin=2025-04-01&checkout=2025-04-08&dest_id=-372490&dest_type=city&group_adults=2&req_adults=2&no_rooms=1&group_children=0&req_children=0&hpos=20&hapos=495&sr_order=popularity&srpvid=52a43c0f4b5000e9&srepoch=1737880400&all_sr_blocks=167140503_89595961_0_0_0&highlighted_blocks=167140503_89595961_0_0_0&matching_block_id=167140503_89595961_0_0_0&sr_pri_blocks=167140503_89595961_0_0_0__161600&from=searchresults
Bed&BCN Diagonal 5,"Eixample, Barcelona",https://www.booking.com/hotel/es/bed-amp-bcn-diagonal-5.html?label=gen173nr-1BCAEoggI46AdSAnVzWARoRogBAZgBMbgBGcgBD9gBAegBAYgCAagCA7gCmuTXvAbAAgHSAiQ3NGM3OTk4Ni0yY2UyLTQ1NGYtOGQwZS1lZTU4ZTdhMDAwZTHYAgXgAgE&sid=735f077cb553f5b5fb1805efac5f4fa0&aid=304142&ucfs=1&arphpl=1&checkin=2025-04-01&checkout=2025-04-08&dest_id=-372490&dest_type=city&group_adults=2&req_adults=2&no_rooms=1&group_children=0&req_children=0&hpos=21&hapos=496&sr_order=popularity&srpvid=52a43c0f4b5000e9&srepoch=1737880400&all_sr_blocks=979792701_392344758_4_0_0&highlighted_blocks=979792701_392344758_4_0_0&matching_block_id=979792701_392344758_4_0_0&sr_pri_blocks=979792701_392344758_4_0_0__146276&from=searchresults
BcnStop Parc Güell,"Gràcia, Barcelona",https://www.booking.com/hotel/es/bcn-stop-parc-guell.html?label=gen173nr-1BCAEoggI46AdSAnVzWARoRogBAZgBMbgBGcgBD9gBAegBAYgCAagCA7gCmuTXvAbAAgHSAiQ3NGM3OTk4Ni0yY2UyLTQ1NGYtOGQwZS1lZTU4ZTdhMDAwZTHYAgXgAgE&sid=735f077cb553f5b5fb1805efac5f4fa0&aid=304142&ucfs=1&arphpl=1&checkin=2025-04-01&checkout=2025-04-08&dest_id=-372490&dest_type=city&group_adults=2&req_adults=2&no_rooms=1&group_children=0&req_children=0&hpos=22&hapos=497&sr_order=popularity&srpvid=52a43c0f4b5000e9&srepoch=1737880400&all_sr_blocks=24439008_88495645_0_0_0&highlighted_blocks=24439008_88495645_0_0_0&matching_block_id=24439008_88495645_0_0_0&sr_pri_blocks=24439008_88495645_0_0_0__154032&from=searchresults
AinB Sagrada Familia Apartments,"Eixample, Barcelona",https://www.booking.com/hotel/es/apartments-in-barcelona-sagrada-familia.html?label=gen173nr-1BCAEoggI46AdSAnVzWARoRogBAZgBMbgBGcgBD9gBAegBAYgCAagCA7gCmuTXvAbAAgHSAiQ3NGM3OTk4Ni0yY2UyLTQ1NGYtOGQwZS1lZTU4ZTdhMDAwZTHYAgXgAgE&sid=735f077cb553f5b5fb1805efac5f4fa0&aid=304142&ucfs=1&arphpl=1&checkin=2025-04-01&checkout=2025-04-08&dest_id=-372490&dest_type=city&group_adults=2&req_adults=2&no_rooms=1&group_children=0&req_children=0&hpos=23&hapos=498&sr_order=popularity&srpvid=52a43c0f4b5000e9&srepoch=1737880400&all_sr_blocks=41093403_91474447_2_0_0&highlighted_blocks=41093403_91474447_2_0_0&matching_block_id=41093403_91474447_2_0_0&sr_pri_blocks=41093403_91474447_2_0_0__175480&from=searchresults
Stay U-nique Apartments Rambla Catalunya III,"Eixample, Barcelona",https://www.booking.com/hotel/es/barcelona-casa-batllo-view-sunny-apt-center.html?label=gen173nr-1BCAEoggI46AdSAnVzWARoRogBAZgBMbgBGcgBD9gBAegBAYgCAagCA7gCmuTXvAbAAgHSAiQ3NGM3OTk4Ni0yY2UyLTQ1NGYtOGQwZS1lZTU4ZTdhMDAwZTHYAgXgAgE&sid=735f077cb553f5b5fb1805efac5f4fa0&aid=304142&ucfs=1&arphpl=1&checkin=2025-04-01&checkout=2025-04-08&dest_id=-372490&dest_type=city&group_adults=2&req_adults=2&no_rooms=1&group_children=0&req_children=0&hpos=24&hapos=499&sr_order=popularity&srpvid=52a43c0f4b5000e9&srepoch=1737880400&all_sr_blocks=1094479202_382358101_0_0_0&highlighted_blocks=1094479202_382358101_0_0_0&matching_block_id=1094479202_382358101_0_0_0&sr_pri_blocks=1094479202_382358101_0_0_0__152233&from=searchresults
La Casa de Laura Nisia B&B,"Gràcia, Barcelona",https://www.booking.com/hotel/es/nisia.html?label=gen173nr-1BCAEoggI46AdSAnVzWARoRogBAZgBMbgBGcgBD9gBAegBAYgCAagCA7gCmuTXvAbAAgHSAiQ3NGM3OTk4Ni0yY2UyLTQ1NGYtOGQwZS1lZTU4ZTdhMDAwZTHYAgXgAgE&sid=735f077cb553f5b5fb1805efac5f4fa0&aid=304142&ucfs=1&arphpl=1&checkin=2025-04-01&checkout=2025-04-08&dest_id=-372490&dest_type=city&group_adults=2&req_adults=2&no_rooms=1&group_children=0&req_children=0&hpos=1&hapos=500&sr_order=popularity&srpvid=52a43c0f4b5000e9&srepoch=1737880403&all_sr_blocks=818450902_344449886_0_1_0&highlighted_blocks=818450902_344449886_0_1_0&matching_block_id=818450902_344449886_0_1_0&sr_pri_blocks=818450902_344449886_0_1_0__136670&from=searchresults
Barcelona Princess,"Sant Martí, Barcelona",https://www.booking.com/hotel/es/barcelonaprincess.html?label=gen173nr-1BCAEoggI46AdSAnVzWARoRogBAZgBMbgBGcgBD9gBAegBAYgCAagCA7gCmuTXvAbAAgHSAiQ3NGM3OTk4Ni0yY2UyLTQ1NGYtOGQwZS1lZTU4ZTdhMDAwZTHYAgXgAgE&sid=735f077cb553f5b5fb1805efac5f4fa0&aid=304142&ucfs=1&arphpl=1&checkin=2025-04-01&checkout=2025-04-08&dest_id=-372490&dest_type=city&group_adults=2&req_adults=2&no_rooms=1&group_children=0&req_children=0&hpos=2&hapos=501&sr_order=popularity&srpvid=52a43c0f4b5000e9&srepoch=1737880403&all_sr_blocks=9103231_374706069_0_2_0_360410&highlighted_blocks=9103231_374706069_0_2_0_360410&matching_block_id=9103231_374706069_0_2_0_360410&sr_pri_blocks=9103231_374706069_0_2_0_360410_150056&from_sustainable_property_sr=1&from=searchresults
HOTEL FORNOS - Barcelona,"Ciutat Vella, Barcelona",https://www.booking.com/hotel/es/fornos.html?label=gen173nr-1BCAEoggI46AdSAnVzWARoRogBAZgBMbgBGcgBD9gBAegBAYgCAagCA7gCmuTXvAbAAgHSAiQ3NGM3OTk4Ni0yY2UyLTQ1NGYtOGQwZS1lZTU4ZTdhMDAwZTHYAgXgAgE&sid=735f077cb553f5b5fb1805efac5f4fa0&aid=304142&ucfs=1&arphpl=1&checkin=2025-04-01&checkout=2025-04-08&dest_id=-372490&dest_type=city&group_adults=2&req_adults=2&no_rooms=1&group_children=0&req_children=0&hpos=3&hapos=502&sr_order=popularity&srpvid=52a43c0f4b5000e9&srepoch=1737880403&all_sr_blocks=30302205_403844515_0_1_0&highlighted_blocks=30302205_403844515_0_1_0&matching_block_id=30302205_403844515_0_1_0&sr_pri_blocks=30302205_403844515_0_1_0__128500&from=searchresults
Hotel Àmbit Barcelona,"Eixample, Barcelona",https://www.booking.com/hotel/es/ambit-barcelona.html?label=gen173nr-1BCAEoggI46AdSAnVzWARoRogBAZgBMbgBGcgBD9gBAegBAYgCAagCA7gCmuTXvAbAAgHSAiQ3NGM3OTk4Ni0yY2UyLTQ1NGYtOGQwZS1lZTU4ZTdhMDAwZTHYAgXgAgE&sid=735f077cb553f5b5fb1805efac5f4fa0&aid=304142&ucfs=1&arphpl=1&checkin=2025-04-01&checkout=2025-04-08&dest_id=-372490&dest_type=city&group_adults=2&req_adults=2&no_rooms=1&group_children=0&req_children=0&hpos=4&hapos=503&sr_order=popularity&srpvid=52a43c0f4b5000e9&srepoch=1737880403&all_sr_blocks=139925402_86859674_0_2_0&highlighted_blocks=139925402_86859674_0_2_0&matching_block_id=139925402_86859674_0_2_0&sr_pri_blocks=139925402_86859674_0_2_0__169878&from=searchresults
Housalia Sant Pau Views- Suite with View on Hospital Sant Pau,"Eixample, Barcelona",https://www.booking.com/hotel/es/housalia-gaudi-views-suite-with-view-on-hospital-sant-pau.html?label=gen173nr-1BCAEoggI46AdSAnVzWARoRogBAZgBMbgBGcgBD9gBAegBAYgCAagCA7gCmuTXvAbAAgHSAiQ3NGM3OTk4Ni0yY2UyLTQ1NGYtOGQwZS1lZTU4ZTdhMDAwZTHYAgXgAgE&sid=735f077cb553f5b5fb1805efac5f4fa0&aid=304142&ucfs=1&arphpl=1&checkin=2025-04-01&checkout=2025-04-08&dest_id=-372490&dest_type=city&group_adults=2&req_adults=2&no_rooms=1&group_children=0&req_children=0&hpos=5&hapos=504&sr_order=popularity&srpvid=52a43c0f4b5000e9&srepoch=1737880403&all_sr_blocks=1107534101_383534559_2_0_0&highlighted_blocks=1107534101_383534559_2_0_0&matching_block_id=1107534101_383534559_2_0_0&sr_pri_blocks=1107534101_383534559_2_0_0__159437&from=searchresults
Aspasios Diagonal Art Apartments,"Eixample, Barcelona",https://www.booking.com/hotel/es/apartamentos-corcega.html?label=gen173nr-1BCAEoggI46AdSAnVzWARoRogBAZgBMbgBGcgBD9gBAegBAYgCAagCA7gCmuTXvAbAAgHSAiQ3NGM3OTk4Ni0yY2UyLTQ1NGYtOGQwZS1lZTU4ZTdhMDAwZTHYAgXgAgE&sid=735f077cb553f5b5fb1805efac5f4fa0&aid=304142&ucfs=1&arphpl=1&checkin=2025-04-01&checkout=2025-04-08&dest_id=-372490&dest_type=city&group_adults=2&req_adults=2&no_rooms=1&group_children=0&req_children=0&hpos=6&hapos=505&sr_order=popularity&srpvid=52a43c0f4b5000e9&srepoch=1737880403&all_sr_blocks=112479207_369017412_4_0_0&highlighted_blocks=112479207_369017412_4_0_0&matching_block_id=112479207_369017412_4_0_0&sr_pri_blocks=112479207_369017412_4_0_0__140581&from=searchresults
Stay U-nique Apartments Venecuela,"Sant Martí, Barcelona",https://www.booking.com/hotel/es/venezuela-ii-building.html?label=gen173nr-1BCAEoggI46AdSAnVzWARoRogBAZgBMbgBGcgBD9gBAegBAYgCAagCA7gCmuTXvAbAAgHSAiQ3NGM3OTk4Ni0yY2UyLTQ1NGYtOGQwZS1lZTU4ZTdhMDAwZTHYAgXgAgE&sid=735f077cb553f5b5fb1805efac5f4fa0&aid=304142&ucfs=1&arphpl=1&checkin=2025-04-01&checkout=2025-04-08&dest_id=-372490&dest_type=city&group_adults=2&req_adults=2&no_rooms=1&group_children=0&req_children=0&hpos=7&hapos=506&sr_order=popularity&srpvid=52a43c0f4b5000e9&srepoch=1737880403&all_sr_blocks=163421701_228410732_0_0_0&highlighted_blocks=163421701_228410732_0_0_0&matching_block_id=163421701_228410732_0_0_0&sr_pri_blocks=163421701_228410732_0_0_0__124214&from=searchresults
Hostal Barcelona Travel,"Eixample, Barcelona",https://www.booking.com/hotel/es/guest-house-barcelona-gaudi.html?label=gen173nr-1BCAEoggI46AdSAnVzWARoRogBAZgBMbgBGcgBD9gBAegBAYgCAagCA7gCmuTXvAbAAgHSAiQ3NGM3OTk4Ni0yY2UyLTQ1NGYtOGQwZS1lZTU4ZTdhMDAwZTHYAgXgAgE&sid=735f077cb553f5b5fb1805efac5f4fa0&aid=304142&ucfs=1&arphpl=1&checkin=2025-04-01&checkout=2025-04-08&dest_id=-372490&dest_type=city&group_adults=2&req_adults=2&no_rooms=1&group_children=0&req_children=0&hpos=8&hapos=507&sr_order=popularity&srpvid=52a43c0f4b5000e9&srepoch=1737880403&all_sr_blocks=124905801_91950095_2_2_0_171356&highlighted_blocks=124905801_91950095_2_2_0_171356&matching_block_id=124905801_91950095_2_2_0_171356&sr_pri_blocks=124905801_91950095_2_2_0_171356_114900&from=searchresults
Beautiful y Luxury Apartment centrallylocated,"Eixample, Barcelona",https://www.booking.com/hotel/es/beautiful-apartment-centrally-located.html?label=gen173nr-1BCAEoggI46AdSAnVzWARoRogBAZgBMbgBGcgBD9gBAegBAYgCAagCA7gCmuTXvAbAAgHSAiQ3NGM3OTk4Ni0yY2UyLTQ1NGYtOGQwZS1lZTU4ZTdhMDAwZTHYAgXgAgE&sid=735f077cb553f5b5fb1805efac5f4fa0&aid=304142&ucfs=1&arphpl=1&checkin=2025-04-01&checkout=2025-04-08&dest_id=-372490&dest_type=city&group_adults=2&req_adults=2&no_rooms=1&group_children=0&req_children=0&hpos=9&hapos=508&sr_order=popularity&srpvid=52a43c0f4b5000e9&srepoch=1737880403&all_sr_blocks=421808701_187910988_2_0_0&highlighted_blocks=421808701_187910988_2_0_0&matching_block_id=421808701_187910988_2_0_0&sr_pri_blocks=421808701_187910988_2_0_0__163779&from=searchresults
Aspasios Verdi Apartments,"Gràcia, Barcelona",https://www.booking.com/hotel/es/edificio-gracia.html?label=gen173nr-1BCAEoggI46AdSAnVzWARoRogBAZgBMbgBGcgBD9gBAegBAYgCAagCA7gCmuTXvAbAAgHSAiQ3NGM3OTk4Ni0yY2UyLTQ1NGYtOGQwZS1lZTU4ZTdhMDAwZTHYAgXgAgE&sid=735f077cb553f5b5fb1805efac5f4fa0&aid=304142&ucfs=1&arphpl=1&checkin=2025-04-01&checkout=2025-04-08&dest_id=-372490&dest_type=city&group_adults=2&req_adults=2&no_rooms=1&group_children=0&req_children=0&hpos=10&hapos=509&sr_order=popularity&srpvid=52a43c0f4b5000e9&srepoch=1737880403&all_sr_blocks=30111613_228722527_3_0_0&highlighted_blocks=30111613_228722527_3_0_0&matching_block_id=30111613_228722527_3_0_0&sr_pri_blocks=30111613_228722527_3_0_0__138132&from=searchresults
Caledonian,"Eixample, Barcelona",https://www.booking.com/hotel/es/caledonian.html?label=gen173nr-1BCAEoggI46AdSAnVzWARoRogBAZgBMbgBGcgBD9gBAegBAYgCAagCA7gCmuTXvAbAAgHSAiQ3NGM3OTk4Ni0yY2UyLTQ1NGYtOGQwZS1lZTU4ZTdhMDAwZTHYAgXgAgE&sid=735f077cb553f5b5fb1805efac5f4fa0&aid=304142&ucfs=1&arphpl=1&checkin=2025-04-01&checkout=2025-04-08&dest_id=-372490&dest_type=city&group_adults=2&req_adults=2&no_rooms=1&group_children=0&req_children=0&hpos=11&hapos=510&sr_order=popularity&srpvid=52a43c0f4b5000e9&srepoch=1737880403&all_sr_blocks=9015805_88181415_0_2_0&highlighted_blocks=9015805_88181415_0_2_0&matching_block_id=9015805_88181415_0_2_0&sr_pri_blocks=9015805_88181415_0_2_0__167027&from=searchresults
Mercer Hotel Barcelona,"Ciutat Vella, Barcelona",https://www.booking.com/hotel/es/mercer-barcelona.html?label=gen173nr-1BCAEoggI46AdSAnVzWARoRogBAZgBMbgBGcgBD9gBAegBAYgCAagCA7gCmuTXvAbAAgHSAiQ3NGM3OTk4Ni0yY2UyLTQ1NGYtOGQwZS1lZTU4ZTdhMDAwZTHYAgXgAgE&sid=735f077cb553f5b5fb1805efac5f4fa0&aid=304142&ucfs=1&arphpl=1&checkin=2025-04-01&checkout=2025-04-08&dest_id=-372490&dest_type=city&group_adults=2&req_adults=2&no_rooms=1&group_children=0&req_children=0&hpos=12&hapos=511&sr_order=popularity&srpvid=52a43c0f4b5000e9&srepoch=1737880403&all_sr_blocks=39739601_333286203_2_2_0&highlighted_blocks=39739601_333286203_2_2_0&matching_block_id=39739601_333286203_2_2_0&sr_pri_blocks=39739601_333286203_2_2_0__382550&from=searchresults
Hostal Argo,"Eixample, Barcelona",https://www.booking.com/hotel/es/hostal-argo.html?label=gen173nr-1BCAEoggI46AdSAnVzWARoRogBAZgBMbgBGcgBD9gBAegBAYgCAagCA7gCmuTXvAbAAgHSAiQ3NGM3OTk4Ni0yY2UyLTQ1NGYtOGQwZS1lZTU4ZTdhMDAwZTHYAgXgAgE&sid=735f077cb553f5b5fb1805efac5f4fa0&aid=304142&ucfs=1&arphpl=1&checkin=2025-04-01&checkout=2025-04-08&dest_id=-372490&dest_type=city&group_adults=2&req_adults=2&no_rooms=1&group_children=0&req_children=0&hpos=13&hapos=512&sr_order=popularity&srpvid=52a43c0f4b5000e9&srepoch=1737880403&all_sr_blocks=101423001_326336768_2_0_0&highlighted_blocks=101423001_326336768_2_0_0&matching_block_id=101423001_326336768_2_0_0&sr_pri_blocks=101423001_326336768_2_0_0__92700&from=searchresults
Express by Gaiarooms,"Gràcia, Barcelona",https://www.booking.com/hotel/es/hostal-express.html?label=gen173nr-1BCAEoggI46AdSAnVzWARoRogBAZgBMbgBGcgBD9gBAegBAYgCAagCA7gCmuTXvAbAAgHSAiQ3NGM3OTk4Ni0yY2UyLTQ1NGYtOGQwZS1lZTU4ZTdhMDAwZTHYAgXgAgE&sid=735f077cb553f5b5fb1805efac5f4fa0&aid=304142&ucfs=1&arphpl=1&checkin=2025-04-01&checkout=2025-04-08&dest_id=-372490&dest_type=city&group_adults=2&req_adults=2&no_rooms=1&group_children=0&req_children=0&hpos=14&hapos=513&sr_order=popularity&srpvid=52a43c0f4b5000e9&srepoch=1737880403&all_sr_blocks=31730604_406254448_0_0_0&highlighted_blocks=31730604_406254448_0_0_0&matching_block_id=31730604_406254448_0_0_0&sr_pri_blocks=31730604_406254448_0_0_0__108211&from=searchresults
Brummell Apartments Gracia,"Gràcia, Barcelona",https://www.booking.com/hotel/es/brummell-apartment.html?label=gen173nr-1BCAEoggI46AdSAnVzWARoRogBAZgBMbgBGcgBD9gBAegBAYgCAagCA7gCmuTXvAbAAgHSAiQ3NGM3OTk4Ni0yY2UyLTQ1NGYtOGQwZS1lZTU4ZTdhMDAwZTHYAgXgAgE&sid=735f077cb553f5b5fb1805efac5f4fa0&aid=304142&ucfs=1&arphpl=1&checkin=2025-04-01&checkout=2025-04-08&dest_id=-372490&dest_type=city&group_adults=2&req_adults=2&no_rooms=1&group_children=0&req_children=0&hpos=15&hapos=514&sr_order=popularity&srpvid=52a43c0f4b5000e9&srepoch=1737880403&all_sr_blocks=153428701_387054127_2_0_0&highlighted_blocks=153428701_387054127_2_0_0&matching_block_id=153428701_387054127_2_0_0&sr_pri_blocks=153428701_387054127_2_0_0__184832&from=searchresults
BYPILLOW Wander,"Ciutat Vella, Barcelona",https://www.booking.com/hotel/es/hostal-wander.html?label=gen173nr-1BCAEoggI46AdSAnVzWARoRogBAZgBMbgBGcgBD9gBAegBAYgCAagCA7gCmuTXvAbAAgHSAiQ3NGM3OTk4Ni0yY2UyLTQ1NGYtOGQwZS1lZTU4ZTdhMDAwZTHYAgXgAgE&sid=735f077cb553f5b5fb1805efac5f4fa0&aid=304142&ucfs=1&arphpl=1&checkin=2025-04-01&checkout=2025-04-08&dest_id=-372490&dest_type=city&group_adults=2&req_adults=2&no_rooms=1&group_children=0&req_children=0&hpos=16&hapos=515&sr_order=popularity&srpvid=52a43c0f4b5000e9&srepoch=1737880403&all_sr_blocks=218741904_97600453_0_0_0&highlighted_blocks=218741904_97600453_0_0_0&matching_block_id=218741904_97600453_0_0_0&sr_pri_blocks=218741904_97600453_0_0_0__104334&from_sustainable_property_sr=1&from=searchresults
Hotel Lugano Barcelona,"Eixample, Barcelona",https://www.booking.com/hotel/es/hcc-lugano.html?label=gen173nr-1BCAEoggI46AdSAnVzWARoRogBAZgBMbgBGcgBD9gBAegBAYgCAagCA7gCmuTXvAbAAgHSAiQ3NGM3OTk4Ni0yY2UyLTQ1NGYtOGQwZS1lZTU4ZTdhMDAwZTHYAgXgAgE&sid=735f077cb553f5b5fb1805efac5f4fa0&aid=304142&ucfs=1&arphpl=1&checkin=2025-04-01&checkout=2025-04-08&dest_id=-372490&dest_type=city&group_adults=2&req_adults=2&no_rooms=1&group_children=0&req_children=0&hpos=17&hapos=516&sr_order=popularity&srpvid=52a43c0f4b5000e9&srepoch=1737880403&all_sr_blocks=39388101_88208379_0_2_0&highlighted_blocks=39388101_88208379_0_2_0&matching_block_id=39388101_88208379_0_2_0&sr_pri_blocks=39388101_88208379_0_2_0__132170&from=searchresults
Liceu Apartments by Gaiarooms,"Ciutat Vella, Barcelona",https://www.booking.com/hotel/es/liceu-apartments-by-gaiarooms.html?label=gen173nr-1BCAEoggI46AdSAnVzWARoRogBAZgBMbgBGcgBD9gBAegBAYgCAagCA7gCmuTXvAbAAgHSAiQ3NGM3OTk4Ni0yY2UyLTQ1NGYtOGQwZS1lZTU4ZTdhMDAwZTHYAgXgAgE&sid=735f077cb553f5b5fb1805efac5f4fa0&aid=304142&ucfs=1&arphpl=1&checkin=2025-04-01&checkout=2025-04-08&dest_id=-372490&dest_type=city&group_adults=2&req_adults=2&no_rooms=1&group_children=0&req_children=0&hpos=18&hapos=517&sr_order=popularity&srpvid=52a43c0f4b5000e9&srepoch=1737880403&all_sr_blocks=818958201_404642936_2_0_0&highlighted_blocks=818958201_404642936_2_0_0&matching_block_id=818958201_404642936_2_0_0&sr_pri_blocks=818958201_404642936_2_0_0__171608&from=searchresults
"Ferienwohnung für 3 Personen ca 50 qm in Barcelona-Eixample, Costa Brava Costa del Maresme","Eixample, Barcelona",https://www.booking.com/hotel/es/ferienwohnung-fur-3-personen-ca-50-qm-in-barcelona-eixample-costa-brava-costa-de.html?label=gen173nr-1BCAEoggI46AdSAnVzWARoRogBAZgBMbgBGcgBD9gBAegBAYgCAagCA7gCmuTXvAbAAgHSAiQ3NGM3OTk4Ni0yY2UyLTQ1NGYtOGQwZS1lZTU4ZTdhMDAwZTHYAgXgAgE&sid=735f077cb553f5b5fb1805efac5f4fa0&aid=304142&ucfs=1&arphpl=1&checkin=2025-04-01&checkout=2025-04-08&dest_id=-372490&dest_type=city&group_adults=2&req_adults=2&no_rooms=1&group_children=0&req_children=0&hpos=19&hapos=518&sr_order=popularity&srpvid=52a43c0f4b5000e9&srepoch=1737880403&all_sr_blocks=1184009602_407032962_3_0_0&highlighted_blocks=1184009602_407032962_3_0_0&matching_block_id=1184009602_407032962_3_0_0&sr_pri_blocks=1184009602_407032962_3_0_0__139337&from=searchresults
You Stylish City Center Apartments,"Eixample, Barcelona",https://www.booking.com/hotel/es/you-stylish-city-centre-apartments.html?label=gen173nr-1BCAEoggI46AdSAnVzWARoRogBAZgBMbgBGcgBD9gBAegBAYgCAagCA7gCmuTXvAbAAgHSAiQ3NGM3OTk4Ni0yY2UyLTQ1NGYtOGQwZS1lZTU4ZTdhMDAwZTHYAgXgAgE&sid=735f077cb553f5b5fb1805efac5f4fa0&aid=304142&ucfs=1&arphpl=1&checkin=2025-04-01&checkout=2025-04-08&dest_id=-372490&dest_type=city&group_adults=2&req_adults=2&no_rooms=1&group_children=0&req_children=0&hpos=20&hapos=519&sr_order=popularity&srpvid=52a43c0f4b5000e9&srepoch=1737880403&all_sr_blocks=29182802_353866292_0_0_0&highlighted_blocks=29182802_353866292_0_0_0&matching_block_id=29182802_353866292_0_0_0&sr_pri_blocks=29182802_353866292_0_0_0__354832&from=searchresults
11RDSP1061 - Fantastic 1BR Apartment in Sant Antoni,"Eixample, Barcelona",https://www.booking.com/hotel/es/11rdsp176-fantastic-1br-apartment-in-the-city-center.html?label=gen173nr-1BCAEoggI46AdSAnVzWARoRogBAZgBMbgBGcgBD9gBAegBAYgCAagCA7gCmuTXvAbAAgHSAiQ3NGM3OTk4Ni0yY2UyLTQ1NGYtOGQwZS1lZTU4ZTdhMDAwZTHYAgXgAgE&sid=735f077cb553f5b5fb1805efac5f4fa0&aid=304142&ucfs=1&arphpl=1&checkin=2025-04-01&checkout=2025-04-08&dest_id=-372490&dest_type=city&group_adults=2&req_adults=2&no_rooms=1&group_children=0&req_children=0&hpos=21&hapos=520&sr_order=popularity&srpvid=52a43c0f4b5000e9&srepoch=1737880403&all_sr_blocks=1090020502_381902588_2_0_0&highlighted_blocks=1090020502_381902588_2_0_0&matching_block_id=1090020502_381902588_2_0_0&sr_pri_blocks=1090020502_381902588_2_0_0__126521&from=searchresults
Hostal La Terrassa,"Ciutat Vella, Barcelona",https://www.booking.com/hotel/es/la-terrassa-barcelona.html?label=gen173nr-1BCAEoggI46AdSAnVzWARoRogBAZgBMbgBGcgBD9gBAegBAYgCAagCA7gCmuTXvAbAAgHSAiQ3NGM3OTk4Ni0yY2UyLTQ1NGYtOGQwZS1lZTU4ZTdhMDAwZTHYAgXgAgE&sid=735f077cb553f5b5fb1805efac5f4fa0&aid=304142&ucfs=1&arphpl=1&checkin=2025-04-01&checkout=2025-04-08&dest_id=-372490&dest_type=city&group_adults=2&req_adults=2&no_rooms=1&group_children=0&req_children=0&hpos=22&hapos=521&sr_order=popularity&srpvid=52a43c0f4b5000e9&srepoch=1737880403&all_sr_blocks=31097508_88497695_0_0_0&highlighted_blocks=31097508_88497695_0_0_0&matching_block_id=31097508_88497695_0_0_0&sr_pri_blocks=31097508_88497695_0_0_0__100700&from=searchresults
Charmsuites Paralel,"Sants-Montjuïc, Barcelona",https://www.booking.com/hotel/es/charmsuites-com.html?label=gen173nr-1BCAEoggI46AdSAnVzWARoRogBAZgBMbgBGcgBD9gBAegBAYgCAagCA7gCmuTXvAbAAgHSAiQ3NGM3OTk4Ni0yY2UyLTQ1NGYtOGQwZS1lZTU4ZTdhMDAwZTHYAgXgAgE&sid=735f077cb553f5b5fb1805efac5f4fa0&aid=304142&ucfs=1&arphpl=1&checkin=2025-04-01&checkout=2025-04-08&dest_id=-372490&dest_type=city&group_adults=2&req_adults=2&no_rooms=1&group_children=0&req_children=0&hpos=23&hapos=522&sr_order=popularity&srpvid=52a43c0f4b5000e9&srepoch=1737880403&all_sr_blocks=35963002_88207847_4_0_0&highlighted_blocks=35963002_88207847_4_0_0&matching_block_id=35963002_88207847_4_0_0&sr_pri_blocks=35963002_88207847_4_0_0__174332&from=searchresults
Sweett - Carrer Fira,"Eixample, Barcelona",https://www.booking.com/hotel/es/sweet-inn-carrer-fira.html?label=gen173nr-1BCAEoggI46AdSAnVzWARoRogBAZgBMbgBGcgBD9gBAegBAYgCAagCA7gCmuTXvAbAAgHSAiQ3NGM3OTk4Ni0yY2UyLTQ1NGYtOGQwZS1lZTU4ZTdhMDAwZTHYAgXgAgE&sid=735f077cb553f5b5fb1805efac5f4fa0&aid=304142&ucfs=1&arphpl=1&checkin=2025-04-01&checkout=2025-04-08&dest_id=-372490&dest_type=city&group_adults=2&req_adults=2&no_rooms=1&group_children=0&req_children=0&hpos=24&hapos=523&sr_order=popularity&srpvid=52a43c0f4b5000e9&srepoch=1737880403&all_sr_blocks=974294510_369811621_5_0_0&highlighted_blocks=974294510_369811621_5_0_0&matching_block_id=974294510_369811621_5_0_0&sr_pri_blocks=974294510_369811621_5_0_0__202766&from=searchresults
BcnStop Sant Pau Suites,"Sant Martí, Barcelona",https://www.booking.com/hotel/es/sant-pau-suites.html?label=gen173nr-1BCAEoggI46AdSAnVzWARoRogBAZgBMbgBGcgBD9gBAegBAYgCAagCA7gCmuTXvAbAAgHSAiQ3NGM3OTk4Ni0yY2UyLTQ1NGYtOGQwZS1lZTU4ZTdhMDAwZTHYAgXgAgE&sid=735f077cb553f5b5fb1805efac5f4fa0&aid=304142&ucfs=1&arphpl=1&checkin=2025-04-01&checkout=2025-04-08&dest_id=-372490&dest_type=city&group_adults=2&req_adults=2&no_rooms=1&group_children=0&req_children=0&hpos=25&hapos=524&sr_order=popularity&srpvid=52a43c0f4b5000e9&srepoch=1737880403&all_sr_blocks=1007439903_373471899_2_0_0&highlighted_blocks=1007439903_373471899_2_0_0&matching_block_id=1007439903_373471899_2_0_0&sr_pri_blocks=1007439903_373471899_2_0_0__149632&from=searchresults
Stay U-nique Apartments Torrent,"Gràcia, Barcelona",https://www.booking.com/hotel/es/studio-with-a-large-rooftop-terrace.html?label=gen173nr-1BCAEoggI46AdSAnVzWARoRogBAZgBMbgBGcgBD9gBAegBAYgCAagCA7gCmuTXvAbAAgHSAiQ3NGM3OTk4Ni0yY2UyLTQ1NGYtOGQwZS1lZTU4ZTdhMDAwZTHYAgXgAgE&sid=735f077cb553f5b5fb1805efac5f4fa0&aid=304142&ucfs=1&arphpl=1&checkin=2025-04-01&checkout=2025-04-08&dest_id=-372490&dest_type=city&group_adults=2&req_adults=2&no_rooms=1&group_children=0&req_children=0&hpos=1&hapos=525&sr_order=popularity&srpvid=52a43c0f4b5000e9&srepoch=1737880405&all_sr_blocks=490610101_247002455_0_0_0&highlighted_blocks=490610101_247002455_0_0_0&matching_block_id=490610101_247002455_0_0_0&sr_pri_blocks=490610101_247002455_0_0_0__99893&from=searchresults
Hostal Barcelona Centro,"Eixample, Barcelona",https://www.booking.com/hotel/es/hostal-barcelona-centro-barcelona.html?label=gen173nr-1BCAEoggI46AdSAnVzWARoRogBAZgBMbgBGcgBD9gBAegBAYgCAagCA7gCmuTXvAbAAgHSAiQ3NGM3OTk4Ni0yY2UyLTQ1NGYtOGQwZS1lZTU4ZTdhMDAwZTHYAgXgAgE&sid=735f077cb553f5b5fb1805efac5f4fa0&aid=304142&ucfs=1&arphpl=1&checkin=2025-04-01&checkout=2025-04-08&dest_id=-372490&dest_type=city&group_adults=2&req_adults=2&no_rooms=1&group_children=0&req_children=0&hpos=2&hapos=526&sr_order=popularity&srpvid=52a43c0f4b5000e9&srepoch=1737880405&all_sr_blocks=35365606_88207762_0_0_0&highlighted_blocks=35365606_88207762_0_0_0&matching_block_id=35365606_88207762_0_0_0&sr_pri_blocks=35365606_88207762_0_0_0__120325&from=searchresults
Hostal Las Flores Ramblas,"Ciutat Vella, Barcelona",https://www.booking.com/hotel/es/hostal-las-flores.html?label=gen173nr-1BCAEoggI46AdSAnVzWARoRogBAZgBMbgBGcgBD9gBAegBAYgCAagCA7gCmuTXvAbAAgHSAiQ3NGM3OTk4Ni0yY2UyLTQ1NGYtOGQwZS1lZTU4ZTdhMDAwZTHYAgXgAgE&sid=735f077cb553f5b5fb1805efac5f4fa0&aid=304142&ucfs=1&arphpl=1&checkin=2025-04-01&checkout=2025-04-08&dest_id=-372490&dest_type=city&group_adults=2&req_adults=2&no_rooms=1&group_children=0&req_children=0&hpos=3&hapos=527&sr_order=popularity&srpvid=52a43c0f4b5000e9&srepoch=1737880405&all_sr_blocks=27593501_88496823_2_0_0&highlighted_blocks=27593501_88496823_2_0_0&matching_block_id=27593501_88496823_2_0_0&sr_pri_blocks=27593501_88496823_2_0_0__139969&from=searchresults
Habitat Apartments Alissia,"Ciutat Vella, Barcelona",https://www.booking.com/hotel/es/barnapartments-born.html?label=gen173nr-1BCAEoggI46AdSAnVzWARoRogBAZgBMbgBGcgBD9gBAegBAYgCAagCA7gCmuTXvAbAAgHSAiQ3NGM3OTk4Ni0yY2UyLTQ1NGYtOGQwZS1lZTU4ZTdhMDAwZTHYAgXgAgE&sid=735f077cb553f5b5fb1805efac5f4fa0&aid=304142&ucfs=1&arphpl=1&checkin=2025-04-01&checkout=2025-04-08&dest_id=-372490&dest_type=city&group_adults=2&req_adults=2&no_rooms=1&group_children=0&req_children=0&hpos=4&hapos=528&sr_order=popularity&srpvid=52a43c0f4b5000e9&srepoch=1737880405&all_sr_blocks=927632701_382792976_0_0_0&highlighted_blocks=927632701_382792976_0_0_0&matching_block_id=927632701_382792976_0_0_0&sr_pri_blocks=927632701_382792976_0_0_0__187195&from=searchresults
CIUDADELA PARK 1,"Sant Martí, Barcelona",https://www.booking.com/hotel/es/ciudadela-park-1-barcelona.html?label=gen173nr-1BCAEoggI46AdSAnVzWARoRogBAZgBMbgBGcgBD9gBAegBAYgCAagCA7gCmuTXvAbAAgHSAiQ3NGM3OTk4Ni0yY2UyLTQ1NGYtOGQwZS1lZTU4ZTdhMDAwZTHYAgXgAgE&sid=735f077cb553f5b5fb1805efac5f4fa0&aid=304142&ucfs=1&arphpl=1&checkin=2025-04-01&checkout=2025-04-08&dest_id=-372490&dest_type=city&group_adults=2&req_adults=2&no_rooms=1&group_children=0&req_children=0&hpos=5&hapos=529&sr_order=popularity&srpvid=52a43c0f4b5000e9&srepoch=1737880405&all_sr_blocks=466497101_402591871_4_0_0&highlighted_blocks=466497101_402591871_4_0_0&matching_block_id=466497101_402591871_4_0_0&sr_pri_blocks=466497101_402591871_4_0_0__181476&from=searchresults
Hotel SB Glow 4 Sup,"Sant Martí, Barcelona",https://www.booking.com/hotel/es/sb-glow-4-sup.html?label=gen173nr-1BCAEoggI46AdSAnVzWARoRogBAZgBMbgBGcgBD9gBAegBAYgCAagCA7gCmuTXvAbAAgHSAiQ3NGM3OTk4Ni0yY2UyLTQ1NGYtOGQwZS1lZTU4ZTdhMDAwZTHYAgXgAgE&sid=735f077cb553f5b5fb1805efac5f4fa0&aid=304142&ucfs=1&arphpl=1&checkin=2025-04-01&checkout=2025-04-08&dest_id=-372490&dest_type=city&group_adults=2&req_adults=2&no_rooms=1&group_children=0&req_children=0&hpos=6&hapos=530&sr_order=popularity&srpvid=52a43c0f4b5000e9&srepoch=1737880405&all_sr_blocks=233873101_279534969_2_2_0&highlighted_blocks=233873101_279534969_2_2_0&matching_block_id=233873101_279534969_2_2_0&sr_pri_blocks=233873101_279534969_2_2_0__141618&from=searchresults
Monument Hotel,"Eixample, Barcelona",https://www.booking.com/hotel/es/monument.html?label=gen173nr-1BCAEoggI46AdSAnVzWARoRogBAZgBMbgBGcgBD9gBAegBAYgCAagCA7gCmuTXvAbAAgHSAiQ3NGM3OTk4Ni0yY2UyLTQ1NGYtOGQwZS1lZTU4ZTdhMDAwZTHYAgXgAgE&sid=735f077cb553f5b5fb1805efac5f4fa0&aid=304142&ucfs=1&arphpl=1&checkin=2025-04-01&checkout=2025-04-08&dest_id=-372490&dest_type=city&group_adults=2&req_adults=2&no_rooms=1&group_children=0&req_children=0&hpos=7&hapos=531&sr_order=popularity&srpvid=52a43c0f4b5000e9&srepoch=1737880405&all_sr_blocks=165947002_246291052_0_2_0&highlighted_blocks=165947002_246291052_0_2_0&matching_block_id=165947002_246291052_0_2_0&sr_pri_blocks=165947002_246291052_0_2_0__372250&from=searchresults
Eric Vökel Boutique Apartments - Sagrada Familia Suites,"Eixample, Barcelona",https://www.booking.com/hotel/es/eric-vokel-sagrada-familia.html?label=gen173nr-1BCAEoggI46AdSAnVzWARoRogBAZgBMbgBGcgBD9gBAegBAYgCAagCA7gCmuTXvAbAAgHSAiQ3NGM3OTk4Ni0yY2UyLTQ1NGYtOGQwZS1lZTU4ZTdhMDAwZTHYAgXgAgE&sid=735f077cb553f5b5fb1805efac5f4fa0&aid=304142&ucfs=1&arphpl=1&checkin=2025-04-01&checkout=2025-04-08&dest_id=-372490&dest_type=city&group_adults=2&req_adults=2&no_rooms=1&group_children=0&req_children=0&hpos=8&hapos=532&sr_order=popularity&srpvid=52a43c0f4b5000e9&srepoch=1737880405&all_sr_blocks=18943107_88203696_2_0_0&highlighted_blocks=18943107_88203696_2_0_0&matching_block_id=18943107_88203696_2_0_0&sr_pri_blocks=18943107_88203696_2_0_0__177587&from=searchresults
Apartments Sixtyfour,"Eixample, Barcelona",https://www.booking.com/hotel/es/sixtyfour-apartments.html?label=gen173nr-1BCAEoggI46AdSAnVzWARoRogBAZgBMbgBGcgBD9gBAegBAYgCAagCA7gCmuTXvAbAAgHSAiQ3NGM3OTk4Ni0yY2UyLTQ1NGYtOGQwZS1lZTU4ZTdhMDAwZTHYAgXgAgE&sid=735f077cb553f5b5fb1805efac5f4fa0&aid=304142&ucfs=1&arphpl=1&checkin=2025-04-01&checkout=2025-04-08&dest_id=-372490&dest_type=city&group_adults=2&req_adults=2&no_rooms=1&group_children=0&req_children=0&hpos=9&hapos=533&sr_order=popularity&srpvid=52a43c0f4b5000e9&srepoch=1737880405&all_sr_blocks=27146302_368438737_2_2_0&highlighted_blocks=27146302_368438737_2_2_0&matching_block_id=27146302_368438737_2_2_0&sr_pri_blocks=27146302_368438737_2_2_0__402376&from=searchresults
Anais Apartments by Gaiarooms,"Eixample, Barcelona",https://www.booking.com/hotel/es/apartamentos-diputacio-by-gaiarooms.html?label=gen173nr-1BCAEoggI46AdSAnVzWARoRogBAZgBMbgBGcgBD9gBAegBAYgCAagCA7gCmuTXvAbAAgHSAiQ3NGM3OTk4Ni0yY2UyLTQ1NGYtOGQwZS1lZTU4ZTdhMDAwZTHYAgXgAgE&sid=735f077cb553f5b5fb1805efac5f4fa0&aid=304142&ucfs=1&arphpl=1&checkin=2025-04-01&checkout=2025-04-08&dest_id=-372490&dest_type=city&group_adults=2&req_adults=2&no_rooms=1&group_children=0&req_children=0&hpos=10&hapos=534&sr_order=popularity&srpvid=52a43c0f4b5000e9&srepoch=1737880405&all_sr_blocks=823110502_405351040_0_0_0&highlighted_blocks=823110502_405351040_0_0_0&matching_block_id=823110502_405351040_0_0_0&sr_pri_blocks=823110502_405351040_0_0_0__189078&from=searchresults
Weflating Sant Antoni Market,"Eixample, Barcelona",https://www.booking.com/hotel/es/dailyflats-sant-antoni-market.html?label=gen173nr-1BCAEoggI46AdSAnVzWARoRogBAZgBMbgBGcgBD9gBAegBAYgCAagCA7gCmuTXvAbAAgHSAiQ3NGM3OTk4Ni0yY2UyLTQ1NGYtOGQwZS1lZTU4ZTdhMDAwZTHYAgXgAgE&sid=735f077cb553f5b5fb1805efac5f4fa0&aid=304142&ucfs=1&arphpl=1&checkin=2025-04-01&checkout=2025-04-08&dest_id=-372490&dest_type=city&group_adults=2&req_adults=2&no_rooms=1&group_children=0&req_children=0&hpos=11&hapos=535&sr_order=popularity&srpvid=52a43c0f4b5000e9&srepoch=1737880405&all_sr_blocks=83655103_83243346_2_0_0&highlighted_blocks=83655103_83243346_2_0_0&matching_block_id=83655103_83243346_2_0_0&sr_pri_blocks=83655103_83243346_2_0_0__144902&from=searchresults
AB Poble Sec Apartment,"Sants-Montjuïc, Barcelona",https://www.booking.com/hotel/es/236-ab-poble-sec-apartment.html?label=gen173nr-1BCAEoggI46AdSAnVzWARoRogBAZgBMbgBGcgBD9gBAegBAYgCAagCA7gCmuTXvAbAAgHSAiQ3NGM3OTk4Ni0yY2UyLTQ1NGYtOGQwZS1lZTU4ZTdhMDAwZTHYAgXgAgE&sid=735f077cb553f5b5fb1805efac5f4fa0&aid=304142&ucfs=1&arphpl=1&checkin=2025-04-01&checkout=2025-04-08&dest_id=-372490&dest_type=city&group_adults=2&req_adults=2&no_rooms=1&group_children=0&req_children=0&hpos=12&hapos=536&sr_order=popularity&srpvid=52a43c0f4b5000e9&srepoch=1737880405&all_sr_blocks=798719202_396571428_4_0_0&highlighted_blocks=798719202_396571428_4_0_0&matching_block_id=798719202_396571428_4_0_0&sr_pri_blocks=798719202_396571428_4_0_0__145079&from=searchresults
Ramblas Apartment 5,"Ciutat Vella, Barcelona",https://www.booking.com/hotel/es/apartment-in-the-gothic-quarter-barcelona.html?label=gen173nr-1BCAEoggI46AdSAnVzWARoRogBAZgBMbgBGcgBD9gBAegBAYgCAagCA7gCmuTXvAbAAgHSAiQ3NGM3OTk4Ni0yY2UyLTQ1NGYtOGQwZS1lZTU4ZTdhMDAwZTHYAgXgAgE&sid=735f077cb553f5b5fb1805efac5f4fa0&aid=304142&ucfs=1&arphpl=1&checkin=2025-04-01&checkout=2025-04-08&dest_id=-372490&dest_type=city&group_adults=2&req_adults=2&no_rooms=1&group_children=0&req_children=0&hpos=13&hapos=537&sr_order=popularity&srpvid=52a43c0f4b5000e9&srepoch=1737880405&all_sr_blocks=1261571201_398776158_2_0_0&highlighted_blocks=1261571201_398776158_2_0_0&matching_block_id=1261571201_398776158_2_0_0&sr_pri_blocks=1261571201_398776158_2_0_0__114456&from=searchresults
DreamKeys Barcelona City,"Sarrià-St. Gervasi, Barcelona",https://www.booking.com/hotel/es/kiwidestiny-barcelona2.html?label=gen173nr-1BCAEoggI46AdSAnVzWARoRogBAZgBMbgBGcgBD9gBAegBAYgCAagCA7gCmuTXvAbAAgHSAiQ3NGM3OTk4Ni0yY2UyLTQ1NGYtOGQwZS1lZTU4ZTdhMDAwZTHYAgXgAgE&sid=735f077cb553f5b5fb1805efac5f4fa0&aid=304142&ucfs=1&arphpl=1&checkin=2025-04-01&checkout=2025-04-08&dest_id=-372490&dest_type=city&group_adults=2&req_adults=2&no_rooms=1&group_children=0&req_children=0&hpos=14&hapos=538&sr_order=popularity&srpvid=52a43c0f4b5000e9&srepoch=1737880405&all_sr_blocks=145700310_108225103_0_0_0&highlighted_blocks=145700310_108225103_0_0_0&matching_block_id=145700310_108225103_0_0_0&sr_pri_blocks=145700310_108225103_0_0_0__251493&from=searchresults
Mihlton Barcelona Boutique B&B,"Eixample, Barcelona",https://www.booking.com/hotel/es/mihlton-barcelona.html?label=gen173nr-1BCAEoggI46AdSAnVzWARoRogBAZgBMbgBGcgBD9gBAegBAYgCAagCA7gCmuTXvAbAAgHSAiQ3NGM3OTk4Ni0yY2UyLTQ1NGYtOGQwZS1lZTU4ZTdhMDAwZTHYAgXgAgE&sid=735f077cb553f5b5fb1805efac5f4fa0&aid=304142&ucfs=1&arphpl=1&checkin=2025-04-01&checkout=2025-04-08&dest_id=-372490&dest_type=city&group_adults=2&req_adults=2&no_rooms=1&group_children=0&req_children=0&hpos=15&hapos=539&sr_order=popularity&srpvid=52a43c0f4b5000e9&srepoch=1737880405&all_sr_blocks=54286013_88501931_3_2_0&highlighted_blocks=54286013_88501931_3_2_0&matching_block_id=54286013_88501931_3_2_0&sr_pri_blocks=54286013_88501931_3_2_0__185455&from=searchresults
Cosmo Apartments Rambla Catalunya,"Eixample, Barcelona",https://www.booking.com/hotel/es/just-style-rambla-catalunya.html?label=gen173nr-1BCAEoggI46AdSAnVzWARoRogBAZgBMbgBGcgBD9gBAegBAYgCAagCA7gCmuTXvAbAAgHSAiQ3NGM3OTk4Ni0yY2UyLTQ1NGYtOGQwZS1lZTU4ZTdhMDAwZTHYAgXgAgE&sid=735f077cb553f5b5fb1805efac5f4fa0&aid=304142&ucfs=1&arphpl=1&checkin=2025-04-01&checkout=2025-04-08&dest_id=-372490&dest_type=city&group_adults=2&req_adults=2&no_rooms=1&group_children=0&req_children=0&hpos=16&hapos=540&sr_order=popularity&srpvid=52a43c0f4b5000e9&srepoch=1737880405&all_sr_blocks=72259204_88504526_2_0_0&highlighted_blocks=72259204_88504526_2_0_0&matching_block_id=72259204_88504526_2_0_0&sr_pri_blocks=72259204_88504526_2_0_0__604982&from=searchresults
Jardinets De Gràcia by The 5ve Soul,"Gràcia, Barcelona",https://www.booking.com/hotel/es/the-5ve-soul-gracia.html?label=gen173nr-1BCAEoggI46AdSAnVzWARoRogBAZgBMbgBGcgBD9gBAegBAYgCAagCA7gCmuTXvAbAAgHSAiQ3NGM3OTk4Ni0yY2UyLTQ1NGYtOGQwZS1lZTU4ZTdhMDAwZTHYAgXgAgE&sid=735f077cb553f5b5fb1805efac5f4fa0&aid=304142&ucfs=1&arphpl=1&checkin=2025-04-01&checkout=2025-04-08&dest_id=-372490&dest_type=city&group_adults=2&req_adults=2&no_rooms=1&group_children=0&req_children=0&hpos=17&hapos=541&sr_order=popularity&srpvid=52a43c0f4b5000e9&srepoch=1737880405&all_sr_blocks=771340404_358349631_2_0_0&highlighted_blocks=771340404_358349631_2_0_0&matching_block_id=771340404_358349631_2_0_0&sr_pri_blocks=771340404_358349631_2_0_0__180832&from=searchresults
Spatious luxe apartment Paseo de Gracia Diagonal,"Gràcia, Barcelona",https://www.booking.com/hotel/es/spatious-luxe-apartment-paseo-de-gracia-diagonal.html?label=gen173nr-1BCAEoggI46AdSAnVzWARoRogBAZgBMbgBGcgBD9gBAegBAYgCAagCA7gCmuTXvAbAAgHSAiQ3NGM3OTk4Ni0yY2UyLTQ1NGYtOGQwZS1lZTU4ZTdhMDAwZTHYAgXgAgE&sid=735f077cb553f5b5fb1805efac5f4fa0&aid=304142&ucfs=1&arphpl=1&checkin=2025-04-01&checkout=2025-04-08&dest_id=-372490&dest_type=city&group_adults=2&req_adults=2&no_rooms=1&group_children=0&req_children=0&hpos=18&hapos=542&sr_order=popularity&srpvid=52a43c0f4b5000e9&srepoch=1737880405&all_sr_blocks=1130985901_385750156_2_0_0&highlighted_blocks=1130985901_385750156_2_0_0&matching_block_id=1130985901_385750156_2_0_0&sr_pri_blocks=1130985901_385750156_2_0_0__144750&from=searchresults
Lumine Luxury Suites by Gaiarooms,"Eixample, Barcelona",https://www.booking.com/hotel/es/lumine-luxury-suites-by-gaiarooms.html?label=gen173nr-1BCAEoggI46AdSAnVzWARoRogBAZgBMbgBGcgBD9gBAegBAYgCAagCA7gCmuTXvAbAAgHSAiQ3NGM3OTk4Ni0yY2UyLTQ1NGYtOGQwZS1lZTU4ZTdhMDAwZTHYAgXgAgE&sid=735f077cb553f5b5fb1805efac5f4fa0&aid=304142&ucfs=1&arphpl=1&checkin=2025-04-01&checkout=2025-04-08&dest_id=-372490&dest_type=city&group_adults=2&req_adults=2&no_rooms=1&group_children=0&req_children=0&hpos=19&hapos=543&sr_order=popularity&srpvid=52a43c0f4b5000e9&srepoch=1737880405&all_sr_blocks=741884002_406254591_2_0_0&highlighted_blocks=741884002_406254591_2_0_0&matching_block_id=741884002_406254591_2_0_0&sr_pri_blocks=741884002_406254591_2_0_0__117405&from=searchresults
DestinationBCN Universitat Apartments,"Eixample, Barcelona",https://www.booking.com/hotel/es/destinationbcn-apartment-suites-in-barcelona.html?label=gen173nr-1BCAEoggI46AdSAnVzWARoRogBAZgBMbgBGcgBD9gBAegBAYgCAagCA7gCmuTXvAbAAgHSAiQ3NGM3OTk4Ni0yY2UyLTQ1NGYtOGQwZS1lZTU4ZTdhMDAwZTHYAgXgAgE&sid=735f077cb553f5b5fb1805efac5f4fa0&aid=304142&ucfs=1&arphpl=1&checkin=2025-04-01&checkout=2025-04-08&dest_id=-372490&dest_type=city&group_adults=2&req_adults=2&no_rooms=1&group_children=0&req_children=0&hpos=20&hapos=544&sr_order=popularity&srpvid=52a43c0f4b5000e9&srepoch=1737880405&all_sr_blocks=44280820_356076027_0_0_0&highlighted_blocks=44280820_356076027_0_0_0&matching_block_id=44280820_356076027_0_0_0&sr_pri_blocks=44280820_356076027_0_0_0__201599&from=searchresults
Castro Exclusive Residences Sant Pau,"Horta-Guinardó, Barcelona",https://www.booking.com/hotel/es/castro-exclusive-residences-telegrafo.html?label=gen173nr-1BCAEoggI46AdSAnVzWARoRogBAZgBMbgBGcgBD9gBAegBAYgCAagCA7gCmuTXvAbAAgHSAiQ3NGM3OTk4Ni0yY2UyLTQ1NGYtOGQwZS1lZTU4ZTdhMDAwZTHYAgXgAgE&sid=735f077cb553f5b5fb1805efac5f4fa0&aid=304142&ucfs=1&arphpl=1&checkin=2025-04-01&checkout=2025-04-08&dest_id=-372490&dest_type=city&group_adults=2&req_adults=2&no_rooms=1&group_children=0&req_children=0&hpos=21&hapos=545&sr_order=popularity&srpvid=52a43c0f4b5000e9&srepoch=1737880405&all_sr_blocks=40181301_329626908_0_0_0&highlighted_blocks=40181301_329626908_0_0_0&matching_block_id=40181301_329626908_0_0_0&sr_pri_blocks=40181301_329626908_0_0_0__1027082&from=searchresults
Hotel Arts Barcelona,"Ciutat Vella, Barcelona",https://www.booking.com/hotel/es/arts-barcelona.html?label=gen173nr-1BCAEoggI46AdSAnVzWARoRogBAZgBMbgBGcgBD9gBAegBAYgCAagCA7gCmuTXvAbAAgHSAiQ3NGM3OTk4Ni0yY2UyLTQ1NGYtOGQwZS1lZTU4ZTdhMDAwZTHYAgXgAgE&sid=735f077cb553f5b5fb1805efac5f4fa0&aid=304142&ucfs=1&arphpl=1&checkin=2025-04-01&checkout=2025-04-08&dest_id=-372490&dest_type=city&group_adults=2&req_adults=2&no_rooms=1&group_children=0&req_children=0&hpos=22&hapos=546&sr_order=popularity&srpvid=52a43c0f4b5000e9&srepoch=1737880405&all_sr_blocks=1471301_246417003_3_34_0&highlighted_blocks=1471301_246417003_3_34_0&matching_block_id=1471301_246417003_3_34_0&sr_pri_blocks=1471301_246417003_3_34_0__352550&from_sustainable_property_sr=1&from=searchresults
Catalunya,"Ciutat Vella, Barcelona",https://www.booking.com/hotel/es/cataluna.html?label=gen173nr-1BCAEoggI46AdSAnVzWARoRogBAZgBMbgBGcgBD9gBAegBAYgCAagCA7gCmuTXvAbAAgHSAiQ3NGM3OTk4Ni0yY2UyLTQ1NGYtOGQwZS1lZTU4ZTdhMDAwZTHYAgXgAgE&sid=735f077cb553f5b5fb1805efac5f4fa0&aid=304142&ucfs=1&arphpl=1&checkin=2025-04-01&checkout=2025-04-08&dest_id=-372490&dest_type=city&group_adults=2&req_adults=2&no_rooms=1&group_children=0&req_children=0&hpos=23&hapos=547&sr_order=popularity&srpvid=52a43c0f4b5000e9&srepoch=1737880405&all_sr_blocks=9096309_88190291_0_0_0&highlighted_blocks=9096309_88190291_0_0_0&matching_block_id=9096309_88190291_0_0_0&sr_pri_blocks=9096309_88190291_0_0_0__136037&from=searchresults
Sweett - Villarroel,"Eixample, Barcelona",https://www.booking.com/hotel/es/sweet-inn-villarroel.html?label=gen173nr-1BCAEoggI46AdSAnVzWARoRogBAZgBMbgBGcgBD9gBAegBAYgCAagCA7gCmuTXvAbAAgHSAiQ3NGM3OTk4Ni0yY2UyLTQ1NGYtOGQwZS1lZTU4ZTdhMDAwZTHYAgXgAgE&sid=735f077cb553f5b5fb1805efac5f4fa0&aid=304142&ucfs=1&arphpl=1&checkin=2025-04-01&checkout=2025-04-08&dest_id=-372490&dest_type=city&group_adults=2&req_adults=2&no_rooms=1&group_children=0&req_children=0&hpos=24&hapos=548&sr_order=popularity&srpvid=52a43c0f4b5000e9&srepoch=1737880405&all_sr_blocks=847534204_351852664_4_0_0&highlighted_blocks=847534204_351852664_4_0_0&matching_block_id=847534204_351852664_4_0_0&sr_pri_blocks=847534204_351852664_4_0_0__229812&from=searchresults
Cosmopolitan Boutique Rambla,"Eixample, Barcelona",https://www.booking.com/hotel/es/barna-hostal.html?label=gen173nr-1BCAEoggI46AdSAnVzWARoRogBAZgBMbgBGcgBD9gBAegBAYgCAagCA7gCmuTXvAbAAgHSAiQ3NGM3OTk4Ni0yY2UyLTQ1NGYtOGQwZS1lZTU4ZTdhMDAwZTHYAgXgAgE&sid=735f077cb553f5b5fb1805efac5f4fa0&aid=304142&ucfs=1&arphpl=1&checkin=2025-04-01&checkout=2025-04-08&dest_id=-372490&dest_type=city&group_adults=2&req_adults=2&no_rooms=1&group_children=0&req_children=0&hpos=1&hapos=549&sr_order=popularity&srpvid=52a43c0f4b5000e9&srepoch=1737880408&all_sr_blocks=25882013_88496264_2_2_0&highlighted_blocks=25882013_88496264_2_2_0&matching_block_id=25882013_88496264_2_2_0&sr_pri_blocks=25882013_88496264_2_2_0__171320&from=searchresults
Tendency Apartments 5,"Eixample, Barcelona",https://www.booking.com/hotel/es/tendency-apartments-5.html?label=gen173nr-1BCAEoggI46AdSAnVzWARoRogBAZgBMbgBGcgBD9gBAegBAYgCAagCA7gCmuTXvAbAAgHSAiQ3NGM3OTk4Ni0yY2UyLTQ1NGYtOGQwZS1lZTU4ZTdhMDAwZTHYAgXgAgE&sid=735f077cb553f5b5fb1805efac5f4fa0&aid=304142&ucfs=1&arphpl=1&checkin=2025-04-01&checkout=2025-04-08&dest_id=-372490&dest_type=city&group_adults=2&req_adults=2&no_rooms=1&group_children=0&req_children=0&hpos=2&hapos=550&sr_order=popularity&srpvid=52a43c0f4b5000e9&srepoch=1737880408&all_sr_blocks=84333906_372482590_5_0_0&highlighted_blocks=84333906_372482590_5_0_0&matching_block_id=84333906_372482590_5_0_0&sr_pri_blocks=84333906_372482590_5_0_0__294671&from=searchresults
"Alexandra Barcelona Hotel, Curio Collection by Hilton","Eixample, Barcelona",https://www.booking.com/hotel/es/alexandra.html?label=gen173nr-1BCAEoggI46AdSAnVzWARoRogBAZgBMbgBGcgBD9gBAegBAYgCAagCA7gCmuTXvAbAAgHSAiQ3NGM3OTk4Ni0yY2UyLTQ1NGYtOGQwZS1lZTU4ZTdhMDAwZTHYAgXgAgE&sid=735f077cb553f5b5fb1805efac5f4fa0&aid=304142&ucfs=1&arphpl=1&checkin=2025-04-01&checkout=2025-04-08&dest_id=-372490&dest_type=city&group_adults=2&req_adults=2&no_rooms=1&group_children=0&req_children=0&hpos=3&hapos=551&sr_order=popularity&srpvid=52a43c0f4b5000e9&srepoch=1737880408&all_sr_blocks=9071638_93708958_2_42_0&highlighted_blocks=9071638_93708958_2_42_0&matching_block_id=9071638_93708958_2_42_0&sr_pri_blocks=9071638_93708958_2_42_0__189064&from_sustainable_property_sr=1&from=searchresults
Sensation Sagrada Familia,"Eixample, Barcelona",https://www.booking.com/hotel/es/sensation-sagrada-familia.html?label=gen173nr-1BCAEoggI46AdSAnVzWARoRogBAZgBMbgBGcgBD9gBAegBAYgCAagCA7gCmuTXvAbAAgHSAiQ3NGM3OTk4Ni0yY2UyLTQ1NGYtOGQwZS1lZTU4ZTdhMDAwZTHYAgXgAgE&sid=735f077cb553f5b5fb1805efac5f4fa0&aid=304142&ucfs=1&arphpl=1&checkin=2025-04-01&checkout=2025-04-08&dest_id=-372490&dest_type=city&group_adults=2&req_adults=2&no_rooms=1&group_children=0&req_children=0&hpos=4&hapos=552&sr_order=popularity&srpvid=52a43c0f4b5000e9&srepoch=1737880408&all_sr_blocks=33262803_88498037_2_0_0&highlighted_blocks=33262803_88498037_2_0_0&matching_block_id=33262803_88498037_2_0_0&sr_pri_blocks=33262803_88498037_2_0_0__207284&from=searchresults
Rambla 102,"Ciutat Vella, Barcelona",https://www.booking.com/hotel/es/rambla-102.html?label=gen173nr-1BCAEoggI46AdSAnVzWARoRogBAZgBMbgBGcgBD9gBAegBAYgCAagCA7gCmuTXvAbAAgHSAiQ3NGM3OTk4Ni0yY2UyLTQ1NGYtOGQwZS1lZTU4ZTdhMDAwZTHYAgXgAgE&sid=735f077cb553f5b5fb1805efac5f4fa0&aid=304142&ucfs=1&arphpl=1&checkin=2025-04-01&checkout=2025-04-08&dest_id=-372490&dest_type=city&group_adults=2&req_adults=2&no_rooms=1&group_children=0&req_children=0&hpos=5&hapos=553&sr_order=popularity&srpvid=52a43c0f4b5000e9&srepoch=1737880408&all_sr_blocks=100431604_376445518_0_0_0_370919&highlighted_blocks=100431604_376445518_0_0_0_370919&matching_block_id=100431604_376445518_0_0_0_370919&sr_pri_blocks=100431604_376445518_0_0_0_370919_323632&from=searchresults
MAB1 - Apartment with private terrace in Sants,"Sants-Montjuïc, Barcelona",https://www.booking.com/hotel/es/mab1-apartment-with-private-terrace-in-sants.html?label=gen173nr-1BCAEoggI46AdSAnVzWARoRogBAZgBMbgBGcgBD9gBAegBAYgCAagCA7gCmuTXvAbAAgHSAiQ3NGM3OTk4Ni0yY2UyLTQ1NGYtOGQwZS1lZTU4ZTdhMDAwZTHYAgXgAgE&sid=735f077cb553f5b5fb1805efac5f4fa0&aid=304142&ucfs=1&arphpl=1&checkin=2025-04-01&checkout=2025-04-08&dest_id=-372490&dest_type=city&group_adults=2&req_adults=2&no_rooms=1&group_children=0&req_children=0&hpos=6&hapos=554&sr_order=popularity&srpvid=52a43c0f4b5000e9&srepoch=1737880408&all_sr_blocks=1296312501_402543906_3_0_0&highlighted_blocks=1296312501_402543906_3_0_0&matching_block_id=1296312501_402543906_3_0_0&sr_pri_blocks=1296312501_402543906_3_0_0__97797&from=searchresults
Apartments Barcelona & Home Deco Eixample,"Eixample, Barcelona",https://www.booking.com/hotel/es/apartments-barcelona-home-deco.html?label=gen173nr-1BCAEoggI46AdSAnVzWARoRogBAZgBMbgBGcgBD9gBAegBAYgCAagCA7gCmuTXvAbAAgHSAiQ3NGM3OTk4Ni0yY2UyLTQ1NGYtOGQwZS1lZTU4ZTdhMDAwZTHYAgXgAgE&sid=735f077cb553f5b5fb1805efac5f4fa0&aid=304142&ucfs=1&arphpl=1&checkin=2025-04-01&checkout=2025-04-08&dest_id=-372490&dest_type=city&group_adults=2&req_adults=2&no_rooms=1&group_children=0&req_children=0&hpos=7&hapos=555&sr_order=popularity&srpvid=52a43c0f4b5000e9&srepoch=1737880408&all_sr_blocks=54013609_295280681_2_0_0&highlighted_blocks=54013609_295280681_2_0_0&matching_block_id=54013609_295280681_2_0_0&sr_pri_blocks=54013609_295280681_2_0_0__247232&from=searchresults
Aspasios Sagrada Familia Apartments,"Eixample, Barcelona",https://www.booking.com/hotel/es/aspasios-sagrada-familia-apartments-barcelona.html?label=gen173nr-1BCAEoggI46AdSAnVzWARoRogBAZgBMbgBGcgBD9gBAegBAYgCAagCA7gCmuTXvAbAAgHSAiQ3NGM3OTk4Ni0yY2UyLTQ1NGYtOGQwZS1lZTU4ZTdhMDAwZTHYAgXgAgE&sid=735f077cb553f5b5fb1805efac5f4fa0&aid=304142&ucfs=1&arphpl=1&checkin=2025-04-01&checkout=2025-04-08&dest_id=-372490&dest_type=city&group_adults=2&req_adults=2&no_rooms=1&group_children=0&req_children=0&hpos=8&hapos=556&sr_order=popularity&srpvid=52a43c0f4b5000e9&srepoch=1737880408&all_sr_blocks=346552102_117296826_5_0_0&highlighted_blocks=346552102_117296826_5_0_0&matching_block_id=346552102_117296826_5_0_0&sr_pri_blocks=346552102_117296826_5_0_0__235232&from=searchresults
Hotel Casa Bonay,"Eixample, Barcelona",https://www.booking.com/hotel/es/casa-bonay.html?label=gen173nr-1BCAEoggI46AdSAnVzWARoRogBAZgBMbgBGcgBD9gBAegBAYgCAagCA7gCmuTXvAbAAgHSAiQ3NGM3OTk4Ni0yY2UyLTQ1NGYtOGQwZS1lZTU4ZTdhMDAwZTHYAgXgAgE&sid=735f077cb553f5b5fb1805efac5f4fa0&aid=304142&ucfs=1&arphpl=1&checkin=2025-04-01&checkout=2025-04-08&dest_id=-372490&dest_type=city&group_adults=2&req_adults=2&no_rooms=1&group_children=0&req_children=0&hpos=9&hapos=557&sr_order=popularity&srpvid=52a43c0f4b5000e9&srepoch=1737880408&all_sr_blocks=151190107_120204754_2_2_0&highlighted_blocks=151190107_120204754_2_2_0&matching_block_id=151190107_120204754_2_2_0&sr_pri_blocks=151190107_120204754_2_2_0__232360&from_sustainable_property_sr=1&from=searchresults
Montaber Apartment - Trafalgar,"Eixample, Barcelona",https://www.booking.com/hotel/es/montaber-apartment-trafalgar.html?label=gen173nr-1BCAEoggI46AdSAnVzWARoRogBAZgBMbgBGcgBD9gBAegBAYgCAagCA7gCmuTXvAbAAgHSAiQ3NGM3OTk4Ni0yY2UyLTQ1NGYtOGQwZS1lZTU4ZTdhMDAwZTHYAgXgAgE&sid=735f077cb553f5b5fb1805efac5f4fa0&aid=304142&ucfs=1&arphpl=1&checkin=2025-04-01&checkout=2025-04-08&dest_id=-372490&dest_type=city&group_adults=2&req_adults=2&no_rooms=1&group_children=0&req_children=0&hpos=10&hapos=558&sr_order=popularity&srpvid=52a43c0f4b5000e9&srepoch=1737880408&all_sr_blocks=322844401_114527662_2_0_0&highlighted_blocks=322844401_114527662_2_0_0&matching_block_id=322844401_114527662_2_0_0&sr_pri_blocks=322844401_114527662_2_0_0__175582&from=searchresults
YOUTH HOSTEL - Central and Basic Drassanes,"Ciutat Vella, Barcelona",https://www.booking.com/hotel/es/pensia3n-sola-rium.html?label=gen173nr-1BCAEoggI46AdSAnVzWARoRogBAZgBMbgBGcgBD9gBAegBAYgCAagCA7gCmuTXvAbAAgHSAiQ3NGM3OTk4Ni0yY2UyLTQ1NGYtOGQwZS1lZTU4ZTdhMDAwZTHYAgXgAgE&sid=735f077cb553f5b5fb1805efac5f4fa0&aid=304142&ucfs=1&arphpl=1&checkin=2025-04-01&checkout=2025-04-08&dest_id=-372490&dest_type=city&group_adults=2&req_adults=2&no_rooms=1&group_children=0&req_children=0&hpos=11&hapos=559&sr_order=popularity&srpvid=52a43c0f4b5000e9&srepoch=1737880408&all_sr_blocks=34899001_88498327_2_0_0&highlighted_blocks=34899001_88498327_2_0_0&matching_block_id=34899001_88498327_2_0_0&sr_pri_blocks=34899001_88498327_2_0_0__69585&from=searchresults
Housalia Sagrada Familia Views,"Eixample, Barcelona",https://www.booking.com/hotel/es/lodging-apartments-gaudi-views.html?label=gen173nr-1BCAEoggI46AdSAnVzWARoRogBAZgBMbgBGcgBD9gBAegBAYgCAagCA7gCmuTXvAbAAgHSAiQ3NGM3OTk4Ni0yY2UyLTQ1NGYtOGQwZS1lZTU4ZTdhMDAwZTHYAgXgAgE&sid=735f077cb553f5b5fb1805efac5f4fa0&aid=304142&ucfs=1&arphpl=1&checkin=2025-04-01&checkout=2025-04-08&dest_id=-372490&dest_type=city&group_adults=2&req_adults=2&no_rooms=1&group_children=0&req_children=0&hpos=12&hapos=560&sr_order=popularity&srpvid=52a43c0f4b5000e9&srepoch=1737880408&all_sr_blocks=641218602_367260833_0_0_0&highlighted_blocks=641218602_367260833_0_0_0&matching_block_id=641218602_367260833_0_0_0&sr_pri_blocks=641218602_367260833_0_0_0__210404&from=searchresults
Apartamentos Navas,"Sant Andreu, Barcelona",https://www.booking.com/hotel/es/apartamentos-navas.html?label=gen173nr-1BCAEoggI46AdSAnVzWARoRogBAZgBMbgBGcgBD9gBAegBAYgCAagCA7gCmuTXvAbAAgHSAiQ3NGM3OTk4Ni0yY2UyLTQ1NGYtOGQwZS1lZTU4ZTdhMDAwZTHYAgXgAgE&sid=735f077cb553f5b5fb1805efac5f4fa0&aid=304142&ucfs=1&arphpl=1&checkin=2025-04-01&checkout=2025-04-08&dest_id=-372490&dest_type=city&group_adults=2&req_adults=2&no_rooms=1&group_children=0&req_children=0&hpos=13&hapos=561&sr_order=popularity&srpvid=52a43c0f4b5000e9&srepoch=1737880408&all_sr_blocks=53628202_88501720_2_0_0_346904&highlighted_blocks=53628202_88501720_2_0_0_346904&matching_block_id=53628202_88501720_2_0_0_346904&sr_pri_blocks=53628202_88501720_2_0_0_346904_155091&from=searchresults
Urbany Hostel Barcelona,"Sant Martí, Barcelona",https://www.booking.com/hotel/es/barcelona-urbany-hostel.html?label=gen173nr-1BCAEoggI46AdSAnVzWARoRogBAZgBMbgBGcgBD9gBAegBAYgCAagCA7gCmuTXvAbAAgHSAiQ3NGM3OTk4Ni0yY2UyLTQ1NGYtOGQwZS1lZTU4ZTdhMDAwZTHYAgXgAgE&sid=735f077cb553f5b5fb1805efac5f4fa0&aid=304142&ucfs=1&arphpl=1&checkin=2025-04-01&checkout=2025-04-08&dest_id=-372490&dest_type=city&group_adults=2&req_adults=2&no_rooms=1&group_children=0&req_children=0&hpos=14&hapos=562&sr_order=popularity&srpvid=52a43c0f4b5000e9&srepoch=1737880408&all_sr_blocks=1484203_95139582_2_0_0&highlighted_blocks=1484203_95139582_2_0_0&matching_block_id=1484203_95139582_2_0_0&sr_pri_blocks=1484203_95139582_2_0_0__100396&from_sustainable_property_sr=1&from=searchresults
Pierre & Vacances Barcelona Sants,"Sants-Montjuïc, Barcelona",https://www.booking.com/hotel/es/pierre-amp-vacances-barcelona.html?label=gen173nr-1BCAEoggI46AdSAnVzWARoRogBAZgBMbgBGcgBD9gBAegBAYgCAagCA7gCmuTXvAbAAgHSAiQ3NGM3OTk4Ni0yY2UyLTQ1NGYtOGQwZS1lZTU4ZTdhMDAwZTHYAgXgAgE&sid=735f077cb553f5b5fb1805efac5f4fa0&aid=304142&ucfs=1&arphpl=1&checkin=2025-04-01&checkout=2025-04-08&dest_id=-372490&dest_type=city&group_adults=2&req_adults=2&no_rooms=1&group_children=0&req_children=0&hpos=15&hapos=563&sr_order=popularity&srpvid=52a43c0f4b5000e9&srepoch=1737880408&all_sr_blocks=47042701_91475075_3_0_0&highlighted_blocks=47042701_91475075_3_0_0&matching_block_id=47042701_91475075_3_0_0&sr_pri_blocks=47042701_91475075_3_0_0__125107&from=searchresults
Hotel Everest,"Horta-Guinardó, Barcelona",https://www.booking.com/hotel/es/everest.html?label=gen173nr-1BCAEoggI46AdSAnVzWARoRogBAZgBMbgBGcgBD9gBAegBAYgCAagCA7gCmuTXvAbAAgHSAiQ3NGM3OTk4Ni0yY2UyLTQ1NGYtOGQwZS1lZTU4ZTdhMDAwZTHYAgXgAgE&sid=735f077cb553f5b5fb1805efac5f4fa0&aid=304142&ucfs=1&arphpl=1&checkin=2025-04-01&checkout=2025-04-08&dest_id=-372490&dest_type=city&group_adults=2&req_adults=2&no_rooms=1&group_children=0&req_children=0&hpos=16&hapos=564&sr_order=popularity&srpvid=52a43c0f4b5000e9&srepoch=1737880408&all_sr_blocks=17550702_88450739_0_0_0&highlighted_blocks=17550702_88450739_0_0_0&matching_block_id=17550702_88450739_0_0_0&sr_pri_blocks=17550702_88450739_0_0_0__137200&from=searchresults
Arrivo Apartments,"Eixample, Barcelona",https://www.booking.com/hotel/es/arrivo-stay.html?label=gen173nr-1BCAEoggI46AdSAnVzWARoRogBAZgBMbgBGcgBD9gBAegBAYgCAagCA7gCmuTXvAbAAgHSAiQ3NGM3OTk4Ni0yY2UyLTQ1NGYtOGQwZS1lZTU4ZTdhMDAwZTHYAgXgAgE&sid=735f077cb553f5b5fb1805efac5f4fa0&aid=304142&ucfs=1&arphpl=1&checkin=2025-04-01&checkout=2025-04-08&dest_id=-372490&dest_type=city&group_adults=2&req_adults=2&no_rooms=1&group_children=0&req_children=0&hpos=17&hapos=565&sr_order=popularity&srpvid=52a43c0f4b5000e9&srepoch=1737880408&all_sr_blocks=975943302_369955510_5_0_0&highlighted_blocks=975943302_369955510_5_0_0&matching_block_id=975943302_369955510_5_0_0&sr_pri_blocks=975943302_369955510_5_0_0__196412&from=searchresults
Click&Flat Luxury cabanyes,"Sants-Montjuïc, Barcelona",https://www.booking.com/hotel/es/luxury-cabanyes.html?label=gen173nr-1BCAEoggI46AdSAnVzWARoRogBAZgBMbgBGcgBD9gBAegBAYgCAagCA7gCmuTXvAbAAgHSAiQ3NGM3OTk4Ni0yY2UyLTQ1NGYtOGQwZS1lZTU4ZTdhMDAwZTHYAgXgAgE&sid=735f077cb553f5b5fb1805efac5f4fa0&aid=304142&ucfs=1&arphpl=1&checkin=2025-04-01&checkout=2025-04-08&dest_id=-372490&dest_type=city&group_adults=2&req_adults=2&no_rooms=1&group_children=0&req_children=0&hpos=18&hapos=566&sr_order=popularity&srpvid=52a43c0f4b5000e9&srepoch=1737880408&all_sr_blocks=746780302_330891570_2_0_0&highlighted_blocks=746780302_330891570_2_0_0&matching_block_id=746780302_330891570_2_0_0&sr_pri_blocks=746780302_330891570_2_0_0__154315&from=searchresults
Sunny Days Apartments Barcelona,"Ciutat Vella, Barcelona",https://www.booking.com/hotel/es/sunny-days-apartments-barcelona.html?label=gen173nr-1BCAEoggI46AdSAnVzWARoRogBAZgBMbgBGcgBD9gBAegBAYgCAagCA7gCmuTXvAbAAgHSAiQ3NGM3OTk4Ni0yY2UyLTQ1NGYtOGQwZS1lZTU4ZTdhMDAwZTHYAgXgAgE&sid=735f077cb553f5b5fb1805efac5f4fa0&aid=304142&ucfs=1&arphpl=1&checkin=2025-04-01&checkout=2025-04-08&dest_id=-372490&dest_type=city&group_adults=2&req_adults=2&no_rooms=1&group_children=0&req_children=0&hpos=19&hapos=567&sr_order=popularity&srpvid=52a43c0f4b5000e9&srepoch=1737880408&all_sr_blocks=1214702001_407129771_2_0_0_714495&highlighted_blocks=1214702001_407129771_2_0_0_714495&matching_block_id=1214702001_407129771_2_0_0_714495&sr_pri_blocks=1214702001_407129771_2_0_0_714495_219632&from=searchresults
LetsGo Sagrada Familia Penthouse,"Eixample, Barcelona",https://www.booking.com/hotel/es/letsgo-sagrada-familia-penthouse.html?label=gen173nr-1BCAEoggI46AdSAnVzWARoRogBAZgBMbgBGcgBD9gBAegBAYgCAagCA7gCmuTXvAbAAgHSAiQ3NGM3OTk4Ni0yY2UyLTQ1NGYtOGQwZS1lZTU4ZTdhMDAwZTHYAgXgAgE&sid=735f077cb553f5b5fb1805efac5f4fa0&aid=304142&ucfs=1&arphpl=1&checkin=2025-04-01&checkout=2025-04-08&dest_id=-372490&dest_type=city&group_adults=2&req_adults=2&no_rooms=1&group_children=0&req_children=0&hpos=20&hapos=568&sr_order=popularity&srpvid=52a43c0f4b5000e9&srepoch=1737880408&all_sr_blocks=103221801_388531634_4_0_0&highlighted_blocks=103221801_388531634_4_0_0&matching_block_id=103221801_388531634_4_0_0&sr_pri_blocks=103221801_388531634_4_0_0__267292&from=searchresults
Evenia Rossello,"Eixample, Barcelona",https://www.booking.com/hotel/es/cotursarosello.html?label=gen173nr-1BCAEoggI46AdSAnVzWARoRogBAZgBMbgBGcgBD9gBAegBAYgCAagCA7gCmuTXvAbAAgHSAiQ3NGM3OTk4Ni0yY2UyLTQ1NGYtOGQwZS1lZTU4ZTdhMDAwZTHYAgXgAgE&sid=735f077cb553f5b5fb1805efac5f4fa0&aid=304142&ucfs=1&arphpl=1&checkin=2025-04-01&checkout=2025-04-08&dest_id=-372490&dest_type=city&group_adults=2&req_adults=2&no_rooms=1&group_children=0&req_children=0&hpos=21&hapos=569&sr_order=popularity&srpvid=52a43c0f4b5000e9&srepoch=1737880408&all_sr_blocks=9098002_88190331_0_34_0&highlighted_blocks=9098002_88190331_0_34_0&matching_block_id=9098002_88190331_0_34_0&sr_pri_blocks=9098002_88190331_0_34_0__138314&from_sustainable_property_sr=1&from=searchresults
360 Hostel Borne,"Eixample, Barcelona",https://www.booking.com/hotel/es/360-hostel-barcelona-arts-amp-culture.html?label=gen173nr-1BCAEoggI46AdSAnVzWARoRogBAZgBMbgBGcgBD9gBAegBAYgCAagCA7gCmuTXvAbAAgHSAiQ3NGM3OTk4Ni0yY2UyLTQ1NGYtOGQwZS1lZTU4ZTdhMDAwZTHYAgXgAgE&sid=735f077cb553f5b5fb1805efac5f4fa0&aid=304142&ucfs=1&arphpl=1&checkin=2025-04-01&checkout=2025-04-08&dest_id=-372490&dest_type=city&group_adults=2&req_adults=2&no_rooms=1&group_children=0&req_children=0&hpos=22&hapos=570&sr_order=popularity&srpvid=52a43c0f4b5000e9&srepoch=1737880408&all_sr_blocks=83613509_88211589_0_0_0&highlighted_blocks=83613509_88211589_0_0_0&matching_block_id=83613509_88211589_0_0_0&sr_pri_blocks=83613509_88211589_0_0_0__129020&from=searchresults
Casa Vaganto,"Sants-Montjuïc, Barcelona",https://www.booking.com/hotel/es/casa-vaganto.html?label=gen173nr-1BCAEoggI46AdSAnVzWARoRogBAZgBMbgBGcgBD9gBAegBAYgCAagCA7gCmuTXvAbAAgHSAiQ3NGM3OTk4Ni0yY2UyLTQ1NGYtOGQwZS1lZTU4ZTdhMDAwZTHYAgXgAgE&sid=735f077cb553f5b5fb1805efac5f4fa0&aid=304142&ucfs=1&arphpl=1&checkin=2025-04-01&checkout=2025-04-08&dest_id=-372490&dest_type=city&group_adults=2&req_adults=2&no_rooms=1&group_children=0&req_children=0&hpos=23&hapos=571&sr_order=popularity&srpvid=52a43c0f4b5000e9&srepoch=1737880408&all_sr_blocks=373420104_120046368_0_0_0&highlighted_blocks=373420104_120046368_0_0_0&matching_block_id=373420104_120046368_0_0_0&sr_pri_blocks=373420104_120046368_0_0_0__122989&from=searchresults
Picasso Suites,"Eixample, Barcelona",https://www.booking.com/hotel/es/picasso-suites.html?label=gen173nr-1BCAEoggI46AdSAnVzWARoRogBAZgBMbgBGcgBD9gBAegBAYgCAagCA7gCmuTXvAbAAgHSAiQ3NGM3OTk4Ni0yY2UyLTQ1NGYtOGQwZS1lZTU4ZTdhMDAwZTHYAgXgAgE&sid=735f077cb553f5b5fb1805efac5f4fa0&aid=304142&ucfs=1&arphpl=1&checkin=2025-04-01&checkout=2025-04-08&dest_id=-372490&dest_type=city&group_adults=2&req_adults=2&no_rooms=1&group_children=0&req_children=0&hpos=24&hapos=572&sr_order=popularity&srpvid=52a43c0f4b5000e9&srepoch=1737880408&all_sr_blocks=78611109_360639508_2_0_0&highlighted_blocks=78611109_360639508_2_0_0&matching_block_id=78611109_360639508_2_0_0&sr_pri_blocks=78611109_360639508_2_0_0__245146&from=searchresults
Aspasios Catedral Apartments,"Ciutat Vella, Barcelona",https://www.booking.com/hotel/es/duran-i-bas.html?label=gen173nr-1BCAEoggI46AdSAnVzWARoRogBAZgBMbgBGcgBD9gBAegBAYgCAagCA7gCmuTXvAbAAgHSAiQ3NGM3OTk4Ni0yY2UyLTQ1NGYtOGQwZS1lZTU4ZTdhMDAwZTHYAgXgAgE&sid=735f077cb553f5b5fb1805efac5f4fa0&aid=304142&ucfs=1&arphpl=1&checkin=2025-04-01&checkout=2025-04-08&dest_id=-372490&dest_type=city&group_adults=2&req_adults=2&no_rooms=1&group_children=0&req_children=0&hpos=25&hapos=573&sr_order=popularity&srpvid=52a43c0f4b5000e9&srepoch=1737880408&all_sr_blocks=31829407_88497812_4_0_0&highlighted_blocks=31829407_88497812_4_0_0&matching_block_id=31829407_88497812_4_0_0&sr_pri_blocks=31829407_88497812_4_0_0__206465&from=searchresults
Urban Flats Vallirana,"Sarrià-St. Gervasi, Barcelona",https://www.booking.com/hotel/es/lucasland-vallirana.html?label=gen173nr-1BCAEoggI46AdSAnVzWARoRogBAZgBMbgBGcgBD9gBAegBAYgCAagCA7gCmuTXvAbAAgHSAiQ3NGM3OTk4Ni0yY2UyLTQ1NGYtOGQwZS1lZTU4ZTdhMDAwZTHYAgXgAgE&sid=735f077cb553f5b5fb1805efac5f4fa0&aid=304142&ucfs=1&arphpl=1&checkin=2025-04-01&checkout=2025-04-08&dest_id=-372490&dest_type=city&group_adults=2&req_adults=2&no_rooms=1&group_children=0&req_children=0&hpos=1&hapos=574&sr_order=popularity&srpvid=52a43c0f4b5000e9&srepoch=1737880411&all_sr_blocks=992974003_372249617_2_0_0&highlighted_blocks=992974003_372249617_2_0_0&matching_block_id=992974003_372249617_2_0_0&sr_pri_blocks=992974003_372249617_2_0_0__153631&from=searchresults
Happy People Gaudi Sant Pau Apartments,"Sant Martí, Barcelona",https://www.booking.com/hotel/es/happy-people-sagrada-familia-apartments.html?label=gen173nr-1BCAEoggI46AdSAnVzWARoRogBAZgBMbgBGcgBD9gBAegBAYgCAagCA7gCmuTXvAbAAgHSAiQ3NGM3OTk4Ni0yY2UyLTQ1NGYtOGQwZS1lZTU4ZTdhMDAwZTHYAgXgAgE&sid=735f077cb553f5b5fb1805efac5f4fa0&aid=304142&ucfs=1&arphpl=1&checkin=2025-04-01&checkout=2025-04-08&dest_id=-372490&dest_type=city&group_adults=2&req_adults=2&no_rooms=1&group_children=0&req_children=0&hpos=2&hapos=575&sr_order=popularity&srpvid=52a43c0f4b5000e9&srepoch=1737880411&all_sr_blocks=59281407_91935566_0_0_0&highlighted_blocks=59281407_91935566_0_0_0&matching_block_id=59281407_91935566_0_0_0&sr_pri_blocks=59281407_91935566_0_0_0__175232&from=searchresults
"Hotel Indigo Barcelona - Plaza Catalunya 4Sup, an IHG Hotel","Eixample, Barcelona",https://www.booking.com/hotel/es/barcelona-plaza-catalunya.html?label=gen173nr-1BCAEoggI46AdSAnVzWARoRogBAZgBMbgBGcgBD9gBAegBAYgCAagCA7gCmuTXvAbAAgHSAiQ3NGM3OTk4Ni0yY2UyLTQ1NGYtOGQwZS1lZTU4ZTdhMDAwZTHYAgXgAgE&sid=735f077cb553f5b5fb1805efac5f4fa0&aid=304142&ucfs=1&arphpl=1&checkin=2025-04-01&checkout=2025-04-08&dest_id=-372490&dest_type=city&group_adults=2&req_adults=2&no_rooms=1&group_children=0&req_children=0&hpos=3&hapos=576&sr_order=popularity&srpvid=52a43c0f4b5000e9&srepoch=1737880411&all_sr_blocks=46134012_96703805_2_2_0&highlighted_blocks=46134012_96703805_2_2_0&matching_block_id=46134012_96703805_2_2_0&sr_pri_blocks=46134012_96703805_2_2_0__175171&from=searchresults
Barcelona Beach Breeze,"Sant Martí, Barcelona",https://www.booking.com/hotel/es/barcelona-beach-breeze.html?label=gen173nr-1BCAEoggI46AdSAnVzWARoRogBAZgBMbgBGcgBD9gBAegBAYgCAagCA7gCmuTXvAbAAgHSAiQ3NGM3OTk4Ni0yY2UyLTQ1NGYtOGQwZS1lZTU4ZTdhMDAwZTHYAgXgAgE&sid=735f077cb553f5b5fb1805efac5f4fa0&aid=304142&ucfs=1&arphpl=1&checkin=2025-04-01&checkout=2025-04-08&dest_id=-372490&dest_type=city&group_adults=2&req_adults=2&no_rooms=1&group_children=0&req_children=0&hpos=4&hapos=577&sr_order=popularity&srpvid=52a43c0f4b5000e9&srepoch=1737880411&all_sr_blocks=1063281201_382334963_5_0_0&highlighted_blocks=1063281201_382334963_5_0_0&matching_block_id=1063281201_382334963_5_0_0&sr_pri_blocks=1063281201_382334963_5_0_0__212679&from=searchresults
MH Apartments S. Familia,"Eixample, Barcelona",https://www.booking.com/hotel/es/mh-apartments-sagrada-familia.html?label=gen173nr-1BCAEoggI46AdSAnVzWARoRogBAZgBMbgBGcgBD9gBAegBAYgCAagCA7gCmuTXvAbAAgHSAiQ3NGM3OTk4Ni0yY2UyLTQ1NGYtOGQwZS1lZTU4ZTdhMDAwZTHYAgXgAgE&sid=735f077cb553f5b5fb1805efac5f4fa0&aid=304142&ucfs=1&arphpl=1&checkin=2025-04-01&checkout=2025-04-08&dest_id=-372490&dest_type=city&group_adults=2&req_adults=2&no_rooms=1&group_children=0&req_children=0&hpos=5&hapos=578&sr_order=popularity&srpvid=52a43c0f4b5000e9&srepoch=1737880411&all_sr_blocks=9360201_403038617_2_0_0_161288&highlighted_blocks=9360201_403038617_2_0_0_161288&matching_block_id=9360201_403038617_2_0_0_161288&sr_pri_blocks=9360201_403038617_2_0_0_161288_181932&from=searchresults
1208 - EXCLUSIVE DESIGN APARTMENT,"Eixample, Barcelona",https://www.booking.com/hotel/es/1208-exclusive-design-apartment.html?label=gen173nr-1BCAEoggI46AdSAnVzWARoRogBAZgBMbgBGcgBD9gBAegBAYgCAagCA7gCmuTXvAbAAgHSAiQ3NGM3OTk4Ni0yY2UyLTQ1NGYtOGQwZS1lZTU4ZTdhMDAwZTHYAgXgAgE&sid=735f077cb553f5b5fb1805efac5f4fa0&aid=304142&ucfs=1&arphpl=1&checkin=2025-04-01&checkout=2025-04-08&dest_id=-372490&dest_type=city&group_adults=2&req_adults=2&no_rooms=1&group_children=0&req_children=0&hpos=6&hapos=579&sr_order=popularity&srpvid=52a43c0f4b5000e9&srepoch=1737880411&all_sr_blocks=718161701_301532565_4_0_0_611607&highlighted_blocks=718161701_301532565_4_0_0_611607&matching_block_id=718161701_301532565_4_0_0_611607&sr_pri_blocks=718161701_301532565_4_0_0_611607_323845&from=searchresults
Tendency Apartments 3,"Sant Martí, Barcelona",https://www.booking.com/hotel/es/tendency-group-apartments-3.html?label=gen173nr-1BCAEoggI46AdSAnVzWARoRogBAZgBMbgBGcgBD9gBAegBAYgCAagCA7gCmuTXvAbAAgHSAiQ3NGM3OTk4Ni0yY2UyLTQ1NGYtOGQwZS1lZTU4ZTdhMDAwZTHYAgXgAgE&sid=735f077cb553f5b5fb1805efac5f4fa0&aid=304142&ucfs=1&arphpl=1&checkin=2025-04-01&checkout=2025-04-08&dest_id=-372490&dest_type=city&group_adults=2&req_adults=2&no_rooms=1&group_children=0&req_children=0&hpos=7&hapos=580&sr_order=popularity&srpvid=52a43c0f4b5000e9&srepoch=1737880411&all_sr_blocks=27884002_372482598_3_0_0&highlighted_blocks=27884002_372482598_3_0_0&matching_block_id=27884002_372482598_3_0_0&sr_pri_blocks=27884002_372482598_3_0_0__154710&from=searchresults
Stay U-nique Apartments Torre d'En Damians II,"Sants-Montjuïc, Barcelona",https://www.booking.com/hotel/es/beautiful-apartment-close-to-plaza-espana.html?label=gen173nr-1BCAEoggI46AdSAnVzWARoRogBAZgBMbgBGcgBD9gBAegBAYgCAagCA7gCmuTXvAbAAgHSAiQ3NGM3OTk4Ni0yY2UyLTQ1NGYtOGQwZS1lZTU4ZTdhMDAwZTHYAgXgAgE&sid=735f077cb553f5b5fb1805efac5f4fa0&aid=304142&ucfs=1&arphpl=1&checkin=2025-04-01&checkout=2025-04-08&dest_id=-372490&dest_type=city&group_adults=2&req_adults=2&no_rooms=1&group_children=0&req_children=0&hpos=8&hapos=581&sr_order=popularity&srpvid=52a43c0f4b5000e9&srepoch=1737880411&all_sr_blocks=1072284905_379823171_0_0_0&highlighted_blocks=1072284905_379823171_0_0_0&matching_block_id=1072284905_379823171_0_0_0&sr_pri_blocks=1072284905_379823171_0_0_0__130491&from=searchresults
Ferran Pedralbes Penthouse,"Les Corts, Barcelona",https://www.booking.com/hotel/es/ferran-pedralbes-penthouse.html?label=gen173nr-1BCAEoggI46AdSAnVzWARoRogBAZgBMbgBGcgBD9gBAegBAYgCAagCA7gCmuTXvAbAAgHSAiQ3NGM3OTk4Ni0yY2UyLTQ1NGYtOGQwZS1lZTU4ZTdhMDAwZTHYAgXgAgE&sid=735f077cb553f5b5fb1805efac5f4fa0&aid=304142&ucfs=1&arphpl=1&checkin=2025-04-01&checkout=2025-04-08&dest_id=-372490&dest_type=city&group_adults=2&req_adults=2&no_rooms=1&group_children=0&req_children=0&hpos=9&hapos=582&sr_order=popularity&srpvid=52a43c0f4b5000e9&srepoch=1737880411&all_sr_blocks=168769801_333473693_4_0_0&highlighted_blocks=168769801_333473693_4_0_0&matching_block_id=168769801_333473693_4_0_0&sr_pri_blocks=168769801_333473693_4_0_0__334214&from=searchresults
Sensation Authentic Gràcia,"Gràcia, Barcelona",https://www.booking.com/hotel/es/sensation-authentic-gracia.html?label=gen173nr-1BCAEoggI46AdSAnVzWARoRogBAZgBMbgBGcgBD9gBAegBAYgCAagCA7gCmuTXvAbAAgHSAiQ3NGM3OTk4Ni0yY2UyLTQ1NGYtOGQwZS1lZTU4ZTdhMDAwZTHYAgXgAgE&sid=735f077cb553f5b5fb1805efac5f4fa0&aid=304142&ucfs=1&arphpl=1&checkin=2025-04-01&checkout=2025-04-08&dest_id=-372490&dest_type=city&group_adults=2&req_adults=2&no_rooms=1&group_children=0&req_children=0&hpos=10&hapos=583&sr_order=popularity&srpvid=52a43c0f4b5000e9&srepoch=1737880411&all_sr_blocks=100411917_88506707_4_0_0&highlighted_blocks=100411917_88506707_4_0_0&matching_block_id=100411917_88506707_4_0_0&sr_pri_blocks=100411917_88506707_4_0_0__200823&from=searchresults
Private rooms on Tamarit street,"Eixample, Barcelona",https://www.booking.com/hotel/es/private-rooms-on-tamarit-street.html?label=gen173nr-1BCAEoggI46AdSAnVzWARoRogBAZgBMbgBGcgBD9gBAegBAYgCAagCA7gCmuTXvAbAAgHSAiQ3NGM3OTk4Ni0yY2UyLTQ1NGYtOGQwZS1lZTU4ZTdhMDAwZTHYAgXgAgE&sid=735f077cb553f5b5fb1805efac5f4fa0&aid=304142&ucfs=1&arphpl=1&checkin=2025-04-01&checkout=2025-04-08&dest_id=-372490&dest_type=city&group_adults=2&req_adults=2&no_rooms=1&group_children=0&req_children=0&hpos=11&hapos=584&sr_order=popularity&srpvid=52a43c0f4b5000e9&srepoch=1737880411&all_sr_blocks=1253553801_405074734_2_0_0&highlighted_blocks=1253553801_405074734_2_0_0&matching_block_id=1253553801_405074734_2_0_0&sr_pri_blocks=1253553801_405074734_2_0_0__79270&from=searchresults
Ola Living St Antoni,"Eixample, Barcelona",https://www.booking.com/hotel/es/ola-living-st-antoni.html?label=gen173nr-1BCAEoggI46AdSAnVzWARoRogBAZgBMbgBGcgBD9gBAegBAYgCAagCA7gCmuTXvAbAAgHSAiQ3NGM3OTk4Ni0yY2UyLTQ1NGYtOGQwZS1lZTU4ZTdhMDAwZTHYAgXgAgE&sid=735f077cb553f5b5fb1805efac5f4fa0&aid=304142&ucfs=1&arphpl=1&checkin=2025-04-01&checkout=2025-04-08&dest_id=-372490&dest_type=city&group_adults=2&req_adults=2&no_rooms=1&group_children=0&req_children=0&hpos=12&hapos=585&sr_order=popularity&srpvid=52a43c0f4b5000e9&srepoch=1737880411&all_sr_blocks=1324981901_405128653_2_0_0&highlighted_blocks=1324981901_405128653_2_0_0&matching_block_id=1324981901_405128653_2_0_0&sr_pri_blocks=1324981901_405128653_2_0_0__135894&from=searchresults
P1GRVCC1059 - Fantastic 2bedroom flat in the center,"Sants-Montjuïc, Barcelona",https://www.booking.com/hotel/es/p1grvcc482-fantastic-2bedroom-flat-in-the-center.html?label=gen173nr-1BCAEoggI46AdSAnVzWARoRogBAZgBMbgBGcgBD9gBAegBAYgCAagCA7gCmuTXvAbAAgHSAiQ3NGM3OTk4Ni0yY2UyLTQ1NGYtOGQwZS1lZTU4ZTdhMDAwZTHYAgXgAgE&sid=735f077cb553f5b5fb1805efac5f4fa0&aid=304142&ucfs=1&arphpl=1&checkin=2025-04-01&checkout=2025-04-08&dest_id=-372490&dest_type=city&group_adults=2&req_adults=2&no_rooms=1&group_children=0&req_children=0&hpos=13&hapos=586&sr_order=popularity&srpvid=52a43c0f4b5000e9&srepoch=1737880411&all_sr_blocks=1101275602_382963467_2_0_0&highlighted_blocks=1101275602_382963467_2_0_0&matching_block_id=1101275602_382963467_2_0_0&sr_pri_blocks=1101275602_382963467_2_0_0__127497&from=searchresults
limehome Barcelona Carrer de Besalú 82,"Sant Martí, Barcelona",https://www.booking.com/hotel/es/limehome-besalu-82.html?label=gen173nr-1BCAEoggI46AdSAnVzWARoRogBAZgBMbgBGcgBD9gBAegBAYgCAagCA7gCmuTXvAbAAgHSAiQ3NGM3OTk4Ni0yY2UyLTQ1NGYtOGQwZS1lZTU4ZTdhMDAwZTHYAgXgAgE&sid=735f077cb553f5b5fb1805efac5f4fa0&aid=304142&ucfs=1&arphpl=1&checkin=2025-04-01&checkout=2025-04-08&dest_id=-372490&dest_type=city&group_adults=2&req_adults=2&no_rooms=1&group_children=0&req_children=0&hpos=14&hapos=587&sr_order=popularity&srpvid=52a43c0f4b5000e9&srepoch=1737880411&all_sr_blocks=886889501_358316777_2_0_0&highlighted_blocks=886889501_358316777_2_0_0&matching_block_id=886889501_358316777_2_0_0&sr_pri_blocks=886889501_358316777_2_0_0__108900&from=searchresults
Sonder Paseo de Gracia,"Eixample, Barcelona",https://www.booking.com/hotel/es/sonder-paseo-de-gracia.html?label=gen173nr-1BCAEoggI46AdSAnVzWARoRogBAZgBMbgBGcgBD9gBAegBAYgCAagCA7gCmuTXvAbAAgHSAiQ3NGM3OTk4Ni0yY2UyLTQ1NGYtOGQwZS1lZTU4ZTdhMDAwZTHYAgXgAgE&sid=735f077cb553f5b5fb1805efac5f4fa0&aid=304142&ucfs=1&arphpl=1&checkin=2025-04-01&checkout=2025-04-08&dest_id=-372490&dest_type=city&group_adults=2&req_adults=2&no_rooms=1&group_children=0&req_children=0&hpos=15&hapos=588&sr_order=popularity&srpvid=52a43c0f4b5000e9&srepoch=1737880411&all_sr_blocks=846723906_351724295_2_2_0&highlighted_blocks=846723906_351724295_2_2_0&matching_block_id=846723906_351724295_2_2_0&sr_pri_blocks=846723906_351724295_2_2_0__176383&from=searchresults
Hilton Diagonal Mar Barcelona,"Sant Martí, Barcelona",https://www.booking.com/hotel/es/hilton-diagonal-mar-barcelona.html?label=gen173nr-1BCAEoggI46AdSAnVzWARoRogBAZgBMbgBGcgBD9gBAegBAYgCAagCA7gCmuTXvAbAAgHSAiQ3NGM3OTk4Ni0yY2UyLTQ1NGYtOGQwZS1lZTU4ZTdhMDAwZTHYAgXgAgE&sid=735f077cb553f5b5fb1805efac5f4fa0&aid=304142&ucfs=1&arphpl=1&checkin=2025-04-01&checkout=2025-04-08&dest_id=-372490&dest_type=city&group_adults=2&req_adults=2&no_rooms=1&group_children=0&req_children=0&hpos=16&hapos=589&sr_order=popularity&srpvid=52a43c0f4b5000e9&srepoch=1737880411&all_sr_blocks=9687826_344386800_2_34_0&highlighted_blocks=9687826_344386800_2_34_0&matching_block_id=9687826_344386800_2_34_0&sr_pri_blocks=9687826_344386800_2_34_0__322742&from_sustainable_property_sr=1&from=searchresults
Luxury Born,"Ciutat Vella, Barcelona",https://www.booking.com/hotel/es/luxury-born-barcelona.html?label=gen173nr-1BCAEoggI46AdSAnVzWARoRogBAZgBMbgBGcgBD9gBAegBAYgCAagCA7gCmuTXvAbAAgHSAiQ3NGM3OTk4Ni0yY2UyLTQ1NGYtOGQwZS1lZTU4ZTdhMDAwZTHYAgXgAgE&sid=735f077cb553f5b5fb1805efac5f4fa0&aid=304142&ucfs=1&arphpl=1&checkin=2025-04-01&checkout=2025-04-08&dest_id=-372490&dest_type=city&group_adults=2&req_adults=2&no_rooms=1&group_children=0&req_children=0&hpos=17&hapos=590&sr_order=popularity&srpvid=52a43c0f4b5000e9&srepoch=1737880411&all_sr_blocks=1317303501_404462360_2_0_0&highlighted_blocks=1317303501_404462360_2_0_0&matching_block_id=1317303501_404462360_2_0_0&sr_pri_blocks=1317303501_404462360_2_0_0__124292&from=searchresults
Easystaybcn2,"Ciutat Vella, Barcelona",https://www.booking.com/hotel/es/easystaybcn2.html?label=gen173nr-1BCAEoggI46AdSAnVzWARoRogBAZgBMbgBGcgBD9gBAegBAYgCAagCA7gCmuTXvAbAAgHSAiQ3NGM3OTk4Ni0yY2UyLTQ1NGYtOGQwZS1lZTU4ZTdhMDAwZTHYAgXgAgE&sid=735f077cb553f5b5fb1805efac5f4fa0&aid=304142&ucfs=1&arphpl=1&checkin=2025-04-01&checkout=2025-04-08&dest_id=-372490&dest_type=city&group_adults=2&req_adults=2&no_rooms=1&group_children=0&req_children=0&hpos=18&hapos=591&sr_order=popularity&srpvid=52a43c0f4b5000e9&srepoch=1737880411&all_sr_blocks=607134901_377061847_2_0_0&highlighted_blocks=607134901_377061847_2_0_0&matching_block_id=607134901_377061847_2_0_0&sr_pri_blocks=607134901_377061847_2_0_0__130292&from=searchresults
BcnStop Sagrada Familia,"Horta-Guinardó, Barcelona",https://www.booking.com/hotel/es/bcn-stop-sagrada-familia.html?label=gen173nr-1BCAEoggI46AdSAnVzWARoRogBAZgBMbgBGcgBD9gBAegBAYgCAagCA7gCmuTXvAbAAgHSAiQ3NGM3OTk4Ni0yY2UyLTQ1NGYtOGQwZS1lZTU4ZTdhMDAwZTHYAgXgAgE&sid=735f077cb553f5b5fb1805efac5f4fa0&aid=304142&ucfs=1&arphpl=1&checkin=2025-04-01&checkout=2025-04-08&dest_id=-372490&dest_type=city&group_adults=2&req_adults=2&no_rooms=1&group_children=0&req_children=0&hpos=19&hapos=592&sr_order=popularity&srpvid=52a43c0f4b5000e9&srepoch=1737880411&all_sr_blocks=24456601_88495658_0_0_0&highlighted_blocks=24456601_88495658_0_0_0&matching_block_id=24456601_88495658_0_0_0&sr_pri_blocks=24456601_88495658_0_0_0__152607&from=searchresults
Brummell Apartments Eixample Izquierda/Valeris,"Eixample, Barcelona",https://www.booking.com/hotel/es/brummell-apartments-eixample-izquierda-47-valeries.html?label=gen173nr-1BCAEoggI46AdSAnVzWARoRogBAZgBMbgBGcgBD9gBAegBAYgCAagCA7gCmuTXvAbAAgHSAiQ3NGM3OTk4Ni0yY2UyLTQ1NGYtOGQwZS1lZTU4ZTdhMDAwZTHYAgXgAgE&sid=735f077cb553f5b5fb1805efac5f4fa0&aid=304142&ucfs=1&arphpl=1&checkin=2025-04-01&checkout=2025-04-08&dest_id=-372490&dest_type=city&group_adults=2&req_adults=2&no_rooms=1&group_children=0&req_children=0&hpos=20&hapos=593&sr_order=popularity&srpvid=52a43c0f4b5000e9&srepoch=1737880411&all_sr_blocks=551700702_344377249_2_0_0&highlighted_blocks=551700702_344377249_2_0_0&matching_block_id=551700702_344377249_2_0_0&sr_pri_blocks=551700702_344377249_2_0_0__205832&from=searchresults
Poblenou beach experience,"Sant Martí, Barcelona",https://www.booking.com/hotel/es/poblenou-beach-experience.html?label=gen173nr-1BCAEoggI46AdSAnVzWARoRogBAZgBMbgBGcgBD9gBAegBAYgCAagCA7gCmuTXvAbAAgHSAiQ3NGM3OTk4Ni0yY2UyLTQ1NGYtOGQwZS1lZTU4ZTdhMDAwZTHYAgXgAgE&sid=735f077cb553f5b5fb1805efac5f4fa0&aid=304142&ucfs=1&arphpl=1&checkin=2025-04-01&checkout=2025-04-08&dest_id=-372490&dest_type=city&group_adults=2&req_adults=2&no_rooms=1&group_children=0&req_children=0&hpos=21&hapos=594&sr_order=popularity&srpvid=52a43c0f4b5000e9&srepoch=1737880411&all_sr_blocks=1312368501_404009167_2_0_0&highlighted_blocks=1312368501_404009167_2_0_0&matching_block_id=1312368501_404009167_2_0_0&sr_pri_blocks=1312368501_404009167_2_0_0__130292&from=searchresults
Stay Barcelona Vila de Gracia,"Gràcia, Barcelona",https://www.booking.com/hotel/es/stay-barcelona-vila-de-gracia.html?label=gen173nr-1BCAEoggI46AdSAnVzWARoRogBAZgBMbgBGcgBD9gBAegBAYgCAagCA7gCmuTXvAbAAgHSAiQ3NGM3OTk4Ni0yY2UyLTQ1NGYtOGQwZS1lZTU4ZTdhMDAwZTHYAgXgAgE&sid=735f077cb553f5b5fb1805efac5f4fa0&aid=304142&ucfs=1&arphpl=1&checkin=2025-04-01&checkout=2025-04-08&dest_id=-372490&dest_type=city&group_adults=2&req_adults=2&no_rooms=1&group_children=0&req_children=0&hpos=22&hapos=595&sr_order=popularity&srpvid=52a43c0f4b5000e9&srepoch=1737880411&all_sr_blocks=222834101_365584965_2_0_0&highlighted_blocks=222834101_365584965_2_0_0&matching_block_id=222834101_365584965_2_0_0&sr_pri_blocks=222834101_365584965_2_0_0__123082&from=searchresults
Casa Maca Guest House,"Eixample, Barcelona",https://www.booking.com/hotel/es/casa-maca-guest-house.html?label=gen173nr-1BCAEoggI46AdSAnVzWARoRogBAZgBMbgBGcgBD9gBAegBAYgCAagCA7gCmuTXvAbAAgHSAiQ3NGM3OTk4Ni0yY2UyLTQ1NGYtOGQwZS1lZTU4ZTdhMDAwZTHYAgXgAgE&sid=735f077cb553f5b5fb1805efac5f4fa0&aid=304142&ucfs=1&arphpl=1&checkin=2025-04-01&checkout=2025-04-08&dest_id=-372490&dest_type=city&group_adults=2&req_adults=2&no_rooms=1&group_children=0&req_children=0&hpos=23&hapos=596&sr_order=popularity&srpvid=52a43c0f4b5000e9&srepoch=1737880411&all_sr_blocks=81346606_89406390_2_0_0_628823&highlighted_blocks=81346606_89406390_2_0_0_628823&matching_block_id=81346606_89406390_2_0_0_628823&sr_pri_blocks=81346606_89406390_2_0_0_628823_113715&from=searchresults
Nobu Hotel Barcelona,"Sants-Montjuïc, Barcelona",https://www.booking.com/hotel/es/nobu-barcelona.html?label=gen173nr-1BCAEoggI46AdSAnVzWARoRogBAZgBMbgBGcgBD9gBAegBAYgCAagCA7gCmuTXvAbAAgHSAiQ3NGM3OTk4Ni0yY2UyLTQ1NGYtOGQwZS1lZTU4ZTdhMDAwZTHYAgXgAgE&sid=735f077cb553f5b5fb1805efac5f4fa0&aid=304142&ucfs=1&arphpl=1&checkin=2025-04-01&checkout=2025-04-08&dest_id=-372490&dest_type=city&group_adults=2&req_adults=2&no_rooms=1&group_children=0&req_children=0&hpos=24&hapos=597&sr_order=popularity&srpvid=52a43c0f4b5000e9&srepoch=1737880411&all_sr_blocks=506024701_200305453_2_2_0&highlighted_blocks=506024701_200305453_2_2_0&matching_block_id=506024701_200305453_2_2_0&sr_pri_blocks=506024701_200305453_2_2_0__244850&from=searchresults
S2SEP1099 - Great apartment with private terrace,"Eixample, Barcelona",https://www.booking.com/hotel/es/s2sep498-great-apartment-with-private-terrace.html?label=gen173nr-1BCAEoggI46AdSAnVzWARoRogBAZgBMbgBGcgBD9gBAegBAYgCAagCA7gCmuTXvAbAAgHSAiQ3NGM3OTk4Ni0yY2UyLTQ1NGYtOGQwZS1lZTU4ZTdhMDAwZTHYAgXgAgE&sid=735f077cb553f5b5fb1805efac5f4fa0&aid=304142&ucfs=1&arphpl=1&checkin=2025-04-01&checkout=2025-04-08&dest_id=-372490&dest_type=city&group_adults=2&req_adults=2&no_rooms=1&group_children=0&req_children=0&hpos=1&hapos=598&sr_order=popularity&srpvid=52a43c0f4b5000e9&srepoch=1737880414&all_sr_blocks=1059749702_378223572_2_0_0&highlighted_blocks=1059749702_378223572_2_0_0&matching_block_id=1059749702_378223572_2_0_0&sr_pri_blocks=1059749702_378223572_2_0_0__138779&from=searchresults
Hostal Lesseps,"Gràcia, Barcelona",https://www.booking.com/hotel/es/lesseps.html?label=gen173nr-1BCAEoggI46AdSAnVzWARoRogBAZgBMbgBGcgBD9gBAegBAYgCAagCA7gCmuTXvAbAAgHSAiQ3NGM3OTk4Ni0yY2UyLTQ1NGYtOGQwZS1lZTU4ZTdhMDAwZTHYAgXgAgE&sid=735f077cb553f5b5fb1805efac5f4fa0&aid=304142&ucfs=1&arphpl=1&checkin=2025-04-01&checkout=2025-04-08&dest_id=-372490&dest_type=city&group_adults=2&req_adults=2&no_rooms=1&group_children=0&req_children=0&hpos=2&hapos=599&sr_order=popularity&srpvid=52a43c0f4b5000e9&srepoch=1737880414&all_sr_blocks=29351704_88497323_2_0_0&highlighted_blocks=29351704_88497323_2_0_0&matching_block_id=29351704_88497323_2_0_0&sr_pri_blocks=29351704_88497323_2_0_0__90551&from=searchresults
Ripoll Apartments,"Ciutat Vella, Barcelona",https://www.booking.com/hotel/es/apartaments-ciutat-vella.html?label=gen173nr-1BCAEoggI46AdSAnVzWARoRogBAZgBMbgBGcgBD9gBAegBAYgCAagCA7gCmuTXvAbAAgHSAiQ3NGM3OTk4Ni0yY2UyLTQ1NGYtOGQwZS1lZTU4ZTdhMDAwZTHYAgXgAgE&sid=735f077cb553f5b5fb1805efac5f4fa0&aid=304142&ucfs=1&arphpl=1&checkin=2025-04-01&checkout=2025-04-08&dest_id=-372490&dest_type=city&group_adults=2&req_adults=2&no_rooms=1&group_children=0&req_children=0&hpos=3&hapos=600&sr_order=popularity&srpvid=52a43c0f4b5000e9&srepoch=1737880414&all_sr_blocks=38782902_88499222_4_0_0_537168&highlighted_blocks=38782902_88499222_4_0_0_537168&matching_block_id=38782902_88499222_4_0_0_537168&sr_pri_blocks=38782902_88499222_4_0_0_537168_242942&from=searchresults
Sagrada Familia,"Eixample, Barcelona",https://www.booking.com/hotel/es/sagrada-familia-barcelona25.html?label=gen173nr-1BCAEoggI46AdSAnVzWARoRogBAZgBMbgBGcgBD9gBAegBAYgCAagCA7gCmuTXvAbAAgHSAiQ3NGM3OTk4Ni0yY2UyLTQ1NGYtOGQwZS1lZTU4ZTdhMDAwZTHYAgXgAgE&sid=735f077cb553f5b5fb1805efac5f4fa0&aid=304142&ucfs=1&arphpl=1&checkin=2025-04-01&checkout=2025-04-08&dest_id=-372490&dest_type=city&group_adults=2&req_adults=2&no_rooms=1&group_children=0&req_children=0&hpos=4&hapos=601&sr_order=popularity&srpvid=52a43c0f4b5000e9&srepoch=1737880414&all_sr_blocks=1025844501_393499865_0_0_0&highlighted_blocks=1025844501_393499865_0_0_0&matching_block_id=1025844501_393499865_0_0_0&sr_pri_blocks=1025844501_393499865_0_0_0__139680&from=searchresults
Central Apartment,"Ciutat Vella, Barcelona",https://www.booking.com/hotel/es/central-apartment.html?label=gen173nr-1BCAEoggI46AdSAnVzWARoRogBAZgBMbgBGcgBD9gBAegBAYgCAagCA7gCmuTXvAbAAgHSAiQ3NGM3OTk4Ni0yY2UyLTQ1NGYtOGQwZS1lZTU4ZTdhMDAwZTHYAgXgAgE&sid=735f077cb553f5b5fb1805efac5f4fa0&aid=304142&ucfs=1&arphpl=1&checkin=2025-04-01&checkout=2025-04-08&dest_id=-372490&dest_type=city&group_adults=2&req_adults=2&no_rooms=1&group_children=0&req_children=0&hpos=5&hapos=602&sr_order=popularity&srpvid=52a43c0f4b5000e9&srepoch=1737880414&all_sr_blocks=138121501_118992384_6_0_0&highlighted_blocks=138121501_118992384_6_0_0&matching_block_id=138121501_118992384_6_0_0&sr_pri_blocks=138121501_118992384_6_0_0__355037&from=searchresults
Grand Hyatt Barcelona,"Les Corts, Barcelona",https://www.booking.com/hotel/es/grandhyattbarcelona.html?label=gen173nr-1BCAEoggI46AdSAnVzWARoRogBAZgBMbgBGcgBD9gBAegBAYgCAagCA7gCmuTXvAbAAgHSAiQ3NGM3OTk4Ni0yY2UyLTQ1NGYtOGQwZS1lZTU4ZTdhMDAwZTHYAgXgAgE&sid=735f077cb553f5b5fb1805efac5f4fa0&aid=304142&ucfs=1&arphpl=1&checkin=2025-04-01&checkout=2025-04-08&dest_id=-372490&dest_type=city&group_adults=2&req_adults=2&no_rooms=1&group_children=0&req_children=0&hpos=6&hapos=603&sr_order=popularity&srpvid=52a43c0f4b5000e9&srepoch=1737880414&all_sr_blocks=9041160_88181677_2_42_0&highlighted_blocks=9041160_88181677_2_42_0&matching_block_id=9041160_88181677_2_42_0&sr_pri_blocks=9041160_88181677_2_42_0__252756&from_sustainable_property_sr=1&from=searchresults
Barcelonaforrent The Claris Suites,"Eixample, Barcelona",https://www.booking.com/hotel/es/barcelonaforrent-the-claris-suites.html?label=gen173nr-1BCAEoggI46AdSAnVzWARoRogBAZgBMbgBGcgBD9gBAegBAYgCAagCA7gCmuTXvAbAAgHSAiQ3NGM3OTk4Ni0yY2UyLTQ1NGYtOGQwZS1lZTU4ZTdhMDAwZTHYAgXgAgE&sid=735f077cb553f5b5fb1805efac5f4fa0&aid=304142&ucfs=1&arphpl=1&checkin=2025-04-01&checkout=2025-04-08&dest_id=-372490&dest_type=city&group_adults=2&req_adults=2&no_rooms=1&group_children=0&req_children=0&hpos=7&hapos=604&sr_order=popularity&srpvid=52a43c0f4b5000e9&srepoch=1737880414&all_sr_blocks=109324901_406314142_0_0_0&highlighted_blocks=109324901_406314142_0_0_0&matching_block_id=109324901_406314142_0_0_0&sr_pri_blocks=109324901_406314142_0_0_0__269604&from=searchresults
"Ferienwohnung für 4 Personen ca 75 qm in Barcelona-Eixample, Costa Brava Costa del Maresme","Eixample, Barcelona",https://www.booking.com/hotel/es/ferienwohnung-fur-4-personen-ca-75-qm-in-barcelona-eixample-costa-brav-barcelona.html?label=gen173nr-1BCAEoggI46AdSAnVzWARoRogBAZgBMbgBGcgBD9gBAegBAYgCAagCA7gCmuTXvAbAAgHSAiQ3NGM3OTk4Ni0yY2UyLTQ1NGYtOGQwZS1lZTU4ZTdhMDAwZTHYAgXgAgE&sid=735f077cb553f5b5fb1805efac5f4fa0&aid=304142&ucfs=1&arphpl=1&checkin=2025-04-01&checkout=2025-04-08&dest_id=-372490&dest_type=city&group_adults=2&req_adults=2&no_rooms=1&group_children=0&req_children=0&hpos=8&hapos=605&sr_order=popularity&srpvid=52a43c0f4b5000e9&srepoch=1737880414&all_sr_blocks=1184011402_406976754_4_0_0&highlighted_blocks=1184011402_406976754_4_0_0&matching_block_id=1184011402_406976754_4_0_0&sr_pri_blocks=1184011402_406976754_4_0_0__218345&from=searchresults
Lugaris Beach Apartments,"Sant Martí, Barcelona",https://www.booking.com/hotel/es/lugaris-sea-the-home-concept.html?label=gen173nr-1BCAEoggI46AdSAnVzWARoRogBAZgBMbgBGcgBD9gBAegBAYgCAagCA7gCmuTXvAbAAgHSAiQ3NGM3OTk4Ni0yY2UyLTQ1NGYtOGQwZS1lZTU4ZTdhMDAwZTHYAgXgAgE&sid=735f077cb553f5b5fb1805efac5f4fa0&aid=304142&ucfs=1&arphpl=1&checkin=2025-04-01&checkout=2025-04-08&dest_id=-372490&dest_type=city&group_adults=2&req_adults=2&no_rooms=1&group_children=0&req_children=0&hpos=9&hapos=606&sr_order=popularity&srpvid=52a43c0f4b5000e9&srepoch=1737880414&all_sr_blocks=26842401_91916804_2_0_0&highlighted_blocks=26842401_91916804_2_0_0&matching_block_id=26842401_91916804_2_0_0&sr_pri_blocks=26842401_91916804_2_0_0__138891&from_sustainable_property_sr=1&from=searchresults
MH Apartments Tetuan,"Eixample, Barcelona",https://www.booking.com/hotel/es/mh-apartments-tetuan.html?label=gen173nr-1BCAEoggI46AdSAnVzWARoRogBAZgBMbgBGcgBD9gBAegBAYgCAagCA7gCmuTXvAbAAgHSAiQ3NGM3OTk4Ni0yY2UyLTQ1NGYtOGQwZS1lZTU4ZTdhMDAwZTHYAgXgAgE&sid=735f077cb553f5b5fb1805efac5f4fa0&aid=304142&ucfs=1&arphpl=1&checkin=2025-04-01&checkout=2025-04-08&dest_id=-372490&dest_type=city&group_adults=2&req_adults=2&no_rooms=1&group_children=0&req_children=0&hpos=10&hapos=607&sr_order=popularity&srpvid=52a43c0f4b5000e9&srepoch=1737880414&all_sr_blocks=1636205_403038619_2_0_0_161289&highlighted_blocks=1636205_403038619_2_0_0_161289&matching_block_id=1636205_403038619_2_0_0_161289&sr_pri_blocks=1636205_403038619_2_0_0_161289_191932&from=searchresults
Palau de la música 9,"Ciutat Vella, Barcelona",https://www.booking.com/hotel/es/palau-de-la-musica-9.html?label=gen173nr-1BCAEoggI46AdSAnVzWARoRogBAZgBMbgBGcgBD9gBAegBAYgCAagCA7gCmuTXvAbAAgHSAiQ3NGM3OTk4Ni0yY2UyLTQ1NGYtOGQwZS1lZTU4ZTdhMDAwZTHYAgXgAgE&sid=735f077cb553f5b5fb1805efac5f4fa0&aid=304142&ucfs=1&arphpl=1&checkin=2025-04-01&checkout=2025-04-08&dest_id=-372490&dest_type=city&group_adults=2&req_adults=2&no_rooms=1&group_children=0&req_children=0&hpos=11&hapos=608&sr_order=popularity&srpvid=52a43c0f4b5000e9&srepoch=1737880414&all_sr_blocks=1244605901_396573414_4_0_0&highlighted_blocks=1244605901_396573414_4_0_0&matching_block_id=1244605901_396573414_4_0_0&sr_pri_blocks=1244605901_396573414_4_0_0__126197&from=searchresults
Barrio Gotico Apartments Ferran,"Ciutat Vella, Barcelona",https://www.booking.com/hotel/es/barrio-gotico-estudio.html?label=gen173nr-1BCAEoggI46AdSAnVzWARoRogBAZgBMbgBGcgBD9gBAegBAYgCAagCA7gCmuTXvAbAAgHSAiQ3NGM3OTk4Ni0yY2UyLTQ1NGYtOGQwZS1lZTU4ZTdhMDAwZTHYAgXgAgE&sid=735f077cb553f5b5fb1805efac5f4fa0&aid=304142&ucfs=1&arphpl=1&checkin=2025-04-01&checkout=2025-04-08&dest_id=-372490&dest_type=city&group_adults=2&req_adults=2&no_rooms=1&group_children=0&req_children=0&hpos=12&hapos=609&sr_order=popularity&srpvid=52a43c0f4b5000e9&srepoch=1737880414&all_sr_blocks=753279601_331940248_2_0_0&highlighted_blocks=753279601_331940248_2_0_0&matching_block_id=753279601_331940248_2_0_0&sr_pri_blocks=753279601_331940248_2_0_0__197932&from=searchresults
Alma Barcelona GL,"Eixample, Barcelona",https://www.booking.com/hotel/es/almabarcelona.html?label=gen173nr-1BCAEoggI46AdSAnVzWARoRogBAZgBMbgBGcgBD9gBAegBAYgCAagCA7gCmuTXvAbAAgHSAiQ3NGM3OTk4Ni0yY2UyLTQ1NGYtOGQwZS1lZTU4ZTdhMDAwZTHYAgXgAgE&sid=735f077cb553f5b5fb1805efac5f4fa0&aid=304142&ucfs=1&arphpl=1&checkin=2025-04-01&checkout=2025-04-08&dest_id=-372490&dest_type=city&group_adults=2&req_adults=2&no_rooms=1&group_children=0&req_children=0&hpos=13&hapos=610&sr_order=popularity&srpvid=52a43c0f4b5000e9&srepoch=1737880414&all_sr_blocks=29091701_265490462_2_2_0_461444&highlighted_blocks=29091701_265490462_2_2_0_461444&matching_block_id=29091701_265490462_2_2_0_461444&sr_pri_blocks=29091701_265490462_2_2_0_461444_443550&from_sustainable_property_sr=1&from=searchresults
AB Paral·lel Spacious Apartments,"Sants-Montjuïc, Barcelona",https://www.booking.com/hotel/es/apartment-barcelona-paral-lel-spacious.html?label=gen173nr-1BCAEoggI46AdSAnVzWARoRogBAZgBMbgBGcgBD9gBAegBAYgCAagCA7gCmuTXvAbAAgHSAiQ3NGM3OTk4Ni0yY2UyLTQ1NGYtOGQwZS1lZTU4ZTdhMDAwZTHYAgXgAgE&sid=735f077cb553f5b5fb1805efac5f4fa0&aid=304142&ucfs=1&arphpl=1&checkin=2025-04-01&checkout=2025-04-08&dest_id=-372490&dest_type=city&group_adults=2&req_adults=2&no_rooms=1&group_children=0&req_children=0&hpos=14&hapos=611&sr_order=popularity&srpvid=52a43c0f4b5000e9&srepoch=1737880414&all_sr_blocks=112049605_241685712_4_0_0&highlighted_blocks=112049605_241685712_4_0_0&matching_block_id=112049605_241685712_4_0_0&sr_pri_blocks=112049605_241685712_4_0_0__224432&from=searchresults
Room Mate Gerard,"Eixample, Barcelona",https://www.booking.com/hotel/es/room-mate-gerard.html?label=gen173nr-1BCAEoggI46AdSAnVzWARoRogBAZgBMbgBGcgBD9gBAegBAYgCAagCA7gCmuTXvAbAAgHSAiQ3NGM3OTk4Ni0yY2UyLTQ1NGYtOGQwZS1lZTU4ZTdhMDAwZTHYAgXgAgE&sid=735f077cb553f5b5fb1805efac5f4fa0&aid=304142&ucfs=1&arphpl=1&checkin=2025-04-01&checkout=2025-04-08&dest_id=-372490&dest_type=city&group_adults=2&req_adults=2&no_rooms=1&group_children=0&req_children=0&hpos=15&hapos=612&sr_order=popularity&srpvid=52a43c0f4b5000e9&srepoch=1737880414&all_sr_blocks=224211802_98757563_0_2_0_303442&highlighted_blocks=224211802_98757563_0_2_0_303442&matching_block_id=224211802_98757563_0_2_0_303442&sr_pri_blocks=224211802_98757563_0_2_0_303442_175714&from_sustainable_property_sr=1&from=searchresults
Hotel Sant Pau,"Horta-Guinardó, Barcelona",https://www.booking.com/hotel/es/amrey-sant-pau.html?label=gen173nr-1BCAEoggI46AdSAnVzWARoRogBAZgBMbgBGcgBD9gBAegBAYgCAagCA7gCmuTXvAbAAgHSAiQ3NGM3OTk4Ni0yY2UyLTQ1NGYtOGQwZS1lZTU4ZTdhMDAwZTHYAgXgAgE&sid=735f077cb553f5b5fb1805efac5f4fa0&aid=304142&ucfs=1&arphpl=1&checkin=2025-04-01&checkout=2025-04-08&dest_id=-372490&dest_type=city&group_adults=2&req_adults=2&no_rooms=1&group_children=0&req_children=0&hpos=16&hapos=613&sr_order=popularity&srpvid=52a43c0f4b5000e9&srepoch=1737880414&all_sr_blocks=9406341_88195409_0_10_0&highlighted_blocks=9406341_88195409_0_10_0&matching_block_id=9406341_88195409_0_10_0&sr_pri_blocks=9406341_88195409_0_10_0__125600&from_sustainable_property_sr=1&from=searchresults
Central and Basic Universitat for YOUNG HOSTEL,"Ciutat Vella, Barcelona",https://www.booking.com/hotel/es/hostal-gat-raval.html?label=gen173nr-1BCAEoggI46AdSAnVzWARoRogBAZgBMbgBGcgBD9gBAegBAYgCAagCA7gCmuTXvAbAAgHSAiQ3NGM3OTk4Ni0yY2UyLTQ1NGYtOGQwZS1lZTU4ZTdhMDAwZTHYAgXgAgE&sid=735f077cb553f5b5fb1805efac5f4fa0&aid=304142&ucfs=1&arphpl=1&checkin=2025-04-01&checkout=2025-04-08&dest_id=-372490&dest_type=city&group_adults=2&req_adults=2&no_rooms=1&group_children=0&req_children=0&hpos=17&hapos=614&sr_order=popularity&srpvid=52a43c0f4b5000e9&srepoch=1737880414&all_sr_blocks=1699402_243762589_0_0_0&highlighted_blocks=1699402_243762589_0_0_0&matching_block_id=1699402_243762589_0_0_0&sr_pri_blocks=1699402_243762589_0_0_0__68102&from=searchresults
Chic & Basic Tallers Hostal,"Ciutat Vella, Barcelona",https://www.booking.com/hotel/es/chic-basic-tallers.html?label=gen173nr-1BCAEoggI46AdSAnVzWARoRogBAZgBMbgBGcgBD9gBAegBAYgCAagCA7gCmuTXvAbAAgHSAiQ3NGM3OTk4Ni0yY2UyLTQ1NGYtOGQwZS1lZTU4ZTdhMDAwZTHYAgXgAgE&sid=735f077cb553f5b5fb1805efac5f4fa0&aid=304142&ucfs=1&arphpl=1&checkin=2025-04-01&checkout=2025-04-08&dest_id=-372490&dest_type=city&group_adults=2&req_adults=2&no_rooms=1&group_children=0&req_children=0&hpos=18&hapos=615&sr_order=popularity&srpvid=52a43c0f4b5000e9&srepoch=1737880414&all_sr_blocks=9447901_88494037_0_1_0&highlighted_blocks=9447901_88494037_0_1_0&matching_block_id=9447901_88494037_0_1_0&sr_pri_blocks=9447901_88494037_0_1_0__106200&from_sustainable_property_sr=1&from=searchresults
ICON Bcn,"Eixample, Barcelona",https://www.booking.com/hotel/es/petit-palace-bcn.html?label=gen173nr-1BCAEoggI46AdSAnVzWARoRogBAZgBMbgBGcgBD9gBAegBAYgCAagCA7gCmuTXvAbAAgHSAiQ3NGM3OTk4Ni0yY2UyLTQ1NGYtOGQwZS1lZTU4ZTdhMDAwZTHYAgXgAgE&sid=735f077cb553f5b5fb1805efac5f4fa0&aid=304142&ucfs=1&arphpl=1&checkin=2025-04-01&checkout=2025-04-08&dest_id=-372490&dest_type=city&group_adults=2&req_adults=2&no_rooms=1&group_children=0&req_children=0&hpos=19&hapos=616&sr_order=popularity&srpvid=52a43c0f4b5000e9&srepoch=1737880414&all_sr_blocks=9411018_88195494_0_1_0_182198&highlighted_blocks=9411018_88195494_0_1_0_182198&matching_block_id=9411018_88195494_0_1_0_182198&sr_pri_blocks=9411018_88195494_0_1_0_182198_223403&from=searchresults
Hotel Medinaceli,"Ciutat Vella, Barcelona",https://www.booking.com/hotel/es/medinaceli.html?label=gen173nr-1BCAEoggI46AdSAnVzWARoRogBAZgBMbgBGcgBD9gBAegBAYgCAagCA7gCmuTXvAbAAgHSAiQ3NGM3OTk4Ni0yY2UyLTQ1NGYtOGQwZS1lZTU4ZTdhMDAwZTHYAgXgAgE&sid=735f077cb553f5b5fb1805efac5f4fa0&aid=304142&ucfs=1&arphpl=1&checkin=2025-04-01&checkout=2025-04-08&dest_id=-372490&dest_type=city&group_adults=2&req_adults=2&no_rooms=1&group_children=0&req_children=0&hpos=20&hapos=617&sr_order=popularity&srpvid=52a43c0f4b5000e9&srepoch=1737880414&all_sr_blocks=9392602_88194441_2_2_0&highlighted_blocks=9392602_88194441_2_2_0&matching_block_id=9392602_88194441_2_2_0&sr_pri_blocks=9392602_88194441_2_2_0__171528&from=searchresults
Apartaments-Hotel Hispanos 7 Suiza,"Eixample, Barcelona",https://www.booking.com/hotel/es/hispanos7suiza.html?label=gen173nr-1BCAEoggI46AdSAnVzWARoRogBAZgBMbgBGcgBD9gBAegBAYgCAagCA7gCmuTXvAbAAgHSAiQ3NGM3OTk4Ni0yY2UyLTQ1NGYtOGQwZS1lZTU4ZTdhMDAwZTHYAgXgAgE&sid=735f077cb553f5b5fb1805efac5f4fa0&aid=304142&ucfs=1&arphpl=1&checkin=2025-04-01&checkout=2025-04-08&dest_id=-372490&dest_type=city&group_adults=2&req_adults=2&no_rooms=1&group_children=0&req_children=0&hpos=21&hapos=618&sr_order=popularity&srpvid=52a43c0f4b5000e9&srepoch=1737880414&all_sr_blocks=9080707_88492739_2_0_0&highlighted_blocks=9080707_88492739_2_0_0&matching_block_id=9080707_88492739_2_0_0&sr_pri_blocks=9080707_88492739_2_0_0__208986&from=searchresults
The Haus Sagrada Familia,"Gràcia, Barcelona",https://www.booking.com/hotel/es/the-haus-sagrada-familia.html?label=gen173nr-1BCAEoggI46AdSAnVzWARoRogBAZgBMbgBGcgBD9gBAegBAYgCAagCA7gCmuTXvAbAAgHSAiQ3NGM3OTk4Ni0yY2UyLTQ1NGYtOGQwZS1lZTU4ZTdhMDAwZTHYAgXgAgE&sid=735f077cb553f5b5fb1805efac5f4fa0&aid=304142&ucfs=1&arphpl=1&checkin=2025-04-01&checkout=2025-04-08&dest_id=-372490&dest_type=city&group_adults=2&req_adults=2&no_rooms=1&group_children=0&req_children=0&hpos=22&hapos=619&sr_order=popularity&srpvid=52a43c0f4b5000e9&srepoch=1737880414&all_sr_blocks=1235708401_396212790_5_0_0&highlighted_blocks=1235708401_396212790_5_0_0&matching_block_id=1235708401_396212790_5_0_0&sr_pri_blocks=1235708401_396212790_5_0_0__219637&from=searchresults
Barcelonaforrent Tucson Suites,"Eixample, Barcelona",https://www.booking.com/hotel/es/barcelonaforrent-tucson-suites.html?label=gen173nr-1BCAEoggI46AdSAnVzWARoRogBAZgBMbgBGcgBD9gBAegBAYgCAagCA7gCmuTXvAbAAgHSAiQ3NGM3OTk4Ni0yY2UyLTQ1NGYtOGQwZS1lZTU4ZTdhMDAwZTHYAgXgAgE&sid=735f077cb553f5b5fb1805efac5f4fa0&aid=304142&ucfs=1&arphpl=1&checkin=2025-04-01&checkout=2025-04-08&dest_id=-372490&dest_type=city&group_adults=2&req_adults=2&no_rooms=1&group_children=0&req_children=0&hpos=23&hapos=620&sr_order=popularity&srpvid=52a43c0f4b5000e9&srepoch=1737880414&all_sr_blocks=111391702_406314126_0_0_0&highlighted_blocks=111391702_406314126_0_0_0&matching_block_id=111391702_406314126_0_0_0&sr_pri_blocks=111391702_406314126_0_0_0__306459&from=searchresults
Best deal PENTHOUSE!,"Eixample, Barcelona",https://www.booking.com/hotel/es/penthouse-napols.html?label=gen173nr-1BCAEoggI46AdSAnVzWARoRogBAZgBMbgBGcgBD9gBAegBAYgCAagCA7gCmuTXvAbAAgHSAiQ3NGM3OTk4Ni0yY2UyLTQ1NGYtOGQwZS1lZTU4ZTdhMDAwZTHYAgXgAgE&sid=735f077cb553f5b5fb1805efac5f4fa0&aid=304142&ucfs=1&arphpl=1&checkin=2025-04-01&checkout=2025-04-08&dest_id=-372490&dest_type=city&group_adults=2&req_adults=2&no_rooms=1&group_children=0&req_children=0&hpos=24&hapos=621&sr_order=popularity&srpvid=52a43c0f4b5000e9&srepoch=1737880414&all_sr_blocks=166414101_329715346_2_0_0&highlighted_blocks=166414101_329715346_2_0_0&matching_block_id=166414101_329715346_2_0_0&sr_pri_blocks=166414101_329715346_2_0_0__117052&from=searchresults
Central Suites Barcelona,"Eixample, Barcelona",https://www.booking.com/hotel/es/barcelonaforrent-luxury-central-suites.html?label=gen173nr-1BCAEoggI46AdSAnVzWARoRogBAZgBMbgBGcgBD9gBAegBAYgCAagCA7gCmuTXvAbAAgHSAiQ3NGM3OTk4Ni0yY2UyLTQ1NGYtOGQwZS1lZTU4ZTdhMDAwZTHYAgXgAgE&sid=735f077cb553f5b5fb1805efac5f4fa0&aid=304142&ucfs=1&arphpl=1&checkin=2025-04-01&checkout=2025-04-08&dest_id=-372490&dest_type=city&group_adults=2&req_adults=2&no_rooms=1&group_children=0&req_children=0&hpos=25&hapos=622&sr_order=popularity&srpvid=52a43c0f4b5000e9&srepoch=1737880414&all_sr_blocks=34356105_406800205_0_0_0&highlighted_blocks=34356105_406800205_0_0_0&matching_block_id=34356105_406800205_0_0_0&sr_pri_blocks=34356105_406800205_0_0_0__386996&from=searchresults
Alojamiento Diputacion,"Eixample, Barcelona",https://www.booking.com/hotel/es/alojamiento-diputacion.html?label=gen173nr-1BCAEoggI46AdSAnVzWARoRogBAZgBMbgBGcgBD9gBAegBAYgCAagCA7gCmuTXvAbAAgHSAiQ3NGM3OTk4Ni0yY2UyLTQ1NGYtOGQwZS1lZTU4ZTdhMDAwZTHYAgXgAgE&sid=735f077cb553f5b5fb1805efac5f4fa0&aid=304142&ucfs=1&arphpl=1&checkin=2025-04-01&checkout=2025-04-08&dest_id=-372490&dest_type=city&group_adults=2&req_adults=2&no_rooms=1&group_children=0&req_children=0&hpos=1&hapos=623&sr_order=popularity&srpvid=52a43c0f4b5000e9&srepoch=1737880417&all_sr_blocks=761908002_403847950_2_0_0&highlighted_blocks=761908002_403847950_2_0_0&matching_block_id=761908002_403847950_2_0_0&sr_pri_blocks=761908002_403847950_2_0_0__75132&from=searchresults
Murmuri Residence Mercader,"Eixample, Barcelona",https://www.booking.com/hotel/es/palou-suites-paseo-de-gracia.html?label=gen173nr-1BCAEoggI46AdSAnVzWARoRogBAZgBMbgBGcgBD9gBAegBAYgCAagCA7gCmuTXvAbAAgHSAiQ3NGM3OTk4Ni0yY2UyLTQ1NGYtOGQwZS1lZTU4ZTdhMDAwZTHYAgXgAgE&sid=735f077cb553f5b5fb1805efac5f4fa0&aid=304142&ucfs=1&arphpl=1&checkin=2025-04-01&checkout=2025-04-08&dest_id=-372490&dest_type=city&group_adults=2&req_adults=2&no_rooms=1&group_children=0&req_children=0&hpos=2&hapos=624&sr_order=popularity&srpvid=52a43c0f4b5000e9&srepoch=1737880417&all_sr_blocks=183384114_91662472_3_2_0_239598&highlighted_blocks=183384114_91662472_3_2_0_239598&matching_block_id=183384114_91662472_3_2_0_239598&sr_pri_blocks=183384114_91662472_3_2_0_239598_239402&from=searchresults
Numa I Brio,"Gràcia, Barcelona",https://www.booking.com/hotel/es/hcristina.html?label=gen173nr-1BCAEoggI46AdSAnVzWARoRogBAZgBMbgBGcgBD9gBAegBAYgCAagCA7gCmuTXvAbAAgHSAiQ3NGM3OTk4Ni0yY2UyLTQ1NGYtOGQwZS1lZTU4ZTdhMDAwZTHYAgXgAgE&sid=735f077cb553f5b5fb1805efac5f4fa0&aid=304142&ucfs=1&arphpl=1&checkin=2025-04-01&checkout=2025-04-08&dest_id=-372490&dest_type=city&group_adults=2&req_adults=2&no_rooms=1&group_children=0&req_children=0&hpos=3&hapos=625&sr_order=popularity&srpvid=52a43c0f4b5000e9&srepoch=1737880417&all_sr_blocks=1331001_122273896_2_2_0&highlighted_blocks=1331001_122273896_2_2_0&matching_block_id=1331001_122273896_2_2_0&sr_pri_blocks=1331001_122273896_2_2_0__125900&from=searchresults
Aspasios Las Ramblas Apartments,"Ciutat Vella, Barcelona",https://www.booking.com/hotel/es/ramblas-caputxins-apartments.html?label=gen173nr-1BCAEoggI46AdSAnVzWARoRogBAZgBMbgBGcgBD9gBAegBAYgCAagCA7gCmuTXvAbAAgHSAiQ3NGM3OTk4Ni0yY2UyLTQ1NGYtOGQwZS1lZTU4ZTdhMDAwZTHYAgXgAgE&sid=735f077cb553f5b5fb1805efac5f4fa0&aid=304142&ucfs=1&arphpl=1&checkin=2025-04-01&checkout=2025-04-08&dest_id=-372490&dest_type=city&group_adults=2&req_adults=2&no_rooms=1&group_children=0&req_children=0&hpos=4&hapos=626&sr_order=popularity&srpvid=52a43c0f4b5000e9&srepoch=1737880417&all_sr_blocks=53901501_88210009_5_0_0&highlighted_blocks=53901501_88210009_5_0_0&matching_block_id=53901501_88210009_5_0_0&sr_pri_blocks=53901501_88210009_5_0_0__213932&from=searchresults
Habitat Apartments Rambla Deluxe,"Eixample, Barcelona",https://www.booking.com/hotel/es/habitat-apartments-rambla-deluxe.html?label=gen173nr-1BCAEoggI46AdSAnVzWARoRogBAZgBMbgBGcgBD9gBAegBAYgCAagCA7gCmuTXvAbAAgHSAiQ3NGM3OTk4Ni0yY2UyLTQ1NGYtOGQwZS1lZTU4ZTdhMDAwZTHYAgXgAgE&sid=735f077cb553f5b5fb1805efac5f4fa0&aid=304142&ucfs=1&arphpl=1&checkin=2025-04-01&checkout=2025-04-08&dest_id=-372490&dest_type=city&group_adults=2&req_adults=2&no_rooms=1&group_children=0&req_children=0&hpos=5&hapos=627&sr_order=popularity&srpvid=52a43c0f4b5000e9&srepoch=1737880417&all_sr_blocks=57546301_88418230_0_0_0&highlighted_blocks=57546301_88418230_0_0_0&matching_block_id=57546301_88418230_0_0_0&sr_pri_blocks=57546301_88418230_0_0_0__259202&from=searchresults
The Corner Apartments by Aspasios,"Eixample, Barcelona",https://www.booking.com/hotel/es/araga3312-apartments.html?label=gen173nr-1BCAEoggI46AdSAnVzWARoRogBAZgBMbgBGcgBD9gBAegBAYgCAagCA7gCmuTXvAbAAgHSAiQ3NGM3OTk4Ni0yY2UyLTQ1NGYtOGQwZS1lZTU4ZTdhMDAwZTHYAgXgAgE&sid=735f077cb553f5b5fb1805efac5f4fa0&aid=304142&ucfs=1&arphpl=1&checkin=2025-04-01&checkout=2025-04-08&dest_id=-372490&dest_type=city&group_adults=2&req_adults=2&no_rooms=1&group_children=0&req_children=0&hpos=6&hapos=628&sr_order=popularity&srpvid=52a43c0f4b5000e9&srepoch=1737880417&all_sr_blocks=42248321_89018482_6_0_0&highlighted_blocks=42248321_89018482_6_0_0&matching_block_id=42248321_89018482_6_0_0&sr_pri_blocks=42248321_89018482_6_0_0__280232&from=searchresults
Charmsuites Nou Rambla,"Sants-Montjuïc, Barcelona",https://www.booking.com/hotel/es/charmsuites-com-ii.html?label=gen173nr-1BCAEoggI46AdSAnVzWARoRogBAZgBMbgBGcgBD9gBAegBAYgCAagCA7gCmuTXvAbAAgHSAiQ3NGM3OTk4Ni0yY2UyLTQ1NGYtOGQwZS1lZTU4ZTdhMDAwZTHYAgXgAgE&sid=735f077cb553f5b5fb1805efac5f4fa0&aid=304142&ucfs=1&arphpl=1&checkin=2025-04-01&checkout=2025-04-08&dest_id=-372490&dest_type=city&group_adults=2&req_adults=2&no_rooms=1&group_children=0&req_children=0&hpos=7&hapos=629&sr_order=popularity&srpvid=52a43c0f4b5000e9&srepoch=1737880417&all_sr_blocks=36441205_88207972_4_0_0&highlighted_blocks=36441205_88207972_4_0_0&matching_block_id=36441205_88207972_4_0_0&sr_pri_blocks=36441205_88207972_4_0_0__186932&from=searchresults
Aparthotel Atenea Barcelona,"Les Corts, Barcelona",https://www.booking.com/hotel/es/aparthotel-atenea.html?label=gen173nr-1BCAEoggI46AdSAnVzWARoRogBAZgBMbgBGcgBD9gBAegBAYgCAagCA7gCmuTXvAbAAgHSAiQ3NGM3OTk4Ni0yY2UyLTQ1NGYtOGQwZS1lZTU4ZTdhMDAwZTHYAgXgAgE&sid=735f077cb553f5b5fb1805efac5f4fa0&aid=304142&ucfs=1&arphpl=1&checkin=2025-04-01&checkout=2025-04-08&dest_id=-372490&dest_type=city&group_adults=2&req_adults=2&no_rooms=1&group_children=0&req_children=0&hpos=8&hapos=630&sr_order=popularity&srpvid=52a43c0f4b5000e9&srepoch=1737880417&all_sr_blocks=9196207_88192073_0_34_0&highlighted_blocks=9196207_88192073_0_34_0&matching_block_id=9196207_88192073_0_34_0&sr_pri_blocks=9196207_88192073_0_34_0__113628&from=searchresults
AApartments in city center,"Ciutat Vella, Barcelona",https://www.booking.com/hotel/es/discoveringbarcelona.html?label=gen173nr-1BCAEoggI46AdSAnVzWARoRogBAZgBMbgBGcgBD9gBAegBAYgCAagCA7gCmuTXvAbAAgHSAiQ3NGM3OTk4Ni0yY2UyLTQ1NGYtOGQwZS1lZTU4ZTdhMDAwZTHYAgXgAgE&sid=735f077cb553f5b5fb1805efac5f4fa0&aid=304142&ucfs=1&arphpl=1&checkin=2025-04-01&checkout=2025-04-08&dest_id=-372490&dest_type=city&group_adults=2&req_adults=2&no_rooms=1&group_children=0&req_children=0&hpos=9&hapos=631&sr_order=popularity&srpvid=52a43c0f4b5000e9&srepoch=1737880417&all_sr_blocks=9099210_365675095_2_0_0&highlighted_blocks=9099210_365675095_2_0_0&matching_block_id=9099210_365675095_2_0_0&sr_pri_blocks=9099210_365675095_2_0_0__124292&from=searchresults
Sagrada Familia Attic - Terrace Bcn Views,"Gràcia, Barcelona",https://www.booking.com/hotel/es/sagrada-familia-attic-terrace-bcn-views.html?label=gen173nr-1BCAEoggI46AdSAnVzWARoRogBAZgBMbgBGcgBD9gBAegBAYgCAagCA7gCmuTXvAbAAgHSAiQ3NGM3OTk4Ni0yY2UyLTQ1NGYtOGQwZS1lZTU4ZTdhMDAwZTHYAgXgAgE&sid=735f077cb553f5b5fb1805efac5f4fa0&aid=304142&ucfs=1&arphpl=1&checkin=2025-04-01&checkout=2025-04-08&dest_id=-372490&dest_type=city&group_adults=2&req_adults=2&no_rooms=1&group_children=0&req_children=0&hpos=10&hapos=632&sr_order=popularity&srpvid=52a43c0f4b5000e9&srepoch=1737880417&all_sr_blocks=449287901_361756899_0_0_0&highlighted_blocks=449287901_361756899_0_0_0&matching_block_id=449287901_361756899_0_0_0&sr_pri_blocks=449287901_361756899_0_0_0__127334&from=searchresults
Barcelonaforrent Alessandra Central Ramblas Apartment,"Ciutat Vella, Barcelona",https://www.booking.com/hotel/es/alessandra-central-ramblas-apartment.html?label=gen173nr-1BCAEoggI46AdSAnVzWARoRogBAZgBMbgBGcgBD9gBAegBAYgCAagCA7gCmuTXvAbAAgHSAiQ3NGM3OTk4Ni0yY2UyLTQ1NGYtOGQwZS1lZTU4ZTdhMDAwZTHYAgXgAgE&sid=735f077cb553f5b5fb1805efac5f4fa0&aid=304142&ucfs=1&arphpl=1&checkin=2025-04-01&checkout=2025-04-08&dest_id=-372490&dest_type=city&group_adults=2&req_adults=2&no_rooms=1&group_children=0&req_children=0&hpos=11&hapos=633&sr_order=popularity&srpvid=52a43c0f4b5000e9&srepoch=1737880417&all_sr_blocks=618336301_350329932_7_0_0&highlighted_blocks=618336301_350329932_7_0_0&matching_block_id=618336301_350329932_7_0_0&sr_pri_blocks=618336301_350329932_7_0_0__468070&from=searchresults
Tibidabo Apartments,"Horta-Guinardó, Barcelona",https://www.booking.com/hotel/es/tibidabo-suites-and-apartments.html?label=gen173nr-1BCAEoggI46AdSAnVzWARoRogBAZgBMbgBGcgBD9gBAegBAYgCAagCA7gCmuTXvAbAAgHSAiQ3NGM3OTk4Ni0yY2UyLTQ1NGYtOGQwZS1lZTU4ZTdhMDAwZTHYAgXgAgE&sid=735f077cb553f5b5fb1805efac5f4fa0&aid=304142&ucfs=1&arphpl=1&checkin=2025-04-01&checkout=2025-04-08&dest_id=-372490&dest_type=city&group_adults=2&req_adults=2&no_rooms=1&group_children=0&req_children=0&hpos=12&hapos=634&sr_order=popularity&srpvid=52a43c0f4b5000e9&srepoch=1737880417&all_sr_blocks=23854203_89002564_2_0_0&highlighted_blocks=23854203_89002564_2_0_0&matching_block_id=23854203_89002564_2_0_0&sr_pri_blocks=23854203_89002564_2_0_0__141727&from=searchresults
Modernist apartment in the best location,"Eixample, Barcelona",https://www.booking.com/hotel/es/eixample1.html?label=gen173nr-1BCAEoggI46AdSAnVzWARoRogBAZgBMbgBGcgBD9gBAegBAYgCAagCA7gCmuTXvAbAAgHSAiQ3NGM3OTk4Ni0yY2UyLTQ1NGYtOGQwZS1lZTU4ZTdhMDAwZTHYAgXgAgE&sid=735f077cb553f5b5fb1805efac5f4fa0&aid=304142&ucfs=1&arphpl=1&checkin=2025-04-01&checkout=2025-04-08&dest_id=-372490&dest_type=city&group_adults=2&req_adults=2&no_rooms=1&group_children=0&req_children=0&hpos=13&hapos=635&sr_order=popularity&srpvid=52a43c0f4b5000e9&srepoch=1737880417&all_sr_blocks=647613502_351029770_2_0_0_310328&highlighted_blocks=647613502_351029770_2_0_0_310328&matching_block_id=647613502_351029770_2_0_0_310328&sr_pri_blocks=647613502_351029770_2_0_0_310328_179795&from=searchresults
Villa Modernista,"Horta-Guinardó, Barcelona",https://www.booking.com/hotel/es/villa-modernista.html?label=gen173nr-1BCAEoggI46AdSAnVzWARoRogBAZgBMbgBGcgBD9gBAegBAYgCAagCA7gCmuTXvAbAAgHSAiQ3NGM3OTk4Ni0yY2UyLTQ1NGYtOGQwZS1lZTU4ZTdhMDAwZTHYAgXgAgE&sid=735f077cb553f5b5fb1805efac5f4fa0&aid=304142&ucfs=1&arphpl=1&checkin=2025-04-01&checkout=2025-04-08&dest_id=-372490&dest_type=city&group_adults=2&req_adults=2&no_rooms=1&group_children=0&req_children=0&hpos=14&hapos=636&sr_order=popularity&srpvid=52a43c0f4b5000e9&srepoch=1737880417&all_sr_blocks=168092101_196136076_7_0_0&highlighted_blocks=168092101_196136076_7_0_0&matching_block_id=168092101_196136076_7_0_0&sr_pri_blocks=168092101_196136076_7_0_0__425620&from=searchresults
En Ville Boutique Apartments Tamarit,"Eixample, Barcelona",https://www.booking.com/hotel/es/en-ville-boutique-apartments-tamarit.html?label=gen173nr-1BCAEoggI46AdSAnVzWARoRogBAZgBMbgBGcgBD9gBAegBAYgCAagCA7gCmuTXvAbAAgHSAiQ3NGM3OTk4Ni0yY2UyLTQ1NGYtOGQwZS1lZTU4ZTdhMDAwZTHYAgXgAgE&sid=735f077cb553f5b5fb1805efac5f4fa0&aid=304142&ucfs=1&arphpl=1&checkin=2025-04-01&checkout=2025-04-08&dest_id=-372490&dest_type=city&group_adults=2&req_adults=2&no_rooms=1&group_children=0&req_children=0&hpos=15&hapos=637&sr_order=popularity&srpvid=52a43c0f4b5000e9&srepoch=1737880417&all_sr_blocks=1145834001_387824170_3_0_0&highlighted_blocks=1145834001_387824170_3_0_0&matching_block_id=1145834001_387824170_3_0_0&sr_pri_blocks=1145834001_387824170_3_0_0__175780&from=searchresults
"Hotel Gran Derby Suites, a Small Luxury Hotel of the World","Les Corts, Barcelona",https://www.booking.com/hotel/es/granderby.html?label=gen173nr-1BCAEoggI46AdSAnVzWARoRogBAZgBMbgBGcgBD9gBAegBAYgCAagCA7gCmuTXvAbAAgHSAiQ3NGM3OTk4Ni0yY2UyLTQ1NGYtOGQwZS1lZTU4ZTdhMDAwZTHYAgXgAgE&sid=735f077cb553f5b5fb1805efac5f4fa0&aid=304142&ucfs=1&arphpl=1&checkin=2025-04-01&checkout=2025-04-08&dest_id=-372490&dest_type=city&group_adults=2&req_adults=2&no_rooms=1&group_children=0&req_children=0&hpos=16&hapos=638&sr_order=popularity&srpvid=52a43c0f4b5000e9&srepoch=1737880417&all_sr_blocks=9003802_88181316_0_2_0&highlighted_blocks=9003802_88181316_0_2_0&matching_block_id=9003802_88181316_0_2_0&sr_pri_blocks=9003802_88181316_0_2_0__159528&from=searchresults
Cosmo Apartments Consell de Cent - Plaza Universitat,"Eixample, Barcelona",https://www.booking.com/hotel/es/angla-boutique-apartments-concell-de-cent.html?label=gen173nr-1BCAEoggI46AdSAnVzWARoRogBAZgBMbgBGcgBD9gBAegBAYgCAagCA7gCmuTXvAbAAgHSAiQ3NGM3OTk4Ni0yY2UyLTQ1NGYtOGQwZS1lZTU4ZTdhMDAwZTHYAgXgAgE&sid=735f077cb553f5b5fb1805efac5f4fa0&aid=304142&ucfs=1&arphpl=1&checkin=2025-04-01&checkout=2025-04-08&dest_id=-372490&dest_type=city&group_adults=2&req_adults=2&no_rooms=1&group_children=0&req_children=0&hpos=17&hapos=639&sr_order=popularity&srpvid=52a43c0f4b5000e9&srepoch=1737880417&all_sr_blocks=42448506_88500144_6_0_0&highlighted_blocks=42448506_88500144_6_0_0&matching_block_id=42448506_88500144_6_0_0&sr_pri_blocks=42448506_88500144_6_0_0__218361&from=searchresults
Cozy Apartment II - Les Corts,"Les Corts, Barcelona",https://www.booking.com/hotel/es/cozy-apartment-ii-les-corts.html?label=gen173nr-1BCAEoggI46AdSAnVzWARoRogBAZgBMbgBGcgBD9gBAegBAYgCAagCA7gCmuTXvAbAAgHSAiQ3NGM3OTk4Ni0yY2UyLTQ1NGYtOGQwZS1lZTU4ZTdhMDAwZTHYAgXgAgE&sid=735f077cb553f5b5fb1805efac5f4fa0&aid=304142&ucfs=1&arphpl=1&checkin=2025-04-01&checkout=2025-04-08&dest_id=-372490&dest_type=city&group_adults=2&req_adults=2&no_rooms=1&group_children=0&req_children=0&hpos=18&hapos=640&sr_order=popularity&srpvid=52a43c0f4b5000e9&srepoch=1737880417&all_sr_blocks=1236922501_395914448_2_0_0&highlighted_blocks=1236922501_395914448_2_0_0&matching_block_id=1236922501_395914448_2_0_0&sr_pri_blocks=1236922501_395914448_2_0_0__186300&from=searchresults
Espais Blaus Apartments,"Gràcia, Barcelona",https://www.booking.com/hotel/es/espais-blaus-apartments.html?label=gen173nr-1BCAEoggI46AdSAnVzWARoRogBAZgBMbgBGcgBD9gBAegBAYgCAagCA7gCmuTXvAbAAgHSAiQ3NGM3OTk4Ni0yY2UyLTQ1NGYtOGQwZS1lZTU4ZTdhMDAwZTHYAgXgAgE&sid=735f077cb553f5b5fb1805efac5f4fa0&aid=304142&ucfs=1&arphpl=1&checkin=2025-04-01&checkout=2025-04-08&dest_id=-372490&dest_type=city&group_adults=2&req_adults=2&no_rooms=1&group_children=0&req_children=0&hpos=19&hapos=641&sr_order=popularity&srpvid=52a43c0f4b5000e9&srepoch=1737880417&all_sr_blocks=37424803_88208103_0_0_0&highlighted_blocks=37424803_88208103_0_0_0&matching_block_id=37424803_88208103_0_0_0&sr_pri_blocks=37424803_88208103_0_0_0__174132&from=searchresults
11FOH1095 - Cosy apartment near Plaza España,"Sants-Montjuïc, Barcelona",https://www.booking.com/hotel/es/11fh1097-cosy-apartment-near-plaza-espana.html?label=gen173nr-1BCAEoggI46AdSAnVzWARoRogBAZgBMbgBGcgBD9gBAegBAYgCAagCA7gCmuTXvAbAAgHSAiQ3NGM3OTk4Ni0yY2UyLTQ1NGYtOGQwZS1lZTU4ZTdhMDAwZTHYAgXgAgE&sid=735f077cb553f5b5fb1805efac5f4fa0&aid=304142&ucfs=1&arphpl=1&checkin=2025-04-01&checkout=2025-04-08&dest_id=-372490&dest_type=city&group_adults=2&req_adults=2&no_rooms=1&group_children=0&req_children=0&hpos=20&hapos=642&sr_order=popularity&srpvid=52a43c0f4b5000e9&srepoch=1737880417&all_sr_blocks=1236331902_395565205_2_0_0&highlighted_blocks=1236331902_395565205_2_0_0&matching_block_id=1236331902_395565205_2_0_0&sr_pri_blocks=1236331902_395565205_2_0_0__120187&from=searchresults
Barcelonaforrent Vila Olimpica Pool Suites,"Sant Martí, Barcelona",https://www.booking.com/hotel/es/barcelonaforrent-vila-olimpica-beach.html?label=gen173nr-1BCAEoggI46AdSAnVzWARoRogBAZgBMbgBGcgBD9gBAegBAYgCAagCA7gCmuTXvAbAAgHSAiQ3NGM3OTk4Ni0yY2UyLTQ1NGYtOGQwZS1lZTU4ZTdhMDAwZTHYAgXgAgE&sid=735f077cb553f5b5fb1805efac5f4fa0&aid=304142&ucfs=1&arphpl=1&checkin=2025-04-01&checkout=2025-04-08&dest_id=-372490&dest_type=city&group_adults=2&req_adults=2&no_rooms=1&group_children=0&req_children=0&hpos=21&hapos=643&sr_order=popularity&srpvid=52a43c0f4b5000e9&srepoch=1737880417&all_sr_blocks=36636808_350330707_0_0_0&highlighted_blocks=36636808_350330707_0_0_0&matching_block_id=36636808_350330707_0_0_0&sr_pri_blocks=36636808_350330707_0_0_0__320559&from=searchresults
Hostal Sol y K,"Ciutat Vella, Barcelona",https://www.booking.com/hotel/es/hostal-quot-sol-y-k-quot.html?label=gen173nr-1BCAEoggI46AdSAnVzWARoRogBAZgBMbgBGcgBD9gBAegBAYgCAagCA7gCmuTXvAbAAgHSAiQ3NGM3OTk4Ni0yY2UyLTQ1NGYtOGQwZS1lZTU4ZTdhMDAwZTHYAgXgAgE&sid=735f077cb553f5b5fb1805efac5f4fa0&aid=304142&ucfs=1&arphpl=1&checkin=2025-04-01&checkout=2025-04-08&dest_id=-372490&dest_type=city&group_adults=2&req_adults=2&no_rooms=1&group_children=0&req_children=0&hpos=22&hapos=644&sr_order=popularity&srpvid=52a43c0f4b5000e9&srepoch=1737880417&all_sr_blocks=106729103_146309510_2_0_0&highlighted_blocks=106729103_146309510_2_0_0&matching_block_id=106729103_146309510_2_0_0&sr_pri_blocks=106729103_146309510_2_0_0__137115&from=searchresults
BBarcelona Central Boutique Apartments,"Eixample, Barcelona",https://www.booking.com/hotel/es/bbarcelona-central-boutique-apartments.html?label=gen173nr-1BCAEoggI46AdSAnVzWARoRogBAZgBMbgBGcgBD9gBAegBAYgCAagCA7gCmuTXvAbAAgHSAiQ3NGM3OTk4Ni0yY2UyLTQ1NGYtOGQwZS1lZTU4ZTdhMDAwZTHYAgXgAgE&sid=735f077cb553f5b5fb1805efac5f4fa0&aid=304142&ucfs=1&arphpl=1&checkin=2025-04-01&checkout=2025-04-08&dest_id=-372490&dest_type=city&group_adults=2&req_adults=2&no_rooms=1&group_children=0&req_children=0&hpos=23&hapos=645&sr_order=popularity&srpvid=52a43c0f4b5000e9&srepoch=1737880417&all_sr_blocks=625891808_243754939_2_0_0_303472&highlighted_blocks=625891808_243754939_2_0_0_303472&matching_block_id=625891808_243754939_2_0_0_303472&sr_pri_blocks=625891808_243754939_2_0_0_303472_158932&from=searchresults
Alojamiento Flor,"Eixample, Barcelona",https://www.booking.com/hotel/es/alojamiento-flor-barcelona.html?label=gen173nr-1BCAEoggI46AdSAnVzWARoRogBAZgBMbgBGcgBD9gBAegBAYgCAagCA7gCmuTXvAbAAgHSAiQ3NGM3OTk4Ni0yY2UyLTQ1NGYtOGQwZS1lZTU4ZTdhMDAwZTHYAgXgAgE&sid=735f077cb553f5b5fb1805efac5f4fa0&aid=304142&ucfs=1&arphpl=1&checkin=2025-04-01&checkout=2025-04-08&dest_id=-372490&dest_type=city&group_adults=2&req_adults=2&no_rooms=1&group_children=0&req_children=0&hpos=24&hapos=646&sr_order=popularity&srpvid=52a43c0f4b5000e9&srepoch=1737880417&all_sr_blocks=1314816601_404291829_2_0_0&highlighted_blocks=1314816601_404291829_2_0_0&matching_block_id=1314816601_404291829_2_0_0&sr_pri_blocks=1314816601_404291829_2_0_0__59200&from=searchresults
Close to Passeig de Gracia,"Eixample, Barcelona",https://www.booking.com/hotel/es/close-to-passeig-de-gracia-b-amp-b.html?label=gen173nr-1BCAEoggI46AdSAnVzWARoRogBAZgBMbgBGcgBD9gBAegBAYgCAagCA7gCmuTXvAbAAgHSAiQ3NGM3OTk4Ni0yY2UyLTQ1NGYtOGQwZS1lZTU4ZTdhMDAwZTHYAgXgAgE&sid=735f077cb553f5b5fb1805efac5f4fa0&aid=304142&ucfs=1&arphpl=1&checkin=2025-04-01&checkout=2025-04-08&dest_id=-372490&dest_type=city&group_adults=2&req_adults=2&no_rooms=1&group_children=0&req_children=0&hpos=25&hapos=647&sr_order=popularity&srpvid=52a43c0f4b5000e9&srepoch=1737880417&all_sr_blocks=117989605_88509496_0_0_0&highlighted_blocks=117989605_88509496_0_0_0&matching_block_id=117989605_88509496_0_0_0&sr_pri_blocks=117989605_88509496_0_0_0__139692&from=searchresults
Monrooms Barcelona,"Gràcia, Barcelona",https://www.booking.com/hotel/es/monrooms-barcelona.html?label=gen173nr-1BCAEoggI46AdSAnVzWARoRogBAZgBMbgBGcgBD9gBAegBAYgCAagCA7gCmuTXvAbAAgHSAiQ3NGM3OTk4Ni0yY2UyLTQ1NGYtOGQwZS1lZTU4ZTdhMDAwZTHYAgXgAgE&sid=735f077cb553f5b5fb1805efac5f4fa0&aid=304142&ucfs=1&arphpl=1&checkin=2025-04-01&checkout=2025-04-08&dest_id=-372490&dest_type=city&group_adults=2&req_adults=2&no_rooms=1&group_children=0&req_children=0&hpos=1&hapos=648&sr_order=popularity&srpvid=52a43c0f4b5000e9&srepoch=1737880421&all_sr_blocks=53911818_388765838_0_0_0&highlighted_blocks=53911818_388765838_0_0_0&matching_block_id=53911818_388765838_0_0_0&sr_pri_blocks=53911818_388765838_0_0_0__123200&from=searchresults
Tendency Apartments 9,"Eixample, Barcelona",https://www.booking.com/hotel/es/tendency-apartments-9.html?label=gen173nr-1BCAEoggI46AdSAnVzWARoRogBAZgBMbgBGcgBD9gBAegBAYgCAagCA7gCmuTXvAbAAgHSAiQ3NGM3OTk4Ni0yY2UyLTQ1NGYtOGQwZS1lZTU4ZTdhMDAwZTHYAgXgAgE&sid=735f077cb553f5b5fb1805efac5f4fa0&aid=304142&ucfs=1&arphpl=1&checkin=2025-04-01&checkout=2025-04-08&dest_id=-372490&dest_type=city&group_adults=2&req_adults=2&no_rooms=1&group_children=0&req_children=0&hpos=2&hapos=649&sr_order=popularity&srpvid=52a43c0f4b5000e9&srepoch=1737880421&all_sr_blocks=112428002_372482579_8_0_0&highlighted_blocks=112428002_372482579_8_0_0&matching_block_id=112428002_372482579_8_0_0&sr_pri_blocks=112428002_372482579_8_0_0__614432&from=searchresults
Barnapartments Raval,"Ciutat Vella, Barcelona",https://www.booking.com/hotel/es/barnapartments-raval.html?label=gen173nr-1BCAEoggI46AdSAnVzWARoRogBAZgBMbgBGcgBD9gBAegBAYgCAagCA7gCmuTXvAbAAgHSAiQ3NGM3OTk4Ni0yY2UyLTQ1NGYtOGQwZS1lZTU4ZTdhMDAwZTHYAgXgAgE&sid=735f077cb553f5b5fb1805efac5f4fa0&aid=304142&ucfs=1&arphpl=1&checkin=2025-04-01&checkout=2025-04-08&dest_id=-372490&dest_type=city&group_adults=2&req_adults=2&no_rooms=1&group_children=0&req_children=0&hpos=3&hapos=650&sr_order=popularity&srpvid=52a43c0f4b5000e9&srepoch=1737880421&all_sr_blocks=950167401_391032285_2_0_0&highlighted_blocks=950167401_391032285_2_0_0&matching_block_id=950167401_391032285_2_0_0&sr_pri_blocks=950167401_391032285_2_0_0__155476&from=searchresults
Luxury Apartment With Sea View!,"Sant Martí, Barcelona",https://www.booking.com/hotel/es/luxury-apartment-with-sea-view-barcelona.html?label=gen173nr-1BCAEoggI46AdSAnVzWARoRogBAZgBMbgBGcgBD9gBAegBAYgCAagCA7gCmuTXvAbAAgHSAiQ3NGM3OTk4Ni0yY2UyLTQ1NGYtOGQwZS1lZTU4ZTdhMDAwZTHYAgXgAgE&sid=735f077cb553f5b5fb1805efac5f4fa0&aid=304142&ucfs=1&arphpl=1&checkin=2025-04-01&checkout=2025-04-08&dest_id=-372490&dest_type=city&group_adults=2&req_adults=2&no_rooms=1&group_children=0&req_children=0&hpos=4&hapos=651&sr_order=popularity&srpvid=52a43c0f4b5000e9&srepoch=1737880421&all_sr_blocks=1142605001_392629277_3_0_0&highlighted_blocks=1142605001_392629277_3_0_0&matching_block_id=1142605001_392629277_3_0_0&sr_pri_blocks=1142605001_392629277_3_0_0__783257&from=searchresults
The One Barcelona GL,"Eixample, Barcelona",https://www.booking.com/hotel/es/the-one-barcelona.html?label=gen173nr-1BCAEoggI46AdSAnVzWARoRogBAZgBMbgBGcgBD9gBAegBAYgCAagCA7gCmuTXvAbAAgHSAiQ3NGM3OTk4Ni0yY2UyLTQ1NGYtOGQwZS1lZTU4ZTdhMDAwZTHYAgXgAgE&sid=735f077cb553f5b5fb1805efac5f4fa0&aid=304142&ucfs=1&arphpl=1&checkin=2025-04-01&checkout=2025-04-08&dest_id=-372490&dest_type=city&group_adults=2&req_adults=2&no_rooms=1&group_children=0&req_children=0&hpos=5&hapos=652&sr_order=popularity&srpvid=52a43c0f4b5000e9&srepoch=1737880421&all_sr_blocks=206382316_364074241_0_42_0_225367&highlighted_blocks=206382316_364074241_0_42_0_225367&matching_block_id=206382316_364074241_0_42_0_225367&sr_pri_blocks=206382316_364074241_0_42_0_225367_1790550&from_sustainable_property_sr=1&from=searchresults
Design 1 Bedroom Apartment near Plaza España,"Eixample, Barcelona",https://www.booking.com/hotel/es/design-1-bed-apt-near-plaza-espana.html?label=gen173nr-1BCAEoggI46AdSAnVzWARoRogBAZgBMbgBGcgBD9gBAegBAYgCAagCA7gCmuTXvAbAAgHSAiQ3NGM3OTk4Ni0yY2UyLTQ1NGYtOGQwZS1lZTU4ZTdhMDAwZTHYAgXgAgE&sid=735f077cb553f5b5fb1805efac5f4fa0&aid=304142&ucfs=1&arphpl=1&checkin=2025-04-01&checkout=2025-04-08&dest_id=-372490&dest_type=city&group_adults=2&req_adults=2&no_rooms=1&group_children=0&req_children=0&hpos=6&hapos=653&sr_order=popularity&srpvid=52a43c0f4b5000e9&srepoch=1737880421&all_sr_blocks=415511301_126680464_3_0_0&highlighted_blocks=415511301_126680464_3_0_0&matching_block_id=415511301_126680464_3_0_0&sr_pri_blocks=415511301_126680464_3_0_0__130143&from=searchresults
Cozy Apt in Residential Center by Maison Piñata,"Gràcia, Barcelona",https://www.booking.com/hotel/es/cozy-apt-in-residential-center-by-maison-pinata.html?label=gen173nr-1BCAEoggI46AdSAnVzWARoRogBAZgBMbgBGcgBD9gBAegBAYgCAagCA7gCmuTXvAbAAgHSAiQ3NGM3OTk4Ni0yY2UyLTQ1NGYtOGQwZS1lZTU4ZTdhMDAwZTHYAgXgAgE&sid=735f077cb553f5b5fb1805efac5f4fa0&aid=304142&ucfs=1&arphpl=1&checkin=2025-04-01&checkout=2025-04-08&dest_id=-372490&dest_type=city&group_adults=2&req_adults=2&no_rooms=1&group_children=0&req_children=0&hpos=7&hapos=654&sr_order=popularity&srpvid=52a43c0f4b5000e9&srepoch=1737880421&all_sr_blocks=1312493101_404018886_3_0_0&highlighted_blocks=1312493101_404018886_3_0_0&matching_block_id=1312493101_404018886_3_0_0&sr_pri_blocks=1312493101_404018886_3_0_0__135999&from=searchresults
Stay U-nique Apartments Industria,"Sant Martí, Barcelona",https://www.booking.com/hotel/es/gorgeous-modern-apartment-in-bcn-city-center.html?label=gen173nr-1BCAEoggI46AdSAnVzWARoRogBAZgBMbgBGcgBD9gBAegBAYgCAagCA7gCmuTXvAbAAgHSAiQ3NGM3OTk4Ni0yY2UyLTQ1NGYtOGQwZS1lZTU4ZTdhMDAwZTHYAgXgAgE&sid=735f077cb553f5b5fb1805efac5f4fa0&aid=304142&ucfs=1&arphpl=1&checkin=2025-04-01&checkout=2025-04-08&dest_id=-372490&dest_type=city&group_adults=2&req_adults=2&no_rooms=1&group_children=0&req_children=0&hpos=8&hapos=655&sr_order=popularity&srpvid=52a43c0f4b5000e9&srepoch=1737880421&all_sr_blocks=764603502_333970560_0_0_0&highlighted_blocks=764603502_333970560_0_0_0&matching_block_id=764603502_333970560_0_0_0&sr_pri_blocks=764603502_333970560_0_0_0__126102&from=searchresults
Barcelonaforrent The Living Apartment,"Eixample, Barcelona",https://www.booking.com/hotel/es/barcelonaforrent-living-central-suites.html?label=gen173nr-1BCAEoggI46AdSAnVzWARoRogBAZgBMbgBGcgBD9gBAegBAYgCAagCA7gCmuTXvAbAAgHSAiQ3NGM3OTk4Ni0yY2UyLTQ1NGYtOGQwZS1lZTU4ZTdhMDAwZTHYAgXgAgE&sid=735f077cb553f5b5fb1805efac5f4fa0&aid=304142&ucfs=1&arphpl=1&checkin=2025-04-01&checkout=2025-04-08&dest_id=-372490&dest_type=city&group_adults=2&req_adults=2&no_rooms=1&group_children=0&req_children=0&hpos=9&hapos=656&sr_order=popularity&srpvid=52a43c0f4b5000e9&srepoch=1737880421&all_sr_blocks=90735901_350745364_0_0_0&highlighted_blocks=90735901_350745364_0_0_0&matching_block_id=90735901_350745364_0_0_0&sr_pri_blocks=90735901_350745364_0_0_0__352869&from=searchresults
Hotel Casa Gardenia,"Ciutat Vella, Barcelona",https://www.booking.com/hotel/es/casa-gardenia-barcelona.html?label=gen173nr-1BCAEoggI46AdSAnVzWARoRogBAZgBMbgBGcgBD9gBAegBAYgCAagCA7gCmuTXvAbAAgHSAiQ3NGM3OTk4Ni0yY2UyLTQ1NGYtOGQwZS1lZTU4ZTdhMDAwZTHYAgXgAgE&sid=735f077cb553f5b5fb1805efac5f4fa0&aid=304142&ucfs=1&arphpl=1&checkin=2025-04-01&checkout=2025-04-08&dest_id=-372490&dest_type=city&group_adults=2&req_adults=2&no_rooms=1&group_children=0&req_children=0&hpos=10&hapos=657&sr_order=popularity&srpvid=52a43c0f4b5000e9&srepoch=1737880421&all_sr_blocks=1096878407_382578833_2_2_0&highlighted_blocks=1096878407_382578833_2_2_0&matching_block_id=1096878407_382578833_2_2_0&sr_pri_blocks=1096878407_382578833_2_2_0__153770&from=searchresults
ibis Styles Barcelona Centre,"Eixample, Barcelona",https://www.booking.com/hotel/es/ibis-styles-barcelona-centre.html?label=gen173nr-1BCAEoggI46AdSAnVzWARoRogBAZgBMbgBGcgBD9gBAegBAYgCAagCA7gCmuTXvAbAAgHSAiQ3NGM3OTk4Ni0yY2UyLTQ1NGYtOGQwZS1lZTU4ZTdhMDAwZTHYAgXgAgE&sid=735f077cb553f5b5fb1805efac5f4fa0&aid=304142&ucfs=1&arphpl=1&checkin=2025-04-01&checkout=2025-04-08&dest_id=-372490&dest_type=city&group_adults=2&req_adults=2&no_rooms=1&group_children=0&req_children=0&hpos=11&hapos=658&sr_order=popularity&srpvid=52a43c0f4b5000e9&srepoch=1737880421&all_sr_blocks=647575702_265665864_2_1_0&highlighted_blocks=647575702_265665864_2_1_0&matching_block_id=647575702_265665864_2_1_0&sr_pri_blocks=647575702_265665864_2_1_0__141700&from=searchresults
Fabulous One bedroom Apartament in Poble nou,"Sant Martí, Barcelona",https://www.booking.com/hotel/es/apartament-in-poble-nou-barcelona.html?label=gen173nr-1BCAEoggI46AdSAnVzWARoRogBAZgBMbgBGcgBD9gBAegBAYgCAagCA7gCmuTXvAbAAgHSAiQ3NGM3OTk4Ni0yY2UyLTQ1NGYtOGQwZS1lZTU4ZTdhMDAwZTHYAgXgAgE&sid=735f077cb553f5b5fb1805efac5f4fa0&aid=304142&ucfs=1&arphpl=1&checkin=2025-04-01&checkout=2025-04-08&dest_id=-372490&dest_type=city&group_adults=2&req_adults=2&no_rooms=1&group_children=0&req_children=0&hpos=12&hapos=659&sr_order=popularity&srpvid=52a43c0f4b5000e9&srepoch=1737880421&all_sr_blocks=1008867101_373604912_0_0_0&highlighted_blocks=1008867101_373604912_0_0_0&matching_block_id=1008867101_373604912_0_0_0&sr_pri_blocks=1008867101_373604912_0_0_0__135758&from=searchresults
Atica Apartments - by Weflating,"Horta-Guinardó, Barcelona",https://www.booking.com/hotel/es/atica-apartments-by-weflating.html?label=gen173nr-1BCAEoggI46AdSAnVzWARoRogBAZgBMbgBGcgBD9gBAegBAYgCAagCA7gCmuTXvAbAAgHSAiQ3NGM3OTk4Ni0yY2UyLTQ1NGYtOGQwZS1lZTU4ZTdhMDAwZTHYAgXgAgE&sid=735f077cb553f5b5fb1805efac5f4fa0&aid=304142&ucfs=1&arphpl=1&checkin=2025-04-01&checkout=2025-04-08&dest_id=-372490&dest_type=city&group_adults=2&req_adults=2&no_rooms=1&group_children=0&req_children=0&hpos=13&hapos=660&sr_order=popularity&srpvid=52a43c0f4b5000e9&srepoch=1737880421&all_sr_blocks=917968203_363356605_2_0_0&highlighted_blocks=917968203_363356605_2_0_0&matching_block_id=917968203_363356605_2_0_0&sr_pri_blocks=917968203_363356605_2_0_0__125300&from=searchresults
limehome Barcelona Carrer de Fontcoberta - Digital Access,"Sarrià-St. Gervasi, Barcelona",https://www.booking.com/hotel/es/limehome-barcelona-carrer-de-fontcoberta.html?label=gen173nr-1BCAEoggI46AdSAnVzWARoRogBAZgBMbgBGcgBD9gBAegBAYgCAagCA7gCmuTXvAbAAgHSAiQ3NGM3OTk4Ni0yY2UyLTQ1NGYtOGQwZS1lZTU4ZTdhMDAwZTHYAgXgAgE&sid=735f077cb553f5b5fb1805efac5f4fa0&aid=304142&ucfs=1&arphpl=1&checkin=2025-04-01&checkout=2025-04-08&dest_id=-372490&dest_type=city&group_adults=2&req_adults=2&no_rooms=1&group_children=0&req_children=0&hpos=14&hapos=661&sr_order=popularity&srpvid=52a43c0f4b5000e9&srepoch=1737880421&all_sr_blocks=852124703_352565423_2_0_0&highlighted_blocks=852124703_352565423_2_0_0&matching_block_id=852124703_352565423_2_0_0&sr_pri_blocks=852124703_352565423_2_0_0__107000&from=searchresults
"Via Sants Hotel Barcelona, Tapestry Collection By Hilton","Eixample, Barcelona",https://www.booking.com/hotel/es/via-sants-barcelona-tapestry-collection-by-hilton.html?label=gen173nr-1BCAEoggI46AdSAnVzWARoRogBAZgBMbgBGcgBD9gBAegBAYgCAagCA7gCmuTXvAbAAgHSAiQ3NGM3OTk4Ni0yY2UyLTQ1NGYtOGQwZS1lZTU4ZTdhMDAwZTHYAgXgAgE&sid=735f077cb553f5b5fb1805efac5f4fa0&aid=304142&ucfs=1&arphpl=1&checkin=2025-04-01&checkout=2025-04-08&dest_id=-372490&dest_type=city&group_adults=2&req_adults=2&no_rooms=1&group_children=0&req_children=0&hpos=15&hapos=662&sr_order=popularity&srpvid=52a43c0f4b5000e9&srepoch=1737880421&all_sr_blocks=910398501_362341458_2_34_0&highlighted_blocks=910398501_362341458_2_34_0&matching_block_id=910398501_362341458_2_34_0&sr_pri_blocks=910398501_362341458_2_34_0__185208&from=searchresults
Click&Flat Seneca Suites,"Gràcia, Barcelona",https://www.booking.com/hotel/es/click-amp-flat-seneca-suites.html?label=gen173nr-1BCAEoggI46AdSAnVzWARoRogBAZgBMbgBGcgBD9gBAegBAYgCAagCA7gCmuTXvAbAAgHSAiQ3NGM3OTk4Ni0yY2UyLTQ1NGYtOGQwZS1lZTU4ZTdhMDAwZTHYAgXgAgE&sid=735f077cb553f5b5fb1805efac5f4fa0&aid=304142&ucfs=1&arphpl=1&checkin=2025-04-01&checkout=2025-04-08&dest_id=-372490&dest_type=city&group_adults=2&req_adults=2&no_rooms=1&group_children=0&req_children=0&hpos=16&hapos=663&sr_order=popularity&srpvid=52a43c0f4b5000e9&srepoch=1737880421&all_sr_blocks=112384806_330891612_2_0_0&highlighted_blocks=112384806_330891612_2_0_0&matching_block_id=112384806_330891612_2_0_0&sr_pri_blocks=112384806_330891612_2_0_0__145260&from=searchresults
Homenfun Barcelona Guinardó Hospital Sant Pau,"Horta-Guinardó, Barcelona",https://www.booking.com/hotel/es/homenfun-barcelona-guinardo-hospital-sant-pau.html?label=gen173nr-1BCAEoggI46AdSAnVzWARoRogBAZgBMbgBGcgBD9gBAegBAYgCAagCA7gCmuTXvAbAAgHSAiQ3NGM3OTk4Ni0yY2UyLTQ1NGYtOGQwZS1lZTU4ZTdhMDAwZTHYAgXgAgE&sid=735f077cb553f5b5fb1805efac5f4fa0&aid=304142&ucfs=1&arphpl=1&checkin=2025-04-01&checkout=2025-04-08&dest_id=-372490&dest_type=city&group_adults=2&req_adults=2&no_rooms=1&group_children=0&req_children=0&hpos=17&hapos=664&sr_order=popularity&srpvid=52a43c0f4b5000e9&srepoch=1737880421&all_sr_blocks=1117772201_384632353_2_0_0&highlighted_blocks=1117772201_384632353_2_0_0&matching_block_id=1117772201_384632353_2_0_0&sr_pri_blocks=1117772201_384632353_2_0_0__97984&from=searchresults
Alojamiento TetuGran,"Eixample, Barcelona",https://www.booking.com/hotel/es/alojamiento-tetugran.html?label=gen173nr-1BCAEoggI46AdSAnVzWARoRogBAZgBMbgBGcgBD9gBAegBAYgCAagCA7gCmuTXvAbAAgHSAiQ3NGM3OTk4Ni0yY2UyLTQ1NGYtOGQwZS1lZTU4ZTdhMDAwZTHYAgXgAgE&sid=735f077cb553f5b5fb1805efac5f4fa0&aid=304142&ucfs=1&arphpl=1&checkin=2025-04-01&checkout=2025-04-08&dest_id=-372490&dest_type=city&group_adults=2&req_adults=2&no_rooms=1&group_children=0&req_children=0&hpos=18&hapos=665&sr_order=popularity&srpvid=52a43c0f4b5000e9&srepoch=1737880421&all_sr_blocks=1314838302_404289145_2_0_0&highlighted_blocks=1314838302_404289145_2_0_0&matching_block_id=1314838302_404289145_2_0_0&sr_pri_blocks=1314838302_404289145_2_0_0__80200&from=searchresults
Hotel Miramar Barcelona GL,"Sants-Montjuïc, Barcelona",https://www.booking.com/hotel/es/miramar-barcelona.html?label=gen173nr-1BCAEoggI46AdSAnVzWARoRogBAZgBMbgBGcgBD9gBAegBAYgCAagCA7gCmuTXvAbAAgHSAiQ3NGM3OTk4Ni0yY2UyLTQ1NGYtOGQwZS1lZTU4ZTdhMDAwZTHYAgXgAgE&sid=735f077cb553f5b5fb1805efac5f4fa0&aid=304142&ucfs=1&arphpl=1&checkin=2025-04-01&checkout=2025-04-08&dest_id=-372490&dest_type=city&group_adults=2&req_adults=2&no_rooms=1&group_children=0&req_children=0&hpos=19&hapos=666&sr_order=popularity&srpvid=52a43c0f4b5000e9&srepoch=1737880421&all_sr_blocks=9407001_88195436_0_2_0&highlighted_blocks=9407001_88195436_0_2_0&matching_block_id=9407001_88195436_0_2_0&sr_pri_blocks=9407001_88195436_0_2_0__235242&from_sustainable_property_sr=1&from=searchresults
Apartments Barcelona & Home Deco Viladomat,"Eixample, Barcelona",https://www.booking.com/hotel/es/apartments-barcelona-home-deco-viladomat.html?label=gen173nr-1BCAEoggI46AdSAnVzWARoRogBAZgBMbgBGcgBD9gBAegBAYgCAagCA7gCmuTXvAbAAgHSAiQ3NGM3OTk4Ni0yY2UyLTQ1NGYtOGQwZS1lZTU4ZTdhMDAwZTHYAgXgAgE&sid=735f077cb553f5b5fb1805efac5f4fa0&aid=304142&ucfs=1&arphpl=1&checkin=2025-04-01&checkout=2025-04-08&dest_id=-372490&dest_type=city&group_adults=2&req_adults=2&no_rooms=1&group_children=0&req_children=0&hpos=20&hapos=667&sr_order=popularity&srpvid=52a43c0f4b5000e9&srepoch=1737880421&all_sr_blocks=252175801_326639106_2_0_0&highlighted_blocks=252175801_326639106_2_0_0&matching_block_id=252175801_326639106_2_0_0&sr_pri_blocks=252175801_326639106_2_0_0__189032&from=searchresults
chic&basic Habana Hoose,"Ciutat Vella, Barcelona",https://www.booking.com/hotel/es/chic-amp-basic-havana-hoose.html?label=gen173nr-1BCAEoggI46AdSAnVzWARoRogBAZgBMbgBGcgBD9gBAegBAYgCAagCA7gCmuTXvAbAAgHSAiQ3NGM3OTk4Ni0yY2UyLTQ1NGYtOGQwZS1lZTU4ZTdhMDAwZTHYAgXgAgE&sid=735f077cb553f5b5fb1805efac5f4fa0&aid=304142&ucfs=1&arphpl=1&checkin=2025-04-01&checkout=2025-04-08&dest_id=-372490&dest_type=city&group_adults=2&req_adults=2&no_rooms=1&group_children=0&req_children=0&hpos=21&hapos=668&sr_order=popularity&srpvid=52a43c0f4b5000e9&srepoch=1737880421&all_sr_blocks=801761102_341430302_2_2_0&highlighted_blocks=801761102_341430302_2_2_0&matching_block_id=801761102_341430302_2_2_0&sr_pri_blocks=801761102_341430302_2_2_0__148700&from_sustainable_property_sr=1&from=searchresults
Stay U-nique Apartments Obradors,"Ciutat Vella, Barcelona",https://www.booking.com/hotel/es/vintage-style-apartment-in-gothic-quarter.html?label=gen173nr-1BCAEoggI46AdSAnVzWARoRogBAZgBMbgBGcgBD9gBAegBAYgCAagCA7gCmuTXvAbAAgHSAiQ3NGM3OTk4Ni0yY2UyLTQ1NGYtOGQwZS1lZTU4ZTdhMDAwZTHYAgXgAgE&sid=735f077cb553f5b5fb1805efac5f4fa0&aid=304142&ucfs=1&arphpl=1&checkin=2025-04-01&checkout=2025-04-08&dest_id=-372490&dest_type=city&group_adults=2&req_adults=2&no_rooms=1&group_children=0&req_children=0&hpos=22&hapos=669&sr_order=popularity&srpvid=52a43c0f4b5000e9&srepoch=1737880421&all_sr_blocks=723755102_310252821_0_0_0&highlighted_blocks=723755102_310252821_0_0_0&matching_block_id=723755102_310252821_0_0_0&sr_pri_blocks=723755102_310252821_0_0_0__140863&from=searchresults
Cómodo apartamento para 2,"Sants-Montjuïc, Barcelona",https://www.booking.com/hotel/es/comodo-apartamento-para-2-barcelona.html?label=gen173nr-1BCAEoggI46AdSAnVzWARoRogBAZgBMbgBGcgBD9gBAegBAYgCAagCA7gCmuTXvAbAAgHSAiQ3NGM3OTk4Ni0yY2UyLTQ1NGYtOGQwZS1lZTU4ZTdhMDAwZTHYAgXgAgE&sid=735f077cb553f5b5fb1805efac5f4fa0&aid=304142&ucfs=1&arphpl=1&checkin=2025-04-01&checkout=2025-04-08&dest_id=-372490&dest_type=city&group_adults=2&req_adults=2&no_rooms=1&group_children=0&req_children=0&hpos=23&hapos=670&sr_order=popularity&srpvid=52a43c0f4b5000e9&srepoch=1737880421&all_sr_blocks=1257985902_398347749_2_0_0&highlighted_blocks=1257985902_398347749_2_0_0&matching_block_id=1257985902_398347749_2_0_0&sr_pri_blocks=1257985902_398347749_2_0_0__119723&from=searchresults
Full apartment city center,"Ciutat Vella, Barcelona",https://www.booking.com/hotel/es/full-apartment-city-center.html?label=gen173nr-1BCAEoggI46AdSAnVzWARoRogBAZgBMbgBGcgBD9gBAegBAYgCAagCA7gCmuTXvAbAAgHSAiQ3NGM3OTk4Ni0yY2UyLTQ1NGYtOGQwZS1lZTU4ZTdhMDAwZTHYAgXgAgE&sid=735f077cb553f5b5fb1805efac5f4fa0&aid=304142&ucfs=1&arphpl=1&checkin=2025-04-01&checkout=2025-04-08&dest_id=-372490&dest_type=city&group_adults=2&req_adults=2&no_rooms=1&group_children=0&req_children=0&hpos=1&hapos=671&sr_order=popularity&srpvid=52a43c0f4b5000e9&srepoch=1737880424&all_sr_blocks=1235787301_395517594_2_0_0&highlighted_blocks=1235787301_395517594_2_0_0&matching_block_id=1235787301_395517594_2_0_0&sr_pri_blocks=1235787301_395517594_2_0_0__97347&from=searchresults
Hostal Martinval,"Eixample, Barcelona",https://www.booking.com/hotel/es/hostal-martinval.html?label=gen173nr-1BCAEoggI46AdSAnVzWARoRogBAZgBMbgBGcgBD9gBAegBAYgCAagCA7gCmuTXvAbAAgHSAiQ3NGM3OTk4Ni0yY2UyLTQ1NGYtOGQwZS1lZTU4ZTdhMDAwZTHYAgXgAgE&sid=735f077cb553f5b5fb1805efac5f4fa0&aid=304142&ucfs=1&arphpl=1&checkin=2025-04-01&checkout=2025-04-08&dest_id=-372490&dest_type=city&group_adults=2&req_adults=2&no_rooms=1&group_children=0&req_children=0&hpos=2&hapos=672&sr_order=popularity&srpvid=52a43c0f4b5000e9&srepoch=1737880424&all_sr_blocks=38775917_88208264_0_0_0&highlighted_blocks=38775917_88208264_0_0_0&matching_block_id=38775917_88208264_0_0_0&sr_pri_blocks=38775917_88208264_0_0_0__96884&from=searchresults
Lugaris Rambla Apartments,"Sant Martí, Barcelona",https://www.booking.com/hotel/es/lugaris-the-home-concept.html?label=gen173nr-1BCAEoggI46AdSAnVzWARoRogBAZgBMbgBGcgBD9gBAegBAYgCAagCA7gCmuTXvAbAAgHSAiQ3NGM3OTk4Ni0yY2UyLTQ1NGYtOGQwZS1lZTU4ZTdhMDAwZTHYAgXgAgE&sid=735f077cb553f5b5fb1805efac5f4fa0&aid=304142&ucfs=1&arphpl=1&checkin=2025-04-01&checkout=2025-04-08&dest_id=-372490&dest_type=city&group_adults=2&req_adults=2&no_rooms=1&group_children=0&req_children=0&hpos=3&hapos=673&sr_order=popularity&srpvid=52a43c0f4b5000e9&srepoch=1737880424&all_sr_blocks=24280302_99486590_2_0_0&highlighted_blocks=24280302_99486590_2_0_0&matching_block_id=24280302_99486590_2_0_0&sr_pri_blocks=24280302_99486590_2_0_0__157934&from=searchresults
You Stylish Sagrada Familia Apartments,"Eixample, Barcelona",https://www.booking.com/hotel/es/sagrada-familia-1-nice-bright-amp-quiet-apartment.html?label=gen173nr-1BCAEoggI46AdSAnVzWARoRogBAZgBMbgBGcgBD9gBAegBAYgCAagCA7gCmuTXvAbAAgHSAiQ3NGM3OTk4Ni0yY2UyLTQ1NGYtOGQwZS1lZTU4ZTdhMDAwZTHYAgXgAgE&sid=735f077cb553f5b5fb1805efac5f4fa0&aid=304142&ucfs=1&arphpl=1&checkin=2025-04-01&checkout=2025-04-08&dest_id=-372490&dest_type=city&group_adults=2&req_adults=2&no_rooms=1&group_children=0&req_children=0&hpos=4&hapos=674&sr_order=popularity&srpvid=52a43c0f4b5000e9&srepoch=1737880424&all_sr_blocks=601173602_347125724_4_0_0&highlighted_blocks=601173602_347125724_4_0_0&matching_block_id=601173602_347125724_4_0_0&sr_pri_blocks=601173602_347125724_4_0_0__199507&from=searchresults
Palau de la música 13,"Ciutat Vella, Barcelona",https://www.booking.com/hotel/es/palau-de-la-musica-13.html?label=gen173nr-1BCAEoggI46AdSAnVzWARoRogBAZgBMbgBGcgBD9gBAegBAYgCAagCA7gCmuTXvAbAAgHSAiQ3NGM3OTk4Ni0yY2UyLTQ1NGYtOGQwZS1lZTU4ZTdhMDAwZTHYAgXgAgE&sid=735f077cb553f5b5fb1805efac5f4fa0&aid=304142&ucfs=1&arphpl=1&checkin=2025-04-01&checkout=2025-04-08&dest_id=-372490&dest_type=city&group_adults=2&req_adults=2&no_rooms=1&group_children=0&req_children=0&hpos=5&hapos=675&sr_order=popularity&srpvid=52a43c0f4b5000e9&srepoch=1737880424&all_sr_blocks=1245236301_396675766_2_0_0&highlighted_blocks=1245236301_396675766_2_0_0&matching_block_id=1245236301_396675766_2_0_0&sr_pri_blocks=1245236301_396675766_2_0_0__113457&from=searchresults
Hotel Coronado,"Sants-Montjuïc, Barcelona",https://www.booking.com/hotel/es/coronado.html?label=gen173nr-1BCAEoggI46AdSAnVzWARoRogBAZgBMbgBGcgBD9gBAegBAYgCAagCA7gCmuTXvAbAAgHSAiQ3NGM3OTk4Ni0yY2UyLTQ1NGYtOGQwZS1lZTU4ZTdhMDAwZTHYAgXgAgE&sid=735f077cb553f5b5fb1805efac5f4fa0&aid=304142&ucfs=1&arphpl=1&checkin=2025-04-01&checkout=2025-04-08&dest_id=-372490&dest_type=city&group_adults=2&req_adults=2&no_rooms=1&group_children=0&req_children=0&hpos=6&hapos=676&sr_order=popularity&srpvid=52a43c0f4b5000e9&srepoch=1737880424&all_sr_blocks=9750104_88494411_0_0_0&highlighted_blocks=9750104_88494411_0_0_0&matching_block_id=9750104_88494411_0_0_0&sr_pri_blocks=9750104_88494411_0_0_0__100200&from=searchresults
Decô Apartments Barcelona-Born Apt.,"Ciutat Vella, Barcelona",https://www.booking.com/hotel/es/decimononico-apartments-borne.html?label=gen173nr-1BCAEoggI46AdSAnVzWARoRogBAZgBMbgBGcgBD9gBAegBAYgCAagCA7gCmuTXvAbAAgHSAiQ3NGM3OTk4Ni0yY2UyLTQ1NGYtOGQwZS1lZTU4ZTdhMDAwZTHYAgXgAgE&sid=735f077cb553f5b5fb1805efac5f4fa0&aid=304142&ucfs=1&arphpl=1&checkin=2025-04-01&checkout=2025-04-08&dest_id=-372490&dest_type=city&group_adults=2&req_adults=2&no_rooms=1&group_children=0&req_children=0&hpos=7&hapos=677&sr_order=popularity&srpvid=52a43c0f4b5000e9&srepoch=1737880424&all_sr_blocks=43314808_91059492_4_0_0&highlighted_blocks=43314808_91059492_4_0_0&matching_block_id=43314808_91059492_4_0_0&sr_pri_blocks=43314808_91059492_4_0_0__212132&from_sustainable_property_sr=1&from=searchresults
Hostal Santa Ana,"Ciutat Vella, Barcelona",https://www.booking.com/hotel/es/hostal-cortes-barcelona.html?label=gen173nr-1BCAEoggI46AdSAnVzWARoRogBAZgBMbgBGcgBD9gBAegBAYgCAagCA7gCmuTXvAbAAgHSAiQ3NGM3OTk4Ni0yY2UyLTQ1NGYtOGQwZS1lZTU4ZTdhMDAwZTHYAgXgAgE&sid=735f077cb553f5b5fb1805efac5f4fa0&aid=304142&ucfs=1&arphpl=1&checkin=2025-04-01&checkout=2025-04-08&dest_id=-372490&dest_type=city&group_adults=2&req_adults=2&no_rooms=1&group_children=0&req_children=0&hpos=8&hapos=678&sr_order=popularity&srpvid=52a43c0f4b5000e9&srepoch=1737880424&all_sr_blocks=43246409_88209483_0_0_0&highlighted_blocks=43246409_88209483_0_0_0&matching_block_id=43246409_88209483_0_0_0&sr_pri_blocks=43246409_88209483_0_0_0__66990&from=searchresults
Urbany Hostel BCN GO!,"Eixample, Barcelona",https://www.booking.com/hotel/es/urbany-hostel-bcn-go.html?label=gen173nr-1BCAEoggI46AdSAnVzWARoRogBAZgBMbgBGcgBD9gBAegBAYgCAagCA7gCmuTXvAbAAgHSAiQ3NGM3OTk4Ni0yY2UyLTQ1NGYtOGQwZS1lZTU4ZTdhMDAwZTHYAgXgAgE&sid=735f077cb553f5b5fb1805efac5f4fa0&aid=304142&ucfs=1&arphpl=1&checkin=2025-04-01&checkout=2025-04-08&dest_id=-372490&dest_type=city&group_adults=2&req_adults=2&no_rooms=1&group_children=0&req_children=0&hpos=9&hapos=679&sr_order=popularity&srpvid=52a43c0f4b5000e9&srepoch=1737880424&all_sr_blocks=48240528_367331458_0_0_0&highlighted_blocks=48240528_367331458_0_0_0&matching_block_id=48240528_367331458_0_0_0&sr_pri_blocks=48240528_367331458_0_0_0__101486&from_sustainable_property_sr=1&from=searchresults
BruStar Sagrada Familia,"Eixample, Barcelona",https://www.booking.com/hotel/es/brustar-sagrada-familia.html?label=gen173nr-1BCAEoggI46AdSAnVzWARoRogBAZgBMbgBGcgBD9gBAegBAYgCAagCA7gCmuTXvAbAAgHSAiQ3NGM3OTk4Ni0yY2UyLTQ1NGYtOGQwZS1lZTU4ZTdhMDAwZTHYAgXgAgE&sid=735f077cb553f5b5fb1805efac5f4fa0&aid=304142&ucfs=1&arphpl=1&checkin=2025-04-01&checkout=2025-04-08&dest_id=-372490&dest_type=city&group_adults=2&req_adults=2&no_rooms=1&group_children=0&req_children=0&hpos=10&hapos=680&sr_order=popularity&srpvid=52a43c0f4b5000e9&srepoch=1737880424&all_sr_blocks=136128603_88511761_2_0_0&highlighted_blocks=136128603_88511761_2_0_0&matching_block_id=136128603_88511761_2_0_0&sr_pri_blocks=136128603_88511761_2_0_0__102685&from=searchresults
"Acogedor Apartamento en Barcelona, zona tranquila","Sarrià-St. Gervasi, Barcelona",https://www.booking.com/hotel/es/acogedor-apartamento-en-barcelona-zona-tranquila.html?label=gen173nr-1BCAEoggI46AdSAnVzWARoRogBAZgBMbgBGcgBD9gBAegBAYgCAagCA7gCmuTXvAbAAgHSAiQ3NGM3OTk4Ni0yY2UyLTQ1NGYtOGQwZS1lZTU4ZTdhMDAwZTHYAgXgAgE&sid=735f077cb553f5b5fb1805efac5f4fa0&aid=304142&ucfs=1&arphpl=1&checkin=2025-04-01&checkout=2025-04-08&dest_id=-372490&dest_type=city&group_adults=2&req_adults=2&no_rooms=1&group_children=0&req_children=0&hpos=11&hapos=681&sr_order=popularity&srpvid=52a43c0f4b5000e9&srepoch=1737880424&all_sr_blocks=1270268201_399790341_4_0_0&highlighted_blocks=1270268201_399790341_4_0_0&matching_block_id=1270268201_399790341_4_0_0&sr_pri_blocks=1270268201_399790341_4_0_0__137614&from=searchresults
Bonavista Apartments - Eixample,"Eixample, Barcelona",https://www.booking.com/hotel/es/bonavista-apartments-barcelona-eixample.html?label=gen173nr-1BCAEoggI46AdSAnVzWARoRogBAZgBMbgBGcgBD9gBAegBAYgCAagCA7gCmuTXvAbAAgHSAiQ3NGM3OTk4Ni0yY2UyLTQ1NGYtOGQwZS1lZTU4ZTdhMDAwZTHYAgXgAgE&sid=735f077cb553f5b5fb1805efac5f4fa0&aid=304142&ucfs=1&arphpl=1&checkin=2025-04-01&checkout=2025-04-08&dest_id=-372490&dest_type=city&group_adults=2&req_adults=2&no_rooms=1&group_children=0&req_children=0&hpos=12&hapos=682&sr_order=popularity&srpvid=52a43c0f4b5000e9&srepoch=1737880424&all_sr_blocks=36005704_364390479_3_0_0&highlighted_blocks=36005704_364390479_3_0_0&matching_block_id=36005704_364390479_3_0_0&sr_pri_blocks=36005704_364390479_3_0_0__162167&from=searchresults
Palau de la música 2,"Ciutat Vella, Barcelona",https://www.booking.com/hotel/es/palau-de-la-musica-2.html?label=gen173nr-1BCAEoggI46AdSAnVzWARoRogBAZgBMbgBGcgBD9gBAegBAYgCAagCA7gCmuTXvAbAAgHSAiQ3NGM3OTk4Ni0yY2UyLTQ1NGYtOGQwZS1lZTU4ZTdhMDAwZTHYAgXgAgE&sid=735f077cb553f5b5fb1805efac5f4fa0&aid=304142&ucfs=1&arphpl=1&checkin=2025-04-01&checkout=2025-04-08&dest_id=-372490&dest_type=city&group_adults=2&req_adults=2&no_rooms=1&group_children=0&req_children=0&hpos=13&hapos=683&sr_order=popularity&srpvid=52a43c0f4b5000e9&srepoch=1737880424&all_sr_blocks=1240809201_396016157_4_0_0&highlighted_blocks=1240809201_396016157_4_0_0&matching_block_id=1240809201_396016157_4_0_0&sr_pri_blocks=1240809201_396016157_4_0_0__126197&from=searchresults
Chic & Basic Zoo,"Ciutat Vella, Barcelona",https://www.booking.com/hotel/es/triunfo-barcelona.html?label=gen173nr-1BCAEoggI46AdSAnVzWARoRogBAZgBMbgBGcgBD9gBAegBAYgCAagCA7gCmuTXvAbAAgHSAiQ3NGM3OTk4Ni0yY2UyLTQ1NGYtOGQwZS1lZTU4ZTdhMDAwZTHYAgXgAgE&sid=735f077cb553f5b5fb1805efac5f4fa0&aid=304142&ucfs=1&arphpl=1&checkin=2025-04-01&checkout=2025-04-08&dest_id=-372490&dest_type=city&group_adults=2&req_adults=2&no_rooms=1&group_children=0&req_children=0&hpos=14&hapos=684&sr_order=popularity&srpvid=52a43c0f4b5000e9&srepoch=1737880424&all_sr_blocks=9196405_88192065_0_0_0&highlighted_blocks=9196405_88192065_0_0_0&matching_block_id=9196405_88192065_0_0_0&sr_pri_blocks=9196405_88192065_0_0_0__113700&from_sustainable_property_sr=1&from=searchresults
Habitat Apartments Cool Jazz,"Sant Martí, Barcelona",https://www.booking.com/hotel/es/habitat-apartments-jazz-barcelona.html?label=gen173nr-1BCAEoggI46AdSAnVzWARoRogBAZgBMbgBGcgBD9gBAegBAYgCAagCA7gCmuTXvAbAAgHSAiQ3NGM3OTk4Ni0yY2UyLTQ1NGYtOGQwZS1lZTU4ZTdhMDAwZTHYAgXgAgE&sid=735f077cb553f5b5fb1805efac5f4fa0&aid=304142&ucfs=1&arphpl=1&checkin=2025-04-01&checkout=2025-04-08&dest_id=-372490&dest_type=city&group_adults=2&req_adults=2&no_rooms=1&group_children=0&req_children=0&hpos=15&hapos=685&sr_order=popularity&srpvid=52a43c0f4b5000e9&srepoch=1737880424&all_sr_blocks=138052206_86640514_0_0_0&highlighted_blocks=138052206_86640514_0_0_0&matching_block_id=138052206_86640514_0_0_0&sr_pri_blocks=138052206_86640514_0_0_0__181622&from=searchresults
Casa Lirio,"Ciutat Vella, Barcelona",https://www.booking.com/hotel/es/casa-lirio-barcelona.html?label=gen173nr-1BCAEoggI46AdSAnVzWARoRogBAZgBMbgBGcgBD9gBAegBAYgCAagCA7gCmuTXvAbAAgHSAiQ3NGM3OTk4Ni0yY2UyLTQ1NGYtOGQwZS1lZTU4ZTdhMDAwZTHYAgXgAgE&sid=735f077cb553f5b5fb1805efac5f4fa0&aid=304142&ucfs=1&arphpl=1&checkin=2025-04-01&checkout=2025-04-08&dest_id=-372490&dest_type=city&group_adults=2&req_adults=2&no_rooms=1&group_children=0&req_children=0&hpos=16&hapos=686&sr_order=popularity&srpvid=52a43c0f4b5000e9&srepoch=1737880424&all_sr_blocks=314399602_113524511_2_2_0&highlighted_blocks=314399602_113524511_2_2_0&matching_block_id=314399602_113524511_2_2_0&sr_pri_blocks=314399602_113524511_2_2_0__176720&from=searchresults
Ola Living Batlló,"Eixample, Barcelona",https://www.booking.com/hotel/es/ola-living-batllo.html?label=gen173nr-1BCAEoggI46AdSAnVzWARoRogBAZgBMbgBGcgBD9gBAegBAYgCAagCA7gCmuTXvAbAAgHSAiQ3NGM3OTk4Ni0yY2UyLTQ1NGYtOGQwZS1lZTU4ZTdhMDAwZTHYAgXgAgE&sid=735f077cb553f5b5fb1805efac5f4fa0&aid=304142&ucfs=1&arphpl=1&checkin=2025-04-01&checkout=2025-04-08&dest_id=-372490&dest_type=city&group_adults=2&req_adults=2&no_rooms=1&group_children=0&req_children=0&hpos=17&hapos=687&sr_order=popularity&srpvid=52a43c0f4b5000e9&srepoch=1737880424&all_sr_blocks=1316927601_404436789_3_0_0&highlighted_blocks=1316927601_404436789_3_0_0&matching_block_id=1316927601_404436789_3_0_0&sr_pri_blocks=1316927601_404436789_3_0_0__128786&from=searchresults
Apartamentos Navas 2,"Sant Andreu, Barcelona",https://www.booking.com/hotel/es/apartamentos-navas-2.html?label=gen173nr-1BCAEoggI46AdSAnVzWARoRogBAZgBMbgBGcgBD9gBAegBAYgCAagCA7gCmuTXvAbAAgHSAiQ3NGM3OTk4Ni0yY2UyLTQ1NGYtOGQwZS1lZTU4ZTdhMDAwZTHYAgXgAgE&sid=735f077cb553f5b5fb1805efac5f4fa0&aid=304142&ucfs=1&arphpl=1&checkin=2025-04-01&checkout=2025-04-08&dest_id=-372490&dest_type=city&group_adults=2&req_adults=2&no_rooms=1&group_children=0&req_children=0&hpos=18&hapos=688&sr_order=popularity&srpvid=52a43c0f4b5000e9&srepoch=1737880424&all_sr_blocks=125507002_88510244_2_0_0&highlighted_blocks=125507002_88510244_2_0_0&matching_block_id=125507002_88510244_2_0_0&sr_pri_blocks=125507002_88510244_2_0_0__150567&from=searchresults
Molino Fresh,"Sants-Montjuïc, Barcelona",https://www.booking.com/hotel/es/molino-fresh.html?label=gen173nr-1BCAEoggI46AdSAnVzWARoRogBAZgBMbgBGcgBD9gBAegBAYgCAagCA7gCmuTXvAbAAgHSAiQ3NGM3OTk4Ni0yY2UyLTQ1NGYtOGQwZS1lZTU4ZTdhMDAwZTHYAgXgAgE&sid=735f077cb553f5b5fb1805efac5f4fa0&aid=304142&ucfs=1&arphpl=1&checkin=2025-04-01&checkout=2025-04-08&dest_id=-372490&dest_type=city&group_adults=2&req_adults=2&no_rooms=1&group_children=0&req_children=0&hpos=19&hapos=689&sr_order=popularity&srpvid=52a43c0f4b5000e9&srepoch=1737880424&all_sr_blocks=88243701_88506177_2_0_0&highlighted_blocks=88243701_88506177_2_0_0&matching_block_id=88243701_88506177_2_0_0&sr_pri_blocks=88243701_88506177_2_0_0__210412&from=searchresults
Flateli Pelayo 3,"Eixample, Barcelona",https://www.booking.com/hotel/es/flateli-pelayo-3.html?label=gen173nr-1BCAEoggI46AdSAnVzWARoRogBAZgBMbgBGcgBD9gBAegBAYgCAagCA7gCmuTXvAbAAgHSAiQ3NGM3OTk4Ni0yY2UyLTQ1NGYtOGQwZS1lZTU4ZTdhMDAwZTHYAgXgAgE&sid=735f077cb553f5b5fb1805efac5f4fa0&aid=304142&ucfs=1&arphpl=1&checkin=2025-04-01&checkout=2025-04-08&dest_id=-372490&dest_type=city&group_adults=2&req_adults=2&no_rooms=1&group_children=0&req_children=0&hpos=20&hapos=690&sr_order=popularity&srpvid=52a43c0f4b5000e9&srepoch=1737880424&all_sr_blocks=1023817001_374792919_2_0_0&highlighted_blocks=1023817001_374792919_2_0_0&matching_block_id=1023817001_374792919_2_0_0&sr_pri_blocks=1023817001_374792919_2_0_0__157116&from=searchresults
Hostal Alogar,"Sarrià-St. Gervasi, Barcelona",https://www.booking.com/hotel/es/hostal-alogar.html?label=gen173nr-1BCAEoggI46AdSAnVzWARoRogBAZgBMbgBGcgBD9gBAegBAYgCAagCA7gCmuTXvAbAAgHSAiQ3NGM3OTk4Ni0yY2UyLTQ1NGYtOGQwZS1lZTU4ZTdhMDAwZTHYAgXgAgE&sid=735f077cb553f5b5fb1805efac5f4fa0&aid=304142&ucfs=1&arphpl=1&checkin=2025-04-01&checkout=2025-04-08&dest_id=-372490&dest_type=city&group_adults=2&req_adults=2&no_rooms=1&group_children=0&req_children=0&hpos=21&hapos=691&sr_order=popularity&srpvid=52a43c0f4b5000e9&srepoch=1737880424&all_sr_blocks=9252812_88493256_2_0_0&highlighted_blocks=9252812_88493256_2_0_0&matching_block_id=9252812_88493256_2_0_0&sr_pri_blocks=9252812_88493256_2_0_0__73700&from=searchresults
42man1018 Centrally located flat in Sant Antoni,"Eixample, Barcelona",https://www.booking.com/hotel/es/42man204-centrally-located-flat-in-sant-antoni.html?label=gen173nr-1BCAEoggI46AdSAnVzWARoRogBAZgBMbgBGcgBD9gBAegBAYgCAagCA7gCmuTXvAbAAgHSAiQ3NGM3OTk4Ni0yY2UyLTQ1NGYtOGQwZS1lZTU4ZTdhMDAwZTHYAgXgAgE&sid=735f077cb553f5b5fb1805efac5f4fa0&aid=304142&ucfs=1&arphpl=1&checkin=2025-04-01&checkout=2025-04-08&dest_id=-372490&dest_type=city&group_adults=2&req_adults=2&no_rooms=1&group_children=0&req_children=0&hpos=22&hapos=692&sr_order=popularity&srpvid=52a43c0f4b5000e9&srepoch=1737880424&all_sr_blocks=898292002_360476038_2_0_0&highlighted_blocks=898292002_360476038_2_0_0&matching_block_id=898292002_360476038_2_0_0&sr_pri_blocks=898292002_360476038_2_0_0__136816&from=searchresults
Modern and bright apartment well located in Gracia,"Sarrià-St. Gervasi, Barcelona",https://www.booking.com/hotel/es/modern-and-bright-apartment-well-located-in-gracia.html?label=gen173nr-1BCAEoggI46AdSAnVzWARoRogBAZgBMbgBGcgBD9gBAegBAYgCAagCA7gCmuTXvAbAAgHSAiQ3NGM3OTk4Ni0yY2UyLTQ1NGYtOGQwZS1lZTU4ZTdhMDAwZTHYAgXgAgE&sid=735f077cb553f5b5fb1805efac5f4fa0&aid=304142&ucfs=1&arphpl=1&checkin=2025-04-01&checkout=2025-04-08&dest_id=-372490&dest_type=city&group_adults=2&req_adults=2&no_rooms=1&group_children=0&req_children=0&hpos=23&hapos=693&sr_order=popularity&srpvid=52a43c0f4b5000e9&srepoch=1737880424&all_sr_blocks=1055500201_397797564_2_0_0&highlighted_blocks=1055500201_397797564_2_0_0&matching_block_id=1055500201_397797564_2_0_0&sr_pri_blocks=1055500201_397797564_2_0_0__170717&from=searchresults
Standbyme Ramblas,"Ciutat Vella, Barcelona",https://www.booking.com/hotel/es/hostal-boqueria.html?label=gen173nr-1BCAEoggI46AdSAnVzWARoRogBAZgBMbgBGcgBD9gBAegBAYgCAagCA7gCmuTXvAbAAgHSAiQ3NGM3OTk4Ni0yY2UyLTQ1NGYtOGQwZS1lZTU4ZTdhMDAwZTHYAgXgAgE&sid=735f077cb553f5b5fb1805efac5f4fa0&aid=304142&ucfs=1&arphpl=1&checkin=2025-04-01&checkout=2025-04-08&dest_id=-372490&dest_type=city&group_adults=2&req_adults=2&no_rooms=1&group_children=0&req_children=0&hpos=24&hapos=694&sr_order=popularity&srpvid=52a43c0f4b5000e9&srepoch=1737880424&all_sr_blocks=1487409_95139617_0_0_0&highlighted_blocks=1487409_95139617_0_0_0&matching_block_id=1487409_95139617_0_0_0&sr_pri_blocks=1487409_95139617_0_0_0__156768&from=searchresults
Hotel SB Icaria,"Sant Martí, Barcelona",https://www.booking.com/hotel/es/sbicaria.html?label=gen173nr-1BCAEoggI46AdSAnVzWARoRogBAZgBMbgBGcgBD9gBAegBAYgCAagCA7gCmuTXvAbAAgHSAiQ3NGM3OTk4Ni0yY2UyLTQ1NGYtOGQwZS1lZTU4ZTdhMDAwZTHYAgXgAgE&sid=735f077cb553f5b5fb1805efac5f4fa0&aid=304142&ucfs=1&arphpl=1&checkin=2025-04-01&checkout=2025-04-08&dest_id=-372490&dest_type=city&group_adults=2&req_adults=2&no_rooms=1&group_children=0&req_children=0&hpos=25&hapos=695&sr_order=popularity&srpvid=52a43c0f4b5000e9&srepoch=1737880424&all_sr_blocks=9127102_279536586_2_42_0&highlighted_blocks=9127102_279536586_2_42_0&matching_block_id=9127102_279536586_2_42_0&sr_pri_blocks=9127102_279536586_2_42_0__146208&from=searchresults
Housalia Ondina Suites Sagrada Familia,"Eixample, Barcelona",https://www.booking.com/hotel/es/apartment-sagrada-familia-barcelona7.html?label=gen173nr-1BCAEoggI46AdSAnVzWARoRogBAZgBMbgBGcgBD9gBAegBAYgCAagCA7gCmuTXvAbAAgHSAiQ3NGM3OTk4Ni0yY2UyLTQ1NGYtOGQwZS1lZTU4ZTdhMDAwZTHYAgXgAgE&sid=735f077cb553f5b5fb1805efac5f4fa0&aid=304142&ucfs=1&arphpl=1&checkin=2025-04-01&checkout=2025-04-08&dest_id=-372490&dest_type=city&group_adults=2&req_adults=2&no_rooms=1&group_children=0&req_children=0&hpos=1&hapos=696&sr_order=popularity&srpvid=52a43c0f4b5000e9&srepoch=1737880427&all_sr_blocks=142939501_372336744_4_0_0&highlighted_blocks=142939501_372336744_4_0_0&matching_block_id=142939501_372336744_4_0_0&sr_pri_blocks=142939501_372336744_4_0_0__183012&from=searchresults
Hotel El Palace Barcelona,"Eixample, Barcelona",https://www.booking.com/hotel/es/ritzbcn.html?label=gen173nr-1BCAEoggI46AdSAnVzWARoRogBAZgBMbgBGcgBD9gBAegBAYgCAagCA7gCmuTXvAbAAgHSAiQ3NGM3OTk4Ni0yY2UyLTQ1NGYtOGQwZS1lZTU4ZTdhMDAwZTHYAgXgAgE&sid=735f077cb553f5b5fb1805efac5f4fa0&aid=304142&ucfs=1&arphpl=1&checkin=2025-04-01&checkout=2025-04-08&dest_id=-372490&dest_type=city&group_adults=2&req_adults=2&no_rooms=1&group_children=0&req_children=0&hpos=2&hapos=697&sr_order=popularity&srpvid=52a43c0f4b5000e9&srepoch=1737880427&all_sr_blocks=9004801_91908049_2_2_0&highlighted_blocks=9004801_91908049_2_2_0&matching_block_id=9004801_91908049_2_2_0&sr_pri_blocks=9004801_91908049_2_2_0__313524&from_sustainable_property_sr=1&from=searchresults
Decô Apartments Barcelona-Diagonal,"Sarrià-St. Gervasi, Barcelona",https://www.booking.com/hotel/es/deco-apartments-barcelona.html?label=gen173nr-1BCAEoggI46AdSAnVzWARoRogBAZgBMbgBGcgBD9gBAegBAYgCAagCA7gCmuTXvAbAAgHSAiQ3NGM3OTk4Ni0yY2UyLTQ1NGYtOGQwZS1lZTU4ZTdhMDAwZTHYAgXgAgE&sid=735f077cb553f5b5fb1805efac5f4fa0&aid=304142&ucfs=1&arphpl=1&checkin=2025-04-01&checkout=2025-04-08&dest_id=-372490&dest_type=city&group_adults=2&req_adults=2&no_rooms=1&group_children=0&req_children=0&hpos=3&hapos=698&sr_order=popularity&srpvid=52a43c0f4b5000e9&srepoch=1737880427&all_sr_blocks=33220602_91064609_2_0_0&highlighted_blocks=33220602_91064609_2_0_0&matching_block_id=33220602_91064609_2_0_0&sr_pri_blocks=33220602_91064609_2_0_0__203932&from=searchresults
Ciudad Condal Hostal - Paseo de Gracia,"Eixample, Barcelona",https://www.booking.com/hotel/es/ciudad-condal-hostal.html?label=gen173nr-1BCAEoggI46AdSAnVzWARoRogBAZgBMbgBGcgBD9gBAegBAYgCAagCA7gCmuTXvAbAAgHSAiQ3NGM3OTk4Ni0yY2UyLTQ1NGYtOGQwZS1lZTU4ZTdhMDAwZTHYAgXgAgE&sid=735f077cb553f5b5fb1805efac5f4fa0&aid=304142&ucfs=1&arphpl=1&checkin=2025-04-01&checkout=2025-04-08&dest_id=-372490&dest_type=city&group_adults=2&req_adults=2&no_rooms=1&group_children=0&req_children=0&hpos=4&hapos=699&sr_order=popularity&srpvid=52a43c0f4b5000e9&srepoch=1737880427&all_sr_blocks=28683805_89006351_0_0_0&highlighted_blocks=28683805_89006351_0_0_0&matching_block_id=28683805_89006351_0_0_0&sr_pri_blocks=28683805_89006351_0_0_0__107911&from=searchresults
BBarcelona Clot Apartments,"Sant Martí, Barcelona",https://www.booking.com/hotel/es/bbarcelona-clot-apartments.html?label=gen173nr-1BCAEoggI46AdSAnVzWARoRogBAZgBMbgBGcgBD9gBAegBAYgCAagCA7gCmuTXvAbAAgHSAiQ3NGM3OTk4Ni0yY2UyLTQ1NGYtOGQwZS1lZTU4ZTdhMDAwZTHYAgXgAgE&sid=735f077cb553f5b5fb1805efac5f4fa0&aid=304142&ucfs=1&arphpl=1&checkin=2025-04-01&checkout=2025-04-08&dest_id=-372490&dest_type=city&group_adults=2&req_adults=2&no_rooms=1&group_children=0&req_children=0&hpos=5&hapos=700&sr_order=popularity&srpvid=52a43c0f4b5000e9&srepoch=1737880427&all_sr_blocks=955596907_368560769_2_0_0_303459&highlighted_blocks=955596907_368560769_2_0_0_303459&matching_block_id=955596907_368560769_2_0_0_303459&sr_pri_blocks=955596907_368560769_2_0_0_303459_161817&from=searchresults
AB Eixample Calabria,"Eixample, Barcelona",https://www.booking.com/hotel/es/4001-ab-eixample-calabria-4-1.html?label=gen173nr-1BCAEoggI46AdSAnVzWARoRogBAZgBMbgBGcgBD9gBAegBAYgCAagCA7gCmuTXvAbAAgHSAiQ3NGM3OTk4Ni0yY2UyLTQ1NGYtOGQwZS1lZTU4ZTdhMDAwZTHYAgXgAgE&sid=735f077cb553f5b5fb1805efac5f4fa0&aid=304142&ucfs=1&arphpl=1&checkin=2025-04-01&checkout=2025-04-08&dest_id=-372490&dest_type=city&group_adults=2&req_adults=2&no_rooms=1&group_children=0&req_children=0&hpos=6&hapos=701&sr_order=popularity&srpvid=52a43c0f4b5000e9&srepoch=1737880427&all_sr_blocks=791392503_338956508_3_0_0&highlighted_blocks=791392503_338956508_3_0_0&matching_block_id=791392503_338956508_3_0_0&sr_pri_blocks=791392503_338956508_3_0_0__149832&from=searchresults
Apartamentos Express by Gaiarooms,"Gràcia, Barcelona",https://www.booking.com/hotel/es/apartamentos-express-by-gaiarooms.html?label=gen173nr-1BCAEoggI46AdSAnVzWARoRogBAZgBMbgBGcgBD9gBAegBAYgCAagCA7gCmuTXvAbAAgHSAiQ3NGM3OTk4Ni0yY2UyLTQ1NGYtOGQwZS1lZTU4ZTdhMDAwZTHYAgXgAgE&sid=735f077cb553f5b5fb1805efac5f4fa0&aid=304142&ucfs=1&arphpl=1&checkin=2025-04-01&checkout=2025-04-08&dest_id=-372490&dest_type=city&group_adults=2&req_adults=2&no_rooms=1&group_children=0&req_children=0&hpos=7&hapos=702&sr_order=popularity&srpvid=52a43c0f4b5000e9&srepoch=1737880427&all_sr_blocks=1235803101_406990455_2_0_0&highlighted_blocks=1235803101_406990455_2_0_0&matching_block_id=1235803101_406990455_2_0_0&sr_pri_blocks=1235803101_406990455_2_0_0__149328&from=searchresults
Sweet BCN Studio with Terrace,"Gràcia, Barcelona",https://www.booking.com/hotel/es/sweet-bcn-studio-with-terrace.html?label=gen173nr-1BCAEoggI46AdSAnVzWARoRogBAZgBMbgBGcgBD9gBAegBAYgCAagCA7gCmuTXvAbAAgHSAiQ3NGM3OTk4Ni0yY2UyLTQ1NGYtOGQwZS1lZTU4ZTdhMDAwZTHYAgXgAgE&sid=735f077cb553f5b5fb1805efac5f4fa0&aid=304142&ucfs=1&arphpl=1&checkin=2025-04-01&checkout=2025-04-08&dest_id=-372490&dest_type=city&group_adults=2&req_adults=2&no_rooms=1&group_children=0&req_children=0&hpos=8&hapos=703&sr_order=popularity&srpvid=52a43c0f4b5000e9&srepoch=1737880427&all_sr_blocks=312002601_113238111_2_0_0&highlighted_blocks=312002601_113238111_2_0_0&matching_block_id=312002601_113238111_2_0_0&sr_pri_blocks=312002601_113238111_2_0_0__115812&from=searchresults
Alba Hotel,"Ciutat Vella, Barcelona",https://www.booking.com/hotel/es/alba-barcelona.html?label=gen173nr-1BCAEoggI46AdSAnVzWARoRogBAZgBMbgBGcgBD9gBAegBAYgCAagCA7gCmuTXvAbAAgHSAiQ3NGM3OTk4Ni0yY2UyLTQ1NGYtOGQwZS1lZTU4ZTdhMDAwZTHYAgXgAgE&sid=735f077cb553f5b5fb1805efac5f4fa0&aid=304142&ucfs=1&arphpl=1&checkin=2025-04-01&checkout=2025-04-08&dest_id=-372490&dest_type=city&group_adults=2&req_adults=2&no_rooms=1&group_children=0&req_children=0&hpos=9&hapos=704&sr_order=popularity&srpvid=52a43c0f4b5000e9&srepoch=1737880427&all_sr_blocks=9738704_114883595_0_0_0&highlighted_blocks=9738704_114883595_0_0_0&matching_block_id=9738704_114883595_0_0_0&sr_pri_blocks=9738704_114883595_0_0_0__152820&from=searchresults
AB Poblenou Comfort,"Sant Martí, Barcelona",https://www.booking.com/hotel/es/1802-ab-poblenou-comfort-barcelona.html?label=gen173nr-1BCAEoggI46AdSAnVzWARoRogBAZgBMbgBGcgBD9gBAegBAYgCAagCA7gCmuTXvAbAAgHSAiQ3NGM3OTk4Ni0yY2UyLTQ1NGYtOGQwZS1lZTU4ZTdhMDAwZTHYAgXgAgE&sid=735f077cb553f5b5fb1805efac5f4fa0&aid=304142&ucfs=1&arphpl=1&checkin=2025-04-01&checkout=2025-04-08&dest_id=-372490&dest_type=city&group_adults=2&req_adults=2&no_rooms=1&group_children=0&req_children=0&hpos=10&hapos=705&sr_order=popularity&srpvid=52a43c0f4b5000e9&srepoch=1737880427&all_sr_blocks=1030203102_375707750_4_0_0&highlighted_blocks=1030203102_375707750_4_0_0&matching_block_id=1030203102_375707750_4_0_0&sr_pri_blocks=1030203102_375707750_4_0_0__126470&from=searchresults
Circa 1905,"Eixample, Barcelona",https://www.booking.com/hotel/es/circa-1905-boutique-bed-breakfast.html?label=gen173nr-1BCAEoggI46AdSAnVzWARoRogBAZgBMbgBGcgBD9gBAegBAYgCAagCA7gCmuTXvAbAAgHSAiQ3NGM3OTk4Ni0yY2UyLTQ1NGYtOGQwZS1lZTU4ZTdhMDAwZTHYAgXgAgE&sid=735f077cb553f5b5fb1805efac5f4fa0&aid=304142&ucfs=1&arphpl=1&checkin=2025-04-01&checkout=2025-04-08&dest_id=-372490&dest_type=city&group_adults=2&req_adults=2&no_rooms=1&group_children=0&req_children=0&hpos=11&hapos=706&sr_order=popularity&srpvid=52a43c0f4b5000e9&srepoch=1737880427&all_sr_blocks=31872901_88207234_2_1_0&highlighted_blocks=31872901_88207234_2_1_0&matching_block_id=31872901_88207234_2_1_0&sr_pri_blocks=31872901_88207234_2_1_0__190501&from=searchresults
Stay U-nique Apartments Pellaires,"Sant Martí, Barcelona",https://www.booking.com/hotel/es/barcelona-luminous-beach-aparment.html?label=gen173nr-1BCAEoggI46AdSAnVzWARoRogBAZgBMbgBGcgBD9gBAegBAYgCAagCA7gCmuTXvAbAAgHSAiQ3NGM3OTk4Ni0yY2UyLTQ1NGYtOGQwZS1lZTU4ZTdhMDAwZTHYAgXgAgE&sid=735f077cb553f5b5fb1805efac5f4fa0&aid=304142&ucfs=1&arphpl=1&checkin=2025-04-01&checkout=2025-04-08&dest_id=-372490&dest_type=city&group_adults=2&req_adults=2&no_rooms=1&group_children=0&req_children=0&hpos=12&hapos=707&sr_order=popularity&srpvid=52a43c0f4b5000e9&srepoch=1737880427&all_sr_blocks=569965003_247002285_0_0_0&highlighted_blocks=569965003_247002285_0_0_0&matching_block_id=569965003_247002285_0_0_0&sr_pri_blocks=569965003_247002285_0_0_0__146555&from=searchresults
"Kimpton Vividora Hotel, an IHG Hotel","Ciutat Vella, Barcelona",https://www.booking.com/hotel/es/kimpton-barcelona.html?label=gen173nr-1BCAEoggI46AdSAnVzWARoRogBAZgBMbgBGcgBD9gBAegBAYgCAagCA7gCmuTXvAbAAgHSAiQ3NGM3OTk4Ni0yY2UyLTQ1NGYtOGQwZS1lZTU4ZTdhMDAwZTHYAgXgAgE&sid=735f077cb553f5b5fb1805efac5f4fa0&aid=304142&ucfs=1&arphpl=1&checkin=2025-04-01&checkout=2025-04-08&dest_id=-372490&dest_type=city&group_adults=2&req_adults=2&no_rooms=1&group_children=0&req_children=0&hpos=13&hapos=708&sr_order=popularity&srpvid=52a43c0f4b5000e9&srepoch=1737880427&all_sr_blocks=530216937_187382544_2_42_0&highlighted_blocks=530216937_187382544_2_42_0&matching_block_id=530216937_187382544_2_42_0&sr_pri_blocks=530216937_187382544_2_42_0__245950&from_sustainable_property_sr=1&from=searchresults
"Ferienwohnung für 3 Personen ca 65 qm in Barcelona-Gràcia, Costa Brava Costa del Maresme","Gràcia, Barcelona",https://www.booking.com/hotel/es/ferienwohnung-fur-3-personen-ca-65-qm-in-barcelona-gracia-costa-brava-costa-del.html?label=gen173nr-1BCAEoggI46AdSAnVzWARoRogBAZgBMbgBGcgBD9gBAegBAYgCAagCA7gCmuTXvAbAAgHSAiQ3NGM3OTk4Ni0yY2UyLTQ1NGYtOGQwZS1lZTU4ZTdhMDAwZTHYAgXgAgE&sid=735f077cb553f5b5fb1805efac5f4fa0&aid=304142&ucfs=1&arphpl=1&checkin=2025-04-01&checkout=2025-04-08&dest_id=-372490&dest_type=city&group_adults=2&req_adults=2&no_rooms=1&group_children=0&req_children=0&hpos=14&hapos=709&sr_order=popularity&srpvid=52a43c0f4b5000e9&srepoch=1737880427&all_sr_blocks=1184009902_407054610_3_0_0&highlighted_blocks=1184009902_407054610_3_0_0&matching_block_id=1184009902_407054610_3_0_0&sr_pri_blocks=1184009902_407054610_3_0_0__153680&from=searchresults
Apartments BCN Central-Montjuic,"Sants-Montjuïc, Barcelona",https://www.booking.com/hotel/es/apartamento-montjuic.html?label=gen173nr-1BCAEoggI46AdSAnVzWARoRogBAZgBMbgBGcgBD9gBAegBAYgCAagCA7gCmuTXvAbAAgHSAiQ3NGM3OTk4Ni0yY2UyLTQ1NGYtOGQwZS1lZTU4ZTdhMDAwZTHYAgXgAgE&sid=735f077cb553f5b5fb1805efac5f4fa0&aid=304142&ucfs=1&arphpl=1&checkin=2025-04-01&checkout=2025-04-08&dest_id=-372490&dest_type=city&group_adults=2&req_adults=2&no_rooms=1&group_children=0&req_children=0&hpos=15&hapos=710&sr_order=popularity&srpvid=52a43c0f4b5000e9&srepoch=1737880427&all_sr_blocks=782435101_404426390_3_0_0&highlighted_blocks=782435101_404426390_3_0_0&matching_block_id=782435101_404426390_3_0_0&sr_pri_blocks=782435101_404426390_3_0_0__141718&from=searchresults
BCN Apartments 41,"Eixample, Barcelona",https://www.booking.com/hotel/es/apartamentos-41.html?label=gen173nr-1BCAEoggI46AdSAnVzWARoRogBAZgBMbgBGcgBD9gBAegBAYgCAagCA7gCmuTXvAbAAgHSAiQ3NGM3OTk4Ni0yY2UyLTQ1NGYtOGQwZS1lZTU4ZTdhMDAwZTHYAgXgAgE&sid=735f077cb553f5b5fb1805efac5f4fa0&aid=304142&ucfs=1&arphpl=1&checkin=2025-04-01&checkout=2025-04-08&dest_id=-372490&dest_type=city&group_adults=2&req_adults=2&no_rooms=1&group_children=0&req_children=0&hpos=16&hapos=711&sr_order=popularity&srpvid=52a43c0f4b5000e9&srepoch=1737880427&all_sr_blocks=55561010_92782024_2_0_0&highlighted_blocks=55561010_92782024_2_0_0&matching_block_id=55561010_92782024_2_0_0&sr_pri_blocks=55561010_92782024_2_0_0__303232&from=searchresults
Evenia Rocafort,"Eixample, Barcelona",https://www.booking.com/hotel/es/cotursarocafort.html?label=gen173nr-1BCAEoggI46AdSAnVzWARoRogBAZgBMbgBGcgBD9gBAegBAYgCAagCA7gCmuTXvAbAAgHSAiQ3NGM3OTk4Ni0yY2UyLTQ1NGYtOGQwZS1lZTU4ZTdhMDAwZTHYAgXgAgE&sid=735f077cb553f5b5fb1805efac5f4fa0&aid=304142&ucfs=1&arphpl=1&checkin=2025-04-01&checkout=2025-04-08&dest_id=-372490&dest_type=city&group_adults=2&req_adults=2&no_rooms=1&group_children=0&req_children=0&hpos=17&hapos=712&sr_order=popularity&srpvid=52a43c0f4b5000e9&srepoch=1737880427&all_sr_blocks=9097908_382676957_0_2_0&highlighted_blocks=9097908_382676957_0_2_0&matching_block_id=9097908_382676957_0_2_0&sr_pri_blocks=9097908_382676957_0_2_0__164197&from_sustainable_property_sr=1&from=searchresults
Stay U-nique Apartment Padilla,"Eixample, Barcelona",https://www.booking.com/hotel/es/2-bedroom-apartment-in-barcelona.html?label=gen173nr-1BCAEoggI46AdSAnVzWARoRogBAZgBMbgBGcgBD9gBAegBAYgCAagCA7gCmuTXvAbAAgHSAiQ3NGM3OTk4Ni0yY2UyLTQ1NGYtOGQwZS1lZTU4ZTdhMDAwZTHYAgXgAgE&sid=735f077cb553f5b5fb1805efac5f4fa0&aid=304142&ucfs=1&arphpl=1&checkin=2025-04-01&checkout=2025-04-08&dest_id=-372490&dest_type=city&group_adults=2&req_adults=2&no_rooms=1&group_children=0&req_children=0&hpos=18&hapos=713&sr_order=popularity&srpvid=52a43c0f4b5000e9&srepoch=1737880427&all_sr_blocks=1056705802_377962492_0_0_0&highlighted_blocks=1056705802_377962492_0_0_0&matching_block_id=1056705802_377962492_0_0_0&sr_pri_blocks=1056705802_377962492_0_0_0__163070&from=searchresults
Spacious 3 bed Apt in the heart of Sant Antoni,"Eixample, Barcelona",https://www.booking.com/hotel/es/eixample15.html?label=gen173nr-1BCAEoggI46AdSAnVzWARoRogBAZgBMbgBGcgBD9gBAegBAYgCAagCA7gCmuTXvAbAAgHSAiQ3NGM3OTk4Ni0yY2UyLTQ1NGYtOGQwZS1lZTU4ZTdhMDAwZTHYAgXgAgE&sid=735f077cb553f5b5fb1805efac5f4fa0&aid=304142&ucfs=1&arphpl=1&checkin=2025-04-01&checkout=2025-04-08&dest_id=-372490&dest_type=city&group_adults=2&req_adults=2&no_rooms=1&group_children=0&req_children=0&hpos=19&hapos=714&sr_order=popularity&srpvid=52a43c0f4b5000e9&srepoch=1737880427&all_sr_blocks=674789202_365025002_6_0_0_310316&highlighted_blocks=674789202_365025002_6_0_0_310316&matching_block_id=674789202_365025002_6_0_0_310316&sr_pri_blocks=674789202_365025002_6_0_0_310316_198627&from=searchresults
Apartments Gaudi Barcelona,"Gràcia, Barcelona",https://www.booking.com/hotel/es/apartments-gaudi-barcelona.html?label=gen173nr-1BCAEoggI46AdSAnVzWARoRogBAZgBMbgBGcgBD9gBAegBAYgCAagCA7gCmuTXvAbAAgHSAiQ3NGM3OTk4Ni0yY2UyLTQ1NGYtOGQwZS1lZTU4ZTdhMDAwZTHYAgXgAgE&sid=735f077cb553f5b5fb1805efac5f4fa0&aid=304142&ucfs=1&arphpl=1&checkin=2025-04-01&checkout=2025-04-08&dest_id=-372490&dest_type=city&group_adults=2&req_adults=2&no_rooms=1&group_children=0&req_children=0&hpos=20&hapos=715&sr_order=popularity&srpvid=52a43c0f4b5000e9&srepoch=1737880427&all_sr_blocks=34341830_88207639_2_0_0&highlighted_blocks=34341830_88207639_2_0_0&matching_block_id=34341830_88207639_2_0_0&sr_pri_blocks=34341830_88207639_2_0_0__136688&from=searchresults
Hostal Drassanes,"Ciutat Vella, Barcelona",https://www.booking.com/hotel/es/hostal-drassanes.html?label=gen173nr-1BCAEoggI46AdSAnVzWARoRogBAZgBMbgBGcgBD9gBAegBAYgCAagCA7gCmuTXvAbAAgHSAiQ3NGM3OTk4Ni0yY2UyLTQ1NGYtOGQwZS1lZTU4ZTdhMDAwZTHYAgXgAgE&sid=735f077cb553f5b5fb1805efac5f4fa0&aid=304142&ucfs=1&arphpl=1&checkin=2025-04-01&checkout=2025-04-08&dest_id=-372490&dest_type=city&group_adults=2&req_adults=2&no_rooms=1&group_children=0&req_children=0&hpos=21&hapos=716&sr_order=popularity&srpvid=52a43c0f4b5000e9&srepoch=1737880427&all_sr_blocks=34676701_392581978_0_0_0&highlighted_blocks=34676701_392581978_0_0_0&matching_block_id=34676701_392581978_0_0_0&sr_pri_blocks=34676701_392581978_0_0_0__85700&from=searchresults
Alojamiento Nuevo Valenci,"Eixample, Barcelona",https://www.booking.com/hotel/es/alojamiento-nuevo-valenci.html?label=gen173nr-1BCAEoggI46AdSAnVzWARoRogBAZgBMbgBGcgBD9gBAegBAYgCAagCA7gCmuTXvAbAAgHSAiQ3NGM3OTk4Ni0yY2UyLTQ1NGYtOGQwZS1lZTU4ZTdhMDAwZTHYAgXgAgE&sid=735f077cb553f5b5fb1805efac5f4fa0&aid=304142&ucfs=1&arphpl=1&checkin=2025-04-01&checkout=2025-04-08&dest_id=-372490&dest_type=city&group_adults=2&req_adults=2&no_rooms=1&group_children=0&req_children=0&hpos=22&hapos=717&sr_order=popularity&srpvid=52a43c0f4b5000e9&srepoch=1737880427&all_sr_blocks=1315619902_404376928_2_0_0&highlighted_blocks=1315619902_404376928_2_0_0&matching_block_id=1315619902_404376928_2_0_0&sr_pri_blocks=1315619902_404376928_2_0_0__66200&from=searchresults
Ciutadella Park Born,"Sant Martí, Barcelona",https://www.booking.com/hotel/es/ciutadella-park-born-apartment.html?label=gen173nr-1BCAEoggI46AdSAnVzWARoRogBAZgBMbgBGcgBD9gBAegBAYgCAagCA7gCmuTXvAbAAgHSAiQ3NGM3OTk4Ni0yY2UyLTQ1NGYtOGQwZS1lZTU4ZTdhMDAwZTHYAgXgAgE&sid=735f077cb553f5b5fb1805efac5f4fa0&aid=304142&ucfs=1&arphpl=1&checkin=2025-04-01&checkout=2025-04-08&dest_id=-372490&dest_type=city&group_adults=2&req_adults=2&no_rooms=1&group_children=0&req_children=0&hpos=23&hapos=718&sr_order=popularity&srpvid=52a43c0f4b5000e9&srepoch=1737880427&all_sr_blocks=217239101_253544748_5_0_0&highlighted_blocks=217239101_253544748_5_0_0&matching_block_id=217239101_253544748_5_0_0&sr_pri_blocks=217239101_253544748_5_0_0__201536&from=searchresults
Southern Cross,"Ciutat Vella, Barcelona",https://www.booking.com/hotel/es/gavina.html?label=gen173nr-1BCAEoggI46AdSAnVzWARoRogBAZgBMbgBGcgBD9gBAegBAYgCAagCA7gCmuTXvAbAAgHSAiQ3NGM3OTk4Ni0yY2UyLTQ1NGYtOGQwZS1lZTU4ZTdhMDAwZTHYAgXgAgE&sid=735f077cb553f5b5fb1805efac5f4fa0&aid=304142&ucfs=1&arphpl=1&checkin=2025-04-01&checkout=2025-04-08&dest_id=-372490&dest_type=city&group_adults=2&req_adults=2&no_rooms=1&group_children=0&req_children=0&hpos=24&hapos=719&sr_order=popularity&srpvid=52a43c0f4b5000e9&srepoch=1737880427&all_sr_blocks=35642901_386823758_0_1_0_221882&highlighted_blocks=35642901_386823758_0_1_0_221882&matching_block_id=35642901_386823758_0_1_0_221882&sr_pri_blocks=35642901_386823758_0_1_0_221882_129865&from=searchresults
Bcn - Poble Nou,"Sant Martí, Barcelona",https://www.booking.com/hotel/es/barcelona-poble-nou.html?label=gen173nr-1BCAEoggI46AdSAnVzWARoRogBAZgBMbgBGcgBD9gBAegBAYgCAagCA7gCmuTXvAbAAgHSAiQ3NGM3OTk4Ni0yY2UyLTQ1NGYtOGQwZS1lZTU4ZTdhMDAwZTHYAgXgAgE&sid=735f077cb553f5b5fb1805efac5f4fa0&aid=304142&ucfs=1&arphpl=1&checkin=2025-04-01&checkout=2025-04-08&dest_id=-372490&dest_type=city&group_adults=2&req_adults=2&no_rooms=1&group_children=0&req_children=0&hpos=25&hapos=720&sr_order=popularity&srpvid=52a43c0f4b5000e9&srepoch=1737880427&all_sr_blocks=1120721901_398854374_3_0_0&highlighted_blocks=1120721901_398854374_3_0_0&matching_block_id=1120721901_398854374_3_0_0&sr_pri_blocks=1120721901_398854374_3_0_0__123535&from=searchresults
Le Meridien Barcelona,"Ciutat Vella, Barcelona",https://www.booking.com/hotel/es/le-meridien-barcelona.html?label=gen173nr-1BCAEoggI46AdSAnVzWARoRogBAZgBMbgBGcgBD9gBAegBAYgCAagCA7gCmuTXvAbAAgHSAiQ3NGM3OTk4Ni0yY2UyLTQ1NGYtOGQwZS1lZTU4ZTdhMDAwZTHYAgXgAgE&sid=735f077cb553f5b5fb1805efac5f4fa0&aid=304142&ucfs=1&arphpl=1&checkin=2025-04-01&checkout=2025-04-08&dest_id=-372490&dest_type=city&group_adults=2&req_adults=2&no_rooms=1&group_children=0&req_children=0&hpos=1&hapos=721&sr_order=popularity&srpvid=52a43c0f4b5000e9&srepoch=1737880431&all_sr_blocks=9230724_94109945_2_42_0&highlighted_blocks=9230724_94109945_2_42_0&matching_block_id=9230724_94109945_2_42_0&sr_pri_blocks=9230724_94109945_2_42_0__263709&from_sustainable_property_sr=1&from=searchresults
41COB1019- Charming rustic apartment,"Eixample, Barcelona",https://www.booking.com/hotel/es/51cb193-charming-rustic-apartment.html?label=gen173nr-1BCAEoggI46AdSAnVzWARoRogBAZgBMbgBGcgBD9gBAegBAYgCAagCA7gCmuTXvAbAAgHSAiQ3NGM3OTk4Ni0yY2UyLTQ1NGYtOGQwZS1lZTU4ZTdhMDAwZTHYAgXgAgE&sid=735f077cb553f5b5fb1805efac5f4fa0&aid=304142&ucfs=1&arphpl=1&checkin=2025-04-01&checkout=2025-04-08&dest_id=-372490&dest_type=city&group_adults=2&req_adults=2&no_rooms=1&group_children=0&req_children=0&hpos=2&hapos=722&sr_order=popularity&srpvid=52a43c0f4b5000e9&srepoch=1737880431&all_sr_blocks=877040102_376044984_2_0_0&highlighted_blocks=877040102_376044984_2_0_0&matching_block_id=877040102_376044984_2_0_0&sr_pri_blocks=877040102_376044984_2_0_0__133341&from=searchresults
Stay U-nique Apartment Comte Güell,"Les Corts, Barcelona",https://www.booking.com/hotel/es/2-bed-apartment-close-to-camp-nou.html?label=gen173nr-1BCAEoggI46AdSAnVzWARoRogBAZgBMbgBGcgBD9gBAegBAYgCAagCA7gCmuTXvAbAAgHSAiQ3NGM3OTk4Ni0yY2UyLTQ1NGYtOGQwZS1lZTU4ZTdhMDAwZTHYAgXgAgE&sid=735f077cb553f5b5fb1805efac5f4fa0&aid=304142&ucfs=1&arphpl=1&checkin=2025-04-01&checkout=2025-04-08&dest_id=-372490&dest_type=city&group_adults=2&req_adults=2&no_rooms=1&group_children=0&req_children=0&hpos=3&hapos=723&sr_order=popularity&srpvid=52a43c0f4b5000e9&srepoch=1737880431&all_sr_blocks=1207675402_393510007_0_0_0&highlighted_blocks=1207675402_393510007_0_0_0&matching_block_id=1207675402_393510007_0_0_0&sr_pri_blocks=1207675402_393510007_0_0_0__152072&from=searchresults
ITC Barcelona By Soho Boutique,"Eixample, Barcelona",https://www.booking.com/hotel/es/cityparkhotelpelayo.html?label=gen173nr-1BCAEoggI46AdSAnVzWARoRogBAZgBMbgBGcgBD9gBAegBAYgCAagCA7gCmuTXvAbAAgHSAiQ3NGM3OTk4Ni0yY2UyLTQ1NGYtOGQwZS1lZTU4ZTdhMDAwZTHYAgXgAgE&sid=735f077cb553f5b5fb1805efac5f4fa0&aid=304142&ucfs=1&arphpl=1&checkin=2025-04-01&checkout=2025-04-08&dest_id=-372490&dest_type=city&group_adults=2&req_adults=2&no_rooms=1&group_children=0&req_children=0&hpos=4&hapos=724&sr_order=popularity&srpvid=52a43c0f4b5000e9&srepoch=1737880431&all_sr_blocks=9055001_88181844_2_2_0_239068&highlighted_blocks=9055001_88181844_2_2_0_239068&matching_block_id=9055001_88181844_2_2_0_239068&sr_pri_blocks=9055001_88181844_2_2_0_239068_111200&from=searchresults
Sweett - Harmony Central,"Ciutat Vella, Barcelona",https://www.booking.com/hotel/es/sweett-harmony-central.html?label=gen173nr-1BCAEoggI46AdSAnVzWARoRogBAZgBMbgBGcgBD9gBAegBAYgCAagCA7gCmuTXvAbAAgHSAiQ3NGM3OTk4Ni0yY2UyLTQ1NGYtOGQwZS1lZTU4ZTdhMDAwZTHYAgXgAgE&sid=735f077cb553f5b5fb1805efac5f4fa0&aid=304142&ucfs=1&arphpl=1&checkin=2025-04-01&checkout=2025-04-08&dest_id=-372490&dest_type=city&group_adults=2&req_adults=2&no_rooms=1&group_children=0&req_children=0&hpos=5&hapos=725&sr_order=popularity&srpvid=52a43c0f4b5000e9&srepoch=1737880431&all_sr_blocks=1311419912_403926418_3_0_0&highlighted_blocks=1311419912_403926418_3_0_0&matching_block_id=1311419912_403926418_3_0_0&sr_pri_blocks=1311419912_403926418_3_0_0__197671&from=searchresults
Hotel Medicis,"Horta-Guinardó, Barcelona",https://www.booking.com/hotel/es/medicis.html?label=gen173nr-1BCAEoggI46AdSAnVzWARoRogBAZgBMbgBGcgBD9gBAegBAYgCAagCA7gCmuTXvAbAAgHSAiQ3NGM3OTk4Ni0yY2UyLTQ1NGYtOGQwZS1lZTU4ZTdhMDAwZTHYAgXgAgE&sid=735f077cb553f5b5fb1805efac5f4fa0&aid=304142&ucfs=1&arphpl=1&checkin=2025-04-01&checkout=2025-04-08&dest_id=-372490&dest_type=city&group_adults=2&req_adults=2&no_rooms=1&group_children=0&req_children=0&hpos=6&hapos=726&sr_order=popularity&srpvid=52a43c0f4b5000e9&srepoch=1737880431&all_sr_blocks=9043819_341727958_3_0_0&highlighted_blocks=9043819_341727958_3_0_0&matching_block_id=9043819_341727958_3_0_0&sr_pri_blocks=9043819_341727958_3_0_0__165700&from=searchresults
MH Apartments Liceo,"Ciutat Vella, Barcelona",https://www.booking.com/hotel/es/mh-apartments-liceo.html?label=gen173nr-1BCAEoggI46AdSAnVzWARoRogBAZgBMbgBGcgBD9gBAegBAYgCAagCA7gCmuTXvAbAAgHSAiQ3NGM3OTk4Ni0yY2UyLTQ1NGYtOGQwZS1lZTU4ZTdhMDAwZTHYAgXgAgE&sid=735f077cb553f5b5fb1805efac5f4fa0&aid=304142&ucfs=1&arphpl=1&checkin=2025-04-01&checkout=2025-04-08&dest_id=-372490&dest_type=city&group_adults=2&req_adults=2&no_rooms=1&group_children=0&req_children=0&hpos=7&hapos=727&sr_order=popularity&srpvid=52a43c0f4b5000e9&srepoch=1737880431&all_sr_blocks=9373705_403038614_2_0_0_161283&highlighted_blocks=9373705_403038614_2_0_0_161283&matching_block_id=9373705_403038614_2_0_0_161283&sr_pri_blocks=9373705_403038614_2_0_0_161283_185932&from=searchresults
Fisa Rentals Aribau,"Eixample, Barcelona",https://www.booking.com/hotel/es/fisa-rentals-aribau.html?label=gen173nr-1BCAEoggI46AdSAnVzWARoRogBAZgBMbgBGcgBD9gBAegBAYgCAagCA7gCmuTXvAbAAgHSAiQ3NGM3OTk4Ni0yY2UyLTQ1NGYtOGQwZS1lZTU4ZTdhMDAwZTHYAgXgAgE&sid=735f077cb553f5b5fb1805efac5f4fa0&aid=304142&ucfs=1&arphpl=1&checkin=2025-04-01&checkout=2025-04-08&dest_id=-372490&dest_type=city&group_adults=2&req_adults=2&no_rooms=1&group_children=0&req_children=0&hpos=8&hapos=728&sr_order=popularity&srpvid=52a43c0f4b5000e9&srepoch=1737880431&all_sr_blocks=239925201_125280204_3_0_0&highlighted_blocks=239925201_125280204_3_0_0&matching_block_id=239925201_125280204_3_0_0&sr_pri_blocks=239925201_125280204_3_0_0__147980&from=searchresults
Filmoteca Sarria 1- wifi quiet bright comfi,"Eixample, Barcelona",https://www.booking.com/hotel/es/filmoteca-sarria-1.html?label=gen173nr-1BCAEoggI46AdSAnVzWARoRogBAZgBMbgBGcgBD9gBAegBAYgCAagCA7gCmuTXvAbAAgHSAiQ3NGM3OTk4Ni0yY2UyLTQ1NGYtOGQwZS1lZTU4ZTdhMDAwZTHYAgXgAgE&sid=735f077cb553f5b5fb1805efac5f4fa0&aid=304142&ucfs=1&arphpl=1&checkin=2025-04-01&checkout=2025-04-08&dest_id=-372490&dest_type=city&group_adults=2&req_adults=2&no_rooms=1&group_children=0&req_children=0&hpos=9&hapos=729&sr_order=popularity&srpvid=52a43c0f4b5000e9&srepoch=1737880431&all_sr_blocks=214489901_402869965_2_0_0&highlighted_blocks=214489901_402869965_2_0_0&matching_block_id=214489901_402869965_2_0_0&sr_pri_blocks=214489901_402869965_2_0_0__166099&from=searchresults
Stay Barcelona Rossello,"Eixample, Barcelona",https://www.booking.com/hotel/es/stay-barcelona-rossello.html?label=gen173nr-1BCAEoggI46AdSAnVzWARoRogBAZgBMbgBGcgBD9gBAegBAYgCAagCA7gCmuTXvAbAAgHSAiQ3NGM3OTk4Ni0yY2UyLTQ1NGYtOGQwZS1lZTU4ZTdhMDAwZTHYAgXgAgE&sid=735f077cb553f5b5fb1805efac5f4fa0&aid=304142&ucfs=1&arphpl=1&checkin=2025-04-01&checkout=2025-04-08&dest_id=-372490&dest_type=city&group_adults=2&req_adults=2&no_rooms=1&group_children=0&req_children=0&hpos=10&hapos=730&sr_order=popularity&srpvid=52a43c0f4b5000e9&srepoch=1737880431&all_sr_blocks=222830701_365584977_2_0_0&highlighted_blocks=222830701_365584977_2_0_0&matching_block_id=222830701_365584977_2_0_0&sr_pri_blocks=222830701_365584977_2_0_0__154832&from=searchresults
Stay Barcelona Sagrada Familia,"Eixample, Barcelona",https://www.booking.com/hotel/es/stay-barcelona-luxury-sagrada-famalia.html?label=gen173nr-1BCAEoggI46AdSAnVzWARoRogBAZgBMbgBGcgBD9gBAegBAYgCAagCA7gCmuTXvAbAAgHSAiQ3NGM3OTk4Ni0yY2UyLTQ1NGYtOGQwZS1lZTU4ZTdhMDAwZTHYAgXgAgE&sid=735f077cb553f5b5fb1805efac5f4fa0&aid=304142&ucfs=1&arphpl=1&checkin=2025-04-01&checkout=2025-04-08&dest_id=-372490&dest_type=city&group_adults=2&req_adults=2&no_rooms=1&group_children=0&req_children=0&hpos=11&hapos=731&sr_order=popularity&srpvid=52a43c0f4b5000e9&srepoch=1737880431&all_sr_blocks=47587203_365585001_2_0_0&highlighted_blocks=47587203_365585001_2_0_0&matching_block_id=47587203_365585001_2_0_0&sr_pri_blocks=47587203_365585001_2_0_0__154832&from=searchresults
Housalia Gracia,"Gràcia, Barcelona",https://www.booking.com/hotel/es/lodging-apartments-gracia.html?label=gen173nr-1BCAEoggI46AdSAnVzWARoRogBAZgBMbgBGcgBD9gBAegBAYgCAagCA7gCmuTXvAbAAgHSAiQ3NGM3OTk4Ni0yY2UyLTQ1NGYtOGQwZS1lZTU4ZTdhMDAwZTHYAgXgAgE&sid=735f077cb553f5b5fb1805efac5f4fa0&aid=304142&ucfs=1&arphpl=1&checkin=2025-04-01&checkout=2025-04-08&dest_id=-372490&dest_type=city&group_adults=2&req_adults=2&no_rooms=1&group_children=0&req_children=0&hpos=12&hapos=732&sr_order=popularity&srpvid=52a43c0f4b5000e9&srepoch=1737880431&all_sr_blocks=85530804_367260840_2_0_0&highlighted_blocks=85530804_367260840_2_0_0&matching_block_id=85530804_367260840_2_0_0&sr_pri_blocks=85530804_367260840_2_0_0__128269&from=searchresults
Apartment Fluvia Duplex,"Sant Martí, Barcelona",https://www.booking.com/hotel/es/apartment-fluvia-duplex.html?label=gen173nr-1BCAEoggI46AdSAnVzWARoRogBAZgBMbgBGcgBD9gBAegBAYgCAagCA7gCmuTXvAbAAgHSAiQ3NGM3OTk4Ni0yY2UyLTQ1NGYtOGQwZS1lZTU4ZTdhMDAwZTHYAgXgAgE&sid=735f077cb553f5b5fb1805efac5f4fa0&aid=304142&ucfs=1&arphpl=1&checkin=2025-04-01&checkout=2025-04-08&dest_id=-372490&dest_type=city&group_adults=2&req_adults=2&no_rooms=1&group_children=0&req_children=0&hpos=13&hapos=733&sr_order=popularity&srpvid=52a43c0f4b5000e9&srepoch=1737880431&all_sr_blocks=1315714902_404806973_4_0_0&highlighted_blocks=1315714902_404806973_4_0_0&matching_block_id=1315714902_404806973_4_0_0&sr_pri_blocks=1315714902_404806973_4_0_0__183600&from=searchresults
Generator Barcelona,"Gràcia, Barcelona",https://www.booking.com/hotel/es/generator-hostel-barcelona.html?label=gen173nr-1BCAEoggI46AdSAnVzWARoRogBAZgBMbgBGcgBD9gBAegBAYgCAagCA7gCmuTXvAbAAgHSAiQ3NGM3OTk4Ni0yY2UyLTQ1NGYtOGQwZS1lZTU4ZTdhMDAwZTHYAgXgAgE&sid=735f077cb553f5b5fb1805efac5f4fa0&aid=304142&ucfs=1&arphpl=1&checkin=2025-04-01&checkout=2025-04-08&dest_id=-372490&dest_type=city&group_adults=2&req_adults=2&no_rooms=1&group_children=0&req_children=0&hpos=14&hapos=734&sr_order=popularity&srpvid=52a43c0f4b5000e9&srepoch=1737880431&all_sr_blocks=38624404_139595419_0_2_0_548717&highlighted_blocks=38624404_139595419_0_2_0_548717&matching_block_id=38624404_139595419_0_2_0_548717&sr_pri_blocks=38624404_139595419_0_2_0_548717_209731&from=searchresults
61PAR1014- Magnifico apartamento recientemente decorado en Poble Sec,"Sants-Montjuïc, Barcelona",https://www.booking.com/hotel/es/61par571-magnifico-apartamento-recientemente-deco.html?label=gen173nr-1BCAEoggI46AdSAnVzWARoRogBAZgBMbgBGcgBD9gBAegBAYgCAagCA7gCmuTXvAbAAgHSAiQ3NGM3OTk4Ni0yY2UyLTQ1NGYtOGQwZS1lZTU4ZTdhMDAwZTHYAgXgAgE&sid=735f077cb553f5b5fb1805efac5f4fa0&aid=304142&ucfs=1&arphpl=1&checkin=2025-04-01&checkout=2025-04-08&dest_id=-372490&dest_type=city&group_adults=2&req_adults=2&no_rooms=1&group_children=0&req_children=0&hpos=15&hapos=735&sr_order=popularity&srpvid=52a43c0f4b5000e9&srepoch=1737880431&all_sr_blocks=1131269002_385780271_2_0_0&highlighted_blocks=1131269002_385780271_2_0_0&matching_block_id=1131269002_385780271_2_0_0&sr_pri_blocks=1131269002_385780271_2_0_0__123109&from=searchresults
Hg City Suites Barcelona Apartments,"Sarrià-St. Gervasi, Barcelona",https://www.booking.com/hotel/es/hg-city-suites-barcelona-apartments.html?label=gen173nr-1BCAEoggI46AdSAnVzWARoRogBAZgBMbgBGcgBD9gBAegBAYgCAagCA7gCmuTXvAbAAgHSAiQ3NGM3OTk4Ni0yY2UyLTQ1NGYtOGQwZS1lZTU4ZTdhMDAwZTHYAgXgAgE&sid=735f077cb553f5b5fb1805efac5f4fa0&aid=304142&ucfs=1&arphpl=1&checkin=2025-04-01&checkout=2025-04-08&dest_id=-372490&dest_type=city&group_adults=2&req_adults=2&no_rooms=1&group_children=0&req_children=0&hpos=16&hapos=736&sr_order=popularity&srpvid=52a43c0f4b5000e9&srepoch=1737880431&all_sr_blocks=362228605_137394080_0_0_0&highlighted_blocks=362228605_137394080_0_0_0&matching_block_id=362228605_137394080_0_0_0&sr_pri_blocks=362228605_137394080_0_0_0__143432&from=searchresults
Sonder Los Arcos,"Ciutat Vella, Barcelona",https://www.booking.com/hotel/es/sonder-los-arcos.html?label=gen173nr-1BCAEoggI46AdSAnVzWARoRogBAZgBMbgBGcgBD9gBAegBAYgCAagCA7gCmuTXvAbAAgHSAiQ3NGM3OTk4Ni0yY2UyLTQ1NGYtOGQwZS1lZTU4ZTdhMDAwZTHYAgXgAgE&sid=735f077cb553f5b5fb1805efac5f4fa0&aid=304142&ucfs=1&arphpl=1&checkin=2025-04-01&checkout=2025-04-08&dest_id=-372490&dest_type=city&group_adults=2&req_adults=2&no_rooms=1&group_children=0&req_children=0&hpos=17&hapos=737&sr_order=popularity&srpvid=52a43c0f4b5000e9&srepoch=1737880431&all_sr_blocks=938607905_366122920_2_0_0&highlighted_blocks=938607905_366122920_2_0_0&matching_block_id=938607905_366122920_2_0_0&sr_pri_blocks=938607905_366122920_2_0_0__142580&from=searchresults
BacHome Gallery B&B,"Eixample, Barcelona",https://www.booking.com/hotel/es/look-barcelona-bruc.html?label=gen173nr-1BCAEoggI46AdSAnVzWARoRogBAZgBMbgBGcgBD9gBAegBAYgCAagCA7gCmuTXvAbAAgHSAiQ3NGM3OTk4Ni0yY2UyLTQ1NGYtOGQwZS1lZTU4ZTdhMDAwZTHYAgXgAgE&sid=735f077cb553f5b5fb1805efac5f4fa0&aid=304142&ucfs=1&arphpl=1&checkin=2025-04-01&checkout=2025-04-08&dest_id=-372490&dest_type=city&group_adults=2&req_adults=2&no_rooms=1&group_children=0&req_children=0&hpos=18&hapos=738&sr_order=popularity&srpvid=52a43c0f4b5000e9&srepoch=1737880431&all_sr_blocks=88217004_88506168_0_0_0&highlighted_blocks=88217004_88506168_0_0_0&matching_block_id=88217004_88506168_0_0_0&sr_pri_blocks=88217004_88506168_0_0_0__150700&from=searchresults
Hostal Muntaner,"Eixample, Barcelona",https://www.booking.com/hotel/es/hostal-muntaner.html?label=gen173nr-1BCAEoggI46AdSAnVzWARoRogBAZgBMbgBGcgBD9gBAegBAYgCAagCA7gCmuTXvAbAAgHSAiQ3NGM3OTk4Ni0yY2UyLTQ1NGYtOGQwZS1lZTU4ZTdhMDAwZTHYAgXgAgE&sid=735f077cb553f5b5fb1805efac5f4fa0&aid=304142&ucfs=1&arphpl=1&checkin=2025-04-01&checkout=2025-04-08&dest_id=-372490&dest_type=city&group_adults=2&req_adults=2&no_rooms=1&group_children=0&req_children=0&hpos=19&hapos=739&sr_order=popularity&srpvid=52a43c0f4b5000e9&srepoch=1737880431&all_sr_blocks=45998605_82185964_0_0_0&highlighted_blocks=45998605_82185964_0_0_0&matching_block_id=45998605_82185964_0_0_0&sr_pri_blocks=45998605_82185964_0_0_0__73000&from=searchresults
Sweett - Palau,"Eixample, Barcelona",https://www.booking.com/hotel/es/sweet-inn-palau.html?label=gen173nr-1BCAEoggI46AdSAnVzWARoRogBAZgBMbgBGcgBD9gBAegBAYgCAagCA7gCmuTXvAbAAgHSAiQ3NGM3OTk4Ni0yY2UyLTQ1NGYtOGQwZS1lZTU4ZTdhMDAwZTHYAgXgAgE&sid=735f077cb553f5b5fb1805efac5f4fa0&aid=304142&ucfs=1&arphpl=1&checkin=2025-04-01&checkout=2025-04-08&dest_id=-372490&dest_type=city&group_adults=2&req_adults=2&no_rooms=1&group_children=0&req_children=0&hpos=20&hapos=740&sr_order=popularity&srpvid=52a43c0f4b5000e9&srepoch=1737880431&all_sr_blocks=862313708_354148441_2_0_0&highlighted_blocks=862313708_354148441_2_0_0&matching_block_id=862313708_354148441_2_0_0&sr_pri_blocks=862313708_354148441_2_0_0__179313&from=searchresults
Classic Palau Apartments,"Ciutat Vella, Barcelona",https://www.booking.com/hotel/es/classic-palau-apartments.html?label=gen173nr-1BCAEoggI46AdSAnVzWARoRogBAZgBMbgBGcgBD9gBAegBAYgCAagCA7gCmuTXvAbAAgHSAiQ3NGM3OTk4Ni0yY2UyLTQ1NGYtOGQwZS1lZTU4ZTdhMDAwZTHYAgXgAgE&sid=735f077cb553f5b5fb1805efac5f4fa0&aid=304142&ucfs=1&arphpl=1&checkin=2025-04-01&checkout=2025-04-08&dest_id=-372490&dest_type=city&group_adults=2&req_adults=2&no_rooms=1&group_children=0&req_children=0&hpos=21&hapos=741&sr_order=popularity&srpvid=52a43c0f4b5000e9&srepoch=1737880431&all_sr_blocks=1236456703_395576685_0_0_0&highlighted_blocks=1236456703_395576685_0_0_0&matching_block_id=1236456703_395576685_0_0_0&sr_pri_blocks=1236456703_395576685_0_0_0__174332&from=searchresults
Putxet by Gaiarooms,"Sarrià-St. Gervasi, Barcelona",https://www.booking.com/hotel/es/hostal-putxet.html?label=gen173nr-1BCAEoggI46AdSAnVzWARoRogBAZgBMbgBGcgBD9gBAegBAYgCAagCA7gCmuTXvAbAAgHSAiQ3NGM3OTk4Ni0yY2UyLTQ1NGYtOGQwZS1lZTU4ZTdhMDAwZTHYAgXgAgE&sid=735f077cb553f5b5fb1805efac5f4fa0&aid=304142&ucfs=1&arphpl=1&checkin=2025-04-01&checkout=2025-04-08&dest_id=-372490&dest_type=city&group_adults=2&req_adults=2&no_rooms=1&group_children=0&req_children=0&hpos=22&hapos=742&sr_order=popularity&srpvid=52a43c0f4b5000e9&srepoch=1737880431&all_sr_blocks=9328606_406254467_0_0_0&highlighted_blocks=9328606_406254467_0_0_0&matching_block_id=9328606_406254467_0_0_0&sr_pri_blocks=9328606_406254467_0_0_0__102151&from=searchresults
Moderno,"Ciutat Vella, Barcelona",https://www.booking.com/hotel/es/modernobarcelona.html?label=gen173nr-1BCAEoggI46AdSAnVzWARoRogBAZgBMbgBGcgBD9gBAegBAYgCAagCA7gCmuTXvAbAAgHSAiQ3NGM3OTk4Ni0yY2UyLTQ1NGYtOGQwZS1lZTU4ZTdhMDAwZTHYAgXgAgE&sid=735f077cb553f5b5fb1805efac5f4fa0&aid=304142&ucfs=1&arphpl=1&checkin=2025-04-01&checkout=2025-04-08&dest_id=-372490&dest_type=city&group_adults=2&req_adults=2&no_rooms=1&group_children=0&req_children=0&hpos=23&hapos=743&sr_order=popularity&srpvid=52a43c0f4b5000e9&srepoch=1737880431&all_sr_blocks=9095209_88190275_0_42_0&highlighted_blocks=9095209_88190275_0_42_0&matching_block_id=9095209_88190275_0_42_0&sr_pri_blocks=9095209_88190275_0_42_0__141982&from=searchresults
Sweett - Miro Park,"Eixample, Barcelona",https://www.booking.com/hotel/es/sweet-inn-apartments-miropark.html?label=gen173nr-1BCAEoggI46AdSAnVzWARoRogBAZgBMbgBGcgBD9gBAegBAYgCAagCA7gCmuTXvAbAAgHSAiQ3NGM3OTk4Ni0yY2UyLTQ1NGYtOGQwZS1lZTU4ZTdhMDAwZTHYAgXgAgE&sid=735f077cb553f5b5fb1805efac5f4fa0&aid=304142&ucfs=1&arphpl=1&checkin=2025-04-01&checkout=2025-04-08&dest_id=-372490&dest_type=city&group_adults=2&req_adults=2&no_rooms=1&group_children=0&req_children=0&hpos=24&hapos=744&sr_order=popularity&srpvid=52a43c0f4b5000e9&srepoch=1737880431&all_sr_blocks=257699501_376234171_2_0_0&highlighted_blocks=257699501_376234171_2_0_0&matching_block_id=257699501_376234171_2_0_0&sr_pri_blocks=257699501_376234171_2_0_0__155081&from=searchresults
Canela Homes BARCELONA MACBA,"Ciutat Vella, Barcelona",https://www.booking.com/hotel/es/whotells-raval.html?label=gen173nr-1BCAEoggI46AdSAnVzWARoRogBAZgBMbgBGcgBD9gBAegBAYgCAagCA7gCmuTXvAbAAgHSAiQ3NGM3OTk4Ni0yY2UyLTQ1NGYtOGQwZS1lZTU4ZTdhMDAwZTHYAgXgAgE&sid=735f077cb553f5b5fb1805efac5f4fa0&aid=304142&ucfs=1&arphpl=1&checkin=2025-04-01&checkout=2025-04-08&dest_id=-372490&dest_type=city&group_adults=2&req_adults=2&no_rooms=1&group_children=0&req_children=0&hpos=25&hapos=745&sr_order=popularity&srpvid=52a43c0f4b5000e9&srepoch=1737880431&all_sr_blocks=23954807_88204279_2_0_0&highlighted_blocks=23954807_88204279_2_0_0&matching_block_id=23954807_88204279_2_0_0&sr_pri_blocks=23954807_88204279_2_0_0__196546&from=searchresults
Casa Cosi - Industria,"Gràcia, Barcelona",https://www.booking.com/hotel/es/casa-cosi-industria.html?label=gen173nr-1BCAEoggI46AdSAnVzWARoRogBAZgBMbgBGcgBD9gBAegBAYgCAagCA7gCmuTXvAbAAgHSAiQ3NGM3OTk4Ni0yY2UyLTQ1NGYtOGQwZS1lZTU4ZTdhMDAwZTHYAgXgAgE&sid=735f077cb553f5b5fb1805efac5f4fa0&aid=304142&ucfs=1&arphpl=1&checkin=2025-04-01&checkout=2025-04-08&dest_id=-372490&dest_type=city&group_adults=2&req_adults=2&no_rooms=1&group_children=0&req_children=0&hpos=1&hapos=746&sr_order=popularity&srpvid=52a43c0f4b5000e9&srepoch=1737880435&all_sr_blocks=732037901_377072175_0_0_0&highlighted_blocks=732037901_377072175_0_0_0&matching_block_id=732037901_377072175_0_0_0&sr_pri_blocks=732037901_377072175_0_0_0__189985&from=searchresults
Vasanta powered by Sonder,"Eixample, Barcelona",https://www.booking.com/hotel/es/vasanta.html?label=gen173nr-1BCAEoggI46AdSAnVzWARoRogBAZgBMbgBGcgBD9gBAegBAYgCAagCA7gCmuTXvAbAAgHSAiQ3NGM3OTk4Ni0yY2UyLTQ1NGYtOGQwZS1lZTU4ZTdhMDAwZTHYAgXgAgE&sid=735f077cb553f5b5fb1805efac5f4fa0&aid=304142&ucfs=1&arphpl=1&checkin=2025-04-01&checkout=2025-04-08&dest_id=-372490&dest_type=city&group_adults=2&req_adults=2&no_rooms=1&group_children=0&req_children=0&hpos=2&hapos=747&sr_order=popularity&srpvid=52a43c0f4b5000e9&srepoch=1737880435&all_sr_blocks=41782012_128095389_2_0_0&highlighted_blocks=41782012_128095389_2_0_0&matching_block_id=41782012_128095389_2_0_0&sr_pri_blocks=41782012_128095389_2_0_0__136306&from=searchresults
Barcelona Central Apartments,"Eixample, Barcelona",https://www.booking.com/hotel/es/girona-apartments.html?label=gen173nr-1BCAEoggI46AdSAnVzWARoRogBAZgBMbgBGcgBD9gBAegBAYgCAagCA7gCmuTXvAbAAgHSAiQ3NGM3OTk4Ni0yY2UyLTQ1NGYtOGQwZS1lZTU4ZTdhMDAwZTHYAgXgAgE&sid=735f077cb553f5b5fb1805efac5f4fa0&aid=304142&ucfs=1&arphpl=1&checkin=2025-04-01&checkout=2025-04-08&dest_id=-372490&dest_type=city&group_adults=2&req_adults=2&no_rooms=1&group_children=0&req_children=0&hpos=3&hapos=748&sr_order=popularity&srpvid=52a43c0f4b5000e9&srepoch=1737880435&all_sr_blocks=700720004_373172581_2_0_0&highlighted_blocks=700720004_373172581_2_0_0&matching_block_id=700720004_373172581_2_0_0&sr_pri_blocks=700720004_373172581_2_0_0__125932&from=searchresults
Sweett - Carrer Girona,"Eixample, Barcelona",https://www.booking.com/hotel/es/sweet-inn-carrer-girona-barcelona.html?label=gen173nr-1BCAEoggI46AdSAnVzWARoRogBAZgBMbgBGcgBD9gBAegBAYgCAagCA7gCmuTXvAbAAgHSAiQ3NGM3OTk4Ni0yY2UyLTQ1NGYtOGQwZS1lZTU4ZTdhMDAwZTHYAgXgAgE&sid=735f077cb553f5b5fb1805efac5f4fa0&aid=304142&ucfs=1&arphpl=1&checkin=2025-04-01&checkout=2025-04-08&dest_id=-372490&dest_type=city&group_adults=2&req_adults=2&no_rooms=1&group_children=0&req_children=0&hpos=4&hapos=749&sr_order=popularity&srpvid=52a43c0f4b5000e9&srepoch=1737880435&all_sr_blocks=1128007306_385441386_4_0_0&highlighted_blocks=1128007306_385441386_4_0_0&matching_block_id=1128007306_385441386_4_0_0&sr_pri_blocks=1128007306_385441386_4_0_0__194695&from=searchresults
Rustic 2 bedroom apartment Poble Sec,"Sants-Montjuïc, Barcelona",https://www.booking.com/hotel/es/apartamento-pedreres.html?label=gen173nr-1BCAEoggI46AdSAnVzWARoRogBAZgBMbgBGcgBD9gBAegBAYgCAagCA7gCmuTXvAbAAgHSAiQ3NGM3OTk4Ni0yY2UyLTQ1NGYtOGQwZS1lZTU4ZTdhMDAwZTHYAgXgAgE&sid=735f077cb553f5b5fb1805efac5f4fa0&aid=304142&ucfs=1&arphpl=1&checkin=2025-04-01&checkout=2025-04-08&dest_id=-372490&dest_type=city&group_adults=2&req_adults=2&no_rooms=1&group_children=0&req_children=0&hpos=5&hapos=750&sr_order=popularity&srpvid=52a43c0f4b5000e9&srepoch=1737880435&all_sr_blocks=624933201_243330688_2_0_0_537164&highlighted_blocks=624933201_243330688_2_0_0_537164&matching_block_id=624933201_243330688_2_0_0_537164&sr_pri_blocks=624933201_243330688_2_0_0_537164_127374&from=searchresults
Alma Azul Consell de Cent,"Eixample, Barcelona",https://www.booking.com/hotel/es/alma-azul-consell-de-cent.html?label=gen173nr-1BCAEoggI46AdSAnVzWARoRogBAZgBMbgBGcgBD9gBAegBAYgCAagCA7gCmuTXvAbAAgHSAiQ3NGM3OTk4Ni0yY2UyLTQ1NGYtOGQwZS1lZTU4ZTdhMDAwZTHYAgXgAgE&sid=735f077cb553f5b5fb1805efac5f4fa0&aid=304142&ucfs=1&arphpl=1&checkin=2025-04-01&checkout=2025-04-08&dest_id=-372490&dest_type=city&group_adults=2&req_adults=2&no_rooms=1&group_children=0&req_children=0&hpos=6&hapos=751&sr_order=popularity&srpvid=52a43c0f4b5000e9&srepoch=1737880435&all_sr_blocks=1015891801_378347399_6_0_0&highlighted_blocks=1015891801_378347399_6_0_0&matching_block_id=1015891801_378347399_6_0_0&sr_pri_blocks=1015891801_378347399_6_0_0__193932&from=searchresults
Olivia Balmes Hotel,"Eixample, Barcelona",https://www.booking.com/hotel/es/olivia-balmes.html?label=gen173nr-1BCAEoggI46AdSAnVzWARoRogBAZgBMbgBGcgBD9gBAegBAYgCAagCA7gCmuTXvAbAAgHSAiQ3NGM3OTk4Ni0yY2UyLTQ1NGYtOGQwZS1lZTU4ZTdhMDAwZTHYAgXgAgE&sid=735f077cb553f5b5fb1805efac5f4fa0&aid=304142&ucfs=1&arphpl=1&checkin=2025-04-01&checkout=2025-04-08&dest_id=-372490&dest_type=city&group_adults=2&req_adults=2&no_rooms=1&group_children=0&req_children=0&hpos=7&hapos=752&sr_order=popularity&srpvid=52a43c0f4b5000e9&srepoch=1737880435&all_sr_blocks=55568501_88210128_2_1_0&highlighted_blocks=55568501_88210128_2_1_0&matching_block_id=55568501_88210128_2_1_0&sr_pri_blocks=55568501_88210128_2_1_0__204778&from=searchresults
Decô Apartments Barcelona-Eixample,"Eixample, Barcelona",https://www.booking.com/hotel/es/barcelona-upartments-paris.html?label=gen173nr-1BCAEoggI46AdSAnVzWARoRogBAZgBMbgBGcgBD9gBAegBAYgCAagCA7gCmuTXvAbAAgHSAiQ3NGM3OTk4Ni0yY2UyLTQ1NGYtOGQwZS1lZTU4ZTdhMDAwZTHYAgXgAgE&sid=735f077cb553f5b5fb1805efac5f4fa0&aid=304142&ucfs=1&arphpl=1&checkin=2025-04-01&checkout=2025-04-08&dest_id=-372490&dest_type=city&group_adults=2&req_adults=2&no_rooms=1&group_children=0&req_children=0&hpos=8&hapos=753&sr_order=popularity&srpvid=52a43c0f4b5000e9&srepoch=1737880435&all_sr_blocks=110664201_88508254_2_0_0&highlighted_blocks=110664201_88508254_2_0_0&matching_block_id=110664201_88508254_2_0_0&sr_pri_blocks=110664201_88508254_2_0_0__227932&from_sustainable_property_sr=1&from=searchresults
Latroupe Poblenou Beach,"Sant Martí, Barcelona",https://www.booking.com/hotel/es/zero-barcelona-hostel.html?label=gen173nr-1BCAEoggI46AdSAnVzWARoRogBAZgBMbgBGcgBD9gBAegBAYgCAagCA7gCmuTXvAbAAgHSAiQ3NGM3OTk4Ni0yY2UyLTQ1NGYtOGQwZS1lZTU4ZTdhMDAwZTHYAgXgAgE&sid=735f077cb553f5b5fb1805efac5f4fa0&aid=304142&ucfs=1&arphpl=1&checkin=2025-04-01&checkout=2025-04-08&dest_id=-372490&dest_type=city&group_adults=2&req_adults=2&no_rooms=1&group_children=0&req_children=0&hpos=9&hapos=754&sr_order=popularity&srpvid=52a43c0f4b5000e9&srepoch=1737880435&all_sr_blocks=734197914_351448283_4_2_0&highlighted_blocks=734197914_351448283_4_2_0&matching_block_id=734197914_351448283_4_2_0&sr_pri_blocks=734197914_351448283_4_2_0__124391&from=searchresults
Apartment Sants-Montjuïc- Avenida Madrid by Interhome,"Sants-Montjuïc, Barcelona",https://www.booking.com/hotel/es/apartment-barcelona-centric-apartment.html?label=gen173nr-1BCAEoggI46AdSAnVzWARoRogBAZgBMbgBGcgBD9gBAegBAYgCAagCA7gCmuTXvAbAAgHSAiQ3NGM3OTk4Ni0yY2UyLTQ1NGYtOGQwZS1lZTU4ZTdhMDAwZTHYAgXgAgE&sid=735f077cb553f5b5fb1805efac5f4fa0&aid=304142&ucfs=1&arphpl=1&checkin=2025-04-01&checkout=2025-04-08&dest_id=-372490&dest_type=city&group_adults=2&req_adults=2&no_rooms=1&group_children=0&req_children=0&hpos=10&hapos=755&sr_order=popularity&srpvid=52a43c0f4b5000e9&srepoch=1737880435&all_sr_blocks=994114502_372337714_4_0_0&highlighted_blocks=994114502_372337714_4_0_0&matching_block_id=994114502_372337714_4_0_0&sr_pri_blocks=994114502_372337714_4_0_0__125032&from=searchresults
2 bedroom with balcony in Eixample 1-1,"Eixample, Barcelona",https://www.booking.com/hotel/es/modern-and-bright-apartment-in-eixample-1-1.html?label=gen173nr-1BCAEoggI46AdSAnVzWARoRogBAZgBMbgBGcgBD9gBAegBAYgCAagCA7gCmuTXvAbAAgHSAiQ3NGM3OTk4Ni0yY2UyLTQ1NGYtOGQwZS1lZTU4ZTdhMDAwZTHYAgXgAgE&sid=735f077cb553f5b5fb1805efac5f4fa0&aid=304142&ucfs=1&arphpl=1&checkin=2025-04-01&checkout=2025-04-08&dest_id=-372490&dest_type=city&group_adults=2&req_adults=2&no_rooms=1&group_children=0&req_children=0&hpos=11&hapos=756&sr_order=popularity&srpvid=52a43c0f4b5000e9&srepoch=1737880435&all_sr_blocks=873678602_399861521_4_0_0&highlighted_blocks=873678602_399861521_4_0_0&matching_block_id=873678602_399861521_4_0_0&sr_pri_blocks=873678602_399861521_4_0_0__161314&from=searchresults
AinB Picasso-Corders Apartments,"Ciutat Vella, Barcelona",https://www.booking.com/hotel/es/apartments-in-barcelona-corders.html?label=gen173nr-1BCAEoggI46AdSAnVzWARoRogBAZgBMbgBGcgBD9gBAegBAYgCAagCA7gCmuTXvAbAAgHSAiQ3NGM3OTk4Ni0yY2UyLTQ1NGYtOGQwZS1lZTU4ZTdhMDAwZTHYAgXgAgE&sid=735f077cb553f5b5fb1805efac5f4fa0&aid=304142&ucfs=1&arphpl=1&checkin=2025-04-01&checkout=2025-04-08&dest_id=-372490&dest_type=city&group_adults=2&req_adults=2&no_rooms=1&group_children=0&req_children=0&hpos=12&hapos=757&sr_order=popularity&srpvid=52a43c0f4b5000e9&srepoch=1737880435&all_sr_blocks=1249802_95135953_2_0_0&highlighted_blocks=1249802_95135953_2_0_0&matching_block_id=1249802_95135953_2_0_0&sr_pri_blocks=1249802_95135953_2_0_0__170566&from=searchresults
Apartaments Marina - Abapart,"Eixample, Barcelona",https://www.booking.com/hotel/es/apartmentsmarina.html?label=gen173nr-1BCAEoggI46AdSAnVzWARoRogBAZgBMbgBGcgBD9gBAegBAYgCAagCA7gCmuTXvAbAAgHSAiQ3NGM3OTk4Ni0yY2UyLTQ1NGYtOGQwZS1lZTU4ZTdhMDAwZTHYAgXgAgE&sid=735f077cb553f5b5fb1805efac5f4fa0&aid=304142&ucfs=1&arphpl=1&checkin=2025-04-01&checkout=2025-04-08&dest_id=-372490&dest_type=city&group_adults=2&req_adults=2&no_rooms=1&group_children=0&req_children=0&hpos=13&hapos=758&sr_order=popularity&srpvid=52a43c0f4b5000e9&srepoch=1737880435&all_sr_blocks=9116002_88190630_2_0_0&highlighted_blocks=9116002_88190630_2_0_0&matching_block_id=9116002_88190630_2_0_0&sr_pri_blocks=9116002_88190630_2_0_0__221881&from=searchresults
Ola Living Poblenou Beach,"Sant Martí, Barcelona",https://www.booking.com/hotel/es/ola-living-poble-nou-beach.html?label=gen173nr-1BCAEoggI46AdSAnVzWARoRogBAZgBMbgBGcgBD9gBAegBAYgCAagCA7gCmuTXvAbAAgHSAiQ3NGM3OTk4Ni0yY2UyLTQ1NGYtOGQwZS1lZTU4ZTdhMDAwZTHYAgXgAgE&sid=735f077cb553f5b5fb1805efac5f4fa0&aid=304142&ucfs=1&arphpl=1&checkin=2025-04-01&checkout=2025-04-08&dest_id=-372490&dest_type=city&group_adults=2&req_adults=2&no_rooms=1&group_children=0&req_children=0&hpos=14&hapos=759&sr_order=popularity&srpvid=52a43c0f4b5000e9&srepoch=1737880435&all_sr_blocks=1323064701_404974678_3_0_0&highlighted_blocks=1323064701_404974678_3_0_0&matching_block_id=1323064701_404974678_3_0_0&sr_pri_blocks=1323064701_404974678_3_0_0__134349&from=searchresults
Rent Top Apartments Rambla Catalunya,"Eixample, Barcelona",https://www.booking.com/hotel/es/renttopapartments-rambla-catalunya-8.html?label=gen173nr-1BCAEoggI46AdSAnVzWARoRogBAZgBMbgBGcgBD9gBAegBAYgCAagCA7gCmuTXvAbAAgHSAiQ3NGM3OTk4Ni0yY2UyLTQ1NGYtOGQwZS1lZTU4ZTdhMDAwZTHYAgXgAgE&sid=735f077cb553f5b5fb1805efac5f4fa0&aid=304142&ucfs=1&arphpl=1&checkin=2025-04-01&checkout=2025-04-08&dest_id=-372490&dest_type=city&group_adults=2&req_adults=2&no_rooms=1&group_children=0&req_children=0&hpos=15&hapos=760&sr_order=popularity&srpvid=52a43c0f4b5000e9&srepoch=1737880435&all_sr_blocks=171200511_90137969_0_0_0&highlighted_blocks=171200511_90137969_0_0_0&matching_block_id=171200511_90137969_0_0_0&sr_pri_blocks=171200511_90137969_0_0_0__232532&from=searchresults
Stay U-nique Apartments Pou II,"Ciutat Vella, Barcelona",https://www.booking.com/hotel/es/trendy-apartment-in-born.html?label=gen173nr-1BCAEoggI46AdSAnVzWARoRogBAZgBMbgBGcgBD9gBAegBAYgCAagCA7gCmuTXvAbAAgHSAiQ3NGM3OTk4Ni0yY2UyLTQ1NGYtOGQwZS1lZTU4ZTdhMDAwZTHYAgXgAgE&sid=735f077cb553f5b5fb1805efac5f4fa0&aid=304142&ucfs=1&arphpl=1&checkin=2025-04-01&checkout=2025-04-08&dest_id=-372490&dest_type=city&group_adults=2&req_adults=2&no_rooms=1&group_children=0&req_children=0&hpos=16&hapos=761&sr_order=popularity&srpvid=52a43c0f4b5000e9&srepoch=1737880435&all_sr_blocks=1084229402_381329133_0_0_0&highlighted_blocks=1084229402_381329133_0_0_0&matching_block_id=1084229402_381329133_0_0_0&sr_pri_blocks=1084229402_381329133_0_0_0__135183&from=searchresults
ApartEasy - Atic Sagrada Familia,"Eixample, Barcelona",https://www.booking.com/hotel/es/aparteasy-family-apartment-in-sagrada-familia.html?label=gen173nr-1BCAEoggI46AdSAnVzWARoRogBAZgBMbgBGcgBD9gBAegBAYgCAagCA7gCmuTXvAbAAgHSAiQ3NGM3OTk4Ni0yY2UyLTQ1NGYtOGQwZS1lZTU4ZTdhMDAwZTHYAgXgAgE&sid=735f077cb553f5b5fb1805efac5f4fa0&aid=304142&ucfs=1&arphpl=1&checkin=2025-04-01&checkout=2025-04-08&dest_id=-372490&dest_type=city&group_adults=2&req_adults=2&no_rooms=1&group_children=0&req_children=0&hpos=17&hapos=762&sr_order=popularity&srpvid=52a43c0f4b5000e9&srepoch=1737880435&all_sr_blocks=206093501_363411719_4_0_0&highlighted_blocks=206093501_363411719_4_0_0&matching_block_id=206093501_363411719_4_0_0&sr_pri_blocks=206093501_363411719_4_0_0__170032&from=searchresults
Poble Nou I You Stylish Apartments,"Sant Martí, Barcelona",https://www.booking.com/hotel/es/poble-nou-i-you-stylish-apartments.html?label=gen173nr-1BCAEoggI46AdSAnVzWARoRogBAZgBMbgBGcgBD9gBAegBAYgCAagCA7gCmuTXvAbAAgHSAiQ3NGM3OTk4Ni0yY2UyLTQ1NGYtOGQwZS1lZTU4ZTdhMDAwZTHYAgXgAgE&sid=735f077cb553f5b5fb1805efac5f4fa0&aid=304142&ucfs=1&arphpl=1&checkin=2025-04-01&checkout=2025-04-08&dest_id=-372490&dest_type=city&group_adults=2&req_adults=2&no_rooms=1&group_children=0&req_children=0&hpos=18&hapos=763&sr_order=popularity&srpvid=52a43c0f4b5000e9&srepoch=1737880435&all_sr_blocks=574581701_379835866_4_0_0&highlighted_blocks=574581701_379835866_4_0_0&matching_block_id=574581701_379835866_4_0_0&sr_pri_blocks=574581701_379835866_4_0_0__247860&from=searchresults
limehome Barcelona Rector Triadó,"Sants-Montjuïc, Barcelona",https://www.booking.com/hotel/es/limehome-barcelona-rector-triado.html?label=gen173nr-1BCAEoggI46AdSAnVzWARoRogBAZgBMbgBGcgBD9gBAegBAYgCAagCA7gCmuTXvAbAAgHSAiQ3NGM3OTk4Ni0yY2UyLTQ1NGYtOGQwZS1lZTU4ZTdhMDAwZTHYAgXgAgE&sid=735f077cb553f5b5fb1805efac5f4fa0&aid=304142&ucfs=1&arphpl=1&checkin=2025-04-01&checkout=2025-04-08&dest_id=-372490&dest_type=city&group_adults=2&req_adults=2&no_rooms=1&group_children=0&req_children=0&hpos=19&hapos=764&sr_order=popularity&srpvid=52a43c0f4b5000e9&srepoch=1737880435&all_sr_blocks=18899503_88494936_2_0_0&highlighted_blocks=18899503_88494936_2_0_0&matching_block_id=18899503_88494936_2_0_0&sr_pri_blocks=18899503_88494936_2_0_0__156500&from=searchresults
Yurbban Ramblas Boutique Hotel,"Ciutat Vella, Barcelona",https://www.booking.com/hotel/es/yurbban-ramblas.html?label=gen173nr-1BCAEoggI46AdSAnVzWARoRogBAZgBMbgBGcgBD9gBAegBAYgCAagCA7gCmuTXvAbAAgHSAiQ3NGM3OTk4Ni0yY2UyLTQ1NGYtOGQwZS1lZTU4ZTdhMDAwZTHYAgXgAgE&sid=735f077cb553f5b5fb1805efac5f4fa0&aid=304142&ucfs=1&arphpl=1&checkin=2025-04-01&checkout=2025-04-08&dest_id=-372490&dest_type=city&group_adults=2&req_adults=2&no_rooms=1&group_children=0&req_children=0&hpos=20&hapos=765&sr_order=popularity&srpvid=52a43c0f4b5000e9&srepoch=1737880435&all_sr_blocks=452301306_179099396_0_2_0&highlighted_blocks=452301306_179099396_0_2_0&matching_block_id=452301306_179099396_0_2_0&sr_pri_blocks=452301306_179099396_0_2_0__187000&from_sustainable_property_sr=1&from=searchresults
COR31 · COR31 - Apartment in the center of Barcelona,"Eixample, Barcelona",https://www.booking.com/hotel/es/higuests-vacation-homes-corcega-barcelona.html?label=gen173nr-1BCAEoggI46AdSAnVzWARoRogBAZgBMbgBGcgBD9gBAegBAYgCAagCA7gCmuTXvAbAAgHSAiQ3NGM3OTk4Ni0yY2UyLTQ1NGYtOGQwZS1lZTU4ZTdhMDAwZTHYAgXgAgE&sid=735f077cb553f5b5fb1805efac5f4fa0&aid=304142&ucfs=1&arphpl=1&checkin=2025-04-01&checkout=2025-04-08&dest_id=-372490&dest_type=city&group_adults=2&req_adults=2&no_rooms=1&group_children=0&req_children=0&hpos=21&hapos=766&sr_order=popularity&srpvid=52a43c0f4b5000e9&srepoch=1737880435&all_sr_blocks=631777701_246407962_3_0_0&highlighted_blocks=631777701_246407962_3_0_0&matching_block_id=631777701_246407962_3_0_0&sr_pri_blocks=631777701_246407962_3_0_0__126860&from=searchresults
Hostal Sant Pau,"Horta-Guinardó, Barcelona",https://www.booking.com/hotel/es/santpau.html?label=gen173nr-1BCAEoggI46AdSAnVzWARoRogBAZgBMbgBGcgBD9gBAegBAYgCAagCA7gCmuTXvAbAAgHSAiQ3NGM3OTk4Ni0yY2UyLTQ1NGYtOGQwZS1lZTU4ZTdhMDAwZTHYAgXgAgE&sid=735f077cb553f5b5fb1805efac5f4fa0&aid=304142&ucfs=1&arphpl=1&checkin=2025-04-01&checkout=2025-04-08&dest_id=-372490&dest_type=city&group_adults=2&req_adults=2&no_rooms=1&group_children=0&req_children=0&hpos=22&hapos=767&sr_order=popularity&srpvid=52a43c0f4b5000e9&srepoch=1737880435&all_sr_blocks=25119504_123837025_2_0_0&highlighted_blocks=25119504_123837025_2_0_0&matching_block_id=25119504_123837025_2_0_0&sr_pri_blocks=25119504_123837025_2_0_0__108500&from=searchresults
Aspasios Garden Apartments,"Eixample, Barcelona",https://www.booking.com/hotel/es/aspasios-garden-apartments-barcelona.html?label=gen173nr-1BCAEoggI46AdSAnVzWARoRogBAZgBMbgBGcgBD9gBAegBAYgCAagCA7gCmuTXvAbAAgHSAiQ3NGM3OTk4Ni0yY2UyLTQ1NGYtOGQwZS1lZTU4ZTdhMDAwZTHYAgXgAgE&sid=735f077cb553f5b5fb1805efac5f4fa0&aid=304142&ucfs=1&arphpl=1&checkin=2025-04-01&checkout=2025-04-08&dest_id=-372490&dest_type=city&group_adults=2&req_adults=2&no_rooms=1&group_children=0&req_children=0&hpos=23&hapos=768&sr_order=popularity&srpvid=52a43c0f4b5000e9&srepoch=1737880435&all_sr_blocks=772272101_376047724_4_0_0&highlighted_blocks=772272101_376047724_4_0_0&matching_block_id=772272101_376047724_4_0_0&sr_pri_blocks=772272101_376047724_4_0_0__200232&from=searchresults
Sharing flats in gotico,"Ciutat Vella, Barcelona",https://www.booking.com/hotel/es/sharing-flats-in-gotico.html?label=gen173nr-1BCAEoggI46AdSAnVzWARoRogBAZgBMbgBGcgBD9gBAegBAYgCAagCA7gCmuTXvAbAAgHSAiQ3NGM3OTk4Ni0yY2UyLTQ1NGYtOGQwZS1lZTU4ZTdhMDAwZTHYAgXgAgE&sid=735f077cb553f5b5fb1805efac5f4fa0&aid=304142&ucfs=1&arphpl=1&checkin=2025-04-01&checkout=2025-04-08&dest_id=-372490&dest_type=city&group_adults=2&req_adults=2&no_rooms=1&group_children=0&req_children=0&hpos=24&hapos=769&sr_order=popularity&srpvid=52a43c0f4b5000e9&srepoch=1737880435&all_sr_blocks=1310245204_403800911_2_0_0&highlighted_blocks=1310245204_403800911_2_0_0&matching_block_id=1310245204_403800911_2_0_0&sr_pri_blocks=1310245204_403800911_2_0_0__105210&from=searchresults
Modern & stylish apartment in Barcelona,"Eixample, Barcelona",https://www.booking.com/hotel/es/modern-amp-stylish-apartment-in-barcelona.html?label=gen173nr-1BCAEoggI46AdSAnVzWARoRogBAZgBMbgBGcgBD9gBAegBAYgCAagCA7gCmuTXvAbAAgHSAiQ3NGM3OTk4Ni0yY2UyLTQ1NGYtOGQwZS1lZTU4ZTdhMDAwZTHYAgXgAgE&sid=735f077cb553f5b5fb1805efac5f4fa0&aid=304142&ucfs=1&arphpl=1&checkin=2025-04-01&checkout=2025-04-08&dest_id=-372490&dest_type=city&group_adults=2&req_adults=2&no_rooms=1&group_children=0&req_children=0&hpos=25&hapos=770&sr_order=popularity&srpvid=52a43c0f4b5000e9&srepoch=1737880435&all_sr_blocks=1111962501_384146130_2_0_0&highlighted_blocks=1111962501_384146130_2_0_0&matching_block_id=1111962501_384146130_2_0_0&sr_pri_blocks=1111962501_384146130_2_0_0__204554&from=searchresults
Apartment Gracia- Providencia by Interhome,"Gràcia, Barcelona",https://www.booking.com/hotel/es/apartment-gracia-providencia.html?label=gen173nr-1BCAEoggI46AdSAnVzWARoRogBAZgBMbgBGcgBD9gBAegBAYgCAagCA7gCmuTXvAbAAgHSAiQ3NGM3OTk4Ni0yY2UyLTQ1NGYtOGQwZS1lZTU4ZTdhMDAwZTHYAgXgAgE&sid=735f077cb553f5b5fb1805efac5f4fa0&aid=304142&ucfs=1&arphpl=1&checkin=2025-04-01&checkout=2025-04-08&dest_id=-372490&dest_type=city&group_adults=2&req_adults=2&no_rooms=1&group_children=0&req_children=0&hpos=1&hapos=771&sr_order=popularity&srpvid=52a43c0f4b5000e9&srepoch=1737880438&all_sr_blocks=621388602_329306234_5_0_0&highlighted_blocks=621388602_329306234_5_0_0&matching_block_id=621388602_329306234_5_0_0&sr_pri_blocks=621388602_329306234_5_0_0__134432&from=searchresults
Pensión San Ramón,"Ciutat Vella, Barcelona",https://www.booking.com/hotel/es/pensia3n-hostal-san-rama3n.html?label=gen173nr-1BCAEoggI46AdSAnVzWARoRogBAZgBMbgBGcgBD9gBAegBAYgCAagCA7gCmuTXvAbAAgHSAiQ3NGM3OTk4Ni0yY2UyLTQ1NGYtOGQwZS1lZTU4ZTdhMDAwZTHYAgXgAgE&sid=735f077cb553f5b5fb1805efac5f4fa0&aid=304142&ucfs=1&arphpl=1&checkin=2025-04-01&checkout=2025-04-08&dest_id=-372490&dest_type=city&group_adults=2&req_adults=2&no_rooms=1&group_children=0&req_children=0&hpos=2&hapos=772&sr_order=popularity&srpvid=52a43c0f4b5000e9&srepoch=1737880438&all_sr_blocks=35449402_362862888_0_0_0&highlighted_blocks=35449402_362862888_0_0_0&matching_block_id=35449402_362862888_0_0_0&sr_pri_blocks=35449402_362862888_0_0_0__79200&from=searchresults
Habitat Apartments Alibei,"Eixample, Barcelona",https://www.booking.com/hotel/es/habitat-apartments-alibei-barcelona.html?label=gen173nr-1BCAEoggI46AdSAnVzWARoRogBAZgBMbgBGcgBD9gBAegBAYgCAagCA7gCmuTXvAbAAgHSAiQ3NGM3OTk4Ni0yY2UyLTQ1NGYtOGQwZS1lZTU4ZTdhMDAwZTHYAgXgAgE&sid=735f077cb553f5b5fb1805efac5f4fa0&aid=304142&ucfs=1&arphpl=1&checkin=2025-04-01&checkout=2025-04-08&dest_id=-372490&dest_type=city&group_adults=2&req_adults=2&no_rooms=1&group_children=0&req_children=0&hpos=3&hapos=773&sr_order=popularity&srpvid=52a43c0f4b5000e9&srepoch=1737880438&all_sr_blocks=58451401_88418237_0_0_0&highlighted_blocks=58451401_88418237_0_0_0&matching_block_id=58451401_88418237_0_0_0&sr_pri_blocks=58451401_88418237_0_0_0__210332&from=searchresults
Stay U-nique Apartments GranDeGracia,"Gràcia, Barcelona",https://www.booking.com/hotel/es/stay-u-nique-passeig-de-gracia.html?label=gen173nr-1BCAEoggI46AdSAnVzWARoRogBAZgBMbgBGcgBD9gBAegBAYgCAagCA7gCmuTXvAbAAgHSAiQ3NGM3OTk4Ni0yY2UyLTQ1NGYtOGQwZS1lZTU4ZTdhMDAwZTHYAgXgAgE&sid=735f077cb553f5b5fb1805efac5f4fa0&aid=304142&ucfs=1&arphpl=1&checkin=2025-04-01&checkout=2025-04-08&dest_id=-372490&dest_type=city&group_adults=2&req_adults=2&no_rooms=1&group_children=0&req_children=0&hpos=4&hapos=774&sr_order=popularity&srpvid=52a43c0f4b5000e9&srepoch=1737880438&all_sr_blocks=55929702_247002733_0_0_0&highlighted_blocks=55929702_247002733_0_0_0&matching_block_id=55929702_247002733_0_0_0&sr_pri_blocks=55929702_247002733_0_0_0__122158&from=searchresults
H10 Port Vell 4* Sup,"Ciutat Vella, Barcelona",https://www.booking.com/hotel/es/h10-port-vell.html?label=gen173nr-1BCAEoggI46AdSAnVzWARoRogBAZgBMbgBGcgBD9gBAegBAYgCAagCA7gCmuTXvAbAAgHSAiQ3NGM3OTk4Ni0yY2UyLTQ1NGYtOGQwZS1lZTU4ZTdhMDAwZTHYAgXgAgE&sid=735f077cb553f5b5fb1805efac5f4fa0&aid=304142&ucfs=1&arphpl=1&checkin=2025-04-01&checkout=2025-04-08&dest_id=-372490&dest_type=city&group_adults=2&req_adults=2&no_rooms=1&group_children=0&req_children=0&hpos=5&hapos=775&sr_order=popularity&srpvid=52a43c0f4b5000e9&srepoch=1737880438&all_sr_blocks=55592608_88340951_2_2_0&highlighted_blocks=55592608_88340951_2_2_0&matching_block_id=55592608_88340951_2_2_0&sr_pri_blocks=55592608_88340951_2_2_0__240388&from_sustainable_property_sr=1&from=searchresults
Happy Apartments,"Ciutat Vella, Barcelona",https://www.booking.com/hotel/es/bcninternet-apartamentos.html?label=gen173nr-1BCAEoggI46AdSAnVzWARoRogBAZgBMbgBGcgBD9gBAegBAYgCAagCA7gCmuTXvAbAAgHSAiQ3NGM3OTk4Ni0yY2UyLTQ1NGYtOGQwZS1lZTU4ZTdhMDAwZTHYAgXgAgE&sid=735f077cb553f5b5fb1805efac5f4fa0&aid=304142&ucfs=1&arphpl=1&checkin=2025-04-01&checkout=2025-04-08&dest_id=-372490&dest_type=city&group_adults=2&req_adults=2&no_rooms=1&group_children=0&req_children=0&hpos=6&hapos=776&sr_order=popularity&srpvid=52a43c0f4b5000e9&srepoch=1737880438&all_sr_blocks=1240308_199433608_2_0_0&highlighted_blocks=1240308_199433608_2_0_0&matching_block_id=1240308_199433608_2_0_0&sr_pri_blocks=1240308_199433608_2_0_0__235432&from=searchresults
Hostal Baler,"Sants-Montjuïc, Barcelona",https://www.booking.com/hotel/es/hostal-baler.html?label=gen173nr-1BCAEoggI46AdSAnVzWARoRogBAZgBMbgBGcgBD9gBAegBAYgCAagCA7gCmuTXvAbAAgHSAiQ3NGM3OTk4Ni0yY2UyLTQ1NGYtOGQwZS1lZTU4ZTdhMDAwZTHYAgXgAgE&sid=735f077cb553f5b5fb1805efac5f4fa0&aid=304142&ucfs=1&arphpl=1&checkin=2025-04-01&checkout=2025-04-08&dest_id=-372490&dest_type=city&group_adults=2&req_adults=2&no_rooms=1&group_children=0&req_children=0&hpos=7&hapos=777&sr_order=popularity&srpvid=52a43c0f4b5000e9&srepoch=1737880438&all_sr_blocks=1636002_95141012_0_2_0&highlighted_blocks=1636002_95141012_0_2_0&matching_block_id=1636002_95141012_0_2_0&sr_pri_blocks=1636002_95141012_0_2_0__111250&from=searchresults
Cosmo Apartments Sants,"Sants-Montjuïc, Barcelona",https://www.booking.com/hotel/es/just-style.html?label=gen173nr-1BCAEoggI46AdSAnVzWARoRogBAZgBMbgBGcgBD9gBAegBAYgCAagCA7gCmuTXvAbAAgHSAiQ3NGM3OTk4Ni0yY2UyLTQ1NGYtOGQwZS1lZTU4ZTdhMDAwZTHYAgXgAgE&sid=735f077cb553f5b5fb1805efac5f4fa0&aid=304142&ucfs=1&arphpl=1&checkin=2025-04-01&checkout=2025-04-08&dest_id=-372490&dest_type=city&group_adults=2&req_adults=2&no_rooms=1&group_children=0&req_children=0&hpos=8&hapos=778&sr_order=popularity&srpvid=52a43c0f4b5000e9&srepoch=1737880438&all_sr_blocks=18906008_88203346_2_0_0&highlighted_blocks=18906008_88203346_2_0_0&matching_block_id=18906008_88203346_2_0_0&sr_pri_blocks=18906008_88203346_2_0_0__161781&from=searchresults
Hostal Hera,"Ciutat Vella, Barcelona",https://www.booking.com/hotel/es/pension-francia.html?label=gen173nr-1BCAEoggI46AdSAnVzWARoRogBAZgBMbgBGcgBD9gBAegBAYgCAagCA7gCmuTXvAbAAgHSAiQ3NGM3OTk4Ni0yY2UyLTQ1NGYtOGQwZS1lZTU4ZTdhMDAwZTHYAgXgAgE&sid=735f077cb553f5b5fb1805efac5f4fa0&aid=304142&ucfs=1&arphpl=1&checkin=2025-04-01&checkout=2025-04-08&dest_id=-372490&dest_type=city&group_adults=2&req_adults=2&no_rooms=1&group_children=0&req_children=0&hpos=9&hapos=779&sr_order=popularity&srpvid=52a43c0f4b5000e9&srepoch=1737880438&all_sr_blocks=27899211_341274743_2_0_0&highlighted_blocks=27899211_341274743_2_0_0&matching_block_id=27899211_341274743_2_0_0&sr_pri_blocks=27899211_341274743_2_0_0__98000&from=searchresults
LB Nice Apartment Sagrada Familia,"Horta-Guinardó, Barcelona",https://www.booking.com/hotel/es/lb-nice-apartment-sagrada-familia.html?label=gen173nr-1BCAEoggI46AdSAnVzWARoRogBAZgBMbgBGcgBD9gBAegBAYgCAagCA7gCmuTXvAbAAgHSAiQ3NGM3OTk4Ni0yY2UyLTQ1NGYtOGQwZS1lZTU4ZTdhMDAwZTHYAgXgAgE&sid=735f077cb553f5b5fb1805efac5f4fa0&aid=304142&ucfs=1&arphpl=1&checkin=2025-04-01&checkout=2025-04-08&dest_id=-372490&dest_type=city&group_adults=2&req_adults=2&no_rooms=1&group_children=0&req_children=0&hpos=10&hapos=780&sr_order=popularity&srpvid=52a43c0f4b5000e9&srepoch=1737880438&all_sr_blocks=961896001_368798934_4_0_0&highlighted_blocks=961896001_368798934_4_0_0&matching_block_id=961896001_368798934_4_0_0&sr_pri_blocks=961896001_368798934_4_0_0__143560&from=searchresults
Midtown Apartments,"Eixample, Barcelona",https://www.booking.com/hotel/es/midtown-apartments.html?label=gen173nr-1BCAEoggI46AdSAnVzWARoRogBAZgBMbgBGcgBD9gBAegBAYgCAagCA7gCmuTXvAbAAgHSAiQ3NGM3OTk4Ni0yY2UyLTQ1NGYtOGQwZS1lZTU4ZTdhMDAwZTHYAgXgAgE&sid=735f077cb553f5b5fb1805efac5f4fa0&aid=304142&ucfs=1&arphpl=1&checkin=2025-04-01&checkout=2025-04-08&dest_id=-372490&dest_type=city&group_adults=2&req_adults=2&no_rooms=1&group_children=0&req_children=0&hpos=11&hapos=781&sr_order=popularity&srpvid=52a43c0f4b5000e9&srepoch=1737880438&all_sr_blocks=167479101_89632449_0_0_0&highlighted_blocks=167479101_89632449_0_0_0&matching_block_id=167479101_89632449_0_0_0&sr_pri_blocks=167479101_89632449_0_0_0__215283&from_sustainable_property_sr=1&from=searchresults
Sweett - Carrer Bailen,"Eixample, Barcelona",https://www.booking.com/hotel/es/sweet-inn-carrer-bailen.html?label=gen173nr-1BCAEoggI46AdSAnVzWARoRogBAZgBMbgBGcgBD9gBAegBAYgCAagCA7gCmuTXvAbAAgHSAiQ3NGM3OTk4Ni0yY2UyLTQ1NGYtOGQwZS1lZTU4ZTdhMDAwZTHYAgXgAgE&sid=735f077cb553f5b5fb1805efac5f4fa0&aid=304142&ucfs=1&arphpl=1&checkin=2025-04-01&checkout=2025-04-08&dest_id=-372490&dest_type=city&group_adults=2&req_adults=2&no_rooms=1&group_children=0&req_children=0&hpos=12&hapos=782&sr_order=popularity&srpvid=52a43c0f4b5000e9&srepoch=1737880438&all_sr_blocks=935662110_365699654_4_0_0&highlighted_blocks=935662110_365699654_4_0_0&matching_block_id=935662110_365699654_4_0_0&sr_pri_blocks=935662110_365699654_4_0_0__240018&from=searchresults
Praktik Èssens,"Eixample, Barcelona",https://www.booking.com/hotel/es/praktik-essens.html?label=gen173nr-1BCAEoggI46AdSAnVzWARoRogBAZgBMbgBGcgBD9gBAegBAYgCAagCA7gCmuTXvAbAAgHSAiQ3NGM3OTk4Ni0yY2UyLTQ1NGYtOGQwZS1lZTU4ZTdhMDAwZTHYAgXgAgE&sid=735f077cb553f5b5fb1805efac5f4fa0&aid=304142&ucfs=1&arphpl=1&checkin=2025-04-01&checkout=2025-04-08&dest_id=-372490&dest_type=city&group_adults=2&req_adults=2&no_rooms=1&group_children=0&req_children=0&hpos=13&hapos=783&sr_order=popularity&srpvid=52a43c0f4b5000e9&srepoch=1737880438&all_sr_blocks=421690702_360577950_2_0_0&highlighted_blocks=421690702_360577950_2_0_0&matching_block_id=421690702_360577950_2_0_0&sr_pri_blocks=421690702_360577950_2_0_0__189500&from_sustainable_property_sr=1&from=searchresults
Hotel Barcelona Condal Mar Affiliated by Meliá,"Sant Martí, Barcelona",https://www.booking.com/hotel/es/hotel-barcelona-condal-mar.html?label=gen173nr-1BCAEoggI46AdSAnVzWARoRogBAZgBMbgBGcgBD9gBAegBAYgCAagCA7gCmuTXvAbAAgHSAiQ3NGM3OTk4Ni0yY2UyLTQ1NGYtOGQwZS1lZTU4ZTdhMDAwZTHYAgXgAgE&sid=735f077cb553f5b5fb1805efac5f4fa0&aid=304142&ucfs=1&arphpl=1&checkin=2025-04-01&checkout=2025-04-08&dest_id=-372490&dest_type=city&group_adults=2&req_adults=2&no_rooms=1&group_children=0&req_children=0&hpos=14&hapos=784&sr_order=popularity&srpvid=52a43c0f4b5000e9&srepoch=1737880438&all_sr_blocks=9137920_91989009_2_2_0&highlighted_blocks=9137920_91989009_2_2_0&matching_block_id=9137920_91989009_2_2_0&sr_pri_blocks=9137920_91989009_2_2_0__158778&from_sustainable_property_sr=1&from=searchresults
La Fira,"Sants-Montjuïc, Barcelona",https://www.booking.com/hotel/es/la-fira-barcelona.html?label=gen173nr-1BCAEoggI46AdSAnVzWARoRogBAZgBMbgBGcgBD9gBAegBAYgCAagCA7gCmuTXvAbAAgHSAiQ3NGM3OTk4Ni0yY2UyLTQ1NGYtOGQwZS1lZTU4ZTdhMDAwZTHYAgXgAgE&sid=735f077cb553f5b5fb1805efac5f4fa0&aid=304142&ucfs=1&arphpl=1&checkin=2025-04-01&checkout=2025-04-08&dest_id=-372490&dest_type=city&group_adults=2&req_adults=2&no_rooms=1&group_children=0&req_children=0&hpos=15&hapos=785&sr_order=popularity&srpvid=52a43c0f4b5000e9&srepoch=1737880438&all_sr_blocks=88243305_88506176_2_0_0&highlighted_blocks=88243305_88506176_2_0_0&matching_block_id=88243305_88506176_2_0_0&sr_pri_blocks=88243305_88506176_2_0_0__168472&from=searchresults
Atico con Terraza Plz. España / Fira Barcelona,"Sants-Montjuïc, Barcelona",https://www.booking.com/hotel/es/atico-con-terraza-plz-espana-fira-barcelona.html?label=gen173nr-1BCAEoggI46AdSAnVzWARoRogBAZgBMbgBGcgBD9gBAegBAYgCAagCA7gCmuTXvAbAAgHSAiQ3NGM3OTk4Ni0yY2UyLTQ1NGYtOGQwZS1lZTU4ZTdhMDAwZTHYAgXgAgE&sid=735f077cb553f5b5fb1805efac5f4fa0&aid=304142&ucfs=1&arphpl=1&checkin=2025-04-01&checkout=2025-04-08&dest_id=-372490&dest_type=city&group_adults=2&req_adults=2&no_rooms=1&group_children=0&req_children=0&hpos=16&hapos=786&sr_order=popularity&srpvid=52a43c0f4b5000e9&srepoch=1737880438&all_sr_blocks=1206211601_392840717_2_0_0&highlighted_blocks=1206211601_392840717_2_0_0&matching_block_id=1206211601_392840717_2_0_0&sr_pri_blocks=1206211601_392840717_2_0_0__144214&from=searchresults
Bcn Friendly Parlament,"Eixample, Barcelona",https://www.booking.com/hotel/es/juan-maria-calaf.html?label=gen173nr-1BCAEoggI46AdSAnVzWARoRogBAZgBMbgBGcgBD9gBAegBAYgCAagCA7gCmuTXvAbAAgHSAiQ3NGM3OTk4Ni0yY2UyLTQ1NGYtOGQwZS1lZTU4ZTdhMDAwZTHYAgXgAgE&sid=735f077cb553f5b5fb1805efac5f4fa0&aid=304142&ucfs=1&arphpl=1&checkin=2025-04-01&checkout=2025-04-08&dest_id=-372490&dest_type=city&group_adults=2&req_adults=2&no_rooms=1&group_children=0&req_children=0&hpos=17&hapos=787&sr_order=popularity&srpvid=52a43c0f4b5000e9&srepoch=1737880438&all_sr_blocks=73519101_365584993_2_0_0&highlighted_blocks=73519101_365584993_2_0_0&matching_block_id=73519101_365584993_2_0_0&sr_pri_blocks=73519101_365584993_2_0_0__131332&from=searchresults
BYPILLOW House,"Horta-Guinardó, Barcelona",https://www.booking.com/hotel/es/voluto.html?label=gen173nr-1BCAEoggI46AdSAnVzWARoRogBAZgBMbgBGcgBD9gBAegBAYgCAagCA7gCmuTXvAbAAgHSAiQ3NGM3OTk4Ni0yY2UyLTQ1NGYtOGQwZS1lZTU4ZTdhMDAwZTHYAgXgAgE&sid=735f077cb553f5b5fb1805efac5f4fa0&aid=304142&ucfs=1&arphpl=1&checkin=2025-04-01&checkout=2025-04-08&dest_id=-372490&dest_type=city&group_adults=2&req_adults=2&no_rooms=1&group_children=0&req_children=0&hpos=18&hapos=788&sr_order=popularity&srpvid=52a43c0f4b5000e9&srepoch=1737880438&all_sr_blocks=55122401_88210100_0_0_0&highlighted_blocks=55122401_88210100_0_0_0&matching_block_id=55122401_88210100_0_0_0&sr_pri_blocks=55122401_88210100_0_0_0__111058&from_sustainable_property_sr=1&from=searchresults
Hotel Sagrada Familia Apartments,"Eixample, Barcelona",https://www.booking.com/hotel/es/sagrada-familia-apartments-barcelona7.html?label=gen173nr-1BCAEoggI46AdSAnVzWARoRogBAZgBMbgBGcgBD9gBAegBAYgCAagCA7gCmuTXvAbAAgHSAiQ3NGM3OTk4Ni0yY2UyLTQ1NGYtOGQwZS1lZTU4ZTdhMDAwZTHYAgXgAgE&sid=735f077cb553f5b5fb1805efac5f4fa0&aid=304142&ucfs=1&arphpl=1&checkin=2025-04-01&checkout=2025-04-08&dest_id=-372490&dest_type=city&group_adults=2&req_adults=2&no_rooms=1&group_children=0&req_children=0&hpos=19&hapos=789&sr_order=popularity&srpvid=52a43c0f4b5000e9&srepoch=1737880438&all_sr_blocks=176747601_90842189_4_0_0&highlighted_blocks=176747601_90842189_4_0_0&matching_block_id=176747601_90842189_4_0_0&sr_pri_blocks=176747601_90842189_4_0_0__187132&from=searchresults
"Ferienwohnung für 4 Personen ca 75 qm in Barcelona-Eixample, Costa Brava Costa del Maresme - b62763","Eixample, Barcelona",https://www.booking.com/hotel/es/ferienwohnung-fur-4-personen-ca-75-qm-in-barcelona-eixample-costa-brava-costa-de.html?label=gen173nr-1BCAEoggI46AdSAnVzWARoRogBAZgBMbgBGcgBD9gBAegBAYgCAagCA7gCmuTXvAbAAgHSAiQ3NGM3OTk4Ni0yY2UyLTQ1NGYtOGQwZS1lZTU4ZTdhMDAwZTHYAgXgAgE&sid=735f077cb553f5b5fb1805efac5f4fa0&aid=304142&ucfs=1&arphpl=1&checkin=2025-04-01&checkout=2025-04-08&dest_id=-372490&dest_type=city&group_adults=2&req_adults=2&no_rooms=1&group_children=0&req_children=0&hpos=20&hapos=790&sr_order=popularity&srpvid=52a43c0f4b5000e9&srepoch=1737880438&all_sr_blocks=1184009702_406977633_4_0_0&highlighted_blocks=1184009702_406977633_4_0_0&matching_block_id=1184009702_406977633_4_0_0&sr_pri_blocks=1184009702_406977633_4_0_0__183603&from=searchresults
Winahost Barcelona Provenza,"Eixample, Barcelona",https://www.booking.com/hotel/es/winahost-barcelona-provenza.html?label=gen173nr-1BCAEoggI46AdSAnVzWARoRogBAZgBMbgBGcgBD9gBAegBAYgCAagCA7gCmuTXvAbAAgHSAiQ3NGM3OTk4Ni0yY2UyLTQ1NGYtOGQwZS1lZTU4ZTdhMDAwZTHYAgXgAgE&sid=735f077cb553f5b5fb1805efac5f4fa0&aid=304142&ucfs=1&arphpl=1&checkin=2025-04-01&checkout=2025-04-08&dest_id=-372490&dest_type=city&group_adults=2&req_adults=2&no_rooms=1&group_children=0&req_children=0&hpos=21&hapos=791&sr_order=popularity&srpvid=52a43c0f4b5000e9&srepoch=1737880438&all_sr_blocks=1311953601_403974217_3_0_0&highlighted_blocks=1311953601_403974217_3_0_0&matching_block_id=1311953601_403974217_3_0_0&sr_pri_blocks=1311953601_403974217_3_0_0__127990&from=searchresults
BizFlats Garden House,"Eixample, Barcelona",https://www.booking.com/hotel/es/bizfats-garden-house.html?label=gen173nr-1BCAEoggI46AdSAnVzWARoRogBAZgBMbgBGcgBD9gBAegBAYgCAagCA7gCmuTXvAbAAgHSAiQ3NGM3OTk4Ni0yY2UyLTQ1NGYtOGQwZS1lZTU4ZTdhMDAwZTHYAgXgAgE&sid=735f077cb553f5b5fb1805efac5f4fa0&aid=304142&ucfs=1&arphpl=1&checkin=2025-04-01&checkout=2025-04-08&dest_id=-372490&dest_type=city&group_adults=2&req_adults=2&no_rooms=1&group_children=0&req_children=0&hpos=22&hapos=792&sr_order=popularity&srpvid=52a43c0f4b5000e9&srepoch=1737880438&all_sr_blocks=90457502_333358593_2_0_0&highlighted_blocks=90457502_333358593_2_0_0&matching_block_id=90457502_333358593_2_0_0&sr_pri_blocks=90457502_333358593_2_0_0__172918&from=searchresults
NH Collection Barcelona Gran Hotel Calderon,"Eixample, Barcelona",https://www.booking.com/hotel/es/nhcalderon.html?label=gen173nr-1BCAEoggI46AdSAnVzWARoRogBAZgBMbgBGcgBD9gBAegBAYgCAagCA7gCmuTXvAbAAgHSAiQ3NGM3OTk4Ni0yY2UyLTQ1NGYtOGQwZS1lZTU4ZTdhMDAwZTHYAgXgAgE&sid=735f077cb553f5b5fb1805efac5f4fa0&aid=304142&ucfs=1&arphpl=1&checkin=2025-04-01&checkout=2025-04-08&dest_id=-372490&dest_type=city&group_adults=2&req_adults=2&no_rooms=1&group_children=0&req_children=0&hpos=23&hapos=793&sr_order=popularity&srpvid=52a43c0f4b5000e9&srepoch=1737880438&all_sr_blocks=9035940_93708810_0_2_0&highlighted_blocks=9035940_93708810_0_2_0&matching_block_id=9035940_93708810_0_2_0&sr_pri_blocks=9035940_93708810_0_2_0__331651&from_sustainable_property_sr=1&from=searchresults
Central and Spacious Family Apartment,"Eixample, Barcelona",https://www.booking.com/hotel/es/friendly-rentals-gran-via-style.html?label=gen173nr-1BCAEoggI46AdSAnVzWARoRogBAZgBMbgBGcgBD9gBAegBAYgCAagCA7gCmuTXvAbAAgHSAiQ3NGM3OTk4Ni0yY2UyLTQ1NGYtOGQwZS1lZTU4ZTdhMDAwZTHYAgXgAgE&sid=735f077cb553f5b5fb1805efac5f4fa0&aid=304142&ucfs=1&arphpl=1&checkin=2025-04-01&checkout=2025-04-08&dest_id=-372490&dest_type=city&group_adults=2&req_adults=2&no_rooms=1&group_children=0&req_children=0&hpos=24&hapos=794&sr_order=popularity&srpvid=52a43c0f4b5000e9&srepoch=1737880438&all_sr_blocks=275721901_231145931_0_0_0&highlighted_blocks=275721901_231145931_0_0_0&matching_block_id=275721901_231145931_0_0_0&sr_pri_blocks=275721901_231145931_0_0_0__198127&from=searchresults
Numa I Seda Apartments,"Ciutat Vella, Barcelona",https://www.booking.com/hotel/es/friendly-rentals-hopper.html?label=gen173nr-1BCAEoggI46AdSAnVzWARoRogBAZgBMbgBGcgBD9gBAegBAYgCAagCA7gCmuTXvAbAAgHSAiQ3NGM3OTk4Ni0yY2UyLTQ1NGYtOGQwZS1lZTU4ZTdhMDAwZTHYAgXgAgE&sid=735f077cb553f5b5fb1805efac5f4fa0&aid=304142&ucfs=1&arphpl=1&checkin=2025-04-01&checkout=2025-04-08&dest_id=-372490&dest_type=city&group_adults=2&req_adults=2&no_rooms=1&group_children=0&req_children=0&hpos=25&hapos=795&sr_order=popularity&srpvid=52a43c0f4b5000e9&srepoch=1737880438&all_sr_blocks=54649101_356261845_2_2_0&highlighted_blocks=54649101_356261845_2_2_0&matching_block_id=54649101_356261845_2_2_0&sr_pri_blocks=54649101_356261845_2_2_0__160600&from=searchresults
Verdi 254,"Gràcia, Barcelona",https://www.booking.com/hotel/es/verdi-254.html?label=gen173nr-1BCAEoggI46AdSAnVzWARoRogBAZgBMbgBGcgBD9gBAegBAYgCAagCA7gCmuTXvAbAAgHSAiQ3NGM3OTk4Ni0yY2UyLTQ1NGYtOGQwZS1lZTU4ZTdhMDAwZTHYAgXgAgE&sid=735f077cb553f5b5fb1805efac5f4fa0&aid=304142&ucfs=1&arphpl=1&checkin=2025-04-01&checkout=2025-04-08&dest_id=-372490&dest_type=city&group_adults=2&req_adults=2&no_rooms=1&group_children=0&req_children=0&hpos=1&hapos=796&sr_order=popularity&srpvid=52a43c0f4b5000e9&srepoch=1737880442&all_sr_blocks=1169728501_389538321_2_1_0&highlighted_blocks=1169728501_389538321_2_1_0&matching_block_id=1169728501_389538321_2_1_0&sr_pri_blocks=1169728501_389538321_2_1_0__102790&from=searchresults
Suites Avenue,"Eixample, Barcelona",https://www.booking.com/hotel/es/suites-avenue.html?label=gen173nr-1BCAEoggI46AdSAnVzWARoRogBAZgBMbgBGcgBD9gBAegBAYgCAagCA7gCmuTXvAbAAgHSAiQ3NGM3OTk4Ni0yY2UyLTQ1NGYtOGQwZS1lZTU4ZTdhMDAwZTHYAgXgAgE&sid=735f077cb553f5b5fb1805efac5f4fa0&aid=304142&ucfs=1&arphpl=1&checkin=2025-04-01&checkout=2025-04-08&dest_id=-372490&dest_type=city&group_adults=2&req_adults=2&no_rooms=1&group_children=0&req_children=0&hpos=2&hapos=797&sr_order=popularity&srpvid=52a43c0f4b5000e9&srepoch=1737880442&all_sr_blocks=2396701_95147845_0_0_0&highlighted_blocks=2396701_95147845_0_0_0&matching_block_id=2396701_95147845_0_0_0&sr_pri_blocks=2396701_95147845_0_0_0__229232&from=searchresults
Click&Flat Rizal,"Gràcia, Barcelona",https://www.booking.com/hotel/es/click-amp-flat-rizal.html?label=gen173nr-1BCAEoggI46AdSAnVzWARoRogBAZgBMbgBGcgBD9gBAegBAYgCAagCA7gCmuTXvAbAAgHSAiQ3NGM3OTk4Ni0yY2UyLTQ1NGYtOGQwZS1lZTU4ZTdhMDAwZTHYAgXgAgE&sid=735f077cb553f5b5fb1805efac5f4fa0&aid=304142&ucfs=1&arphpl=1&checkin=2025-04-01&checkout=2025-04-08&dest_id=-372490&dest_type=city&group_adults=2&req_adults=2&no_rooms=1&group_children=0&req_children=0&hpos=3&hapos=798&sr_order=popularity&srpvid=52a43c0f4b5000e9&srepoch=1737880442&all_sr_blocks=928433201_364804156_2_0_0&highlighted_blocks=928433201_364804156_2_0_0&matching_block_id=928433201_364804156_2_0_0&sr_pri_blocks=928433201_364804156_2_0_0__173925&from=searchresults
"Claris Hotel & Spa GL, a Small Luxury Hotel of the World","Eixample, Barcelona",https://www.booking.com/hotel/es/clarisderby.html?label=gen173nr-1BCAEoggI46AdSAnVzWARoRogBAZgBMbgBGcgBD9gBAegBAYgCAagCA7gCmuTXvAbAAgHSAiQ3NGM3OTk4Ni0yY2UyLTQ1NGYtOGQwZS1lZTU4ZTdhMDAwZTHYAgXgAgE&sid=735f077cb553f5b5fb1805efac5f4fa0&aid=304142&ucfs=1&arphpl=1&checkin=2025-04-01&checkout=2025-04-08&dest_id=-372490&dest_type=city&group_adults=2&req_adults=2&no_rooms=1&group_children=0&req_children=0&hpos=4&hapos=799&sr_order=popularity&srpvid=52a43c0f4b5000e9&srepoch=1737880442&all_sr_blocks=9003701_88181312_0_2_0&highlighted_blocks=9003701_88181312_0_2_0&matching_block_id=9003701_88181312_0_2_0&sr_pri_blocks=9003701_88181312_0_2_0__236550&from_sustainable_property_sr=1&from=searchresults
MH Apartments Ramblas,"Ciutat Vella, Barcelona",https://www.booking.com/hotel/es/mh-apartments-guell.html?label=gen173nr-1BCAEoggI46AdSAnVzWARoRogBAZgBMbgBGcgBD9gBAegBAYgCAagCA7gCmuTXvAbAAgHSAiQ3NGM3OTk4Ni0yY2UyLTQ1NGYtOGQwZS1lZTU4ZTdhMDAwZTHYAgXgAgE&sid=735f077cb553f5b5fb1805efac5f4fa0&aid=304142&ucfs=1&arphpl=1&checkin=2025-04-01&checkout=2025-04-08&dest_id=-372490&dest_type=city&group_adults=2&req_adults=2&no_rooms=1&group_children=0&req_children=0&hpos=5&hapos=800&sr_order=popularity&srpvid=52a43c0f4b5000e9&srepoch=1737880442&all_sr_blocks=41702706_403038611_2_0_0_161271&highlighted_blocks=41702706_403038611_2_0_0_161271&matching_block_id=41702706_403038611_2_0_0_161271&sr_pri_blocks=41702706_403038611_2_0_0_161271_201932&from=searchresults
Estudio con balcon Plaza España,"Sants-Montjuïc, Barcelona",https://www.booking.com/hotel/es/loft-plaza-espana.html?label=gen173nr-1BCAEoggI46AdSAnVzWARoRogBAZgBMbgBGcgBD9gBAegBAYgCAagCA7gCmuTXvAbAAgHSAiQ3NGM3OTk4Ni0yY2UyLTQ1NGYtOGQwZS1lZTU4ZTdhMDAwZTHYAgXgAgE&sid=735f077cb553f5b5fb1805efac5f4fa0&aid=304142&ucfs=1&arphpl=1&checkin=2025-04-01&checkout=2025-04-08&dest_id=-372490&dest_type=city&group_adults=2&req_adults=2&no_rooms=1&group_children=0&req_children=0&hpos=6&hapos=801&sr_order=popularity&srpvid=52a43c0f4b5000e9&srepoch=1737880442&all_sr_blocks=356346101_403131018_2_0_0&highlighted_blocks=356346101_403131018_2_0_0&matching_block_id=356346101_403131018_2_0_0&sr_pri_blocks=356346101_403131018_2_0_0__102220&from=searchresults
En Casa de Girona 17,"Eixample, Barcelona",https://www.booking.com/hotel/es/sealona-center-apartments.html?label=gen173nr-1BCAEoggI46AdSAnVzWARoRogBAZgBMbgBGcgBD9gBAegBAYgCAagCA7gCmuTXvAbAAgHSAiQ3NGM3OTk4Ni0yY2UyLTQ1NGYtOGQwZS1lZTU4ZTdhMDAwZTHYAgXgAgE&sid=735f077cb553f5b5fb1805efac5f4fa0&aid=304142&ucfs=1&arphpl=1&checkin=2025-04-01&checkout=2025-04-08&dest_id=-372490&dest_type=city&group_adults=2&req_adults=2&no_rooms=1&group_children=0&req_children=0&hpos=7&hapos=802&sr_order=popularity&srpvid=52a43c0f4b5000e9&srepoch=1737880442&all_sr_blocks=168278401_405223105_4_0_0&highlighted_blocks=168278401_405223105_4_0_0&matching_block_id=168278401_405223105_4_0_0&sr_pri_blocks=168278401_405223105_4_0_0__202870&from=searchresults
BBarcelona Sagrada Familia Terrace Flat,"Eixample, Barcelona",https://www.booking.com/hotel/es/bbarcelona-apartments-sagrada-familia-terrace-flats.html?label=gen173nr-1BCAEoggI46AdSAnVzWARoRogBAZgBMbgBGcgBD9gBAegBAYgCAagCA7gCmuTXvAbAAgHSAiQ3NGM3OTk4Ni0yY2UyLTQ1NGYtOGQwZS1lZTU4ZTdhMDAwZTHYAgXgAgE&sid=735f077cb553f5b5fb1805efac5f4fa0&aid=304142&ucfs=1&arphpl=1&checkin=2025-04-01&checkout=2025-04-08&dest_id=-372490&dest_type=city&group_adults=2&req_adults=2&no_rooms=1&group_children=0&req_children=0&hpos=8&hapos=803&sr_order=popularity&srpvid=52a43c0f4b5000e9&srepoch=1737880442&all_sr_blocks=106925001_88436410_2_0_0_303477&highlighted_blocks=106925001_88436410_2_0_0_303477&matching_block_id=106925001_88436410_2_0_0_303477&sr_pri_blocks=106925001_88436410_2_0_0_303477_156454&from=searchresults
Housalia Paseo de Gracia,"Eixample, Barcelona",https://www.booking.com/hotel/es/lodging-apartments-paseo-de-gracia.html?label=gen173nr-1BCAEoggI46AdSAnVzWARoRogBAZgBMbgBGcgBD9gBAegBAYgCAagCA7gCmuTXvAbAAgHSAiQ3NGM3OTk4Ni0yY2UyLTQ1NGYtOGQwZS1lZTU4ZTdhMDAwZTHYAgXgAgE&sid=735f077cb553f5b5fb1805efac5f4fa0&aid=304142&ucfs=1&arphpl=1&checkin=2025-04-01&checkout=2025-04-08&dest_id=-372490&dest_type=city&group_adults=2&req_adults=2&no_rooms=1&group_children=0&req_children=0&hpos=9&hapos=804&sr_order=popularity&srpvid=52a43c0f4b5000e9&srepoch=1737880442&all_sr_blocks=1073015302_379851547_4_0_0&highlighted_blocks=1073015302_379851547_4_0_0&matching_block_id=1073015302_379851547_4_0_0&sr_pri_blocks=1073015302_379851547_4_0_0__176742&from=searchresults
Weflating City Center,"Eixample, Barcelona",https://www.booking.com/hotel/es/weflating-city-center.html?label=gen173nr-1BCAEoggI46AdSAnVzWARoRogBAZgBMbgBGcgBD9gBAegBAYgCAagCA7gCmuTXvAbAAgHSAiQ3NGM3OTk4Ni0yY2UyLTQ1NGYtOGQwZS1lZTU4ZTdhMDAwZTHYAgXgAgE&sid=735f077cb553f5b5fb1805efac5f4fa0&aid=304142&ucfs=1&arphpl=1&checkin=2025-04-01&checkout=2025-04-08&dest_id=-372490&dest_type=city&group_adults=2&req_adults=2&no_rooms=1&group_children=0&req_children=0&hpos=10&hapos=805&sr_order=popularity&srpvid=52a43c0f4b5000e9&srepoch=1737880442&all_sr_blocks=38423210_89015269_2_0_0&highlighted_blocks=38423210_89015269_2_0_0&matching_block_id=38423210_89015269_2_0_0&sr_pri_blocks=38423210_89015269_2_0_0__210431&from=searchresults
RentBCN Rambla Catalunya Apartment,"Eixample, Barcelona",https://www.booking.com/hotel/es/sh-barcelona-barcelona.html?label=gen173nr-1BCAEoggI46AdSAnVzWARoRogBAZgBMbgBGcgBD9gBAegBAYgCAagCA7gCmuTXvAbAAgHSAiQ3NGM3OTk4Ni0yY2UyLTQ1NGYtOGQwZS1lZTU4ZTdhMDAwZTHYAgXgAgE&sid=735f077cb553f5b5fb1805efac5f4fa0&aid=304142&ucfs=1&arphpl=1&checkin=2025-04-01&checkout=2025-04-08&dest_id=-372490&dest_type=city&group_adults=2&req_adults=2&no_rooms=1&group_children=0&req_children=0&hpos=11&hapos=806&sr_order=popularity&srpvid=52a43c0f4b5000e9&srepoch=1737880442&all_sr_blocks=132339101_114476605_4_0_0&highlighted_blocks=132339101_114476605_4_0_0&matching_block_id=132339101_114476605_4_0_0&sr_pri_blocks=132339101_114476605_4_0_0__180858&from=searchresults
Blau Atic Apartment,"Ciutat Vella, Barcelona",https://www.booking.com/hotel/es/blau-atic-apartment.html?label=gen173nr-1BCAEoggI46AdSAnVzWARoRogBAZgBMbgBGcgBD9gBAegBAYgCAagCA7gCmuTXvAbAAgHSAiQ3NGM3OTk4Ni0yY2UyLTQ1NGYtOGQwZS1lZTU4ZTdhMDAwZTHYAgXgAgE&sid=735f077cb553f5b5fb1805efac5f4fa0&aid=304142&ucfs=1&arphpl=1&checkin=2025-04-01&checkout=2025-04-08&dest_id=-372490&dest_type=city&group_adults=2&req_adults=2&no_rooms=1&group_children=0&req_children=0&hpos=12&hapos=807&sr_order=popularity&srpvid=52a43c0f4b5000e9&srepoch=1737880442&all_sr_blocks=738807801_352851184_5_0_0&highlighted_blocks=738807801_352851184_5_0_0&matching_block_id=738807801_352851184_5_0_0&sr_pri_blocks=738807801_352851184_5_0_0__302632&from=searchresults
Hostal Girona,"Eixample, Barcelona",https://www.booking.com/hotel/es/hostal-girona.html?label=gen173nr-1BCAEoggI46AdSAnVzWARoRogBAZgBMbgBGcgBD9gBAegBAYgCAagCA7gCmuTXvAbAAgHSAiQ3NGM3OTk4Ni0yY2UyLTQ1NGYtOGQwZS1lZTU4ZTdhMDAwZTHYAgXgAgE&sid=735f077cb553f5b5fb1805efac5f4fa0&aid=304142&ucfs=1&arphpl=1&checkin=2025-04-01&checkout=2025-04-08&dest_id=-372490&dest_type=city&group_adults=2&req_adults=2&no_rooms=1&group_children=0&req_children=0&hpos=13&hapos=808&sr_order=popularity&srpvid=52a43c0f4b5000e9&srepoch=1737880442&all_sr_blocks=17554507_88494609_0_2_0&highlighted_blocks=17554507_88494609_0_2_0&matching_block_id=17554507_88494609_0_2_0&sr_pri_blocks=17554507_88494609_0_2_0__214480&from=searchresults
Pensión Casa Blanca,"Ciutat Vella, Barcelona",https://www.booking.com/hotel/es/pension-casa-blanca.html?label=gen173nr-1BCAEoggI46AdSAnVzWARoRogBAZgBMbgBGcgBD9gBAegBAYgCAagCA7gCmuTXvAbAAgHSAiQ3NGM3OTk4Ni0yY2UyLTQ1NGYtOGQwZS1lZTU4ZTdhMDAwZTHYAgXgAgE&sid=735f077cb553f5b5fb1805efac5f4fa0&aid=304142&ucfs=1&arphpl=1&checkin=2025-04-01&checkout=2025-04-08&dest_id=-372490&dest_type=city&group_adults=2&req_adults=2&no_rooms=1&group_children=0&req_children=0&hpos=14&hapos=809&sr_order=popularity&srpvid=52a43c0f4b5000e9&srepoch=1737880442&all_sr_blocks=41996306_88500034_0_0_0&highlighted_blocks=41996306_88500034_0_0_0&matching_block_id=41996306_88500034_0_0_0&sr_pri_blocks=41996306_88500034_0_0_0__112700&from=searchresults
Sweett - Sants,"Sants-Montjuïc, Barcelona",https://www.booking.com/hotel/es/apartments-de-sants.html?label=gen173nr-1BCAEoggI46AdSAnVzWARoRogBAZgBMbgBGcgBD9gBAegBAYgCAagCA7gCmuTXvAbAAgHSAiQ3NGM3OTk4Ni0yY2UyLTQ1NGYtOGQwZS1lZTU4ZTdhMDAwZTHYAgXgAgE&sid=735f077cb553f5b5fb1805efac5f4fa0&aid=304142&ucfs=1&arphpl=1&checkin=2025-04-01&checkout=2025-04-08&dest_id=-372490&dest_type=city&group_adults=2&req_adults=2&no_rooms=1&group_children=0&req_children=0&hpos=15&hapos=810&sr_order=popularity&srpvid=52a43c0f4b5000e9&srepoch=1737880442&all_sr_blocks=161796301_89062017_4_0_0&highlighted_blocks=161796301_89062017_4_0_0&matching_block_id=161796301_89062017_4_0_0&sr_pri_blocks=161796301_89062017_4_0_0__193951&from=searchresults
Sonder La Casa del Sol,"Gràcia, Barcelona",https://www.booking.com/hotel/es/la-casa-del-sol-barcelona.html?label=gen173nr-1BCAEoggI46AdSAnVzWARoRogBAZgBMbgBGcgBD9gBAegBAYgCAagCA7gCmuTXvAbAAgHSAiQ3NGM3OTk4Ni0yY2UyLTQ1NGYtOGQwZS1lZTU4ZTdhMDAwZTHYAgXgAgE&sid=735f077cb553f5b5fb1805efac5f4fa0&aid=304142&ucfs=1&arphpl=1&checkin=2025-04-01&checkout=2025-04-08&dest_id=-372490&dest_type=city&group_adults=2&req_adults=2&no_rooms=1&group_children=0&req_children=0&hpos=16&hapos=811&sr_order=popularity&srpvid=52a43c0f4b5000e9&srepoch=1737880442&all_sr_blocks=197326615_305339589_2_2_0&highlighted_blocks=197326615_305339589_2_2_0&matching_block_id=197326615_305339589_2_2_0&sr_pri_blocks=197326615_305339589_2_2_0__142319&from=searchresults
Bed&BCN Enamorats,"Sant Martí, Barcelona",https://www.booking.com/hotel/es/bed-amp-bcn-enamorats.html?label=gen173nr-1BCAEoggI46AdSAnVzWARoRogBAZgBMbgBGcgBD9gBAegBAYgCAagCA7gCmuTXvAbAAgHSAiQ3NGM3OTk4Ni0yY2UyLTQ1NGYtOGQwZS1lZTU4ZTdhMDAwZTHYAgXgAgE&sid=735f077cb553f5b5fb1805efac5f4fa0&aid=304142&ucfs=1&arphpl=1&checkin=2025-04-01&checkout=2025-04-08&dest_id=-372490&dest_type=city&group_adults=2&req_adults=2&no_rooms=1&group_children=0&req_children=0&hpos=17&hapos=812&sr_order=popularity&srpvid=52a43c0f4b5000e9&srepoch=1737880442&all_sr_blocks=1028102101_375551742_2_0_0&highlighted_blocks=1028102101_375551742_2_0_0&matching_block_id=1028102101_375551742_2_0_0&sr_pri_blocks=1028102101_375551742_2_0_0__115360&from=searchresults
ENRIQUE GRANADOS,"Eixample, Barcelona",https://www.booking.com/hotel/es/enrique-granados.html?label=gen173nr-1BCAEoggI46AdSAnVzWARoRogBAZgBMbgBGcgBD9gBAegBAYgCAagCA7gCmuTXvAbAAgHSAiQ3NGM3OTk4Ni0yY2UyLTQ1NGYtOGQwZS1lZTU4ZTdhMDAwZTHYAgXgAgE&sid=735f077cb553f5b5fb1805efac5f4fa0&aid=304142&ucfs=1&arphpl=1&checkin=2025-04-01&checkout=2025-04-08&dest_id=-372490&dest_type=city&group_adults=2&req_adults=2&no_rooms=1&group_children=0&req_children=0&hpos=18&hapos=813&sr_order=popularity&srpvid=52a43c0f4b5000e9&srepoch=1737880442&all_sr_blocks=466103001_230193985_2_0_0&highlighted_blocks=466103001_230193985_2_0_0&matching_block_id=466103001_230193985_2_0_0&sr_pri_blocks=466103001_230193985_2_0_0__153249&from=searchresults
Brummell Apartments Montjuic,"Sants-Montjuïc, Barcelona",https://www.booking.com/hotel/es/brummell-apartments-montjuic.html?label=gen173nr-1BCAEoggI46AdSAnVzWARoRogBAZgBMbgBGcgBD9gBAegBAYgCAagCA7gCmuTXvAbAAgHSAiQ3NGM3OTk4Ni0yY2UyLTQ1NGYtOGQwZS1lZTU4ZTdhMDAwZTHYAgXgAgE&sid=735f077cb553f5b5fb1805efac5f4fa0&aid=304142&ucfs=1&arphpl=1&checkin=2025-04-01&checkout=2025-04-08&dest_id=-372490&dest_type=city&group_adults=2&req_adults=2&no_rooms=1&group_children=0&req_children=0&hpos=19&hapos=814&sr_order=popularity&srpvid=52a43c0f4b5000e9&srepoch=1737880442&all_sr_blocks=762172701_387054271_2_0_0&highlighted_blocks=762172701_387054271_2_0_0&matching_block_id=762172701_387054271_2_0_0&sr_pri_blocks=762172701_387054271_2_0_0__219832&from=searchresults
"ApartEasy - MONUMENT, large, cosy apartment","Eixample, Barcelona",https://www.booking.com/hotel/es/monument-large-cosy-apartment.html?label=gen173nr-1BCAEoggI46AdSAnVzWARoRogBAZgBMbgBGcgBD9gBAegBAYgCAagCA7gCmuTXvAbAAgHSAiQ3NGM3OTk4Ni0yY2UyLTQ1NGYtOGQwZS1lZTU4ZTdhMDAwZTHYAgXgAgE&sid=735f077cb553f5b5fb1805efac5f4fa0&aid=304142&ucfs=1&arphpl=1&checkin=2025-04-01&checkout=2025-04-08&dest_id=-372490&dest_type=city&group_adults=2&req_adults=2&no_rooms=1&group_children=0&req_children=0&hpos=20&hapos=815&sr_order=popularity&srpvid=52a43c0f4b5000e9&srepoch=1737880442&all_sr_blocks=1325940002_405212115_3_0_0&highlighted_blocks=1325940002_405212115_3_0_0&matching_block_id=1325940002_405212115_3_0_0&sr_pri_blocks=1325940002_405212115_3_0_0__144249&from=searchresults
Stay Together Barcelona Apartments,"Eixample, Barcelona",https://www.booking.com/hotel/es/ronda-de-sant-pau-1.html?label=gen173nr-1BCAEoggI46AdSAnVzWARoRogBAZgBMbgBGcgBD9gBAegBAYgCAagCA7gCmuTXvAbAAgHSAiQ3NGM3OTk4Ni0yY2UyLTQ1NGYtOGQwZS1lZTU4ZTdhMDAwZTHYAgXgAgE&sid=735f077cb553f5b5fb1805efac5f4fa0&aid=304142&ucfs=1&arphpl=1&checkin=2025-04-01&checkout=2025-04-08&dest_id=-372490&dest_type=city&group_adults=2&req_adults=2&no_rooms=1&group_children=0&req_children=0&hpos=21&hapos=816&sr_order=popularity&srpvid=52a43c0f4b5000e9&srepoch=1737880442&all_sr_blocks=42911303_91928293_3_0_0_497998&highlighted_blocks=42911303_91928293_3_0_0_497998&matching_block_id=42911303_91928293_3_0_0_497998&sr_pri_blocks=42911303_91928293_3_0_0_497998_212862&from_sustainable_property_sr=1&from=searchresults
2 bedroom Duplex apartment with balcony 4-3,"Eixample, Barcelona",https://www.booking.com/hotel/es/modern-and-bright-duplex-apartment-in-eixample-4-3.html?label=gen173nr-1BCAEoggI46AdSAnVzWARoRogBAZgBMbgBGcgBD9gBAegBAYgCAagCA7gCmuTXvAbAAgHSAiQ3NGM3OTk4Ni0yY2UyLTQ1NGYtOGQwZS1lZTU4ZTdhMDAwZTHYAgXgAgE&sid=735f077cb553f5b5fb1805efac5f4fa0&aid=304142&ucfs=1&arphpl=1&checkin=2025-04-01&checkout=2025-04-08&dest_id=-372490&dest_type=city&group_adults=2&req_adults=2&no_rooms=1&group_children=0&req_children=0&hpos=22&hapos=817&sr_order=popularity&srpvid=52a43c0f4b5000e9&srepoch=1737880442&all_sr_blocks=873675402_399861671_4_0_0&highlighted_blocks=873675402_399861671_4_0_0&matching_block_id=873675402_399861671_4_0_0&sr_pri_blocks=873675402_399861671_4_0_0__162500&from=searchresults
Green House Hotel,"Eixample, Barcelona",https://www.booking.com/hotel/es/barcelona-go.html?label=gen173nr-1BCAEoggI46AdSAnVzWARoRogBAZgBMbgBGcgBD9gBAegBAYgCAagCA7gCmuTXvAbAAgHSAiQ3NGM3OTk4Ni0yY2UyLTQ1NGYtOGQwZS1lZTU4ZTdhMDAwZTHYAgXgAgE&sid=735f077cb553f5b5fb1805efac5f4fa0&aid=304142&ucfs=1&arphpl=1&checkin=2025-04-01&checkout=2025-04-08&dest_id=-372490&dest_type=city&group_adults=2&req_adults=2&no_rooms=1&group_children=0&req_children=0&hpos=23&hapos=818&sr_order=popularity&srpvid=52a43c0f4b5000e9&srepoch=1737880442&all_sr_blocks=39623615_88209053_2_0_0&highlighted_blocks=39623615_88209053_2_0_0&matching_block_id=39623615_88209053_2_0_0&sr_pri_blocks=39623615_88209053_2_0_0__140810&from=searchresults
Vale Beach,"Sant Martí, Barcelona",https://www.booking.com/hotel/es/vale-beach.html?label=gen173nr-1BCAEoggI46AdSAnVzWARoRogBAZgBMbgBGcgBD9gBAegBAYgCAagCA7gCmuTXvAbAAgHSAiQ3NGM3OTk4Ni0yY2UyLTQ1NGYtOGQwZS1lZTU4ZTdhMDAwZTHYAgXgAgE&sid=735f077cb553f5b5fb1805efac5f4fa0&aid=304142&ucfs=1&arphpl=1&checkin=2025-04-01&checkout=2025-04-08&dest_id=-372490&dest_type=city&group_adults=2&req_adults=2&no_rooms=1&group_children=0&req_children=0&hpos=1&hapos=819&sr_order=popularity&srpvid=52a43c0f4b5000e9&srepoch=1737880446&all_sr_blocks=975449201_385956202_2_0_0&highlighted_blocks=975449201_385956202_2_0_0&matching_block_id=975449201_385956202_2_0_0&sr_pri_blocks=975449201_385956202_2_0_0__192332&from=searchresults
Parc Güell,"Gràcia, Barcelona",https://www.booking.com/hotel/es/parc-guell-2-1.html?label=gen173nr-1BCAEoggI46AdSAnVzWARoRogBAZgBMbgBGcgBD9gBAegBAYgCAagCA7gCmuTXvAbAAgHSAiQ3NGM3OTk4Ni0yY2UyLTQ1NGYtOGQwZS1lZTU4ZTdhMDAwZTHYAgXgAgE&sid=735f077cb553f5b5fb1805efac5f4fa0&aid=304142&ucfs=1&arphpl=1&checkin=2025-04-01&checkout=2025-04-08&dest_id=-372490&dest_type=city&group_adults=2&req_adults=2&no_rooms=1&group_children=0&req_children=0&hpos=2&hapos=820&sr_order=popularity&srpvid=52a43c0f4b5000e9&srepoch=1737880446&all_sr_blocks=962097502_391493179_2_0_0_476182&highlighted_blocks=962097502_391493179_2_0_0_476182&matching_block_id=962097502_391493179_2_0_0_476182&sr_pri_blocks=962097502_391493179_2_0_0_476182_121432&from=searchresults
Stay Unique Apartments Cent,"Eixample, Barcelona",https://www.booking.com/hotel/es/friendly-rentals-geneva.html?label=gen173nr-1BCAEoggI46AdSAnVzWARoRogBAZgBMbgBGcgBD9gBAegBAYgCAagCA7gCmuTXvAbAAgHSAiQ3NGM3OTk4Ni0yY2UyLTQ1NGYtOGQwZS1lZTU4ZTdhMDAwZTHYAgXgAgE&sid=735f077cb553f5b5fb1805efac5f4fa0&aid=304142&ucfs=1&arphpl=1&checkin=2025-04-01&checkout=2025-04-08&dest_id=-372490&dest_type=city&group_adults=2&req_adults=2&no_rooms=1&group_children=0&req_children=0&hpos=3&hapos=821&sr_order=popularity&srpvid=52a43c0f4b5000e9&srepoch=1737880446&all_sr_blocks=275718901_230654361_0_0_0&highlighted_blocks=275718901_230654361_0_0_0&matching_block_id=275718901_230654361_0_0_0&sr_pri_blocks=275718901_230654361_0_0_0__177881&from=searchresults
Apartments BCN Central-Atico Sants,"Sants-Montjuïc, Barcelona",https://www.booking.com/hotel/es/apartments-bcn-central-atico-sants.html?label=gen173nr-1BCAEoggI46AdSAnVzWARoRogBAZgBMbgBGcgBD9gBAegBAYgCAagCA7gCmuTXvAbAAgHSAiQ3NGM3OTk4Ni0yY2UyLTQ1NGYtOGQwZS1lZTU4ZTdhMDAwZTHYAgXgAgE&sid=735f077cb553f5b5fb1805efac5f4fa0&aid=304142&ucfs=1&arphpl=1&checkin=2025-04-01&checkout=2025-04-08&dest_id=-372490&dest_type=city&group_adults=2&req_adults=2&no_rooms=1&group_children=0&req_children=0&hpos=4&hapos=822&sr_order=popularity&srpvid=52a43c0f4b5000e9&srepoch=1737880446&all_sr_blocks=1319356501_404650396_3_0_0&highlighted_blocks=1319356501_404650396_3_0_0&matching_block_id=1319356501_404650396_3_0_0&sr_pri_blocks=1319356501_404650396_3_0_0__148202&from=searchresults
Sweett - Eixample,"Eixample, Barcelona",https://www.booking.com/hotel/es/sweet-inn-eixample.html?label=gen173nr-1BCAEoggI46AdSAnVzWARoRogBAZgBMbgBGcgBD9gBAegBAYgCAagCA7gCmuTXvAbAAgHSAiQ3NGM3OTk4Ni0yY2UyLTQ1NGYtOGQwZS1lZTU4ZTdhMDAwZTHYAgXgAgE&sid=735f077cb553f5b5fb1805efac5f4fa0&aid=304142&ucfs=1&arphpl=1&checkin=2025-04-01&checkout=2025-04-08&dest_id=-372490&dest_type=city&group_adults=2&req_adults=2&no_rooms=1&group_children=0&req_children=0&hpos=5&hapos=823&sr_order=popularity&srpvid=52a43c0f4b5000e9&srepoch=1737880446&all_sr_blocks=959012502_368466722_4_0_0&highlighted_blocks=959012502_368466722_4_0_0&matching_block_id=959012502_368466722_4_0_0&sr_pri_blocks=959012502_368466722_4_0_0__201964&from=searchresults
Sunny Rooftop Apartment,"Sant Martí, Barcelona",https://www.booking.com/hotel/es/sunny-rooftop-apartment.html?label=gen173nr-1BCAEoggI46AdSAnVzWARoRogBAZgBMbgBGcgBD9gBAegBAYgCAagCA7gCmuTXvAbAAgHSAiQ3NGM3OTk4Ni0yY2UyLTQ1NGYtOGQwZS1lZTU4ZTdhMDAwZTHYAgXgAgE&sid=735f077cb553f5b5fb1805efac5f4fa0&aid=304142&ucfs=1&arphpl=1&checkin=2025-04-01&checkout=2025-04-08&dest_id=-372490&dest_type=city&group_adults=2&req_adults=2&no_rooms=1&group_children=0&req_children=0&hpos=6&hapos=824&sr_order=popularity&srpvid=52a43c0f4b5000e9&srepoch=1737880446&all_sr_blocks=1041446802_376579171_0_0_0&highlighted_blocks=1041446802_376579171_0_0_0&matching_block_id=1041446802_376579171_0_0_0&sr_pri_blocks=1041446802_376579171_0_0_0__137703&from=searchresults
Sweett - Sepulveda,"Eixample, Barcelona",https://www.booking.com/hotel/es/sweet-inn-apartments-sepulveda.html?label=gen173nr-1BCAEoggI46AdSAnVzWARoRogBAZgBMbgBGcgBD9gBAegBAYgCAagCA7gCmuTXvAbAAgHSAiQ3NGM3OTk4Ni0yY2UyLTQ1NGYtOGQwZS1lZTU4ZTdhMDAwZTHYAgXgAgE&sid=735f077cb553f5b5fb1805efac5f4fa0&aid=304142&ucfs=1&arphpl=1&checkin=2025-04-01&checkout=2025-04-08&dest_id=-372490&dest_type=city&group_adults=2&req_adults=2&no_rooms=1&group_children=0&req_children=0&hpos=7&hapos=825&sr_order=popularity&srpvid=52a43c0f4b5000e9&srepoch=1737880446&all_sr_blocks=611354704_239380055_2_0_0&highlighted_blocks=611354704_239380055_2_0_0&matching_block_id=611354704_239380055_2_0_0&sr_pri_blocks=611354704_239380055_2_0_0__183010&from=searchresults
Habitación Santa Anna,"Ciutat Vella, Barcelona",https://www.booking.com/hotel/es/habitacion-privada-y-tranquila.html?label=gen173nr-1BCAEoggI46AdSAnVzWARoRogBAZgBMbgBGcgBD9gBAegBAYgCAagCA7gCmuTXvAbAAgHSAiQ3NGM3OTk4Ni0yY2UyLTQ1NGYtOGQwZS1lZTU4ZTdhMDAwZTHYAgXgAgE&sid=735f077cb553f5b5fb1805efac5f4fa0&aid=304142&ucfs=1&arphpl=1&checkin=2025-04-01&checkout=2025-04-08&dest_id=-372490&dest_type=city&group_adults=2&req_adults=2&no_rooms=1&group_children=0&req_children=0&hpos=8&hapos=826&sr_order=popularity&srpvid=52a43c0f4b5000e9&srepoch=1737880446&all_sr_blocks=1211009901_393270398_2_0_0&highlighted_blocks=1211009901_393270398_2_0_0&matching_block_id=1211009901_393270398_2_0_0&sr_pri_blocks=1211009901_393270398_2_0_0__121540&from=searchresults
Rambla de Mar Apartments,"Ciutat Vella, Barcelona",https://www.booking.com/hotel/es/apartamentos-rambla-de-mar.html?label=gen173nr-1BCAEoggI46AdSAnVzWARoRogBAZgBMbgBGcgBD9gBAegBAYgCAagCA7gCmuTXvAbAAgHSAiQ3NGM3OTk4Ni0yY2UyLTQ1NGYtOGQwZS1lZTU4ZTdhMDAwZTHYAgXgAgE&sid=735f077cb553f5b5fb1805efac5f4fa0&aid=304142&ucfs=1&arphpl=1&checkin=2025-04-01&checkout=2025-04-08&dest_id=-372490&dest_type=city&group_adults=2&req_adults=2&no_rooms=1&group_children=0&req_children=0&hpos=9&hapos=827&sr_order=popularity&srpvid=52a43c0f4b5000e9&srepoch=1737880446&all_sr_blocks=38217604_88754526_4_0_0&highlighted_blocks=38217604_88754526_4_0_0&matching_block_id=38217604_88754526_4_0_0&sr_pri_blocks=38217604_88754526_4_0_0__360002&from=searchresults
Chic Apartments Barcelona,"Eixample, Barcelona",https://www.booking.com/hotel/es/apartments-one-barcelona.html?label=gen173nr-1BCAEoggI46AdSAnVzWARoRogBAZgBMbgBGcgBD9gBAegBAYgCAagCA7gCmuTXvAbAAgHSAiQ3NGM3OTk4Ni0yY2UyLTQ1NGYtOGQwZS1lZTU4ZTdhMDAwZTHYAgXgAgE&sid=735f077cb553f5b5fb1805efac5f4fa0&aid=304142&ucfs=1&arphpl=1&checkin=2025-04-01&checkout=2025-04-08&dest_id=-372490&dest_type=city&group_adults=2&req_adults=2&no_rooms=1&group_children=0&req_children=0&hpos=10&hapos=828&sr_order=popularity&srpvid=52a43c0f4b5000e9&srepoch=1737880446&all_sr_blocks=504199508_172846763_0_0_0&highlighted_blocks=504199508_172846763_0_0_0&matching_block_id=504199508_172846763_0_0_0&sr_pri_blocks=504199508_172846763_0_0_0__271082&from=searchresults
Poblenou renovated 3BD next to the beach,"Sant Martí, Barcelona",https://www.booking.com/hotel/es/poblenou-renovated-3bd-next-to-the-beach.html?label=gen173nr-1BCAEoggI46AdSAnVzWARoRogBAZgBMbgBGcgBD9gBAegBAYgCAagCA7gCmuTXvAbAAgHSAiQ3NGM3OTk4Ni0yY2UyLTQ1NGYtOGQwZS1lZTU4ZTdhMDAwZTHYAgXgAgE&sid=735f077cb553f5b5fb1805efac5f4fa0&aid=304142&ucfs=1&arphpl=1&checkin=2025-04-01&checkout=2025-04-08&dest_id=-372490&dest_type=city&group_adults=2&req_adults=2&no_rooms=1&group_children=0&req_children=0&hpos=11&hapos=829&sr_order=popularity&srpvid=52a43c0f4b5000e9&srepoch=1737880446&all_sr_blocks=985514702_399861710_4_0_0&highlighted_blocks=985514702_399861710_4_0_0&matching_block_id=985514702_399861710_4_0_0&sr_pri_blocks=985514702_399861710_4_0_0__203130&from=searchresults
TSA La Mare,"Gràcia, Barcelona",https://www.booking.com/hotel/es/no-23-the-streets-apartments-barcelona.html?label=gen173nr-1BCAEoggI46AdSAnVzWARoRogBAZgBMbgBGcgBD9gBAegBAYgCAagCA7gCmuTXvAbAAgHSAiQ3NGM3OTk4Ni0yY2UyLTQ1NGYtOGQwZS1lZTU4ZTdhMDAwZTHYAgXgAgE&sid=735f077cb553f5b5fb1805efac5f4fa0&aid=304142&ucfs=1&arphpl=1&checkin=2025-04-01&checkout=2025-04-08&dest_id=-372490&dest_type=city&group_adults=2&req_adults=2&no_rooms=1&group_children=0&req_children=0&hpos=12&hapos=830&sr_order=popularity&srpvid=52a43c0f4b5000e9&srepoch=1737880446&all_sr_blocks=193040210_93210108_4_0_0&highlighted_blocks=193040210_93210108_4_0_0&matching_block_id=193040210_93210108_4_0_0&sr_pri_blocks=193040210_93210108_4_0_0__178405&from=searchresults
Classic catalan family apartment with balcony by Maison Piñata,"Eixample, Barcelona",https://www.booking.com/hotel/es/espectacular-apartment-tetuan-by-maison-pinata.html?label=gen173nr-1BCAEoggI46AdSAnVzWARoRogBAZgBMbgBGcgBD9gBAegBAYgCAagCA7gCmuTXvAbAAgHSAiQ3NGM3OTk4Ni0yY2UyLTQ1NGYtOGQwZS1lZTU4ZTdhMDAwZTHYAgXgAgE&sid=735f077cb553f5b5fb1805efac5f4fa0&aid=304142&ucfs=1&arphpl=1&checkin=2025-04-01&checkout=2025-04-08&dest_id=-372490&dest_type=city&group_adults=2&req_adults=2&no_rooms=1&group_children=0&req_children=0&hpos=13&hapos=831&sr_order=popularity&srpvid=52a43c0f4b5000e9&srepoch=1737880446&all_sr_blocks=1218397401_398355148_5_0_0&highlighted_blocks=1218397401_398355148_5_0_0&matching_block_id=1218397401_398355148_5_0_0&sr_pri_blocks=1218397401_398355148_5_0_0__192875&from=searchresults
Habitat Apartments Bailén,"Eixample, Barcelona",https://www.booking.com/hotel/es/habitat-apartments-bailen.html?label=gen173nr-1BCAEoggI46AdSAnVzWARoRogBAZgBMbgBGcgBD9gBAegBAYgCAagCA7gCmuTXvAbAAgHSAiQ3NGM3OTk4Ni0yY2UyLTQ1NGYtOGQwZS1lZTU4ZTdhMDAwZTHYAgXgAgE&sid=735f077cb553f5b5fb1805efac5f4fa0&aid=304142&ucfs=1&arphpl=1&checkin=2025-04-01&checkout=2025-04-08&dest_id=-372490&dest_type=city&group_adults=2&req_adults=2&no_rooms=1&group_children=0&req_children=0&hpos=14&hapos=832&sr_order=popularity&srpvid=52a43c0f4b5000e9&srepoch=1737880446&all_sr_blocks=100396706_83624114_0_0_0&highlighted_blocks=100396706_83624114_0_0_0&matching_block_id=100396706_83624114_0_0_0&sr_pri_blocks=100396706_83624114_0_0_0__243232&from=searchresults
Ola Living Diagonal Apartments,"Sarrià-St. Gervasi, Barcelona",https://www.booking.com/hotel/es/barcelona-center-exclusive.html?label=gen173nr-1BCAEoggI46AdSAnVzWARoRogBAZgBMbgBGcgBD9gBAegBAYgCAagCA7gCmuTXvAbAAgHSAiQ3NGM3OTk4Ni0yY2UyLTQ1NGYtOGQwZS1lZTU4ZTdhMDAwZTHYAgXgAgE&sid=735f077cb553f5b5fb1805efac5f4fa0&aid=304142&ucfs=1&arphpl=1&checkin=2025-04-01&checkout=2025-04-08&dest_id=-372490&dest_type=city&group_adults=2&req_adults=2&no_rooms=1&group_children=0&req_children=0&hpos=15&hapos=833&sr_order=popularity&srpvid=52a43c0f4b5000e9&srepoch=1737880446&all_sr_blocks=40160015_247002791_4_0_0&highlighted_blocks=40160015_247002791_4_0_0&matching_block_id=40160015_247002791_4_0_0&sr_pri_blocks=40160015_247002791_4_0_0__163538&from=searchresults
Novus Homes Barcelona Sants,"Sants-Montjuïc, Barcelona",https://www.booking.com/hotel/es/rustic-apartments-sants.html?label=gen173nr-1BCAEoggI46AdSAnVzWARoRogBAZgBMbgBGcgBD9gBAegBAYgCAagCA7gCmuTXvAbAAgHSAiQ3NGM3OTk4Ni0yY2UyLTQ1NGYtOGQwZS1lZTU4ZTdhMDAwZTHYAgXgAgE&sid=735f077cb553f5b5fb1805efac5f4fa0&aid=304142&ucfs=1&arphpl=1&checkin=2025-04-01&checkout=2025-04-08&dest_id=-372490&dest_type=city&group_adults=2&req_adults=2&no_rooms=1&group_children=0&req_children=0&hpos=16&hapos=834&sr_order=popularity&srpvid=52a43c0f4b5000e9&srepoch=1737880446&all_sr_blocks=395972602_396098961_4_0_0&highlighted_blocks=395972602_396098961_4_0_0&matching_block_id=395972602_396098961_4_0_0&sr_pri_blocks=395972602_396098961_4_0_0__201723&from=searchresults
Habitat Apartments Blanca,Barcelona,https://www.booking.com/hotel/es/habitat-apartments-blanca.html?label=gen173nr-1BCAEoggI46AdSAnVzWARoRogBAZgBMbgBGcgBD9gBAegBAYgCAagCA7gCmuTXvAbAAgHSAiQ3NGM3OTk4Ni0yY2UyLTQ1NGYtOGQwZS1lZTU4ZTdhMDAwZTHYAgXgAgE&sid=735f077cb553f5b5fb1805efac5f4fa0&aid=304142&ucfs=1&arphpl=1&checkin=2025-04-01&checkout=2025-04-08&dest_id=-372490&dest_type=city&group_adults=2&req_adults=2&no_rooms=1&group_children=0&req_children=0&hpos=17&hapos=835&sr_order=popularity&srpvid=52a43c0f4b5000e9&srepoch=1737880446&all_sr_blocks=107795406_88418647_2_0_0&highlighted_blocks=107795406_88418647_2_0_0&matching_block_id=107795406_88418647_2_0_0&sr_pri_blocks=107795406_88418647_2_0_0__178332&from=searchresults
Lodging Apartments Barceloneta Beach Studio 12,"Ciutat Vella, Barcelona",https://www.booking.com/hotel/es/lodging-apartments-barceloneta-beach-studio-12.html?label=gen173nr-1BCAEoggI46AdSAnVzWARoRogBAZgBMbgBGcgBD9gBAegBAYgCAagCA7gCmuTXvAbAAgHSAiQ3NGM3OTk4Ni0yY2UyLTQ1NGYtOGQwZS1lZTU4ZTdhMDAwZTHYAgXgAgE&sid=735f077cb553f5b5fb1805efac5f4fa0&aid=304142&ucfs=1&arphpl=1&checkin=2025-04-01&checkout=2025-04-08&dest_id=-372490&dest_type=city&group_adults=2&req_adults=2&no_rooms=1&group_children=0&req_children=0&hpos=18&hapos=836&sr_order=popularity&srpvid=52a43c0f4b5000e9&srepoch=1737880446&all_sr_blocks=763123601_333402798_2_0_0&highlighted_blocks=763123601_333402798_2_0_0&matching_block_id=763123601_333402798_2_0_0&sr_pri_blocks=763123601_333402798_2_0_0__186865&from=searchresults
Incredible 2BR Penthouse with Urban Rooftop Garden,"Eixample, Barcelona",https://www.booking.com/hotel/es/exclusive-3-floor-penthouse-with-urban-roof-garden.html?label=gen173nr-1BCAEoggI46AdSAnVzWARoRogBAZgBMbgBGcgBD9gBAegBAYgCAagCA7gCmuTXvAbAAgHSAiQ3NGM3OTk4Ni0yY2UyLTQ1NGYtOGQwZS1lZTU4ZTdhMDAwZTHYAgXgAgE&sid=735f077cb553f5b5fb1805efac5f4fa0&aid=304142&ucfs=1&arphpl=1&checkin=2025-04-01&checkout=2025-04-08&dest_id=-372490&dest_type=city&group_adults=2&req_adults=2&no_rooms=1&group_children=0&req_children=0&hpos=19&hapos=837&sr_order=popularity&srpvid=52a43c0f4b5000e9&srepoch=1737880446&all_sr_blocks=770447201_340786261_5_0_0&highlighted_blocks=770447201_340786261_5_0_0&matching_block_id=770447201_340786261_5_0_0&sr_pri_blocks=770447201_340786261_5_0_0__246081&from=searchresults
Alojamiento Viladomat,"Eixample, Barcelona",https://www.booking.com/hotel/es/alojamiento-viladomat-barcelona1.html?label=gen173nr-1BCAEoggI46AdSAnVzWARoRogBAZgBMbgBGcgBD9gBAegBAYgCAagCA7gCmuTXvAbAAgHSAiQ3NGM3OTk4Ni0yY2UyLTQ1NGYtOGQwZS1lZTU4ZTdhMDAwZTHYAgXgAgE&sid=735f077cb553f5b5fb1805efac5f4fa0&aid=304142&ucfs=1&arphpl=1&checkin=2025-04-01&checkout=2025-04-08&dest_id=-372490&dest_type=city&group_adults=2&req_adults=2&no_rooms=1&group_children=0&req_children=0&hpos=20&hapos=838&sr_order=popularity&srpvid=52a43c0f4b5000e9&srepoch=1737880446&all_sr_blocks=1316998603_404440729_2_0_0&highlighted_blocks=1316998603_404440729_2_0_0&matching_block_id=1316998603_404440729_2_0_0&sr_pri_blocks=1316998603_404440729_2_0_0__66700&from=searchresults
BBarcelona Marina Flat,"Eixample, Barcelona",https://www.booking.com/hotel/es/bbarcelona-apartments-eixample.html?label=gen173nr-1BCAEoggI46AdSAnVzWARoRogBAZgBMbgBGcgBD9gBAegBAYgCAagCA7gCmuTXvAbAAgHSAiQ3NGM3OTk4Ni0yY2UyLTQ1NGYtOGQwZS1lZTU4ZTdhMDAwZTHYAgXgAgE&sid=735f077cb553f5b5fb1805efac5f4fa0&aid=304142&ucfs=1&arphpl=1&checkin=2025-04-01&checkout=2025-04-08&dest_id=-372490&dest_type=city&group_adults=2&req_adults=2&no_rooms=1&group_children=0&req_children=0&hpos=21&hapos=839&sr_order=popularity&srpvid=52a43c0f4b5000e9&srepoch=1737880446&all_sr_blocks=74151901_88435174_2_0_0_303470&highlighted_blocks=74151901_88435174_2_0_0_303470&matching_block_id=74151901_88435174_2_0_0_303470&sr_pri_blocks=74151901_88435174_2_0_0_303470_149627&from=searchresults
Habitat Apartments Grace,"Eixample, Barcelona",https://www.booking.com/hotel/es/habitat-apartments-grace.html?label=gen173nr-1BCAEoggI46AdSAnVzWARoRogBAZgBMbgBGcgBD9gBAegBAYgCAagCA7gCmuTXvAbAAgHSAiQ3NGM3OTk4Ni0yY2UyLTQ1NGYtOGQwZS1lZTU4ZTdhMDAwZTHYAgXgAgE&sid=735f077cb553f5b5fb1805efac5f4fa0&aid=304142&ucfs=1&arphpl=1&checkin=2025-04-01&checkout=2025-04-08&dest_id=-372490&dest_type=city&group_adults=2&req_adults=2&no_rooms=1&group_children=0&req_children=0&hpos=22&hapos=840&sr_order=popularity&srpvid=52a43c0f4b5000e9&srepoch=1737880446&all_sr_blocks=412435605_125750774_0_0_0&highlighted_blocks=412435605_125750774_0_0_0&matching_block_id=412435605_125750774_0_0_0&sr_pri_blocks=412435605_125750774_0_0_0__360164&from_sustainable_property_sr=1&from=searchresults
Classic Plaza Real Apartments,"Ciutat Vella, Barcelona",https://www.booking.com/hotel/es/classic-plaza-real-apartments.html?label=gen173nr-1BCAEoggI46AdSAnVzWARoRogBAZgBMbgBGcgBD9gBAegBAYgCAagCA7gCmuTXvAbAAgHSAiQ3NGM3OTk4Ni0yY2UyLTQ1NGYtOGQwZS1lZTU4ZTdhMDAwZTHYAgXgAgE&sid=735f077cb553f5b5fb1805efac5f4fa0&aid=304142&ucfs=1&arphpl=1&checkin=2025-04-01&checkout=2025-04-08&dest_id=-372490&dest_type=city&group_adults=2&req_adults=2&no_rooms=1&group_children=0&req_children=0&hpos=23&hapos=841&sr_order=popularity&srpvid=52a43c0f4b5000e9&srepoch=1737880446&all_sr_blocks=1252319303_397732674_0_0_0&highlighted_blocks=1252319303_397732674_0_0_0&matching_block_id=1252319303_397732674_0_0_0&sr_pri_blocks=1252319303_397732674_0_0_0__197732&from=searchresults
Casa Cosi Letamendi,"Eixample, Barcelona",https://www.booking.com/hotel/es/casa-cosi-letamendi.html?label=gen173nr-1BCAEoggI46AdSAnVzWARoRogBAZgBMbgBGcgBD9gBAegBAYgCAagCA7gCmuTXvAbAAgHSAiQ3NGM3OTk4Ni0yY2UyLTQ1NGYtOGQwZS1lZTU4ZTdhMDAwZTHYAgXgAgE&sid=735f077cb553f5b5fb1805efac5f4fa0&aid=304142&ucfs=1&arphpl=1&checkin=2025-04-01&checkout=2025-04-08&dest_id=-372490&dest_type=city&group_adults=2&req_adults=2&no_rooms=1&group_children=0&req_children=0&hpos=24&hapos=842&sr_order=popularity&srpvid=52a43c0f4b5000e9&srepoch=1737880446&all_sr_blocks=216344001_377072133_0_0_0&highlighted_blocks=216344001_377072133_0_0_0&matching_block_id=216344001_377072133_0_0_0&sr_pri_blocks=216344001_377072133_0_0_0__222810&from=searchresults
Apartment Vallhonrat,"Sants-Montjuïc, Barcelona",https://www.booking.com/hotel/es/apartment-vallhonrat.html?label=gen173nr-1BCAEoggI46AdSAnVzWARoRogBAZgBMbgBGcgBD9gBAegBAYgCAagCA7gCmuTXvAbAAgHSAiQ3NGM3OTk4Ni0yY2UyLTQ1NGYtOGQwZS1lZTU4ZTdhMDAwZTHYAgXgAgE&sid=735f077cb553f5b5fb1805efac5f4fa0&aid=304142&ucfs=1&arphpl=1&checkin=2025-04-01&checkout=2025-04-08&dest_id=-372490&dest_type=city&group_adults=2&req_adults=2&no_rooms=1&group_children=0&req_children=0&hpos=25&hapos=843&sr_order=popularity&srpvid=52a43c0f4b5000e9&srepoch=1737880446&all_sr_blocks=160600002_91353655_0_0_0_537169&highlighted_blocks=160600002_91353655_0_0_0_537169&matching_block_id=160600002_91353655_0_0_0_537169&sr_pri_blocks=160600002_91353655_0_0_0_537169_153218&from=searchresults
Hostal Rio De Castro,"Sants-Montjuïc, Barcelona",https://www.booking.com/hotel/es/hostal-rio-de-castro.html?label=gen173nr-1BCAEoggI46AdSAnVzWARoRogBAZgBMbgBGcgBD9gBAegBAYgCAagCA7gCmuTXvAbAAgHSAiQ3NGM3OTk4Ni0yY2UyLTQ1NGYtOGQwZS1lZTU4ZTdhMDAwZTHYAgXgAgE&sid=735f077cb553f5b5fb1805efac5f4fa0&aid=304142&ucfs=1&arphpl=1&checkin=2025-04-01&checkout=2025-04-08&dest_id=-372490&dest_type=city&group_adults=2&req_adults=2&no_rooms=1&group_children=0&req_children=0&hpos=1&hapos=844&sr_order=popularity&srpvid=52a43c0f4b5000e9&srepoch=1737880450&all_sr_blocks=32590501_88207353_0_0_0&highlighted_blocks=32590501_88207353_0_0_0&matching_block_id=32590501_88207353_0_0_0&sr_pri_blocks=32590501_88207353_0_0_0__104600&from=searchresults
BBarcelona Montjuic Apartment,"Sants-Montjuïc, Barcelona",https://www.booking.com/hotel/es/bbarcelona-montjuic-apartment.html?label=gen173nr-1BCAEoggI46AdSAnVzWARoRogBAZgBMbgBGcgBD9gBAegBAYgCAagCA7gCmuTXvAbAAgHSAiQ3NGM3OTk4Ni0yY2UyLTQ1NGYtOGQwZS1lZTU4ZTdhMDAwZTHYAgXgAgE&sid=735f077cb553f5b5fb1805efac5f4fa0&aid=304142&ucfs=1&arphpl=1&checkin=2025-04-01&checkout=2025-04-08&dest_id=-372490&dest_type=city&group_adults=2&req_adults=2&no_rooms=1&group_children=0&req_children=0&hpos=2&hapos=845&sr_order=popularity&srpvid=52a43c0f4b5000e9&srepoch=1737880450&all_sr_blocks=979592201_370211596_0_0_0&highlighted_blocks=979592201_370211596_0_0_0&matching_block_id=979592201_370211596_0_0_0&sr_pri_blocks=979592201_370211596_0_0_0__128508&from=searchresults
52CIR1072 - Cozy apartment in the heart of Gracia,"Gràcia, Barcelona",https://www.booking.com/hotel/es/52cir1072-cozy-apartment-in-the-heart-of-gracia.html?label=gen173nr-1BCAEoggI46AdSAnVzWARoRogBAZgBMbgBGcgBD9gBAegBAYgCAagCA7gCmuTXvAbAAgHSAiQ3NGM3OTk4Ni0yY2UyLTQ1NGYtOGQwZS1lZTU4ZTdhMDAwZTHYAgXgAgE&sid=735f077cb553f5b5fb1805efac5f4fa0&aid=304142&ucfs=1&arphpl=1&checkin=2025-04-01&checkout=2025-04-08&dest_id=-372490&dest_type=city&group_adults=2&req_adults=2&no_rooms=1&group_children=0&req_children=0&hpos=3&hapos=846&sr_order=popularity&srpvid=52a43c0f4b5000e9&srepoch=1737880450&all_sr_blocks=1256863402_398227662_2_0_0&highlighted_blocks=1256863402_398227662_2_0_0&matching_block_id=1256863402_398227662_2_0_0&sr_pri_blocks=1256863402_398227662_2_0_0__123109&from=searchresults
Casa Cosi - El Farro 1,"Sarrià-St. Gervasi, Barcelona",https://www.booking.com/hotel/es/casa-cosi-el-farro-1.html?label=gen173nr-1BCAEoggI46AdSAnVzWARoRogBAZgBMbgBGcgBD9gBAegBAYgCAagCA7gCmuTXvAbAAgHSAiQ3NGM3OTk4Ni0yY2UyLTQ1NGYtOGQwZS1lZTU4ZTdhMDAwZTHYAgXgAgE&sid=735f077cb553f5b5fb1805efac5f4fa0&aid=304142&ucfs=1&arphpl=1&checkin=2025-04-01&checkout=2025-04-08&dest_id=-372490&dest_type=city&group_adults=2&req_adults=2&no_rooms=1&group_children=0&req_children=0&hpos=4&hapos=847&sr_order=popularity&srpvid=52a43c0f4b5000e9&srepoch=1737880450&all_sr_blocks=814054902_362177042_0_0_0&highlighted_blocks=814054902_362177042_0_0_0&matching_block_id=814054902_362177042_0_0_0&sr_pri_blocks=814054902_362177042_0_0_0__196635&from=searchresults
Aparthotel Arai 4* Superior,"Ciutat Vella, Barcelona",https://www.booking.com/hotel/es/arai-4-s-monument.html?label=gen173nr-1BCAEoggI46AdSAnVzWARoRogBAZgBMbgBGcgBD9gBAegBAYgCAagCA7gCmuTXvAbAAgHSAiQ3NGM3OTk4Ni0yY2UyLTQ1NGYtOGQwZS1lZTU4ZTdhMDAwZTHYAgXgAgE&sid=735f077cb553f5b5fb1805efac5f4fa0&aid=304142&ucfs=1&arphpl=1&checkin=2025-04-01&checkout=2025-04-08&dest_id=-372490&dest_type=city&group_adults=2&req_adults=2&no_rooms=1&group_children=0&req_children=0&hpos=5&hapos=848&sr_order=popularity&srpvid=52a43c0f4b5000e9&srepoch=1737880450&all_sr_blocks=48248701_88209821_0_0_0&highlighted_blocks=48248701_88209821_0_0_0&matching_block_id=48248701_88209821_0_0_0&sr_pri_blocks=48248701_88209821_0_0_0__236478&from=searchresults
Yurbban Passage Hotel & Spa,"Ciutat Vella, Barcelona",https://www.booking.com/hotel/es/yurbban-passage.html?label=gen173nr-1BCAEoggI46AdSAnVzWARoRogBAZgBMbgBGcgBD9gBAegBAYgCAagCA7gCmuTXvAbAAgHSAiQ3NGM3OTk4Ni0yY2UyLTQ1NGYtOGQwZS1lZTU4ZTdhMDAwZTHYAgXgAgE&sid=735f077cb553f5b5fb1805efac5f4fa0&aid=304142&ucfs=1&arphpl=1&checkin=2025-04-01&checkout=2025-04-08&dest_id=-372490&dest_type=city&group_adults=2&req_adults=2&no_rooms=1&group_children=0&req_children=0&hpos=6&hapos=849&sr_order=popularity&srpvid=52a43c0f4b5000e9&srepoch=1737880450&all_sr_blocks=254718701_257902884_2_1_0&highlighted_blocks=254718701_257902884_2_1_0&matching_block_id=254718701_257902884_2_1_0&sr_pri_blocks=254718701_257902884_2_1_0__270754&from_sustainable_property_sr=1&from=searchresults
Bruc 3,"Eixample, Barcelona",https://www.booking.com/hotel/es/bruc-3.html?label=gen173nr-1BCAEoggI46AdSAnVzWARoRogBAZgBMbgBGcgBD9gBAegBAYgCAagCA7gCmuTXvAbAAgHSAiQ3NGM3OTk4Ni0yY2UyLTQ1NGYtOGQwZS1lZTU4ZTdhMDAwZTHYAgXgAgE&sid=735f077cb553f5b5fb1805efac5f4fa0&aid=304142&ucfs=1&arphpl=1&checkin=2025-04-01&checkout=2025-04-08&dest_id=-372490&dest_type=city&group_adults=2&req_adults=2&no_rooms=1&group_children=0&req_children=0&hpos=7&hapos=850&sr_order=popularity&srpvid=52a43c0f4b5000e9&srepoch=1737880450&all_sr_blocks=1224777904_401843193_2_0_0&highlighted_blocks=1224777904_401843193_2_0_0&matching_block_id=1224777904_401843193_2_0_0&sr_pri_blocks=1224777904_401843193_2_0_0__70270&from=searchresults
Casa Cosi - Sant Gervasi 1,"Sarrià-St. Gervasi, Barcelona",https://www.booking.com/hotel/es/casa-cosi-sant-gervasi.html?label=gen173nr-1BCAEoggI46AdSAnVzWARoRogBAZgBMbgBGcgBD9gBAegBAYgCAagCA7gCmuTXvAbAAgHSAiQ3NGM3OTk4Ni0yY2UyLTQ1NGYtOGQwZS1lZTU4ZTdhMDAwZTHYAgXgAgE&sid=735f077cb553f5b5fb1805efac5f4fa0&aid=304142&ucfs=1&arphpl=1&checkin=2025-04-01&checkout=2025-04-08&dest_id=-372490&dest_type=city&group_adults=2&req_adults=2&no_rooms=1&group_children=0&req_children=0&hpos=8&hapos=851&sr_order=popularity&srpvid=52a43c0f4b5000e9&srepoch=1737880450&all_sr_blocks=574539801_377093544_0_0_0&highlighted_blocks=574539801_377093544_0_0_0&matching_block_id=574539801_377093544_0_0_0&sr_pri_blocks=574539801_377093544_0_0_0__201107&from=searchresults
Canela Homes BARCELONA FONTANA,"Gràcia, Barcelona",https://www.booking.com/hotel/es/canela-homes-barcelona-fontana.html?label=gen173nr-1BCAEoggI46AdSAnVzWARoRogBAZgBMbgBGcgBD9gBAegBAYgCAagCA7gCmuTXvAbAAgHSAiQ3NGM3OTk4Ni0yY2UyLTQ1NGYtOGQwZS1lZTU4ZTdhMDAwZTHYAgXgAgE&sid=735f077cb553f5b5fb1805efac5f4fa0&aid=304142&ucfs=1&arphpl=1&checkin=2025-04-01&checkout=2025-04-08&dest_id=-372490&dest_type=city&group_adults=2&req_adults=2&no_rooms=1&group_children=0&req_children=0&hpos=9&hapos=852&sr_order=popularity&srpvid=52a43c0f4b5000e9&srepoch=1737880450&all_sr_blocks=1093062901_382168634_4_0_0&highlighted_blocks=1093062901_382168634_4_0_0&matching_block_id=1093062901_382168634_4_0_0&sr_pri_blocks=1093062901_382168634_4_0_0__196531&from=searchresults
"Sir Victor Hotel, part of Sircle Collection","Eixample, Barcelona",https://www.booking.com/hotel/es/sir-victor.html?label=gen173nr-1BCAEoggI46AdSAnVzWARoRogBAZgBMbgBGcgBD9gBAegBAYgCAagCA7gCmuTXvAbAAgHSAiQ3NGM3OTk4Ni0yY2UyLTQ1NGYtOGQwZS1lZTU4ZTdhMDAwZTHYAgXgAgE&sid=735f077cb553f5b5fb1805efac5f4fa0&aid=304142&ucfs=1&arphpl=1&checkin=2025-04-01&checkout=2025-04-08&dest_id=-372490&dest_type=city&group_adults=2&req_adults=2&no_rooms=1&group_children=0&req_children=0&hpos=10&hapos=853&sr_order=popularity&srpvid=52a43c0f4b5000e9&srepoch=1737880450&all_sr_blocks=9387320_91908515_2_2_0&highlighted_blocks=9387320_91908515_2_2_0&matching_block_id=9387320_91908515_2_2_0&sr_pri_blocks=9387320_91908515_2_2_0__284850&from_sustainable_property_sr=1&from=searchresults
Hostal Laia by Gaiarooms,"Eixample, Barcelona",https://www.booking.com/hotel/es/hostal-laia-by-gaiarooms.html?label=gen173nr-1BCAEoggI46AdSAnVzWARoRogBAZgBMbgBGcgBD9gBAegBAYgCAagCA7gCmuTXvAbAAgHSAiQ3NGM3OTk4Ni0yY2UyLTQ1NGYtOGQwZS1lZTU4ZTdhMDAwZTHYAgXgAgE&sid=735f077cb553f5b5fb1805efac5f4fa0&aid=304142&ucfs=1&arphpl=1&checkin=2025-04-01&checkout=2025-04-08&dest_id=-372490&dest_type=city&group_adults=2&req_adults=2&no_rooms=1&group_children=0&req_children=0&hpos=11&hapos=854&sr_order=popularity&srpvid=52a43c0f4b5000e9&srepoch=1737880450&all_sr_blocks=762633701_406254478_2_0_0&highlighted_blocks=762633701_406254478_2_0_0&matching_block_id=762633701_406254478_2_0_0&sr_pri_blocks=762633701_406254478_2_0_0__109359&from=searchresults
Casa Cosi - La Gleva 3,"Sarrià-St. Gervasi, Barcelona",https://www.booking.com/hotel/es/casa-cosi-la-gleva-3.html?label=gen173nr-1BCAEoggI46AdSAnVzWARoRogBAZgBMbgBGcgBD9gBAegBAYgCAagCA7gCmuTXvAbAAgHSAiQ3NGM3OTk4Ni0yY2UyLTQ1NGYtOGQwZS1lZTU4ZTdhMDAwZTHYAgXgAgE&sid=735f077cb553f5b5fb1805efac5f4fa0&aid=304142&ucfs=1&arphpl=1&checkin=2025-04-01&checkout=2025-04-08&dest_id=-372490&dest_type=city&group_adults=2&req_adults=2&no_rooms=1&group_children=0&req_children=0&hpos=12&hapos=855&sr_order=popularity&srpvid=52a43c0f4b5000e9&srepoch=1737880450&all_sr_blocks=814039702_362247324_0_0_0&highlighted_blocks=814039702_362247324_0_0_0&matching_block_id=814039702_362247324_0_0_0&sr_pri_blocks=814039702_362247324_0_0_0__207642&from=searchresults
Sant Antoni 3 - Downtown Barcelona. Modern,"Ciutat Vella, Barcelona",https://www.booking.com/hotel/es/sant-antoni-2-downtown-modern.html?label=gen173nr-1BCAEoggI46AdSAnVzWARoRogBAZgBMbgBGcgBD9gBAegBAYgCAagCA7gCmuTXvAbAAgHSAiQ3NGM3OTk4Ni0yY2UyLTQ1NGYtOGQwZS1lZTU4ZTdhMDAwZTHYAgXgAgE&sid=735f077cb553f5b5fb1805efac5f4fa0&aid=304142&ucfs=1&arphpl=1&checkin=2025-04-01&checkout=2025-04-08&dest_id=-372490&dest_type=city&group_adults=2&req_adults=2&no_rooms=1&group_children=0&req_children=0&hpos=13&hapos=856&sr_order=popularity&srpvid=52a43c0f4b5000e9&srepoch=1737880450&all_sr_blocks=751962602_403405366_2_0_0&highlighted_blocks=751962602_403405366_2_0_0&matching_block_id=751962602_403405366_2_0_0&sr_pri_blocks=751962602_403405366_2_0_0__150994&from=searchresults
AB Passeig de Gràcia Còrsega,"Eixample, Barcelona",https://www.booking.com/hotel/es/apartment-barcelona-paseo-de-gracia.html?label=gen173nr-1BCAEoggI46AdSAnVzWARoRogBAZgBMbgBGcgBD9gBAegBAYgCAagCA7gCmuTXvAbAAgHSAiQ3NGM3OTk4Ni0yY2UyLTQ1NGYtOGQwZS1lZTU4ZTdhMDAwZTHYAgXgAgE&sid=735f077cb553f5b5fb1805efac5f4fa0&aid=304142&ucfs=1&arphpl=1&checkin=2025-04-01&checkout=2025-04-08&dest_id=-372490&dest_type=city&group_adults=2&req_adults=2&no_rooms=1&group_children=0&req_children=0&hpos=14&hapos=857&sr_order=popularity&srpvid=52a43c0f4b5000e9&srepoch=1737880450&all_sr_blocks=57927713_241685758_6_0_0&highlighted_blocks=57927713_241685758_6_0_0&matching_block_id=57927713_241685758_6_0_0&sr_pri_blocks=57927713_241685758_6_0_0__192490&from=searchresults
Murmuri Residence Concepció,"Eixample, Barcelona",https://www.booking.com/hotel/es/murmuri-residence-concepcio.html?label=gen173nr-1BCAEoggI46AdSAnVzWARoRogBAZgBMbgBGcgBD9gBAegBAYgCAagCA7gCmuTXvAbAAgHSAiQ3NGM3OTk4Ni0yY2UyLTQ1NGYtOGQwZS1lZTU4ZTdhMDAwZTHYAgXgAgE&sid=735f077cb553f5b5fb1805efac5f4fa0&aid=304142&ucfs=1&arphpl=1&checkin=2025-04-01&checkout=2025-04-08&dest_id=-372490&dest_type=city&group_adults=2&req_adults=2&no_rooms=1&group_children=0&req_children=0&hpos=15&hapos=858&sr_order=popularity&srpvid=52a43c0f4b5000e9&srepoch=1737880450&all_sr_blocks=585461203_229129753_0_2_0_239599&highlighted_blocks=585461203_229129753_0_2_0_239599&matching_block_id=585461203_229129753_0_2_0_239599&sr_pri_blocks=585461203_229129753_0_2_0_239599_241970&from=searchresults
AB Gran de Gràcia,"Gràcia, Barcelona",https://www.booking.com/hotel/es/sant-domenec.html?label=gen173nr-1BCAEoggI46AdSAnVzWARoRogBAZgBMbgBGcgBD9gBAegBAYgCAagCA7gCmuTXvAbAAgHSAiQ3NGM3OTk4Ni0yY2UyLTQ1NGYtOGQwZS1lZTU4ZTdhMDAwZTHYAgXgAgE&sid=735f077cb553f5b5fb1805efac5f4fa0&aid=304142&ucfs=1&arphpl=1&checkin=2025-04-01&checkout=2025-04-08&dest_id=-372490&dest_type=city&group_adults=2&req_adults=2&no_rooms=1&group_children=0&req_children=0&hpos=16&hapos=859&sr_order=popularity&srpvid=52a43c0f4b5000e9&srepoch=1737880450&all_sr_blocks=722838103_309724422_5_0_0&highlighted_blocks=722838103_309724422_5_0_0&matching_block_id=722838103_309724422_5_0_0&sr_pri_blocks=722838103_309724422_5_0_0__167417&from=searchresults
AinB B&B Eixample-Muntaner,"Eixample, Barcelona",https://www.booking.com/hotel/es/apartments-in-barcelona-muntaner.html?label=gen173nr-1BCAEoggI46AdSAnVzWARoRogBAZgBMbgBGcgBD9gBAegBAYgCAagCA7gCmuTXvAbAAgHSAiQ3NGM3OTk4Ni0yY2UyLTQ1NGYtOGQwZS1lZTU4ZTdhMDAwZTHYAgXgAgE&sid=735f077cb553f5b5fb1805efac5f4fa0&aid=304142&ucfs=1&arphpl=1&checkin=2025-04-01&checkout=2025-04-08&dest_id=-372490&dest_type=city&group_adults=2&req_adults=2&no_rooms=1&group_children=0&req_children=0&hpos=17&hapos=860&sr_order=popularity&srpvid=52a43c0f4b5000e9&srepoch=1737880450&all_sr_blocks=9777001_91463369_2_1_0&highlighted_blocks=9777001_91463369_2_1_0&matching_block_id=9777001_91463369_2_1_0&sr_pri_blocks=9777001_91463369_2_1_0__117985&from=searchresults
Enjoy Apartments Urban Retreat Valencia 3,"Eixample, Barcelona",https://www.booking.com/hotel/es/valencia-p3-urban-retreat.html?label=gen173nr-1BCAEoggI46AdSAnVzWARoRogBAZgBMbgBGcgBD9gBAegBAYgCAagCA7gCmuTXvAbAAgHSAiQ3NGM3OTk4Ni0yY2UyLTQ1NGYtOGQwZS1lZTU4ZTdhMDAwZTHYAgXgAgE&sid=735f077cb553f5b5fb1805efac5f4fa0&aid=304142&ucfs=1&arphpl=1&checkin=2025-04-01&checkout=2025-04-08&dest_id=-372490&dest_type=city&group_adults=2&req_adults=2&no_rooms=1&group_children=0&req_children=0&hpos=18&hapos=861&sr_order=popularity&srpvid=52a43c0f4b5000e9&srepoch=1737880450&all_sr_blocks=1317591002_404589237_3_0_0&highlighted_blocks=1317591002_404589237_3_0_0&matching_block_id=1317591002_404589237_3_0_0&sr_pri_blocks=1317591002_404589237_3_0_0__134475&from=searchresults
Easy Sants by Bossh!,"Sants-Montjuïc, Barcelona",https://www.booking.com/hotel/es/hostal-one-bcn.html?label=gen173nr-1BCAEoggI46AdSAnVzWARoRogBAZgBMbgBGcgBD9gBAegBAYgCAagCA7gCmuTXvAbAAgHSAiQ3NGM3OTk4Ni0yY2UyLTQ1NGYtOGQwZS1lZTU4ZTdhMDAwZTHYAgXgAgE&sid=735f077cb553f5b5fb1805efac5f4fa0&aid=304142&ucfs=1&arphpl=1&checkin=2025-04-01&checkout=2025-04-08&dest_id=-372490&dest_type=city&group_adults=2&req_adults=2&no_rooms=1&group_children=0&req_children=0&hpos=19&hapos=862&sr_order=popularity&srpvid=52a43c0f4b5000e9&srepoch=1737880450&all_sr_blocks=175655102_336481148_2_0_0&highlighted_blocks=175655102_336481148_2_0_0&matching_block_id=175655102_336481148_2_0_0&sr_pri_blocks=175655102_336481148_2_0_0__102275&from=searchresults
Aparthotel Rambla108,"Ciutat Vella, Barcelona",https://www.booking.com/hotel/es/apart-ramblas108.html?label=gen173nr-1BCAEoggI46AdSAnVzWARoRogBAZgBMbgBGcgBD9gBAegBAYgCAagCA7gCmuTXvAbAAgHSAiQ3NGM3OTk4Ni0yY2UyLTQ1NGYtOGQwZS1lZTU4ZTdhMDAwZTHYAgXgAgE&sid=735f077cb553f5b5fb1805efac5f4fa0&aid=304142&ucfs=1&arphpl=1&checkin=2025-04-01&checkout=2025-04-08&dest_id=-372490&dest_type=city&group_adults=2&req_adults=2&no_rooms=1&group_children=0&req_children=0&hpos=20&hapos=863&sr_order=popularity&srpvid=52a43c0f4b5000e9&srepoch=1737880450&all_sr_blocks=1653807_95141239_0_0_0&highlighted_blocks=1653807_95141239_0_0_0&matching_block_id=1653807_95141239_0_0_0&sr_pri_blocks=1653807_95141239_0_0_0__219330&from=searchresults
Factory Suites Barcelona,"Eixample, Barcelona",https://www.booking.com/hotel/es/blue-b-amp-b-barcelona.html?label=gen173nr-1BCAEoggI46AdSAnVzWARoRogBAZgBMbgBGcgBD9gBAegBAYgCAagCA7gCmuTXvAbAAgHSAiQ3NGM3OTk4Ni0yY2UyLTQ1NGYtOGQwZS1lZTU4ZTdhMDAwZTHYAgXgAgE&sid=735f077cb553f5b5fb1805efac5f4fa0&aid=304142&ucfs=1&arphpl=1&checkin=2025-04-01&checkout=2025-04-08&dest_id=-372490&dest_type=city&group_adults=2&req_adults=2&no_rooms=1&group_children=0&req_children=0&hpos=21&hapos=864&sr_order=popularity&srpvid=52a43c0f4b5000e9&srepoch=1737880450&all_sr_blocks=173374104_90432077_0_1_0&highlighted_blocks=173374104_90432077_0_1_0&matching_block_id=173374104_90432077_0_1_0&sr_pri_blocks=173374104_90432077_0_1_0__127850&from=searchresults
51NO1058 - Bright 1bed flat in Poble Sec,"Sants-Montjuïc, Barcelona",https://www.booking.com/hotel/es/51no527-bright-1bed-flat-in-poble-sec.html?label=gen173nr-1BCAEoggI46AdSAnVzWARoRogBAZgBMbgBGcgBD9gBAegBAYgCAagCA7gCmuTXvAbAAgHSAiQ3NGM3OTk4Ni0yY2UyLTQ1NGYtOGQwZS1lZTU4ZTdhMDAwZTHYAgXgAgE&sid=735f077cb553f5b5fb1805efac5f4fa0&aid=304142&ucfs=1&arphpl=1&checkin=2025-04-01&checkout=2025-04-08&dest_id=-372490&dest_type=city&group_adults=2&req_adults=2&no_rooms=1&group_children=0&req_children=0&hpos=22&hapos=865&sr_order=popularity&srpvid=52a43c0f4b5000e9&srepoch=1737880450&all_sr_blocks=1064774402_378863016_2_0_0&highlighted_blocks=1064774402_378863016_2_0_0&matching_block_id=1064774402_378863016_2_0_0&sr_pri_blocks=1064774402_378863016_2_0_0__123583&from=searchresults
Canela Homes BARCELONA MARINA,"Eixample, Barcelona",https://www.booking.com/hotel/es/h2o-barcelona-marina.html?label=gen173nr-1BCAEoggI46AdSAnVzWARoRogBAZgBMbgBGcgBD9gBAegBAYgCAagCA7gCmuTXvAbAAgHSAiQ3NGM3OTk4Ni0yY2UyLTQ1NGYtOGQwZS1lZTU4ZTdhMDAwZTHYAgXgAgE&sid=735f077cb553f5b5fb1805efac5f4fa0&aid=304142&ucfs=1&arphpl=1&checkin=2025-04-01&checkout=2025-04-08&dest_id=-372490&dest_type=city&group_adults=2&req_adults=2&no_rooms=1&group_children=0&req_children=0&hpos=23&hapos=866&sr_order=popularity&srpvid=52a43c0f4b5000e9&srepoch=1737880450&all_sr_blocks=688876302_279648916_4_0_0&highlighted_blocks=688876302_279648916_4_0_0&matching_block_id=688876302_279648916_4_0_0&sr_pri_blocks=688876302_279648916_4_0_0__217327&from=searchresults
BBarcelona Fira Superior Flats,"Sants-Montjuïc, Barcelona",https://www.booking.com/hotel/es/bbarcelona-fira-superior-flat.html?label=gen173nr-1BCAEoggI46AdSAnVzWARoRogBAZgBMbgBGcgBD9gBAegBAYgCAagCA7gCmuTXvAbAAgHSAiQ3NGM3OTk4Ni0yY2UyLTQ1NGYtOGQwZS1lZTU4ZTdhMDAwZTHYAgXgAgE&sid=735f077cb553f5b5fb1805efac5f4fa0&aid=304142&ucfs=1&arphpl=1&checkin=2025-04-01&checkout=2025-04-08&dest_id=-372490&dest_type=city&group_adults=2&req_adults=2&no_rooms=1&group_children=0&req_children=0&hpos=24&hapos=867&sr_order=popularity&srpvid=52a43c0f4b5000e9&srepoch=1737880450&all_sr_blocks=688873602_368377303_2_0_0_303471&highlighted_blocks=688873602_368377303_2_0_0_303471&matching_block_id=688873602_368377303_2_0_0_303471&sr_pri_blocks=688873602_368377303_2_0_0_303471_175932&from=searchresults
1774 - AB Saint Joseph Apartment,"Eixample, Barcelona",https://www.booking.com/hotel/es/1774-ab-saint-joseph-apartment-barcelona.html?label=gen173nr-1BCAEoggI46AdSAnVzWARoRogBAZgBMbgBGcgBD9gBAegBAYgCAagCA7gCmuTXvAbAAgHSAiQ3NGM3OTk4Ni0yY2UyLTQ1NGYtOGQwZS1lZTU4ZTdhMDAwZTHYAgXgAgE&sid=735f077cb553f5b5fb1805efac5f4fa0&aid=304142&ucfs=1&arphpl=1&checkin=2025-04-01&checkout=2025-04-08&dest_id=-372490&dest_type=city&group_adults=2&req_adults=2&no_rooms=1&group_children=0&req_children=0&hpos=25&hapos=868&sr_order=popularity&srpvid=52a43c0f4b5000e9&srepoch=1737880450&all_sr_blocks=1196619002_391967224_4_0_0&highlighted_blocks=1196619002_391967224_4_0_0&matching_block_id=1196619002_391967224_4_0_0&sr_pri_blocks=1196619002_391967224_4_0_0__145171&from=searchresults
Modern and bright apartment in Eixample 5-2,"Eixample, Barcelona",https://www.booking.com/hotel/es/modern-and-bright-apartment-in-eixample-5-2.html?label=gen173nr-1BCAEoggI46AdSAnVzWARoRogBAZgBMbgBGcgBD9gBAegBAYgCAagCA7gCmuTXvAbAAgHSAiQ3NGM3OTk4Ni0yY2UyLTQ1NGYtOGQwZS1lZTU4ZTdhMDAwZTHYAgXgAgE&sid=735f077cb553f5b5fb1805efac5f4fa0&aid=304142&ucfs=1&arphpl=1&checkin=2025-04-01&checkout=2025-04-08&dest_id=-372490&dest_type=city&group_adults=2&req_adults=2&no_rooms=1&group_children=0&req_children=0&hpos=1&hapos=869&sr_order=popularity&srpvid=52a43c0f4b5000e9&srepoch=1737880454&all_sr_blocks=873677502_399861527_4_0_0&highlighted_blocks=873677502_399861527_4_0_0&matching_block_id=873677502_399861527_4_0_0&sr_pri_blocks=873677502_399861527_4_0_0__162861&from=searchresults
Alojamiento en el barrio de gracia,"Gràcia, Barcelona",https://www.booking.com/hotel/es/alojamiento-en-el-barrio-de-gracia.html?label=gen173nr-1BCAEoggI46AdSAnVzWARoRogBAZgBMbgBGcgBD9gBAegBAYgCAagCA7gCmuTXvAbAAgHSAiQ3NGM3OTk4Ni0yY2UyLTQ1NGYtOGQwZS1lZTU4ZTdhMDAwZTHYAgXgAgE&sid=735f077cb553f5b5fb1805efac5f4fa0&aid=304142&ucfs=1&arphpl=1&checkin=2025-04-01&checkout=2025-04-08&dest_id=-372490&dest_type=city&group_adults=2&req_adults=2&no_rooms=1&group_children=0&req_children=0&hpos=2&hapos=870&sr_order=popularity&srpvid=52a43c0f4b5000e9&srepoch=1737880454&all_sr_blocks=1243212501_396229732_2_0_0&highlighted_blocks=1243212501_396229732_2_0_0&matching_block_id=1243212501_396229732_2_0_0&sr_pri_blocks=1243212501_396229732_2_0_0__84662&from=searchresults
Eixample Sagrada Familia Apartments II,"Eixample, Barcelona",https://www.booking.com/hotel/es/eixample-sagrada-familia-aparments-ii.html?label=gen173nr-1BCAEoggI46AdSAnVzWARoRogBAZgBMbgBGcgBD9gBAegBAYgCAagCA7gCmuTXvAbAAgHSAiQ3NGM3OTk4Ni0yY2UyLTQ1NGYtOGQwZS1lZTU4ZTdhMDAwZTHYAgXgAgE&sid=735f077cb553f5b5fb1805efac5f4fa0&aid=304142&ucfs=1&arphpl=1&checkin=2025-04-01&checkout=2025-04-08&dest_id=-372490&dest_type=city&group_adults=2&req_adults=2&no_rooms=1&group_children=0&req_children=0&hpos=3&hapos=871&sr_order=popularity&srpvid=52a43c0f4b5000e9&srepoch=1737880454&all_sr_blocks=107233107_407071456_2_0_0&highlighted_blocks=107233107_407071456_2_0_0&matching_block_id=107233107_407071456_2_0_0&sr_pri_blocks=107233107_407071456_2_0_0__153532&from=searchresults
Key Gracia Apartments,"Horta-Guinardó, Barcelona",https://www.booking.com/hotel/es/gracia-bliss.html?label=gen173nr-1BCAEoggI46AdSAnVzWARoRogBAZgBMbgBGcgBD9gBAegBAYgCAagCA7gCmuTXvAbAAgHSAiQ3NGM3OTk4Ni0yY2UyLTQ1NGYtOGQwZS1lZTU4ZTdhMDAwZTHYAgXgAgE&sid=735f077cb553f5b5fb1805efac5f4fa0&aid=304142&ucfs=1&arphpl=1&checkin=2025-04-01&checkout=2025-04-08&dest_id=-372490&dest_type=city&group_adults=2&req_adults=2&no_rooms=1&group_children=0&req_children=0&hpos=4&hapos=872&sr_order=popularity&srpvid=52a43c0f4b5000e9&srepoch=1737880454&all_sr_blocks=83563801_181353875_4_0_0_502520&highlighted_blocks=83563801_181353875_4_0_0_502520&matching_block_id=83563801_181353875_4_0_0_502520&sr_pri_blocks=83563801_181353875_4_0_0_502520_269037&from=searchresults
Moderno estudio Sagrada Familia,"Horta-Guinardó, Barcelona",https://www.booking.com/hotel/es/moderno-estudio-sagrada-familia.html?label=gen173nr-1BCAEoggI46AdSAnVzWARoRogBAZgBMbgBGcgBD9gBAegBAYgCAagCA7gCmuTXvAbAAgHSAiQ3NGM3OTk4Ni0yY2UyLTQ1NGYtOGQwZS1lZTU4ZTdhMDAwZTHYAgXgAgE&sid=735f077cb553f5b5fb1805efac5f4fa0&aid=304142&ucfs=1&arphpl=1&checkin=2025-04-01&checkout=2025-04-08&dest_id=-372490&dest_type=city&group_adults=2&req_adults=2&no_rooms=1&group_children=0&req_children=0&hpos=5&hapos=873&sr_order=popularity&srpvid=52a43c0f4b5000e9&srepoch=1737880454&all_sr_blocks=1255013601_398015488_2_0_0&highlighted_blocks=1255013601_398015488_2_0_0&matching_block_id=1255013601_398015488_2_0_0&sr_pri_blocks=1255013601_398015488_2_0_0__126292&from=searchresults
Rent Top Apartments Beach-Diagonal Mar,"Sant Martí, Barcelona",https://www.booking.com/hotel/es/renttop-apartments-s-l.html?label=gen173nr-1BCAEoggI46AdSAnVzWARoRogBAZgBMbgBGcgBD9gBAegBAYgCAagCA7gCmuTXvAbAAgHSAiQ3NGM3OTk4Ni0yY2UyLTQ1NGYtOGQwZS1lZTU4ZTdhMDAwZTHYAgXgAgE&sid=735f077cb553f5b5fb1805efac5f4fa0&aid=304142&ucfs=1&arphpl=1&checkin=2025-04-01&checkout=2025-04-08&dest_id=-372490&dest_type=city&group_adults=2&req_adults=2&no_rooms=1&group_children=0&req_children=0&hpos=6&hapos=874&sr_order=popularity&srpvid=52a43c0f4b5000e9&srepoch=1737880454&all_sr_blocks=38484111_89623448_0_0_0&highlighted_blocks=38484111_89623448_0_0_0&matching_block_id=38484111_89623448_0_0_0&sr_pri_blocks=38484111_89623448_0_0_0__260232&from=searchresults
City Center Studio,"Ciutat Vella, Barcelona",https://www.booking.com/hotel/es/big-flat-in-gracia-center.html?label=gen173nr-1BCAEoggI46AdSAnVzWARoRogBAZgBMbgBGcgBD9gBAegBAYgCAagCA7gCmuTXvAbAAgHSAiQ3NGM3OTk4Ni0yY2UyLTQ1NGYtOGQwZS1lZTU4ZTdhMDAwZTHYAgXgAgE&sid=735f077cb553f5b5fb1805efac5f4fa0&aid=304142&ucfs=1&arphpl=1&checkin=2025-04-01&checkout=2025-04-08&dest_id=-372490&dest_type=city&group_adults=2&req_adults=2&no_rooms=1&group_children=0&req_children=0&hpos=7&hapos=875&sr_order=popularity&srpvid=52a43c0f4b5000e9&srepoch=1737880455&all_sr_blocks=352313301_402786182_2_0_0&highlighted_blocks=352313301_402786182_2_0_0&matching_block_id=352313301_402786182_2_0_0&sr_pri_blocks=352313301_402786182_2_0_0__101454&from=searchresults
St. Antoni sky lounge,"Eixample, Barcelona",https://www.booking.com/hotel/es/st-antoni-sky-lounge.html?label=gen173nr-1BCAEoggI46AdSAnVzWARoRogBAZgBMbgBGcgBD9gBAegBAYgCAagCA7gCmuTXvAbAAgHSAiQ3NGM3OTk4Ni0yY2UyLTQ1NGYtOGQwZS1lZTU4ZTdhMDAwZTHYAgXgAgE&sid=735f077cb553f5b5fb1805efac5f4fa0&aid=304142&ucfs=1&arphpl=1&checkin=2025-04-01&checkout=2025-04-08&dest_id=-372490&dest_type=city&group_adults=2&req_adults=2&no_rooms=1&group_children=0&req_children=0&hpos=8&hapos=876&sr_order=popularity&srpvid=52a43c0f4b5000e9&srepoch=1737880455&all_sr_blocks=150276401_370860614_2_0_0&highlighted_blocks=150276401_370860614_2_0_0&matching_block_id=150276401_370860614_2_0_0&sr_pri_blocks=150276401_370860614_2_0_0__209688&from=searchresults
Casa Cosi - Eixample 5,"Eixample, Barcelona",https://www.booking.com/hotel/es/casa-cosi-eixample-5.html?label=gen173nr-1BCAEoggI46AdSAnVzWARoRogBAZgBMbgBGcgBD9gBAegBAYgCAagCA7gCmuTXvAbAAgHSAiQ3NGM3OTk4Ni0yY2UyLTQ1NGYtOGQwZS1lZTU4ZTdhMDAwZTHYAgXgAgE&sid=735f077cb553f5b5fb1805efac5f4fa0&aid=304142&ucfs=1&arphpl=1&checkin=2025-04-01&checkout=2025-04-08&dest_id=-372490&dest_type=city&group_adults=2&req_adults=2&no_rooms=1&group_children=0&req_children=0&hpos=9&hapos=877&sr_order=popularity&srpvid=52a43c0f4b5000e9&srepoch=1737880455&all_sr_blocks=501866801_377071680_0_0_0&highlighted_blocks=501866801_377071680_0_0_0&matching_block_id=501866801_377071680_0_0_0&sr_pri_blocks=501866801_377071680_0_0_0__343594&from=searchresults
Sant Jordi Hostels Rock Palace,"Eixample, Barcelona",https://www.booking.com/hotel/es/sant-jordi-hostel-rock-palace.html?label=gen173nr-1BCAEoggI46AdSAnVzWARoRogBAZgBMbgBGcgBD9gBAegBAYgCAagCA7gCmuTXvAbAAgHSAiQ3NGM3OTk4Ni0yY2UyLTQ1NGYtOGQwZS1lZTU4ZTdhMDAwZTHYAgXgAgE&sid=735f077cb553f5b5fb1805efac5f4fa0&aid=304142&ucfs=1&arphpl=1&checkin=2025-04-01&checkout=2025-04-08&dest_id=-372490&dest_type=city&group_adults=2&req_adults=2&no_rooms=1&group_children=0&req_children=0&hpos=10&hapos=878&sr_order=popularity&srpvid=52a43c0f4b5000e9&srepoch=1737880455&all_sr_blocks=88928019_107203764_0_2_0_322368&highlighted_blocks=88928019_107203764_0_2_0_322368&matching_block_id=88928019_107203764_0_2_0_322368&sr_pri_blocks=88928019_107203764_0_2_0_322368_175906&from_sustainable_property_sr=1&from=searchresults
Bcn-rentals apartments in the Old town,"Ciutat Vella, Barcelona",https://www.booking.com/hotel/es/old-town-apartments-barcelona.html?label=gen173nr-1BCAEoggI46AdSAnVzWARoRogBAZgBMbgBGcgBD9gBAegBAYgCAagCA7gCmuTXvAbAAgHSAiQ3NGM3OTk4Ni0yY2UyLTQ1NGYtOGQwZS1lZTU4ZTdhMDAwZTHYAgXgAgE&sid=735f077cb553f5b5fb1805efac5f4fa0&aid=304142&ucfs=1&arphpl=1&checkin=2025-04-01&checkout=2025-04-08&dest_id=-372490&dest_type=city&group_adults=2&req_adults=2&no_rooms=1&group_children=0&req_children=0&hpos=11&hapos=879&sr_order=popularity&srpvid=52a43c0f4b5000e9&srepoch=1737880455&all_sr_blocks=57027904_331605746_4_0_0&highlighted_blocks=57027904_331605746_4_0_0&matching_block_id=57027904_331605746_4_0_0&sr_pri_blocks=57027904_331605746_4_0_0__149772&from=searchresults
Casa Cosi - Terrace 1,"Eixample, Barcelona",https://www.booking.com/hotel/es/casa-cosi-terrace-1.html?label=gen173nr-1BCAEoggI46AdSAnVzWARoRogBAZgBMbgBGcgBD9gBAegBAYgCAagCA7gCmuTXvAbAAgHSAiQ3NGM3OTk4Ni0yY2UyLTQ1NGYtOGQwZS1lZTU4ZTdhMDAwZTHYAgXgAgE&sid=735f077cb553f5b5fb1805efac5f4fa0&aid=304142&ucfs=1&arphpl=1&checkin=2025-04-01&checkout=2025-04-08&dest_id=-372490&dest_type=city&group_adults=2&req_adults=2&no_rooms=1&group_children=0&req_children=0&hpos=12&hapos=880&sr_order=popularity&srpvid=52a43c0f4b5000e9&srepoch=1737880455&all_sr_blocks=814032702_362247713_0_0_0&highlighted_blocks=814032702_362247713_0_0_0&matching_block_id=814032702_362247713_0_0_0&sr_pri_blocks=814032702_362247713_0_0_0__286025&from=searchresults
Habitat Apartments Born,"Ciutat Vella, Barcelona",https://www.booking.com/hotel/es/habitat-apartments-born.html?label=gen173nr-1BCAEoggI46AdSAnVzWARoRogBAZgBMbgBGcgBD9gBAegBAYgCAagCA7gCmuTXvAbAAgHSAiQ3NGM3OTk4Ni0yY2UyLTQ1NGYtOGQwZS1lZTU4ZTdhMDAwZTHYAgXgAgE&sid=735f077cb553f5b5fb1805efac5f4fa0&aid=304142&ucfs=1&arphpl=1&checkin=2025-04-01&checkout=2025-04-08&dest_id=-372490&dest_type=city&group_adults=2&req_adults=2&no_rooms=1&group_children=0&req_children=0&hpos=13&hapos=881&sr_order=popularity&srpvid=52a43c0f4b5000e9&srepoch=1737880455&all_sr_blocks=86626001_88418505_0_0_0&highlighted_blocks=86626001_88418505_0_0_0&matching_block_id=86626001_88418505_0_0_0&sr_pri_blocks=86626001_88418505_0_0_0__189157&from=searchresults
Apartment with sea views next to the beach of Mar Bella,"Sant Martí, Barcelona",https://www.booking.com/hotel/es/apkeys-maritim.html?label=gen173nr-1BCAEoggI46AdSAnVzWARoRogBAZgBMbgBGcgBD9gBAegBAYgCAagCA7gCmuTXvAbAAgHSAiQ3NGM3OTk4Ni0yY2UyLTQ1NGYtOGQwZS1lZTU4ZTdhMDAwZTHYAgXgAgE&sid=735f077cb553f5b5fb1805efac5f4fa0&aid=304142&ucfs=1&arphpl=1&checkin=2025-04-01&checkout=2025-04-08&dest_id=-372490&dest_type=city&group_adults=2&req_adults=2&no_rooms=1&group_children=0&req_children=0&hpos=14&hapos=882&sr_order=popularity&srpvid=52a43c0f4b5000e9&srepoch=1737880455&all_sr_blocks=999590901_397210857_4_0_0&highlighted_blocks=999590901_397210857_4_0_0&matching_block_id=999590901_397210857_4_0_0&sr_pri_blocks=999590901_397210857_4_0_0__150970&from=searchresults
12PAR1003 - Luminoso piso en Paralelo,"Sants-Montjuïc, Barcelona",https://www.booking.com/hotel/es/12par390-luminoso-piso-en-paralelo.html?label=gen173nr-1BCAEoggI46AdSAnVzWARoRogBAZgBMbgBGcgBD9gBAegBAYgCAagCA7gCmuTXvAbAAgHSAiQ3NGM3OTk4Ni0yY2UyLTQ1NGYtOGQwZS1lZTU4ZTdhMDAwZTHYAgXgAgE&sid=735f077cb553f5b5fb1805efac5f4fa0&aid=304142&ucfs=1&arphpl=1&checkin=2025-04-01&checkout=2025-04-08&dest_id=-372490&dest_type=city&group_adults=2&req_adults=2&no_rooms=1&group_children=0&req_children=0&hpos=15&hapos=883&sr_order=popularity&srpvid=52a43c0f4b5000e9&srepoch=1737880455&all_sr_blocks=1069970602_379509373_2_0_0&highlighted_blocks=1069970602_379509373_2_0_0&matching_block_id=1069970602_379509373_2_0_0&sr_pri_blocks=1069970602_379509373_2_0_0__116288&from=searchresults
Casa Cosi - Casanova 6,"Eixample, Barcelona",https://www.booking.com/hotel/es/casa-cosi-casanova-6.html?label=gen173nr-1BCAEoggI46AdSAnVzWARoRogBAZgBMbgBGcgBD9gBAegBAYgCAagCA7gCmuTXvAbAAgHSAiQ3NGM3OTk4Ni0yY2UyLTQ1NGYtOGQwZS1lZTU4ZTdhMDAwZTHYAgXgAgE&sid=735f077cb553f5b5fb1805efac5f4fa0&aid=304142&ucfs=1&arphpl=1&checkin=2025-04-01&checkout=2025-04-08&dest_id=-372490&dest_type=city&group_adults=2&req_adults=2&no_rooms=1&group_children=0&req_children=0&hpos=16&hapos=884&sr_order=popularity&srpvid=52a43c0f4b5000e9&srepoch=1737880455&all_sr_blocks=814034902_362247681_0_0_0&highlighted_blocks=814034902_362247681_0_0_0&matching_block_id=814034902_362247681_0_0_0&sr_pri_blocks=814034902_362247681_0_0_0__282241&from=searchresults
Sant Pau Ramblas Apartments Serennia,"Ciutat Vella, Barcelona",https://www.booking.com/hotel/es/raval-1.html?label=gen173nr-1BCAEoggI46AdSAnVzWARoRogBAZgBMbgBGcgBD9gBAegBAYgCAagCA7gCmuTXvAbAAgHSAiQ3NGM3OTk4Ni0yY2UyLTQ1NGYtOGQwZS1lZTU4ZTdhMDAwZTHYAgXgAgE&sid=735f077cb553f5b5fb1805efac5f4fa0&aid=304142&ucfs=1&arphpl=1&checkin=2025-04-01&checkout=2025-04-08&dest_id=-372490&dest_type=city&group_adults=2&req_adults=2&no_rooms=1&group_children=0&req_children=0&hpos=17&hapos=885&sr_order=popularity&srpvid=52a43c0f4b5000e9&srepoch=1737880455&all_sr_blocks=614050804_382984743_5_0_0&highlighted_blocks=614050804_382984743_5_0_0&matching_block_id=614050804_382984743_5_0_0&sr_pri_blocks=614050804_382984743_5_0_0__232162&from=searchresults
Center of Gracia by Maison Piñata,"Gràcia, Barcelona",https://www.booking.com/hotel/es/espectacular-apartamento-gracia-barcelona.html?label=gen173nr-1BCAEoggI46AdSAnVzWARoRogBAZgBMbgBGcgBD9gBAegBAYgCAagCA7gCmuTXvAbAAgHSAiQ3NGM3OTk4Ni0yY2UyLTQ1NGYtOGQwZS1lZTU4ZTdhMDAwZTHYAgXgAgE&sid=735f077cb553f5b5fb1805efac5f4fa0&aid=304142&ucfs=1&arphpl=1&checkin=2025-04-01&checkout=2025-04-08&dest_id=-372490&dest_type=city&group_adults=2&req_adults=2&no_rooms=1&group_children=0&req_children=0&hpos=18&hapos=886&sr_order=popularity&srpvid=52a43c0f4b5000e9&srepoch=1737880455&all_sr_blocks=1212199001_393419890_2_0_0&highlighted_blocks=1212199001_393419890_2_0_0&matching_block_id=1212199001_393419890_2_0_0&sr_pri_blocks=1212199001_393419890_2_0_0__134459&from=searchresults
Comfortable 3BD in Poblenou next to the beach!,"Sant Martí, Barcelona",https://www.booking.com/hotel/es/comfortable-3bd-in-poblenou-next-to-the-beach.html?label=gen173nr-1BCAEoggI46AdSAnVzWARoRogBAZgBMbgBGcgBD9gBAegBAYgCAagCA7gCmuTXvAbAAgHSAiQ3NGM3OTk4Ni0yY2UyLTQ1NGYtOGQwZS1lZTU4ZTdhMDAwZTHYAgXgAgE&sid=735f077cb553f5b5fb1805efac5f4fa0&aid=304142&ucfs=1&arphpl=1&checkin=2025-04-01&checkout=2025-04-08&dest_id=-372490&dest_type=city&group_adults=2&req_adults=2&no_rooms=1&group_children=0&req_children=0&hpos=19&hapos=887&sr_order=popularity&srpvid=52a43c0f4b5000e9&srepoch=1737880455&all_sr_blocks=985513902_399861664_4_0_0&highlighted_blocks=985513902_399861664_4_0_0&matching_block_id=985513902_399861664_4_0_0&sr_pri_blocks=985513902_399861664_4_0_0__178378&from=searchresults
Tendency Rambla Catalunya,"Eixample, Barcelona",https://www.booking.com/hotel/es/apartment-miro-iv.html?label=gen173nr-1BCAEoggI46AdSAnVzWARoRogBAZgBMbgBGcgBD9gBAegBAYgCAagCA7gCmuTXvAbAAgHSAiQ3NGM3OTk4Ni0yY2UyLTQ1NGYtOGQwZS1lZTU4ZTdhMDAwZTHYAgXgAgE&sid=735f077cb553f5b5fb1805efac5f4fa0&aid=304142&ucfs=1&arphpl=1&checkin=2025-04-01&checkout=2025-04-08&dest_id=-372490&dest_type=city&group_adults=2&req_adults=2&no_rooms=1&group_children=0&req_children=0&hpos=20&hapos=888&sr_order=popularity&srpvid=52a43c0f4b5000e9&srepoch=1737880455&all_sr_blocks=132868501_372482576_5_0_0&highlighted_blocks=132868501_372482576_5_0_0&matching_block_id=132868501_372482576_5_0_0&sr_pri_blocks=132868501_372482576_5_0_0__232818&from=searchresults
Torres Rojo,"Gràcia, Barcelona",https://www.booking.com/hotel/es/torres-rojo.html?label=gen173nr-1BCAEoggI46AdSAnVzWARoRogBAZgBMbgBGcgBD9gBAegBAYgCAagCA7gCmuTXvAbAAgHSAiQ3NGM3OTk4Ni0yY2UyLTQ1NGYtOGQwZS1lZTU4ZTdhMDAwZTHYAgXgAgE&sid=735f077cb553f5b5fb1805efac5f4fa0&aid=304142&ucfs=1&arphpl=1&checkin=2025-04-01&checkout=2025-04-08&dest_id=-372490&dest_type=city&group_adults=2&req_adults=2&no_rooms=1&group_children=0&req_children=0&hpos=21&hapos=889&sr_order=popularity&srpvid=52a43c0f4b5000e9&srepoch=1737880455&all_sr_blocks=296438801_338517019_3_0_0&highlighted_blocks=296438801_338517019_3_0_0&matching_block_id=296438801_338517019_3_0_0&sr_pri_blocks=296438801_338517019_3_0_0__195990&from=searchresults
Stay Barcelona Sant Martí,"Sant Martí, Barcelona",https://www.booking.com/hotel/es/stay-barcelona-sant-marti.html?label=gen173nr-1BCAEoggI46AdSAnVzWARoRogBAZgBMbgBGcgBD9gBAegBAYgCAagCA7gCmuTXvAbAAgHSAiQ3NGM3OTk4Ni0yY2UyLTQ1NGYtOGQwZS1lZTU4ZTdhMDAwZTHYAgXgAgE&sid=735f077cb553f5b5fb1805efac5f4fa0&aid=304142&ucfs=1&arphpl=1&checkin=2025-04-01&checkout=2025-04-08&dest_id=-372490&dest_type=city&group_adults=2&req_adults=2&no_rooms=1&group_children=0&req_children=0&hpos=22&hapos=890&sr_order=popularity&srpvid=52a43c0f4b5000e9&srepoch=1737880455&all_sr_blocks=551295101_365585011_2_0_0&highlighted_blocks=551295101_365585011_2_0_0&matching_block_id=551295101_365585011_2_0_0&sr_pri_blocks=551295101_365585011_2_0_0__122632&from=searchresults
Ola Living Plaza Catalunya,"Eixample, Barcelona",https://www.booking.com/hotel/es/friendly-rentals-plaza-catalunya.html?label=gen173nr-1BCAEoggI46AdSAnVzWARoRogBAZgBMbgBGcgBD9gBAegBAYgCAagCA7gCmuTXvAbAAgHSAiQ3NGM3OTk4Ni0yY2UyLTQ1NGYtOGQwZS1lZTU4ZTdhMDAwZTHYAgXgAgE&sid=735f077cb553f5b5fb1805efac5f4fa0&aid=304142&ucfs=1&arphpl=1&checkin=2025-04-01&checkout=2025-04-08&dest_id=-372490&dest_type=city&group_adults=2&req_adults=2&no_rooms=1&group_children=0&req_children=0&hpos=23&hapos=891&sr_order=popularity&srpvid=52a43c0f4b5000e9&srepoch=1737880455&all_sr_blocks=105526103_212566732_4_0_0&highlighted_blocks=105526103_212566732_4_0_0&matching_block_id=105526103_212566732_4_0_0&sr_pri_blocks=105526103_212566732_4_0_0__163097&from=searchresults
Casa Cosi - Francoli 1,"Sarrià-St. Gervasi, Barcelona",https://www.booking.com/hotel/es/casa-cosi-francoli.html?label=gen173nr-1BCAEoggI46AdSAnVzWARoRogBAZgBMbgBGcgBD9gBAegBAYgCAagCA7gCmuTXvAbAAgHSAiQ3NGM3OTk4Ni0yY2UyLTQ1NGYtOGQwZS1lZTU4ZTdhMDAwZTHYAgXgAgE&sid=735f077cb553f5b5fb1805efac5f4fa0&aid=304142&ucfs=1&arphpl=1&checkin=2025-04-01&checkout=2025-04-08&dest_id=-372490&dest_type=city&group_adults=2&req_adults=2&no_rooms=1&group_children=0&req_children=0&hpos=24&hapos=892&sr_order=popularity&srpvid=52a43c0f4b5000e9&srepoch=1737880455&all_sr_blocks=481767801_377093758_0_0_0&highlighted_blocks=481767801_377093758_0_0_0&matching_block_id=481767801_377093758_0_0_0&sr_pri_blocks=481767801_377093758_0_0_0__230323&from=searchresults
AB Gracia Sant Salvador,"Gràcia, Barcelona",https://www.booking.com/hotel/es/b-amp-w-gracia.html?label=gen173nr-1BCAEoggI46AdSAnVzWARoRogBAZgBMbgBGcgBD9gBAegBAYgCAagCA7gCmuTXvAbAAgHSAiQ3NGM3OTk4Ni0yY2UyLTQ1NGYtOGQwZS1lZTU4ZTdhMDAwZTHYAgXgAgE&sid=735f077cb553f5b5fb1805efac5f4fa0&aid=304142&ucfs=1&arphpl=1&checkin=2025-04-01&checkout=2025-04-08&dest_id=-372490&dest_type=city&group_adults=2&req_adults=2&no_rooms=1&group_children=0&req_children=0&hpos=25&hapos=893&sr_order=popularity&srpvid=52a43c0f4b5000e9&srepoch=1737880455&all_sr_blocks=43678708_88500382_4_0_0&highlighted_blocks=43678708_88500382_4_0_0&matching_block_id=43678708_88500382_4_0_0&sr_pri_blocks=43678708_88500382_4_0_0__133332&from=searchresults
Stay U-nique Apartments Pasteur,"Horta-Guinardó, Barcelona",https://www.booking.com/hotel/es/cozy-studio-with-views-close-to-park-guell.html?label=gen173nr-1BCAEoggI46AdSAnVzWARoRogBAZgBMbgBGcgBD9gBAegBAYgCAagCA7gCmuTXvAbAAgHSAiQ3NGM3OTk4Ni0yY2UyLTQ1NGYtOGQwZS1lZTU4ZTdhMDAwZTHYAgXgAgE&sid=735f077cb553f5b5fb1805efac5f4fa0&aid=304142&ucfs=1&arphpl=1&checkin=2025-04-01&checkout=2025-04-08&dest_id=-372490&dest_type=city&group_adults=2&req_adults=2&no_rooms=1&group_children=0&req_children=0&hpos=1&hapos=894&sr_order=popularity&srpvid=52a43c0f4b5000e9&srepoch=1737880459&all_sr_blocks=764603002_334436498_0_0_0&highlighted_blocks=764603002_334436498_0_0_0&matching_block_id=764603002_334436498_0_0_0&sr_pri_blocks=764603002_334436498_0_0_0__102601&from=searchresults
P2ari1046 - Magnific 2Bed Apartment in the City Center,"Eixample, Barcelona",https://www.booking.com/hotel/es/p2ari476-magnific-2bed-apartment-in-the-city-center.html?label=gen173nr-1BCAEoggI46AdSAnVzWARoRogBAZgBMbgBGcgBD9gBAegBAYgCAagCA7gCmuTXvAbAAgHSAiQ3NGM3OTk4Ni0yY2UyLTQ1NGYtOGQwZS1lZTU4ZTdhMDAwZTHYAgXgAgE&sid=735f077cb553f5b5fb1805efac5f4fa0&aid=304142&ucfs=1&arphpl=1&checkin=2025-04-01&checkout=2025-04-08&dest_id=-372490&dest_type=city&group_adults=2&req_adults=2&no_rooms=1&group_children=0&req_children=0&hpos=2&hapos=895&sr_order=popularity&srpvid=52a43c0f4b5000e9&srepoch=1737880459&all_sr_blocks=991618202_372138044_2_0_0&highlighted_blocks=991618202_372138044_2_0_0&matching_block_id=991618202_372138044_2_0_0&sr_pri_blocks=991618202_372138044_2_0_0__140653&from=searchresults
catapor habitaciones para familias,"Ciutat Vella, Barcelona",https://www.booking.com/hotel/es/habitacion-con-bano-privado-para-4-personas.html?label=gen173nr-1BCAEoggI46AdSAnVzWARoRogBAZgBMbgBGcgBD9gBAegBAYgCAagCA7gCmuTXvAbAAgHSAiQ3NGM3OTk4Ni0yY2UyLTQ1NGYtOGQwZS1lZTU4ZTdhMDAwZTHYAgXgAgE&sid=735f077cb553f5b5fb1805efac5f4fa0&aid=304142&ucfs=1&arphpl=1&checkin=2025-04-01&checkout=2025-04-08&dest_id=-372490&dest_type=city&group_adults=2&req_adults=2&no_rooms=1&group_children=0&req_children=0&hpos=3&hapos=896&sr_order=popularity&srpvid=52a43c0f4b5000e9&srepoch=1737880459&all_sr_blocks=1256424002_398179111_7_0_0&highlighted_blocks=1256424002_398179111_7_0_0&matching_block_id=1256424002_398179111_7_0_0&sr_pri_blocks=1256424002_398179111_7_0_0__151150&from=searchresults
The Barcelona EDITION,"Ciutat Vella, Barcelona",https://www.booking.com/hotel/es/the-barcelona-edition.html?label=gen173nr-1BCAEoggI46AdSAnVzWARoRogBAZgBMbgBGcgBD9gBAegBAYgCAagCA7gCmuTXvAbAAgHSAiQ3NGM3OTk4Ni0yY2UyLTQ1NGYtOGQwZS1lZTU4ZTdhMDAwZTHYAgXgAgE&sid=735f077cb553f5b5fb1805efac5f4fa0&aid=304142&ucfs=1&arphpl=1&checkin=2025-04-01&checkout=2025-04-08&dest_id=-372490&dest_type=city&group_adults=2&req_adults=2&no_rooms=1&group_children=0&req_children=0&hpos=4&hapos=897&sr_order=popularity&srpvid=52a43c0f4b5000e9&srepoch=1737880459&all_sr_blocks=361366003_118726795_0_2_0&highlighted_blocks=361366003_118726795_0_2_0&matching_block_id=361366003_118726795_0_2_0&sr_pri_blocks=361366003_118726795_0_2_0__334510&from_sustainable_property_sr=1&from=searchresults
Renaissance Barcelona Hotel,"Eixample, Barcelona",https://www.booking.com/hotel/es/acdiplomatic.html?label=gen173nr-1BCAEoggI46AdSAnVzWARoRogBAZgBMbgBGcgBD9gBAegBAYgCAagCA7gCmuTXvAbAAgHSAiQ3NGM3OTk4Ni0yY2UyLTQ1NGYtOGQwZS1lZTU4ZTdhMDAwZTHYAgXgAgE&sid=735f077cb553f5b5fb1805efac5f4fa0&aid=304142&ucfs=1&arphpl=1&checkin=2025-04-01&checkout=2025-04-08&dest_id=-372490&dest_type=city&group_adults=2&req_adults=2&no_rooms=1&group_children=0&req_children=0&hpos=5&hapos=898&sr_order=popularity&srpvid=52a43c0f4b5000e9&srepoch=1737880459&all_sr_blocks=9081117_93709090_2_34_0&highlighted_blocks=9081117_93709090_2_34_0&matching_block_id=9081117_93709090_2_34_0&sr_pri_blocks=9081117_93709090_2_34_0__317240&from_sustainable_property_sr=1&from=searchresults
Casa Cosi Mallorca I,"Eixample, Barcelona",https://www.booking.com/hotel/es/casa-cosi-mallorca-i.html?label=gen173nr-1BCAEoggI46AdSAnVzWARoRogBAZgBMbgBGcgBD9gBAegBAYgCAagCA7gCmuTXvAbAAgHSAiQ3NGM3OTk4Ni0yY2UyLTQ1NGYtOGQwZS1lZTU4ZTdhMDAwZTHYAgXgAgE&sid=735f077cb553f5b5fb1805efac5f4fa0&aid=304142&ucfs=1&arphpl=1&checkin=2025-04-01&checkout=2025-04-08&dest_id=-372490&dest_type=city&group_adults=2&req_adults=2&no_rooms=1&group_children=0&req_children=0&hpos=6&hapos=899&sr_order=popularity&srpvid=52a43c0f4b5000e9&srepoch=1737880459&all_sr_blocks=227412701_377093038_0_0_0&highlighted_blocks=227412701_377093038_0_0_0&matching_block_id=227412701_377093038_0_0_0&sr_pri_blocks=227412701_377093038_0_0_0__273986&from=searchresults
LucasLand Apartments Barcelona,"Eixample, Barcelona",https://www.booking.com/hotel/es/lucasland-apartments-barcelona.html?label=gen173nr-1BCAEoggI46AdSAnVzWARoRogBAZgBMbgBGcgBD9gBAegBAYgCAagCA7gCmuTXvAbAAgHSAiQ3NGM3OTk4Ni0yY2UyLTQ1NGYtOGQwZS1lZTU4ZTdhMDAwZTHYAgXgAgE&sid=735f077cb553f5b5fb1805efac5f4fa0&aid=304142&ucfs=1&arphpl=1&checkin=2025-04-01&checkout=2025-04-08&dest_id=-372490&dest_type=city&group_adults=2&req_adults=2&no_rooms=1&group_children=0&req_children=0&hpos=7&hapos=900&sr_order=popularity&srpvid=52a43c0f4b5000e9&srepoch=1737880459&all_sr_blocks=593441305_232652023_4_0_0&highlighted_blocks=593441305_232652023_4_0_0&matching_block_id=593441305_232652023_4_0_0&sr_pri_blocks=593441305_232652023_4_0_0__261832&from=searchresults
Spacious and comfortable Apt in the city center,"Eixample, Barcelona",https://www.booking.com/hotel/es/eixample13.html?label=gen173nr-1BCAEoggI46AdSAnVzWARoRogBAZgBMbgBGcgBD9gBAegBAYgCAagCA7gCmuTXvAbAAgHSAiQ3NGM3OTk4Ni0yY2UyLTQ1NGYtOGQwZS1lZTU4ZTdhMDAwZTHYAgXgAgE&sid=735f077cb553f5b5fb1805efac5f4fa0&aid=304142&ucfs=1&arphpl=1&checkin=2025-04-01&checkout=2025-04-08&dest_id=-372490&dest_type=city&group_adults=2&req_adults=2&no_rooms=1&group_children=0&req_children=0&hpos=8&hapos=901&sr_order=popularity&srpvid=52a43c0f4b5000e9&srepoch=1737880459&all_sr_blocks=647614302_265849878_6_0_0_310326&highlighted_blocks=647614302_265849878_6_0_0_310326&matching_block_id=647614302_265849878_6_0_0_310326&sr_pri_blocks=647614302_265849878_6_0_0_310326_213461&from=searchresults
ARCELON HOTEL - New from 2023,"Sant Andreu, Barcelona",https://www.booking.com/hotel/es/arcelon.html?label=gen173nr-1BCAEoggI46AdSAnVzWARoRogBAZgBMbgBGcgBD9gBAegBAYgCAagCA7gCmuTXvAbAAgHSAiQ3NGM3OTk4Ni0yY2UyLTQ1NGYtOGQwZS1lZTU4ZTdhMDAwZTHYAgXgAgE&sid=735f077cb553f5b5fb1805efac5f4fa0&aid=304142&ucfs=1&arphpl=1&checkin=2025-04-01&checkout=2025-04-08&dest_id=-372490&dest_type=city&group_adults=2&req_adults=2&no_rooms=1&group_children=0&req_children=0&hpos=9&hapos=902&sr_order=popularity&srpvid=52a43c0f4b5000e9&srepoch=1737880459&all_sr_blocks=873414409_356160067_0_2_0&highlighted_blocks=873414409_356160067_0_2_0&matching_block_id=873414409_356160067_0_2_0&sr_pri_blocks=873414409_356160067_0_2_0__124978&from=searchresults
The MO GOTIC,"Ciutat Vella, Barcelona",https://www.booking.com/hotel/es/the-mo-house-gotic.html?label=gen173nr-1BCAEoggI46AdSAnVzWARoRogBAZgBMbgBGcgBD9gBAegBAYgCAagCA7gCmuTXvAbAAgHSAiQ3NGM3OTk4Ni0yY2UyLTQ1NGYtOGQwZS1lZTU4ZTdhMDAwZTHYAgXgAgE&sid=735f077cb553f5b5fb1805efac5f4fa0&aid=304142&ucfs=1&arphpl=1&checkin=2025-04-01&checkout=2025-04-08&dest_id=-372490&dest_type=city&group_adults=2&req_adults=2&no_rooms=1&group_children=0&req_children=0&hpos=10&hapos=903&sr_order=popularity&srpvid=52a43c0f4b5000e9&srepoch=1737880459&all_sr_blocks=889657303_359000548_2_0_0&highlighted_blocks=889657303_359000548_2_0_0&matching_block_id=889657303_359000548_2_0_0&sr_pri_blocks=889657303_359000548_2_0_0__95900&from=searchresults
Absolute Sagrada Familia,"Eixample, Barcelona",https://www.booking.com/hotel/es/gaudia-s-nest-apartments.html?label=gen173nr-1BCAEoggI46AdSAnVzWARoRogBAZgBMbgBGcgBD9gBAegBAYgCAagCA7gCmuTXvAbAAgHSAiQ3NGM3OTk4Ni0yY2UyLTQ1NGYtOGQwZS1lZTU4ZTdhMDAwZTHYAgXgAgE&sid=735f077cb553f5b5fb1805efac5f4fa0&aid=304142&ucfs=1&arphpl=1&checkin=2025-04-01&checkout=2025-04-08&dest_id=-372490&dest_type=city&group_adults=2&req_adults=2&no_rooms=1&group_children=0&req_children=0&hpos=11&hapos=904&sr_order=popularity&srpvid=52a43c0f4b5000e9&srepoch=1737880459&all_sr_blocks=87742604_374391851_2_0_0&highlighted_blocks=87742604_374391851_2_0_0&matching_block_id=87742604_374391851_2_0_0&sr_pri_blocks=87742604_374391851_2_0_0__214178&from=searchresults
Canela Homes BARCELONA ARAGÓ,"Eixample, Barcelona",https://www.booking.com/hotel/es/canela-homes-barcelona-arago.html?label=gen173nr-1BCAEoggI46AdSAnVzWARoRogBAZgBMbgBGcgBD9gBAegBAYgCAagCA7gCmuTXvAbAAgHSAiQ3NGM3OTk4Ni0yY2UyLTQ1NGYtOGQwZS1lZTU4ZTdhMDAwZTHYAgXgAgE&sid=735f077cb553f5b5fb1805efac5f4fa0&aid=304142&ucfs=1&arphpl=1&checkin=2025-04-01&checkout=2025-04-08&dest_id=-372490&dest_type=city&group_adults=2&req_adults=2&no_rooms=1&group_children=0&req_children=0&hpos=12&hapos=905&sr_order=popularity&srpvid=52a43c0f4b5000e9&srepoch=1737880459&all_sr_blocks=1084463201_381351745_4_0_0&highlighted_blocks=1084463201_381351745_4_0_0&matching_block_id=1084463201_381351745_4_0_0&sr_pri_blocks=1084463201_381351745_4_0_0__214862&from=searchresults
Majestic Hotel & Spa Barcelona GL,"Eixample, Barcelona",https://www.booking.com/hotel/es/majestic.html?label=gen173nr-1BCAEoggI46AdSAnVzWARoRogBAZgBMbgBGcgBD9gBAegBAYgCAagCA7gCmuTXvAbAAgHSAiQ3NGM3OTk4Ni0yY2UyLTQ1NGYtOGQwZS1lZTU4ZTdhMDAwZTHYAgXgAgE&sid=735f077cb553f5b5fb1805efac5f4fa0&aid=304142&ucfs=1&arphpl=1&checkin=2025-04-01&checkout=2025-04-08&dest_id=-372490&dest_type=city&group_adults=2&req_adults=2&no_rooms=1&group_children=0&req_children=0&hpos=13&hapos=906&sr_order=popularity&srpvid=52a43c0f4b5000e9&srepoch=1737880459&all_sr_blocks=9102027_88190397_0_2_0_236067&highlighted_blocks=9102027_88190397_0_2_0_236067&matching_block_id=9102027_88190397_0_2_0_236067&sr_pri_blocks=9102027_88190397_0_2_0_236067_382150&from_sustainable_property_sr=1&from=searchresults
Happy People Ramblas Harbour Apartments,"Sants-Montjuïc, Barcelona",https://www.booking.com/hotel/es/happy-people-ramblas-harbour-apartments.html?label=gen173nr-1BCAEoggI46AdSAnVzWARoRogBAZgBMbgBGcgBD9gBAegBAYgCAagCA7gCmuTXvAbAAgHSAiQ3NGM3OTk4Ni0yY2UyLTQ1NGYtOGQwZS1lZTU4ZTdhMDAwZTHYAgXgAgE&sid=735f077cb553f5b5fb1805efac5f4fa0&aid=304142&ucfs=1&arphpl=1&checkin=2025-04-01&checkout=2025-04-08&dest_id=-372490&dest_type=city&group_adults=2&req_adults=2&no_rooms=1&group_children=0&req_children=0&hpos=14&hapos=907&sr_order=popularity&srpvid=52a43c0f4b5000e9&srepoch=1737880459&all_sr_blocks=59281001_91935562_4_0_0&highlighted_blocks=59281001_91935562_4_0_0&matching_block_id=59281001_91935562_4_0_0&sr_pri_blocks=59281001_91935562_4_0_0__366932&from_sustainable_property_sr=1&from=searchresults
Key Barcelona HOUSING (Carrer Girona),"Eixample, Barcelona",https://www.booking.com/hotel/es/key-barcelona-housing-carrer-girona.html?label=gen173nr-1BCAEoggI46AdSAnVzWARoRogBAZgBMbgBGcgBD9gBAegBAYgCAagCA7gCmuTXvAbAAgHSAiQ3NGM3OTk4Ni0yY2UyLTQ1NGYtOGQwZS1lZTU4ZTdhMDAwZTHYAgXgAgE&sid=735f077cb553f5b5fb1805efac5f4fa0&aid=304142&ucfs=1&arphpl=1&checkin=2025-04-01&checkout=2025-04-08&dest_id=-372490&dest_type=city&group_adults=2&req_adults=2&no_rooms=1&group_children=0&req_children=0&hpos=15&hapos=908&sr_order=popularity&srpvid=52a43c0f4b5000e9&srepoch=1737880459&all_sr_blocks=436710312_181353802_4_0_0_502526&highlighted_blocks=436710312_181353802_4_0_0_502526&matching_block_id=436710312_181353802_4_0_0_502526&sr_pri_blocks=436710312_181353802_4_0_0_502526_368405&from=searchresults
Hostal River,"Ciutat Vella, Barcelona",https://www.booking.com/hotel/es/hostal-river.html?label=gen173nr-1BCAEoggI46AdSAnVzWARoRogBAZgBMbgBGcgBD9gBAegBAYgCAagCA7gCmuTXvAbAAgHSAiQ3NGM3OTk4Ni0yY2UyLTQ1NGYtOGQwZS1lZTU4ZTdhMDAwZTHYAgXgAgE&sid=735f077cb553f5b5fb1805efac5f4fa0&aid=304142&ucfs=1&arphpl=1&checkin=2025-04-01&checkout=2025-04-08&dest_id=-372490&dest_type=city&group_adults=2&req_adults=2&no_rooms=1&group_children=0&req_children=0&hpos=16&hapos=909&sr_order=popularity&srpvid=52a43c0f4b5000e9&srepoch=1737880459&all_sr_blocks=46307801_88209677_0_0_0_522108&highlighted_blocks=46307801_88209677_0_0_0_522108&matching_block_id=46307801_88209677_0_0_0_522108&sr_pri_blocks=46307801_88209677_0_0_0_522108_75600&from=searchresults
Pensión Teruel,"Ciutat Vella, Barcelona",https://www.booking.com/hotel/es/pensia3n-teruel.html?label=gen173nr-1BCAEoggI46AdSAnVzWARoRogBAZgBMbgBGcgBD9gBAegBAYgCAagCA7gCmuTXvAbAAgHSAiQ3NGM3OTk4Ni0yY2UyLTQ1NGYtOGQwZS1lZTU4ZTdhMDAwZTHYAgXgAgE&sid=735f077cb553f5b5fb1805efac5f4fa0&aid=304142&ucfs=1&arphpl=1&checkin=2025-04-01&checkout=2025-04-08&dest_id=-372490&dest_type=city&group_adults=2&req_adults=2&no_rooms=1&group_children=0&req_children=0&hpos=17&hapos=910&sr_order=popularity&srpvid=52a43c0f4b5000e9&srepoch=1737880459&all_sr_blocks=39882602_118621114_2_0_0&highlighted_blocks=39882602_118621114_2_0_0&matching_block_id=39882602_118621114_2_0_0&sr_pri_blocks=39882602_118621114_2_0_0__65700&from=searchresults
Hostal Goya,"Eixample, Barcelona",https://www.booking.com/hotel/es/hostal-goya-apartments.html?label=gen173nr-1BCAEoggI46AdSAnVzWARoRogBAZgBMbgBGcgBD9gBAegBAYgCAagCA7gCmuTXvAbAAgHSAiQ3NGM3OTk4Ni0yY2UyLTQ1NGYtOGQwZS1lZTU4ZTdhMDAwZTHYAgXgAgE&sid=735f077cb553f5b5fb1805efac5f4fa0&aid=304142&ucfs=1&arphpl=1&checkin=2025-04-01&checkout=2025-04-08&dest_id=-372490&dest_type=city&group_adults=2&req_adults=2&no_rooms=1&group_children=0&req_children=0&hpos=18&hapos=911&sr_order=popularity&srpvid=52a43c0f4b5000e9&srepoch=1737880459&all_sr_blocks=28713601_91918550_2_0_0&highlighted_blocks=28713601_91918550_2_0_0&matching_block_id=28713601_91918550_2_0_0&sr_pri_blocks=28713601_91918550_2_0_0__145402&from=searchresults
Sagrada Familia LEPANT,"Eixample, Barcelona",https://www.booking.com/hotel/es/sagrada-familia-lepant-barcelona1.html?label=gen173nr-1BCAEoggI46AdSAnVzWARoRogBAZgBMbgBGcgBD9gBAegBAYgCAagCA7gCmuTXvAbAAgHSAiQ3NGM3OTk4Ni0yY2UyLTQ1NGYtOGQwZS1lZTU4ZTdhMDAwZTHYAgXgAgE&sid=735f077cb553f5b5fb1805efac5f4fa0&aid=304142&ucfs=1&arphpl=1&checkin=2025-04-01&checkout=2025-04-08&dest_id=-372490&dest_type=city&group_adults=2&req_adults=2&no_rooms=1&group_children=0&req_children=0&hpos=19&hapos=912&sr_order=popularity&srpvid=52a43c0f4b5000e9&srepoch=1737880459&all_sr_blocks=836730102_349277612_3_0_0_502519&highlighted_blocks=836730102_349277612_3_0_0_502519&matching_block_id=836730102_349277612_3_0_0_502519&sr_pri_blocks=836730102_349277612_3_0_0_502519_247470&from=searchresults
Citytrip Poble Nou Beach,"Sant Martí, Barcelona",https://www.booking.com/hotel/es/citytrip-poble-nou-beach.html?label=gen173nr-1BCAEoggI46AdSAnVzWARoRogBAZgBMbgBGcgBD9gBAegBAYgCAagCA7gCmuTXvAbAAgHSAiQ3NGM3OTk4Ni0yY2UyLTQ1NGYtOGQwZS1lZTU4ZTdhMDAwZTHYAgXgAgE&sid=735f077cb553f5b5fb1805efac5f4fa0&aid=304142&ucfs=1&arphpl=1&checkin=2025-04-01&checkout=2025-04-08&dest_id=-372490&dest_type=city&group_adults=2&req_adults=2&no_rooms=1&group_children=0&req_children=0&hpos=20&hapos=913&sr_order=popularity&srpvid=52a43c0f4b5000e9&srepoch=1737880459&all_sr_blocks=41930901_88500024_0_0_0&highlighted_blocks=41930901_88500024_0_0_0&matching_block_id=41930901_88500024_0_0_0&sr_pri_blocks=41930901_88500024_0_0_0__116137&from=searchresults
Stay U-nique Apartments Sant Antoni,"Eixample, Barcelona",https://www.booking.com/hotel/es/spacious-4bed2bath-apartment-in-sant-antoni.html?label=gen173nr-1BCAEoggI46AdSAnVzWARoRogBAZgBMbgBGcgBD9gBAegBAYgCAagCA7gCmuTXvAbAAgHSAiQ3NGM3OTk4Ni0yY2UyLTQ1NGYtOGQwZS1lZTU4ZTdhMDAwZTHYAgXgAgE&sid=735f077cb553f5b5fb1805efac5f4fa0&aid=304142&ucfs=1&arphpl=1&checkin=2025-04-01&checkout=2025-04-08&dest_id=-372490&dest_type=city&group_adults=2&req_adults=2&no_rooms=1&group_children=0&req_children=0&hpos=21&hapos=914&sr_order=popularity&srpvid=52a43c0f4b5000e9&srepoch=1737880459&all_sr_blocks=764602902_333972738_0_0_0&highlighted_blocks=764602902_333972738_0_0_0&matching_block_id=764602902_333972738_0_0_0&sr_pri_blocks=764602902_333972738_0_0_0__186555&from=searchresults
La Maison de Barcelone,"Eixample, Barcelona",https://www.booking.com/hotel/es/suites-bcn-rambla.html?label=gen173nr-1BCAEoggI46AdSAnVzWARoRogBAZgBMbgBGcgBD9gBAegBAYgCAagCA7gCmuTXvAbAAgHSAiQ3NGM3OTk4Ni0yY2UyLTQ1NGYtOGQwZS1lZTU4ZTdhMDAwZTHYAgXgAgE&sid=735f077cb553f5b5fb1805efac5f4fa0&aid=304142&ucfs=1&arphpl=1&checkin=2025-04-01&checkout=2025-04-08&dest_id=-372490&dest_type=city&group_adults=2&req_adults=2&no_rooms=1&group_children=0&req_children=0&hpos=22&hapos=915&sr_order=popularity&srpvid=52a43c0f4b5000e9&srepoch=1737880459&all_sr_blocks=770543302_334897622_0_0_0&highlighted_blocks=770543302_334897622_0_0_0&matching_block_id=770543302_334897622_0_0_0&sr_pri_blocks=770543302_334897622_0_0_0__193793&from=searchresults
63PAR1016- Sunny apartment in Paralel,"Sants-Montjuïc, Barcelona",https://www.booking.com/hotel/es/63par275-sunny-apartment-in-paralel.html?label=gen173nr-1BCAEoggI46AdSAnVzWARoRogBAZgBMbgBGcgBD9gBAegBAYgCAagCA7gCmuTXvAbAAgHSAiQ3NGM3OTk4Ni0yY2UyLTQ1NGYtOGQwZS1lZTU4ZTdhMDAwZTHYAgXgAgE&sid=735f077cb553f5b5fb1805efac5f4fa0&aid=304142&ucfs=1&arphpl=1&checkin=2025-04-01&checkout=2025-04-08&dest_id=-372490&dest_type=city&group_adults=2&req_adults=2&no_rooms=1&group_children=0&req_children=0&hpos=23&hapos=916&sr_order=popularity&srpvid=52a43c0f4b5000e9&srepoch=1737880459&all_sr_blocks=878123102_376044979_2_0_0&highlighted_blocks=878123102_376044979_2_0_0&matching_block_id=878123102_376044979_2_0_0&sr_pri_blocks=878123102_376044979_2_0_0__123109&from=searchresults
Casa Cosi - Casanova 3,"Eixample, Barcelona",https://www.booking.com/hotel/es/casa-cosi-casanova-3.html?label=gen173nr-1BCAEoggI46AdSAnVzWARoRogBAZgBMbgBGcgBD9gBAegBAYgCAagCA7gCmuTXvAbAAgHSAiQ3NGM3OTk4Ni0yY2UyLTQ1NGYtOGQwZS1lZTU4ZTdhMDAwZTHYAgXgAgE&sid=735f077cb553f5b5fb1805efac5f4fa0&aid=304142&ucfs=1&arphpl=1&checkin=2025-04-01&checkout=2025-04-08&dest_id=-372490&dest_type=city&group_adults=2&req_adults=2&no_rooms=1&group_children=0&req_children=0&hpos=24&hapos=917&sr_order=popularity&srpvid=52a43c0f4b5000e9&srepoch=1737880459&all_sr_blocks=814034602_362247683_0_0_0&highlighted_blocks=814034602_362247683_0_0_0&matching_block_id=814034602_362247683_0_0_0&sr_pri_blocks=814034602_362247683_0_0_0__290382&from=searchresults
2905 - AB Comte d´Urgell,"Eixample, Barcelona",https://www.booking.com/hotel/es/2905-ab-comte-d-urgell.html?label=gen173nr-1BCAEoggI46AdSAnVzWARoRogBAZgBMbgBGcgBD9gBAegBAYgCAagCA7gCmuTXvAbAAgHSAiQ3NGM3OTk4Ni0yY2UyLTQ1NGYtOGQwZS1lZTU4ZTdhMDAwZTHYAgXgAgE&sid=735f077cb553f5b5fb1805efac5f4fa0&aid=304142&ucfs=1&arphpl=1&checkin=2025-04-01&checkout=2025-04-08&dest_id=-372490&dest_type=city&group_adults=2&req_adults=2&no_rooms=1&group_children=0&req_children=0&hpos=25&hapos=918&sr_order=popularity&srpvid=52a43c0f4b5000e9&srepoch=1737880459&all_sr_blocks=1343131802_406727145_3_0_0&highlighted_blocks=1343131802_406727145_3_0_0&matching_block_id=1343131802_406727145_3_0_0&sr_pri_blocks=1343131802_406727145_3_0_0__141940&from=searchresults
Canela Homes BARCELONA FIRA,"Sants-Montjuïc, Barcelona",https://www.booking.com/hotel/es/canela-homes-barcelona-fira.html?label=gen173nr-1BCAEoggI46AdSAnVzWARoRogBAZgBMbgBGcgBD9gBAegBAYgCAagCA7gCmuTXvAbAAgHSAiQ3NGM3OTk4Ni0yY2UyLTQ1NGYtOGQwZS1lZTU4ZTdhMDAwZTHYAgXgAgE&sid=735f077cb553f5b5fb1805efac5f4fa0&aid=304142&ucfs=1&arphpl=1&checkin=2025-04-01&checkout=2025-04-08&dest_id=-372490&dest_type=city&group_adults=2&req_adults=2&no_rooms=1&group_children=0&req_children=0&hpos=1&hapos=919&sr_order=popularity&srpvid=52a43c0f4b5000e9&srepoch=1737880463&all_sr_blocks=1096340201_382529141_4_0_0&highlighted_blocks=1096340201_382529141_4_0_0&matching_block_id=1096340201_382529141_4_0_0&sr_pri_blocks=1096340201_382529141_4_0_0__220601&from=searchresults
Numa I Lustre Apartments,"Ciutat Vella, Barcelona",https://www.booking.com/hotel/es/friendly-rentals-mozart.html?label=gen173nr-1BCAEoggI46AdSAnVzWARoRogBAZgBMbgBGcgBD9gBAegBAYgCAagCA7gCmuTXvAbAAgHSAiQ3NGM3OTk4Ni0yY2UyLTQ1NGYtOGQwZS1lZTU4ZTdhMDAwZTHYAgXgAgE&sid=735f077cb553f5b5fb1805efac5f4fa0&aid=304142&ucfs=1&arphpl=1&checkin=2025-04-01&checkout=2025-04-08&dest_id=-372490&dest_type=city&group_adults=2&req_adults=2&no_rooms=1&group_children=0&req_children=0&hpos=2&hapos=920&sr_order=popularity&srpvid=52a43c0f4b5000e9&srepoch=1737880463&all_sr_blocks=88381101_356261907_2_2_0&highlighted_blocks=88381101_356261907_2_2_0&matching_block_id=88381101_356261907_2_2_0&sr_pri_blocks=88381101_356261907_2_2_0__173000&from=searchresults
Stay U-nique Apartments Gaudi I,"Eixample, Barcelona",https://www.booking.com/hotel/es/stay-u-nique-apartments-gaudi-i.html?label=gen173nr-1BCAEoggI46AdSAnVzWARoRogBAZgBMbgBGcgBD9gBAegBAYgCAagCA7gCmuTXvAbAAgHSAiQ3NGM3OTk4Ni0yY2UyLTQ1NGYtOGQwZS1lZTU4ZTdhMDAwZTHYAgXgAgE&sid=735f077cb553f5b5fb1805efac5f4fa0&aid=304142&ucfs=1&arphpl=1&checkin=2025-04-01&checkout=2025-04-08&dest_id=-372490&dest_type=city&group_adults=2&req_adults=2&no_rooms=1&group_children=0&req_children=0&hpos=3&hapos=921&sr_order=popularity&srpvid=52a43c0f4b5000e9&srepoch=1737880463&all_sr_blocks=1089902613_381892732_0_0_0&highlighted_blocks=1089902613_381892732_0_0_0&matching_block_id=1089902613_381892732_0_0_0&sr_pri_blocks=1089902613_381892732_0_0_0__192081&from=searchresults
Canela Homes BARCELONA BALMES,"Eixample, Barcelona",https://www.booking.com/hotel/es/canela-homes-barcelona-balmes.html?label=gen173nr-1BCAEoggI46AdSAnVzWARoRogBAZgBMbgBGcgBD9gBAegBAYgCAagCA7gCmuTXvAbAAgHSAiQ3NGM3OTk4Ni0yY2UyLTQ1NGYtOGQwZS1lZTU4ZTdhMDAwZTHYAgXgAgE&sid=735f077cb553f5b5fb1805efac5f4fa0&aid=304142&ucfs=1&arphpl=1&checkin=2025-04-01&checkout=2025-04-08&dest_id=-372490&dest_type=city&group_adults=2&req_adults=2&no_rooms=1&group_children=0&req_children=0&hpos=4&hapos=922&sr_order=popularity&srpvid=52a43c0f4b5000e9&srepoch=1737880463&all_sr_blocks=1064657701_378853184_6_0_0&highlighted_blocks=1064657701_378853184_6_0_0&matching_block_id=1064657701_378853184_6_0_0&sr_pri_blocks=1064657701_378853184_6_0_0__294219&from=searchresults
Habitat Apartments Ferran,"Ciutat Vella, Barcelona",https://www.booking.com/hotel/es/habitat-apartments-ferran.html?label=gen173nr-1BCAEoggI46AdSAnVzWARoRogBAZgBMbgBGcgBD9gBAegBAYgCAagCA7gCmuTXvAbAAgHSAiQ3NGM3OTk4Ni0yY2UyLTQ1NGYtOGQwZS1lZTU4ZTdhMDAwZTHYAgXgAgE&sid=735f077cb553f5b5fb1805efac5f4fa0&aid=304142&ucfs=1&arphpl=1&checkin=2025-04-01&checkout=2025-04-08&dest_id=-372490&dest_type=city&group_adults=2&req_adults=2&no_rooms=1&group_children=0&req_children=0&hpos=5&hapos=923&sr_order=popularity&srpvid=52a43c0f4b5000e9&srepoch=1737880463&all_sr_blocks=86623303_88418498_0_0_0&highlighted_blocks=86623303_88418498_0_0_0&matching_block_id=86623303_88418498_0_0_0&sr_pri_blocks=86623303_88418498_0_0_0__393252&from=searchresults
Stylish Apartment with Terrace for Couple or Family,"Sants-Montjuïc, Barcelona",https://www.booking.com/hotel/es/amazing-new-apartment-in-the-heart-of-barcelona.html?label=gen173nr-1BCAEoggI46AdSAnVzWARoRogBAZgBMbgBGcgBD9gBAegBAYgCAagCA7gCmuTXvAbAAgHSAiQ3NGM3OTk4Ni0yY2UyLTQ1NGYtOGQwZS1lZTU4ZTdhMDAwZTHYAgXgAgE&sid=735f077cb553f5b5fb1805efac5f4fa0&aid=304142&ucfs=1&arphpl=1&checkin=2025-04-01&checkout=2025-04-08&dest_id=-372490&dest_type=city&group_adults=2&req_adults=2&no_rooms=1&group_children=0&req_children=0&hpos=6&hapos=924&sr_order=popularity&srpvid=52a43c0f4b5000e9&srepoch=1737880463&all_sr_blocks=340884401_374777324_2_0_0&highlighted_blocks=340884401_374777324_2_0_0&matching_block_id=340884401_374777324_2_0_0&sr_pri_blocks=340884401_374777324_2_0_0__204140&from=searchresults
DO Plaça Reial powered by Sonder,"Ciutat Vella, Barcelona",https://www.booking.com/hotel/es/do.html?label=gen173nr-1BCAEoggI46AdSAnVzWARoRogBAZgBMbgBGcgBD9gBAegBAYgCAagCA7gCmuTXvAbAAgHSAiQ3NGM3OTk4Ni0yY2UyLTQ1NGYtOGQwZS1lZTU4ZTdhMDAwZTHYAgXgAgE&sid=735f077cb553f5b5fb1805efac5f4fa0&aid=304142&ucfs=1&arphpl=1&checkin=2025-04-01&checkout=2025-04-08&dest_id=-372490&dest_type=city&group_adults=2&req_adults=2&no_rooms=1&group_children=0&req_children=0&hpos=7&hapos=925&sr_order=popularity&srpvid=52a43c0f4b5000e9&srepoch=1737880463&all_sr_blocks=37584714_88208115_2_2_0&highlighted_blocks=37584714_88208115_2_2_0&matching_block_id=37584714_88208115_2_2_0&sr_pri_blocks=37584714_88208115_2_2_0__245100&from=searchresults
AB Cozy Flat in El Born,"Ciutat Vella, Barcelona",https://www.booking.com/hotel/es/4070-ab-cozy-flat-in-el-born.html?label=gen173nr-1BCAEoggI46AdSAnVzWARoRogBAZgBMbgBGcgBD9gBAegBAYgCAagCA7gCmuTXvAbAAgHSAiQ3NGM3OTk4Ni0yY2UyLTQ1NGYtOGQwZS1lZTU4ZTdhMDAwZTHYAgXgAgE&sid=735f077cb553f5b5fb1805efac5f4fa0&aid=304142&ucfs=1&arphpl=1&checkin=2025-04-01&checkout=2025-04-08&dest_id=-372490&dest_type=city&group_adults=2&req_adults=2&no_rooms=1&group_children=0&req_children=0&hpos=8&hapos=926&sr_order=popularity&srpvid=52a43c0f4b5000e9&srepoch=1737880463&all_sr_blocks=985491502_371651991_4_0_0&highlighted_blocks=985491502_371651991_4_0_0&matching_block_id=985491502_371651991_4_0_0&sr_pri_blocks=985491502_371651991_4_0_0__164892&from=searchresults
"Hotel Bagués, a Small Luxury Hotel of the World","Ciutat Vella, Barcelona",https://www.booking.com/hotel/es/bagues.html?label=gen173nr-1BCAEoggI46AdSAnVzWARoRogBAZgBMbgBGcgBD9gBAegBAYgCAagCA7gCmuTXvAbAAgHSAiQ3NGM3OTk4Ni0yY2UyLTQ1NGYtOGQwZS1lZTU4ZTdhMDAwZTHYAgXgAgE&sid=735f077cb553f5b5fb1805efac5f4fa0&aid=304142&ucfs=1&arphpl=1&checkin=2025-04-01&checkout=2025-04-08&dest_id=-372490&dest_type=city&group_adults=2&req_adults=2&no_rooms=1&group_children=0&req_children=0&hpos=9&hapos=927&sr_order=popularity&srpvid=52a43c0f4b5000e9&srepoch=1737880463&all_sr_blocks=31588401_88207184_0_2_0&highlighted_blocks=31588401_88207184_0_2_0&matching_block_id=31588401_88207184_0_2_0&sr_pri_blocks=31588401_88207184_0_2_0__272550&from=searchresults
Stay U-nique Apartments Manso,"Eixample, Barcelona",https://www.booking.com/hotel/es/bright-2-bedroom-apartment-near-sant-antoni-market.html?label=gen173nr-1BCAEoggI46AdSAnVzWARoRogBAZgBMbgBGcgBD9gBAegBAYgCAagCA7gCmuTXvAbAAgHSAiQ3NGM3OTk4Ni0yY2UyLTQ1NGYtOGQwZS1lZTU4ZTdhMDAwZTHYAgXgAgE&sid=735f077cb553f5b5fb1805efac5f4fa0&aid=304142&ucfs=1&arphpl=1&checkin=2025-04-01&checkout=2025-04-08&dest_id=-372490&dest_type=city&group_adults=2&req_adults=2&no_rooms=1&group_children=0&req_children=0&hpos=10&hapos=928&sr_order=popularity&srpvid=52a43c0f4b5000e9&srepoch=1737880463&all_sr_blocks=765887202_334125074_0_0_0&highlighted_blocks=765887202_334125074_0_0_0&matching_block_id=765887202_334125074_0_0_0&sr_pri_blocks=765887202_334125074_0_0_0__148386&from=searchresults
Habitat Apartments Hot Jazz,"Sant Martí, Barcelona",https://www.booking.com/hotel/es/habitat-apartments-hot-jazz.html?label=gen173nr-1BCAEoggI46AdSAnVzWARoRogBAZgBMbgBGcgBD9gBAegBAYgCAagCA7gCmuTXvAbAAgHSAiQ3NGM3OTk4Ni0yY2UyLTQ1NGYtOGQwZS1lZTU4ZTdhMDAwZTHYAgXgAgE&sid=735f077cb553f5b5fb1805efac5f4fa0&aid=304142&ucfs=1&arphpl=1&checkin=2025-04-01&checkout=2025-04-08&dest_id=-372490&dest_type=city&group_adults=2&req_adults=2&no_rooms=1&group_children=0&req_children=0&hpos=11&hapos=929&sr_order=popularity&srpvid=52a43c0f4b5000e9&srepoch=1737880463&all_sr_blocks=170548808_90028608_0_0_0&highlighted_blocks=170548808_90028608_0_0_0&matching_block_id=170548808_90028608_0_0_0&sr_pri_blocks=170548808_90028608_0_0_0__195572&from=searchresults
BCN Town Apartments Portaferrissa,"Ciutat Vella, Barcelona",https://www.booking.com/hotel/es/bcn-town-apartments-portaferrissa.html?label=gen173nr-1BCAEoggI46AdSAnVzWARoRogBAZgBMbgBGcgBD9gBAegBAYgCAagCA7gCmuTXvAbAAgHSAiQ3NGM3OTk4Ni0yY2UyLTQ1NGYtOGQwZS1lZTU4ZTdhMDAwZTHYAgXgAgE&sid=735f077cb553f5b5fb1805efac5f4fa0&aid=304142&ucfs=1&arphpl=1&checkin=2025-04-01&checkout=2025-04-08&dest_id=-372490&dest_type=city&group_adults=2&req_adults=2&no_rooms=1&group_children=0&req_children=0&hpos=12&hapos=930&sr_order=popularity&srpvid=52a43c0f4b5000e9&srepoch=1737880463&all_sr_blocks=107004005_341013069_2_0_0&highlighted_blocks=107004005_341013069_2_0_0&matching_block_id=107004005_341013069_2_0_0&sr_pri_blocks=107004005_341013069_2_0_0__288267&from=searchresults
Casa Cosi - Putxet 3,"Sarrià-St. Gervasi, Barcelona",https://www.booking.com/hotel/es/casa-cosi-putxet-3.html?label=gen173nr-1BCAEoggI46AdSAnVzWARoRogBAZgBMbgBGcgBD9gBAegBAYgCAagCA7gCmuTXvAbAAgHSAiQ3NGM3OTk4Ni0yY2UyLTQ1NGYtOGQwZS1lZTU4ZTdhMDAwZTHYAgXgAgE&sid=735f077cb553f5b5fb1805efac5f4fa0&aid=304142&ucfs=1&arphpl=1&checkin=2025-04-01&checkout=2025-04-08&dest_id=-372490&dest_type=city&group_adults=2&req_adults=2&no_rooms=1&group_children=0&req_children=0&hpos=13&hapos=931&sr_order=popularity&srpvid=52a43c0f4b5000e9&srepoch=1737880463&all_sr_blocks=814029602_362247735_0_0_0&highlighted_blocks=814029602_362247735_0_0_0&matching_block_id=814029602_362247735_0_0_0&sr_pri_blocks=814029602_362247735_0_0_0__183564&from=searchresults
Hostal Europa,"Ciutat Vella, Barcelona",https://www.booking.com/hotel/es/hostal-europa.html?label=gen173nr-1BCAEoggI46AdSAnVzWARoRogBAZgBMbgBGcgBD9gBAegBAYgCAagCA7gCmuTXvAbAAgHSAiQ3NGM3OTk4Ni0yY2UyLTQ1NGYtOGQwZS1lZTU4ZTdhMDAwZTHYAgXgAgE&sid=735f077cb553f5b5fb1805efac5f4fa0&aid=304142&ucfs=1&arphpl=1&checkin=2025-04-01&checkout=2025-04-08&dest_id=-372490&dest_type=city&group_adults=2&req_adults=2&no_rooms=1&group_children=0&req_children=0&hpos=14&hapos=932&sr_order=popularity&srpvid=52a43c0f4b5000e9&srepoch=1737880463&all_sr_blocks=1670606_95141417_0_0_0&highlighted_blocks=1670606_95141417_0_0_0&matching_block_id=1670606_95141417_0_0_0&sr_pri_blocks=1670606_95141417_0_0_0__90950&from=searchresults
Hostal Delfos,"Eixample, Barcelona",https://www.booking.com/hotel/es/hostal-delfos.html?label=gen173nr-1BCAEoggI46AdSAnVzWARoRogBAZgBMbgBGcgBD9gBAegBAYgCAagCA7gCmuTXvAbAAgHSAiQ3NGM3OTk4Ni0yY2UyLTQ1NGYtOGQwZS1lZTU4ZTdhMDAwZTHYAgXgAgE&sid=735f077cb553f5b5fb1805efac5f4fa0&aid=304142&ucfs=1&arphpl=1&checkin=2025-04-01&checkout=2025-04-08&dest_id=-372490&dest_type=city&group_adults=2&req_adults=2&no_rooms=1&group_children=0&req_children=0&hpos=15&hapos=933&sr_order=popularity&srpvid=52a43c0f4b5000e9&srepoch=1737880463&all_sr_blocks=25258106_309887261_0_0_0&highlighted_blocks=25258106_309887261_0_0_0&matching_block_id=25258106_309887261_0_0_0&sr_pri_blocks=25258106_309887261_0_0_0__99500&from=searchresults
Stay U-nique Apartments Fabra i Puig,"Nou Barris, Barcelona",https://www.booking.com/hotel/es/fabraipuig-194.html?label=gen173nr-1BCAEoggI46AdSAnVzWARoRogBAZgBMbgBGcgBD9gBAegBAYgCAagCA7gCmuTXvAbAAgHSAiQ3NGM3OTk4Ni0yY2UyLTQ1NGYtOGQwZS1lZTU4ZTdhMDAwZTHYAgXgAgE&sid=735f077cb553f5b5fb1805efac5f4fa0&aid=304142&ucfs=1&arphpl=1&checkin=2025-04-01&checkout=2025-04-08&dest_id=-372490&dest_type=city&group_adults=2&req_adults=2&no_rooms=1&group_children=0&req_children=0&hpos=16&hapos=934&sr_order=popularity&srpvid=52a43c0f4b5000e9&srepoch=1737880463&all_sr_blocks=555378704_247002289_0_0_0&highlighted_blocks=555378704_247002289_0_0_0&matching_block_id=555378704_247002289_0_0_0&sr_pri_blocks=555378704_247002289_0_0_0__144017&from=searchresults
Nordic apartment Sagrada Familia,"Sant Martí, Barcelona",https://www.booking.com/hotel/es/nordic-apartment-sagrada-familia.html?label=gen173nr-1BCAEoggI46AdSAnVzWARoRogBAZgBMbgBGcgBD9gBAegBAYgCAagCA7gCmuTXvAbAAgHSAiQ3NGM3OTk4Ni0yY2UyLTQ1NGYtOGQwZS1lZTU4ZTdhMDAwZTHYAgXgAgE&sid=735f077cb553f5b5fb1805efac5f4fa0&aid=304142&ucfs=1&arphpl=1&checkin=2025-04-01&checkout=2025-04-08&dest_id=-372490&dest_type=city&group_adults=2&req_adults=2&no_rooms=1&group_children=0&req_children=0&hpos=17&hapos=935&sr_order=popularity&srpvid=52a43c0f4b5000e9&srepoch=1737880463&all_sr_blocks=574542301_231818169_2_0_0&highlighted_blocks=574542301_231818169_2_0_0&matching_block_id=574542301_231818169_2_0_0&sr_pri_blocks=574542301_231818169_2_0_0__169464&from=searchresults
Lodging Apartments Liceu G1,"Ciutat Vella, Barcelona",https://www.booking.com/hotel/es/lodging-apartments-liceu-g1.html?label=gen173nr-1BCAEoggI46AdSAnVzWARoRogBAZgBMbgBGcgBD9gBAegBAYgCAagCA7gCmuTXvAbAAgHSAiQ3NGM3OTk4Ni0yY2UyLTQ1NGYtOGQwZS1lZTU4ZTdhMDAwZTHYAgXgAgE&sid=735f077cb553f5b5fb1805efac5f4fa0&aid=304142&ucfs=1&arphpl=1&checkin=2025-04-01&checkout=2025-04-08&dest_id=-372490&dest_type=city&group_adults=2&req_adults=2&no_rooms=1&group_children=0&req_children=0&hpos=18&hapos=936&sr_order=popularity&srpvid=52a43c0f4b5000e9&srepoch=1737880463&all_sr_blocks=893578401_359760774_4_0_0&highlighted_blocks=893578401_359760774_4_0_0&matching_block_id=893578401_359760774_4_0_0&sr_pri_blocks=893578401_359760774_4_0_0__246228&from=searchresults
Smartr Barcelona Ramblas,"Ciutat Vella, Barcelona",https://www.booking.com/hotel/es/budget-ramblas-apartments.html?label=gen173nr-1BCAEoggI46AdSAnVzWARoRogBAZgBMbgBGcgBD9gBAegBAYgCAagCA7gCmuTXvAbAAgHSAiQ3NGM3OTk4Ni0yY2UyLTQ1NGYtOGQwZS1lZTU4ZTdhMDAwZTHYAgXgAgE&sid=735f077cb553f5b5fb1805efac5f4fa0&aid=304142&ucfs=1&arphpl=1&checkin=2025-04-01&checkout=2025-04-08&dest_id=-372490&dest_type=city&group_adults=2&req_adults=2&no_rooms=1&group_children=0&req_children=0&hpos=19&hapos=937&sr_order=popularity&srpvid=52a43c0f4b5000e9&srepoch=1737880463&all_sr_blocks=171900805_90194444_2_2_0&highlighted_blocks=171900805_90194444_2_2_0&matching_block_id=171900805_90194444_2_2_0&sr_pri_blocks=171900805_90194444_2_2_0__240083&from=searchresults
Casa Barcelo Hostel Barcelona,"Eixample, Barcelona",https://www.booking.com/hotel/es/barcelo-hostel.html?label=gen173nr-1BCAEoggI46AdSAnVzWARoRogBAZgBMbgBGcgBD9gBAegBAYgCAagCA7gCmuTXvAbAAgHSAiQ3NGM3OTk4Ni0yY2UyLTQ1NGYtOGQwZS1lZTU4ZTdhMDAwZTHYAgXgAgE&sid=735f077cb553f5b5fb1805efac5f4fa0&aid=304142&ucfs=1&arphpl=1&checkin=2025-04-01&checkout=2025-04-08&dest_id=-372490&dest_type=city&group_adults=2&req_adults=2&no_rooms=1&group_children=0&req_children=0&hpos=20&hapos=938&sr_order=popularity&srpvid=52a43c0f4b5000e9&srepoch=1737880463&all_sr_blocks=60742111_89658171_0_1_0&highlighted_blocks=60742111_89658171_0_1_0&matching_block_id=60742111_89658171_0_1_0&sr_pri_blocks=60742111_89658171_0_1_0__116104&from=searchresults
Stay Barcelona Sant Antoni,"Eixample, Barcelona",https://www.booking.com/hotel/es/stay-barcelona-sant-antoni.html?label=gen173nr-1BCAEoggI46AdSAnVzWARoRogBAZgBMbgBGcgBD9gBAegBAYgCAagCA7gCmuTXvAbAAgHSAiQ3NGM3OTk4Ni0yY2UyLTQ1NGYtOGQwZS1lZTU4ZTdhMDAwZTHYAgXgAgE&sid=735f077cb553f5b5fb1805efac5f4fa0&aid=304142&ucfs=1&arphpl=1&checkin=2025-04-01&checkout=2025-04-08&dest_id=-372490&dest_type=city&group_adults=2&req_adults=2&no_rooms=1&group_children=0&req_children=0&hpos=21&hapos=939&sr_order=popularity&srpvid=52a43c0f4b5000e9&srepoch=1737880463&all_sr_blocks=213569501_365584981_2_0_0&highlighted_blocks=213569501_365584981_2_0_0&matching_block_id=213569501_365584981_2_0_0&sr_pri_blocks=213569501_365584981_2_0_0__132532&from=searchresults
Diagonal Suites by Sweett,"Eixample, Barcelona",https://www.booking.com/hotel/es/diagonal-suites-by-sweett.html?label=gen173nr-1BCAEoggI46AdSAnVzWARoRogBAZgBMbgBGcgBD9gBAegBAYgCAagCA7gCmuTXvAbAAgHSAiQ3NGM3OTk4Ni0yY2UyLTQ1NGYtOGQwZS1lZTU4ZTdhMDAwZTHYAgXgAgE&sid=735f077cb553f5b5fb1805efac5f4fa0&aid=304142&ucfs=1&arphpl=1&checkin=2025-04-01&checkout=2025-04-08&dest_id=-372490&dest_type=city&group_adults=2&req_adults=2&no_rooms=1&group_children=0&req_children=0&hpos=22&hapos=940&sr_order=popularity&srpvid=52a43c0f4b5000e9&srepoch=1737880463&all_sr_blocks=1253389504_397858725_0_0_0&highlighted_blocks=1253389504_397858725_0_0_0&matching_block_id=1253389504_397858725_0_0_0&sr_pri_blocks=1253389504_397858725_0_0_0__605318&from=searchresults
Romantic In Trendy Gracia,"Sarrià-St. Gervasi, Barcelona",https://www.booking.com/hotel/es/cozy-romantic-luxury-in-trendy-gracia.html?label=gen173nr-1BCAEoggI46AdSAnVzWARoRogBAZgBMbgBGcgBD9gBAegBAYgCAagCA7gCmuTXvAbAAgHSAiQ3NGM3OTk4Ni0yY2UyLTQ1NGYtOGQwZS1lZTU4ZTdhMDAwZTHYAgXgAgE&sid=735f077cb553f5b5fb1805efac5f4fa0&aid=304142&ucfs=1&arphpl=1&checkin=2025-04-01&checkout=2025-04-08&dest_id=-372490&dest_type=city&group_adults=2&req_adults=2&no_rooms=1&group_children=0&req_children=0&hpos=23&hapos=941&sr_order=popularity&srpvid=52a43c0f4b5000e9&srepoch=1737880463&all_sr_blocks=638012801_396983667_2_0_0&highlighted_blocks=638012801_396983667_2_0_0&matching_block_id=638012801_396983667_2_0_0&sr_pri_blocks=638012801_396983667_2_0_0__162979&from=searchresults
The Level at Melia Barcelona Sky,"Sant Martí, Barcelona",https://www.booking.com/hotel/es/the-level-at-melia-barcelona-sky.html?label=gen173nr-1BCAEoggI46AdSAnVzWARoRogBAZgBMbgBGcgBD9gBAegBAYgCAagCA7gCmuTXvAbAAgHSAiQ3NGM3OTk4Ni0yY2UyLTQ1NGYtOGQwZS1lZTU4ZTdhMDAwZTHYAgXgAgE&sid=735f077cb553f5b5fb1805efac5f4fa0&aid=304142&ucfs=1&arphpl=1&checkin=2025-04-01&checkout=2025-04-08&dest_id=-372490&dest_type=city&group_adults=2&req_adults=2&no_rooms=1&group_children=0&req_children=0&hpos=1&hapos=942&sr_order=popularity&srpvid=52a43c0f4b5000e9&srepoch=1737880468&all_sr_blocks=55697015_91989474_2_2_0&highlighted_blocks=55697015_91989474_2_2_0&matching_block_id=55697015_91989474_2_2_0&sr_pri_blocks=55697015_91989474_2_2_0__235650&from=searchresults
Lodging Apartments City Center-Eixample,"Eixample, Barcelona",https://www.booking.com/hotel/es/lodging-apartments-sagrada-familia.html?label=gen173nr-1BCAEoggI46AdSAnVzWARoRogBAZgBMbgBGcgBD9gBAegBAYgCAagCA7gCmuTXvAbAAgHSAiQ3NGM3OTk4Ni0yY2UyLTQ1NGYtOGQwZS1lZTU4ZTdhMDAwZTHYAgXgAgE&sid=735f077cb553f5b5fb1805efac5f4fa0&aid=304142&ucfs=1&arphpl=1&checkin=2025-04-01&checkout=2025-04-08&dest_id=-372490&dest_type=city&group_adults=2&req_adults=2&no_rooms=1&group_children=0&req_children=0&hpos=2&hapos=943&sr_order=popularity&srpvid=52a43c0f4b5000e9&srepoch=1737880468&all_sr_blocks=68967401_88504030_2_0_0&highlighted_blocks=68967401_88504030_2_0_0&matching_block_id=68967401_88504030_2_0_0&sr_pri_blocks=68967401_88504030_2_0_0__250375&from_sustainable_property_sr=1&from=searchresults
Barco muy romantico con parking!,Barcelona,https://www.booking.com/hotel/es/barco-muy-romantico-con-parking-incluido.html?label=gen173nr-1BCAEoggI46AdSAnVzWARoRogBAZgBMbgBGcgBD9gBAegBAYgCAagCA7gCmuTXvAbAAgHSAiQ3NGM3OTk4Ni0yY2UyLTQ1NGYtOGQwZS1lZTU4ZTdhMDAwZTHYAgXgAgE&sid=735f077cb553f5b5fb1805efac5f4fa0&aid=304142&ucfs=1&arphpl=1&checkin=2025-04-01&checkout=2025-04-08&dest_id=-372490&dest_type=city&group_adults=2&req_adults=2&no_rooms=1&group_children=0&req_children=0&hpos=3&hapos=944&sr_order=popularity&srpvid=52a43c0f4b5000e9&srepoch=1737880468&all_sr_blocks=924583701_387109940_2_0_0&highlighted_blocks=924583701_387109940_2_0_0&matching_block_id=924583701_387109940_2_0_0&sr_pri_blocks=924583701_387109940_2_0_0__132065&from=searchresults
Casa Cosi - El Farro 3,"Sarrià-St. Gervasi, Barcelona",https://www.booking.com/hotel/es/casa-cosi-el-farro.html?label=gen173nr-1BCAEoggI46AdSAnVzWARoRogBAZgBMbgBGcgBD9gBAegBAYgCAagCA7gCmuTXvAbAAgHSAiQ3NGM3OTk4Ni0yY2UyLTQ1NGYtOGQwZS1lZTU4ZTdhMDAwZTHYAgXgAgE&sid=735f077cb553f5b5fb1805efac5f4fa0&aid=304142&ucfs=1&arphpl=1&checkin=2025-04-01&checkout=2025-04-08&dest_id=-372490&dest_type=city&group_adults=2&req_adults=2&no_rooms=1&group_children=0&req_children=0&hpos=4&hapos=945&sr_order=popularity&srpvid=52a43c0f4b5000e9&srepoch=1737880468&all_sr_blocks=732065101_377093936_0_0_0&highlighted_blocks=732065101_377093936_0_0_0&matching_block_id=732065101_377093936_0_0_0&sr_pri_blocks=732065101_377093936_0_0_0__217045&from=searchresults
Casa Cosi - Mallorca 2,"Eixample, Barcelona",https://www.booking.com/hotel/es/casa-cosi-mallorca-2.html?label=gen173nr-1BCAEoggI46AdSAnVzWARoRogBAZgBMbgBGcgBD9gBAegBAYgCAagCA7gCmuTXvAbAAgHSAiQ3NGM3OTk4Ni0yY2UyLTQ1NGYtOGQwZS1lZTU4ZTdhMDAwZTHYAgXgAgE&sid=735f077cb553f5b5fb1805efac5f4fa0&aid=304142&ucfs=1&arphpl=1&checkin=2025-04-01&checkout=2025-04-08&dest_id=-372490&dest_type=city&group_adults=2&req_adults=2&no_rooms=1&group_children=0&req_children=0&hpos=5&hapos=946&sr_order=popularity&srpvid=52a43c0f4b5000e9&srepoch=1737880468&all_sr_blocks=439580501_377093033_0_0_0&highlighted_blocks=439580501_377093033_0_0_0&matching_block_id=439580501_377093033_0_0_0&sr_pri_blocks=439580501_377093033_0_0_0__311718&from=searchresults
W Barcelona,"Ciutat Vella, Barcelona",https://www.booking.com/hotel/es/w-barcelona.html?label=gen173nr-1BCAEoggI46AdSAnVzWARoRogBAZgBMbgBGcgBD9gBAegBAYgCAagCA7gCmuTXvAbAAgHSAiQ3NGM3OTk4Ni0yY2UyLTQ1NGYtOGQwZS1lZTU4ZTdhMDAwZTHYAgXgAgE&sid=735f077cb553f5b5fb1805efac5f4fa0&aid=304142&ucfs=1&arphpl=1&checkin=2025-04-01&checkout=2025-04-08&dest_id=-372490&dest_type=city&group_adults=2&req_adults=2&no_rooms=1&group_children=0&req_children=0&hpos=6&hapos=947&sr_order=popularity&srpvid=52a43c0f4b5000e9&srepoch=1737880468&all_sr_blocks=4922621_93698978_0_2_0&highlighted_blocks=4922621_93698978_0_2_0&matching_block_id=4922621_93698978_0_2_0&sr_pri_blocks=4922621_93698978_0_2_0__277558&from_sustainable_property_sr=1&from=searchresults
AB Arago Eixample,"Eixample, Barcelona",https://www.booking.com/hotel/es/ab-centric-apartment-with-balcony.html?label=gen173nr-1BCAEoggI46AdSAnVzWARoRogBAZgBMbgBGcgBD9gBAegBAYgCAagCA7gCmuTXvAbAAgHSAiQ3NGM3OTk4Ni0yY2UyLTQ1NGYtOGQwZS1lZTU4ZTdhMDAwZTHYAgXgAgE&sid=735f077cb553f5b5fb1805efac5f4fa0&aid=304142&ucfs=1&arphpl=1&checkin=2025-04-01&checkout=2025-04-08&dest_id=-372490&dest_type=city&group_adults=2&req_adults=2&no_rooms=1&group_children=0&req_children=0&hpos=7&hapos=948&sr_order=popularity&srpvid=52a43c0f4b5000e9&srepoch=1737880468&all_sr_blocks=431123101_241685658_6_0_0&highlighted_blocks=431123101_241685658_6_0_0&matching_block_id=431123101_241685658_6_0_0&sr_pri_blocks=431123101_241685658_6_0_0__203091&from=searchresults
Parallel-Patio,"Sants-Montjuïc, Barcelona",https://www.booking.com/hotel/es/parallel-patio.html?label=gen173nr-1BCAEoggI46AdSAnVzWARoRogBAZgBMbgBGcgBD9gBAegBAYgCAagCA7gCmuTXvAbAAgHSAiQ3NGM3OTk4Ni0yY2UyLTQ1NGYtOGQwZS1lZTU4ZTdhMDAwZTHYAgXgAgE&sid=735f077cb553f5b5fb1805efac5f4fa0&aid=304142&ucfs=1&arphpl=1&checkin=2025-04-01&checkout=2025-04-08&dest_id=-372490&dest_type=city&group_adults=2&req_adults=2&no_rooms=1&group_children=0&req_children=0&hpos=8&hapos=949&sr_order=popularity&srpvid=52a43c0f4b5000e9&srepoch=1737880468&all_sr_blocks=104908401_335584425_2_0_0&highlighted_blocks=104908401_335584425_2_0_0&matching_block_id=104908401_335584425_2_0_0&sr_pri_blocks=104908401_335584425_2_0_0__91572&from=searchresults
Private room By El Born,"Ciutat Vella, Barcelona",https://www.booking.com/hotel/es/private-room-by-el-born.html?label=gen173nr-1BCAEoggI46AdSAnVzWARoRogBAZgBMbgBGcgBD9gBAegBAYgCAagCA7gCmuTXvAbAAgHSAiQ3NGM3OTk4Ni0yY2UyLTQ1NGYtOGQwZS1lZTU4ZTdhMDAwZTHYAgXgAgE&sid=735f077cb553f5b5fb1805efac5f4fa0&aid=304142&ucfs=1&arphpl=1&checkin=2025-04-01&checkout=2025-04-08&dest_id=-372490&dest_type=city&group_adults=2&req_adults=2&no_rooms=1&group_children=0&req_children=0&hpos=9&hapos=950&sr_order=popularity&srpvid=52a43c0f4b5000e9&srepoch=1737880468&all_sr_blocks=1232464006_395208885_2_0_0&highlighted_blocks=1232464006_395208885_2_0_0&matching_block_id=1232464006_395208885_2_0_0&sr_pri_blocks=1232464006_395208885_2_0_0__77700&from=searchresults
Casa Cosi - Casanova 1,"Eixample, Barcelona",https://www.booking.com/hotel/es/casa-cosi-casanova-1.html?label=gen173nr-1BCAEoggI46AdSAnVzWARoRogBAZgBMbgBGcgBD9gBAegBAYgCAagCA7gCmuTXvAbAAgHSAiQ3NGM3OTk4Ni0yY2UyLTQ1NGYtOGQwZS1lZTU4ZTdhMDAwZTHYAgXgAgE&sid=735f077cb553f5b5fb1805efac5f4fa0&aid=304142&ucfs=1&arphpl=1&checkin=2025-04-01&checkout=2025-04-08&dest_id=-372490&dest_type=city&group_adults=2&req_adults=2&no_rooms=1&group_children=0&req_children=0&hpos=10&hapos=951&sr_order=popularity&srpvid=52a43c0f4b5000e9&srepoch=1737880468&all_sr_blocks=814035102_362247617_0_0_0&highlighted_blocks=814035102_362247617_0_0_0&matching_block_id=814035102_362247617_0_0_0&sr_pri_blocks=814035102_362247617_0_0_0__279260&from=searchresults
Stay Barcelona Plaza España Fira,"Sants-Montjuïc, Barcelona",https://www.booking.com/hotel/es/stay-barcelona-luxury-plaza-espaa-a-fira.html?label=gen173nr-1BCAEoggI46AdSAnVzWARoRogBAZgBMbgBGcgBD9gBAegBAYgCAagCA7gCmuTXvAbAAgHSAiQ3NGM3OTk4Ni0yY2UyLTQ1NGYtOGQwZS1lZTU4ZTdhMDAwZTHYAgXgAgE&sid=735f077cb553f5b5fb1805efac5f4fa0&aid=304142&ucfs=1&arphpl=1&checkin=2025-04-01&checkout=2025-04-08&dest_id=-372490&dest_type=city&group_adults=2&req_adults=2&no_rooms=1&group_children=0&req_children=0&hpos=11&hapos=952&sr_order=popularity&srpvid=52a43c0f4b5000e9&srepoch=1737880468&all_sr_blocks=71382201_365584996_2_0_0&highlighted_blocks=71382201_365584996_2_0_0&matching_block_id=71382201_365584996_2_0_0&sr_pri_blocks=71382201_365584996_2_0_0__130432&from=searchresults
Alojamiento Nuevo Balmes,"Eixample, Barcelona",https://www.booking.com/hotel/es/alojamiento-nuevo-balmes-barcelona.html?label=gen173nr-1BCAEoggI46AdSAnVzWARoRogBAZgBMbgBGcgBD9gBAegBAYgCAagCA7gCmuTXvAbAAgHSAiQ3NGM3OTk4Ni0yY2UyLTQ1NGYtOGQwZS1lZTU4ZTdhMDAwZTHYAgXgAgE&sid=735f077cb553f5b5fb1805efac5f4fa0&aid=304142&ucfs=1&arphpl=1&checkin=2025-04-01&checkout=2025-04-08&dest_id=-372490&dest_type=city&group_adults=2&req_adults=2&no_rooms=1&group_children=0&req_children=0&hpos=12&hapos=953&sr_order=popularity&srpvid=52a43c0f4b5000e9&srepoch=1737880468&all_sr_blocks=1315631206_404391872_2_0_0&highlighted_blocks=1315631206_404391872_2_0_0&matching_block_id=1315631206_404391872_2_0_0&sr_pri_blocks=1315631206_404391872_2_0_0__66700&from=searchresults
Habitacion privada en PISO COMPARTIDO Lepanto,"Eixample, Barcelona",https://www.booking.com/hotel/es/habitacion-privada-en-piso-compartido-lepanto.html?label=gen173nr-1BCAEoggI46AdSAnVzWARoRogBAZgBMbgBGcgBD9gBAegBAYgCAagCA7gCmuTXvAbAAgHSAiQ3NGM3OTk4Ni0yY2UyLTQ1NGYtOGQwZS1lZTU4ZTdhMDAwZTHYAgXgAgE&sid=735f077cb553f5b5fb1805efac5f4fa0&aid=304142&ucfs=1&arphpl=1&checkin=2025-04-01&checkout=2025-04-08&dest_id=-372490&dest_type=city&group_adults=2&req_adults=2&no_rooms=1&group_children=0&req_children=0&hpos=13&hapos=954&sr_order=popularity&srpvid=52a43c0f4b5000e9&srepoch=1737880468&all_sr_blocks=1260309604_398654364_2_0_0&highlighted_blocks=1260309604_398654364_2_0_0&matching_block_id=1260309604_398654364_2_0_0&sr_pri_blocks=1260309604_398654364_2_0_0__80770&from=searchresults
APBCN Eixample Center,"Eixample, Barcelona",https://www.booking.com/hotel/es/apbcn-eixample-center.html?label=gen173nr-1BCAEoggI46AdSAnVzWARoRogBAZgBMbgBGcgBD9gBAegBAYgCAagCA7gCmuTXvAbAAgHSAiQ3NGM3OTk4Ni0yY2UyLTQ1NGYtOGQwZS1lZTU4ZTdhMDAwZTHYAgXgAgE&sid=735f077cb553f5b5fb1805efac5f4fa0&aid=304142&ucfs=1&arphpl=1&checkin=2025-04-01&checkout=2025-04-08&dest_id=-372490&dest_type=city&group_adults=2&req_adults=2&no_rooms=1&group_children=0&req_children=0&hpos=14&hapos=955&sr_order=popularity&srpvid=52a43c0f4b5000e9&srepoch=1737880468&all_sr_blocks=107580007_333021112_0_0_0&highlighted_blocks=107580007_333021112_0_0_0&matching_block_id=107580007_333021112_0_0_0&sr_pri_blocks=107580007_333021112_0_0_0__234692&from=searchresults
3057 - AB Sepulveda,"Eixample, Barcelona",https://www.booking.com/hotel/es/3057-ab-sepulveda.html?label=gen173nr-1BCAEoggI46AdSAnVzWARoRogBAZgBMbgBGcgBD9gBAegBAYgCAagCA7gCmuTXvAbAAgHSAiQ3NGM3OTk4Ni0yY2UyLTQ1NGYtOGQwZS1lZTU4ZTdhMDAwZTHYAgXgAgE&sid=735f077cb553f5b5fb1805efac5f4fa0&aid=304142&ucfs=1&arphpl=1&checkin=2025-04-01&checkout=2025-04-08&dest_id=-372490&dest_type=city&group_adults=2&req_adults=2&no_rooms=1&group_children=0&req_children=0&hpos=15&hapos=956&sr_order=popularity&srpvid=52a43c0f4b5000e9&srepoch=1737880468&all_sr_blocks=1221615202_394347482_4_0_0&highlighted_blocks=1221615202_394347482_4_0_0&matching_block_id=1221615202_394347482_4_0_0&sr_pri_blocks=1221615202_394347482_4_0_0__174510&from=searchresults
Habitat Apartments Plaza España Urban,"Sants-Montjuïc, Barcelona",https://www.booking.com/hotel/es/habitat-apartments-plaza-espana-urban.html?label=gen173nr-1BCAEoggI46AdSAnVzWARoRogBAZgBMbgBGcgBD9gBAegBAYgCAagCA7gCmuTXvAbAAgHSAiQ3NGM3OTk4Ni0yY2UyLTQ1NGYtOGQwZS1lZTU4ZTdhMDAwZTHYAgXgAgE&sid=735f077cb553f5b5fb1805efac5f4fa0&aid=304142&ucfs=1&arphpl=1&checkin=2025-04-01&checkout=2025-04-08&dest_id=-372490&dest_type=city&group_adults=2&req_adults=2&no_rooms=1&group_children=0&req_children=0&hpos=16&hapos=957&sr_order=popularity&srpvid=52a43c0f4b5000e9&srepoch=1737880468&all_sr_blocks=743164801_329519651_2_0_0&highlighted_blocks=743164801_329519651_2_0_0&matching_block_id=743164801_329519651_2_0_0&sr_pri_blocks=743164801_329519651_2_0_0__131667&from=searchresults
Best Western Plus Hotel Alfa Aeropuerto,"Sants-Montjuïc, Barcelona",https://www.booking.com/hotel/es/alfaaeropuerto.html?label=gen173nr-1BCAEoggI46AdSAnVzWARoRogBAZgBMbgBGcgBD9gBAegBAYgCAagCA7gCmuTXvAbAAgHSAiQ3NGM3OTk4Ni0yY2UyLTQ1NGYtOGQwZS1lZTU4ZTdhMDAwZTHYAgXgAgE&sid=735f077cb553f5b5fb1805efac5f4fa0&aid=304142&ucfs=1&arphpl=1&checkin=2025-04-01&checkout=2025-04-08&dest_id=-372490&dest_type=city&group_adults=2&req_adults=2&no_rooms=1&group_children=0&req_children=0&hpos=17&hapos=958&sr_order=popularity&srpvid=52a43c0f4b5000e9&srepoch=1737880468&all_sr_blocks=9111959_88190564_2_2_0&highlighted_blocks=9111959_88190564_2_2_0&matching_block_id=9111959_88190564_2_2_0&sr_pri_blocks=9111959_88190564_2_2_0__103205&from_sustainable_property_sr=1&from=searchresults
Casa Cosi - Casanova 4,"Eixample, Barcelona",https://www.booking.com/hotel/es/casa-cosi-casanova-4.html?label=gen173nr-1BCAEoggI46AdSAnVzWARoRogBAZgBMbgBGcgBD9gBAegBAYgCAagCA7gCmuTXvAbAAgHSAiQ3NGM3OTk4Ni0yY2UyLTQ1NGYtOGQwZS1lZTU4ZTdhMDAwZTHYAgXgAgE&sid=735f077cb553f5b5fb1805efac5f4fa0&aid=304142&ucfs=1&arphpl=1&checkin=2025-04-01&checkout=2025-04-08&dest_id=-372490&dest_type=city&group_adults=2&req_adults=2&no_rooms=1&group_children=0&req_children=0&hpos=18&hapos=959&sr_order=popularity&srpvid=52a43c0f4b5000e9&srepoch=1737880468&all_sr_blocks=814045002_362247108_0_0_0&highlighted_blocks=814045002_362247108_0_0_0&matching_block_id=814045002_362247108_0_0_0&sr_pri_blocks=814045002_362247108_0_0_0__278228&from=searchresults
Casa Cosi Don Bajos,"Sarrià-St. Gervasi, Barcelona",https://www.booking.com/hotel/es/casa-cosi-don-bajos.html?label=gen173nr-1BCAEoggI46AdSAnVzWARoRogBAZgBMbgBGcgBD9gBAegBAYgCAagCA7gCmuTXvAbAAgHSAiQ3NGM3OTk4Ni0yY2UyLTQ1NGYtOGQwZS1lZTU4ZTdhMDAwZTHYAgXgAgE&sid=735f077cb553f5b5fb1805efac5f4fa0&aid=304142&ucfs=1&arphpl=1&checkin=2025-04-01&checkout=2025-04-08&dest_id=-372490&dest_type=city&group_adults=2&req_adults=2&no_rooms=1&group_children=0&req_children=0&hpos=19&hapos=960&sr_order=popularity&srpvid=52a43c0f4b5000e9&srepoch=1737880468&all_sr_blocks=910293002_377070179_0_0_0&highlighted_blocks=910293002_377070179_0_0_0&matching_block_id=910293002_377070179_0_0_0&sr_pri_blocks=910293002_377070179_0_0_0__216815&from=searchresults
Casa Balmes,"Eixample, Barcelona",https://www.booking.com/hotel/es/casa-balmes.html?label=gen173nr-1BCAEoggI46AdSAnVzWARoRogBAZgBMbgBGcgBD9gBAegBAYgCAagCA7gCmuTXvAbAAgHSAiQ3NGM3OTk4Ni0yY2UyLTQ1NGYtOGQwZS1lZTU4ZTdhMDAwZTHYAgXgAgE&sid=735f077cb553f5b5fb1805efac5f4fa0&aid=304142&ucfs=1&arphpl=1&checkin=2025-04-01&checkout=2025-04-08&dest_id=-372490&dest_type=city&group_adults=2&req_adults=2&no_rooms=1&group_children=0&req_children=0&hpos=20&hapos=961&sr_order=popularity&srpvid=52a43c0f4b5000e9&srepoch=1737880468&all_sr_blocks=110067403_379645513_3_1_0&highlighted_blocks=110067403_379645513_3_1_0&matching_block_id=110067403_379645513_3_1_0&sr_pri_blocks=110067403_379645513_3_1_0__174200&from=searchresults
Centric apartment Gràcia,"Gràcia, Barcelona",https://www.booking.com/hotel/es/centric-apartment-gracia-barcelona.html?label=gen173nr-1BCAEoggI46AdSAnVzWARoRogBAZgBMbgBGcgBD9gBAegBAYgCAagCA7gCmuTXvAbAAgHSAiQ3NGM3OTk4Ni0yY2UyLTQ1NGYtOGQwZS1lZTU4ZTdhMDAwZTHYAgXgAgE&sid=735f077cb553f5b5fb1805efac5f4fa0&aid=304142&ucfs=1&arphpl=1&checkin=2025-04-01&checkout=2025-04-08&dest_id=-372490&dest_type=city&group_adults=2&req_adults=2&no_rooms=1&group_children=0&req_children=0&hpos=21&hapos=962&sr_order=popularity&srpvid=52a43c0f4b5000e9&srepoch=1737880468&all_sr_blocks=1202241601_392522728_2_0_0&highlighted_blocks=1202241601_392522728_2_0_0&matching_block_id=1202241601_392522728_2_0_0&sr_pri_blocks=1202241601_392522728_2_0_0__159632&from=searchresults
Housalia Familia Rossellon,"Eixample, Barcelona",https://www.booking.com/hotel/es/lodging-apartments-rossellon.html?label=gen173nr-1BCAEoggI46AdSAnVzWARoRogBAZgBMbgBGcgBD9gBAegBAYgCAagCA7gCmuTXvAbAAgHSAiQ3NGM3OTk4Ni0yY2UyLTQ1NGYtOGQwZS1lZTU4ZTdhMDAwZTHYAgXgAgE&sid=735f077cb553f5b5fb1805efac5f4fa0&aid=304142&ucfs=1&arphpl=1&checkin=2025-04-01&checkout=2025-04-08&dest_id=-372490&dest_type=city&group_adults=2&req_adults=2&no_rooms=1&group_children=0&req_children=0&hpos=22&hapos=963&sr_order=popularity&srpvid=52a43c0f4b5000e9&srepoch=1737880468&all_sr_blocks=183103701_367260836_4_0_0&highlighted_blocks=183103701_367260836_4_0_0&matching_block_id=183103701_367260836_4_0_0&sr_pri_blocks=183103701_367260836_4_0_0__176552&from=searchresults
Fridays Flats Villa Alba,"Sants-Montjuïc, Barcelona",https://www.booking.com/hotel/es/poolhouses-white-house.html?label=gen173nr-1BCAEoggI46AdSAnVzWARoRogBAZgBMbgBGcgBD9gBAegBAYgCAagCA7gCmuTXvAbAAgHSAiQ3NGM3OTk4Ni0yY2UyLTQ1NGYtOGQwZS1lZTU4ZTdhMDAwZTHYAgXgAgE&sid=735f077cb553f5b5fb1805efac5f4fa0&aid=304142&ucfs=1&arphpl=1&checkin=2025-04-01&checkout=2025-04-08&dest_id=-372490&dest_type=city&group_adults=2&req_adults=2&no_rooms=1&group_children=0&req_children=0&hpos=23&hapos=964&sr_order=popularity&srpvid=52a43c0f4b5000e9&srepoch=1737880468&all_sr_blocks=250524701_188947161_0_0_0&highlighted_blocks=250524701_188947161_0_0_0&matching_block_id=250524701_188947161_0_0_0&sr_pri_blocks=250524701_188947161_0_0_0__237991&from=searchresults
ABaC Restaurant Hotel Barcelona GL Monumento,"Sarrià-St. Gervasi, Barcelona",https://www.booking.com/hotel/es/abac-barcelona.html?label=gen173nr-1BCAEoggI46AdSAnVzWARoRogBAZgBMbgBGcgBD9gBAegBAYgCAagCA7gCmuTXvAbAAgHSAiQ3NGM3OTk4Ni0yY2UyLTQ1NGYtOGQwZS1lZTU4ZTdhMDAwZTHYAgXgAgE&sid=735f077cb553f5b5fb1805efac5f4fa0&aid=304142&ucfs=1&arphpl=1&checkin=2025-04-01&checkout=2025-04-08&dest_id=-372490&dest_type=city&group_adults=2&req_adults=2&no_rooms=1&group_children=0&req_children=0&hpos=24&hapos=965&sr_order=popularity&srpvid=52a43c0f4b5000e9&srepoch=1737880468&all_sr_blocks=1365401_95137908_2_2_0&highlighted_blocks=1365401_95137908_2_2_0&matching_block_id=1365401_95137908_2_2_0&sr_pri_blocks=1365401_95137908_2_2_0__270991&from=searchresults
Plaza Universitat Private Rooms,"Ciutat Vella, Barcelona",https://www.booking.com/hotel/es/plaza-universitat-private-rooms.html?label=gen173nr-1BCAEoggI46AdSAnVzWARoRogBAZgBMbgBGcgBD9gBAegBAYgCAagCA7gCmuTXvAbAAgHSAiQ3NGM3OTk4Ni0yY2UyLTQ1NGYtOGQwZS1lZTU4ZTdhMDAwZTHYAgXgAgE&sid=735f077cb553f5b5fb1805efac5f4fa0&aid=304142&ucfs=1&arphpl=1&checkin=2025-04-01&checkout=2025-04-08&dest_id=-372490&dest_type=city&group_adults=2&req_adults=2&no_rooms=1&group_children=0&req_children=0&hpos=25&hapos=966&sr_order=popularity&srpvid=52a43c0f4b5000e9&srepoch=1737880468&all_sr_blocks=1250898505_405036377_2_0_0&highlighted_blocks=1250898505_405036377_2_0_0&matching_block_id=1250898505_405036377_2_0_0&sr_pri_blocks=1250898505_405036377_2_0_0__79270&from=searchresults
Frida by EnjoyApartments,"Gràcia, Barcelona",https://www.booking.com/hotel/es/frida-by-enjoyapartments.html?label=gen173nr-1BCAEoggI46AdSAnVzWARoRogBAZgBMbgBGcgBD9gBAegBAYgCAagCA7gCmuTXvAbAAgHSAiQ3NGM3OTk4Ni0yY2UyLTQ1NGYtOGQwZS1lZTU4ZTdhMDAwZTHYAgXgAgE&sid=735f077cb553f5b5fb1805efac5f4fa0&aid=304142&ucfs=1&arphpl=1&checkin=2025-04-01&checkout=2025-04-08&dest_id=-372490&dest_type=city&group_adults=2&req_adults=2&no_rooms=1&group_children=0&req_children=0&hpos=1&hapos=967&sr_order=popularity&srpvid=52a43c0f4b5000e9&srepoch=1737880472&all_sr_blocks=1210868502_393414781_4_0_0&highlighted_blocks=1210868502_393414781_4_0_0&matching_block_id=1210868502_393414781_4_0_0&sr_pri_blocks=1210868502_393414781_4_0_0__148759&from=searchresults
Melia Barcelona Sky 4* Sup,"Sant Martí, Barcelona",https://www.booking.com/hotel/es/melia-barcelona-sky.html?label=gen173nr-1BCAEoggI46AdSAnVzWARoRogBAZgBMbgBGcgBD9gBAegBAYgCAagCA7gCmuTXvAbAAgHSAiQ3NGM3OTk4Ni0yY2UyLTQ1NGYtOGQwZS1lZTU4ZTdhMDAwZTHYAgXgAgE&sid=735f077cb553f5b5fb1805efac5f4fa0&aid=304142&ucfs=1&arphpl=1&checkin=2025-04-01&checkout=2025-04-08&dest_id=-372490&dest_type=city&group_adults=2&req_adults=2&no_rooms=1&group_children=0&req_children=0&hpos=2&hapos=968&sr_order=popularity&srpvid=52a43c0f4b5000e9&srepoch=1737880472&all_sr_blocks=9755035_91989330_2_34_0&highlighted_blocks=9755035_91989330_2_34_0&matching_block_id=9755035_91989330_2_34_0&sr_pri_blocks=9755035_91989330_2_34_0__232878&from_sustainable_property_sr=1&from=searchresults
64 Apartment in a typical Barcelona's old building,"Sants-Montjuïc, Barcelona",https://www.booking.com/hotel/es/beautiful-flat-in-poble-sec.html?label=gen173nr-1BCAEoggI46AdSAnVzWARoRogBAZgBMbgBGcgBD9gBAegBAYgCAagCA7gCmuTXvAbAAgHSAiQ3NGM3OTk4Ni0yY2UyLTQ1NGYtOGQwZS1lZTU4ZTdhMDAwZTHYAgXgAgE&sid=735f077cb553f5b5fb1805efac5f4fa0&aid=304142&ucfs=1&arphpl=1&checkin=2025-04-01&checkout=2025-04-08&dest_id=-372490&dest_type=city&group_adults=2&req_adults=2&no_rooms=1&group_children=0&req_children=0&hpos=3&hapos=969&sr_order=popularity&srpvid=52a43c0f4b5000e9&srepoch=1737880472&all_sr_blocks=124284301_388910582_0_0_0&highlighted_blocks=124284301_388910582_0_0_0&matching_block_id=124284301_388910582_0_0_0&sr_pri_blocks=124284301_388910582_0_0_0__210821&from=searchresults
"Casa Consell Bailen, Guest House","Eixample, Barcelona",https://www.booking.com/hotel/es/casa-consell-bailen-barcelona.html?label=gen173nr-1BCAEoggI46AdSAnVzWARoRogBAZgBMbgBGcgBD9gBAegBAYgCAagCA7gCmuTXvAbAAgHSAiQ3NGM3OTk4Ni0yY2UyLTQ1NGYtOGQwZS1lZTU4ZTdhMDAwZTHYAgXgAgE&sid=735f077cb553f5b5fb1805efac5f4fa0&aid=304142&ucfs=1&arphpl=1&checkin=2025-04-01&checkout=2025-04-08&dest_id=-372490&dest_type=city&group_adults=2&req_adults=2&no_rooms=1&group_children=0&req_children=0&hpos=4&hapos=970&sr_order=popularity&srpvid=52a43c0f4b5000e9&srepoch=1737880472&all_sr_blocks=812925103_343617061_0_0_0&highlighted_blocks=812925103_343617061_0_0_0&matching_block_id=812925103_343617061_0_0_0&sr_pri_blocks=812925103_343617061_0_0_0__156539&from=searchresults
Casa Cosi - La Gleva 4,"Sarrià-St. Gervasi, Barcelona",https://www.booking.com/hotel/es/casa-cosi-la-gleva-4.html?label=gen173nr-1BCAEoggI46AdSAnVzWARoRogBAZgBMbgBGcgBD9gBAegBAYgCAagCA7gCmuTXvAbAAgHSAiQ3NGM3OTk4Ni0yY2UyLTQ1NGYtOGQwZS1lZTU4ZTdhMDAwZTHYAgXgAgE&sid=735f077cb553f5b5fb1805efac5f4fa0&aid=304142&ucfs=1&arphpl=1&checkin=2025-04-01&checkout=2025-04-08&dest_id=-372490&dest_type=city&group_adults=2&req_adults=2&no_rooms=1&group_children=0&req_children=0&hpos=5&hapos=971&sr_order=popularity&srpvid=52a43c0f4b5000e9&srepoch=1737880472&all_sr_blocks=814039802_362247310_0_0_0&highlighted_blocks=814039802_362247310_0_0_0&matching_block_id=814039802_362247310_0_0_0&sr_pri_blocks=814039802_362247310_0_0_0__216815&from=searchresults
Casa Cosi - Putxet 1,"Sarrià-St. Gervasi, Barcelona",https://www.booking.com/hotel/es/casa-cosi-putxet-1.html?label=gen173nr-1BCAEoggI46AdSAnVzWARoRogBAZgBMbgBGcgBD9gBAegBAYgCAagCA7gCmuTXvAbAAgHSAiQ3NGM3OTk4Ni0yY2UyLTQ1NGYtOGQwZS1lZTU4ZTdhMDAwZTHYAgXgAgE&sid=735f077cb553f5b5fb1805efac5f4fa0&aid=304142&ucfs=1&arphpl=1&checkin=2025-04-01&checkout=2025-04-08&dest_id=-372490&dest_type=city&group_adults=2&req_adults=2&no_rooms=1&group_children=0&req_children=0&hpos=6&hapos=972&sr_order=popularity&srpvid=52a43c0f4b5000e9&srepoch=1737880472&all_sr_blocks=814035802_362247575_0_0_0&highlighted_blocks=814035802_362247575_0_0_0&matching_block_id=814035802_362247575_0_0_0&sr_pri_blocks=814035802_362247575_0_0_0__219063&from=searchresults
Lodging Apartments Liceu G2,"Ciutat Vella, Barcelona",https://www.booking.com/hotel/es/lodging-apartments-liceu-g2.html?label=gen173nr-1BCAEoggI46AdSAnVzWARoRogBAZgBMbgBGcgBD9gBAegBAYgCAagCA7gCmuTXvAbAAgHSAiQ3NGM3OTk4Ni0yY2UyLTQ1NGYtOGQwZS1lZTU4ZTdhMDAwZTHYAgXgAgE&sid=735f077cb553f5b5fb1805efac5f4fa0&aid=304142&ucfs=1&arphpl=1&checkin=2025-04-01&checkout=2025-04-08&dest_id=-372490&dest_type=city&group_adults=2&req_adults=2&no_rooms=1&group_children=0&req_children=0&hpos=7&hapos=973&sr_order=popularity&srpvid=52a43c0f4b5000e9&srepoch=1737880472&all_sr_blocks=893586801_359761474_4_0_0&highlighted_blocks=893586801_359761474_4_0_0&matching_block_id=893586801_359761474_4_0_0&sr_pri_blocks=893586801_359761474_4_0_0__225699&from=searchresults
AB Comte d'Urgell - 2514,"Eixample, Barcelona",https://www.booking.com/hotel/es/2514-ab-comte-d-urgell.html?label=gen173nr-1BCAEoggI46AdSAnVzWARoRogBAZgBMbgBGcgBD9gBAegBAYgCAagCA7gCmuTXvAbAAgHSAiQ3NGM3OTk4Ni0yY2UyLTQ1NGYtOGQwZS1lZTU4ZTdhMDAwZTHYAgXgAgE&sid=735f077cb553f5b5fb1805efac5f4fa0&aid=304142&ucfs=1&arphpl=1&checkin=2025-04-01&checkout=2025-04-08&dest_id=-372490&dest_type=city&group_adults=2&req_adults=2&no_rooms=1&group_children=0&req_children=0&hpos=8&hapos=974&sr_order=popularity&srpvid=52a43c0f4b5000e9&srepoch=1737880472&all_sr_blocks=1161097302_388812331_3_0_0&highlighted_blocks=1161097302_388812331_3_0_0&matching_block_id=1161097302_388812331_3_0_0&sr_pri_blocks=1161097302_388812331_3_0_0__148276&from=searchresults
Casa Cosi - Casanova 5,"Eixample, Barcelona",https://www.booking.com/hotel/es/casa-cosi-casanova-5.html?label=gen173nr-1BCAEoggI46AdSAnVzWARoRogBAZgBMbgBGcgBD9gBAegBAYgCAagCA7gCmuTXvAbAAgHSAiQ3NGM3OTk4Ni0yY2UyLTQ1NGYtOGQwZS1lZTU4ZTdhMDAwZTHYAgXgAgE&sid=735f077cb553f5b5fb1805efac5f4fa0&aid=304142&ucfs=1&arphpl=1&checkin=2025-04-01&checkout=2025-04-08&dest_id=-372490&dest_type=city&group_adults=2&req_adults=2&no_rooms=1&group_children=0&req_children=0&hpos=9&hapos=975&sr_order=popularity&srpvid=52a43c0f4b5000e9&srepoch=1737880472&all_sr_blocks=814045102_362247094_0_0_0&highlighted_blocks=814045102_362247094_0_0_0&matching_block_id=814045102_362247094_0_0_0&sr_pri_blocks=814045102_362247094_0_0_0__305058&from=searchresults
Wonderful 2-bd apart with balcony Plaza Cataluña,"Eixample, Barcelona",https://www.booking.com/hotel/es/wonderful-2-bd-apart-with-balcony-plaza-cataluna.html?label=gen173nr-1BCAEoggI46AdSAnVzWARoRogBAZgBMbgBGcgBD9gBAegBAYgCAagCA7gCmuTXvAbAAgHSAiQ3NGM3OTk4Ni0yY2UyLTQ1NGYtOGQwZS1lZTU4ZTdhMDAwZTHYAgXgAgE&sid=735f077cb553f5b5fb1805efac5f4fa0&aid=304142&ucfs=1&arphpl=1&checkin=2025-04-01&checkout=2025-04-08&dest_id=-372490&dest_type=city&group_adults=2&req_adults=2&no_rooms=1&group_children=0&req_children=0&hpos=10&hapos=976&sr_order=popularity&srpvid=52a43c0f4b5000e9&srepoch=1737880472&all_sr_blocks=884306002_399861426_2_0_0&highlighted_blocks=884306002_399861426_2_0_0&matching_block_id=884306002_399861426_2_0_0&sr_pri_blocks=884306002_399861426_2_0_0__219786&from=searchresults
Casa Cosi - Eixample 1,"Eixample, Barcelona",https://www.booking.com/hotel/es/casa-cosi-eixample-1.html?label=gen173nr-1BCAEoggI46AdSAnVzWARoRogBAZgBMbgBGcgBD9gBAegBAYgCAagCA7gCmuTXvAbAAgHSAiQ3NGM3OTk4Ni0yY2UyLTQ1NGYtOGQwZS1lZTU4ZTdhMDAwZTHYAgXgAgE&sid=735f077cb553f5b5fb1805efac5f4fa0&aid=304142&ucfs=1&arphpl=1&checkin=2025-04-01&checkout=2025-04-08&dest_id=-372490&dest_type=city&group_adults=2&req_adults=2&no_rooms=1&group_children=0&req_children=0&hpos=11&hapos=977&sr_order=popularity&srpvid=52a43c0f4b5000e9&srepoch=1737880472&all_sr_blocks=499481001_377071532_0_0_0&highlighted_blocks=499481001_377071532_0_0_0&matching_block_id=499481001_377071532_0_0_0&sr_pri_blocks=499481001_377071532_0_0_0__201368&from=searchresults
Barcelona City Hotel,"Eixample, Barcelona",https://www.booking.com/hotel/es/barcelona-city-universal.html?label=gen173nr-1BCAEoggI46AdSAnVzWARoRogBAZgBMbgBGcgBD9gBAegBAYgCAagCA7gCmuTXvAbAAgHSAiQ3NGM3OTk4Ni0yY2UyLTQ1NGYtOGQwZS1lZTU4ZTdhMDAwZTHYAgXgAgE&sid=735f077cb553f5b5fb1805efac5f4fa0&aid=304142&ucfs=1&arphpl=1&checkin=2025-04-01&checkout=2025-04-08&dest_id=-372490&dest_type=city&group_adults=2&req_adults=2&no_rooms=1&group_children=0&req_children=0&hpos=12&hapos=978&sr_order=popularity&srpvid=52a43c0f4b5000e9&srepoch=1737880472&all_sr_blocks=18989007_373328653_2_2_0&highlighted_blocks=18989007_373328653_2_2_0&matching_block_id=18989007_373328653_2_2_0&sr_pri_blocks=18989007_373328653_2_2_0__307249&from=searchresults
Ella Hostel Ramblas,"Ciutat Vella, Barcelona",https://www.booking.com/hotel/es/ella-hostel-ramblas.html?label=gen173nr-1BCAEoggI46AdSAnVzWARoRogBAZgBMbgBGcgBD9gBAegBAYgCAagCA7gCmuTXvAbAAgHSAiQ3NGM3OTk4Ni0yY2UyLTQ1NGYtOGQwZS1lZTU4ZTdhMDAwZTHYAgXgAgE&sid=735f077cb553f5b5fb1805efac5f4fa0&aid=304142&ucfs=1&arphpl=1&checkin=2025-04-01&checkout=2025-04-08&dest_id=-372490&dest_type=city&group_adults=2&req_adults=2&no_rooms=1&group_children=0&req_children=0&hpos=13&hapos=979&sr_order=popularity&srpvid=52a43c0f4b5000e9&srepoch=1737880472&all_sr_blocks=836938705_349389997_0_0_0&highlighted_blocks=836938705_349389997_0_0_0&matching_block_id=836938705_349389997_0_0_0&sr_pri_blocks=836938705_349389997_0_0_0__113530&from=searchresults
Stay Barcelona Maragall,"Horta-Guinardó, Barcelona",https://www.booking.com/hotel/es/stay-barcelona-maragall-barcelona.html?label=gen173nr-1BCAEoggI46AdSAnVzWARoRogBAZgBMbgBGcgBD9gBAegBAYgCAagCA7gCmuTXvAbAAgHSAiQ3NGM3OTk4Ni0yY2UyLTQ1NGYtOGQwZS1lZTU4ZTdhMDAwZTHYAgXgAgE&sid=735f077cb553f5b5fb1805efac5f4fa0&aid=304142&ucfs=1&arphpl=1&checkin=2025-04-01&checkout=2025-04-08&dest_id=-372490&dest_type=city&group_adults=2&req_adults=2&no_rooms=1&group_children=0&req_children=0&hpos=14&hapos=980&sr_order=popularity&srpvid=52a43c0f4b5000e9&srepoch=1737880472&all_sr_blocks=441269501_365584955_2_0_0&highlighted_blocks=441269501_365584955_2_0_0&matching_block_id=441269501_365584955_2_0_0&sr_pri_blocks=441269501_365584955_2_0_0__127082&from=searchresults
Le Palacete powered by Sonder,"Gràcia, Barcelona",https://www.booking.com/hotel/es/le-palacete.html?label=gen173nr-1BCAEoggI46AdSAnVzWARoRogBAZgBMbgBGcgBD9gBAegBAYgCAagCA7gCmuTXvAbAAgHSAiQ3NGM3OTk4Ni0yY2UyLTQ1NGYtOGQwZS1lZTU4ZTdhMDAwZTHYAgXgAgE&sid=735f077cb553f5b5fb1805efac5f4fa0&aid=304142&ucfs=1&arphpl=1&checkin=2025-04-01&checkout=2025-04-08&dest_id=-372490&dest_type=city&group_adults=2&req_adults=2&no_rooms=1&group_children=0&req_children=0&hpos=15&hapos=981&sr_order=popularity&srpvid=52a43c0f4b5000e9&srepoch=1737880472&all_sr_blocks=185948714_91999768_2_0_0&highlighted_blocks=185948714_91999768_2_0_0&matching_block_id=185948714_91999768_2_0_0&sr_pri_blocks=185948714_91999768_2_0_0__170831&from=searchresults
HA Diputació terrace apartment,"Eixample, Barcelona",https://www.booking.com/hotel/es/sunny-and-well-located-apartment-near-plaza-espana-ideal-for-groups-barcelona.html?label=gen173nr-1BCAEoggI46AdSAnVzWARoRogBAZgBMbgBGcgBD9gBAegBAYgCAagCA7gCmuTXvAbAAgHSAiQ3NGM3OTk4Ni0yY2UyLTQ1NGYtOGQwZS1lZTU4ZTdhMDAwZTHYAgXgAgE&sid=735f077cb553f5b5fb1805efac5f4fa0&aid=304142&ucfs=1&arphpl=1&checkin=2025-04-01&checkout=2025-04-08&dest_id=-372490&dest_type=city&group_adults=2&req_adults=2&no_rooms=1&group_children=0&req_children=0&hpos=16&hapos=982&sr_order=popularity&srpvid=52a43c0f4b5000e9&srepoch=1737880472&all_sr_blocks=731005201_370953246_5_0_0&highlighted_blocks=731005201_370953246_5_0_0&matching_block_id=731005201_370953246_5_0_0&sr_pri_blocks=731005201_370953246_5_0_0__196812&from=searchresults
Casa Cosi - Casanova 7,"Eixample, Barcelona",https://www.booking.com/hotel/es/casa-cosi-casanova-7.html?label=gen173nr-1BCAEoggI46AdSAnVzWARoRogBAZgBMbgBGcgBD9gBAegBAYgCAagCA7gCmuTXvAbAAgHSAiQ3NGM3OTk4Ni0yY2UyLTQ1NGYtOGQwZS1lZTU4ZTdhMDAwZTHYAgXgAgE&sid=735f077cb553f5b5fb1805efac5f4fa0&aid=304142&ucfs=1&arphpl=1&checkin=2025-04-01&checkout=2025-04-08&dest_id=-372490&dest_type=city&group_adults=2&req_adults=2&no_rooms=1&group_children=0&req_children=0&hpos=17&hapos=983&sr_order=popularity&srpvid=52a43c0f4b5000e9&srepoch=1737880472&all_sr_blocks=814045502_362247079_0_0_0&highlighted_blocks=814045502_362247079_0_0_0&matching_block_id=814045502_362247079_0_0_0&sr_pri_blocks=814045502_362247079_0_0_0__291414&from=searchresults
En Casa de Calders 5,"Ciutat Vella, Barcelona",https://www.booking.com/hotel/es/sealona-born-apartments-barcelona.html?label=gen173nr-1BCAEoggI46AdSAnVzWARoRogBAZgBMbgBGcgBD9gBAegBAYgCAagCA7gCmuTXvAbAAgHSAiQ3NGM3OTk4Ni0yY2UyLTQ1NGYtOGQwZS1lZTU4ZTdhMDAwZTHYAgXgAgE&sid=735f077cb553f5b5fb1805efac5f4fa0&aid=304142&ucfs=1&arphpl=1&checkin=2025-04-01&checkout=2025-04-08&dest_id=-372490&dest_type=city&group_adults=2&req_adults=2&no_rooms=1&group_children=0&req_children=0&hpos=18&hapos=984&sr_order=popularity&srpvid=52a43c0f4b5000e9&srepoch=1737880472&all_sr_blocks=564989201_405214704_2_0_0&highlighted_blocks=564989201_405214704_2_0_0&matching_block_id=564989201_405214704_2_0_0&sr_pri_blocks=564989201_405214704_2_0_0__169680&from=searchresults
Melia Barcelona Sarriá,"Les Corts, Barcelona",https://www.booking.com/hotel/es/melia-barcelona-sarria.html?label=gen173nr-1BCAEoggI46AdSAnVzWARoRogBAZgBMbgBGcgBD9gBAegBAYgCAagCA7gCmuTXvAbAAgHSAiQ3NGM3OTk4Ni0yY2UyLTQ1NGYtOGQwZS1lZTU4ZTdhMDAwZTHYAgXgAgE&sid=735f077cb553f5b5fb1805efac5f4fa0&aid=304142&ucfs=1&arphpl=1&checkin=2025-04-01&checkout=2025-04-08&dest_id=-372490&dest_type=city&group_adults=2&req_adults=2&no_rooms=1&group_children=0&req_children=0&hpos=19&hapos=985&sr_order=popularity&srpvid=52a43c0f4b5000e9&srepoch=1737880472&all_sr_blocks=9048013_91988994_2_2_0&highlighted_blocks=9048013_91988994_2_2_0&matching_block_id=9048013_91988994_2_2_0&sr_pri_blocks=9048013_91988994_2_2_0__263450&from_sustainable_property_sr=1&from=searchresults
Private rooms Born neighborhood,"Ciutat Vella, Barcelona",https://www.booking.com/hotel/es/private-rooms-born-neighborhood.html?label=gen173nr-1BCAEoggI46AdSAnVzWARoRogBAZgBMbgBGcgBD9gBAegBAYgCAagCA7gCmuTXvAbAAgHSAiQ3NGM3OTk4Ni0yY2UyLTQ1NGYtOGQwZS1lZTU4ZTdhMDAwZTHYAgXgAgE&sid=735f077cb553f5b5fb1805efac5f4fa0&aid=304142&ucfs=1&arphpl=1&checkin=2025-04-01&checkout=2025-04-08&dest_id=-372490&dest_type=city&group_adults=2&req_adults=2&no_rooms=1&group_children=0&req_children=0&hpos=20&hapos=986&sr_order=popularity&srpvid=52a43c0f4b5000e9&srepoch=1737880472&all_sr_blocks=1253445403_406260554_2_0_0&highlighted_blocks=1253445403_406260554_2_0_0&matching_block_id=1253445403_406260554_2_0_0&sr_pri_blocks=1253445403_406260554_2_0_0__97270&from=searchresults
Barcelona City North Hostal,"Sarrià-St. Gervasi, Barcelona",https://www.booking.com/hotel/es/barcelona-city-north.html?label=gen173nr-1BCAEoggI46AdSAnVzWARoRogBAZgBMbgBGcgBD9gBAegBAYgCAagCA7gCmuTXvAbAAgHSAiQ3NGM3OTk4Ni0yY2UyLTQ1NGYtOGQwZS1lZTU4ZTdhMDAwZTHYAgXgAgE&sid=735f077cb553f5b5fb1805efac5f4fa0&aid=304142&ucfs=1&arphpl=1&checkin=2025-04-01&checkout=2025-04-08&dest_id=-372490&dest_type=city&group_adults=2&req_adults=2&no_rooms=1&group_children=0&req_children=0&hpos=21&hapos=987&sr_order=popularity&srpvid=52a43c0f4b5000e9&srepoch=1737880472&all_sr_blocks=9397708_310967931_2_2_0&highlighted_blocks=9397708_310967931_2_2_0&matching_block_id=9397708_310967931_2_2_0&sr_pri_blocks=9397708_310967931_2_2_0__237593&from=searchresults
Canela Homes BARCELONA CÒRSEGA,"Gràcia, Barcelona",https://www.booking.com/hotel/es/canela-homes-barcelona-corsega.html?label=gen173nr-1BCAEoggI46AdSAnVzWARoRogBAZgBMbgBGcgBD9gBAegBAYgCAagCA7gCmuTXvAbAAgHSAiQ3NGM3OTk4Ni0yY2UyLTQ1NGYtOGQwZS1lZTU4ZTdhMDAwZTHYAgXgAgE&sid=735f077cb553f5b5fb1805efac5f4fa0&aid=304142&ucfs=1&arphpl=1&checkin=2025-04-01&checkout=2025-04-08&dest_id=-372490&dest_type=city&group_adults=2&req_adults=2&no_rooms=1&group_children=0&req_children=0&hpos=22&hapos=988&sr_order=popularity&srpvid=52a43c0f4b5000e9&srepoch=1737880472&all_sr_blocks=1076098701_380199638_4_0_0&highlighted_blocks=1076098701_380199638_4_0_0&matching_block_id=1076098701_380199638_4_0_0&sr_pri_blocks=1076098701_380199638_4_0_0__239646&from=searchresults
